// ================================================================================
// CHRONO WORKBENCH - github.com/Concrete-Chrono-Development/chrono-preprocessor
//
// Copyright (c) 2023 
// All rights reserved. 
//
// Use of the code that generated this file is governed by a BSD-style license that
// can be found in the LICENSE file at the top level of the distribution and at
// github.com/Concrete-Chrono-Development/chrono-preprocessor/blob/main/LICENSE
//
// ================================================================================
// Node Data File
// ================================================================================
//
// Data Structure:
// X Y Z 
//
// ================================================================================
35.35533905 35.35533905 200
33.03005219 37.5368576 192.9765472
29.38926315 40.45085144 200
33.03005219 37.5368576 7.023454666
35.35533905 35.35533905 0
29.38926315 40.45085144 0
33.72148514 36.91695404 83.83243561
34.35578918 36.32739639 74.86618042
28.51255035 41.07352448 78.11244965
29.71149254 40.21476364 68.82004547
-0.2476722896 49.99938583 81.77710724
-7.869939804 49.37675476 86.54174805
-0.1258019954 49.9998436 91.35363007
-8.025485992 49.35171127 77.39784241
7.821723461 -49.38441849 0
3.925405502 -49.84567261 8.212080956
-9.800238962e-14 -50 0
-9.800238962e-14 -50 200
3.925405502 -49.84567261 191.7879181
7.821723461 -49.38441849 200
34.2918396 -36.38777161 192.5644531
35.35533905 -35.35533905 200
29.38926315 -40.45085144 200
35.35533905 -35.35533905 0
34.2918396 -36.38777161 7.43555212
29.38926315 -40.45085144 0
33.36746979 37.23723602 54.06218719
28.68413544 40.95388031 59.81374741
33.95640182 36.70099258 62.79570007
45.68366623 -20.32246971 7.7661376
44.5503273 -22.69952583 0
47.55282593 -15.45084953 0
45.68366623 -20.32246971 192.2338562
47.55282593 -15.45084953 200
44.5503273 -22.69952583 200
-47.55282593 15.45084953 200
-48.49026489 12.19403076 193.6794891
-49.38441849 7.821723461 200
-49.38441849 7.821723461 0
-48.49026489 12.19403076 6.320516109
-47.55282593 15.45084953 0
-2.795681477 49.92177963 23.57432556
-9.790583611 49.03207779 28.08042526
-3.443206787 49.88130188 33.84050751
-15.91788101 47.39853287 33.44952011
-15.66562843 47.48250198 23.93107986
-10.31439972 -48.92456436 28.27015114
-12.93456364 -48.29800415 19.67504501
-2.828775883 -49.91991425 23.03795624
-13.24228668 -48.21453857 180.2355499
-10.84383297 -48.80995178 171.6589203
-5.639810085 -49.6809082 177.2479401
37.74599457 -32.79084778 134.1182861
34.86912918 -35.83495331 125.4751053
40.69081879 -29.05610275 128.1299133
31.05375099 -39.18755722 132.9665833
47.9466629 -14.18158531 136.2206726
45.01827621 -21.7567215 139.6413727
45.42814255 -20.88741302 129.824646
-15.53194332 -47.52640152 46.9278717
-13.50326729 -48.14210129 36.38611603
-8.195648193 -49.32374191 42.58065033
-9.463729858 49.09621048 55.9646759
-16.51091385 47.19522858 56.92065048
-10.01506519 48.98671722 64.13478088
7.821723461 49.38441849 200
4.088485241 49.83256149 192.0456696
3.061515885e-15 50 200
3.061515885e-15 50 0
4.088485241 49.83256149 7.95432663
7.821723461 49.38441849 0
-41.61281967 -27.71954727 128.2670288
-46.47953415 -18.42967415 125.9663162
-42.2960434 -26.66542053 120.2849274
-38.11397934 -32.36239624 122.4761505
-14.10719681 -47.96860504 163.6828003
-5.662406921 -49.6783371 163.3161774
-5.53560257 -49.69262695 80.93553925
-6.98118782 -49.51023102 72.25080109
1.404513955 -49.98027039 74.11422729
3.027903557 -49.90823364 82.95974731
-41.50521469 27.88040733 140.5663452
-39.4199295 30.75823593 132.7701569
-44.13360214 23.49946976 133.6648865
-43.81603622 -24.08640289 190.6394348
-41.84227371 -27.37195587 182.8652344
-40.12380981 -29.83420944 191.3192902
-40.13772202 -29.81548691 8.660612106
-42.10616684 -26.96424675 16.77007866
-43.82006454 -24.07907867 9.352448463
20.37201118 45.66159439 44.9742775
19.46163368 46.0569725 35.22372437
11.57545376 48.64163589 42.20700455
26.97792435 42.09740448 40.72654343
-29.63495445 -40.27119827 108.0961914
-34.96826935 -35.7382164 109.1806183
-31.14198303 -39.1174736 101.2784271
-38.64877701 -31.72179031 102.7494888
-36.28491211 -34.40065765 95.16609955
-1.236899137 -49.98469925 101.5302963
-0.3406568468 -49.99884033 91.13221741
6.526554585 -49.57221222 96.26455688
45.08230591 21.62373352 130.9213104
44.88343811 22.03354073 139.673172
48.09411621 13.67318058 136.6494446
34.56926346 -36.12431335 84.61663055
30.48808289 -39.62924194 77.29522705
36.07226181 -34.62357712 76.36412048
22.28014755 44.76153564 66.51551819
14.73139095 -47.78060532 178.579895
6.707849026 -49.54800415 183.5393829
6.297931194 -49.60177612 174.9237823
12.88845634 -48.31032562 170.4600525
6.707849026 -49.54800415 16.46061897
14.9883604 -47.70061874 21.74184036
5.058469296 -49.74346161 24.80060387
12.88845634 -48.31032562 29.53994942
50 -1.224646757e-14 32
50 -1.224646757e-14 40
49.43504715 -7.495075703 36
50 -1.224646757e-14 168
49.43504715 -7.495075703 164
50 -1.224646757e-14 160
50 -1.224646757e-14 72
49.30268097 -8.321387291 70.41101837
50 -1.224646757e-14 64
-22.69952583 44.5503273 0
-29.38926315 40.45085144 0
-28.75108528 40.90690613 8.307881355
-28.75108528 40.90690613 191.6921234
-29.38926315 40.45085144 200
-22.69952583 44.5503273 200
49.68074417 5.641239643 35.85933685
49.68074417 5.641239643 164.1406555
-43.11297226 -25.32334518 63.39522552
-41.53145981 -27.84129906 70.82311249
-45.57361984 -20.56805992 70.33399963
-38.54848099 -31.8435936 64.13719177
-33.21339417 -37.37472916 67.37010956
-30.44233894 -39.66439056 74.38772583
-36.15645981 -34.53564072 75.18578339
-26.94298935 -42.11977386 64.60176849
16.10953712 47.33373642 89.37892914
6.940397739 49.51596451 92.75078583
14.59614563 47.82209396 97.97840118
9.361226082 49.11585617 84.76600647
-49.53676224 6.790379524 61.72221375
-49.97768021 1.493859529 68.61394501
-48.55852509 11.91930103 68.66781616
-42.21419907 -26.79480362 54.33673477
-42.40496826 -26.49185944 44.4369545
-37.7936554 -32.73590851 49.21678543
-32.48372269 -38.01062775 46.13327789
-33.99380493 -36.66635132 54.54573822
-32.47240067 38.020298 150.0767517
-28.73884392 40.91550827 156.9258881
-26.02898788 42.69065094 149.974472
-22.40096283 44.70119476 159.4858551
-26.19650269 42.5880661 166.0457153
-32.71861267 37.80862808 163.5392151
-47.17079544 -16.58059502 93.74170685
-48.90762329 -10.3944397 94.04890442
-47.84995651 -14.50454044 85.09208679
-48.37358093 -12.64898396 102.0318527
-39.85753632 -30.18901634 161.958847
-42.89138031 -25.69687653 157.9120789
-39.29592133 -30.91650772 153.2924652
-37.33298111 33.26031494 86.31789398
-35.03345108 35.67432022 78.95352173
-39.48801041 30.670784 78.82001495
-37.71821213 32.82280731 71.58737946
-36.90634155 33.73310089 157.744751
-39.55993652 30.57795525 151.2720032
-40.68680573 29.06172371 160.8961945
-47.4223175 -15.84688663 111.7408524
-47.80713654 -14.64505672 119.871376
-49.49634171 -7.078997135 117.1366959
-43.07318878 -25.39095116 111.4193497
-38.6623497 -31.70524597 114.292778
-35.79445267 34.91070175 43.3115387
-39.78938675 30.27878189 49.14754868
-33.68877411 36.94680786 49.73801041
-21.10483742 -45.32754135 40.85684967
49.31538773 -8.245749474 118.8693771
49.13402557 -9.265402794 128.3850861
47.4427948 -15.78547192 121.9386368
-42.0297699 -27.08317375 145.5340729
-37.02528763 -33.60250092 145.7456207
-32.60609818 -37.9057045 151.1906891
-31.66809654 -38.69278717 142.1353912
-6.169672966 -49.6178894 34.64952469
50 -1.224646757e-14 176
50 -1.224646757e-14 184
49.39003754 -7.786153793 181.345047
50 -1.224646757e-14 24
49.39003754 -7.786153793 18.65494728
50 -1.224646757e-14 16
-49.22639465 -8.76139164 147.5528259
-48.12085342 -13.57878971 141.7438812
-47.15824127 -16.61626625 148.5173035
19.37167168 -46.09488297 102.8256149
13.90777493 -48.02680206 109.6482391
12.87649345 -48.31351852 102.6786423
7.356532097 -49.45585251 109.5061646
9.505378723 -49.08816147 88.69270325
12.74421692 -48.34857559 80.40293121
-33.73258972 -36.90680695 117.2938919
-45.57640839 -20.56188202 105.4297333
-44.61909103 22.56406021 93.68349457
-42.00826263 27.11652756 87.99160004
-45.68792343 20.31289482 84.93521118
-45.90188599 -19.82465172 177.1109619
-47.53119278 -15.51726913 186.3581848
-48.44831085 -12.35965824 178.9486389
-47.53119278 -15.51726913 13.64181137
-45.56911087 -20.57804871 23.41197968
-48.44831085 -12.35965824 21.05135918
49.40790939 7.671939373 18.81511497
49.40790939 7.671939373 181.1848907
49.18319702 9.000724792 128.9217377
49.32317734 8.199025154 119.9226227
47.49272919 15.63459587 122.9372711
20.21045303 45.73332977 82.58633423
26.5385704 42.3757515 85.92927551
10.37570286 -48.91160202 140.1264954
7.925037384 -49.36794281 149.4261017
0.9928119183 -49.99014282 143.9597168
45.04614639 -21.69895935 60.4333992
47.49822617 -15.61789513 66.43389893
44.69207001 -22.41916084 69.27125549
29.82185936 -40.13298798 141.3044434
23.59854889 -44.08070374 135.8135986
31.89096642 38.50930023 126.0105133
36.07613373 34.61953735 120.9730148
30.02254105 39.98308563 118.7027512
47.53616333 15.50203323 66.71577454
45.25722885 21.2551918 60.52748489
44.84341431 22.11488533 68.87133026
-49.893116 3.26757431 19.26243973
-49.38194275 7.83731842 25.66119576
-48.93460464 10.26667595 19.34900284
-48.93460464 10.26667595 180.651001
-49.38194275 7.83731842 174.3388062
-49.893116 3.26757431 180.7375641
46.30028534 -18.87547874 179.2151489
46.55663681 -18.23402023 170.8395691
48.27506638 -13.01991272 174.2531128
46.55663681 -18.23402023 29.16043854
46.30028534 -18.87547874 20.78485298
48.27506638 -13.01991272 25.74689102
46.54972076 18.25166702 170.7142944
45.9503212 19.7121315 178.9450836
48.44659042 12.36640358 174.0762024
46.54972076 18.25166702 29.28570366
48.44659042 12.36640358 25.92380333
45.9503212 19.7121315 21.05491257
-17.68304634 46.76868439 64.69978333
-45.15744781 -21.46636391 166.9382019
-42.48089981 -26.36993027 174.9762115
-37.2833519 -33.31593704 178.4267883
-38.87699509 -31.44168282 170.0682068
-17.73366737 46.74951172 153.1993866
50 -1.224646757e-14 112
50 -1.224646757e-14 104
49.38201141 7.836889267 105.2428818
21.49458504 45.1440239 116.304039
12.95560932 48.29236221 114.1882401
15.6646328 47.48283005 121.9611206
21.96909714 44.91501617 125.6450729
18.1770649 46.5789032 140
18.00474739 46.64578247 131.9515839
10.03922653 48.98176956 136.88974
11.58091545 48.6403389 127.9817734
-29.52859497 -40.34925079 162.7633362
-23.09778023 -44.34515381 162.1667175
-28.18824768 -41.29676437 169.0146027
-22.44989777 -44.67663956 171.1049194
-25.49989128 -43.00878525 178.4771423
-31.90758324 -38.49553299 176.9630737
-19.37273979 46.09443665 178.6186371
-26.37755394 42.47616577 175.0086212
-27.90809822 41.48659897 182.2264252
-22.85020256 44.47323227 186.9994049
-34.13385391 36.53600693 186.3663025
-28.1207428 41.34276199 17.81219101
-34.13864517 36.53153229 13.62769794
-22.85020256 44.47323227 13.00059319
-42.31515884 26.63507843 67.18881989
-45.78989029 20.08198357 66.12478638
-44.55366135 22.69297981 73.95462036
-42.58969498 26.19385147 59.4066925
-15.34271908 47.58782196 114.7454758
-15.4081459 47.56668091 104.7234497
-21.84884453 44.97363663 109.2317963
-26.84067917 42.18504333 113.7491684
-27.7046566 41.62273407 105.4947205
37.84010315 32.6822052 6.864075184
40.45085144 29.38926315 0
40.45085144 29.38926315 200
37.84010315 32.6822052 193.1359253
-49.60612869 6.263535976 127.1085663
-49.99970245 -0.1721690744 134.0072632
-49.55224228 6.676469326 136.3635254
-49.96210861 1.946176767 143.0242157
-47.59695053 15.31438637 102.2355194
-49.37189865 7.900361538 106.4044342
-48.25498199 13.09414768 112.8724136
-15.22203064 47.62656784 79.65724182
-16.88227844 47.0636673 87.20031738
-21.2239399 45.27189255 80.59474945
-18.83848381 46.31534958 72.47988892
-47.83039093 14.56893444 172.6815643
-45.88238907 19.86973381 178.7234497
-44.8907547 22.01862907 169.9235382
-48.43265152 12.4208746 165.7327576
-46.47209167 18.44843102 163.2294464
-47.83039093 14.56893444 27.31842995
-45.88238907 19.86973381 21.27655029
-44.8907547 22.01862907 30.07645798
-46.47209167 18.44843102 36.7705574
-48.43265152 12.4208746 34.2672348
24.07316017 -43.82331467 63.81910324
28.91562271 -40.79076767 58.59006119
30.03368568 -39.97471237 67.92755127
-4.870806694 49.76218796 158.1083374
-3.922954798 49.84586716 165.8983917
3.424132824 49.88261414 159.4145355
-0.2165683508 49.99953079 151.298111
-37.36997604 33.21874237 55.805439
38.40517426 -32.01628494 193.0729523
40.45085144 -29.38926315 200
40.45085144 -29.38926315 0
38.40517426 -32.01628494 6.927041054
-19.67116165 45.96787262 132.7157288
-25.72089005 42.87698364 132.2983551
-23.75958252 43.99411774 139.9997101
-22.49042702 44.65625 123.8260117
-17.92991829 46.67459869 140.3392487
-10.57382393 48.86915588 135.9211426
-41.55156708 -27.8112812 78.45116425
-41.57858276 -27.77087593 86.48622131
-45.31365967 -21.13461876 79.40998077
-37.06304169 -33.56085205 83.08850861
33.0608902 37.50969696 42.2660141
32.89295197 37.6570549 35.30859756
34.89974594 35.80513763 27.26206398
37.08415604 33.53752136 34.97845078
29.29992104 40.51560974 28.9266243
33.0608902 37.50969696 157.7339935
26.97792435 42.09740448 159.2734528
32.89295197 37.6570549 164.6914062
37.08415604 33.53752136 165.0215454
34.89974594 35.80513763 172.7379303
29.29992104 40.51560974 171.0733795
-1.315881252 49.98268127 67.20236969
-0.602288425 49.99637222 60.03742599
-3.017294168 49.90887451 49.90724182
1.061010957 49.98874283 136.8902893
-5.227043152 49.72602844 143.6753845
2.822467327 49.92027283 144.3071899
-10.02717113 48.98424149 109.9033051
-2.379318237 49.94335556 112.8031006
-5.560414314 49.68985748 103.7907333
-9.193432808 49.14754105 118.133667
49.41092682 -7.652481556 104.5647202
43.682621 -24.32752991 122.7593079
44.61491776 -22.57230568 115.8645859
40.48224258 -29.34600639 115.7413635
-47.69824219 -14.995924 75.67797089
-48.68119049 -11.40797138 68.48377228
-49.40854263 -7.667850494 74.88581848
-7.771542072 49.3923378 151.1122437
-13.71162033 48.08317184 146.579361
-11.54588795 48.64866257 157.6532745
9.605513573 49.06866837 67.95728302
3.414298534 49.88328934 74.06790161
11.59992504 48.63580704 77.52107239
16.96685791 47.03324127 71.48843384
-40.87457275 -28.79703712 93.06236267
-43.57892609 -24.51279831 98.6563797
40.99674988 28.62283325 97.18322754
42.15960312 26.88062096 89.47216797
36.26727295 34.4192543 92.36511993
4.994906902 49.74988174 117.5115433
5.049355507 49.74438858 110.0863953
11.24008751 48.72022629 105.1856613
3.913178205 49.84663391 102.6217728
-49.73617554 -5.129620552 42.91892624
-49.2928772 -8.379281044 52.06479645
-49.99972153 0.1668188572 49.45766068
-49.73617554 -5.129620552 157.0810699
-49.99983597 0.1284533292 150.3745117
19.46163368 46.0569725 164.7762756
19.31467247 46.1187973 157.4330902
12.6291914 48.37874985 157.6724396
17.52017784 46.8299408 150.6107178
-23.08614349 -44.35121155 136.2557068
-24.45097542 -43.61364365 144.0289612
-28.24335289 -41.25909424 136.0206451
-25.99888039 -42.70899582 128.9694519
-32.53667831 -37.96530533 130.7455444
-19.52623749 -46.02962112 31.57939911
-25.55620193 -42.97534943 34.71790314
17.83807755 -46.70977402 141.5512848
14.35977173 -47.89360046 133.9416351
7.951361656 -49.3637085 130.3791656
19.99851418 -45.82640457 129.4840088
22.69952583 44.5503273 200
19.87766647 45.87895203 193.2433319
15.45084953 47.55282593 200
15.53768444 47.52452469 188.6259308
23.45242882 44.15861893 187.2265015
19.87766647 45.87895203 6.756663322
22.69952583 44.5503273 0
15.45084953 47.55282593 0
15.53768444 47.52452469 11.3740654
23.45242882 44.15861893 12.77349186
-31.25177574 -39.02981567 24.16781235
-37.15328979 -33.46091843 20.37901688
-30.4586525 -39.65186691 16.83501434
-34.62955475 -36.06652069 12.27717209
-30.5331459 -39.59453201 7.955123901
-23.91697311 -43.90874863 12.39174271
-11.50816536 48.6576004 182.2902985
-10.01974583 48.98575974 175.0240173
-15.56564903 47.51537323 170.3158722
24.41046715 43.63632965 51.73949051
18.43383217 46.4778862 52.54626083
4.57795763 49.78998184 24.01561737
5.755705357 49.66761398 17.28312302
13.45288944 48.15620041 18.98164177
5.755705357 49.66761398 182.7168732
4.57795763 49.78998184 175.9843903
-0.9978457689 49.99004364 176.4104462
13.45288944 48.15620041 181.0183563
-30.25661659 -39.8062439 183.104248
-23.81422043 -43.96456528 187.5327911
-30.52963448 -39.59724045 192.039856
-34.62955475 -36.06652069 187.7228241
4.689342499 49.77961349 130.4347534
-4.951759338 49.75419617 131.1486664
0.2965278625 49.9991188 124.6802139
-31.39578438 38.91407013 43.06332397
-32.78147507 37.75413513 36.43591309
-27.42428398 41.80799866 34.57830048
-24.91549301 43.34994888 40.96465683
31.55784798 38.78275681 92.56916046
24.60232925 43.52844238 93.26506042
-37.57897568 32.98212433 180.6907043
-39.23822784 30.98970032 189.9194794
-7.821723461 -49.38441849 0
-9.385169029 -49.11128616 7.11106205
-15.45084953 -47.55282593 0
-16.87197113 -47.06736374 10.45012283
-15.45084953 -47.55282593 200
-9.373291969 -49.11355591 192.8956146
-7.821723461 -49.38441849 200
-16.61847878 -47.15746307 189.6909485
-39.23858261 30.98925018 10.07956886
-37.40097809 33.18383408 19.22993469
26.19197464 42.59085083 193.3135834
26.19197464 42.59085083 6.686410427
-12.27286148 48.47037125 71.26205444
-49.97567368 -1.559547544 89.32800293
-49.93660355 -2.517101526 97.20481873
-49.84125137 3.981170177 99.44477844
-49.7979393 4.490592957 92.51378632
30.42020607 39.68136978 151.9269867
30.42020607 39.68136978 48.07301331
46.06048965 -19.45331192 87.87502289
45.32023621 -21.12051201 97.9384079
42.63512421 -26.11984253 88.90408325
40.82928467 -28.86121368 95.94849396
17.21472359 -46.94308472 159.6360626
23.4693222 -44.14964294 156.9239502
23.24115181 -44.27017975 167.095459
29.16467285 -40.61307526 159.9801941
16.74719429 -47.11190414 150.4711609
22.73466682 -44.53240204 150.1912842
23.24115181 -44.27017975 32.90454102
23.4693222 -44.14964294 43.07604599
17.21472359 -46.94308472 40.36394119
29.16467285 -40.61307526 40.01980591
16.74719429 -47.11190414 49.52884293
22.71188736 -44.54402542 49.80907059
-49.19320297 -8.94589138 110.0587082
-49.81548309 -4.291574001 104.3381271
-35.38557053 -35.32508087 39.12360764
-31.1334877 -39.12423706 39.35892487
-32.36568451 -38.11118698 32.67071533
35.45331955 -35.25708771 41.25085449
32.8680954 -37.6787529 34.38504028
38.020298 -32.47240067 33.79738617
37.18465042 -33.42606735 24.70529556
31.07699203 -39.16912842 27.4091835
32.8680954 -37.6787529 165.6149597
35.45331955 -35.25708771 158.7491455
38.020298 -32.47240067 166.2026215
37.18465042 -33.42606735 175.2947083
31.07699203 -39.16912842 172.5908203
15.45084953 -47.55282593 0
11.7443819 -48.60112762 7.366623878
11.7443819 -48.60112762 192.6333771
15.45084953 -47.55282593 200
-45.50756836 20.71379471 139.556427
-47.78132629 14.72904682 144.4812775
-45.09024429 21.6071701 146.2757721
-46.7589035 17.70889473 133.4578094
-37.21670914 -33.3903656 129.7398376
-39.76564407 -30.3099575 136.2124023
6.714669228 49.54708099 153.4747467
9.968980789 48.99611664 147.4313507
37.84865189 32.67230225 103.0928421
37.98479843 32.51391983 111.2730179
41.60917664 27.72501564 107.0268326
7.841469765 49.38128662 48.14126587
3.851003408 49.85147858 41.52275085
-29.53331375 40.34579849 56.12673569
-33.5387764 37.08302307 61.20835114
-35.35533905 35.35533905 0
-34.60367584 36.09135056 7.203491688
-34.60349274 36.09152603 192.7963867
-35.35533905 35.35533905 200
-43.88013077 23.96943855 154.7080536
-46.39606857 18.63879585 154.8998413
-46.39606857 18.63879585 45.10015869
-45.09024429 21.6071701 53.72422409
-43.74691391 24.21171951 45.24008179
-16.10482788 47.33534241 163.1078796
-33.87387085 -36.77717972 169.6379089
-48.12416077 13.56706238 122.5690994
-49.4466362 7.418230057 118.8171005
-49.98033905 1.401987076 119.961113
34.51584244 -36.17535782 140.7720642
39.8465004 -30.20358086 140.4078217
34.82750702 -35.87540436 147.9756927
39.25305176 -30.97092056 147.7171936
-49.68112946 -5.637850761 35.9284668
-48.14484024 -13.49348927 39.23580933
-48.76076508 -11.06290817 30.69391441
36.21325302 34.47608185 134.8054047
29.65416908 40.25705338 133.3167419
32.08789444 38.34536743 139.3768768
24.58643341 43.53742218 139.9838257
-30.00831795 39.99375916 143.5936127
-37.3960228 33.18941879 145.4030609
-34.24243546 36.43426514 138.9706573
-25.27702141 -43.14014435 152.6613464
-19.60347939 -45.99677658 156.0748749
-13.71266937 -48.0828743 153.9253387
34.48794556 -36.20195389 59.20557404
36.49757385 -34.17494583 65.87100983
40.5220871 -29.29096413 59.56741333
34.89226913 -35.81241989 52.02664566
39.25305176 -30.97092056 52.2828064
45.23480606 -21.3028698 107.2493896
42.16379929 -26.87404251 102.818306
-21.71673203 -45.03757858 119.21035
-27.76270676 -41.58403778 120.9944687
-18.63685989 -46.39684677 125.5668335
-15.83364296 -47.42674255 132.2556763
22.42577553 44.68875122 74.12830353
45.19723129 21.3824749 108
47.72498703 14.9105835 105.8011627
45.44858551 20.84288788 99.23430634
48.3909874 12.58222389 98.92208862
46.38238144 18.6728363 115.4213943
48.68959808 11.37203407 112.3484344
44.5503273 22.69952583 200
42.57545853 26.21698189 193.9168091
45.77968597 20.10523224 190.1176605
41.00926208 28.60490227 187.3264923
42.57545853 26.21698189 6.08318758
44.5503273 22.69952583 0
45.77968597 20.10523224 9.882336617
41.00926208 28.60490227 12.67350101
-48.95949554 10.14730358 96.93359375
-48.94169617 10.23280144 90.02571869
-48.3810463 12.62039185 41.42563248
-49.52382278 6.884100914 37.81476593
-49.59842682 6.324253559 45.22190475
-48.3810463 12.62039185 158.5743713
-49.52382278 6.884100914 162.1852417
-49.59842682 6.324253559 154.7780914
19.96678734 -45.84023666 15.86077404
21.61348152 -45.08721924 22.7671814
27.64287376 -41.66379166 19.98425865
26.4313488 -42.44271088 11.79528236
21.61348152 -45.08721924 177.2328186
19.96218491 -45.84224319 184.1389618
27.64287376 -41.66379166 180.0157471
26.4313488 -42.44271088 188.2047119
-28.82338142 -40.85599899 57.71246338
-22.89884567 -44.44820404 56.3879776
-45.46588516 -20.80512619 39.89506531
-46.89953232 -17.33302498 45.58119583
-45.15744781 -21.46636391 33.06179047
-41.12512207 -28.43807602 36.09660721
49.48638916 -7.148239613 137.1961365
50 -1.224646757e-14 136
50 -1.224646757e-14 144
49.12567902 -9.309541702 144.1299591
49.47457123 7.229590893 63.79320145
49.3861351 7.810867786 71.29281616
11.62489796 -48.62984467 44.49489594
8.509084702 -49.2706337 38.08610535
7.925037384 -49.36794281 50.57390594
11.62489796 -48.62984467 155.5051117
8.843167305 -49.2117691 162.274826
22.06552696 -44.86772156 80.67408752
24.64773369 -43.5027504 72.51130676
19.57560349 -46.00864792 69.61534882
42.67193985 -26.05965614 134.3691101
-48.20100403 -13.29147625 5.94124794
-49.38441849 -7.821723461 0
-47.55282593 -15.45084953 0
-49.48275375 -7.17335844 9.503093719
-49.38441849 -7.821723461 200
-48.20100403 -13.29147625 194.0587463
-47.55282593 -15.45084953 200
-49.48275375 -7.17335844 190.4969025
0.5290626287 -49.99720001 182.6249542
-4.460443497 -49.80064774 187.936554
-0.5402045846 -49.99708176 17.35869789
-4.460443497 -49.80064774 12.063447
47.28556061 -16.25041389 143.6845245
45.25720596 -21.2552433 148.4445648
-38.24880981 32.20292664 63.56677246
-40.02590942 29.96542358 93.17880249
-33.72519684 36.91355896 92.1324234
42.05814362 -27.03909302 162.2115784
40.48177719 -29.34664536 155.1851044
44.90150833 -21.99669266 157.5955505
42.05814362 -27.03909302 37.78842163
44.90150833 -21.99669266 42.40444946
40.48177719 -29.34664536 44.81489944
-42.36077118 26.56247711 117.9242249
-41.29170609 28.19565392 110.0781403
-44.81642532 22.16952705 114.9382629
50 -1.224646757e-14 80
50 -1.224646757e-14 88
49.55985641 -6.619713306 82.76616669
49.04259491 -9.737760544 89.22663116
49.62081146 6.146132946 51.70180893
50 -1.224646757e-14 56
50 -1.224646757e-14 48
47.59605789 -15.31715679 105.2282257
48.4068222 -12.52116489 98.68171692
48.75932312 -11.06925774 111.3931427
49.57041168 6.54019928 82.92050934
48.98069382 10.04447937 89.15829468
-42.70264053 -26.00931549 24.00602341
-39.50563812 -30.64807701 28.2532444
-48.29906845 12.93058968 151.2434998
-47.78632355 14.71282864 55.76008606
-48.29906845 12.93058968 48.75649643
-35.13263321 -35.57665253 136.8478241
49.61661911 -6.179888248 51.58841324
48.89812469 -10.43903065 57.29767609
-20.75790596 -45.4874649 64.8015213
-45.53440475 -20.65472984 87.5977478
31.82217407 -38.56616592 100
32.55013275 -37.9537735 108.4475632
26.48180962 -42.41124344 104.7731628
26.82284737 -42.19638443 110.3052521
25.68475151 -42.89864349 98.3165741
-20.85270882 -45.44408035 194.3631439
-22.69952583 -44.5503273 200
-21.00676727 -45.37307358 5.590238571
-22.69952583 -44.5503273 0
-46.65353394 -17.98465347 63.90282059
21.98787117 -44.90583038 6.965900898
16.8613739 -47.07115936 10.38408375
21.98787117 -44.90583038 193.0341034
16.8613739 -47.07115936 189.615921
33.37273407 37.23252106 182.0160675
38.26955795 32.17826843 181.9108887
40.49401474 29.32976151 175.8652802
38.26955795 32.17826843 18.08910561
33.37273407 37.23252106 17.98393822
40.49401474 29.32976151 24.13472366
-45.37202072 -21.00903702 51.81664276
-20.50001335 -45.60427094 18.27878571
-38.51705933 -31.8815937 57.35182571
47.41312027 15.87438107 143.5439758
49.17129898 9.065505028 144.4531403
45.44971085 20.84043884 148.2147827
-40.73443985 28.99491882 37.67747116
-37.0274353 33.6001358 35.8917923
-40.26967621 29.63702393 30.23096657
-35.82091141 34.88355255 26.05269432
-48.54277802 -11.98327351 46.17135239
-29.7202549 40.2082901 76.47299194
-32.71357727 37.81298447 85.16065216
-28.22618294 41.27084351 89.39186096
-44.5503273 22.69952583 0
-42.91693878 25.65416718 6.071604252
-40.45085144 29.38926315 0
-42.91693878 25.65416718 193.9283905
-44.5503273 22.69952583 200
-40.45085144 29.38926315 200
49.50366211 -7.027620316 63.46181107
49.473629 7.236019135 137.1242981
35.3239212 -35.38673019 93.20509338
39.11212158 -31.14871025 88.46359253
41.9249115 -27.24521446 82.91682434
-1.445544004 49.97909927 98.18659973
-10.09195995 48.97093201 95.40363312
-46.32582855 18.81269455 109.4756546
-44.59583282 22.60999298 103.9454498
-49.6504631 5.901831627 85.50896454
-48.57955551 11.83329582 78.35631561
-49.83697891 4.034305096 78.84344482
-49.88503647 -3.388691664 81.49556732
36.84835052 -33.79643631 113.093956
31.94622612 -38.46347046 117.2664795
38.08945084 -32.39125824 106.7389526
30.6006546 -39.54238129 46.75941086
30.6006546 -39.54238129 153.2405853
-46.623909 18.06131935 6.333462238
-44.86871338 22.0635128 11.6889925
-46.623909 18.06131935 193.6665344
-44.86871338 22.0635128 188.3110046
-5.470159054 -49.69987106 148.800827
-6.384785175 -49.59067154 156.4122772
-0.7783796787 -49.99394226 157.1499176
12.92051315 48.30176163 164.5895081
12.92051315 48.30176163 35.41049576
-1.982106805 49.96069717 74.08983612
-47.76688385 14.77582169 62.46883392
-45.17533875 -21.42869186 183.7594299
-44.75101852 -22.30125999 16.36452484
50 -1.224646757e-14 0
49.53393173 6.810993195 6.852216721
50 -1.224646757e-14 8
49.38441849 7.821723461 0
50 -1.224646757e-14 192
49.53393173 6.810993195 193.1477814
50 -1.224646757e-14 200
49.38441849 7.821723461 200
-47.00769043 17.03751373 94.03794098
11.06876945 -48.75943375 61.29992676
12.25030613 -48.47607803 55.25814438
17.4964695 -46.83880615 58.40444946
42.32784653 26.61490822 181.2876892
42.32784653 26.61490822 18.71231651
-49.9624176 1.938293576 55.52203751
-49.99726105 0.5235009789 62.01334381
-5.754668236 49.66773224 182.9013519
-28.6660881 -40.96651459 114.2376633
-45.61904144 -20.46712303 117.2555161
-40.27706528 29.62697792 169.7595215
-37.52099609 33.048069 164.5205688
-35.17260742 35.53713226 174.0373688
23.55986786 44.10139084 169.9290924
19.28357697 46.13180923 174.9049835
25.26952744 43.14453506 178.4090118
19.28357697 46.13180923 25.09501266
23.55986786 44.10139084 30.07090759
25.26952744 43.14453506 21.59099007
-18.02665138 46.63732147 17.33733368
-12.4176712 48.43347549 17.5023632
-15.38391495 47.57452393 9.666324615
-22.73716545 44.53112793 7.001451492
-15.45084953 47.55282593 0
-15.45084953 47.55282593 200
-22.56595039 44.61813354 193.0180664
-15.28217793 47.6072998 190.769989
-9.597680092 -49.07020187 13.28409481
-9.872442245 -49.01565933 186.501297
19.67778015 45.96504211 18.27786636
19.67778015 45.96504211 181.7221375
27.29645348 41.89157104 101.12883
30.50536728 39.61594009 109.0755157
32.48355484 38.01077271 100
23.34201241 44.21708298 107.1793671
21.46026993 45.16034698 99.93080902
40.66402817 29.09358788 128.5898895
44.75094986 22.30140114 123.6916199
43.07911682 25.3808918 118.2741089
-31.07095718 39.17391586 170.0028229
-22.33010864 44.7366333 90.57025909
-15.97327232 47.37989807 95.23182678
-23.67596054 44.03917313 98.29302216
-19.64307976 -45.97988129 182.219696
42.66055679 26.07828331 134.4434204
40.89976883 28.76124001 140.5299377
-33.52292252 -37.09735489 124.0813522
-49.80801392 -4.377429008 21.1426754
-49.78149796 -4.66933012 27.92704201
-49.97782135 1.489084005 32.28068161
-49.77398682 -4.748725891 172.2144928
-49.80801392 -4.377429008 178.8573303
-48.78896332 -10.93787003 169.3050079
-49.97782135 1.489084005 167.7193146
-49.76246643 -4.867953777 164.3158112
49.54608536 -6.722014427 193.2359467
49.38441849 -7.821723461 200
49.54608536 -6.722014427 6.764050961
49.38441849 -7.821723461 0
17.37450027 46.88418579 109.1671066
34.7123909 35.98680115 115.1340485
10.03610134 -48.98241043 121.7635574
10.93887711 -48.78873825 115.2088699
17.62944794 -46.78891373 117.2166443
35.12154388 -35.58760071 182.8348694
39.62341309 -30.49565887 182.7174835
40.91088104 -28.74543381 176.2709198
39.62341309 -30.49565887 17.28251076
35.12154388 -35.58760071 17.1651268
40.91088104 -28.74543381 23.72907448
28.26444817 -41.24464798 83.89233398
-24.8081665 -43.41146088 70.90287781
-19.98396492 -45.83275223 71.51491547
39.42014313 -30.75796127 121.9491501
-10.6507864 48.85243988 49.3582077
-8.802131653 49.21912766 42.28413391
-14.27865314 47.91784668 40.59192657
-16.76700592 47.1048584 47.04926682
-9.654268265 49.05909729 34.81389999
49.53186417 6.826006413 95.33730316
50 -1.224646757e-14 96
2.525956869 49.93615341 169.8644867
9.060862541 49.17215347 169.6379089
-21.82459641 44.98540878 170.5800171
14.78038025 -47.76547241 126.9574585
-40.63536072 29.13361359 126.0174484
-44.2374649 23.30336571 125.2428055
-38.24560547 32.2067337 121.2290268
4.054106236 49.83537292 54.72299194
4.947830677 49.75458908 60.74850464
11.32140732 48.70139313 52.57216644
-14.4128561 -47.87765121 67.53795624
-7.075077057 -49.49690247 64.06656647
-13.17481422 -48.23302078 60.85123825
-21.48154259 45.15023041 29.60354233
-27.27933121 41.90272141 25.33385086
-6.055472374 -49.63195801 141.9141541
-1.367207766 -49.98130417 137.7054596
-24.32566261 43.6836586 61.8131218
-29.39112663 40.44949341 67.7933197
-23.73718452 44.00620651 68.50154114
29.20960808 40.58076859 13.89884567
29.20960808 40.58076859 186.1011505
-28.78673363 40.88182831 95.46212769
-32.75399399 37.7779808 99.99825287
-34.7480545 -35.95236969 157.236557
47.87825012 -14.41086674 52.20496368
48.73359299 -11.1819849 46.78050232
-1.101599813 -49.98786163 67.94786835
-0.06351537257 -49.99995804 62.41953659
-6.1704669 -49.61779404 57.95090866
-6.029099941 -49.63516998 51.37312317
1.060544133 -49.98875046 54.5267868
-12.62952423 -48.37866211 53.23820496
-49.54591751 6.723258972 72.73933411
-29.65312004 -40.25782394 156.8153534
-9.125646591 49.16017151 6.5468297
-7.821723461 49.38441849 0
-9.017512321 49.18012238 193.4925079
-7.821723461 49.38441849 200
49.54377365 -6.739029884 95.30368805
-37.97576523 32.52447128 114.5677185
-34.54482269 36.147686 110.1374741
-32.11370468 38.32375336 119.6569977
13.8039999 -48.05673218 74.05085754
8.521522522 -49.26848602 71.83250427
12.85821247 -48.31838608 66.81599426
-27.33895874 -41.86384201 94.12348938
-26.51073837 -42.3931694 101.3718414
-8.695194244 -49.23813248 99.93817139
-5.620831013 -49.68305969 95.63419342
-6.508880138 -49.57453537 88.99272156
-48.44292068 -12.3807745 154.0348206
13.00938225 48.27790451 25.89810181
8.215542793 49.32043076 30.43613052
13.00938225 48.27790451 174.1018982
-18.32599258 -46.52051163 113.0426941
-15.54734135 -47.52136612 105.6561966
-12.06475258 -48.52259064 111.9027023
6.779774666 -49.53821564 77.66078949
41.74783707 -27.51577759 109.6372986
-21.17494965 -45.29483032 100.2032471
-16.21894646 -47.29636002 96.24700165
43.56798935 24.53223038 25.61860847
43.6125946 24.45284081 32.23423767
43.56798935 24.53223038 174.3813934
43.6125946 24.45284081 167.7657623
-47.07352066 -16.85477638 171.298996
-47.07352066 -16.85477638 28.70100784
-33.20293045 37.38402939 72.28026581
-10.48001862 48.88935852 166.273819
-4.59261179 -49.78863144 170.5534973
1.549314141 -49.9759903 168.0457001
-37.67041397 32.8776474 104.2102966
-43.84612656 -24.03158379 151.1071472
-49.64874268 -5.916282177 62.45624542
-49.73933029 -5.098922729 68.81021118
-5.379594326 -49.70975876 122.0844193
0.1225586236 -49.99985123 128.188324
-7.998990536 -49.35601425 127.871376
0.7588585019 -49.99423981 120.1271439
-49.98797989 -1.09625721 74.68955994
29.8079071 -40.14335251 125.828804
25.32605362 -43.11137772 121.8988571
42.6320076 -26.12492752 5.310149193
41.93773651 -27.2254715 11.78515053
42.6320076 -26.12492752 194.6898499
41.93773651 -27.2254715 188.2148438
49.61630249 -6.182428837 42.58285522
49.1372261 -9.248402596 157.3605042
50 -1.224646757e-14 152
-48.44910049 -12.35656452 130.3536377
-49.01548386 -9.873314857 124.2653351
21.75733185 -45.01797867 87.50457001
26.63318443 -42.31634903 90.95591736
48.035923 13.87623692 17.61968803
48.53993225 11.99479103 11.57342339
48.035923 13.87623692 182.3803101
48.53993225 11.99479103 188.4265747
6.096307755 -49.62695694 103.1497574
26.34337425 42.49737167 113.1327209
-49.29971695 -8.338934898 15.94869041
-49.29971695 -8.338934898 184.0513153
36.62366867 -34.03978729 99.55778503
-46.86639786 17.42241669 72.86791992
11.94770432 48.55154419 59.13633728
18.1770649 46.5789032 60
-3.277476311 -49.8924675 5.669518471
-3.277476311 -49.8924675 194.3304749
-35.83127213 34.87290955 126.7026367
-31.14016914 39.11891937 128.3803864
23.75616837 43.99596024 133.7250519
6.510983467 49.5742569 123.9056778
-27.28315926 -41.90023041 28.50118065
-22.54874611 -44.62683105 24.90845299
48.72570419 11.21631622 46.68795776
47.91605759 14.28466034 52.15463257
48.98311996 10.03264999 57.48574448
47.69108582 15.01866913 73.25688934
48.67168427 11.44844913 78.44320679
45.15132904 21.47923088 76.43971252
46.75753403 17.71250725 81.70514679
-49.46940613 7.264830112 51.77968216
-49.46940613 7.264830112 148.2203217
42.88625336 -25.70543289 17.8927803
42.88625336 -25.70543289 182.1072235
49.64484406 5.948890209 157.3831787
49.66972351 5.737468719 42.98671722
36.48464584 34.18874741 128.2116394
-49.8443985 3.941544533 194.277298
-50 -1.608142872e-14 200
-50 -1.608142872e-14 0
-49.8443985 3.941544533 5.722694397
46.53071976 18.30005455 88.27674866
47.04190445 16.9428215 94.13040924
47.2359848 16.39395523 157.1249542
44.67278671 22.45755959 157.5649719
45.44971085 20.84043884 51.78521729
47.2359848 16.39395523 42.87504196
44.67278671 22.45755959 42.43502426
-49.93248749 2.597408295 25.57854652
-49.93323517 2.582999706 174.4217224
-42.17791748 26.85187912 15.14779186
-41.52118301 27.8566227 21.29656219
-42.28151321 26.68845367 184.7646637
-41.52118301 27.8566227 178.7034302
12.91742325 -48.30258942 96.15275574
16.44528961 -47.21813583 90.95603943
-29.26409721 -40.54149246 51.82845306
-25.27702141 -43.14014435 47.33864594
-49.31805038 -8.229823112 85.7695694
49.70469284 -5.42620039 76.30123901
48.66578674 -11.47350216 78.01137543
47.49420166 -15.63012886 72.90294647
45.26371002 -21.24138451 76.1739502
46.85684967 -17.4480896 81.35855865
-21.64750099 45.07089615 117.3709946
-30.31342125 39.7630043 136.6153564
-16.73412132 47.11655045 184.9969482
-32.83597946 -37.70674515 61.34023285
47.88273621 -14.39595509 92.75032043
17.41878128 -46.86775208 166.0908661
17.41878128 -46.86775208 33.90914154
4.86520052 -49.76273346 136.0388489
-47.55608749 -15.44080448 165.0493011
47.55282593 15.45084953 0
47.6027832 15.29624653 6.45476532
47.6027832 15.29624653 193.5452423
47.55282593 15.45084953 200
38.63940811 31.73320198 79.81103516
40.34374619 29.53611374 71.32390594
5.936327457 -49.64635086 65.9307785
48.09960175 -13.6538744 17.76060486
48.33887863 -12.78095055 11.83198547
48.09960175 -13.6538744 182.2393951
48.33887863 -12.78095055 188.1680145
-35.28073883 -35.42978287 27.62391472
-27.63498878 41.66902161 82.43463898
-31.92784882 38.47872543 30.14408112
-32.7202301 37.8072319 179.4942017
-16.70401955 -47.12722778 25.67234421
-32.9768219 37.58362961 20.55791855
-20.39979935 -45.64918518 50.62436676
36.8495903 33.79508209 141.1831207
33.99199677 36.66802597 146.1946564
38.47816467 31.92852402 146.3142395
-23.12111092 44.33299255 20.39688492
49.63383484 -6.040056229 149.698349
48.84738922 -10.67391586 152.1229248
-32.71461105 -37.81209183 79.34300232
-32.48266602 -38.01153183 84.85658264
-27.97188187 41.44362259 123.3617172
43.89567566 -23.94095993 25.01716042
43.69850159 -24.29898834 31.54183197
43.89567566 -23.94095993 174.9828339
43.69850159 -24.29898834 168.4581757
42.56411743 26.23539543 146.2153625
40.10578537 29.85843277 153.7148743
42.56411743 26.23539543 53.78464127
41.44862747 27.96446228 59.48032379
38.86099243 31.4614563 53.15565109
40.10578537 29.85843277 46.28512573
36.04887009 34.64792633 187.3470001
36.04887009 34.64792633 12.65300369
13.32690907 -48.19121933 145.5799103
47.64548492 -15.16270638 42.56246185
45.25720596 -21.2552433 51.55542755
47.44831085 -15.76888943 36.15333176
47.48725891 -15.65120316 157.4665527
47.44831085 -15.76888943 163.8466644
-49.81904221 -4.250071526 143.1456909
-49.24917221 -8.632432938 137.1387482
-42.61434174 -26.15373802 105.1435394
-49.98735046 1.124671459 42.01583862
-49.98735046 1.124671459 157.9841614
-42.08940125 -26.99040985 166.934906
-37.3862381 -33.20043945 88.81305695
-25.66678238 -42.90939713 88.20491028
-28.30128098 -41.21938324 80.76406097
-23.35087395 -44.21240234 81.47008514
38.5188446 31.87944031 86.07171631
41.1853447 28.35079002 82.80645752
-35.36485291 -35.3458252 6.015041351
-40.45085144 -29.38926315 0
-35.35533905 -35.35533905 0
-29.38926315 -40.45085144 0
-40.45085144 -29.38926315 200
-35.35697174 -35.35370636 193.9860687
-35.35533905 -35.35533905 200
-29.38926315 -40.45085144 200
-2.92737031 49.91423035 119.1010971
-7.394610405 -49.45017242 133.9063416
-11.90270233 -48.56259537 138.1900024
-17.22401237 -46.93967819 174.4780884
49.66397858 5.786974907 76.96918488
39.78889465 -30.27943039 71.60649109
41.51917267 -27.85961723 65.68114471
-45.59990692 -20.50971603 143.5253143
-45.56135941 -20.59520721 137.3992462
-47.74133682 14.85816002 12.44151592
-47.74133682 14.85816002 187.5584869
-35.7071991 34.99994278 132.7640686
-17.10453224 -46.98334885 140.0027771
-16.79950142 -47.09327698 146.2799835
23.57045937 44.09572983 57.84548569
-12.01023388 48.53611374 124.9142303
-16.35244179 47.25037384 121.1968994
47.64422989 15.16665173 129.2881622
-19.61159325 45.99332047 146.3387299
-43.54671097 24.56998062 80.13422394
47.40192032 -15.90779018 115.5890884
15.96845818 47.38151932 65.5552597
25.93394279 -42.74845505 27.45055962
25.93394279 -42.74845505 172.5494385
-12.87214375 -48.31467438 124.0932159
-10.4295311 -48.9001503 118.3646393
19.97768402 -45.83549118 96.58520508
25.58495712 -42.95823669 129.5314941
42.62034988 -26.14394379 145.4727173
42.62034988 -26.14394379 54.52728653
28.03708839 -41.39953613 6.42249155
22.69952583 -44.5503273 0
22.69952583 -44.5503273 200
28.03708839 -41.39953613 193.5775146
1.919623613 49.96313858 29.10951614
2.866420507 49.91777039 34.61151886
12.10149384 48.51343918 5.259556293
12.10149384 48.51343918 194.740448
-38.25594711 -32.19444656 184.4714355
36.19860077 34.49147034 151.6515656
36.19860077 34.49147034 48.34843826
-44.5503273 -22.69952583 0
-46.18556976 -19.15445328 4.831441879
-46.18556976 -19.15445328 195.1685638
-44.5503273 -22.69952583 200
49.6930275 5.531984329 150.0875854
48.80208588 10.87918091 153.1791382
47.41523361 -15.86806965 60.13435745
-49.08298492 -9.532091141 80.43243408
-5.412497044 -49.70618439 115.6917953
-4.582278728 -49.78958511 109.5159683
0.9386830926 -49.99118805 112.7798157
-49.94963074 -2.24375701 194.2224121
-49.95492935 2.122465849 188.5342102
-49.94963074 -2.24375701 5.777590752
-49.95492935 2.122465849 11.46579266
20.52197647 -45.59439087 123.2918625
-47.676651 -15.06442356 51.4094429
-47.03770828 -16.95446968 57.3446579
24.6988945 43.47372437 148.2582397
29.33675003 40.48895264 144.5565796
-23.02439499 -44.38330078 94.35105133
-18.37610054 -46.50074005 90.10562897
-43.18667984 -25.19743729 139.1401215
49.65395355 5.872382164 12.76854515
49.65395355 5.872382164 187.2314606
49.65233612 5.886041164 27.95179558
49.65233612 5.886041164 172.0482025
-25.76762009 -42.84891891 19.94548798
49.57452774 -6.508923531 12.63414764
49.57452774 -6.508923531 187.3658447
-46.78151703 17.64907265 127.5541382
-44.57605743 -22.64895439 132.0414886
-38.57115936 -31.81612396 14.38090706
39.67781067 30.42485046 116.903511
31.70669746 -38.66115952 186.0884094
31.70669746 -38.66115952 13.91159534
27.43611526 41.80023575 126.2049866
49.48202133 -7.178413868 27.8794117
49.48202133 -7.178413868 172.1205902
27.21166611 41.94669724 34.55823898
27.21166611 41.94669724 165.4417572
18.51375389 -46.44610596 27.85842133
18.51375389 -46.44610596 172.1415863
-49.51509476 6.946611881 168.2718811
-49.51509476 6.946611881 31.72812271
0.2398583144 -49.99942398 151.1828156
-3.822205305 -49.85369492 28.97411346
2.595974922 -49.93256378 32.04928207
-37.86678314 32.65128708 137.8161926
16.70372391 -47.12733459 85.43825531
-49.84170151 -3.975531816 57.11647797
-24.42387581 43.62882233 74.70349884
47.67090607 -15.08259583 130.0608063
49.76685333 -4.822906971 124.0594254
50 -1.224646757e-14 120
50 -1.224646757e-14 128
40.21340942 29.71332359 30.27260017
41.62027359 27.70835304 39.15066147
40.21340942 29.71332359 169.7274017
41.62027359 27.70835304 160.8493347
-47.92416 14.25744915 85.16831207
-19.21340561 -46.16107559 166.5432892
-46.20240402 -19.11380959 99.54354858
-13.35988426 48.18208694 130.8752441
0.008716674522 50 106.1648331
47.84516525 -14.52033138 6.045900822
47.84516525 -14.52033138 193.9541016
-37.13058472 -33.48611069 33.10285187
-12.97859764 -48.28619003 74.48590088
-12.12799549 -48.50682068 80.52417755
-19.08524513 -46.21421432 77.59316254
-0.5329850912 -49.99715805 48.75019455
0.4870360792 -49.99762726 42.73286057
30.39280891 39.70235825 22.87685204
30.39280891 39.70235825 177.1231537
23.40277863 -44.18495178 55.78902054
7.240673065 49.47294998 98.91699219
-48.76109314 -11.06145668 57.83864594
-44.05503082 -23.64644432 92.66743469
31.11023712 -39.1427269 93.94184113
42.18479538 26.84107018 76.92797089
-34.62547302 -36.07043839 163.8124695
-6.332993984 49.59730911 125.2914963
23.89935493 -43.91834259 144.1364288
-21.18027496 -45.29233932 106.056839
44.34149551 23.10480118 83.42432404
36.70568848 -33.95132828 152.9186096
35.63898468 -35.06940079 47.01220703
-49.35694504 7.993256092 12.79123402
-49.35694504 7.993256092 187.2087708
-46.45534515 -18.49056244 154.5339661
-47.71198273 -14.95215225 158.9117737
34.09624481 -36.57110977 70.93588257
47.51819611 15.55702972 60.58162689
-42.16394806 26.87380791 53.5228157
-42.16394806 26.87380791 146.4771881
49.67883301 5.658056736 114.3477783
-47.62168503 -15.23729897 135.5798035
-49.89003754 -3.3142488 15.5390358
-49.89003754 -3.3142488 184.460968
7.553887367 -49.42609406 167.8716736
7.553887367 -49.42609406 32.12832642
-18.67355347 -46.38209152 84.11205292
43.33468628 24.94203377 47.82381439
43.33468628 24.94203377 152.1761932
-44.81869125 -22.16494942 57.82853317
40.78598785 -28.9223671 29.76729965
40.78598785 -28.9223671 170.2326965
-46.03569794 19.51190376 59.24947357
-16.16317177 -47.31545258 119.1696243
-41.74906921 27.51390839 73.16791534
5.705325127 49.67342758 80.02951813
14.90348816 47.72720337 47.84952545
4.163602829 49.82634354 86.53757477
36.12527084 34.56826401 68.93530273
39.30638504 30.90320396 65.35592651
21.42302322 45.17802811 88.44335938
-42.63085938 -26.12680626 29.63448715
-42.6320076 -26.12492752 195.5279999
-42.6320076 -26.12492752 4.472002029
42.62835312 26.13088989 112.2613907
17.32705498 46.90174103 77.47066498
19.8517437 45.89017487 94.25457764
49.65009308 -5.90493679 113.2919083
-28.79888535 -40.87327194 147.2221222
19.8129406 45.90694427 144.831604
41.81054306 -27.42040253 76.92584229
28.34766769 -41.18749619 32.68551636
28.34766769 -41.18749619 167.3144836
-2.933196783 49.91389084 39.97161865
-49.87495041 -3.534026623 112.3920593
-49.94974518 2.241184235 111.0387955
-11.1200037 -48.74777603 145.6837769
40.81492615 28.8815155 122.5923462
45.7757988 -20.11408234 185.7160339
45.7757988 -20.11408234 14.2839613
7.943555832 49.36496735 37.48485947
-23.69859123 -44.02700043 113.2040939
5.007140636 -49.74865341 124.8235168
22.90872955 -44.44311142 116.6284332
43.31309128 -24.97951317 47.32064056
43.31309128 -24.97951317 152.6793518
-48.12519455 13.56338787 138.3686981
44.57934189 -22.64249229 83.24100494
38.71988297 -31.63495827 81.73357391
-36.72789383 33.92730331 97.59306335
-39.7865448 30.28251648 100
-10.87541676 48.8029213 101.5762329
-37.72610092 -32.81373596 69.60555267
-9.022271156 49.17924881 12.07652855
-6.135641098 49.62211227 17.04550552
-2.713393927 49.92631912 10.03622437
-9.930841446 49.00386047 187.5848083
-2.713393927 49.92631912 189.9637756
16.9967556 47.02244568 103.5168152
-47.06980896 -16.86514091 34.30805969
13.20319653 -48.22525787 15.51692104
13.20319653 -48.22525787 184.483078
5.867410183 -49.65454102 154.9266205
6.441647053 -49.5833168 44.98178864
6.935378551 -49.51667023 56.54352951
-48.92695999 -10.30304146 160.4324951
-46.53836823 18.28059578 79.21612549
25.75566864 42.85610199 120.2442169
47.41833115 -15.85880852 149.6001282
10.29033089 48.92963409 119.9245377
14.69715309 47.79114532 82.66371155
49.79698181 -4.501170158 131.8798065
-33.91284943 36.74123764 67.03266144
12.72504616 48.35362625 142.3944855
-40.14517975 -29.80544662 108.9794846
-48.44044495 12.39044762 131.6157227
48.44290543 -12.38083172 83.96622467
-3.601613998 49.87011337 195.3073273
-3.611115694 49.86942673 4.695985317
-49.42601395 -7.554421902 99.60176086
-49.388237 7.797569752 142.4328003
-49.97901917 1.448279023 105.2820435
-19.63055611 45.98522949 38.70561981
-22.43097305 44.68614197 46.21033859
-9.920868874 -49.00588226 105.5663147
-43.64286041 -24.39878654 74.62322998
-6.868690968 49.52596283 70.3403244
-45.62610245 -20.45137405 161.4582825
-25.60583878 -42.94579315 41.29870605
47.54559326 15.47308636 149.4183197
-2.021330833 -49.95912552 85.5631485
6.080218792 -49.62893295 116.1826706
16.64595413 47.14776993 30.2479248
16.44364357 47.21870804 169.7735748
-4.653384209 49.7829895 137.8952484
1.513773561 -49.9770813 107.353157
-11.13122272 48.74521255 141.4802856
24.83400536 43.39668274 154.029892
47.46116257 15.73016739 163.6901855
48.59064484 11.78766727 167.8690643
47.46116257 15.73016739 36.30980682
48.59064484 11.78766727 32.13093185
49.79367065 4.537681103 125.095192
37.51251984 -33.05769348 187.4537964
37.51251984 -33.05769348 12.54620743
-20.55940056 -45.57752609 150.3936615
-0.978156209 -49.99043274 37.14677429
-6.294921875 -49.60215759 17.53834343
-6.294921875 -49.60215759 182.4616547
-8.431077957 49.28404236 22.54621124
-20.85937119 45.44102478 103.3184967
48.60117722 -11.74417686 32.08441925
48.60117722 -11.74417686 167.9155731
-32.22917938 -38.2266922 90.84210968
44.89668274 22.00654221 184.1567078
44.89668274 22.00654221 15.84329414
-4.693017483 49.77927017 171.1960449
-21.82210159 44.98661804 56.79603958
-24.56256676 43.55089188 51.94173813
29.73446846 -40.19778061 52.88681412
43.04673767 25.43577003 101.8743286
29.53329849 40.34580994 54.11727524
-43.8875351 23.95588493 24.77136993
-43.8875351 23.95588493 175.2286224
48.80940247 10.84630108 160.0654449
48.78901291 10.93765259 39.94823837
35.12357712 35.58559418 107.2874756
18.5284481 -46.44024658 75.24506378
0.5180456042 -49.99731445 173.6799774
18.49417877 -46.45390701 64.04518127
2.854990959 -49.9184227 162.4752045
-28.39862823 41.15237427 48.09595108
-29.14471054 40.62740326 62.08533859
-38.93636322 31.36812973 175.0249786
-40.02954865 29.96056366 24.91572762
45.34683228 21.06335068 36.87854385
45.34683228 21.06335068 163.12146
-33.10981369 37.46652222 155.7147369
29.75662994 -40.18137741 147.2687225
-43.83122635 24.05875206 164.7139587
-43.83122635 24.05875206 35.28603363
20.51162529 -45.59904861 109.3295364
-45.46954727 20.79711914 99.44615936
-12.20667458 48.48708344 90.13174438
-12.55356407 -48.39842987 86.96704865
44.78835678 22.22618103 93.67689514
-31.44544601 38.87395096 114.041153
48.33696747 12.78818607 84.25543213
37.52696228 33.0412941 40.67485046
37.52696228 33.0412941 159.3251495
-16.63686943 47.15097427 126.6252441
49.82666397 4.159759998 132
45.34724808 -21.06245613 36.76734543
45.34724808 -21.06245613 163.2326508
25.33532906 43.10593033 46.085392
-41.01273346 28.59992409 104.2411575
9.783669472 49.0334549 187.9972839
9.783669472 49.0334549 12.00271511
48.12945175 13.54827404 117.6378403
-5.767295361 49.6662674 91.80168915
42.53061295 26.28967476 64.36197662
31.09338951 -39.15611267 88.77903748
-39.68877792 30.41054153 43.52421188
-49.41955566 7.596549988 112.6711502
12.30681229 48.46176147 152.0343781
-38.8338623 -31.4949379 43.48999786
-26.19319916 -42.59009552 4.095788002
-26.19319916 -42.59009552 195.9042053
-46.08502197 19.39512062 120.6377029
-36.25196457 34.43537521 152.1784515
-39.72095871 -30.36849403 141.5132141
49.67147064 5.722335815 100.2607346
-10.98882961 -48.7775116 93.9983902
-42.89603424 25.6891098 99.31095886
-49.84763336 -3.900422096 121.7228928
-49.83330917 -4.079378128 127.3113785
-19.54448318 46.02187729 51.78777695
-49.99436951 0.7502534986 125.920639
-32.1729126 38.2740593 105.5479889
8.346898079 49.29837036 164.0951843
17.30992699 -46.90806198 194.6127167
17.30992699 -46.90806198 5.387279034
36.78744507 33.86272049 57.80822372
-38.57193756 31.81517792 4.650636673
-38.57193756 31.81517792 195.3493652
49.74409103 5.052270412 58.56219101
-17.81410217 -46.71892166 56.05851746
27.48429871 -41.76856995 115.8310318
0.02016286366 49.99999619 185.0071106
-0.5451089144 49.99702835 15.61925602
36.28352356 34.4021225 97.9826355
32.70210648 -37.82290649 21.67378235
32.70210648 -37.82290649 178.3262177
-10.21225643 -48.9459877 47.76020432
4.236009598 49.82024002 66.61523438
-20.91678047 45.41462708 165.1135406
-49.48790741 -7.137722492 131.9332428
-34.4274025 -36.25953674 182.1737518
-25.37829399 -43.08064651 76.42106628
4.332445621 -41.33547974 0
-38.83758545 14.94440651 0
31.15567398 -27.90876007 0
-38.29961395 -15.68333912 0
20.52071762 16.22981644 0
29.88382721 15.4184103 0
22.79786491 7.967652798 0
5.193325996 25.56850815 0
-3.670696259 23.18226433 0
0.1709309965 33.62649536 0
-33.30966187 -23.39129639 0
-29.22564125 -16.76023674 0
21.86526108 35.68086243 0
41.94953537 -2.871406317 0
-21.61446953 36.06391144 0
0.01758456789 0.004508492537 0
4.597990036 7.101788044 0
8.556619644 -0.4983767569 0
14.00269508 6.03582716 0
15.44739151 -1.062900424 0
13.37225437 -7.96860218 0
-3.880832672 7.35283947 0
2.110089684e-14 14.70567894 0
-8.13007164 14.62334919 0
-12.96032524 21.27527618 0
-11.83087158 7.058004856 0
-13.26932526 -8.217900276 0
-4.483592033 -7.269868851 0
-8.344891548 -14.68863487 0
-0.4983719289 -14.03073978 0
8.622471809 13.27929974 0
-8.236530304 -0.1944049448 0
-15.97214603 -0.0940136537 0
-22.49410439 -35.94906616 0
4.004461765 -7.225353241 0
7.653584003 -14.30600071 0
20.83920097 -36.57016373 0
-42.04051208 -1.9534235 0
-8.786367416 -28.21120834 0
-12.38063049 -21.51009369 0
-3.85212183 -21.49283791 0
25.59339142 27.50424194 0
17.26193047 28.10452843 0
12.8873024 35.2905426 0
-19.05498505 -13.19009686 0
-20.99225426 -6.612942696 0
-23.9724369 1.091192722 0
-28.6869278 -6.929969311 0
-16.67348289 13.39909172 0
-20.75049591 21.10832214 0
-21.97872734 8.952483177 0
-29.01118469 7.586792469 0
15.45461559 -15.77319622 0
20.39230347 -10.95971203 0
10.23466969 -22.01959991 0
18.9609642 -22.65517807 0
-17.40758324 27.97246552 0
-25.95241165 27.88645744 0
-13.14414597 34.71896362 0
32.8660202 -2.895830154 0
36.89761734 4.055521965 0
36.72704315 -10.23641682 0
27.71164894 -9.675185204 0
25.68783379 -2.213059187 0
15.2522707 -29.43092918 0
22.57538223 -29.91682053 0
11.13233948 -36.47919464 0
-33.02359009 -0.002085483167 0
-36.90509033 -6.532859325 0
-37.52537918 6.725754261 0
31.01371765 8.197968483 0
38.20215607 12.88318539 0
-6.889647484 30.98204994 0
-5.864695072 39.88729095 0
7.597306252 -29.28802681 0
2.117339134 -25.4007225 0
-1.018281341 -33.58589172 0
-17.33718872 -28.13291359 0
-13.1836319 -34.55607224 0
-26.09771919 -27.92704391 0
-21.08068085 -20.64400291 0
28.76411247 33.49082947 0
16.78191566 40.83353043 0
-42.82418442 -10.28117752 0
28.40989876 -33.63258362 0
-42.89806747 9.743723869 0
10.79905987 -42.64272308 0
-15.36463547 -41.17891693 0
-7.641030312 -39.81874466 0
43.3657341 8.540948868 0
-12.07894135 42.51703262 0
33.05735397 23.3567791 0
25.69636917 20.94468117 0
5.803318977 40.05807114 0
7.005673409 32.38756561 0
43.29272079 -10.38969612 0
-28.99728775 33.90286636 0
-28.96608925 -33.81609726 0
4.854044914 19.07707977 0
12.82558537 20.54315567 0
-2.43210125 -43.6436348 0
38.83156586 19.79101944 0
0.004753015935 43.58411407 0
5.510952473 -35.17214966 0
-38.27502441 21.5387001 0
-29.76431274 16.40973091 0
-32.70310593 24.65006638 0
-33.59793854 11.44137573 0
25.67703629 -24.39089203 0
28.47452736 -18.61800575 0
-32.96683502 -11.71805286 0
36.95420837 -24.20192337 0
36.8102684 -17.94778252 0
-27.25997353 -22.29130173 0
11.74902153 42.62387848 0
32.64421082 29.81929016 0
20.1072998 22.5363903 0
11.03476334 28.37886047 0
32.17390442 -14.03730869 0
15.30548477 12.42941189 0
-38.76225662 -21.97362328 0
-27.1099453 21.77511215 0
-7.015854359 -33.73548126 0
44.66873169 2.757908106 0
-17.82286453 41.05179977 0
-23.4639492 14.93023682 0
-33.11184692 -29.99508667 0
-3.178159952 -28.0955162 0
20.55648041 -5.081341267 0
22.34095192 -16.67230034 0
-24.99770737 -12.33686829 0
-14.22593403 -15.85744858 0
-11.08267879 27.19006538 0
28.74734497 2.34019208 0
21.2066021 1.33106184 0
3.551128149 -18.91890526 0
41.97709274 -15.81968498 0
-33.15264511 30.21987534 0
-17.59993553 5.845967293 0
16.23796654 -41.79357529 0
-44.6065712 4.516142845 0
-10.02109718 -44.41020966 0
4.332445621 -41.33547974 200
-38.83758545 14.94440651 200
31.15567398 -27.90876007 200
-38.29961395 -15.68333912 200
22.79786491 7.967652798 200
29.88382721 15.4184103 200
20.52071762 16.22981644 200
5.193325996 25.56850815 200
0.1709309965 33.62649536 200
-3.670696259 23.18226433 200
-33.30966187 -23.39129639 200
-29.22564125 -16.76023674 200
21.86526108 35.68086243 200
41.94953537 -2.871406317 200
-21.61446953 36.06391144 200
0.01758456789 0.004508492537 200
8.556619644 -0.4983767569 200
4.597990036 7.101788044 200
14.00269508 6.03582716 200
15.44739151 -1.062900424 200
13.37225437 -7.96860218 200
-3.880832672 7.35283947 200
2.110089684e-14 14.70567894 200
-12.96032524 21.27527618 200
-8.13007164 14.62334919 200
-11.83087158 7.058004856 200
-8.344891548 -14.68863487 200
-4.483592033 -7.269868851 200
-13.26932526 -8.217900276 200
-0.4983719289 -14.03073978 200
8.622471809 13.27929974 200
-8.236530304 -0.1944049448 200
-15.97214603 -0.0940136537 200
-22.49410439 -35.94906616 200
4.004461765 -7.225353241 200
7.653584003 -14.30600071 200
20.83920097 -36.57016373 200
-42.04051208 -1.9534235 200
-8.786367416 -28.21120834 200
-3.85212183 -21.49283791 200
-12.38063049 -21.51009369 200
17.26193047 28.10452843 200
25.59339142 27.50424194 200
12.8873024 35.2905426 200
-19.05498505 -13.19009686 200
-20.99225426 -6.612942696 200
-28.6869278 -6.929969311 200
-23.9724369 1.091192722 200
-20.75049591 21.10832214 200
-16.67348289 13.39909172 200
-21.97872734 8.952483177 200
-29.01118469 7.586792469 200
15.45461559 -15.77319622 200
20.39230347 -10.95971203 200
10.23466969 -22.01959991 200
18.9609642 -22.65517807 200
-17.40758324 27.97246552 200
-25.95241165 27.88645744 200
-13.14414597 34.71896362 200
32.8660202 -2.895830154 200
36.89761734 4.055521965 200
36.72704315 -10.23641682 200
25.68783379 -2.213059187 200
27.71164894 -9.675185204 200
15.2522707 -29.43092918 200
22.57538223 -29.91682053 200
11.13233948 -36.47919464 200
-33.02359009 -0.002085483167 200
-36.90509033 -6.532859325 200
-37.52537918 6.725754261 200
31.01371765 8.197968483 200
38.20215607 12.88318539 200
-6.889647484 30.98204994 200
-5.864695072 39.88729095 200
7.597306252 -29.28802681 200
2.117339134 -25.4007225 200
-1.018281341 -33.58589172 200
-17.33718872 -28.13291359 200
-13.1836319 -34.55607224 200
-26.09771919 -27.92704391 200
-21.08068085 -20.64400291 200
28.76411247 33.49082947 200
16.78191566 40.83353043 200
-42.82418442 -10.28117752 200
28.40989876 -33.63258362 200
-42.89806747 9.743723869 200
10.79905987 -42.64272308 200
-15.36463547 -41.17891693 200
-7.641030312 -39.81874466 200
43.3657341 8.540948868 200
-12.07894135 42.51703262 200
33.05735397 23.3567791 200
25.69636917 20.94468117 200
7.005673409 32.38756561 200
5.803318977 40.05807114 200
43.29272079 -10.38969612 200
-28.99728775 33.90286636 200
-28.96608925 -33.81609726 200
4.854044914 19.07707977 200
12.82558537 20.54315567 200
-2.43210125 -43.6436348 200
38.83156586 19.79101944 200
0.004753015935 43.58411407 200
5.510952473 -35.17214966 200
-38.27502441 21.5387001 200
-29.76431274 16.40973091 200
-32.70310593 24.65006638 200
-33.59793854 11.44137573 200
28.47452736 -18.61800575 200
25.67703629 -24.39089203 200
-32.96683502 -11.71805286 200
36.95420837 -24.20192337 200
36.8102684 -17.94778252 200
-27.25997353 -22.29130173 200
11.74902153 42.62387848 200
32.64421082 29.81929016 200
20.1072998 22.5363903 200
11.03476334 28.37886047 200
32.17390442 -14.03730869 200
15.30548477 12.42941189 200
-38.76225662 -21.97362328 200
-27.1099453 21.77511215 200
-7.015854359 -33.73548126 200
44.66873169 2.757908106 200
-17.82286453 41.05179977 200
-23.4639492 14.93023682 200
-33.11184692 -29.99508667 200
-3.178159952 -28.0955162 200
20.55648041 -5.081341267 200
22.34095192 -16.67230034 200
-24.99770737 -12.33686829 200
-14.22593403 -15.85744858 200
-11.08267879 27.19006538 200
28.74734497 2.34019208 200
21.2066021 1.33106184 200
3.551128149 -18.91890526 200
41.97709274 -15.81968498 200
-33.15264511 30.21987534 200
-17.59993553 5.845967293 200
16.23796654 -41.79357529 200
-44.6065712 4.516142845 200
-10.02109718 -44.41020966 200
15.29587663 4.70330228 81.40473139
-14.24247478 2.345696715 132.1591294
-2.824446975 41.16562412 125.1829893
18.75081279 -17.72538618 70.49606419
22.19503053 6.937451383 149.2304189
-7.308631159 -0.8080447067 22.0566216
17.58287778 2.717719624 104.0606296
4.00209641 1.189091405 69.70969279
4.957978275 -18.82067591 40.50713967
-9.726121747 -31.17459422 172.5528019
14.63433929 28.65833058 16.36210478
7.25510122 15.77148572 157.1632538
-29.3042412 -11.82078151 43.6085168
38.52631795 6.400846259 73.69814453
-1.677875631 26.30817885 10.86859003
-4.49203308 29.12462611 179.0832382
-1.274999171 31.17561494 43.12665749
13.23240606 36.05525917 117.7044979
-42.03032319 -3.963791672 57.63906405
-18.44228524 14.55536881 131.095884
-37.8396212 7.65100521 152.1149334
25.23855798 25.38143927 53.03255401
-3.607332577 -24.87656453 81.10705896
7.438085671 -2.399455541 180.3993459
-42.08114084 -2.236935682 129.7391619
11.60450409 26.52517694 74.74565885
33.76509364 -17.03748139 9.522639945
13.66627746 -27.96450794 60.69973648
-28.22888447 -12.63347702 66.73470604
26.49151773 11.30361274 82.9669875
-7.294023821 30.73111948 120.8700321
10.72795389 39.53377062 152.0324097
-0.7141486393 43.11879379 56.29848184
-22.36640665 17.29303404 95.885777
-28.21349351 -10.52248908 108.5735107
5.869115736 -19.42306449 99.65859075
-17.07220692 -33.70648018 45.381534
-15.0173715 -26.88268936 155.0350209
-17.14611285 -7.051214067 178.9777278
-1.137377384 30.84986366 156.1939377
-21.11150109 -17.03159435 182.6714661
-13.65913467 -14.32904699 17.46430749
11.54580489 -33.74373217 90.39709602
-27.16941455 -10.80765985 159.1876971
10.74259193 -28.71984858 11.48027106
-18.57576506 33.50470318 37.11349178
-6.179162727 -4.618442742 74.72537983
-22.798618 32.44868871 25.61237004
-11.1123449 15.11150204 177.8768203
27.69938218 -5.301939216 73.92746975
1.81435295 10.46476966 23.26558164
-7.654340144 10.18409457 149.1628138
-1.391704861 -9.773052545 95.48038023
42.34158133 4.546209131 146.2502764
1.343118797 11.2650233 39.3679513
12.3532439 -37.18690912 28.60939021
26.52037696 -23.39543334 77.64632937
9.800270869 -9.708781249 132.1366463
-38.55169713 8.648777784 33.78645767
5.471990738 -30.32360162 161.8045185
-19.29323385 -22.21800102 165.6179716
-11.76863955 -34.27877441 87.87058203
12.83094459 39.92404968 51.0609703
32.25019858 21.64791467 74.38545685
-20.51546967 6.64859496 42.44895306
-33.68049982 0.360833593 159.4783299
8.266792817 -40.09118031 179.2981937
21.32847523 -18.37559781 140.5038938
36.66599115 12.62221014 126.0025578
15.51077628 16.79896699 19.23876638
22.64548249 -19.60497913 98.77437029
40.28354833 9.794963276 53.71810185
-14.03889291 5.051925721 98.74184441
-36.30234983 10.03933926 181.1307694
-12.80865233 33.62785245 99.82259092
19.54522271 -29.39445717 133.1422418
14.57865989 40.75401262 192.8062185
24.41822226 -14.72466448 164.686635
-2.534290594 -21.9437177 129.4279545
-27.52063603 26.83195781 50.00003201
15.35957488 -9.684330687 77.62768194
-23.58414522 23.5028811 16.47680854
-2.014444418 28.61374681 96.390828
-36.44384066 -7.362463887 182.9060404
-38.73774043 13.25926847 122.3018993
20.503305 -29.3735191 118.4189862
13.87361162 18.30980353 62.19712139
-25.29201545 26.8891524 152.3095868
-27.64905382 2.674559989 112.332065
-17.31997678 1.598487054 117.4984127
18.38604581 -15.75640606 153.4544963
3.817653046 11.67154334 105.4625213
-31.70078139 -18.16642881 86.10054403
21.73525009 -8.561814802 178.9673908
1.46766721 -15.64521704 8.734452252
29.88231351 -4.182457126 18.95454657
-10.39670921 39.1839497 63.55646406
34.15663101 -19.74278736 143.533411
23.38922169 21.83862563 177.1539628
-24.24364853 33.68538302 143.6701899
23.03467154 9.021156512 47.56414029
28.0858558 4.492139708 10.2974895
10.37771458 -41.39455876 14.56933272
39.85193381 7.03493914 181.8507031
4.812999721 24.00576037 36.32842817
6.750982471 14.07431634 68.29390804
-37.65215774 9.623267315 78.96825171
13.19200847 -11.24394038 187.3690207
20.90747333 -27.68245292 26.82771102
41.18825809 2.140739933 26.51612319
-19.18314445 10.89258321 69.46972661
15.22504808 -5.407049999 26.87201034
-14.04490718 11.65900104 193.1141963
-7.84657778 -4.547984309 40.92720713
25.7352563 22.27456155 164.2287443
-34.68411667 13.55762817 48.4261775
-36.11521306 -23.53622296 67.89520082
-3.021503837 10.79160572 72.77643264
-9.833266057 26.29305735 88.10937709
8.795375199 22.86318203 103.8573902
-37.28569501 -11.08348065 147.1146359
-26.425022 -30.92045829 96.92899689
7.165911023 35.47874586 67.71874436
38.0271942 -3.403093098 166.2504647
0.9160403206 27.51892834 23.00395422
-29.32361987 17.22898997 175.1716318
-19.09257837 -33.48862289 18.85862349
-6.621701544 18.64275402 63.23822705
11.37539656 6.941962485 113.8369837
32.50731373 -4.154496918 152.3603621
17.39651545 37.06387921 87.20185126
-29.58872258 27.5576132 39.05075818
-11.34983269 13.15955624 82.84106838
-34.61661688 3.076522426 136.6331222
-7.254619322 -29.6090176 105.9912444
39.45630919 -0.04778097128 92.92595292
14.40082877 3.790166671 192.375051
12.40850998 -13.68137771 7.59786867
3.864849148 -41.78776399 96.95326284
-4.878413983 -40.07655315 49.27887392
10.8252238 41.52670291 15.42511538
-24.77763823 -21.83990538 17.44315149
-17.87447928 -10.6495995 149.5309303
-26.85709109 4.181662253 8.785538708
5.460161506 8.826537572 166.1967005
-22.68474038 -35.88906913 75.93174279
32.98778982 20.67711889 93.33176987
-12.72766511 35.75976906 185.4614771
-40.64529314 15.90034503 106.4637771
4.675407045 -28.4353407 185.8418914
7.684875632 -37.43303347 67.22431381
-21.64884565 -23.86373034 141.3237266
-6.505082692 6.880809628 113.4009392
1.821142972 -22.16478217 111.2119355
20.11437249 5.02709196 35.84578869
-30.09485643 -22.5197236 57.21948343
-3.00886958 -39.75448844 75.75494851
-7.891635929 -41.68803005 23.78327894
28.58099983 2.267173597 59.60249084
-17.76165113 -0.42878301 28.67336279
-28.28737248 23.15932195 107.2561933
-35.70444485 -23.40467587 26.58741124
12.8811742 11.36153268 174.9773076
-6.184770949 -1.277044384 148.7614723
-3.405965968 -8.349086517 140.5879457
-18.24905596 -21.9082689 39.69402393
-28.48762557 -7.392068869 97.69397803
-7.572980172 40.55718692 136.3752698
38.06402481 15.9821942 102.3325008
-3.662330172 -5.667269786 124.8521625
-3.454494792 36.60085413 80.10571744
-13.49098863 -38.06017625 56.29159639
-24.26272756 -3.047288169 168.1649334
-39.19418678 -15.32736448 77.2273106
-38.57279241 5.625456134 67.14388936
-42.20208646 3.067894915 119.7751124
6.377056359 -23.35242484 23.33358027
21.22401168 -7.495858929 63.49088479
23.33961154 -10.15210755 92.57351988
22.19302836 -17.07615576 17.94768628
34.5095998 22.89229485 43.92996671
12.07978933 30.2011053 27.03454894
-36.57726706 -20.51166893 98.2427614
-14.1312359 20.05575343 164.7847153
7.73196709 19.20076069 10.70485303
23.38213692 -22.18028355 182.7526647
-27.95203625 17.96379849 35.47680184
-30.64948531 -26.18953998 146.1911262
-39.91559928 4.366680264 97.25145247
25.27567445 30.10904868 84.12324176
0.1568580742 29.59369318 137.7419793
-0.3958429284 43.45954151 99.69794582
9.211992236 -39.15424461 192.5723895
35.6766281 -5.743781454 44.25970587
2.427237257 41.74806436 160.9041802
0.4349347226 -38.33646605 28.95958242
-6.116770025 23.01827324 140.9781579
-4.596419728 -12.84874359 63.4425787
-32.00275661 29.90811414 6.36815492
4.260900787 -4.282997526 45.06747085
26.53283084 31.56521335 113.842982
-26.44409899 -30.43559519 110.0982584
-28.34134886 -29.71503238 156.9764344
-1.618832408 36.5960422 187.3899611
-23.28850596 2.746227446 153.3149065
-1.670543989 7.816825614 192.5933739
5.729242421 1.269762616 91.28524578
-11.95171229 -33.74209037 130.5247881
23.99396181 -35.64296034 64.98461292
-26.40401748 -33.49037886 64.91556214
-14.72322163 -27.79509021 6.96835105
20.20132578 12.45620756 57.36909847
31.51081848 -4.653660169 133.6310265
-20.3272651 1.485426233 87.73746
-17.58362862 -22.39946763 63.29703367
-8.375510296 -17.88434487 139.5124304
23.31823266 6.29245032 126.1341958
28.10994009 -10.63214091 34.53278969
26.63064474 8.86631269 172.4242821
-9.716224677 -41.95699262 118.143178
9.457401246 -9.805335452 52.36639623
-20.53645075 24.37062737 57.60224434
-4.557243439 40.4803671 148.2668766
-40.13822128 0.4507231558 23.51122853
-0.6914735136 -30.91785946 152.6025935
39.82875684 3.624956145 9.757501156
-20.3140157 37.88333907 82.28792803
42.49257446 -2.791407563 119.5567352
-41.29646849 -14.13762432 10.53743365
12.79832409 -37.19266468 80.4165947
36.81505322 21.02468188 146.2439391
-3.953215999 38.75286836 112.2676248
-12.65802798 19.32992291 54.24595439
9.754736444 29.56274846 126.0666062
38.46066801 -16.64011786 176.6981426
18.59586938 -10.31854523 53.91739249
-18.64598094 16.89048253 23.71297652
-14.60185665 -5.709702376 194.1154397
20.46434047 29.10346557 191.7702403
-38.34436521 9.785505603 165.2505278
16.66526711 9.493194652 162.8885528
11.90517432 -37.57625364 48.43104508
-34.49959165 -8.539911284 87.37593596
-1.941982466 21.2314501 150.245015
-42.82801161 -6.343068289 34.27452232
-7.295712647 42.648696 10.14573544
13.51745435 23.64093143 177.0074059
-25.94668292 -2.210683629 51.93654078
13.0293738 14.95082746 34.57594541
-4.176318189 -19.94650627 18.04277067
-28.36487536 17.5391629 84.18472235
10.30446909 -12.84556159 147.7269058
-37.85323643 -16.8675555 166.8147969
33.03275797 -26.29241635 53.3439649
-20.89141637 -27.03667641 120.0669179
14.30085201 -4.84881221 121.3787424
-32.59294216 -28.37830413 75.66789399
-12.11306803 37.64440221 166.4494442
-30.62865667 -25.83697179 37.0668127
21.71304979 3.709941652 178.8499399
28.92080106 12.89968316 97.35453642
29.39824529 -9.921155907 103.0163322
-13.31042492 -40.34460962 71.07275924
-33.6665826 10.97353689 9.095025698
20.92235306 36.97386235 179.7195661
-4.611306653 -20.68077914 27.9031195
29.15974993 11.22706701 193.2220672
-21.24723273 -8.541309097 74.19233009
-8.942552244 30.36032294 51.78498433
-4.501635543 -13.34388672 178.8347057
-35.61263158 -24.44237239 13.81971558
8.095179167 -14.75800713 71.24896396
-18.98860083 39.91289786 73.16411527
-0.9320787342 7.983778802 84.47519964
-31.1269515 -11.82834943 122.9140217
-12.64215063 32.80458452 6.199652839
25.78979325 30.86927382 35.22791519
43.92752014 -2.577509865 57.41587993
5.986509217 4.028942926 33.43769397
-2.627738817 -37.68340635 8.423687875
30.09750457 -17.59686683 61.04714205
23.48700144 -15.25960939 125.5686411
-10.243838 2.144282244 186.5348602
12.16692742 18.06243779 168.2109867
-4.314159593 -32.81881173 16.48125202
2.601975483 39.2733959 89.63274189
-14.3514958 24.0732865 6.845908536
26.30898671 -27.09520743 110.6236519
-10.52324384 4.621532374 174.9731865
19.75446754 -39.13293729 182.9904961
30.31940983 3.497961098 106.2565638
16.09639489 -7.998640737 107.4114551
26.64319114 20.07812448 106.7136835
-8.599098176 -37.48443985 148.5891303
3.716300986 -35.03604485 36.87266818
-2.831498665 -26.67702923 50.12327759
28.80336098 6.214443657 21.23126643
9.859642257 -19.1807492 179.7410406
39.07489111 -9.518740514 130.6768515
-19.80020508 27.1072324 94.13691892
27.3606148 -5.508591867 167.9234586
29.13972097 5.064452293 40.1609997
21.93576921 -28.85719521 167.9381961
-27.0855641 28.86091735 75.13921994
-22.06483339 38.31589201 56.48173531
-34.55545615 -26.48496113 128.344394
-20.17958818 -8.963320317 59.47732629
24.85207087 -22.49397107 45.14524691
-8.206600584 -22.78468655 68.08158263
0.5290989477 -8.212383065 168.3251921
-40.61256058 -16.8371541 54.90439608
13.4066325 42.1794277 129.066336
-1.209149037 -4.602371186 86.11427595
0.4471455857 14.31452135 178.7874338
1.393872844 25.02141862 50.8015969
25.18499618 -9.155008282 7.474844283
-23.28636782 28.3287106 181.1248988
-6.548664533 21.95087583 105.9707472
-7.148704295 -28.65183744 116.2149746
38.65068212 4.40465348 135.2073286
39.73810192 14.24728426 31.19371936
36.60468063 -7.293737923 69.13950954
-39.83732074 1.457902802 192.8654559
-17.9039608 25.81352735 80.82894599
-36.58144977 -20.12588641 157.5703771
-11.98859179 22.31647462 124.9793413
-12.05127909 -23.56787639 90.43405851
0.3317540592 15.27148165 122.5713641
-33.08997239 -0.5068474466 71.52516293
-4.320565863 -41.91516003 135.9784392
20.42769458 -10.14564169 38.99014275
14.04642637 -9.645222224 91.96480862
-27.95153208 21.54521274 27.10895739
11.25110138 13.05540958 53.39076122
-9.324233172 -6.605634546 113.9014703
-5.060662138 -33.62263198 56.58464311
-26.84627705 5.270799336 164.2078829
-0.6923611616 -27.62986004 121.9267621
27.64309936 6.465167605 138.3771151
-16.78802287 35.06578074 151.1184927
-35.98530834 1.743101508 85.00810699
9.84588125 16.30432464 126.0799255
26.78133932 -34.94162743 173.618802
12.47282923 -9.271117612 61.72675928
-1.10438013 21.10253979 81.33105171
-33.44306156 -5.168681494 34.67054878
-3.130536193 10.08433715 11.7457326
3.217672536 -5.324542275 29.16813709
2.913554985 39.28174332 30.60538311
-19.05272694 37.17251923 91.31435524
-22.55668282 14.38881465 150.2673093
9.012013773 -2.419546738 142.3583792
25.19814663 -23.14650026 173.915298
-44.31039033 4.32377209 138.4348591
7.901349222 -40.01401933 106.6220888
24.57899179 24.74009622 8.433287661
-40.85840327 -4.374389349 111.6024605
-17.97709183 -16.81404569 113.248755
40.07153275 -6.312540999 79.38809947
-11.26811475 -13.74487973 163.4230655
16.31513273 -37.13494413 112.7143371
16.59068728 -21.71016135 162.7786646
16.6840581 15.59308651 72.6811032
21.15028681 -38.5270072 76.96772649
36.04103426 -13.60994676 51.94929179
-38.74377436 -18.39475207 118.3932151
16.27638002 35.80859701 106.9279057
22.45276457 -34.64477255 16.60025345
-13.3341337 22.31543912 151.1203733
32.45277966 -16.19229677 154.6227098
-32.31101383 20.31040042 76.3257719
-25.04096569 36.06145614 97.51573244
-28.23249701 29.38365508 114.7129324
4.460956443 -5.219852198 158.269124
-10.65887427 22.37737237 32.13404414
6.017320237 27.18509206 184.7485619
2.474566338 -21.9467716 71.7693391
-11.00980002 41.69805466 155.2988445
11.44167478 3.221349903 50.16542969
13.93174053 -24.54215733 81.50623687
-40.52684686 -17.00351237 182.6943107
8.327077163 31.45721862 168.2263203
3.734431805 -31.40341629 194.7880353
3.249432132 34.14274074 108.3270135
7.308028831 -13.69671354 118.0637175
17.09734441 -35.65110392 40.71873953
-7.804513426 17.29189994 9.190585167
-15.7960098 41.65993572 193.9947141
-12.15816174 7.16900642 56.04198184
17.6421723 31.56790201 173.5177072
33.38879513 16.83684188 160.5009866
-5.585448377 16.61859167 43.82033291
29.23643634 18.39023727 34.66358575
-14.48707363 9.76668649 32.26187896
19.65521077 1.997047125 136.8237268
-6.648970335 15.8814175 98.45006486
-4.482856699 -41.57779992 85.83610915
33.28145642 -29.32346482 168.3017083
21.700141 -0.2716694385 159.7184902
25.43397669 10.48292446 69.496982
-21.96485696 -35.0803409 153.9694479
-19.83564896 -25.06912378 191.8648522
10.11388497 40.01942034 93.7515931
-30.33814428 18.31141062 130.4937323
-25.81907953 -1.824665258 178.2772943
-23.45510807 7.498926716 124.1498067
31.84363265 -22.54822966 190.4019042
-36.80346439 21.11514658 183.2858726
30.63678267 13.18656791 183.9372732
26.01301313 35.37860718 57.75448779
12.12140036 26.655345 88.78786487
-13.98336622 2.222880217 15.09249503
-13.94637579 29.19738985 60.75020303
-38.80536367 19.18160533 5.734026537
-40.32629099 -15.84630475 126.6192627
34.50914442 -13.2291154 113.480919
15.88125943 -23.72270454 172.181715
-12.57647827 17.80288827 39.24183187
24.971265 -24.87240426 56.30247251
-11.25225401 43.35419435 74.26846608
-39.66064016 -11.74445981 101.2402918
-14.82328033 -42.43064151 79.41741708
23.91633469 -31.45908426 84.15668708
-11.46681088 -12.36506507 36.73692895
-33.24591211 26.85294202 67.42217434
-18.72354024 -13.24075176 100.8356011
21.51018739 1.441988679 67.16004729
-0.4416299722 -39.26285816 111.2287867
-30.08876187 32.69820523 188.5545447
25.32878798 35.91098261 69.90904622
13.99896569 11.02023772 94.21486556
-31.53288233 10.2526936 102.9941822
-41.98908556 13.43873343 189.6417465
5.660160498 44.84509096 75.9073403
44.42414247 -4.828971964 47.28077817
-12.77394801 -36.47376021 107.6247933
-25.79541524 5.459379686 23.56118472
34.95934862 -6.972088018 9.690454453
-3.076768016 -9.137430826 193.7898308
-12.2520729 -11.48032665 55.05988464
-3.905293519 -28.98865549 90.14717022
-15.2543205 -32.7079977 180.9222092
-16.80366348 -40.594836 165.8569247
-37.52025122 1.817272612 4.628829559
29.60679393 27.86468839 173.0633796
25.40576501 -20.35142916 31.1514533
13.45663437 9.147663929 131.7793319
-15.55221229 -4.904251796 10.03724335
10.8105517 -32.95884986 126.919715
15.32504865 24.20174653 114.1116945
43.90734801 -5.826029669 11.12017193
-22.78633425 17.42656657 165.7352152
6.237755603 -45.37565534 144.7007664
35.33847926 14.0756685 136.9404638
23.07887899 -7.440300135 155.6300431
16.89950632 38.10655065 36.54923977
35.74057159 -2.661855162 174.9432468
-35.15792779 24.96957213 149.1538977
41.39415441 5.850120255 119.7210696
20.97509016 -1.456271121 171.8891462
-6.265784376 -7.375545375 156.253471
-33.64773977 -24.23769203 177.4195194
37.30549134 8.020658346 160.6867093
25.84467987 19.11899627 42.96049391
-6.638842529 -42.82829918 33.83701101
-44.65477058 -0.1671690847 14.92425893
-13.3967643 -37.7300499 12.08399536
27.70908744 -14.7057206 81.43434805
35.50873653 -26.56179493 5.457294293
24.18466471 -36.46579819 7.382516551
-23.26276652 -0.6850027599 104.5544485
35.44725773 27.43138351 179.560241
-41.44621073 -11.26440807 157.9514651
-20.45149756 -22.44467094 80.0753707
20.47772786 14.19144589 89.90316957
-2.50887421 6.130514292 159.3358887
-40.86941493 -17.3153317 21.5467754
6.618287757 -42.4044936 154.8916598
-9.044736465 -35.86695533 160.8576027
23.14745125 37.27748612 127.992185
15.96187426 30.67546785 94.79259528
-18.52550984 -37.3082086 98.76846668
-21.50179073 -39.54823827 193.5616102
-17.45926958 0.9109438071 49.24673113
-44.08480211 4.232363476 74.91222585
28.3983841 21.11159836 185.7659331
-19.55705718 14.95646502 120.9028925
29.41938258 27.34379375 130.0668893
19.87752811 -36.08508116 145.2652414
23.78525348 23.42982227 136.4087489
-12.9115485 29.7918746 136.4563479
-38.96903695 15.29919675 97.75283516
10.84643414 13.89995767 188.5626603
31.29608971 16.58568792 22.64170861
6.7011711 40.53146345 139.1793915
5.780084312 -30.42921347 140.7013281
-8.838188433 -26.60187654 188.2838067
-37.04936255 -3.519863439 13.23446346
18.38470344 30.82819888 65.60358648
1.624071959 -30.39544189 134.1990781
11.40282636 -16.69487213 21.24368956
1.528639294 -21.33194116 138.4151428
-41.11242787 14.73690736 18.3869992
-25.08242622 -13.85531595 54.22446925
0.7191215682 -0.3448783312 107.4623364
22.11712863 -35.89482969 49.31489703
0.6338214061 45.02686889 181.5236701
-13.49679068 -30.45029052 62.12818797
39.70906971 -15.86735685 105.6449883
41.73660466 2.608188051 45.29461566
32.53724186 27.92734778 193.4137761
-27.71529171 -9.847801631 143.2156807
3.402973805 -29.00089656 43.67668875
33.70337355 -4.037168756 30.43195378
-40.96669538 -7.516508261 120.4564492
27.50419233 -24.4533922 21.67483156
12.92533976 7.061248375 13.47317193
23.02777582 -33.84050385 158.0749472
-5.803059433 -12.14398823 104.7349032
-8.332419381 1.248532978 166.7110175
29.04082769 17.95825072 115.6834547
-21.46072899 11.90123508 84.09898331
-25.04732745 -31.41859334 172.4063879
-21.37572486 12.96176444 12.10359885
-5.45071426 -8.129192751 51.84995132
2.564099489 15.95610233 143.4709411
22.22208992 -38.63919732 127.0075788
29.70446462 28.0765757 101.1237268
-33.13010323 21.20138548 139.3029834
3.100327159 -11.07244558 104.6080537
-15.95910502 20.79410311 110.1175587
-18.9700483 4.393428732 143.6482676
-1.796745348 8.155915277 127.628109
-37.45297036 24.57136369 28.91621202
-1.764192347 44.01952377 25.66824977
-2.33388927 -1.656653806 190.7845953
15.51224269 18.96911998 184.696812
-6.561433111 -41.51847237 99.40978293
-14.24641393 -8.545091495 69.2706969
2.759603173 -13.25818986 187.1646526
-2.579587255 10.01045649 171.6726372
-16.91262391 3.206715185 168.7665263
35.3798701 -13.21305226 123.1713594
19.00019993 40.78191628 78.90799964
-12.15931317 -22.03606198 183.1721921
-7.088283518 -0.3320008974 138.9550867
14.34376946 -7.044813846 155.6135344
-27.86299274 0.2976002211 145.7616288
-42.04663119 -12.08839365 93.45061589
-5.341955954 7.037862058 91.36744584
-22.87207976 -36.83394602 90.85604649
-36.49076815 20.29275382 21.04599784
29.04129549 -25.61049338 160.4156462
-15.72674661 42.08071621 14.00017176
43.09256643 -14.49881091 167.9398835
30.64240201 23.50995376 123.0701244
25.99434948 -18.9661216 194.9643616
26.91283341 -5.000031398 188.115864
-30.1323955 27.19021622 122.8926716
-5.278595639 35.75627062 89.38798331
13.37299447 -18.37923998 57.67908791
-17.09762347 -6.901752862 82.47144154
-11.05543856 -41.55967751 176.5882512
-4.301381384 34.00925151 105.3079196
-10.79374442 -22.17786968 55.20613434
-6.12514169 18.27992664 160.5490638
25.60150527 36.95799468 6.876989873
-3.840047636 23.23629654 129.4016047
-32.00290967 20.09908778 60.38697765
-28.24996101 -15.12607801 129.8817765
10.68008959 -21.49365328 107.7347667
-28.75417004 5.522635288 38.35628448
3.999562364 -31.09747819 60.0936911
40.0345879 14.79824201 188.9589254
5.437763832 -24.83434722 50.0639729
16.5918901 -38.1182853 102.5355079
-24.63826786 -7.461286335 15.69268484
27.21607528 17.95795529 147.8537565
13.46091438 -3.420568917 41.2301145
14.54823399 37.00665888 6.802625828
-20.93663635 -7.07599277 36.52577714
16.77147518 40.15342533 142.8061656
-12.74573243 -42.09894559 192.0388918
-7.773958335 -15.83332655 84.9318346
-30.89250712 20.92034065 95.38616566
-3.988995109 -25.7521896 60.98148581
-22.59743429 36.17768625 119.8584499
-22.54459571 -2.386789342 191.9009102
-11.39052839 11.32735908 105.5916287
12.02410021 42.87647092 64.70308196
27.18075236 -28.52199818 140.3309327
-42.38384118 10.78236237 86.38533914
-18.51199422 -25.47555739 71.3600985
17.60806983 -9.948733383 140.3511259
-26.64209526 0.952267515 76.28217701
13.32126697 7.714865666 21.08013093
25.68845681 33.23538675 159.9674337
7.255415883 5.997020419 157.2659333
-2.243275908 -36.90214406 125.422728
31.15435252 21.92092986 139.9716703
-17.10872399 40.81042715 109.0110282
2.19232414 22.82315965 174.708608
-26.33709093 -13.41168735 7.325880003
-38.36552892 17.64745049 173.0475417
-20.09440889 5.106172825 184.6907078
-20.20033457 -6.321628727 125.7158186
25.47633614 -31.89592807 38.12913959
18.36264967 16.864835 106.1180452
-26.20066162 34.63500917 128.9788134
36.22089031 8.681989598 151.5954665
-40.19037299 -17.15045837 63.12831211
-15.53898459 8.344008494 157.3068253
29.9964429 33.44632279 46.82186724
28.37883041 12.05778747 164.1883448
0.2971628777 33.55621383 171.8839183
-0.879308684 -33.13444624 67.90315705
7.982961216 -2.221753751 22.71435027
-4.51642898 -10.75157661 26.07338266
-16.72703851 -12.14788486 7.389389883
41.26914045 -15.85485147 117.7503916
5.656668408 -35.05050697 170.9217707
-31.95380266 28.78729751 15.44282433
-11.83245512 17.87192566 137.653291
-9.376823255 -16.13034258 8.309904091
-8.577541351 -35.60036202 36.01593921
-22.469863 31.27734763 5.798069889
-1.131329813 -22.34129475 193.1625894
-24.17024558 -22.67927784 28.97072338
15.164569 19.05616791 133.1647277
-31.90182664 -31.32908867 185.0237623
2.626944114 43.68852813 43.30877564
-12.62516988 -7.172578108 29.28881273
-22.33002804 24.39121051 67.75693374
-0.1534746123 -44.43303257 182.7761095
17.55812568 0.0943329122 54.96664074
-7.268477082 -16.60437849 123.9424197
22.81619693 -27.43387441 92.28472458
-19.83518539 -33.83021245 186.9775722
-6.843726581 -13.06755942 44.64992745
9.895474003 31.02902796 140.9050164
-26.18853 15.17123968 194.1448277
-3.44857018 0.9319077505 177.8080579
-22.36832074 16.30734895 185.6616391
-35.71045271 17.00220416 87.96323732
-3.107478309 -1.834650024 115.0314575
40.43975746 -13.86528546 152.1351978
27.22977773 27.08777246 92.54316471
-29.93197816 -17.30512746 29.78589118
27.6234201 -0.1739520227 47.60196847
-22.81030816 -16.55368538 173.1679175
31.61909093 1.093773276 185.9539471
0.1611165218 4.155603126 100.9475933
25.81468297 -12.51493688 48.00241834
18.91610263 -39.4092548 86.9573907
-34.13951462 8.332656337 193.5796649
-0.7143878075 17.7195612 187.8151762
18.66629935 18.42942533 96.76906025
-26.41744715 6.578134377 174.7423071
-13.16498255 39.53866659 143.6947497
19.2117757 -26.95143831 41.57209593
7.233504667 15.10325277 89.82345142
-7.943780782 31.0320605 27.71222782
-42.82004639 -6.558874445 138.095363
-23.15412332 6.740130264 58.86533392
-13.08958741 -12.51286998 172.9028613
14.99871953 -37.31205539 120.8069873
-15.5337225 -31.4852118 193.4919133
25.08431264 -35.23328081 27.58019922
-28.36115201 -24.79486644 6.807567446
11.49877504 -3.300729507 10.13955631
15.75121244 38.02958934 24.69841128
35.03921537 24.77172579 16.90143218
-20.37102304 31.29163504 124.7602021
-14.27188527 -39.08916698 137.4656846
11.01655535 32.94173783 178.4697833
18.13935858 24.92087672 46.16809568
-37.2141876 -16.97708313 107.4965987
23.9586232 37.02175934 187.5654888
-14.35805939 40.60287763 24.69939726
23.05978055 -27.18400258 65.80669862
5.699444341 -31.70348582 100.689249
-40.75310102 13.20854752 55.78711453
-43.05091921 -8.476117887 174.7808414
29.24667303 -5.192056872 112.7826823
16.52625665 -16.59226709 129.6500404
24.53502134 9.430255393 112.550126
29.89721662 16.6455698 11.87392782
-23.14450823 33.26447946 105.5639412
17.56977031 -20.81286236 118.989804
-32.15100801 13.00259635 64.46516926
17.83635141 -3.82837746 16.76111745
-25.5871805 -33.83325309 55.26053859
38.58210344 5.318942087 37.33671205
-34.66402512 -7.148022319 6.531228341
-2.442080271 4.58884762 134.038094
24.60217549 -9.140423735 142.2783804
28.91945543 5.435793606 31.06288641
20.51923384 24.45996589 149.3073338
1.507581798 -29.69129222 6.350068775
-35.40995506 -10.64251688 18.66671838
6.402293062 0.5090958956 170.7426154
7.107806499 15.21823624 135.4806477
-18.51186413 -33.65836916 68.68916947
7.424773786 30.91649898 152.3505732
21.71107087 22.44102884 37.40288925
11.33990651 35.97841371 80.35669147
-5.619474652 4.145869751 5.519458049
-36.86224477 -8.407398497 167.0590362
-14.37189432 -4.301559394 144.5691115
-2.679382985 -19.51167302 151.1344113
-18.82797 6.896068062 19.84250954
-25.05819856 13.45069002 63.1160175
2.564413981 21.71310057 138.0127636
8.428506862 6.494774615 183.847111
-12.86285079 18.58011591 74.10026071
-8.441057948 15.70680223 111.3139784
4.991616261 -14.9474267 141.6146949
-15.08267055 40.8990597 48.44266386
7.330966644 -26.63353337 76.09481567
-2.678827004 -17.14083123 158.5931933
9.20166385 9.191490516 143.634781
-27.27037122 -4.101605345 131.2118598
6.421152965 -27.32822852 36.71879937
-14.48841906 -42.25828572 124.9944365
40.40538241 -14.6516682 73.31571225
-1.249552862 -42.47821666 65.40660423
33.17278178 -28.53993404 43.58571267
-29.26951454 -20.23359232 108.0432807
-26.61703421 -34.89647754 36.1429282
-26.9630246 8.440275236 146.0947001
20.23779353 34.0668331 145.5806071
-6.205065457 39.8257883 39.60784784
8.482988087 9.982619064 5.325118981
-36.4735339 22.22522401 49.90692737
12.21226561 33.05321591 58.41077037
-34.70274326 7.717052175 128.0543598
36.00057718 16.14976554 179.5794073
-11.66952581 3.069355136 194.8289715
24.12406377 9.809823609 158.3801257
29.07403459 -23.52452582 131.6423686
-38.33032479 22.9062726 95.58792075
-13.00035538 27.91885779 19.25915572
-37.29858499 26.19544235 134.6566815
-10.67033988 -25.73294941 17.2137483
41.53764049 -0.6898621509 67.59458705
18.29451963 20.28818874 193.6538461
-12.7389809 -12.14278637 127.0424583
20.13638513 28.41995265 166.3262931
34.43487018 -18.08306363 132.6266052
-1.6208734 -40.86294948 167.8879652
26.71918419 16.66216167 137.1638346
2.244655243 24.63196518 164.9097093
12.95066173 -39.48263325 131.7840966
22.17256161 15.54073595 129.0901238
-13.66306495 -12.83305732 88.88793643
18.64020473 -15.22671713 110.4477099
4.872029244 -34.90986374 16.09542488
-19.83705306 -6.767555591 45.07000751
23.07027505 0.790669109 112.3288879
39.4483279 -8.527383953 194.4096785
9.325867169 24.54510629 144.7896403
-0.4191267386 15.72207921 113.1513885
-41.0821846 -14.86067537 193.2335363
-3.364918365 20.0694776 194.1420895
-3.797959124 33.79488362 5.59549136
-23.88392422 -34.33077155 117.603684
-5.70160832 7.249387073 103.6962001
9.84784925 16.43323445 118.3044911
-22.77910271 16.26345739 46.49126433
1.557857914 2.687445277 149.2504882
10.33991899 -43.49186977 166.6138067
20.76344293 -28.88055521 194.8671365
-18.37472578 1.527985371 59.16001723
17.590922 11.27389503 183.8732694
-35.96548674 -18.9064736 5.945307533
-32.70276174 -10.89610944 55.84125945
-21.76038978 10.68277996 51.04474125
-3.28277167 26.88853434 75.94743946
-27.10215508 12.78078304 4.971441217
-35.79709457 0.8606276242 46.49159086
7.560922174 15.40239679 79.17559257
-27.38358431 -22.55274742 47.36700246
19.09596344 15.11355034 137.6259433
2.594790426 -43.2447861 81.54361322
-16.23795498 -38.49256149 4.718860879
14.43233285 7.377088716 69.32844546
-19.75959311 -31.34000404 165.1003615
-28.13385803 24.25971202 193.1376379
-32.36676415 19.28028352 165.8534489
-35.04735866 22.44609723 192.5264541
-21.43633545 1.703007275 70.62604747
37.19217251 15.29390669 5.124964359
-16.39230086 -23.66159529 127.3136824
-22.09893083 -12.77652378 195.0966421
42.88715399 13.20777693 138.0830288
9.170785134 41.85153844 26.01799764
19.71263103 29.4986341 104.4435844
-34.7522399 -6.393327665 136.1932005
-36.72487205 13.93426364 138.4775833
3.855834603 41.82560985 111.3222258
18.28079584 -41.81063673 59.58395514
24.44358764 31.54036863 122.3235286
27.05348005 27.39887844 19.69392068
-11.56528008 -43.15789851 90.43359715
3.018438139 -4.566681557 77.14468474
6.641746337 6.950339254 126.6174364
-22.70888512 -22.18702083 152.7828083
26.11768736 -13.15425398 67.08110037
40.32018368 10.74507632 167.9722604
-16.51987971 30.72943433 174.2158383
36.58697382 21.13806893 193.6162363
5.14013911 6.630548564 58.38880401
-8.04810801 10.26069077 164.9326992
-13.90955418 35.87101633 117.393397
-28.07494351 -21.32895476 116.3446696
-31.00809103 30.25402837 134.6624013
-3.049722886 41.97726674 174.8688561
3.433700039 -11.87788464 154.0481233
37.73304972 -18.3142206 58.5513295
-32.30812916 -29.84651598 88.12569764
2.370573616 -41.75373714 121.7984381
41.00330578 8.628237788 108.7518447
9.623505965 -8.942392586 32.47910225
12.69398638 -41.87944912 140.0451701
16.51411612 -39.5627725 7.468085364
-36.09894723 -7.064643042 50.04005992
5.627828832 34.67462773 145.175429
-30.5433118 -13.75101785 172.3192576
6.797037743 21.09986112 21.14007917
13.05307258 -42.13840001 71.47905116
42.83488942 -9.444025405 60.97631984
-15.26002327 -19.44311515 194.5394052
42.73986146 -13.0406844 183.1895544
-1.61859481 3.570265692 168.2796734
-10.40448042 22.82557781 182.6627357
-29.51503174 -15.97928437 151.9346835
-13.56631154 -13.49335162 78.2646493
9.484250224 41.87733985 176.0300355
-3.555403427 -39.40357545 176.6102317
24.83107218 -37.34394326 110.5348443
15.5546152 0.7885263168 165.4076631
38.44632372 -2.999528706 142.2110261
-25.56399045 -22.7628165 67.95588837
19.90888457 35.51986692 12.34479379
30.80299601 0.7044239569 162.1835289
-4.501288462 -6.250853532 174.8645476
12.42224502 43.20351245 104.7628301
11.12647058 -18.53254944 135.4954192
-9.027578706 1.248654417 122.2950498
-34.58714284 -26.51396012 116.5042704
-23.64003419 -29.48988795 82.66178115
44.5626305 -4.627989185 136.3355257
19.78527989 28.94168681 133.128137
28.97284258 -18.32285243 88.14144912
13.95882511 -29.29034796 106.431315
-19.54315069 38.83748976 181.0327441
-33.73206915 14.96932252 114.8368843
3.366857927 -16.04112387 131.9003238
2.354423432 -4.375280931 149.1530856
6.813259952 -22.3487739 192.4240661
9.188564599 34.80983217 20.49620047
-15.13492194 -9.510130988 139.1083484
-24.08814018 19.64182632 140.9846505
18.93328007 -30.67026072 6.505557164
-14.06737953 42.00880823 128.9986929
33.29633892 -21.1819526 18.41035241
-46.12036495 -1.141371093 45.99970032
-17.9154015 14.81421007 4.989564775
7.965511012 -17.0405487 90.30875869
-36.29261705 21.29210992 159.4149909
12.00139444 -27.63085086 179.486764
-31.7203257 10.6716516 23.09978321
38.87543922 -22.99243568 86.71866132
-4.280361096 -3.568776955 9.562963343
-42.4975683 1.89653904 145.6735917
-35.69814675 -23.58512272 136.3663177
11.63369358 11.27347988 101.2659104
-26.23262049 13.31778947 19.66181849
12.08206576 -22.96191537 153.9491909
38.84758718 -22.55909485 68.56479639
-6.640606129 11.42502018 58.73284442
23.39917431 2.10736432 92.40560973
-24.62716724 31.88138409 159.5027287
-3.545772521 -14.22969918 76.1815245
25.33171989 1.034669802 119.5585003
-34.85625905 -27.34430378 163.2633195
-39.42101875 20.33585786 127.7673338
3.935306218 44.13419443 66.31305696
15.04138763 -16.42270824 45.12945061
-11.75342195 31.86583776 108.3356801
-9.115558129 42.48002641 171.9780829
-35.7074994 -20.73208989 187.3082438
-32.66779167 -6.821136794 192.2713557
-28.27560978 -26.00820775 135.4358761
7.663164739 -19.14895923 168.7611759
1.826040299 -14.54792212 22.79791042
22.24029888 -10.09390079 118.4208907
11.28104839 -8.911916664 165.0434219
-36.75825939 -26.87784714 82.42982675
35.76963122 -2.733383758 59.97072015
18.91736805 -40.29836114 137.3159414
-2.561433802 4.947653143 51.46846381
-31.07932806 30.75301711 83.14300929
19.05757815 -19.12984535 6.972086541
-29.48963623 -31.77969354 11.78906678
-26.71586217 -23.86461199 127.3772343
-22.22077615 32.63845652 192.951245
-18.50556797 -32.75695122 143.1632154
-0.5179100462 40.11798276 140.724017
10.07196966 33.77782704 102.5180033
-22.30290845 26.31563425 170.2690161
2.465242044 26.31200846 109.6979239
-18.82759872 29.85908767 163.5298678
-4.664362697 -8.109833693 184.9416847
-41.14477199 10.00970624 172.7578876
-13.04091025 -18.67588442 131.9774764
12.16710718 26.36742069 163.603697
14.3191553 -24.82072699 143.4657479
-22.3301036 32.83263967 66.19729098
33.24500102 18.03929811 65.08808004
42.24428107 1.575957932 80.46528657
-41.16716976 -14.55016045 46.26229853
-18.11546752 -16.35263802 27.74303875
-11.91390014 27.20002393 170.4610767
23.78241261 1.550228035 78.27810102
-9.6044996 10.48082741 136.0716757
8.846652794 -19.80294435 31.83374262
-4.426088568 -17.12477141 189.4602746
38.57450429 -5.645873411 103.0217954
-38.46227388 -7.52592111 42.57532285
17.69836354 -7.167534538 193.9209362
-8.105435076 26.45605675 112.2902777
42.71360693 -1.841188172 128.0579837
31.02864636 -24.77896364 178.9819384
3.433659276 -16.89792678 161.9093176
-20.65636319 -11.59532843 86.54792398
-12.04253258 -6.745445633 98.4308702
5.707654392 -0.3448726162 53.95390756
29.49903157 -16.20518319 41.70101115
-28.70478393 -29.48311932 178.7512559
5.244648655 -19.0473783 63.77649883
5.822337628 29.88071131 57.08458331
-18.99563818 -8.341731759 22.50163968
-28.51899011 18.28525824 8.932087393
-41.23106717 -15.25688063 35.15297665
-16.49068603 36.35664147 138.287163
-6.169778646 -1.748383714 108.7073608
44.66906969 -6.593497585 185.9402237
6.521809323 24.68469365 194.2762778
17.10116685 23.48717464 123.1557249
-23.61264767 4.743598093 97.20261849
-16.72498214 -18.629733 157.5000219
6.235111704 -1.852509514 60.69793523
-9.410116322 -28.25716416 44.87020161
40.89378362 11.00730886 66.00678314
-7.542063542 26.89102742 67.68291468
-14.95044858 -28.75031173 98.61353351
-14.99261894 -43.03299717 183.3758798
-1.287167362 28.63612106 59.0614848
-8.306466403 -34.03963337 183.5628752
-7.207362577 -25.2212305 8.247071383
-35.81796519 -24.88684453 48.66314674
28.71653576 -32.27989991 49.76931891
8.001373202 -43.69367688 75.52536057
22.3518473 38.94373669 49.94995756
25.55121767 -6.851916256 27.65452365
29.17305844 29.74901873 143.1766708
-23.02758396 36.73218451 166.2536574
7.581403188 40.96125548 36.84167095
24.06321192 9.716442112 184.3816201
2.529726949 -12.49546049 125.0433327
-6.164078974 -23.69931156 145.5557103
8.341276111 0.310656562 119.7307865
42.18326622 -4.468458988 18.16469964
1.328429718 -32.80953064 80.57922794
19.99840912 2.599805058 17.95302066
37.21447178 -12.55461279 139.8743956
-23.46410345 -37.61238897 144.6173924
43.57186765 -12.59178399 20.68507024
2.587804283 6.432294204 140.0662816
27.23030515 3.199153601 71.87164316
-23.28860019 21.69571682 159.1702108
-13.50262649 19.85841951 46.34642726
-26.55495295 36.63962377 46.55276131
41.11490232 -19.76044575 20.50997356
-7.21645879 23.01521833 19.55404185
-14.14571083 -29.60851711 25.18990416
-5.670143753 25.47131171 37.66209419
9.78015468 15.27409731 45.61699108
-30.52262937 8.33503174 94.87685119
-10.42120545 -32.99885153 139.5691903
-6.827720297 14.15892569 51.68795578
-12.00671136 16.13637417 91.28444961
-19.32865441 -36.99383381 62.63514508
4.682350465 -24.24007232 152.5307753
-4.190620281 -36.01915553 141.8260938
-12.84483674 1.651257649 82.91332309
-4.72727296 35.15599267 195.1799415
-27.5573114 34.35075447 60.66957978
30.42267359 10.29025474 63.05558056
31.10983376 32.67807371 123.8949011
16.04410792 23.79014469 54.26501841
-39.83829802 -3.721821959 102.2389113
-7.122604079 -20.25437753 166.2745309
3.118311368 -14.63642066 29.78366147
40.80381667 18.41461536 75.22966532
18.98089037 16.57530291 49.99866405
-39.82747748 -8.997600887 24.67208302
3.883961218 -40.59355444 5.560233424
-1.509949954 -38.28301894 196.5500694
-12.91155054 27.73185022 144.1761936
3.4973705 -21.11004897 175.9574201
-11.01674147 -35.64221234 99.010116
-21.98667626 8.798692819 193.5018995
-30.3821338 15.26439693 186.938627
-12.55978568 35.62957819 73.66220872
-1.492562666 -16.14776718 51.60504811
32.4737375 -30.26325556 72.98545438
-31.53090672 29.24595666 92.83248942
-17.77112194 30.02000683 115.1013707
-17.99003406 8.469775359 7.742486938
38.16595608 7.387716449 87.34480062
12.89667936 -35.29939439 166.7902142
-18.26848452 14.34482808 103.908094
23.20717918 18.74950433 26.6463104
27.57801804 -25.19703296 150.3658372
-15.94652332 41.30356832 32.88246806
28.30551858 -34.55048085 152.0883895
43.64503452 14.24050121 173.8223792
-31.72926013 28.05433478 170.6744463
19.4257457 -2.884402199 48.77313011
-24.05920094 -0.4511131253 137.1471883
15.79350723 19.96739329 151.6650355
7.255740966 19.57002943 28.28865473
-23.18364413 -29.23059007 4.074820373
39.09844146 -14.37528089 84.81746822
-7.529973706 -45.39411369 152.4347318
28.3331425 -22.01575964 166.6301426
20.42672398 17.40327512 116.145213
-3.013758216 -32.50111954 97.45958393
36.81656583 22.68062962 126.2595597
-13.63742162 -15.64319471 46.95160074
-8.804089378 38.53133535 48.44861363
-23.32014789 -4.592092777 8.209600641
-18.3691347 -39.46342172 177.5210371
-40.75328828 7.128412254 58.66277818
-20.51526537 13.89112872 37.03804433
-31.53629223 -30.94676549 58.30310297
-26.50321402 -2.388506622 41.46649102
-11.05187553 29.62125764 129.0842563
-1.672267043 -41.8283107 40.14039323
39.01822221 0.6673836201 158.2912094
33.29248484 -29.69215857 28.0103352
-4.062865686 43.85146313 47.48025956
-20.17073393 -27.67488378 184.1398869
33.01520723 30.58319049 86.04569499
22.12822841 -20.73278841 107.6180569
9.366768872 -12.56596906 157.095191
29.68519668 -9.826245512 61.08679529
4.225820256 2.735850939 4.486584421
4.182056528 22.97740744 92.55918505
29.03065036 -10.42546028 128.530082
21.56082619 -25.17173997 145.9578431
25.60154448 32.23796601 12.43793856
-30.44565224 -33.67306669 132.0435933
-21.73419787 -34.34997987 26.88157309
5.585716201 22.00295908 65.15546143
-33.38379979 -16.97209343 17.22249275
-35.48060819 -27.83370557 94.9002218
10.36581804 -25.69260786 138.2161665
-2.966778823 38.95664783 18.82979586
3.10218288 -44.43976491 172.4925627
19.47355539 -25.91859569 50.75629042
3.626964401 43.10194749 169.4422475
29.28434127 -35.29850569 137.5139537
-11.24030067 -25.78548201 165.0261356
-43.78020776 13.52371576 161.3222767
4.338603385 24.5472032 153.098747
31.44046402 19.28534232 85.50850089
-11.92354088 -1.093792826 156.6508744
-14.5979485 -32.32143051 74.93589121
19.10514734 20.15708189 84.87790624
1.964440217 -37.68675898 44.87344447
1.084356667 -45.40442359 50.74377346
-10.85001863 -44.67425302 142.6462443
-31.71599429 32.0494314 23.90516165
14.07246347 -23.4618291 125.8509024
36.04328137 -2.12070378 84.62046848
32.24414296 -11.49288489 88.80274135
5.225879903 -40.13588577 138.1629886
12.60120776 -25.32326481 101.4254067
17.05537785 32.24626371 160.8690772
17.92752972 -42.18563211 191.2056986
-34.08688887 -14.40723776 188.6700524
35.0122707 29.7501218 75.24952623
-13.48112861 -19.10736845 82.97140648
14.15077707 -33.63765963 181.545142
-17.36236849 23.37684452 119.2441383
36.92128893 25.11892619 110.0945398
10.5124766 -41.20437093 41.50935616
-39.66264346 4.416967186 41.02352249
-6.44654095 16.33886234 167.2497862
22.93416389 9.953861832 18.36145235
14.44530178 29.85001146 3.768797112
31.19180143 30.56435049 64.25356406
-44.27222009 10.22194541 46.5238633
-14.08920365 15.23160334 156.9700761
41.02814911 -5.954874674 149.2032844
24.70798686 -37.10011183 94.56578914
29.57299845 -27.78764906 87.20463369
16.01870466 -26.34072964 91.88109325
-20.1537071 38.29852081 131.9332624
34.42866245 4.379324422 171.3197549
-44.84240892 -6.19205986 181.7607768
-11.30761489 38.6830143 79.81666044
39.16247628 19.46437731 82.09229158
30.72824698 -33.89697456 19.46650094
10.63782596 43.32491385 43.05198599
-36.99281945 -5.276848459 65.16181157
-25.89677452 15.24025061 73.1407529
-22.02128306 -17.32301498 34.08081701
-42.74630672 2.465394522 161.4392166
-41.30783875 -0.888431062 167.7896549
-7.098829805 -43.60652109 162.0229101
25.04973168 -25.87421555 6.672233512
22.07280042 -7.378787722 133.2792492
-4.9564748 2.653078574 69.92810965
-0.6276103078 -44.65206675 148.7692287
35.52021864 -11.46189183 96.74255376
29.36556498 34.12640924 192.190973
8.830541498 -31.0905559 112.9709627
-14.55771005 -38.63642888 38.31408596
-11.12567335 38.31778131 18.51154947
43.71570888 9.587568453 99.71243725
12.70355869 -27.84794911 25.60522906
-42.132592 18.9968694 151.3615756
-7.310890586 40.46017235 192.7861377
28.66892771 -2.368875217 100.1108789
40.63897601 -0.1495062242 186.2759226
-26.61073593 30.83478936 165.8216674
22.75730683 25.27626659 72.84016612
4.394677036 -27.29337487 92.92830327
-6.816815291 43.11738224 82.9228636
-12.08564177 35.62921956 30.23328831
1.442049417 -43.33117419 12.92336347
-43.56960024 8.408977432 111.7122196
35.57468759 16.06839891 16.24773703
38.46200994 25.42686568 171.2874805
-6.211618937 -24.39169143 98.17798431
19.54824901 -33.20548145 188.2924683
-26.38460402 -19.61532409 99.64809875
-36.94888704 -25.43195861 105.3861462
-34.00729324 -30.87008701 104.7573772
15.27001664 2.62264756 172.3993448
-23.84147547 7.681071447 104.6174004
-11.66337457 -7.363496682 167.3813602
1.590137305 -37.57790214 130.9666362
17.97081966 16.63527136 40.85727638
1.522202729 -6.001296542 5.495937514
1.766376273 28.69808085 88.46786487
-13.74681914 34.32699924 159.2399461
-11.57514033 28.00097713 191.020382
-19.38235933 40.73906446 146.7118333
20.23731806 38.89612376 152.2275803
7.022167428 -26.50432205 120.2529349
-26.98253629 -36.003123 20.7601123
9.207559328 -10.37678274 176.5801274
-0.9742966827 1.459043488 77.91926963
-29.99223525 -9.047070751 78.19505701
25.35191675 25.14938723 26.98660542
14.05822986 -41.14509822 158.5572572
0.7212768291 -29.72539601 108.314125
-41.17099816 18.10098026 33.46095296
-19.840872 28.89938704 72.54602189
0.6615125831 -27.46972979 14.18496422
3.866387134 37.97171537 11.57747807
-36.06597504 -20.65074083 40.27574565
-40.57856745 15.72088826 40.80431583
1.915594253 12.3441228 52.63806909
-2.467228906 -22.38269068 179.5655985
-24.59850692 -31.90777823 193.010929
24.7857411 -5.719446729 126.1761687
-33.81539733 -29.60159009 20.40774826
1.452936909 -10.31148842 68.88709829
0.7730724754 -29.5974717 25.58194022
-18.64822593 -28.9217886 110.360468
-21.2082722 36.9637328 13.68343514
-13.23714741 -41.00872238 63.5974266
-3.039975026 -0.9192484365 55.51417805
21.21311777 -13.92285711 186.5936011
38.27691132 9.475903845 94.02260942
-5.894539384 11.868843 27.45310376
33.2772649 -11.39778888 168.6527516
-40.56070992 -3.592905164 89.24548305
-39.03783173 14.27612134 68.7371288
38.22591929 21.33753953 164.9147772
28.10778413 -24.81550156 102.9424312
17.2954376 -32.4405071 151.0174032
34.59390606 28.13457112 151.815959
-16.62577692 -42.53667539 27.34058439
-44.44856293 0.7426538444 181.3488825
-32.81981869 -20.88148994 194.7525856
42.99757391 11.4124465 19.27579934
23.78595604 -2.98121407 148.6431835
11.10341754 28.57588496 43.11569995
-43.6416452 6.944025788 18.05458375
37.7008216 23.44490565 33.63016615
-7.879950223 -44.2150441 12.04755514
-24.99970009 -17.55972037 190.6550724
-15.87826637 -20.92345515 147.110966
40.86406164 -8.916873726 27.31606732
-31.60627722 -14.023852 138.8489818
3.593226566 40.91743049 118.0526692
-7.009004131 -33.14669261 29.48539636
34.57231189 5.020354447 117.3430663
-39.61016231 19.1267343 141.1033154
-13.11868495 5.721625157 24.59926237
-5.578252076 7.39501626 64.15254779
32.293605 12.83656865 107.5681207
-38.69490937 3.98951012 174.0481201
23.24853018 33.77717978 76.79464549
18.01636388 -23.65947905 18.86298493
2.473759451 1.348857286 163.843991
-2.267749589 44.71172096 68.70143558
-29.88957328 6.800484146 119.2157163
44.73285264 1.511178214 15.83615828
-1.908516138 24.88013017 65.58537795
-26.17065599 -7.57960178 116.9806317
3.693729774 34.9294558 53.81859818
19.22316929 -3.841618995 96.00651712
-27.12838127 8.229103239 189.2384195
29.65218079 -13.86482471 23.85376183
39.82955653 -6.043846676 112.5951143
-6.842929 -7.567172748 32.92483102
-39.55961546 13.20196514 62.55610125
-34.47597211 -29.02398749 7.339442066
-32.14441604 31.5338161 180.0999811
-38.09059484 -22.24591662 90.07563072
30.40838718 -4.693201395 51.97902567
12.11000879 -43.27718829 96.99359606
39.78564949 -6.023357164 156.86219
35.51966681 -12.43360714 40.39631965
9.250926801 -38.79120078 116.9266035
-21.21647014 10.95033366 175.4433979
-6.317946471 19.6236918 119.5553465
27.50436375 -27.73258684 15.39994729
33.3138299 -25.70885889 118.9636445
6.523879926 3.255448392 189.5282621
7.317288146 44.69268035 195.5875076
-16.06879957 -31.75455222 32.64327735
2.197185362 -44.72577494 163.1528066
-42.79439572 6.351310204 104.7230943
33.87160556 11.38600264 89.42917829
34.70143551 -29.36815289 100.0899996
-31.84826949 29.78932922 160.1600865
-32.7958117 -0.4653120164 28.80731045
19.76789104 38.51290034 161.7446652
-20.38875612 -17.57868181 123.2318193
-42.11545087 -3.366970315 149.5285581
7.419791528 37.91714829 58.45497245
16.84088116 -12.47318819 167.5016862
27.57295206 -34.07620634 103.481918
-27.71730557 -30.83975793 46.18745384
-26.55737752 -35.81873707 6.217218686
-7.48601688 -3.629451341 59.0086324
12.7739586 27.41359526 135.2799745
7.420346335 4.333595141 105.284523
18.41478941 -34.87552483 55.26478779
-16.23664526 -37.94937977 146.3004115
-34.89415283 29.21082412 106.7155093
33.36642227 27.32339109 57.20954846
-32.24578815 31.36755003 30.300404
-6.502235513 35.36593817 14.74985629
17.93280894 31.34515496 38.40007938
12.40875649 40.48795234 74.60948049
22.13181249 15.45456082 143.6608869
15.7742112 -13.12706094 15.42444384
-18.91399951 17.99584707 79.71757473
8.535938752 -9.414315022 86.0159181
5.382391945 36.76011996 184.0385956
21.21252411 39.72600408 170.6624623
16.84020279 -9.897233579 161.4404965
5.622749805 6.738065482 177.6324471
-4.344571652 -20.33574705 39.53982466
-38.62228492 21.22833071 70.92229969
37.85359424 18.25772451 172.9420378
-22.6496588 8.419366777 89.95926042
-28.0488516 36.41472574 154.0044793
-21.35047294 37.25943309 188.2785198
27.06061133 -1.710442771 83.58462205
13.95379049 -30.00806747 44.35295616
18.32964193 28.98193665 120.0979276
-36.8360061 15.40237648 145.4700041
4.18740697 46.62485106 149.6205406
-0.6742367029 -6.260165295 57.56843376
-17.20639418 18.31394017 63.36974382
2.723864444 -45.0077249 189.7421486
-34.12298396 27.05678424 55.6564816
0.915886936 20.30472861 18.43110471
46.33518728 0.6681964908 108.6314503
28.77143727 14.35691429 153.5794382
-41.64002063 -18.08535586 134.142852
20.98869522 38.79679574 18.11794789
21.01633211 9.530053614 119.4060546
6.2012787 -13.09901264 193.3140711
35.55410669 -27.9149152 155.9031314
-41.34761365 -11.95532759 84.47298025
38.76425868 -24.41637648 131.8223453
-20.21384337 -19.59171095 4.817763232
-28.16826357 -18.72818087 145.4151411
-34.62173564 22.55538433 13.43165928
6.967265358 8.07279971 80.64988338
11.90618076 18.67740423 84.41749059
40.33574998 -18.48622829 193.2615943
4.493632147 20.30657486 86.78401137
-13.97300832 32.90354278 67.98547237
-22.38217095 23.25119375 124.3949722
-30.39556785 -14.76831611 95.5224651
26.40536732 24.73232632 66.80731189
31.04187467 -26.44878066 95.99570422
22.2014224 -6.012928611 80.42027562
-2.402148215 -38.99508529 158.8396522
-44.14631674 -8.30993105 70.12205174
-37.66089627 24.31812587 83.39229592
-11.16583934 43.68738653 43.96888608
24.2774008 29.97601667 153.9783393
-27.65469624 20.05999269 147.6142077
9.690050791 -1.281323886 153.0713496
2.021057094 -0.4168558815 13.10785191
-5.411177515 -13.08799356 130.2698849
-36.80493385 25.88620723 167.8892673
29.77791583 31.97764173 166.5582812
26.96027485 14.23617925 29.3717873
-15.04076871 -41.50930429 20.38792844
-44.50080857 7.188819015 4.877408163
43.55990963 15.81310567 14.55805699
31.69423345 10.82727932 27.63014822
-25.54127797 26.24680506 8.839842569
40.66181355 -13.25931128 4.678094918
9.366869113 -43.59172769 126.7092883
28.3299723 -12.79969117 15.35775082
-4.330168024 20.79982933 54.90152772
42.76207682 -14.27524274 42.64729832
-45.0469828 -8.86212987 167.0841898
1.200086476 -46.25643348 58.53115712
3.639115933 -7.317101244 11.18009897
-7.292078343 2.462291833 59.304202
-17.01766703 -17.10886741 137.9766015
3.167463253 -46.52728562 3.963462529
-22.78377337 24.70827701 187.4750505
14.31887707 -31.06123131 140.6760994
-20.0041878 -23.48048213 96.15596859
18.71418011 -2.09801177 130.7561841
20.1986428 -22.14397546 190.6849387
-10.63998946 34.27724753 147.2897855
33.0594683 8.369194723 176.4199847
3.101976489 10.77577814 115.3054125
0.3321123676 24.2294315 121.121874
30.7401794 -7.724493474 177.2749905
-3.824518942 -42.4157493 190.3883115
7.818425599 34.1663588 189.9603789
-7.797378767 -15.82390013 170.6283841
36.29931167 -26.49546796 13.06570618
-5.593446805 9.812944938 18.72026385
-12.44299628 26.88659086 160.1449893
-30.13199717 18.77110622 121.6450521
1.512384034 33.22294506 34.86444795
41.31624517 4.89581071 196.2353211
-42.5043161 12.63004156 10.33354153
-2.386397188 -17.73406769 101.6580225
-20.95067331 -1.508823815 20.83193378
45.53449067 10.4863692 192.3775241
2.896141205 -46.02216913 36.15358905
28.50653489 -14.2381884 74.52662181
14.051803 -13.62725777 101.015718
-13.38343683 -2.028768877 172.0395864
2.354207968 -11.9357006 146.698332
-44.45003346 -7.172354147 189.4062163
12.85871827 28.12499652 191.8069579
28.74438528 9.292307496 55.84869995
3.889389414 -25.44115302 168.764744
19.28300626 41.7339508 185.8564248
44.09233937 -6.036488187 32.55329063
-0.9097506809 26.29469254 189.6649909
33.80881792 3.012166633 126.65195
-22.72224682 20.79760995 8.822262574
-1.892301216 11.11687882 136.7851414
34.53311876 -30.84817844 85.2143675
-39.71857636 23.33503133 56.55597975
7.420596071 -41.84461501 87.28328771
35.22335384 -14.07467588 78.18847051
-9.390242309 -38.13172265 5.523927847
43.22221971 -14.56949607 79.64928616
4.972267725 -32.49082057 52.62305936
-11.03453138 10.52126539 124.2876309
-33.99292343 -10.99017704 29.30825347
13.94672789 35.04563331 72.45270817
22.20109115 -4.993408925 86.71749175
14.05041962 -28.06145567 112.7359986
-12.12216085 -6.422219169 88.24561894
19.41521663 -33.12129658 72.02105677
-30.23987348 1.641415189 122.5800129
-18.5679767 -9.337509307 107.9825819
27.66352995 -7.178248054 195.6738172
21.64522507 37.49182072 31.03946996
-35.95377994 19.41239151 38.22710974
23.13501949 4.930736325 189.1103949
-2.885720628 -18.79209378 89.09498839
-10.84865309 -18.22990786 149.6273021
31.9911579 32.01948548 8.005481569
36.52247397 -12.1928509 190.0488154
-28.63670048 -12.4072568 180.472846
13.9308323 31.93517462 155.128198
-19.33942315 -20.85036225 105.0949193
17.58342072 4.411980455 92.91286152
-37.52993926 23.29794452 122.4834181
11.68748963 -35.24527142 155.1020264
-42.40117153 9.312049864 24.59133643
5.296856328 35.33555013 82.4403508
42.8630347 13.84356591 161.1885823
11.73024714 2.490102879 6.660535649
26.11473923 -32.52803738 56.04546184
31.24799505 -31.80341098 116.6791668
0.9368870186 39.60152175 153.633633
-25.56106287 26.66861482 82.41349748
-42.11528876 -0.7225936921 156.2507606
-43.06330445 -5.424718326 77.54851851
24.78591795 14.40914732 179.9189722
-7.820775621 5.796596626 29.5505079
8.099852517 20.20041488 112.8557639
-26.64195939 0.8832416503 66.73057
-13.8385267 25.79487957 40.77892313
-13.04190126 40.25036393 88.95736105
21.62475632 -18.08834378 86.40225787
-44.41069313 -8.613493849 144.0452134
3.670682806 -11.86756236 15.79039629
25.7716584 -1.333278383 40.48162459
-35.2487952 25.82749904 89.10219711
37.88556684 -15.02792192 31.46797196
31.59184773 2.199254737 143.8605318
18.95192874 1.022530735 43.56021516
-44.43203273 1.375614772 84.45843798
17.42575962 37.73561379 97.48254455
33.98715367 24.89766611 160.529546
3.769344161 6.896172741 14.5511674
0.03023538604 32.61606651 127.1713121
10.34702173 -42.87282133 55.45990563
-1.517192845 20.22339667 89.93729502
44.63034167 6.594358671 171.4790094
-28.51900843 23.10216937 4.64729975
-44.29687984 -6.274080535 9.074727042
-19.20547827 -41.5334914 84.88178924
-7.084845317 44.05213564 182.5118001
-5.323636136 29.56638814 192.1735531
35.10543386 -23.88467206 81.55124253
32.40417218 14.14343265 39.25013462
35.19395403 27.86540766 50.04499538
-13.69648599 7.869290589 76.6224982
-34.47192635 8.661656857 87.03634532
45.50119836 -6.438191652 90.72242917
31.21424629 -6.099938912 85.85055102
-4.342916373 39.77034736 30.71607148
-0.1001252225 -44.82837909 157.3541372
12.63751093 -15.14809228 106.4996484
11.79678812 26.38306748 59.3365332
-32.07778397 16.33143606 106.9115108
31.45569445 -1.220669997 121.8022227
27.2020032 -12.13920917 150.044284
-19.5180454 -40.88188596 109.0732215
-45.84927714 5.030426763 170.5035493
35.8745985 8.003405502 16.1476406
-19.49330327 -8.79481439 163.086144
7.841331622 -22.61777641 130.1514692
37.19170342 12.01470591 10.810511
-2.662579914 -13.69669583 33.74609681
-15.47005847 -32.27526203 114.3560217
-14.1491544 -21.49820043 48.73131892
-28.61402706 34.85072045 13.22104217
10.67620342 -34.28441617 148.8559457
17.02199225 32.09527882 80.99458986
-2.67612143 -45.99416587 94.93509952
11.59631068 -10.89742757 43.21039745
33.79723695 -19.08735567 70.64620636
-29.69666266 7.986800358 75.83714501
-15.47839008 -9.115991563 158.8537096
-37.55341185 23.40669574 106.8699776
41.24192601 19.09866729 110.5483328
-5.974111584 -19.91017158 109.2446121
-15.71905457 34.36461268 16.05597342
-10.41904159 -35.61875787 122.6797424
-17.14598861 -10.61102681 188.6860112
20.34635829 16.49565386 154.6857311
-28.2027697 -18.44852243 76.07571788
24.23227203 18.19731046 77.97371529
-29.12154915 33.92532606 67.29811917
23.32612753 -36.36378928 193.4343602
1.457369984 -35.52914998 105.6006242
-27.78873917 19.41009969 69.1865187
-3.549574564 -26.02525521 157.747751
9.326046129 17.2188923 147.8603814
21.37672076 -31.83029903 101.6894225
-18.78694941 -39.99013871 116.9989397
8.883806457 0.4245509902 99.8021019
-27.41201484 -24.20971983 82.06254041
22.75425424 -7.913107654 20.90986098
-30.06448445 2.331416041 90.25665941
24.24030009 19.27055393 122.665961
-15.03525345 -22.00598812 25.13344929
-26.23832869 36.93604851 75.23511105
-12.45996699 1.309821168 106.5291109
3.792717128 -36.93773722 85.63281667
2.360618873 -32.42708405 89.87593396
28.96877286 12.9557487 121.3360302
16.45948407 31.47172248 139.336073
2.661901494 -40.59591405 57.84271831
-13.37481285 1.857760449 74.5044103
-20.18036077 36.88385711 171.969522
-27.13048794 -25.70585375 194.9558448
-21.2165294 20.03594623 174.7500371
46.06984781 -0.8431461066 180.9968874
-32.4445434 -16.86879328 113.445278
25.63599419 -20.54269377 114.9431782
-16.39104929 26.45533834 104.0000261
42.73253728 -12.60616429 99.60854583
-29.3660513 -21.5664425 164.0173233
9.790594298 29.27229558 108.4579663
-23.08268663 9.799935813 77.9793532
-26.23884749 -0.8973106826 35.43586226
2.907972178 16.77083642 168.3736925
-28.79633006 36.06231573 110.4540765
-24.6178268 19.3896791 117.11447
-41.40867997 17.1477832 80.57864773
-10.07713197 43.6834561 94.64715288
-9.875770255 44.57016471 19.31938611
30.63244783 -32.62354052 126.8836634
-5.82109923 -11.29090256 118.644746
-7.353159867 -30.80941816 70.06619399
-36.68255701 -6.760492028 75.32207901
-5.53560563 -11.55061991 150.4428105
-19.35579119 -15.68324846 51.1587524
16.9422459 24.35824335 3.63870789
-12.63317872 -24.33212825 113.0968221
-16.63746107 43.44151937 59.86742867
-27.64907573 10.95316113 114.7217502
20.58439628 23.58628929 60.29459839
27.08687194 -29.4041689 188.8845663
-27.18507924 28.6142102 63.26623796
-28.5868866 11.88607421 126.5825752
2.869222214 -18.19327766 121.3925729
-35.61557528 29.27584905 47.13598095
-1.635320013 5.336666441 182.5192215
-45.18549579 0.4545942044 90.55545048
33.18235565 25.45182144 66.91216121
-17.67391011 31.1078837 87.03282497
37.95283617 20.18882389 25.1834767
9.76779681 -20.37242731 159.9861013
15.68726578 -20.85851287 94.78698232
-31.17794546 -0.4353516506 170.0644706
4.682587729 -35.14209295 146.7125038
9.008713339 -44.59990989 186.6107024
-21.96864514 -16.32257725 45.0528907
19.24757237 28.09386076 25.17894766
34.73685901 3.804618315 194.1012839
28.86055951 20.743966 155.6859638
11.89940273 22.47226761 42.91862117
10.57077098 -33.45377899 54.39235857
-33.64305422 30.01537335 99.71676181
-26.10743219 -22.05126402 174.677165
33.9254265 -31.50728697 58.74162845
35.40430836 -29.52436227 190.0268431
7.849031681 44.75251195 4.826123989
14.15446493 6.433995434 140.330952
40.51469166 -20.34175307 127.9860036
23.41797011 38.88187135 136.7928224
-31.50513096 -0.6661720407 191.7224041
-3.097204149 38.03914353 70.38012235
-24.34679826 -39.22820746 44.17690801
43.99838645 14.132015 154.6477549
8.185064344 -16.51502424 79.79605379
22.11838085 15.10633081 190.1346215
6.884344739 -29.38192997 29.40548808
-2.882477623 -36.62883256 92.43281654
10.8595156 39.11650459 170.2576348
44.686919 -9.616850431 114.6498805
37.81149984 -20.91680709 164.7540837
37.98316201 9.642576351 25.80768419
-41.80820655 -14.90970089 174.1957088
35.47948469 8.096772528 44.57011426
-21.50942355 -10.34815939 30.56336054
5.011056856 46.01077773 32.88649655
-39.49212933 20.77853906 62.23607663
6.4702364 17.77861686 195.2047644
-36.57968884 -15.16079313 177.029157
29.45818801 32.97642859 29.04310486
-3.194659581 -30.20000338 182.121682
-31.50706988 25.82743028 178.9826309
-32.4586494 -20.1163398 125.164604
40.28406542 -16.37903133 160.1999667
-1.738336825 18.13910581 5.100595957
16.76882484 -22.24643236 179.0534217
20.40049931 -19.95941312 54.3085285
31.26688844 -32.24151778 179.7573951
-4.188068776 13.98769693 92.04267128
-2.309667294 45.36647266 155.548903
4.479835304 -0.7481240464 127.582441
-19.71709788 28.6635399 47.40254253
16.87768396 -1.885908457 181.7374298
-29.71230314 -3.865234888 18.41231718
-12.93650691 -28.34172727 144.0312682
-0.3427676509 39.12622912 5.271373918
-28.34794053 -29.97492649 23.91442601
-26.16288833 3.195593188 83.0609372
-35.27849662 -8.150502501 158.6022337
25.40625539 -24.52567014 37.24965812
1.16314742 -45.3930299 127.4757392
-12.52516432 3.73850826 5.337323056
12.23096442 -20.25217661 12.20050819
-11.00985579 45.44523741 163.2124565
14.71153843 -16.50876287 88.14558314
-1.943603785 -43.16770562 18.65900315
-30.98203173 -28.52624146 170.7786118
-8.272165634 19.72799914 79.94982803
10.46521242 -41.60191598 4.733754559
11.73623049 18.73571297 142.0758128
-20.94621601 -38.19728523 129.086121
32.65199832 25.97641421 36.32972282
-29.1994994 -30.84467615 30.97128341
-39.70914145 -12.23208525 110.9427363
12.59616882 -2.327642525 68.60551913
-33.5739616 18.13825607 100.8974473
-35.64880142 16.96995737 26.90931464
-13.81348823 34.47880904 125.1674504
15.19677016 -32.81431097 194.240734
-13.60567197 -15.00027051 186.1387148
-14.10504949 -29.27766191 136.4584084
32.71352125 32.53023289 94.65800011
-25.56063559 24.62900235 88.03411907
7.727625647 -6.228620317 99.1553828
-15.61629094 42.55731597 174.3829927
34.29621266 18.13444225 187.9855038
15.94383311 1.281433732 125.3226357
-22.34350687 39.67265472 6.454721649
10.98501559 34.02097184 37.33672186
23.43163061 12.11573486 106.2028215
18.7143545 -6.879788045 126.9312317
23.83307205 26.87736552 98.27569762
46.81828984 4.941647439 87.69995248
-9.526854512 -25.20497691 124.8446086
40.53314082 21.72001379 20.3777481
43.1681342 -15.93624823 49.25449091
18.14946093 15.20822001 6.647863237
-1.621026872 -34.14729559 170.89423
14.30252695 -28.45947168 166.2782549
-19.26457493 -42.51846538 46.54213163
25.70937178 19.37562144 89.56743327
-20.48310448 -17.20645312 75.33892025
19.99860482 7.333642425 10.78358905
31.99777518 -10.79985387 147.2368314
17.84319604 -28.1358827 76.79907973
-30.59371361 4.416875067 181.8222233
25.83618764 3.030777118 195.0704438
-18.74189657 0.1791818763 160.2697314
-4.815888868 33.35898744 163.6440475
-16.94970682 42.33657076 117.8004571
33.29235595 -23.00954421 31.4070379
-29.69633224 8.25344737 83.82699347
0.05163403134 20.16211315 158.5500921
7.037823047 -44.54089013 50.99660388
-35.43856086 1.37560864 105.5158195
18.35220663 13.94480664 170.2744453
-19.29721073 13.88741853 60.01139522
-19.54386662 -34.37509184 122.0492058
13.03998508 7.632724657 42.46042697
19.47980106 -26.43735271 154.0877306
-14.49327376 -41.35712491 155.9383199
10.12670413 28.89202246 49.17068965
-16.86300825 -29.20770928 37.77861569
-3.557840448 -30.27123952 193.0385318
-0.6353580493 -25.30259882 37.53551166
-6.502186226 29.96729051 20.41116484
-46.12066199 4.001393186 152.5571438
-22.55485366 -30.95415927 148.2533108
-1.708262099 -1.541428696 171.8770906
4.190375756 -43.67153402 45.17483873
-17.72271521 19.38697565 194.1041802
-14.20414645 7.993135736 180.8395829
-1.98958992 2.020038985 33.42436723
-15.8148943 43.62724246 3.305801947
-32.29156524 -32.39950696 120.8294931
25.04958227 -19.19798084 4.224790257
-22.63639035 -35.95945767 181.4865073
26.95643852 12.80141816 37.95674509
14.79827017 -15.69190815 29.23782977
-19.98210918 10.97089234 181.0967253
-24.87645654 -37.14762171 106.7251335
-13.63780062 -6.198405089 49.4770977
-37.16251107 -13.91059226 134.8754227
-15.38028949 12.115821 18.65601059
25.07662179 21.56823148 20.93700807
-30.41283299 -2.511201873 86.44156789
-8.21806879 -35.11337626 42.83573986
14.35073642 1.214276208 146.3731046
-39.26051813 22.45825757 43.4320876
1.244044818 13.55798436 132.5803792
-34.78029365 -0.5828884742 149.746236
-24.34406123 12.06535204 30.34110449
10.53192302 -8.622536403 20.80895277
20.80772179 26.9737629 111.0806793
-39.79450055 -21.67805819 193.4863863
35.90763307 -24.40407719 124.1200288
-37.29294138 -6.087094916 96.8038418
21.68115556 -0.9384043779 185.7752007
32.70869061 -17.23701853 34.13938065
-0.9966407615 -46.3409644 8.526752538
8.52584276 29.49456421 4.508577556
33.36958093 -20.94884447 42.7679058
24.99066187 15.77340574 16.08306685
15.30520315 43.4724794 99.2433039
38.4748926 11.55084355 143.5371213
-6.037426164 -44.85595909 185.3450209
-6.590054261 24.94573931 46.95427517
1.649632836 30.7883223 121.3219569
-18.17304019 22.138305 87.28291498
-8.384277772 -44.44909632 170.0712638
-10.44884641 12.27668126 14.23121346
18.05710017 22.73126694 78.80731291
21.20263261 23.59500859 117.7855058
-12.86103935 9.140463308 89.36165456
-4.356947713 -13.50856381 3.044367113
26.10019529 37.60020658 104.186801
-8.615405863 4.765248703 79.84680177
-17.89943318 12.38555172 145.2740497
5.097869862 45.64619866 20.00502198
-29.50018798 27.79732518 145.4518244
45.67984599 -0.4527245155 73.60584567
-22.70723912 38.60189351 112.3352531
-29.93035625 34.47143524 89.66791335
17.83656105 -11.48487506 20.99702772
12.83519996 -2.117092833 129.2114894
31.18826057 3.949077222 81.37574396
33.50247878 19.48260651 132.5586271
27.05357414 35.01383655 21.1307018
5.883054991 31.33087014 195.1471656
9.105187313 -17.09456996 126.400683
-27.2494012 37.06370744 4.707088517
-30.504545 12.17394746 169.3999794
-1.622181853 0.07174721651 92.74540024
-24.97209808 -4.439230545 152.5040901
-30.14883182 -19.29569069 185.267751
27.42548471 -21.82111471 125.622834
7.364889806 22.02325984 119.4230155
-32.2922067 -32.48485719 115.0978789
20.63185818 -0.08575269126 5.565688132
-37.46279499 -26.78214459 58.17506628
-28.73282909 19.99216966 183.3043413
37.66876121 -5.758524388 182.1358926
-22.73236069 6.31672849 34.72037842
2.151716295 -6.950372792 132.8756636
26.71089079 34.15418979 92.85085731
-18.3599629 29.75333135 108.4808735
0.3079171684 -0.06866642735 138.5964948
36.89155632 -15.77640975 184.490615
14.22933869 21.91094069 93.41830236
-34.92668317 16.80638977 32.79608972
-20.5706169 -2.005684345 95.82029083
19.92618066 -23.97901263 87.11979347
40.14384561 20.62527832 89.90152316
3.128509648 4.27683124 45.18359528
-26.20081017 37.94587523 135.188769
28.51233194 33.81988383 137.9947303
-35.79688793 6.155513875 53.24747581
-13.93347225 -23.31758996 137.6328391
-10.31498975 -24.69308111 132.5773194
-11.05162908 23.64239328 132.4738926
15.43961257 -29.77250993 19.38881771
32.3864042 -20.91268095 100.4953861
16.35189003 33.47889769 128.0735148
-21.49751763 22.89191088 36.6742273
-12.57791486 7.927987855 119.1679404
5.189941093 -22.81181194 9.015439263
38.40208987 21.74952149 69.14114384
23.44256998 -1.900720734 30.80359602
-35.82474238 24.70730757 175.2501657
10.32270604 7.665962416 64.52145346
33.27752293 -16.94001183 162.8927053
0.7248044371 -47.33455865 133.4848418
-24.89582867 -6.863935398 85.16359924
-20.28609199 -6.633070923 103.1871786
-4.116450323 44.38628236 3.129896861
-21.73417435 -28.54132239 24.41011947
15.56185271 17.14046337 161.3026976
-12.17628059 -42.30786347 131.7435765
45.143837 -10.44971885 69.76418746
28.86874193 -0.4299112669 179.1846918
30.87899398 17.74608666 4.490533464
-26.30329046 36.42046605 181.8071957
-35.71758291 6.949732569 112.0080298
-4.286847955 -30.98980555 128.7915682
23.284355 -2.406988192 193.1065754
-11.44123371 -17.25561813 60.39742037
17.10739789 21.65436231 25.91093414
-33.68777031 -29.20501656 192.1126896
-28.37808292 -24.93038651 88.49416502
4.833935431 9.556148157 151.7502692
-25.04749114 -27.80166309 166.763762
11.45953489 43.50609682 33.0442464
-18.41300184 24.23187521 23.3381064
21.42628626 -41.46004998 162.4367325
-18.68841138 40.52211581 19.74839318
-20.7437291 10.88016414 139.3655116
-31.46782011 14.76750147 156.3540786
29.25592012 -34.78509436 143.9514737
-0.6275823291 -43.42482555 142.3759668
17.93294598 32.42316976 47.3931015
-12.39448934 -22.28163653 30.50607665
24.78126881 31.76844477 169.8605491
11.18073517 -31.26261488 172.8422902
46.61728919 -1.861326118 21.65858334
-43.66581515 -7.761371136 17.61096086
-24.00695317 -12.29805682 92.17317586
44.65489645 -3.376794488 191.9513862
-7.597381711 12.64257051 32.91411763
1.124897285 -3.988299573 100.7575474
3.520846911 3.957017582 196.396754
20.42216884 -39.66180986 175.7138867
-18.67164638 25.18578111 195.3617643
17.37052999 42.33003989 122.0323516
31.639199 -9.223587774 160.9802011
15.75962813 -6.881916897 85.19856469
4.794120616 32.05370434 77.09484451
-28.69989643 -35.74954922 166.465479
44.96927405 -2.226175669 152.8364631
16.84077761 -21.69699554 104.6241611
28.10711144 -17.3974494 105.965061
-5.595609666 46.06422783 114.2794085
33.08478868 30.17898452 135.2759937
17.38765657 1.590480547 116.0227703
23.3134182 28.61771171 144.7407155
30.53469945 -33.48023647 158.2821608
15.82192875 42.97223272 4.12344242
-24.16827682 -0.2871713567 61.66389033
24.28118909 -30.87735044 180.9313879
-12.39512707 18.49441268 101.6399403
-4.357936446 -1.587221357 162.3260744
6.797617331 -33.36720123 77.77341466
28.11830921 -35.85407024 164.249629
24.57062786 -14.24986375 28.50914679
31.57302087 30.3177004 107.7976952
38.80692915 -21.78521092 115.2291819
34.66474858 28.02868574 120.1507865
9.878546803 43.97831897 145.0200368
46.01752278 -1.867755377 97.02607092
-8.011531733 -30.72114805 76.2274749
-4.456783026 -23.43602093 172.6960001
-14.88647484 -1.641551553 164.9962574
39.17210592 -20.63889688 98.42112759
-28.5867768 11.45973328 132.6976248
-27.5915043 -9.883414712 135.9248044
11.50555288 -37.02249596 36.75592776
-28.41553175 -20.97395671 94.33332853
-2.480330826 -3.061595134 63.06032009
43.07013034 17.00756532 45.58185795
-31.7984528 -31.59621768 138.1956131
-0.501842033 44.22676973 189.1796116
-3.13050946 16.2944477 15.33664668
6.837748324 34.20916248 97.43517998
-14.20926189 -2.769094087 62.63389458
18.79362289 -40.94490504 96.53914833
4.652044262 -34.99284182 114.0838047
30.75006402 13.85903165 141.8945425
2.601842515 41.22735631 81.93598485
-5.248850091 4.27211607 44.9744251
-26.76149612 5.715806986 139.9995454
-15.75775904 22.7702245 158.0103352
23.38196679 -15.91208634 174.8522652
3.113206358 37.22451024 194.4873898
45.61286157 -9.002335029 84.97086664
16.64373289 -18.82313185 38.14576717
1.706024485 -0.5898984322 38.14577871
-5.95232659 32.58252669 66.66421022
45.76165483 3.745133032 65.9351905
-6.437848335 17.17716637 129.1682169
-9.923392182 43.52617473 109.7594804
34.58715464 -18.51892355 118.9540799
43.69854537 8.373744275 33.44323562
34.701867 -27.01939411 106.9051614
-30.62060382 6.225761776 69.71599625
-12.24335965 3.505808737 38.86310725
-12.21718091 -0.7518799536 35.00065354
37.04584263 -5.512907561 36.48777023
20.83708867 25.25972667 184.6591347
7.473007232 15.10523025 182.2111544
11.85923141 -25.78928173 49.7789288
28.60831557 16.18913841 174.1027839
-11.38907512 43.54392436 56.29570578
-26.09114874 -28.98185596 184.1437032
27.59797398 -29.85979132 194.5917743
23.2723216 -38.24583796 152.9156117
45.35555484 7.753918393 139.2423647
-21.5138893 -24.11515156 55.73205095
-28.40280795 29.95280497 102.8531865
-33.10401722 0.5355658764 58.05635894
-13.83696783 -28.77821458 54.64785861
44.40244403 -13.24382557 141.6365121
-27.56712821 9.520824307 154.0206481
40.26689099 11.82031759 195.3978884
-12.85592445 40.39489949 121.523193
8.314586506 23.94877952 51.25215868
0.9860485712 14.86392568 78.3896094
-30.23970256 -4.648434316 120.8807044
6.544067328 22.78548094 126.5427074
-2.886081453 -18.40268434 94.89100093
-38.05902864 25.57746337 114.3385711
38.26127968 -1.134021477 3.669010677
10.19704464 -25.19887474 168.8958223
-38.89612345 17.68671354 166.324268
-40.35879157 -22.02873683 44.65910646
-23.667805 -8.232706337 186.5770959
4.0367053 29.01514038 70.96868424
38.57408447 -1.542213182 108.2363897
35.21155324 23.04585124 102.8529039
-3.905795289 -34.15653453 85.92733573
16.60440119 29.37245122 184.3854419
-43.41543341 1.655191636 30.36503331
-3.360314656 35.23059624 57.11663104
-10.61755411 44.2919995 177.8877882
31.04135446 -19.47787593 94.94901832
2.88516134 14.38121941 3.93084113
-29.71875094 -19.54447122 23.82467195
5.504017844 -13.82251147 57.94733225
-9.856905546 -4.924197194 134.2245222
-31.18266316 33.70163052 44.33914315
32.42552482 -6.00034572 141.17833
6.621973917 29.07675166 95.65137501
-33.93624099 -5.725638234 142.5710363
-14.1321322 43.34932912 100.8402638
6.406199906 -23.76234713 145.9541901
-32.0342313 23.07557622 116.6339052
-27.8547517 34.79908471 54.3788334
5.701098297 -14.3447831 171.8499288
-22.16951448 -26.12016305 132.4166011
19.39203677 42.58515725 57.46283176
24.37791599 -14.82666332 54.34784207
30.46852619 -13.26410227 185.8604421
-31.39070269 34.13071865 124.5053543
42.90978167 0.005820815115 38.9573281
27.78744834 21.16375625 61.7719806
-37.39275456 -12.14435586 2.937520198
-41.45804893 16.91512943 46.72385272
-30.77788227 -33.90028027 148.1662816
6.127788664 2.014208602 83.18857733
4.957580088 -6.202107774 118.1705646
-22.83359196 -0.560984929 13.23991181
15.09816706 6.348366539 57.79072002
-35.93356741 -23.87046008 150.8997641
-19.09219006 3.831948342 191.1546637
27.43613164 1.894612955 154.0396406
-30.40034131 17.78596024 20.44783853
-34.54511183 -30.91183751 45.64548882
-2.604423585 -4.035904459 134.0558231
-14.98594088 -19.53642533 98.10574581
40.82340733 -22.5171341 93.43681855
20.69987672 -4.803481681 112.8041693
22.22833085 -10.51337239 104.165611
-14.28457411 -23.41434117 173.8366121
-27.12739498 3.673834247 192.7532605
-9.226887424 -2.003278092 48.30982832
-9.52700028 -20.40087919 117.2211168
8.026740816 -27.83927997 69.19515156
-6.063504469 0.6907268086 156.7937385
31.02860876 -17.2943401 177.0088986
23.3871479 38.72186128 110.8257523
21.77927773 37.05567904 193.6569715
14.83845308 33.99857879 188.004781
-1.542180608 9.710461176 3.916991976
-38.89663353 19.32405616 135.4241213
2.20677964 18.89901049 74.55526388
31.45560065 -5.468760067 125.5072636
37.54470245 26.60626309 10.55070865
-9.957873361 -7.023954113 6.029119407
-13.8657253 10.75870133 170.8949493
-43.27951771 -15.42661997 143.6559631
-44.04018668 8.146358827 183.8655815
37.18089817 -21.12347904 151.6969432
25.19983139 2.71386409 100.0899623
-44.39512655 -11.66985832 61.33978515
28.80820444 8.899488242 130.8240779
-19.16287236 -0.3670234731 3.83303997
1.848663466 46.2570608 10.04530516
9.711204583 -34.42159872 4.622977375
28.56963527 -7.683175752 120.491615
44.67676379 5.14800367 105.0336782
38.38418144 -13.7085785 66.52035222
-5.795497054 10.06512567 45.39590995
-0.03679257706 17.81813017 95.72183699
11.74947088 -22.53208695 18.02898724
33.79713853 -24.29805645 65.24070441
10.05887277 3.756812882 39.84856766
-29.57044128 -30.69042742 82.50529781
-41.28046718 11.12866193 143.0743535
28.3966721 27.95485327 186.5039904
7.465727786 33.20692798 161.4018289
43.71219032 -8.347145561 173.4097424
-20.26192198 -29.09252068 87.65554895
-43.78028317 -0.8456273515 70.39014217
-4.013277699 12.47422857 106.4515999
12.29162386 28.49529422 65.52143586
0.854327489 -6.245783298 110.9429004
-26.84686594 25.43687172 136.9311372
-12.43523477 24.51543059 76.34307589
-36.64397987 25.85755697 74.24121004
11.52299585 -19.53805515 195.8509471
0.1061490296 27.25349052 115.7936421
-18.16097603 -9.610017503 118.6175361
18.44438689 -15.32000803 192.3368001
-9.013555357 -3.653973802 13.88276259
-28.07516378 -27.67196385 116.9818144
-21.72736281 -18.23250948 69.37141082
-5.950478802 17.36357192 22.66017222
-24.82012067 16.29148685 104.8196364
8.600833455 42.19559756 86.53850851
-21.83247564 -39.71305613 55.94621286
-19.71827319 18.53925437 73.83100088
-5.42831751 -30.17891475 136.8205206
-19.39625735 -41.45015741 36.51529334
31.02633689 -7.366887002 93.80944674
1.784056749 32.70091961 164.7442566
41.66916726 -20.04815167 28.07000639
14.86478518 40.4887893 182.720062
-5.527655844 25.21832969 160.7979742
-8.704371033 -19.46737887 49.78827305
15.77756454 37.68068191 166.5568488
2.083118928 -7.246662243 18.53050336
7.485625138 -5.753049931 191.8681937
-26.71608417 -30.13542545 125.0434918
-36.7132867 0.7082909823 186.177418
44.91781457 -3.049689066 143.3202377
0.1569405336 -34.80633511 184.714293
-1.339622367 -30.1824541 74.8974907
-37.58314599 -8.921720447 195.4541386
12.78852538 35.27130699 137.0652759
-34.60444534 -3.702279927 117.0850131
5.830228469 -27.49943333 87.08722613
-25.7298869 4.248387014 132.8161494
20.45815397 12.34299824 34.36810536
-8.225708845 -41.62785557 60.85417096
4.686654683 -8.382240705 61.13718586
-33.76322536 2.779455045 78.14436548
38.8833005 22.28413115 98.40706505
-17.51687325 42.7698796 123.822212
-36.36841631 -2.265407841 40.65484772
-9.598304493 -0.06145119983 8.440809715
26.48986309 12.01568053 8.43200266
-34.24323132 9.508371794 58.91232285
-2.554052942 -46.12932866 113.8705551
6.729739132 40.8063055 131.181799
10.71626136 8.124725064 30.13396232
37.75080208 0.8651141982 101.6424925
-39.60177226 -18.53474329 141.3276113
18.10129429 23.22511082 170.6430657
-3.273267354 -35.18941297 118.8202865
-15.53920935 11.5746568 164.625518
10.07941282 -19.90714437 143.2903231
2.854224665 0.6668516423 18.54892533
4.541271158 37.27190172 126.8507561
7.976651593 33.76200044 90.69842669
28.33840655 -36.63732628 84.40611001
-17.85335253 38.93069315 159.4070675
-4.280012687 -9.980626212 10.58886517
14.96809267 -29.77165854 36.20900747
-27.79391956 -24.26267112 187.1502954
-12.88705775 7.666351569 49.06026706
33.97501541 -25.87630731 37.43434027
11.16508752 2.338993111 137.7511167
-2.883110934 -32.86531895 164.7763761
-22.5344819 -36.5096379 161.2336536
-19.71686982 33.81918854 49.60431037
-0.4029299816 32.11282411 67.50117945
-23.00744058 -23.50339894 108.7030167
-20.69764972 -19.20166115 132.0448775
-21.81249363 -28.88038175 12.04236664
1.849320007 45.71514348 15.37851598
-19.56156201 1.244163437 176.5285463
-17.83741078 -27.11649883 175.1724195
-27.04461588 -37.59257071 150.0447954
14.9571935 26.25666772 34.30905263
-20.16623865 -16.83047792 83.34453493
28.98061373 -27.5744356 63.3138838
-8.703214784 -20.49995248 195.4266793
37.54546603 23.53348376 5.738790623
-27.37218659 35.63344196 37.87339895
-11.71677464 -42.62490183 42.01508451
11.01886376 -14.16183524 139.7028819
-32.08331779 24.70813413 129.33832
28.80801408 3.219132467 130.8416746
-37.1544813 -15.25919321 26.50152611
28.39206971 -35.20935602 32.95803235
10.63307941 -13.81747444 111.9034628
36.74669217 25.02535805 84.72522733
-44.98808073 -4.71213399 160.8895152
-33.89575982 -5.356320124 174.6397568
-3.235501873 22.03010719 71.54346466
-19.33448753 -35.6891064 134.0001756
-45.8813037 8.425297495 132.3168422
33.94535517 18.20175494 56.06373317
-0.7516065694 18.11321849 49.58445235
43.47455998 17.46440712 58.43423982
-36.00963362 26.61469803 155.9567517
44.42348616 8.512103795 128.1705413
-18.59099222 22.98355917 145.9722702
-2.720362254 -46.41370559 26.32727754
-12.48808441 -30.14232161 80.77545251
-0.1701703051 -11.17941022 80.14734559
-25.17811604 -28.26220165 59.93560698
32.38681275 32.24918731 155.6131325
-5.836279374 -24.75218948 136.3594062
12.10117885 -4.025225164 57.02458686
12.8056103 33.93269209 44.13875771
36.95687458 4.933809467 61.56855143
7.307291152 -1.857572952 112.4520567
38.29469504 -24.1192159 177.1830901
-37.54085201 4.857286432 11.28234485
-45.62641653 -11.06123947 134.0636874
-14.03923946 -2.674033063 102.413544
-11.38339421 8.244658715 68.11212007
8.243044547 22.87073837 81.59839268
-25.26159099 -14.0272334 77.60815849
11.69542164 -7.881253347 113.3380334
-0.9418084407 -21.47955055 162.8220111
29.16616448 18.54360476 192.2677815
8.04251756 -4.754030599 37.97655654
-0.5177161202 45.73727296 137.6076231
-16.5730414 8.614677751 125.0505876
29.17319418 31.5101108 149.0233239
-35.56666712 -11.47327545 61.90656651
-9.507266745 14.0928648 19.59488568
-30.00847848 11.52495198 30.93146897
30.29074541 -31.408763 10.57962202
-26.84657961 23.91285793 131.6599685
31.26512307 21.36906344 28.34308896
3.260748212 7.622153406 96.45790333
21.07799688 -30.98453444 58.71257323
-5.836120866 -41.13363579 106.9998418
9.847046017 -4.151980044 2.738903757
5.112788069 -18.31502889 154.0694934
37.55801305 -10.07726672 172.724645
-32.77324932 -15.09704889 10.15356047
29.6902553 5.741267452 165.8080534
24.67114231 38.66741723 95.49389065
-39.41095855 18.35643045 196.5502483
7.88403397 45.29419856 121.5556581
44.56666019 2.786367882 34.38708875
3.496926529 -27.80399577 174.8720852
-44.63742075 6.877436214 81.8891003
-37.30204174 25.97747114 61.08519757
-32.40396818 10.99510957 109.7989982
11.41920338 41.6871664 161.3347347
13.50160559 -24.20305169 189.1538325
40.01642057 14.04980366 150.9126384
13.65033092 3.368316176 30.48513792
18.10133415 21.74298201 163.9642111
22.73534767 17.77104297 70.17253083
33.08487484 1.764419927 44.8371935
-11.23191857 -0.05299568543 52.95673474
-1.203538418 17.65431222 29.42580591
9.540359179 11.70820908 25.11107409
-4.621793514 -4.953959154 103.9053268
20.14071323 -12.57553826 134.6444129
17.04745038 13.97620955 150.7634231
-20.93666056 -0.3093377534 37.71914846
-4.870494154 -42.79764426 128.4297422
20.33824521 -4.03927279 140.9618409
-34.05203759 -14.90957665 195.7131882
-10.57330652 -15.34325848 93.79426587
2.795821936 -22.22773113 56.26915331
-11.16613587 36.51253047 43.32378482
-14.69523201 -26.52543563 104.4433206
42.54912684 16.73674951 119.7940141
7.948991512 16.44909177 98.90893286
15.51447236 -43.08680353 108.4737076
33.70311128 0.8263473404 34.78433412
-8.16421039 -28.27371488 148.961201
10.60828202 -8.961323471 13.18037897
2.142666713 -11.76023987 112.5579714
7.677048247 11.22522543 13.85312857
-13.44941937 -24.46971911 79.66875484
-7.779687809 23.94343084 166.4642851
40.23802676 19.9754933 134.0697885
13.93427595 23.51616289 157.3157026
-20.25737962 40.77484085 26.87086365
47.23446823 -4.303875768 66.03635918
-34.75749561 31.16049091 75.16121202
37.48982244 -10.13785817 145.3256323
-46.4023704 -8.496316198 42.2551986
26.03938055 -38.18828003 118.3369465
10.23687763 -14.49972588 34.64308423
35.31995964 -29.9015524 18.39236187
-36.02497238 19.83491453 117.9653359
-21.15297095 -25.69359215 46.23669466
41.96544176 -7.437798006 95.44306624
19.74763816 23.67653813 30.35111958
43.64496341 0.9195151509 138.8381371
18.17713982 -40.05534351 68.52865179
-25.2386306 -2.643146457 24.77469607
23.74091758 0.1246747917 24.14210887
33.59388494 -27.58892549 195.6388256
-3.351825042 29.88987972 111.7553517
10.78756165 -22.74648709 90.29179096
-7.611101358 38.01121901 24.70345874
-11.72367376 -5.63604683 122.2512028
11.41896838 20.90971018 195.2488543
44.6985591 -7.275675863 74.35873568
45.84307654 8.51535049 166.3050441
8.905053374 44.48567764 183.4102327
-27.09428369 2.903401629 127.8644549
-31.29734493 4.646589571 15.86301802
44.71721687 13.58021897 114.5908009
4.539855255 46.86276283 140.385239
38.87278537 -23.85760695 48.1994052
44.33086851 -7.141484796 161.5487338
19.76436578 -5.171396811 10.84772932
18.36228828 12.09213822 113.390843
-19.39899011 -35.00501461 84.02464123
43.04350248 -11.69803596 136.0433464
2.536599448 -46.42613823 116.0096343
-23.9799296 30.85444785 43.26306832
-7.853490785 -13.24356946 70.21923722
19.76461727 0.8506955474 12.20771846
43.7245837 11.52217196 93.57202224
-36.84053834 -8.605542706 128.5312691
-5.279061823 -8.734304023 17.20067601
-1.513410394 -30.81203443 143.3484327
3.25581501 -26.36644918 65.67729463
28.43412725 -2.575071645 144.3347856
-45.15295074 10.1070986 156.6491653
17.96692019 41.79127787 110.0238318
14.79273784 -33.15090008 2.367425346
41.18424637 -18.98029816 155.5654134
-34.14109596 -1.988964723 99.30572394
-3.563808019 -45.48127451 54.4104245
-24.89515085 34.22943134 87.17592279
22.54505022 -2.475373299 36.02817681
-26.40200754 -35.64879606 138.5443951
19.94914086 30.69807265 71.89786069
-11.99820096 35.55534027 174.1964245
-35.50107766 4.863205363 144.199621
-20.75258428 -41.46031 148.5886615
-37.68237019 -25.91413673 190.2919636
17.57783595 -32.63563005 125.0490966
-36.11497529 -12.67795148 69.91641484
30.3590628 10.51293571 4.396345602
19.46053436 -35.81349013 165.5251795
4.036308643 25.53818465 79.43940777
3.284978993 -33.8389008 22.63216733
41.45140207 -20.20744552 170.4162546
-45.06325453 -12.28027043 27.53283893
38.09787246 -21.39252436 184.0975022
2.017023183 -13.90237564 87.75605638
-1.53548892 26.09794149 30.390939
-9.045067633 -31.13954992 21.74332497
32.40450118 16.20819655 46.5152013
-29.62648175 -22.17812818 169.8858181
-36.15071101 -7.569070862 106.4579594
-12.73953269 -41.48111133 102.1656015
43.92764553 2.591397085 52.67591637
38.16603668 10.29896985 81.29923446
44.24895238 -15.09679635 55.1187153
14.67453114 -1.967379037 110.9131173
-14.13886714 21.37427958 143.7688112
-9.267377219 -23.9869505 39.55898438
-17.09521219 37.61351799 9.385126215
-42.22296269 7.734846632 127.6981224
13.55922137 -3.060040834 96.28372627
36.86004087 -4.041264658 126.8007389
-5.937648303 41.06766214 164.4338954
-41.94294221 2.887835996 185.9006904
-16.09123237 5.903875307 109.1214222
40.41492936 -20.60916279 122.3941139
19.12911125 25.42440484 142.8955836
-20.27708014 -14.03801735 65.34886563
44.18630062 -9.231243816 124.4283931
18.01637114 -18.69156869 24.50946364
6.351337497 -5.026233482 164.7525124
14.92316832 -28.67062064 158.2940757
-28.25409415 14.01989923 141.7810874
1.466438801 11.63624561 148.2321114
0.3207754007 -34.17788201 176.4238691
-3.194397839 -31.75204896 187.5718056
-37.86409713 12.00931155 132.7146379
45.56719703 5.592793275 133.2218953
2.04232404 -42.90438915 70.95612529
45.71630465 -0.3553243945 165.9602636
37.62098462 27.17453774 26.64310458
-12.5332754 -32.540998 68.62875219
19.32414039 4.380591382 168.854796
-14.29652495 -35.72802736 28.81906242
41.84519916 20.19742155 4.541835975
-21.6726852 18.32896727 52.10491593
19.15912032 23.95272462 100.2857462
30.88043449 -2.840604329 194.5442472
-9.857220128 8.647078686 10.2034634
0.07190346631 -43.20059989 103.5857858
-29.35114598 34.25702373 195.6311974
-31.17126019 4.615869794 30.86194406
28.9813697 -1.83225832 35.76887266
33.29827115 13.27885364 76.42346914
-23.31508174 -27.76190732 40.85283162
-24.17021141 -18.177914 24.68773233
-14.69570055 -16.45838538 70.5507717
-36.12322767 9.070960988 18.79907844
40.27866298 4.161078549 174.5216598
14.38667014 10.42196993 27.24643719
-26.28385436 3.982548979 185.2642321
-37.31434183 -22.37969148 144.4631581
7.147789066 -28.76662454 107.0960157
30.40837693 -11.58098055 55.22356308
33.47650532 10.70932716 117.0464362
-22.59612288 -23.61066648 9.219870499
20.93040604 10.58631205 195.2462833
40.87524409 22.43155368 188.4492392
-33.34068085 -8.089568501 153.5933504
16.38480187 37.55113955 65.9870226
-34.47483408 24.09032166 101.858546
-46.96480262 2.277078014 36.14951777
5.939463931 32.59272031 47.14579137
-43.18126541 8.025436205 194.4263365
-20.79018061 -29.4262271 127.2402069
19.21140964 -24.96169619 34.49695011
32.4674031 11.54354573 33.23193745
10.6266522 -20.6598692 66.67630446
23.14465103 -4.977375467 104.6589979
-6.129564405 14.30984457 142.0374574
14.99455748 2.920914801 154.6323813
-46.32349848 -1.58892384 188.8278605
-19.62233712 -39.68636606 23.44783352
33.25838567 0.05398570275 51.53144677
9.236082847 35.68045242 130.1083408
-18.40456044 42.22341872 65.29729761
20.74609253 -40.12835704 196.9279042
15.96914191 40.94261241 174.5829472
-1.276075669 36.34142396 49.66270847
-20.55014881 -40.46598259 139.7425881
-10.38518365 -35.94339034 78.14614782
34.9106383 8.217703221 6.184700531
-2.907061086 -23.16907299 117.2147003
-19.30874895 8.970130943 27.43003609
-25.20602737 37.62543451 19.75595787
4.548556363 -45.38063117 28.03044658
28.77499605 0.5041553096 172.6242907
30.85845009 25.10438626 87.74017038
-34.39971721 5.724131403 170.5057106
-29.4461371 -26.45539962 103.4938856
-4.088664946 -2.022736696 3.719261689
32.21728163 4.212716716 91.59039251
7.417718945 7.680442278 86.2221517
-7.366429824 -46.33873247 3.293522431
5.706159489 -45.76723255 131.4247439
35.06813727 -29.60094529 150.3195427
-45.25841895 -3.210109545 171.3050058
10.57102988 -36.64917997 59.06099134
44.56058804 5.587584429 154.7991377
14.2760994 -4.784824796 34.76959492
-7.098800463 -40.56030658 156.4323397
8.628821613 -19.95910625 113.8166337
-19.22502901 -26.50370443 31.43862575
5.79583325 -37.90054193 52.9031259
-14.79066162 -2.92084964 138.6984873
0.5572243092 36.97567323 179.4488129
5.28894127 46.20332838 155.8887446
20.5740465 -34.2794469 139.1619973
10.79379097 34.43845252 196.275357
23.40916113 5.667746143 163.0254359
-23.9013204 -11.11777727 121.4351515
-33.86116486 31.37400933 141.5439427
-29.72442012 19.87191361 158.3812117
25.24901003 -32.39494599 72.96665986
42.5374204 -14.82439018 12.10806224
-30.27470718 -0.679715657 105.1698373
1.026117525 -38.86476558 191.2139634
42.54097786 13.10846445 82.51664156
24.518695 -2.939621579 54.76199652
28.8833153 -36.72956588 195.9358771
-37.15659103 27.33501012 141.297024
30.75119947 25.60856316 115.2995413
0.7593116524 -41.27496571 89.92960128
-23.49672435 -32.55192685 130.1628872
19.26501623 12.51450723 100.4303043
-21.78097333 -12.76027806 167.8488377
5.20742136 -37.22917647 125.2576485
35.88489933 -26.91024005 141.3237399
40.53312725 22.28418567 13.20931965
-42.51994378 -5.825448754 195.2531873
23.73290311 -16.21106025 8.809117535
-3.281124928 -9.12098171 161.8884967
19.78322524 31.695307 52.55097326
19.76460581 -41.62884058 2.81951036
21.79005374 -40.12205059 55.12143829
-3.107667932 2.097596834 119.7937838
-12.53415112 42.92437695 114.7190558
26.11178986 17.11001144 49.56863778
5.289735992 44.63077595 49.52452214
29.58203571 3.209280074 114.8270349
27.18419794 -19.98441062 157.3093537
4.083225265 27.66317681 145.4407029
-24.1682164 -5.756233682 64.67910413
-12.55270001 0.6465223575 90.84208598
4.595052429 -45.36287848 19.51997836
-27.57699022 27.78837923 175.1387575
-14.67995903 43.71872269 135.0076709
35.63130793 30.08336651 20.7849646
31.40984179 -9.681967255 191.8505158
-40.60306036 -4.899585239 82.76882821
1.2606348 -15.24148256 196.0433581
-1.839120948 42.79948011 85.75726811
-18.24267193 -37.76690875 32.89588907
18.66377136 11.63499974 66.65801211
-17.01234146 -7.091580601 169.5894119
26.40532789 18.49323583 66.531727
-46.60366885 -1.393815702 99.80683865
-29.04183032 -4.186630992 67.05729614
23.0350827 7.473299067 4.666519274
-24.67926388 -12.92190012 19.86730071
5.207654477 -34.12327707 120.8466656
27.60874969 14.9243192 131.494933
-7.54205457 22.56761033 75.5121848
1.083216256 20.8818673 107.6604164
0.7623089394 -15.84293856 167.0526832
28.86900556 26.65224213 153.8054151
16.86396856 -39.82363488 170.3466542
6.472517165 22.89487157 57.70561254
19.05785585 39.5723974 133.2124108
23.16399809 -10.87345184 171.3751543
-17.48779928 23.11200379 171.3357407
-33.26134267 32.91880768 62.44857695
-17.75650705 18.72519454 140.4599218
7.108053841 8.847731763 135.4187799
-15.35293981 -11.12365545 132.4828129
-26.51934429 -38.02695573 14.89348514
-4.649342671 41.91385497 74.89528886
6.52890433 -9.82567226 65.78030714
11.40351929 31.058767 184.8978857
40.79996043 20.1622776 38.89973267
-27.7970473 -19.37218973 3.810364495
-43.26006696 13.24545864 197.4589124
-2.176077493 12.43554588 64.90534739
1.938425705 15.25613425 14.98954917
-43.22312243 -9.19377722 48.57938881
8.317789174 30.64246195 11.13663679
27.64064998 -1.078566897 138.5640474
15.52368273 24.09322948 129.0254304
-19.33492763 -16.77011816 94.81111678
11.04192947 16.29212248 3.787511344
8.48134553 43.33626743 57.54685413
8.86208019 -21.16247168 120.218109
32.75392955 15.07842082 168.6795504
14.098614 -44.28366182 123.9211244
-1.311854418 46.7179508 131.2961979
-38.94343816 17.88481419 13.12017034
17.22990737 -42.8224489 36.63038873
40.8939488 16.39147225 69.75613085
-5.397161905 33.49668066 73.81092234
16.76858414 -32.06275252 175.016356
-15.98510406 11.89090489 112.8680005
-8.981925196 40.17045435 102.4065948
20.90749432 -31.43138531 33.81202103
-10.58601368 -22.89632184 75.7612117
-4.769724307 -37.05069956 191.2060188
-24.63124347 -10.30311805 174.5841394
-25.5916921 12.09914341 180.0563054
-6.539904761 33.92379973 142.7758547
-4.645481008 0.8464603902 83.8557725
-7.556503102 -18.61640083 73.47704111
21.54143263 26.10824115 126.6434368
7.654341698 45.53695331 101.2135433
9.046332263 -0.362593351 160.0630144
-2.727774532 -32.21695368 35.9849143
-2.522897521 -35.87332046 22.50971605
-22.90964743 -37.85250672 167.465213
14.21841472 37.08662187 160.6997213
8.638174111 31.05937452 33.38959463
2.006024002 -8.907246612 35.74923477
9.0118299 4.036161233 148.3861569
14.33073168 -43.89174964 88.75190805
-18.91410399 -5.595336714 65.33376923
-10.4531905 -13.85219483 115.1781654
20.76087534 30.96163474 29.43623945
-32.64862085 -29.41419705 64.03946694
37.25120849 28.51334264 37.00370574
-17.02058176 -23.57527059 16.90712349
31.32381536 -30.23204 145.9554276
-22.51966985 13.41693862 159.7221739
-38.46989625 -22.26268961 111.7444263
22.85706406 -22.09340058 130.3391373
38.40017539 -13.26691183 18.27022445
33.98750056 27.0562776 165.6281843
-23.154648 17.48316554 58.58674599
22.2725494 29.6042147 44.41467232
-8.561175012 -36.16823861 195.7904036
11.29230249 -14.21913612 196.5869102
-25.2115852 33.93705961 172.210883
-41.63467046 -19.93235175 3.887217398
14.79392189 12.24955905 87.31860982
-0.4752246693 44.41843892 195.6512405
2.726793593 32.60770369 3.291352196
-38.57786599 25.81070748 196.1124481
22.46879293 -9.345306797 15.01166949
-6.116954615 29.27874379 145.6920382
33.09433373 31.14600446 184.7164973
-11.69197381 44.01777152 36.062034
-46.12052364 6.47479667 144.8486141
-43.86745792 -9.730032678 4.564837921
7.763097805 -15.33517405 14.66148574
19.71740604 20.80433936 13.31634377
22.20883447 -31.86490005 76.96468819
14.63344914 -22.1490238 132.1266519
4.099460867 -25.83851299 126.472253
-24.99449273 21.69689386 43.15138963
15.35572592 -3.099940579 88.82042155
-15.20184076 0.6505080599 151.5658367
29.15473057 -0.7569719032 26.76192856
-13.36585823 17.5377117 119.8677898
14.79858848 -11.74241719 34.74888894
13.53226838 24.52270264 186.7648125
-39.17529067 -19.58737231 84.10199238
36.0514452 2.488763665 18.7392084
39.20334885 -21.40669508 77.76272209
7.307232846 -4.663948998 106.2431428
36.24242619 27.95175697 93.37005385
29.5215023 26.79400595 12.45625678
-32.44947415 30.93611948 165.5404987
-0.2839477859 -12.72877494 43.89966272
-6.328633689 -0.3693976147 195.6829195
8.490320032 -2.655876965 196.2119894
17.41776251 21.67970108 138.4189001
25.393855 37.68637579 120.0805287
2.252489958 -11.18616227 162.1174183
-23.18145459 23.68186167 31.38914824
-13.86844253 -44.28804487 112.1322813
29.7869529 7.249361662 181.318952
-1.532203293 15.7332839 56.76037745
-44.47350885 14.34979262 70.63639329
-5.693418092 3.097786077 126.8156199
-33.81551574 -31.3370497 26.82482647
2.227361912 -5.706706355 189.0091348
26.12225283 22.98122335 143.9851394
-35.54666292 -8.915111708 114.7929121
-27.97599031 -5.100701043 58.00225312
-16.46740999 11.34575644 185.8435563
-8.832379156 11.21021325 158.1709026
-20.320081 -11.73230144 128.7063269
30.1513549 -32.79029867 185.2423136
-9.841743785 21.15181785 170.9107876
41.17509246 12.05030896 43.27401928
21.48328918 40.51127905 2.547463861
-0.588123171 28.89367403 148.1228344
-9.741332408 -13.01739851 30.28048301
5.104731669 18.60788315 43.81370041
-24.25477983 -8.038183164 26.04329195
21.53203058 16.96569479 184.785426
-32.2509547 -3.958067517 127.8103905
13.12592686 -17.93472675 51.25790702
-16.29383522 42.94983529 95.82226443
10.78139069 -22.31780259 6.250581544
26.6304938 15.48566626 168.9931071
-28.44276734 -35.78463867 84.43139088
46.03102249 0.07873423375 85.17819589
-19.02362764 -32.79692643 58.64379164
-0.03643786963 18.71200997 101.382655
44.18998267 -0.8882926727 5.402505683
-8.928184095 14.21945591 119.0948291
-4.576570294 -27.86337135 27.29957695
-20.95397275 -39.30308737 68.55856485
0.1078313561 18.99870581 66.91798575
-23.22815607 -15.14274973 145.1245243
-32.59246875 -12.3065123 164.9476601
24.78947548 -36.31608912 188.0593989
-31.91227137 -21.18977596 79.13461025
10.11568122 -44.32331347 82.32995925
-12.24297365 1.425569862 43.76318166
33.58663744 -28.597855 130.7219817
-3.19353971 44.98594932 90.27693291
6.801681536 26.81357788 18.32218312
-13.11294171 -1.980105274 68.42617613
-19.06561606 -4.59181343 140.8623898
32.09490019 -16.38830319 194.8703137
-41.24165707 -12.55734571 40.71668929
1.258329437 -29.66640777 32.41378153
-22.23538384 39.90385752 196.1039082
-12.56709381 21.6293641 93.77957951
-20.54959028 16.38293753 111.3416681
-20.72594303 -14.02675989 38.95340612
-8.240893287 -31.91999339 6.681341797
19.54879661 -29.98543808 183.1330888
4.269570194 -8.079936992 89.76064742
-24.42810233 38.8816804 103.742362
-43.25947527 13.18554277 4.295730566
29.76948559 -25.08121282 2.912721782
1.302342938 -16.17392895 116.2941711
-37.12718544 6.81919854 25.02441993
9.805784345 -32.58818985 21.86474741
43.95948102 -14.48937839 63.70438638
-34.66434248 -0.6030345583 91.21668716
-7.581871837 32.38791673 60.13463906
-31.54916091 -14.19096672 101.3779588
3.086307756 -20.45305891 183.6164491
-12.63347825 -24.14633361 118.8783918
-34.35455638 -5.648784005 25.30886067
32.82998123 -21.83453018 110.9675719
-40.49310282 17.16076623 179.1818904
-4.215346118 -26.9508966 21.67933868
-27.55207615 -28.27432788 51.40268095
4.187162068 40.81369818 145.859096
22.11599208 -16.46791662 116.6658398
3.879031632 7.701820762 120.3357192
-14.59710434 -18.0848359 177.7172336
-28.82070893 -18.88477084 9.632846917
30.135114 26.39455135 2.630183186
-0.4104750684 33.67783665 15.47473402
-47.41051343 -2.370979153 116.2245147
16.00080399 -40.53370232 148.4644747
28.07383141 -16.92493134 130.4465327
45.1423377 4.908500705 192.372239
-17.97714865 -23.40412687 109.6959984
-9.8547069 28.57695493 150.2896046
47.12842926 -6.359255564 108.1498927
-21.92818135 -3.237996593 148.135144
-4.596476584 -19.79271038 56.91685954
15.80474703 16.51306039 79.21953099
9.107521777 -45.34854488 92.13021418
15.94421349 4.743285992 120.7803105
-28.70376285 -18.53506572 135.3506622
-10.62815242 21.11221233 193.503681
-2.462262468 -24.81435221 186.1481086
15.08813228 9.398127924 3.917474822
-38.93419501 12.48905105 113.7938903
16.0966737 -5.915471877 100.0125529
-46.41663477 -0.6588309005 175.4398155
-8.224839349 6.108302206 50.33439813
-35.09723773 29.0233074 126.190706
8.261098898 38.62571433 5.543303424
15.50069029 -36.79431483 62.47385937
31.83989797 -33.62380499 37.94072449
10.7966372 -25.66723635 95.34121712
-25.66368452 -38.10264438 176.4107829
-8.271600556 -3.560511713 65.41931288
4.732158328 -21.37424108 3.958734993
-31.64348025 -32.6907086 38.38095291
18.75596306 28.08866768 7.017936634
6.065430114 14.87386835 32.65351436
27.45524618 -2.24821638 65.1964451
7.567669525 27.24408806 132.5752487
-26.23256515 7.762555526 15.14392131
-18.08658578 42.87911571 87.38462145
15.20586855 -17.41559138 145.5999592
-19.55666628 10.99874579 109.2928414
-17.10895861 34.74482177 106.3762832
22.90838269 -37.62374454 100.2958964
23.16237571 8.035411991 91.38064706
9.102811766 -46.42732433 22.00498526
-14.55799532 -42.490334 33.52759786
14.96986847 -42.77573171 175.7386411
-24.82638754 38.43411907 69.62194754
27.43608655 -33.85661751 43.83387982
-36.35625525 -14.39011632 39.37690686
4.552864085 43.82911873 94.29397009
-21.21141244 -35.37558285 111.957242
-24.84404493 20.94868191 75.12019317
9.047999311 20.74489013 137.1890303
47.16884082 3.936694236 38.94097712
10.93438541 13.73266044 107.5567263
-33.56291086 30.95563024 195.6542558
35.17004912 13.70298082 83.74370199
3.962997157 -16.31625701 49.98757497
-23.95897296 -30.66330981 32.22591816
-18.68961045 -3.546918404 186.0486687
-46.82890689 -3.725303265 65.64088779
-39.35381661 21.8308227 89.86464066
1.839004538 10.33556 91.12588498
-0.5824911283 5.8249138 107.5484513
-43.63302726 6.773405452 189.0749651
-41.34167648 -12.05816582 66.33176753
-34.66971816 -29.68475336 51.8182617
17.76556455 10.75027269 124.0921458
16.14713886 43.02921843 157.1833639
-9.409746817 -29.83529458 39.27732268
5.158278073 36.79852079 166.0660276
-31.72079906 13.44208619 16.87448795
-5.59555461 45.52097214 105.5361804
0.08372352788 -6.419939928 178.737083
3.621917962 28.29656477 101.6954827
14.86313135 17.8494524 113.2380755
-18.59123464 27.97812774 145.3476359
43.68270715 -16.44350845 111.515097
-26.81316786 -4.662196042 79.71908403
16.63932019 -3.068237326 144.189229
30.87594563 25.74074596 147.4764754
-13.03009513 31.58657776 77.84708406
9.221138432 -29.80085035 133.2938279
-17.58234337 -43.01995897 12.63100395
9.014455563 28.20571747 174.3228536
-2.805173482 -40.83315672 153.0022646
-3.06919269 5.068401636 142.4798386
-32.24888691 -17.84702157 178.6776921
7.508401261 19.86814061 179.0123884
-29.51481778 -22.461716 152.8040147
-23.7411706 -28.16092465 75.00876126
37.43209033 -4.509016646 24.24675477
-30.95447319 25.22595145 187.2485966
1.374190549 -11.35898084 49.05083639
36.59785109 24.82602758 60.83437111
-9.631741588 11.82479068 184.8812822
7.968624397 36.34103667 41.16301893
-22.67908624 -14.54922322 135.2258624
30.76940731 -13.16032715 180.582899
-29.07639578 -4.869764225 136.8815399
1.934604111 -42.74472239 195.1671595
19.40362279 -37.71943171 33.41189203
-33.00992511 32.48573541 148.8534458
