// ================================================================================
// CHRONO WORKBENCH - github.com/Concrete-Chrono-Development/chrono-preprocessor
//
// Copyright (c) 2023 
// All rights reserved. 
//
// Use of the code that generated this file is governed by a BSD-style license that
// can be found in the LICENSE file at the top level of the distribution and at
// github.com/Concrete-Chrono-Development/chrono-preprocessor/blob/main/LICENSE
//
// ================================================================================
// Particle Data File
// ================================================================================
//
// Data Structure:
// n x y z d
//
// ================================================================================
0 35.35533905029297 35.35533905029297 200.0 0.0
1 33.030052185058594 37.53685760498047 192.97654724121094 0.0
2 29.389263153076172 40.45085144042969 200.0 0.0
3 33.030052185058594 37.53685760498047 7.023454666137695 0.0
4 35.35533905029297 35.35533905029297 0.0 0.0
5 29.389263153076172 40.45085144042969 0.0 0.0
6 33.72148513793945 36.916954040527344 83.83243560791016 0.0
7 34.35578918457031 36.327396392822266 74.86618041992188 0.0
8 28.512550354003906 41.073524475097656 78.1124496459961 0.0
9 29.71149253845215 40.21476364135742 68.8200454711914 0.0
10 -0.24767228960990906 49.999385833740234 81.77710723876953 0.0
11 -7.869939804077148 49.37675476074219 86.541748046875 0.0
12 -0.12580199539661407 49.99984359741211 91.35363006591797 0.0
13 -8.02548599243164 49.35171127319336 77.39784240722656 0.0
14 7.821723461151123 -49.38441848754883 0.0 0.0
15 3.925405502319336 -49.845672607421875 8.212080955505371 0.0
16 -9.800238962368035e-14 -50.0 0.0 0.0
17 -9.800238962368035e-14 -50.0 200.0 0.0
18 3.925405502319336 -49.845672607421875 191.7879180908203 0.0
19 7.821723461151123 -49.38441848754883 200.0 0.0
20 34.291839599609375 -36.38777160644531 192.564453125 0.0
21 35.35533905029297 -35.35533905029297 200.0 0.0
22 29.389263153076172 -40.45085144042969 200.0 0.0
23 35.35533905029297 -35.35533905029297 0.0 0.0
24 34.291839599609375 -36.38777160644531 7.43555212020874 0.0
25 29.389263153076172 -40.45085144042969 0.0 0.0
26 33.367469787597656 37.23723602294922 54.06218719482422 0.0
27 28.68413543701172 40.953880310058594 59.81374740600586 0.0
28 33.95640182495117 36.700992584228516 62.79570007324219 0.0
29 45.68366622924805 -20.32246971130371 7.766137599945068 0.0
30 44.55032730102539 -22.699525833129883 0.0 0.0
31 47.552825927734375 -15.450849533081055 0.0 0.0
32 45.68366622924805 -20.32246971130371 192.23385620117188 0.0
33 47.552825927734375 -15.450849533081055 200.0 0.0
34 44.55032730102539 -22.699525833129883 200.0 0.0
35 -47.552825927734375 15.450849533081055 200.0 0.0
36 -48.490264892578125 12.19403076171875 193.6794891357422 0.0
37 -49.38441848754883 7.821723461151123 200.0 0.0
38 -49.38441848754883 7.821723461151123 0.0 0.0
39 -48.490264892578125 12.19403076171875 6.320516109466553 0.0
40 -47.552825927734375 15.450849533081055 0.0 0.0
41 -2.7956814765930176 49.92177963256836 23.574325561523438 0.0
42 -9.790583610534668 49.03207778930664 28.080425262451172 0.0
43 -3.443206787109375 49.88130187988281 33.84050750732422 0.0
44 -15.91788101196289 47.39853286743164 33.449520111083984 0.0
45 -15.665628433227539 47.48250198364258 23.931079864501953 0.0
46 -10.314399719238281 -48.924564361572266 28.270151138305664 0.0
47 -12.934563636779785 -48.298004150390625 19.675045013427734 0.0
48 -2.8287758827209473 -49.91991424560547 23.03795623779297 0.0
49 -13.242286682128906 -48.21453857421875 180.2355499267578 0.0
50 -10.843832969665527 -48.80995178222656 171.65892028808594 0.0
51 -5.639810085296631 -49.680908203125 177.24794006347656 0.0
52 37.745994567871094 -32.79084777832031 134.1182861328125 0.0
53 34.8691291809082 -35.83495330810547 125.47510528564453 0.0
54 40.690818786621094 -29.056102752685547 128.12991333007812 0.0
55 31.05375099182129 -39.187557220458984 132.96658325195312 0.0
56 47.94666290283203 -14.181585311889648 136.22067260742188 0.0
57 45.01827621459961 -21.75672149658203 139.64137268066406 0.0
58 45.42814254760742 -20.887413024902344 129.82464599609375 0.0
59 -15.531943321228027 -47.52640151977539 46.92787170410156 0.0
60 -13.503267288208008 -48.1421012878418 36.38611602783203 0.0
61 -8.195648193359375 -49.3237419128418 42.580650329589844 0.0
62 -9.463729858398438 49.09621047973633 55.96467590332031 0.0
63 -16.510913848876953 47.195228576660156 56.920650482177734 0.0
64 -10.01506519317627 48.986717224121094 64.13478088378906 0.0
65 7.821723461151123 49.38441848754883 200.0 0.0
66 4.088485240936279 49.83256149291992 192.04566955566406 0.0
67 3.061515884555943e-15 50.0 200.0 0.0
68 3.061515884555943e-15 50.0 0.0 0.0
69 4.088485240936279 49.83256149291992 7.954326629638672 0.0
70 7.821723461151123 49.38441848754883 0.0 0.0
71 -41.61281967163086 -27.719547271728516 128.26702880859375 0.0
72 -46.47953414916992 -18.42967414855957 125.96631622314453 0.0
73 -42.296043395996094 -26.665420532226562 120.28492736816406 0.0
74 -38.11397933959961 -32.362396240234375 122.47615051269531 0.0
75 -14.107196807861328 -47.968605041503906 163.68280029296875 0.0
76 -5.662406921386719 -49.67833709716797 163.31617736816406 0.0
77 -5.535602569580078 -49.692626953125 80.93553924560547 0.0
78 -6.98118782043457 -49.510231018066406 72.25080108642578 0.0
79 1.404513955116272 -49.98027038574219 74.11422729492188 0.0
80 3.0279035568237305 -49.908233642578125 82.95974731445312 0.0
81 -41.50521469116211 27.880407333374023 140.56634521484375 0.0
82 -39.41992950439453 30.758235931396484 132.77015686035156 0.0
83 -44.133602142333984 23.499469757080078 133.66488647460938 0.0
84 -43.816036224365234 -24.086402893066406 190.63943481445312 0.0
85 -41.8422737121582 -27.37195587158203 182.865234375 0.0
86 -40.123809814453125 -29.834209442138672 191.3192901611328 0.0
87 -40.13772201538086 -29.815486907958984 8.660612106323242 0.0
88 -42.10616683959961 -26.96424674987793 16.770078659057617 0.0
89 -43.820064544677734 -24.079078674316406 9.352448463439941 0.0
90 20.372011184692383 45.66159439086914 44.97427749633789 0.0
91 19.461633682250977 46.05697250366211 35.223724365234375 0.0
92 11.575453758239746 48.64163589477539 42.20700454711914 0.0
93 26.977924346923828 42.09740447998047 40.72654342651367 0.0
94 -29.63495445251465 -40.27119827270508 108.09619140625 0.0
95 -34.96826934814453 -35.738216400146484 109.18061828613281 0.0
96 -31.141983032226562 -39.11747360229492 101.27842712402344 0.0
97 -38.64877700805664 -31.721790313720703 102.7494888305664 0.0
98 -36.284912109375 -34.400657653808594 95.16609954833984 0.0
99 -1.2368991374969482 -49.98469924926758 101.5302963256836 0.0
100 -0.3406568467617035 -49.99884033203125 91.13221740722656 0.0
101 6.526554584503174 -49.57221221923828 96.26455688476562 0.0
102 45.082305908203125 21.623733520507812 130.9213104248047 0.0
103 44.88343811035156 22.033540725708008 139.6731719970703 0.0
104 48.0941162109375 13.67318058013916 136.64944458007812 0.0
105 34.56926345825195 -36.12431335449219 84.61663055419922 0.0
106 30.488082885742188 -39.629241943359375 77.29522705078125 0.0
107 36.072261810302734 -34.62357711791992 76.36412048339844 0.0
108 22.280147552490234 44.76153564453125 66.51551818847656 0.0
109 14.731390953063965 -47.78060531616211 178.57989501953125 0.0
110 6.707849025726318 -49.548004150390625 183.5393829345703 0.0
111 6.29793119430542 -49.601776123046875 174.9237823486328 0.0
112 12.888456344604492 -48.310325622558594 170.46005249023438 0.0
113 6.707849025726318 -49.548004150390625 16.46061897277832 0.0
114 14.988360404968262 -47.700618743896484 21.741840362548828 0.0
115 5.058469295501709 -49.74346160888672 24.80060386657715 0.0
116 12.888456344604492 -48.310325622558594 29.539949417114258 0.0
117 50.0 -1.2246467572939613e-14 32.0 0.0
118 50.0 -1.2246467572939613e-14 40.0 0.0
119 49.4350471496582 -7.495075702667236 36.0 0.0
120 50.0 -1.2246467572939613e-14 168.0 0.0
121 49.4350471496582 -7.495075702667236 164.0 0.0
122 50.0 -1.2246467572939613e-14 160.0 0.0
123 50.0 -1.2246467572939613e-14 72.0 0.0
124 49.30268096923828 -8.32138729095459 70.41101837158203 0.0
125 50.0 -1.2246467572939613e-14 64.0 0.0
126 -22.699525833129883 44.55032730102539 0.0 0.0
127 -29.389263153076172 40.45085144042969 0.0 0.0
128 -28.75108528137207 40.90690612792969 8.307881355285645 0.0
129 -28.75108528137207 40.90690612792969 191.69212341308594 0.0
130 -29.389263153076172 40.45085144042969 200.0 0.0
131 -22.699525833129883 44.55032730102539 200.0 0.0
132 49.68074417114258 5.641239643096924 35.859336853027344 0.0
133 49.68074417114258 5.641239643096924 164.14065551757812 0.0
134 -43.112972259521484 -25.323345184326172 63.395225524902344 0.0
135 -41.53145980834961 -27.841299057006836 70.82311248779297 0.0
136 -45.5736198425293 -20.56805992126465 70.33399963378906 0.0
137 -38.54848098754883 -31.84359359741211 64.13719177246094 0.0
138 -33.21339416503906 -37.37472915649414 67.37010955810547 0.0
139 -30.442338943481445 -39.664390563964844 74.38772583007812 0.0
140 -36.15645980834961 -34.535640716552734 75.18578338623047 0.0
141 -26.942989349365234 -42.119773864746094 64.60176849365234 0.0
142 16.10953712463379 47.333736419677734 89.3789291381836 0.0
143 6.9403977394104 49.51596450805664 92.75078582763672 0.0
144 14.596145629882812 47.82209396362305 97.97840118408203 0.0
145 9.361226081848145 49.1158561706543 84.76600646972656 0.0
146 -49.53676223754883 6.790379524230957 61.72221374511719 0.0
147 -49.97768020629883 1.4938595294952393 68.61394500732422 0.0
148 -48.55852508544922 11.91930103302002 68.66781616210938 0.0
149 -42.21419906616211 -26.794803619384766 54.336734771728516 0.0
150 -42.40496826171875 -26.491859436035156 44.436954498291016 0.0
151 -37.79365539550781 -32.73590850830078 49.2167854309082 0.0
152 -32.48372268676758 -38.01062774658203 46.133277893066406 0.0
153 -33.993804931640625 -36.666351318359375 54.545738220214844 0.0
154 -32.4724006652832 38.02029800415039 150.07675170898438 0.0
155 -28.73884391784668 40.91550827026367 156.92588806152344 0.0
156 -26.028987884521484 42.690650939941406 149.97447204589844 0.0
157 -22.400962829589844 44.701194763183594 159.48585510253906 0.0
158 -26.196502685546875 42.58806610107422 166.04571533203125 0.0
159 -32.71861267089844 37.80862808227539 163.53921508789062 0.0
160 -47.17079544067383 -16.580595016479492 93.74170684814453 0.0
161 -48.907623291015625 -10.394439697265625 94.04890441894531 0.0
162 -47.84995651245117 -14.50454044342041 85.09208679199219 0.0
163 -48.37358093261719 -12.6489839553833 102.03185272216797 0.0
164 -39.85753631591797 -30.189016342163086 161.95884704589844 0.0
165 -42.891380310058594 -25.696876525878906 157.91207885742188 0.0
166 -39.295921325683594 -30.916507720947266 153.29246520996094 0.0
167 -37.33298110961914 33.26031494140625 86.3178939819336 0.0
168 -35.033451080322266 35.674320220947266 78.95352172851562 0.0
169 -39.48801040649414 30.67078399658203 78.82001495361328 0.0
170 -37.71821212768555 32.82280731201172 71.5873794555664 0.0
171 -36.906341552734375 33.73310089111328 157.7447509765625 0.0
172 -39.5599365234375 30.57795524597168 151.27200317382812 0.0
173 -40.686805725097656 29.061723709106445 160.8961944580078 0.0
174 -47.42231750488281 -15.84688663482666 111.74085235595703 0.0
175 -47.80713653564453 -14.64505672454834 119.87137603759766 0.0
176 -49.496341705322266 -7.0789971351623535 117.1366958618164 0.0
177 -43.07318878173828 -25.39095115661621 111.41934967041016 0.0
178 -38.662349700927734 -31.705245971679688 114.29277801513672 0.0
179 -35.79445266723633 34.910701751708984 43.31153869628906 0.0
180 -39.78938674926758 30.27878189086914 49.14754867553711 0.0
181 -33.68877410888672 36.946807861328125 49.73801040649414 0.0
182 -21.10483741760254 -45.32754135131836 40.856849670410156 0.0
183 49.31538772583008 -8.245749473571777 118.86937713623047 0.0
184 49.13402557373047 -9.265402793884277 128.3850860595703 0.0
185 47.44279479980469 -15.78547191619873 121.93863677978516 0.0
186 -42.02976989746094 -27.083173751831055 145.53407287597656 0.0
187 -37.02528762817383 -33.602500915527344 145.74562072753906 0.0
188 -32.60609817504883 -37.905704498291016 151.19068908691406 0.0
189 -31.6680965423584 -38.692787170410156 142.13539123535156 0.0
190 -6.169672966003418 -49.617889404296875 34.6495246887207 0.0
191 50.0 -1.2246467572939613e-14 176.0 0.0
192 50.0 -1.2246467572939613e-14 184.0 0.0
193 49.390037536621094 -7.786153793334961 181.3450469970703 0.0
194 50.0 -1.2246467572939613e-14 24.0 0.0
195 49.390037536621094 -7.786153793334961 18.65494728088379 0.0
196 50.0 -1.2246467572939613e-14 16.0 0.0
197 -49.22639465332031 -8.761391639709473 147.55282592773438 0.0
198 -48.120853424072266 -13.578789710998535 141.74388122558594 0.0
199 -47.158241271972656 -16.61626625061035 148.51730346679688 0.0
200 19.371671676635742 -46.09488296508789 102.82561492919922 0.0
201 13.907774925231934 -48.02680206298828 109.64823913574219 0.0
202 12.876493453979492 -48.31351852416992 102.67864227294922 0.0
203 7.356532096862793 -49.45585250854492 109.50616455078125 0.0
204 9.505378723144531 -49.08816146850586 88.69270324707031 0.0
205 12.744216918945312 -48.348575592041016 80.4029312133789 0.0
206 -33.73258972167969 -36.90680694580078 117.29389190673828 0.0
207 -45.57640838623047 -20.56188201904297 105.42973327636719 0.0
208 -44.61909103393555 22.56406021118164 93.6834945678711 0.0
209 -42.008262634277344 27.116527557373047 87.9916000366211 0.0
210 -45.687923431396484 20.312894821166992 84.93521118164062 0.0
211 -45.901885986328125 -19.82465171813965 177.1109619140625 0.0
212 -47.531192779541016 -15.517269134521484 186.35818481445312 0.0
213 -48.44831085205078 -12.359658241271973 178.94863891601562 0.0
214 -47.531192779541016 -15.517269134521484 13.64181137084961 0.0
215 -45.56911087036133 -20.578048706054688 23.41197967529297 0.0
216 -48.44831085205078 -12.359658241271973 21.051359176635742 0.0
217 49.40790939331055 7.671939373016357 18.815114974975586 0.0
218 49.40790939331055 7.671939373016357 181.1848907470703 0.0
219 49.183197021484375 9.000724792480469 128.92173767089844 0.0
220 49.323177337646484 8.19902515411377 119.92262268066406 0.0
221 47.49272918701172 15.63459587097168 122.93727111816406 0.0
222 20.210453033447266 45.73332977294922 82.58633422851562 0.0
223 26.538570404052734 42.37575149536133 85.92927551269531 0.0
224 10.375702857971191 -48.91160202026367 140.12649536132812 0.0
225 7.925037384033203 -49.367942810058594 149.4261016845703 0.0
226 0.992811918258667 -49.990142822265625 143.959716796875 0.0
227 45.046146392822266 -21.698959350585938 60.43339920043945 0.0
228 47.498226165771484 -15.617895126342773 66.43389892578125 0.0
229 44.69207000732422 -22.419160842895508 69.27125549316406 0.0
230 29.82185935974121 -40.13298797607422 141.304443359375 0.0
231 23.598548889160156 -44.08070373535156 135.8135986328125 0.0
232 31.890966415405273 38.509300231933594 126.01051330566406 0.0
233 36.076133728027344 34.619537353515625 120.97301483154297 0.0
234 30.022541046142578 39.98308563232422 118.70275115966797 0.0
235 47.536163330078125 15.502033233642578 66.71577453613281 0.0
236 45.25722885131836 21.255191802978516 60.52748489379883 0.0
237 44.843414306640625 22.114885330200195 68.87133026123047 0.0
238 -49.89311599731445 3.2675743103027344 19.262439727783203 0.0
239 -49.38194274902344 7.837318420410156 25.661195755004883 0.0
240 -48.93460464477539 10.26667594909668 19.349002838134766 0.0
241 -48.93460464477539 10.26667594909668 180.6510009765625 0.0
242 -49.38194274902344 7.837318420410156 174.33880615234375 0.0
243 -49.89311599731445 3.2675743103027344 180.73756408691406 0.0
244 46.30028533935547 -18.875478744506836 179.21514892578125 0.0
245 46.556636810302734 -18.234020233154297 170.83956909179688 0.0
246 48.27506637573242 -13.019912719726562 174.25311279296875 0.0
247 46.556636810302734 -18.234020233154297 29.160438537597656 0.0
248 46.30028533935547 -18.875478744506836 20.784852981567383 0.0
249 48.27506637573242 -13.019912719726562 25.746891021728516 0.0
250 46.549720764160156 18.251667022705078 170.71429443359375 0.0
251 45.950321197509766 19.71213150024414 178.94508361816406 0.0
252 48.446590423583984 12.366403579711914 174.07620239257812 0.0
253 46.549720764160156 18.251667022705078 29.285703659057617 0.0
254 48.446590423583984 12.366403579711914 25.923803329467773 0.0
255 45.950321197509766 19.71213150024414 21.054912567138672 0.0
256 -17.683046340942383 46.76868438720703 64.69978332519531 0.0
257 -45.157447814941406 -21.46636390686035 166.93820190429688 0.0
258 -42.480899810791016 -26.369930267333984 174.97621154785156 0.0
259 -37.28335189819336 -33.31593704223633 178.42678833007812 0.0
260 -38.87699508666992 -31.441682815551758 170.06820678710938 0.0
261 -17.733667373657227 46.74951171875 153.1993865966797 0.0
262 50.0 -1.2246467572939613e-14 112.0 0.0
263 50.0 -1.2246467572939613e-14 104.0 0.0
264 49.38201141357422 7.836889266967773 105.24288177490234 0.0
265 21.494585037231445 45.14402389526367 116.30403900146484 0.0
266 12.955609321594238 48.292362213134766 114.18824005126953 0.0
267 15.664632797241211 47.48283004760742 121.96112060546875 0.0
268 21.969097137451172 44.915016174316406 125.64507293701172 0.0
269 18.177064895629883 46.57890319824219 140.0 0.0
270 18.00474739074707 46.645782470703125 131.9515838623047 0.0
271 10.039226531982422 48.98176956176758 136.88973999023438 0.0
272 11.580915451049805 48.64033889770508 127.98177337646484 0.0
273 -29.528594970703125 -40.34925079345703 162.76333618164062 0.0
274 -23.097780227661133 -44.34515380859375 162.16671752929688 0.0
275 -28.188247680664062 -41.2967643737793 169.0146026611328 0.0
276 -22.44989776611328 -44.676639556884766 171.10491943359375 0.0
277 -25.49989128112793 -43.008785247802734 178.47714233398438 0.0
278 -31.907583236694336 -38.49553298950195 176.96307373046875 0.0
279 -19.372739791870117 46.09443664550781 178.61863708496094 0.0
280 -26.377553939819336 42.476165771484375 175.0086212158203 0.0
281 -27.908098220825195 41.48659896850586 182.22642517089844 0.0
282 -22.850202560424805 44.47323226928711 186.99940490722656 0.0
283 -34.133853912353516 36.536006927490234 186.36630249023438 0.0
284 -28.120742797851562 41.3427619934082 17.812191009521484 0.0
285 -34.13864517211914 36.531532287597656 13.627697944641113 0.0
286 -22.850202560424805 44.47323226928711 13.000593185424805 0.0
287 -42.31515884399414 26.63507843017578 67.1888198852539 0.0
288 -45.78989028930664 20.08198356628418 66.12478637695312 0.0
289 -44.55366134643555 22.69297981262207 73.95462036132812 0.0
290 -42.58969497680664 26.193851470947266 59.40669250488281 0.0
291 -15.342719078063965 47.58782196044922 114.74547576904297 0.0
292 -15.408145904541016 47.566680908203125 104.72344970703125 0.0
293 -21.848844528198242 44.973636627197266 109.23179626464844 0.0
294 -26.840679168701172 42.18504333496094 113.7491683959961 0.0
295 -27.70465660095215 41.62273406982422 105.49472045898438 0.0
296 37.84010314941406 32.68220520019531 6.864075183868408 0.0
297 40.45085144042969 29.389263153076172 0.0 0.0
298 40.45085144042969 29.389263153076172 200.0 0.0
299 37.84010314941406 32.68220520019531 193.13592529296875 0.0
300 -49.60612869262695 6.263535976409912 127.10856628417969 0.0
301 -49.99970245361328 -0.17216907441616058 134.00726318359375 0.0
302 -49.552242279052734 6.676469326019287 136.363525390625 0.0
303 -49.96210861206055 1.9461767673492432 143.0242156982422 0.0
304 -47.59695053100586 15.314386367797852 102.23551940917969 0.0
305 -49.37189865112305 7.90036153793335 106.40443420410156 0.0
306 -48.254981994628906 13.094147682189941 112.8724136352539 0.0
307 -15.222030639648438 47.62656784057617 79.65724182128906 0.0
308 -16.882278442382812 47.06366729736328 87.2003173828125 0.0
309 -21.223939895629883 45.27189254760742 80.5947494506836 0.0
310 -18.838483810424805 46.31534957885742 72.47988891601562 0.0
311 -47.83039093017578 14.568934440612793 172.6815643310547 0.0
312 -45.882389068603516 19.869733810424805 178.72344970703125 0.0
313 -44.89075469970703 22.01862907409668 169.9235382080078 0.0
314 -48.43265151977539 12.42087459564209 165.73275756835938 0.0
315 -46.47209167480469 18.44843101501465 163.2294464111328 0.0
316 -47.83039093017578 14.568934440612793 27.318429946899414 0.0
317 -45.882389068603516 19.869733810424805 21.27655029296875 0.0
318 -44.89075469970703 22.01862907409668 30.076457977294922 0.0
319 -46.47209167480469 18.44843101501465 36.77055740356445 0.0
320 -48.43265151977539 12.42087459564209 34.267234802246094 0.0
321 24.07316017150879 -43.82331466674805 63.8191032409668 0.0
322 28.91562271118164 -40.790767669677734 58.59006118774414 0.0
323 30.0336856842041 -39.97471237182617 67.92755126953125 0.0
324 -4.870806694030762 49.76218795776367 158.10833740234375 0.0
325 -3.922954797744751 49.84586715698242 165.8983917236328 0.0
326 3.424132823944092 49.88261413574219 159.41453552246094 0.0
327 -0.21656835079193115 49.99953079223633 151.29811096191406 0.0
328 -37.36997604370117 33.21874237060547 55.80543899536133 0.0
329 38.405174255371094 -32.01628494262695 193.0729522705078 0.0
330 40.45085144042969 -29.389263153076172 200.0 0.0
331 40.45085144042969 -29.389263153076172 0.0 0.0
332 38.405174255371094 -32.01628494262695 6.927041053771973 0.0
333 -19.671161651611328 45.967872619628906 132.71572875976562 0.0
334 -25.720890045166016 42.876983642578125 132.29835510253906 0.0
335 -23.75958251953125 43.994117736816406 139.9997100830078 0.0
336 -22.490427017211914 44.65625 123.82601165771484 0.0
337 -17.92991828918457 46.674598693847656 140.33924865722656 0.0
338 -10.573823928833008 48.86915588378906 135.921142578125 0.0
339 -41.55156707763672 -27.811281204223633 78.45116424560547 0.0
340 -41.578582763671875 -27.770875930786133 86.48622131347656 0.0
341 -45.31365966796875 -21.134618759155273 79.40998077392578 0.0
342 -37.06304168701172 -33.56085205078125 83.08850860595703 0.0
343 33.060890197753906 37.50969696044922 42.266014099121094 0.0
344 32.89295196533203 37.65705490112305 35.308597564697266 0.0
345 34.89974594116211 35.805137634277344 27.26206398010254 0.0
346 37.08415603637695 33.53752136230469 34.978450775146484 0.0
347 29.2999210357666 40.51560974121094 28.926624298095703 0.0
348 33.060890197753906 37.50969696044922 157.73399353027344 0.0
349 26.977924346923828 42.09740447998047 159.27345275878906 0.0
350 32.89295196533203 37.65705490112305 164.69140625 0.0
351 37.08415603637695 33.53752136230469 165.02154541015625 0.0
352 34.89974594116211 35.805137634277344 172.73793029785156 0.0
353 29.2999210357666 40.51560974121094 171.07337951660156 0.0
354 -1.3158812522888184 49.98268127441406 67.2023696899414 0.0
355 -0.6022884249687195 49.99637222290039 60.03742599487305 0.0
356 -3.01729416847229 49.90887451171875 49.90724182128906 0.0
357 1.0610109567642212 49.98874282836914 136.89028930664062 0.0
358 -5.227043151855469 49.72602844238281 143.67538452148438 0.0
359 2.82246732711792 49.92027282714844 144.30718994140625 0.0
360 -10.02717113494873 48.9842414855957 109.90330505371094 0.0
361 -2.3793182373046875 49.943355560302734 112.8031005859375 0.0
362 -5.5604143142700195 49.689857482910156 103.79073333740234 0.0
363 -9.193432807922363 49.14754104614258 118.1336669921875 0.0
364 49.410926818847656 -7.652481555938721 104.5647201538086 0.0
365 43.682621002197266 -24.327529907226562 122.75930786132812 0.0
366 44.61491775512695 -22.57230567932129 115.86458587646484 0.0
367 40.482242584228516 -29.346006393432617 115.74136352539062 0.0
368 -47.6982421875 -14.99592399597168 75.67797088623047 0.0
369 -48.681190490722656 -11.407971382141113 68.48377227783203 0.0
370 -49.40854263305664 -7.667850494384766 74.88581848144531 0.0
371 -7.771542072296143 49.392337799072266 151.11224365234375 0.0
372 -13.711620330810547 48.08317184448242 146.57936096191406 0.0
373 -11.54588794708252 48.64866256713867 157.6532745361328 0.0
374 9.605513572692871 49.068668365478516 67.95728302001953 0.0
375 3.4142985343933105 49.8832893371582 74.06790161132812 0.0
376 11.59992504119873 48.635807037353516 77.52107238769531 0.0
377 16.96685791015625 47.033241271972656 71.48843383789062 0.0
378 -40.87457275390625 -28.79703712463379 93.06236267089844 0.0
379 -43.57892608642578 -24.512798309326172 98.65637969970703 0.0
380 40.99674987792969 28.622833251953125 97.1832275390625 0.0
381 42.159603118896484 26.8806209564209 89.47216796875 0.0
382 36.26727294921875 34.419254302978516 92.36511993408203 0.0
383 4.994906902313232 49.749881744384766 117.51154327392578 0.0
384 5.049355506896973 49.744388580322266 110.08639526367188 0.0
385 11.240087509155273 48.7202262878418 105.18566131591797 0.0
386 3.9131782054901123 49.84663391113281 102.62177276611328 0.0
387 -49.736175537109375 -5.129620552062988 42.91892623901367 0.0
388 -49.292877197265625 -8.379281044006348 52.064796447753906 0.0
389 -49.99972152709961 0.16681885719299316 49.45766067504883 0.0
390 -49.736175537109375 -5.129620552062988 157.08106994628906 0.0
391 -49.99983596801758 0.128453329205513 150.37451171875 0.0
392 19.461633682250977 46.05697250366211 164.77627563476562 0.0
393 19.314672470092773 46.118797302246094 157.43309020996094 0.0
394 12.629191398620605 48.37874984741211 157.6724395751953 0.0
395 17.520177841186523 46.82994079589844 150.6107177734375 0.0
396 -23.086143493652344 -44.35121154785156 136.25570678710938 0.0
397 -24.45097541809082 -43.613643646240234 144.02896118164062 0.0
398 -28.24335289001465 -41.25909423828125 136.02064514160156 0.0
399 -25.99888038635254 -42.7089958190918 128.96945190429688 0.0
400 -32.536678314208984 -37.96530532836914 130.74554443359375 0.0
401 -19.52623748779297 -46.02962112426758 31.57939910888672 0.0
402 -25.556201934814453 -42.97534942626953 34.71790313720703 0.0
403 17.838077545166016 -46.709774017333984 141.55128479003906 0.0
404 14.359771728515625 -47.89360046386719 133.94163513183594 0.0
405 7.951361656188965 -49.36370849609375 130.37916564941406 0.0
406 19.99851417541504 -45.8264045715332 129.4840087890625 0.0
407 22.699525833129883 44.55032730102539 200.0 0.0
408 19.877666473388672 45.87895202636719 193.2433319091797 0.0
409 15.450849533081055 47.552825927734375 200.0 0.0
410 15.537684440612793 47.5245246887207 188.6259307861328 0.0
411 23.452428817749023 44.15861892700195 187.22650146484375 0.0
412 19.877666473388672 45.87895202636719 6.7566633224487305 0.0
413 22.699525833129883 44.55032730102539 0.0 0.0
414 15.450849533081055 47.552825927734375 0.0 0.0
415 15.537684440612793 47.5245246887207 11.374065399169922 0.0
416 23.452428817749023 44.15861892700195 12.773491859436035 0.0
417 -31.25177574157715 -39.029815673828125 24.16781234741211 0.0
418 -37.153289794921875 -33.46091842651367 20.379016876220703 0.0
419 -30.45865249633789 -39.6518669128418 16.83501434326172 0.0
420 -34.629554748535156 -36.06652069091797 12.277172088623047 0.0
421 -30.533145904541016 -39.59453201293945 7.9551239013671875 0.0
422 -23.916973114013672 -43.908748626708984 12.391742706298828 0.0
423 -11.50816535949707 48.65760040283203 182.29029846191406 0.0
424 -10.019745826721191 48.98575973510742 175.02401733398438 0.0
425 -15.565649032592773 47.51537322998047 170.3158721923828 0.0
426 24.41046714782715 43.636329650878906 51.7394905090332 0.0
427 18.4338321685791 46.47788619995117 52.546260833740234 0.0
428 4.577957630157471 49.789981842041016 24.01561737060547 0.0
429 5.7557053565979 49.6676139831543 17.283123016357422 0.0
430 13.452889442443848 48.15620040893555 18.98164176940918 0.0
431 5.7557053565979 49.6676139831543 182.7168731689453 0.0
432 4.577957630157471 49.789981842041016 175.98439025878906 0.0
433 -0.9978457689285278 49.99004364013672 176.4104461669922 0.0
434 13.452889442443848 48.15620040893555 181.0183563232422 0.0
435 -30.256616592407227 -39.806243896484375 183.104248046875 0.0
436 -23.814220428466797 -43.96456527709961 187.5327911376953 0.0
437 -30.529634475708008 -39.59724044799805 192.03985595703125 0.0
438 -34.629554748535156 -36.06652069091797 187.7228240966797 0.0
439 4.689342498779297 49.77961349487305 130.43475341796875 0.0
440 -4.951759338378906 49.75419616699219 131.14866638183594 0.0
441 0.2965278625488281 49.99911880493164 124.68021392822266 0.0
442 -31.395784378051758 38.91407012939453 43.063323974609375 0.0
443 -32.78147506713867 37.75413513183594 36.4359130859375 0.0
444 -27.424283981323242 41.80799865722656 34.57830047607422 0.0
445 -24.91549301147461 43.34994888305664 40.964656829833984 0.0
446 31.55784797668457 38.78275680541992 92.56916046142578 0.0
447 24.60232925415039 43.5284423828125 93.26506042480469 0.0
448 -37.578975677490234 32.98212432861328 180.69070434570312 0.0
449 -39.23822784423828 30.989700317382812 189.9194793701172 0.0
450 -7.821723461151123 -49.38441848754883 0.0 0.0
451 -9.38516902923584 -49.11128616333008 7.111062049865723 0.0
452 -15.450849533081055 -47.552825927734375 0.0 0.0
453 -16.871971130371094 -47.06736373901367 10.450122833251953 0.0
454 -15.450849533081055 -47.552825927734375 200.0 0.0
455 -9.373291969299316 -49.113555908203125 192.89561462402344 0.0
456 -7.821723461151123 -49.38441848754883 200.0 0.0
457 -16.618478775024414 -47.15746307373047 189.69094848632812 0.0
458 -39.238582611083984 30.98925018310547 10.079568862915039 0.0
459 -37.400978088378906 33.183834075927734 19.229934692382812 0.0
460 26.191974639892578 42.590850830078125 193.31358337402344 0.0
461 26.191974639892578 42.590850830078125 6.686410427093506 0.0
462 -12.27286148071289 48.47037124633789 71.26205444335938 0.0
463 -49.97567367553711 -1.5595475435256958 89.3280029296875 0.0
464 -49.93660354614258 -2.517101526260376 97.20481872558594 0.0
465 -49.841251373291016 3.981170177459717 99.44477844238281 0.0
466 -49.79793930053711 4.490592956542969 92.51378631591797 0.0
467 30.42020606994629 39.68136978149414 151.92698669433594 0.0
468 30.42020606994629 39.68136978149414 48.07301330566406 0.0
469 46.060489654541016 -19.453311920166016 87.8750228881836 0.0
470 45.32023620605469 -21.120512008666992 97.93840789794922 0.0
471 42.63512420654297 -26.119842529296875 88.90408325195312 0.0
472 40.82928466796875 -28.86121368408203 95.94849395751953 0.0
473 17.214723587036133 -46.943084716796875 159.6360626220703 0.0
474 23.469322204589844 -44.14964294433594 156.9239501953125 0.0
475 23.241151809692383 -44.270179748535156 167.095458984375 0.0
476 29.1646728515625 -40.613075256347656 159.98019409179688 0.0
477 16.747194290161133 -47.11190414428711 150.47116088867188 0.0
478 22.73466682434082 -44.53240203857422 150.1912841796875 0.0
479 23.241151809692383 -44.270179748535156 32.904541015625 0.0
480 23.469322204589844 -44.14964294433594 43.076045989990234 0.0
481 17.214723587036133 -46.943084716796875 40.36394119262695 0.0
482 29.1646728515625 -40.613075256347656 40.019805908203125 0.0
483 16.747194290161133 -47.11190414428711 49.52884292602539 0.0
484 22.71188735961914 -44.54402542114258 49.8090705871582 0.0
485 -49.19320297241211 -8.945891380310059 110.05870819091797 0.0
486 -49.81548309326172 -4.291574001312256 104.33812713623047 0.0
487 -35.38557052612305 -35.32508087158203 39.12360763549805 0.0
488 -31.133487701416016 -39.124237060546875 39.358924865722656 0.0
489 -32.365684509277344 -38.11118698120117 32.67071533203125 0.0
490 35.45331954956055 -35.25708770751953 41.2508544921875 0.0
491 32.86809539794922 -37.67875289916992 34.385040283203125 0.0
492 38.02029800415039 -32.4724006652832 33.797386169433594 0.0
493 37.18465042114258 -33.42606735229492 24.70529556274414 0.0
494 31.07699203491211 -39.16912841796875 27.409183502197266 0.0
495 32.86809539794922 -37.67875289916992 165.61495971679688 0.0
496 35.45331954956055 -35.25708770751953 158.7491455078125 0.0
497 38.02029800415039 -32.4724006652832 166.20262145996094 0.0
498 37.18465042114258 -33.42606735229492 175.29470825195312 0.0
499 31.07699203491211 -39.16912841796875 172.5908203125 0.0
500 15.450849533081055 -47.552825927734375 0.0 0.0
501 11.74438190460205 -48.60112762451172 7.366623878479004 0.0
502 11.74438190460205 -48.60112762451172 192.6333770751953 0.0
503 15.450849533081055 -47.552825927734375 200.0 0.0
504 -45.507568359375 20.713794708251953 139.55642700195312 0.0
505 -47.78132629394531 14.729046821594238 144.4812774658203 0.0
506 -45.09024429321289 21.60717010498047 146.27577209472656 0.0
507 -46.75890350341797 17.708894729614258 133.4578094482422 0.0
508 -37.21670913696289 -33.39036560058594 129.73983764648438 0.0
509 -39.76564407348633 -30.30995750427246 136.21240234375 0.0
510 6.714669227600098 49.547080993652344 153.47474670410156 0.0
511 9.96898078918457 48.996116638183594 147.4313507080078 0.0
512 37.84865188598633 32.67230224609375 103.09284210205078 0.0
513 37.984798431396484 32.513919830322266 111.27301788330078 0.0
514 41.60917663574219 27.72501564025879 107.0268325805664 0.0
515 7.841469764709473 49.38128662109375 48.141265869140625 0.0
516 3.851003408432007 49.851478576660156 41.52275085449219 0.0
517 -29.533313751220703 40.34579849243164 56.12673568725586 0.0
518 -33.53877639770508 37.08302307128906 61.208351135253906 0.0
519 -35.35533905029297 35.35533905029297 0.0 0.0
520 -34.603675842285156 36.09135055541992 7.203491687774658 0.0
521 -34.603492736816406 36.09152603149414 192.79638671875 0.0
522 -35.35533905029297 35.35533905029297 200.0 0.0
523 -43.880130767822266 23.969438552856445 154.7080535888672 0.0
524 -46.39606857299805 18.638795852661133 154.89984130859375 0.0
525 -46.39606857299805 18.638795852661133 45.10015869140625 0.0
526 -45.09024429321289 21.60717010498047 53.72422409057617 0.0
527 -43.74691390991211 24.211719512939453 45.240081787109375 0.0
528 -16.104827880859375 47.33534240722656 163.10787963867188 0.0
529 -33.873870849609375 -36.77717971801758 169.63790893554688 0.0
530 -48.12416076660156 13.567062377929688 122.56909942626953 0.0
531 -49.44663619995117 7.418230056762695 118.81710052490234 0.0
532 -49.98033905029297 1.401987075805664 119.96111297607422 0.0
533 34.51584243774414 -36.175357818603516 140.77206420898438 0.0
534 39.846500396728516 -30.203580856323242 140.40782165527344 0.0
535 34.82750701904297 -35.875404357910156 147.97569274902344 0.0
536 39.2530517578125 -30.97092056274414 147.71719360351562 0.0
537 -49.681129455566406 -5.637850761413574 35.928466796875 0.0
538 -48.144840240478516 -13.493489265441895 39.235809326171875 0.0
539 -48.760765075683594 -11.062908172607422 30.69391441345215 0.0
540 36.213253021240234 34.47608184814453 134.80540466308594 0.0
541 29.6541690826416 40.25705337524414 133.31674194335938 0.0
542 32.087894439697266 38.345367431640625 139.3768768310547 0.0
543 24.58643341064453 43.53742218017578 139.98382568359375 0.0
544 -30.008317947387695 39.99375915527344 143.59361267089844 0.0
545 -37.39602279663086 33.18941879272461 145.40306091308594 0.0
546 -34.242435455322266 36.43426513671875 138.9706573486328 0.0
547 -25.277021408081055 -43.14014434814453 152.66134643554688 0.0
548 -19.603479385375977 -45.99677658081055 156.0748748779297 0.0
549 -13.712669372558594 -48.0828742980957 153.9253387451172 0.0
550 34.487945556640625 -36.20195388793945 59.20557403564453 0.0
551 36.49757385253906 -34.17494583129883 65.87100982666016 0.0
552 40.52208709716797 -29.290964126586914 59.567413330078125 0.0
553 34.892269134521484 -35.81241989135742 52.02664566040039 0.0
554 39.2530517578125 -30.97092056274414 52.282806396484375 0.0
555 45.234806060791016 -21.30286979675293 107.2493896484375 0.0
556 42.16379928588867 -26.874042510986328 102.81830596923828 0.0
557 -21.716732025146484 -45.03757858276367 119.2103500366211 0.0
558 -27.762706756591797 -41.58403778076172 120.99446868896484 0.0
559 -18.636859893798828 -46.396846771240234 125.56683349609375 0.0
560 -15.833642959594727 -47.42674255371094 132.25567626953125 0.0
561 22.4257755279541 44.688751220703125 74.12830352783203 0.0
562 45.19723129272461 21.382474899291992 108.0 0.0
563 47.7249870300293 14.91058349609375 105.80116271972656 0.0
564 45.448585510253906 20.84288787841797 99.23430633544922 0.0
565 48.390987396240234 12.582223892211914 98.92208862304688 0.0
566 46.382381439208984 18.672836303710938 115.42139434814453 0.0
567 48.689598083496094 11.372034072875977 112.34843444824219 0.0
568 44.55032730102539 22.699525833129883 200.0 0.0
569 42.57545852661133 26.216981887817383 193.91680908203125 0.0
570 45.779685974121094 20.10523223876953 190.11766052246094 0.0
571 41.00926208496094 28.604902267456055 187.3264923095703 0.0
572 42.57545852661133 26.216981887817383 6.083187580108643 0.0
573 44.55032730102539 22.699525833129883 0.0 0.0
574 45.779685974121094 20.10523223876953 9.882336616516113 0.0
575 41.00926208496094 28.604902267456055 12.673501014709473 0.0
576 -48.959495544433594 10.147303581237793 96.93359375 0.0
577 -48.94169616699219 10.23280143737793 90.02571868896484 0.0
578 -48.381046295166016 12.620391845703125 41.42563247680664 0.0
579 -49.52382278442383 6.884100914001465 37.81476593017578 0.0
580 -49.598426818847656 6.324253559112549 45.22190475463867 0.0
581 -48.381046295166016 12.620391845703125 158.57437133789062 0.0
582 -49.52382278442383 6.884100914001465 162.18524169921875 0.0
583 -49.598426818847656 6.324253559112549 154.77809143066406 0.0
584 19.966787338256836 -45.84023666381836 15.860774040222168 0.0
585 21.613481521606445 -45.08721923828125 22.767181396484375 0.0
586 27.642873764038086 -41.66379165649414 19.9842586517334 0.0
587 26.43134880065918 -42.442710876464844 11.795282363891602 0.0
588 21.613481521606445 -45.08721923828125 177.23281860351562 0.0
589 19.96218490600586 -45.84224319458008 184.1389617919922 0.0
590 27.642873764038086 -41.66379165649414 180.0157470703125 0.0
591 26.43134880065918 -42.442710876464844 188.2047119140625 0.0
592 -28.823381423950195 -40.85599899291992 57.71246337890625 0.0
593 -22.898845672607422 -44.448204040527344 56.387977600097656 0.0
594 -45.465885162353516 -20.805126190185547 39.89506530761719 0.0
595 -46.899532318115234 -17.333024978637695 45.58119583129883 0.0
596 -45.157447814941406 -21.46636390686035 33.061790466308594 0.0
597 -41.1251220703125 -28.43807601928711 36.09660720825195 0.0
598 49.48638916015625 -7.148239612579346 137.19613647460938 0.0
599 50.0 -1.2246467572939613e-14 136.0 0.0
600 50.0 -1.2246467572939613e-14 144.0 0.0
601 49.12567901611328 -9.309541702270508 144.1299591064453 0.0
602 49.474571228027344 7.229590892791748 63.7932014465332 0.0
603 49.38613510131836 7.810867786407471 71.29281616210938 0.0
604 11.624897956848145 -48.629844665527344 44.494895935058594 0.0
605 8.509084701538086 -49.270633697509766 38.08610534667969 0.0
606 7.925037384033203 -49.367942810058594 50.57390594482422 0.0
607 11.624897956848145 -48.629844665527344 155.50511169433594 0.0
608 8.843167304992676 -49.211769104003906 162.2748260498047 0.0
609 22.065526962280273 -44.86772155761719 80.67408752441406 0.0
610 24.647733688354492 -43.502750396728516 72.51130676269531 0.0
611 19.575603485107422 -46.00864791870117 69.61534881591797 0.0
612 42.671939849853516 -26.059656143188477 134.36911010742188 0.0
613 -48.20100402832031 -13.291476249694824 5.941247940063477 0.0
614 -49.38441848754883 -7.821723461151123 0.0 0.0
615 -47.552825927734375 -15.450849533081055 0.0 0.0
616 -49.48275375366211 -7.17335844039917 9.503093719482422 0.0
617 -49.38441848754883 -7.821723461151123 200.0 0.0
618 -48.20100402832031 -13.291476249694824 194.05874633789062 0.0
619 -47.552825927734375 -15.450849533081055 200.0 0.0
620 -49.48275375366211 -7.17335844039917 190.4969024658203 0.0
621 0.5290626287460327 -49.99720001220703 182.6249542236328 0.0
622 -4.460443496704102 -49.8006477355957 187.93655395507812 0.0
623 -0.5402045845985413 -49.9970817565918 17.35869789123535 0.0
624 -4.460443496704102 -49.8006477355957 12.063446998596191 0.0
625 47.285560607910156 -16.25041389465332 143.6845245361328 0.0
626 45.257205963134766 -21.2552433013916 148.44456481933594 0.0
627 -38.248809814453125 32.20292663574219 63.5667724609375 0.0
628 -40.025909423828125 29.965423583984375 93.17880249023438 0.0
629 -33.725196838378906 36.91355895996094 92.1324234008789 0.0
630 42.058143615722656 -27.039093017578125 162.21157836914062 0.0
631 40.48177719116211 -29.34664535522461 155.1851043701172 0.0
632 44.90150833129883 -21.996692657470703 157.59555053710938 0.0
633 42.058143615722656 -27.039093017578125 37.788421630859375 0.0
634 44.90150833129883 -21.996692657470703 42.404449462890625 0.0
635 40.48177719116211 -29.34664535522461 44.81489944458008 0.0
636 -42.36077117919922 26.562477111816406 117.92422485351562 0.0
637 -41.29170608520508 28.195653915405273 110.07814025878906 0.0
638 -44.81642532348633 22.169527053833008 114.93826293945312 0.0
639 50.0 -1.2246467572939613e-14 80.0 0.0
640 50.0 -1.2246467572939613e-14 88.0 0.0
641 49.55985641479492 -6.619713306427002 82.76616668701172 0.0
642 49.04259490966797 -9.737760543823242 89.22663116455078 0.0
643 49.620811462402344 6.146132946014404 51.70180892944336 0.0
644 50.0 -1.2246467572939613e-14 56.0 0.0
645 50.0 -1.2246467572939613e-14 48.0 0.0
646 47.5960578918457 -15.317156791687012 105.22822570800781 0.0
647 48.406822204589844 -12.521164894104004 98.68171691894531 0.0
648 48.75932312011719 -11.069257736206055 111.39314270019531 0.0
649 49.570411682128906 6.540199279785156 82.9205093383789 0.0
650 48.98069381713867 10.044479370117188 89.15829467773438 0.0
651 -42.702640533447266 -26.009315490722656 24.006023406982422 0.0
652 -39.505638122558594 -30.6480770111084 28.253244400024414 0.0
653 -48.299068450927734 12.93058967590332 151.24349975585938 0.0
654 -47.78632354736328 14.712828636169434 55.76008605957031 0.0
655 -48.299068450927734 12.93058967590332 48.75649642944336 0.0
656 -35.132633209228516 -35.57665252685547 136.8478240966797 0.0
657 49.61661911010742 -6.1798882484436035 51.58841323852539 0.0
658 48.89812469482422 -10.439030647277832 57.29767608642578 0.0
659 -20.757905960083008 -45.487464904785156 64.80152130126953 0.0
660 -45.53440475463867 -20.65472984313965 87.59774780273438 0.0
661 31.822174072265625 -38.566165924072266 100.0 0.0
662 32.550132751464844 -37.953773498535156 108.44756317138672 0.0
663 26.481809616088867 -42.4112434387207 104.77316284179688 0.0
664 26.822847366333008 -42.19638442993164 110.30525207519531 0.0
665 25.684751510620117 -42.898643493652344 98.31657409667969 0.0
666 -20.85270881652832 -45.4440803527832 194.36314392089844 0.0
667 -22.699525833129883 -44.55032730102539 200.0 0.0
668 -21.00676727294922 -45.37307357788086 5.590238571166992 0.0
669 -22.699525833129883 -44.55032730102539 0.0 0.0
670 -46.653533935546875 -17.98465347290039 63.9028205871582 0.0
671 21.987871170043945 -44.90583038330078 6.965900897979736 0.0
672 16.861373901367188 -47.07115936279297 10.38408374786377 0.0
673 21.987871170043945 -44.90583038330078 193.0341033935547 0.0
674 16.861373901367188 -47.07115936279297 189.6159210205078 0.0
675 33.37273406982422 37.232521057128906 182.0160675048828 0.0
676 38.26955795288086 32.17826843261719 181.910888671875 0.0
677 40.494014739990234 29.329761505126953 175.8652801513672 0.0
678 38.26955795288086 32.17826843261719 18.0891056060791 0.0
679 33.37273406982422 37.232521057128906 17.983938217163086 0.0
680 40.494014739990234 29.329761505126953 24.134723663330078 0.0
681 -45.37202072143555 -21.009037017822266 51.81664276123047 0.0
682 -20.50001335144043 -45.604270935058594 18.278785705566406 0.0
683 -38.517059326171875 -31.881593704223633 57.35182571411133 0.0
684 47.41312026977539 15.874381065368652 143.54397583007812 0.0
685 49.17129898071289 9.065505027770996 144.45314025878906 0.0
686 45.449710845947266 20.840438842773438 148.21478271484375 0.0
687 -40.734439849853516 28.994918823242188 37.67747116088867 0.0
688 -37.027435302734375 33.600135803222656 35.89179229736328 0.0
689 -40.269676208496094 29.63702392578125 30.230966567993164 0.0
690 -35.8209114074707 34.88355255126953 26.05269432067871 0.0
691 -48.54277801513672 -11.98327350616455 46.17135238647461 0.0
692 -29.72025489807129 40.208290100097656 76.47299194335938 0.0
693 -32.71357727050781 37.812984466552734 85.16065216064453 0.0
694 -28.22618293762207 41.270843505859375 89.39186096191406 0.0
695 -44.55032730102539 22.699525833129883 0.0 0.0
696 -42.91693878173828 25.65416717529297 6.071604251861572 0.0
697 -40.45085144042969 29.389263153076172 0.0 0.0
698 -42.91693878173828 25.65416717529297 193.9283905029297 0.0
699 -44.55032730102539 22.699525833129883 200.0 0.0
700 -40.45085144042969 29.389263153076172 200.0 0.0
701 49.503662109375 -7.027620315551758 63.46181106567383 0.0
702 49.473628997802734 7.236019134521484 137.12429809570312 0.0
703 35.32392120361328 -35.3867301940918 93.20509338378906 0.0
704 39.11212158203125 -31.148710250854492 88.46359252929688 0.0
705 41.92491149902344 -27.245214462280273 82.91682434082031 0.0
706 -1.4455440044403076 49.97909927368164 98.18659973144531 0.0
707 -10.091959953308105 48.97093200683594 95.40363311767578 0.0
708 -46.325828552246094 18.812694549560547 109.47565460205078 0.0
709 -44.59583282470703 22.60999298095703 103.94544982910156 0.0
710 -49.65046310424805 5.90183162689209 85.50896453857422 0.0
711 -48.57955551147461 11.833295822143555 78.35631561279297 0.0
712 -49.836978912353516 4.034305095672607 78.84344482421875 0.0
713 -49.88503646850586 -3.3886916637420654 81.49556732177734 0.0
714 36.848350524902344 -33.79643630981445 113.09395599365234 0.0
715 31.946226119995117 -38.463470458984375 117.2664794921875 0.0
716 38.08945083618164 -32.391258239746094 106.73895263671875 0.0
717 30.60065460205078 -39.542381286621094 46.7594108581543 0.0
718 30.60065460205078 -39.542381286621094 153.24058532714844 0.0
719 -46.62390899658203 18.06131935119629 6.333462238311768 0.0
720 -44.86871337890625 22.063512802124023 11.688992500305176 0.0
721 -46.62390899658203 18.06131935119629 193.66653442382812 0.0
722 -44.86871337890625 22.063512802124023 188.31100463867188 0.0
723 -5.47015905380249 -49.69987106323242 148.8008270263672 0.0
724 -6.384785175323486 -49.59067153930664 156.4122772216797 0.0
725 -0.7783796787261963 -49.99394226074219 157.14991760253906 0.0
726 12.920513153076172 48.301761627197266 164.58950805664062 0.0
727 12.920513153076172 48.301761627197266 35.41049575805664 0.0
728 -1.9821068048477173 49.960697174072266 74.08983612060547 0.0
729 -47.766883850097656 14.775821685791016 62.468833923339844 0.0
730 -45.17533874511719 -21.428691864013672 183.75942993164062 0.0
731 -44.75101852416992 -22.301259994506836 16.364524841308594 0.0
732 50.0 -1.2246467572939613e-14 0.0 0.0
733 49.533931732177734 6.810993194580078 6.852216720581055 0.0
734 50.0 -1.2246467572939613e-14 8.0 0.0
735 49.38441848754883 7.821723461151123 0.0 0.0
736 50.0 -1.2246467572939613e-14 192.0 0.0
737 49.533931732177734 6.810993194580078 193.1477813720703 0.0
738 50.0 -1.2246467572939613e-14 200.0 0.0
739 49.38441848754883 7.821723461151123 200.0 0.0
740 -47.0076904296875 17.037513732910156 94.0379409790039 0.0
741 11.068769454956055 -48.75943374633789 61.2999267578125 0.0
742 12.250306129455566 -48.476078033447266 55.25814437866211 0.0
743 17.496469497680664 -46.83880615234375 58.404449462890625 0.0
744 42.32784652709961 26.61490821838379 181.28768920898438 0.0
745 42.32784652709961 26.61490821838379 18.712316513061523 0.0
746 -49.96241760253906 1.9382935762405396 55.522037506103516 0.0
747 -49.99726104736328 0.5235009789466858 62.013343811035156 0.0
748 -5.754668235778809 49.66773223876953 182.90135192871094 0.0
749 -28.666088104248047 -40.966514587402344 114.23766326904297 0.0
750 -45.619041442871094 -20.46712303161621 117.2555160522461 0.0
751 -40.27706527709961 29.626977920532227 169.759521484375 0.0
752 -37.52099609375 33.04806900024414 164.52056884765625 0.0
753 -35.172607421875 35.537132263183594 174.03736877441406 0.0
754 23.55986785888672 44.10139083862305 169.92909240722656 0.0
755 19.28357696533203 46.13180923461914 174.9049835205078 0.0
756 25.269527435302734 43.144535064697266 178.4090118408203 0.0
757 19.28357696533203 46.13180923461914 25.095012664794922 0.0
758 23.55986785888672 44.10139083862305 30.070907592773438 0.0
759 25.269527435302734 43.144535064697266 21.59099006652832 0.0
760 -18.02665138244629 46.63732147216797 17.33733367919922 0.0
761 -12.417671203613281 48.433475494384766 17.502363204956055 0.0
762 -15.383914947509766 47.57452392578125 9.666324615478516 0.0
763 -22.737165451049805 44.5311279296875 7.00145149230957 0.0
764 -15.450849533081055 47.552825927734375 0.0 0.0
765 -15.450849533081055 47.552825927734375 200.0 0.0
766 -22.565950393676758 44.618133544921875 193.01806640625 0.0
767 -15.282177925109863 47.6072998046875 190.76998901367188 0.0
768 -9.59768009185791 -49.0702018737793 13.28409481048584 0.0
769 -9.872442245483398 -49.01565933227539 186.5012969970703 0.0
770 19.677780151367188 45.96504211425781 18.27786636352539 0.0
771 19.677780151367188 45.96504211425781 181.72213745117188 0.0
772 27.29645347595215 41.891571044921875 101.12882995605469 0.0
773 30.505367279052734 39.61594009399414 109.07551574707031 0.0
774 32.48355484008789 38.010772705078125 100.0 0.0
775 23.342012405395508 44.21708297729492 107.17936706542969 0.0
776 21.460269927978516 45.16034698486328 99.9308090209961 0.0
777 40.66402816772461 29.09358787536621 128.5898895263672 0.0
778 44.75094985961914 22.301401138305664 123.69161987304688 0.0
779 43.07911682128906 25.380891799926758 118.27410888671875 0.0
780 -31.07095718383789 39.17391586303711 170.00282287597656 0.0
781 -22.330108642578125 44.73663330078125 90.57025909423828 0.0
782 -15.973272323608398 47.37989807128906 95.23182678222656 0.0
783 -23.675960540771484 44.0391731262207 98.29302215576172 0.0
784 -19.64307975769043 -45.979881286621094 182.21969604492188 0.0
785 42.66055679321289 26.078283309936523 134.44342041015625 0.0
786 40.8997688293457 28.761240005493164 140.52993774414062 0.0
787 -33.52292251586914 -37.097354888916016 124.08135223388672 0.0
788 -49.808013916015625 -4.377429008483887 21.142675399780273 0.0
789 -49.781497955322266 -4.66933012008667 27.92704200744629 0.0
790 -49.977821350097656 1.489084005355835 32.28068161010742 0.0
791 -49.77398681640625 -4.748725891113281 172.21449279785156 0.0
792 -49.808013916015625 -4.377429008483887 178.85733032226562 0.0
793 -48.788963317871094 -10.937870025634766 169.3050079345703 0.0
794 -49.977821350097656 1.489084005355835 167.7193145751953 0.0
795 -49.76246643066406 -4.867953777313232 164.31581115722656 0.0
796 49.546085357666016 -6.722014427185059 193.23594665527344 0.0
797 49.38441848754883 -7.821723461151123 200.0 0.0
798 49.546085357666016 -6.722014427185059 6.7640509605407715 0.0
799 49.38441848754883 -7.821723461151123 0.0 0.0
800 17.374500274658203 46.884185791015625 109.16710662841797 0.0
801 34.7123908996582 35.98680114746094 115.13404846191406 0.0
802 10.036101341247559 -48.9824104309082 121.76355743408203 0.0
803 10.93887710571289 -48.78873825073242 115.20886993408203 0.0
804 17.62944793701172 -46.78891372680664 117.21664428710938 0.0
805 35.121543884277344 -35.58760070800781 182.83486938476562 0.0
806 39.6234130859375 -30.49565887451172 182.7174835205078 0.0
807 40.91088104248047 -28.745433807373047 176.2709197998047 0.0
808 39.6234130859375 -30.49565887451172 17.28251075744629 0.0
809 35.121543884277344 -35.58760070800781 17.16512680053711 0.0
810 40.91088104248047 -28.745433807373047 23.729074478149414 0.0
811 28.264448165893555 -41.24464797973633 83.892333984375 0.0
812 -24.80816650390625 -43.411460876464844 70.90287780761719 0.0
813 -19.983964920043945 -45.8327522277832 71.5149154663086 0.0
814 39.420143127441406 -30.75796127319336 121.94915008544922 0.0
815 -10.650786399841309 48.852439880371094 49.35820770263672 0.0
816 -8.802131652832031 49.2191276550293 42.28413391113281 0.0
817 -14.278653144836426 47.9178466796875 40.59192657470703 0.0
818 -16.767005920410156 47.1048583984375 47.04926681518555 0.0
819 -9.654268264770508 49.05909729003906 34.813899993896484 0.0
820 49.531864166259766 6.8260064125061035 95.3373031616211 0.0
821 50.0 -1.2246467572939613e-14 96.0 0.0
822 2.525956869125366 49.936153411865234 169.86448669433594 0.0
823 9.06086254119873 49.17215347290039 169.63790893554688 0.0
824 -21.824596405029297 44.985408782958984 170.58001708984375 0.0
825 14.780380249023438 -47.765472412109375 126.95745849609375 0.0
826 -40.63536071777344 29.13361358642578 126.01744842529297 0.0
827 -44.237464904785156 23.30336570739746 125.24280548095703 0.0
828 -38.24560546875 32.20673370361328 121.2290267944336 0.0
829 4.05410623550415 49.83537292480469 54.722991943359375 0.0
830 4.947830677032471 49.75458908081055 60.748504638671875 0.0
831 11.321407318115234 48.701393127441406 52.572166442871094 0.0
832 -14.412856101989746 -47.87765121459961 67.53795623779297 0.0
833 -7.075077056884766 -49.49690246582031 64.06656646728516 0.0
834 -13.174814224243164 -48.2330207824707 60.85123825073242 0.0
835 -21.481542587280273 45.150230407714844 29.60354232788086 0.0
836 -27.27933120727539 41.9027214050293 25.333850860595703 0.0
837 -6.055472373962402 -49.6319580078125 141.91415405273438 0.0
838 -1.3672077655792236 -49.98130416870117 137.70545959472656 0.0
839 -24.32566261291504 43.683658599853516 61.8131217956543 0.0
840 -29.39112663269043 40.449493408203125 67.79331970214844 0.0
841 -23.737184524536133 44.00620651245117 68.50154113769531 0.0
842 29.20960807800293 40.58076858520508 13.898845672607422 0.0
843 29.20960807800293 40.58076858520508 186.1011505126953 0.0
844 -28.786733627319336 40.88182830810547 95.46212768554688 0.0
845 -32.75399398803711 37.77798080444336 99.99825286865234 0.0
846 -34.74805450439453 -35.952369689941406 157.23655700683594 0.0
847 47.87825012207031 -14.410866737365723 52.20496368408203 0.0
848 48.73359298706055 -11.181984901428223 46.78050231933594 0.0
849 -1.1015998125076294 -49.98786163330078 67.94786834716797 0.0
850 -0.06351537257432938 -49.99995803833008 62.41953659057617 0.0
851 -6.170466899871826 -49.617794036865234 57.95090866088867 0.0
852 -6.029099941253662 -49.635169982910156 51.37312316894531 0.0
853 1.0605441331863403 -49.98875045776367 54.52678680419922 0.0
854 -12.629524230957031 -48.378662109375 53.23820495605469 0.0
855 -49.54591751098633 6.723258972167969 72.73933410644531 0.0
856 -29.653120040893555 -40.2578239440918 156.8153533935547 0.0
857 -9.125646591186523 49.16017150878906 6.546829700469971 0.0
858 -7.821723461151123 49.38441848754883 0.0 0.0
859 -9.017512321472168 49.18012237548828 193.4925079345703 0.0
860 -7.821723461151123 49.38441848754883 200.0 0.0
861 49.54377365112305 -6.739029884338379 95.3036880493164 0.0
862 -37.975765228271484 32.524471282958984 114.56771850585938 0.0
863 -34.544822692871094 36.14768600463867 110.1374740600586 0.0
864 -32.113704681396484 38.323753356933594 119.65699768066406 0.0
865 13.803999900817871 -48.056732177734375 74.05085754394531 0.0
866 8.521522521972656 -49.26848602294922 71.83250427246094 0.0
867 12.8582124710083 -48.31838607788086 66.81599426269531 0.0
868 -27.338958740234375 -41.86384201049805 94.12348937988281 0.0
869 -26.510738372802734 -42.39316940307617 101.37184143066406 0.0
870 -8.695194244384766 -49.23813247680664 99.93817138671875 0.0
871 -5.62083101272583 -49.68305969238281 95.63419342041016 0.0
872 -6.508880138397217 -49.57453536987305 88.99272155761719 0.0
873 -48.44292068481445 -12.38077449798584 154.03482055664062 0.0
874 13.009382247924805 48.27790451049805 25.898101806640625 0.0
875 8.215542793273926 49.320430755615234 30.43613052368164 0.0
876 13.009382247924805 48.27790451049805 174.10189819335938 0.0
877 -18.325992584228516 -46.520511627197266 113.04269409179688 0.0
878 -15.547341346740723 -47.521366119384766 105.65619659423828 0.0
879 -12.064752578735352 -48.52259063720703 111.90270233154297 0.0
880 6.7797746658325195 -49.53821563720703 77.6607894897461 0.0
881 41.74783706665039 -27.515777587890625 109.63729858398438 0.0
882 -21.174949645996094 -45.294830322265625 100.2032470703125 0.0
883 -16.21894645690918 -47.29636001586914 96.24700164794922 0.0
884 43.567989349365234 24.532230377197266 25.618608474731445 0.0
885 43.61259460449219 24.45284080505371 32.23423767089844 0.0
886 43.567989349365234 24.532230377197266 174.3813934326172 0.0
887 43.61259460449219 24.45284080505371 167.76576232910156 0.0
888 -47.07352066040039 -16.85477638244629 171.2989959716797 0.0
889 -47.07352066040039 -16.85477638244629 28.701007843017578 0.0
890 -33.20293045043945 37.384029388427734 72.28026580810547 0.0
891 -10.480018615722656 48.88935852050781 166.27381896972656 0.0
892 -4.592611789703369 -49.788631439208984 170.55349731445312 0.0
893 1.5493141412734985 -49.975990295410156 168.0457000732422 0.0
894 -37.670413970947266 32.877647399902344 104.21029663085938 0.0
895 -43.846126556396484 -24.031583786010742 151.10714721679688 0.0
896 -49.64874267578125 -5.9162821769714355 62.45624542236328 0.0
897 -49.73933029174805 -5.0989227294921875 68.81021118164062 0.0
898 -5.379594326019287 -49.70975875854492 122.08441925048828 0.0
899 0.12255862355232239 -49.99985122680664 128.18832397460938 0.0
900 -7.998990535736084 -49.356014251708984 127.87137603759766 0.0
901 0.7588585019111633 -49.994239807128906 120.12714385986328 0.0
902 -49.987979888916016 -1.096257209777832 74.68955993652344 0.0
903 29.807907104492188 -40.14335250854492 125.82880401611328 0.0
904 25.326053619384766 -43.11137771606445 121.89885711669922 0.0
905 42.63200759887695 -26.124927520751953 5.310149192810059 0.0
906 41.93773651123047 -27.22547149658203 11.785150527954102 0.0
907 42.63200759887695 -26.124927520751953 194.68984985351562 0.0
908 41.93773651123047 -27.22547149658203 188.21484375 0.0
909 49.616302490234375 -6.18242883682251 42.582855224609375 0.0
910 49.13722610473633 -9.24840259552002 157.36050415039062 0.0
911 50.0 -1.2246467572939613e-14 152.0 0.0
912 -48.449100494384766 -12.35656452178955 130.3536376953125 0.0
913 -49.01548385620117 -9.87331485748291 124.26533508300781 0.0
914 21.75733184814453 -45.01797866821289 87.50457000732422 0.0
915 26.6331844329834 -42.316349029541016 90.95591735839844 0.0
916 48.03592300415039 13.876236915588379 17.619688034057617 0.0
917 48.53993225097656 11.994791030883789 11.573423385620117 0.0
918 48.03592300415039 13.876236915588379 182.38031005859375 0.0
919 48.53993225097656 11.994791030883789 188.42657470703125 0.0
920 6.096307754516602 -49.626956939697266 103.1497573852539 0.0
921 26.343374252319336 42.497371673583984 113.13272094726562 0.0
922 -49.29971694946289 -8.338934898376465 15.948690414428711 0.0
923 -49.29971694946289 -8.338934898376465 184.0513153076172 0.0
924 36.6236686706543 -34.03978729248047 99.55778503417969 0.0
925 -46.866397857666016 17.42241668701172 72.867919921875 0.0
926 11.947704315185547 48.551544189453125 59.13633728027344 0.0
927 18.177064895629883 46.57890319824219 60.0 0.0
928 -3.2774763107299805 -49.8924674987793 5.66951847076416 0.0
929 -3.2774763107299805 -49.8924674987793 194.33047485351562 0.0
930 -35.83127212524414 34.87290954589844 126.70263671875 0.0
931 -31.140169143676758 39.118919372558594 128.38038635253906 0.0
932 23.756168365478516 43.9959602355957 133.7250518798828 0.0
933 6.510983467102051 49.574256896972656 123.90567779541016 0.0
934 -27.283159255981445 -41.900230407714844 28.50118064880371 0.0
935 -22.54874610900879 -44.6268310546875 24.9084529876709 0.0
936 48.725704193115234 11.216316223144531 46.687957763671875 0.0
937 47.91605758666992 14.284660339355469 52.154632568359375 0.0
938 48.98311996459961 10.032649993896484 57.48574447631836 0.0
939 47.69108581542969 15.018669128417969 73.25688934326172 0.0
940 48.67168426513672 11.44844913482666 78.44320678710938 0.0
941 45.151329040527344 21.479230880737305 76.43971252441406 0.0
942 46.75753402709961 17.712507247924805 81.70514678955078 0.0
943 -49.46940612792969 7.264830112457275 51.77968215942383 0.0
944 -49.46940612792969 7.264830112457275 148.22032165527344 0.0
945 42.886253356933594 -25.705432891845703 17.892780303955078 0.0
946 42.886253356933594 -25.705432891845703 182.1072235107422 0.0
947 49.64484405517578 5.948890209197998 157.3831787109375 0.0
948 49.66972351074219 5.737468719482422 42.986717224121094 0.0
949 36.48464584350586 34.18874740600586 128.21163940429688 0.0
950 -49.844398498535156 3.941544532775879 194.2772979736328 0.0
951 -50.0 -1.6081428723391245e-14 200.0 0.0
952 -50.0 -1.6081428723391245e-14 0.0 0.0
953 -49.844398498535156 3.941544532775879 5.722694396972656 0.0
954 46.53071975708008 18.3000545501709 88.27674865722656 0.0
955 47.04190444946289 16.942821502685547 94.13040924072266 0.0
956 47.235984802246094 16.39395523071289 157.1249542236328 0.0
957 44.672786712646484 22.45755958557129 157.56497192382812 0.0
958 45.449710845947266 20.840438842773438 51.78521728515625 0.0
959 47.235984802246094 16.39395523071289 42.87504196166992 0.0
960 44.672786712646484 22.45755958557129 42.43502426147461 0.0
961 -49.93248748779297 2.5974082946777344 25.57854652404785 0.0
962 -49.93323516845703 2.5829997062683105 174.42172241210938 0.0
963 -42.17791748046875 26.851879119873047 15.147791862487793 0.0
964 -41.521183013916016 27.85662269592285 21.29656219482422 0.0
965 -42.28151321411133 26.688453674316406 184.76466369628906 0.0
966 -41.521183013916016 27.85662269592285 178.70343017578125 0.0
967 12.917423248291016 -48.302589416503906 96.15275573730469 0.0
968 16.445289611816406 -47.218135833740234 90.95603942871094 0.0
969 -29.264097213745117 -40.5414924621582 51.828453063964844 0.0
970 -25.277021408081055 -43.14014434814453 47.338645935058594 0.0
971 -49.318050384521484 -8.229823112487793 85.76956939697266 0.0
972 49.70469284057617 -5.4262003898620605 76.30123901367188 0.0
973 48.66578674316406 -11.473502159118652 78.0113754272461 0.0
974 47.49420166015625 -15.630128860473633 72.90294647216797 0.0
975 45.263710021972656 -21.241384506225586 76.1739501953125 0.0
976 46.856849670410156 -17.448089599609375 81.35855865478516 0.0
977 -21.64750099182129 45.07089614868164 117.3709945678711 0.0
978 -30.31342124938965 39.763004302978516 136.6153564453125 0.0
979 -16.734121322631836 47.11655044555664 184.9969482421875 0.0
980 -32.83597946166992 -37.70674514770508 61.340232849121094 0.0
981 47.88273620605469 -14.395955085754395 92.75032043457031 0.0
982 17.418781280517578 -46.86775207519531 166.0908660888672 0.0
983 17.418781280517578 -46.86775207519531 33.909141540527344 0.0
984 4.865200519561768 -49.762733459472656 136.03884887695312 0.0
985 -47.556087493896484 -15.440804481506348 165.04930114746094 0.0
986 47.552825927734375 15.450849533081055 0.0 0.0
987 47.602783203125 15.296246528625488 6.454765319824219 0.0
988 47.602783203125 15.296246528625488 193.5452423095703 0.0
989 47.552825927734375 15.450849533081055 200.0 0.0
990 38.639408111572266 31.73320198059082 79.81103515625 0.0
991 40.343746185302734 29.536113739013672 71.32390594482422 0.0
992 5.9363274574279785 -49.6463508605957 65.93077850341797 0.0
993 48.09960174560547 -13.653874397277832 17.760604858398438 0.0
994 48.3388786315918 -12.780950546264648 11.831985473632812 0.0
995 48.09960174560547 -13.653874397277832 182.23939514160156 0.0
996 48.3388786315918 -12.780950546264648 188.1680145263672 0.0
997 -35.280738830566406 -35.42978286743164 27.62391471862793 0.0
998 -27.63498878479004 41.66902160644531 82.43463897705078 0.0
999 -31.92784881591797 38.47872543334961 30.144081115722656 0.0
1000 -32.72023010253906 37.80723190307617 179.49420166015625 0.0
1001 -16.70401954650879 -47.127227783203125 25.672344207763672 0.0
1002 -32.97682189941406 37.5836296081543 20.557918548583984 0.0
1003 -20.399799346923828 -45.64918518066406 50.624366760253906 0.0
1004 36.84959030151367 33.795082092285156 141.18312072753906 0.0
1005 33.99199676513672 36.668025970458984 146.1946563720703 0.0
1006 38.47816467285156 31.928524017333984 146.31423950195312 0.0
1007 -23.121110916137695 44.33299255371094 20.39688491821289 0.0
1008 49.63383483886719 -6.040056228637695 149.69834899902344 0.0
1009 48.847389221191406 -10.67391586303711 152.1229248046875 0.0
1010 -32.7146110534668 -37.81209182739258 79.34300231933594 0.0
1011 -32.482666015625 -38.011531829833984 84.85658264160156 0.0
1012 -27.971881866455078 41.44362258911133 123.3617172241211 0.0
1013 43.89567565917969 -23.940959930419922 25.017160415649414 0.0
1014 43.69850158691406 -24.298988342285156 31.541831970214844 0.0
1015 43.89567565917969 -23.940959930419922 174.9828338623047 0.0
1016 43.69850158691406 -24.298988342285156 168.4581756591797 0.0
1017 42.564117431640625 26.235395431518555 146.21536254882812 0.0
1018 40.10578536987305 29.85843276977539 153.71487426757812 0.0
1019 42.564117431640625 26.235395431518555 53.78464126586914 0.0
1020 41.44862747192383 27.964462280273438 59.480323791503906 0.0
1021 38.860992431640625 31.461456298828125 53.1556510925293 0.0
1022 40.10578536987305 29.85843276977539 46.285125732421875 0.0
1023 36.04887008666992 34.647926330566406 187.3470001220703 0.0
1024 36.04887008666992 34.647926330566406 12.653003692626953 0.0
1025 13.326909065246582 -48.191219329833984 145.5799102783203 0.0
1026 47.645484924316406 -15.16270637512207 42.562461853027344 0.0
1027 45.257205963134766 -21.2552433013916 51.55542755126953 0.0
1028 47.44831085205078 -15.768889427185059 36.1533317565918 0.0
1029 47.48725891113281 -15.651203155517578 157.466552734375 0.0
1030 47.44831085205078 -15.768889427185059 163.84666442871094 0.0
1031 -49.81904220581055 -4.2500715255737305 143.14569091796875 0.0
1032 -49.24917221069336 -8.63243293762207 137.1387481689453 0.0
1033 -42.614341735839844 -26.153738021850586 105.14353942871094 0.0
1034 -49.98735046386719 1.124671459197998 42.015838623046875 0.0
1035 -49.98735046386719 1.124671459197998 157.98416137695312 0.0
1036 -42.08940124511719 -26.99040985107422 166.93490600585938 0.0
1037 -37.38623809814453 -33.200439453125 88.81305694580078 0.0
1038 -25.66678237915039 -42.90939712524414 88.20491027832031 0.0
1039 -28.301280975341797 -41.219383239746094 80.7640609741211 0.0
1040 -23.350873947143555 -44.21240234375 81.47008514404297 0.0
1041 38.51884460449219 31.879440307617188 86.07171630859375 0.0
1042 41.18534469604492 28.35079002380371 82.80645751953125 0.0
1043 -35.36485290527344 -35.3458251953125 6.015041351318359 0.0
1044 -40.45085144042969 -29.389263153076172 0.0 0.0
1045 -35.35533905029297 -35.35533905029297 0.0 0.0
1046 -29.389263153076172 -40.45085144042969 0.0 0.0
1047 -40.45085144042969 -29.389263153076172 200.0 0.0
1048 -35.356971740722656 -35.35370635986328 193.98606872558594 0.0
1049 -35.35533905029297 -35.35533905029297 200.0 0.0
1050 -29.389263153076172 -40.45085144042969 200.0 0.0
1051 -2.927370309829712 49.91423034667969 119.1010971069336 0.0
1052 -7.394610404968262 -49.450172424316406 133.90634155273438 0.0
1053 -11.902702331542969 -48.56259536743164 138.19000244140625 0.0
1054 -17.22401237487793 -46.93967819213867 174.47808837890625 0.0
1055 49.663978576660156 5.786974906921387 76.96918487548828 0.0
1056 39.78889465332031 -30.279430389404297 71.60649108886719 0.0
1057 41.51917266845703 -27.859617233276367 65.68114471435547 0.0
1058 -45.59990692138672 -20.509716033935547 143.5253143310547 0.0
1059 -45.56135940551758 -20.59520721435547 137.3992462158203 0.0
1060 -47.741336822509766 14.858160018920898 12.441515922546387 0.0
1061 -47.741336822509766 14.858160018920898 187.55848693847656 0.0
1062 -35.70719909667969 34.999942779541016 132.76406860351562 0.0
1063 -17.10453224182129 -46.98334884643555 140.00277709960938 0.0
1064 -16.799501419067383 -47.09327697753906 146.2799835205078 0.0
1065 23.570459365844727 44.09572982788086 57.84548568725586 0.0
1066 -12.010233879089355 48.53611373901367 124.91423034667969 0.0
1067 -16.352441787719727 47.25037384033203 121.1968994140625 0.0
1068 47.644229888916016 15.166651725769043 129.2881622314453 0.0
1069 -19.61159324645996 45.99332046508789 146.33872985839844 0.0
1070 -43.54671096801758 24.56998062133789 80.13422393798828 0.0
1071 47.401920318603516 -15.907790184020996 115.5890884399414 0.0
1072 15.96845817565918 47.38151931762695 65.55525970458984 0.0
1073 25.933942794799805 -42.74845504760742 27.450559616088867 0.0
1074 25.933942794799805 -42.74845504760742 172.5494384765625 0.0
1075 -12.872143745422363 -48.314674377441406 124.09321594238281 0.0
1076 -10.42953109741211 -48.900150299072266 118.36463928222656 0.0
1077 19.977684020996094 -45.83549118041992 96.585205078125 0.0
1078 25.584957122802734 -42.95823669433594 129.531494140625 0.0
1079 42.6203498840332 -26.143943786621094 145.47271728515625 0.0
1080 42.6203498840332 -26.143943786621094 54.527286529541016 0.0
1081 28.03708839416504 -41.3995361328125 6.422491550445557 0.0
1082 22.699525833129883 -44.55032730102539 0.0 0.0
1083 22.699525833129883 -44.55032730102539 200.0 0.0
1084 28.03708839416504 -41.3995361328125 193.5775146484375 0.0
1085 1.919623613357544 49.963138580322266 29.109516143798828 0.0
1086 2.8664205074310303 49.91777038574219 34.61151885986328 0.0
1087 12.101493835449219 48.5134391784668 5.259556293487549 0.0
1088 12.101493835449219 48.5134391784668 194.74044799804688 0.0
1089 -38.25594711303711 -32.1944465637207 184.471435546875 0.0
1090 36.19860076904297 34.49147033691406 151.6515655517578 0.0
1091 36.19860076904297 34.49147033691406 48.34843826293945 0.0
1092 -44.55032730102539 -22.699525833129883 0.0 0.0
1093 -46.185569763183594 -19.15445327758789 4.831441879272461 0.0
1094 -46.185569763183594 -19.15445327758789 195.16856384277344 0.0
1095 -44.55032730102539 -22.699525833129883 200.0 0.0
1096 49.69302749633789 5.531984329223633 150.08758544921875 0.0
1097 48.802085876464844 10.879180908203125 153.17913818359375 0.0
1098 47.41523361206055 -15.868069648742676 60.13435745239258 0.0
1099 -49.082984924316406 -9.53209114074707 80.43243408203125 0.0
1100 -5.412497043609619 -49.70618438720703 115.6917953491211 0.0
1101 -4.582278728485107 -49.78958511352539 109.5159683227539 0.0
1102 0.9386830925941467 -49.991188049316406 112.77981567382812 0.0
1103 -49.94963073730469 -2.2437570095062256 194.222412109375 0.0
1104 -49.95492935180664 2.1224658489227295 188.53421020507812 0.0
1105 -49.94963073730469 -2.2437570095062256 5.777590751647949 0.0
1106 -49.95492935180664 2.1224658489227295 11.465792655944824 0.0
1107 20.521976470947266 -45.594390869140625 123.29186248779297 0.0
1108 -47.67665100097656 -15.064423561096191 51.40944290161133 0.0
1109 -47.0377082824707 -16.954469680786133 57.34465789794922 0.0
1110 24.698894500732422 43.473724365234375 148.25823974609375 0.0
1111 29.336750030517578 40.48895263671875 144.55657958984375 0.0
1112 -23.024394989013672 -44.38330078125 94.3510513305664 0.0
1113 -18.376100540161133 -46.50074005126953 90.10562896728516 0.0
1114 -43.18667984008789 -25.197437286376953 139.14012145996094 0.0
1115 49.653953552246094 5.872382164001465 12.768545150756836 0.0
1116 49.653953552246094 5.872382164001465 187.23146057128906 0.0
1117 49.65233612060547 5.886041164398193 27.95179557800293 0.0
1118 49.65233612060547 5.886041164398193 172.04820251464844 0.0
1119 -25.767620086669922 -42.84891891479492 19.94548797607422 0.0
1120 49.574527740478516 -6.508923530578613 12.634147644042969 0.0
1121 49.574527740478516 -6.508923530578613 187.3658447265625 0.0
1122 -46.781517028808594 17.649072647094727 127.55413818359375 0.0
1123 -44.57605743408203 -22.648954391479492 132.04148864746094 0.0
1124 -38.57115936279297 -31.816123962402344 14.38090705871582 0.0
1125 39.67781066894531 30.424850463867188 116.90351104736328 0.0
1126 31.706697463989258 -38.66115951538086 186.08840942382812 0.0
1127 31.706697463989258 -38.66115951538086 13.911595344543457 0.0
1128 27.436115264892578 41.800235748291016 126.20498657226562 0.0
1129 49.48202133178711 -7.1784138679504395 27.879411697387695 0.0
1130 49.48202133178711 -7.1784138679504395 172.12059020996094 0.0
1131 27.211666107177734 41.94669723510742 34.5582389831543 0.0
1132 27.211666107177734 41.94669723510742 165.44175720214844 0.0
1133 18.51375389099121 -46.44610595703125 27.858421325683594 0.0
1134 18.51375389099121 -46.44610595703125 172.14158630371094 0.0
1135 -49.51509475708008 6.9466118812561035 168.27188110351562 0.0
1136 -49.51509475708008 6.9466118812561035 31.72812271118164 0.0
1137 0.23985831439495087 -49.99942398071289 151.1828155517578 0.0
1138 -3.8222053050994873 -49.853694915771484 28.97411346435547 0.0
1139 2.595974922180176 -49.93256378173828 32.04928207397461 0.0
1140 -37.866783142089844 32.65128707885742 137.81619262695312 0.0
1141 16.703723907470703 -47.12733459472656 85.4382553100586 0.0
1142 -49.84170150756836 -3.975531816482544 57.116477966308594 0.0
1143 -24.42387580871582 43.628822326660156 74.70349884033203 0.0
1144 47.67090606689453 -15.082595825195312 130.06080627441406 0.0
1145 49.76685333251953 -4.822906970977783 124.0594253540039 0.0
1146 50.0 -1.2246467572939613e-14 120.0 0.0
1147 50.0 -1.2246467572939613e-14 128.0 0.0
1148 40.213409423828125 29.71332359313965 30.272600173950195 0.0
1149 41.62027359008789 27.70835304260254 39.15066146850586 0.0
1150 40.213409423828125 29.71332359313965 169.72740173339844 0.0
1151 41.62027359008789 27.70835304260254 160.84933471679688 0.0
1152 -47.92416000366211 14.25744915008545 85.1683120727539 0.0
1153 -19.21340560913086 -46.161075592041016 166.5432891845703 0.0
1154 -46.2024040222168 -19.11380958557129 99.54354858398438 0.0
1155 -13.359884262084961 48.18208694458008 130.875244140625 0.0
1156 0.008716674521565437 50.0 106.16483306884766 0.0
1157 47.84516525268555 -14.520331382751465 6.045900821685791 0.0
1158 47.84516525268555 -14.520331382751465 193.9541015625 0.0
1159 -37.130584716796875 -33.48611068725586 33.10285186767578 0.0
1160 -12.978597640991211 -48.286190032958984 74.48590087890625 0.0
1161 -12.127995491027832 -48.50682067871094 80.52417755126953 0.0
1162 -19.08524513244629 -46.21421432495117 77.5931625366211 0.0
1163 -0.5329850912094116 -49.99715805053711 48.75019454956055 0.0
1164 0.4870360791683197 -49.99762725830078 42.73286056518555 0.0
1165 30.39280891418457 39.70235824584961 22.87685203552246 0.0
1166 30.39280891418457 39.70235824584961 177.12315368652344 0.0
1167 23.40277862548828 -44.18495178222656 55.78902053833008 0.0
1168 7.240673065185547 49.47294998168945 98.9169921875 0.0
1169 -48.76109313964844 -11.061456680297852 57.838645935058594 0.0
1170 -44.055030822753906 -23.64644432067871 92.66743469238281 0.0
1171 31.11023712158203 -39.14272689819336 93.94184112548828 0.0
1172 42.18479537963867 26.8410701751709 76.92797088623047 0.0
1173 -34.62547302246094 -36.070438385009766 163.81246948242188 0.0
1174 -6.332993984222412 49.59730911254883 125.29149627685547 0.0
1175 23.899354934692383 -43.91834259033203 144.1364288330078 0.0
1176 -21.180274963378906 -45.29233932495117 106.05683898925781 0.0
1177 44.341495513916016 23.104801177978516 83.42432403564453 0.0
1178 36.7056884765625 -33.95132827758789 152.91860961914062 0.0
1179 35.63898468017578 -35.069400787353516 47.01220703125 0.0
1180 -49.3569450378418 7.993256092071533 12.791234016418457 0.0
1181 -49.3569450378418 7.993256092071533 187.20877075195312 0.0
1182 -46.455345153808594 -18.490562438964844 154.53396606445312 0.0
1183 -47.71198272705078 -14.952152252197266 158.91177368164062 0.0
1184 34.09624481201172 -36.571109771728516 70.93588256835938 0.0
1185 47.51819610595703 15.557029724121094 60.581626892089844 0.0
1186 -42.16394805908203 26.873807907104492 53.5228157043457 0.0
1187 -42.16394805908203 26.873807907104492 146.47718811035156 0.0
1188 49.6788330078125 5.658056735992432 114.3477783203125 0.0
1189 -47.62168502807617 -15.237298965454102 135.57980346679688 0.0
1190 -49.890037536621094 -3.31424880027771 15.53903579711914 0.0
1191 -49.890037536621094 -3.31424880027771 184.46096801757812 0.0
1192 7.553887367248535 -49.42609405517578 167.87167358398438 0.0
1193 7.553887367248535 -49.42609405517578 32.128326416015625 0.0
1194 -18.673553466796875 -46.3820915222168 84.11205291748047 0.0
1195 43.334686279296875 24.942033767700195 47.823814392089844 0.0
1196 43.334686279296875 24.942033767700195 152.1761932373047 0.0
1197 -44.81869125366211 -22.164949417114258 57.82853317260742 0.0
1198 40.785987854003906 -28.922367095947266 29.76729965209961 0.0
1199 40.785987854003906 -28.922367095947266 170.23269653320312 0.0
1200 -46.03569793701172 19.511903762817383 59.249473571777344 0.0
1201 -16.163171768188477 -47.315452575683594 119.16962432861328 0.0
1202 -41.74906921386719 27.51390838623047 73.16791534423828 0.0
1203 5.705325126647949 49.67342758178711 80.0295181274414 0.0
1204 14.903488159179688 47.727203369140625 47.849525451660156 0.0
1205 4.163602828979492 49.82634353637695 86.5375747680664 0.0
1206 36.12527084350586 34.56826400756836 68.935302734375 0.0
1207 39.3063850402832 30.9032039642334 65.35592651367188 0.0
1208 21.423023223876953 45.17802810668945 88.443359375 0.0
1209 -42.630859375 -26.126806259155273 29.63448715209961 0.0
1210 -42.63200759887695 -26.124927520751953 195.5279998779297 0.0
1211 -42.63200759887695 -26.124927520751953 4.472002029418945 0.0
1212 42.628353118896484 26.130889892578125 112.26139068603516 0.0
1213 17.327054977416992 46.90174102783203 77.47066497802734 0.0
1214 19.851743698120117 45.890174865722656 94.25457763671875 0.0
1215 49.65009307861328 -5.904936790466309 113.29190826416016 0.0
1216 -28.798885345458984 -40.87327194213867 147.2221221923828 0.0
1217 19.81294059753418 45.906944274902344 144.83160400390625 0.0
1218 41.810543060302734 -27.42040252685547 76.92584228515625 0.0
1219 28.347667694091797 -41.187496185302734 32.685516357421875 0.0
1220 28.347667694091797 -41.187496185302734 167.31448364257812 0.0
1221 -2.933196783065796 49.91389083862305 39.97161865234375 0.0
1222 -49.87495040893555 -3.534026622772217 112.39205932617188 0.0
1223 -49.949745178222656 2.2411842346191406 111.0387954711914 0.0
1224 -11.120003700256348 -48.74777603149414 145.68377685546875 0.0
1225 40.81492614746094 28.881515502929688 122.59234619140625 0.0
1226 45.77579879760742 -20.11408233642578 185.71603393554688 0.0
1227 45.77579879760742 -20.11408233642578 14.283961296081543 0.0
1228 7.94355583190918 49.364967346191406 37.484859466552734 0.0
1229 -23.698591232299805 -44.027000427246094 113.20409393310547 0.0
1230 5.007140636444092 -49.748653411865234 124.82351684570312 0.0
1231 22.908729553222656 -44.443111419677734 116.62843322753906 0.0
1232 43.31309127807617 -24.97951316833496 47.320640563964844 0.0
1233 43.31309127807617 -24.97951316833496 152.67935180664062 0.0
1234 -48.12519454956055 13.563387870788574 138.3686981201172 0.0
1235 44.579341888427734 -22.642492294311523 83.24100494384766 0.0
1236 38.71988296508789 -31.634958267211914 81.73357391357422 0.0
1237 -36.7278938293457 33.927303314208984 97.59306335449219 0.0
1238 -39.78654479980469 30.282516479492188 100.0 0.0
1239 -10.87541675567627 48.802921295166016 101.57623291015625 0.0
1240 -37.72610092163086 -32.81373596191406 69.60555267333984 0.0
1241 -9.022271156311035 49.17924880981445 12.076528549194336 0.0
1242 -6.135641098022461 49.62211227416992 17.04550552368164 0.0
1243 -2.7133939266204834 49.92631912231445 10.036224365234375 0.0
1244 -9.930841445922852 49.00386047363281 187.58480834960938 0.0
1245 -2.7133939266204834 49.92631912231445 189.96377563476562 0.0
1246 16.996755599975586 47.02244567871094 103.51681518554688 0.0
1247 -47.06980895996094 -16.865140914916992 34.30805969238281 0.0
1248 13.20319652557373 -48.225257873535156 15.516921043395996 0.0
1249 13.20319652557373 -48.225257873535156 184.4830780029297 0.0
1250 5.867410182952881 -49.654541015625 154.92662048339844 0.0
1251 6.441647052764893 -49.583316802978516 44.981788635253906 0.0
1252 6.935378551483154 -49.51667022705078 56.54352951049805 0.0
1253 -48.92695999145508 -10.303041458129883 160.4324951171875 0.0
1254 -46.538368225097656 18.280595779418945 79.21612548828125 0.0
1255 25.75566864013672 42.856101989746094 120.24421691894531 0.0
1256 47.418331146240234 -15.858808517456055 149.60012817382812 0.0
1257 10.29033088684082 48.92963409423828 119.9245376586914 0.0
1258 14.697153091430664 47.79114532470703 82.66371154785156 0.0
1259 49.79698181152344 -4.5011701583862305 131.8798065185547 0.0
1260 -33.91284942626953 36.74123764038086 67.03266143798828 0.0
1261 12.725046157836914 48.3536262512207 142.3944854736328 0.0
1262 -40.145179748535156 -29.80544662475586 108.97948455810547 0.0
1263 -48.44044494628906 12.390447616577148 131.61572265625 0.0
1264 48.44290542602539 -12.380831718444824 83.96622467041016 0.0
1265 -3.601613998413086 49.870113372802734 195.3073272705078 0.0
1266 -3.6111156940460205 49.86942672729492 4.695985317230225 0.0
1267 -49.4260139465332 -7.554421901702881 99.60176086425781 0.0
1268 -49.38823699951172 7.797569751739502 142.43280029296875 0.0
1269 -49.97901916503906 1.4482790231704712 105.28204345703125 0.0
1270 -19.630556106567383 45.9852294921875 38.70561981201172 0.0
1271 -22.430973052978516 44.68614196777344 46.2103385925293 0.0
1272 -9.920868873596191 -49.005882263183594 105.56631469726562 0.0
1273 -43.642860412597656 -24.398786544799805 74.62322998046875 0.0
1274 -6.8686909675598145 49.525962829589844 70.34032440185547 0.0
1275 -45.626102447509766 -20.451374053955078 161.45828247070312 0.0
1276 -25.605838775634766 -42.94579315185547 41.2987060546875 0.0
1277 47.54559326171875 15.4730863571167 149.41831970214844 0.0
1278 -2.0213308334350586 -49.95912551879883 85.56314849853516 0.0
1279 6.08021879196167 -49.62893295288086 116.18267059326172 0.0
1280 16.645954132080078 47.147769927978516 30.2479248046875 0.0
1281 16.44364356994629 47.21870803833008 169.77357482910156 0.0
1282 -4.653384208679199 49.782989501953125 137.89524841308594 0.0
1283 1.5137735605239868 -49.977081298828125 107.35315704345703 0.0
1284 -11.13122272491455 48.74521255493164 141.48028564453125 0.0
1285 24.83400535583496 43.39668273925781 154.02989196777344 0.0
1286 47.46116256713867 15.730167388916016 163.690185546875 0.0
1287 48.59064483642578 11.787667274475098 167.8690643310547 0.0
1288 47.46116256713867 15.730167388916016 36.30980682373047 0.0
1289 48.59064483642578 11.787667274475098 32.13093185424805 0.0
1290 49.793670654296875 4.5376811027526855 125.0951919555664 0.0
1291 37.51251983642578 -33.05769348144531 187.45379638671875 0.0
1292 37.51251983642578 -33.05769348144531 12.546207427978516 0.0
1293 -20.55940055847168 -45.5775260925293 150.39366149902344 0.0
1294 -0.9781562089920044 -49.99043273925781 37.14677429199219 0.0
1295 -6.294921875 -49.60215759277344 17.53834342956543 0.0
1296 -6.294921875 -49.60215759277344 182.46165466308594 0.0
1297 -8.43107795715332 49.28404235839844 22.54621124267578 0.0
1298 -20.859371185302734 45.44102478027344 103.31849670410156 0.0
1299 48.60117721557617 -11.744176864624023 32.08441925048828 0.0
1300 48.60117721557617 -11.744176864624023 167.9155731201172 0.0
1301 -32.22917938232422 -38.22669219970703 90.84210968017578 0.0
1302 44.89668273925781 22.006542205810547 184.15670776367188 0.0
1303 44.89668273925781 22.006542205810547 15.843294143676758 0.0
1304 -4.693017482757568 49.77927017211914 171.196044921875 0.0
1305 -21.822101593017578 44.98661804199219 56.79603958129883 0.0
1306 -24.56256675720215 43.5508918762207 51.94173812866211 0.0
1307 29.734468460083008 -40.19778060913086 52.88681411743164 0.0
1308 43.04673767089844 25.43577003479004 101.87432861328125 0.0
1309 29.53329849243164 40.34580993652344 54.11727523803711 0.0
1310 -43.887535095214844 23.95588493347168 24.77136993408203 0.0
1311 -43.887535095214844 23.95588493347168 175.22862243652344 0.0
1312 48.80940246582031 10.846301078796387 160.06544494628906 0.0
1313 48.78901290893555 10.937652587890625 39.948238372802734 0.0
1314 35.12357711791992 35.585594177246094 107.2874755859375 0.0
1315 18.5284481048584 -46.44024658203125 75.24506378173828 0.0
1316 0.5180456042289734 -49.997314453125 173.6799774169922 0.0
1317 18.494178771972656 -46.45390701293945 64.04518127441406 0.0
1318 2.8549909591674805 -49.91842269897461 162.47520446777344 0.0
1319 -28.39862823486328 41.152374267578125 48.095951080322266 0.0
1320 -29.144710540771484 40.627403259277344 62.0853385925293 0.0
1321 -38.936363220214844 31.36812973022461 175.0249786376953 0.0
1322 -40.02954864501953 29.96056365966797 24.915727615356445 0.0
1323 45.346832275390625 21.063350677490234 36.878543853759766 0.0
1324 45.346832275390625 21.063350677490234 163.1214599609375 0.0
1325 -33.10981369018555 37.466522216796875 155.71473693847656 0.0
1326 29.756629943847656 -40.18137741088867 147.2687225341797 0.0
1327 -43.83122634887695 24.058752059936523 164.71395874023438 0.0
1328 -43.83122634887695 24.058752059936523 35.286033630371094 0.0
1329 20.511625289916992 -45.59904861450195 109.32953643798828 0.0
1330 -45.469547271728516 20.797119140625 99.44615936279297 0.0
1331 -12.206674575805664 48.487083435058594 90.13174438476562 0.0
1332 -12.553564071655273 -48.39842987060547 86.96704864501953 0.0
1333 44.78835678100586 22.226181030273438 93.67689514160156 0.0
1334 -31.445446014404297 38.87395095825195 114.04115295410156 0.0
1335 48.33696746826172 12.788186073303223 84.25543212890625 0.0
1336 37.52696228027344 33.04129409790039 40.67485046386719 0.0
1337 37.52696228027344 33.04129409790039 159.3251495361328 0.0
1338 -16.636869430541992 47.15097427368164 126.625244140625 0.0
1339 49.826663970947266 4.159759998321533 132.0 0.0
1340 45.34724807739258 -21.062456130981445 36.7673454284668 0.0
1341 45.34724807739258 -21.062456130981445 163.23265075683594 0.0
1342 25.335329055786133 43.10593032836914 46.085391998291016 0.0
1343 -41.012733459472656 28.599924087524414 104.24115753173828 0.0
1344 9.783669471740723 49.03345489501953 187.99728393554688 0.0
1345 9.783669471740723 49.03345489501953 12.002715110778809 0.0
1346 48.129451751708984 13.548274040222168 117.6378402709961 0.0
1347 -5.7672953605651855 49.66626739501953 91.80168914794922 0.0
1348 42.53061294555664 26.289674758911133 64.36197662353516 0.0
1349 31.0933895111084 -39.15611267089844 88.77903747558594 0.0
1350 -39.688777923583984 30.410541534423828 43.52421188354492 0.0
1351 -49.4195556640625 7.596549987792969 112.67115020751953 0.0
1352 12.306812286376953 48.461761474609375 152.0343780517578 0.0
1353 -38.8338623046875 -31.494937896728516 43.48999786376953 0.0
1354 -26.193199157714844 -42.59009552001953 4.09578800201416 0.0
1355 -26.193199157714844 -42.59009552001953 195.90420532226562 0.0
1356 -46.08502197265625 19.39512062072754 120.63770294189453 0.0
1357 -36.2519645690918 34.43537521362305 152.17845153808594 0.0
1358 -39.7209587097168 -30.368494033813477 141.51321411132812 0.0
1359 49.671470642089844 5.7223358154296875 100.26073455810547 0.0
1360 -10.988829612731934 -48.77751159667969 93.9983901977539 0.0
1361 -42.896034240722656 25.689109802246094 99.31095886230469 0.0
1362 -49.847633361816406 -3.9004220962524414 121.72289276123047 0.0
1363 -49.833309173583984 -4.079378128051758 127.3113784790039 0.0
1364 -19.544483184814453 46.02187728881836 51.787776947021484 0.0
1365 -49.99436950683594 0.7502534985542297 125.92063903808594 0.0
1366 -32.17291259765625 38.2740592956543 105.54798889160156 0.0
1367 8.346898078918457 49.298370361328125 164.09518432617188 0.0
1368 17.309926986694336 -46.90806198120117 194.6127166748047 0.0
1369 17.309926986694336 -46.90806198120117 5.387279033660889 0.0
1370 36.787445068359375 33.86272048950195 57.808223724365234 0.0
1371 -38.571937561035156 31.81517791748047 4.650636672973633 0.0
1372 -38.571937561035156 31.81517791748047 195.349365234375 0.0
1373 49.74409103393555 5.052270412445068 58.562191009521484 0.0
1374 -17.814102172851562 -46.71892166137695 56.05851745605469 0.0
1375 27.484298706054688 -41.76856994628906 115.8310317993164 0.0
1376 0.02016286365687847 49.999996185302734 185.00711059570312 0.0
1377 -0.5451089143753052 49.99702835083008 15.619256019592285 0.0
1378 36.28352355957031 34.402122497558594 97.98263549804688 0.0
1379 32.70210647583008 -37.822906494140625 21.673782348632812 0.0
1380 32.70210647583008 -37.822906494140625 178.3262176513672 0.0
1381 -10.21225643157959 -48.945987701416016 47.76020431518555 0.0
1382 4.23600959777832 49.82024002075195 66.615234375 0.0
1383 -20.916780471801758 45.41462707519531 165.11354064941406 0.0
1384 -49.48790740966797 -7.137722492218018 131.93324279785156 0.0
1385 -34.42740249633789 -36.25953674316406 182.1737518310547 0.0
1386 -25.378293991088867 -43.08064651489258 76.42106628417969 0.0
1387 4.3324456214904785 -41.335479736328125 0.0 0.0
1388 -38.83758544921875 14.944406509399414 0.0 0.0
1389 31.15567398071289 -27.90876007080078 0.0 0.0
1390 -38.29961395263672 -15.68333911895752 0.0 0.0
1391 20.52071762084961 16.229816436767578 0.0 0.0
1392 29.883827209472656 15.418410301208496 0.0 0.0
1393 22.79786491394043 7.967652797698975 0.0 0.0
1394 5.193325996398926 25.56850814819336 0.0 0.0
1395 -3.670696258544922 23.18226432800293 0.0 0.0
1396 0.17093099653720856 33.626495361328125 0.0 0.0
1397 -33.309661865234375 -23.39129638671875 0.0 0.0
1398 -29.22564125061035 -16.760236740112305 0.0 0.0
1399 21.86526107788086 35.68086242675781 0.0 0.0
1400 41.94953536987305 -2.871406316757202 0.0 0.0
1401 -21.614469528198242 36.06391143798828 0.0 0.0
1402 0.01758456788957119 0.004508492536842823 0.0 0.0
1403 4.597990036010742 7.10178804397583 0.0 0.0
1404 8.556619644165039 -0.4983767569065094 0.0 0.0
1405 14.002695083618164 6.035827159881592 0.0 0.0
1406 15.447391510009766 -1.062900424003601 0.0 0.0
1407 13.372254371643066 -7.968602180480957 0.0 0.0
1408 -3.8808326721191406 7.352839469909668 0.0 0.0
1409 2.1100896840909288e-14 14.705678939819336 0.0 0.0
1410 -8.130071640014648 14.6233491897583 0.0 0.0
1411 -12.960325241088867 21.27527618408203 0.0 0.0
1412 -11.83087158203125 7.058004856109619 0.0 0.0
1413 -13.269325256347656 -8.217900276184082 0.0 0.0
1414 -4.4835920333862305 -7.269868850708008 0.0 0.0
1415 -8.344891548156738 -14.688634872436523 0.0 0.0
1416 -0.4983719289302826 -14.030739784240723 0.0 0.0
1417 8.622471809387207 13.27929973602295 0.0 0.0
1418 -8.236530303955078 -0.1944049447774887 0.0 0.0
1419 -15.972146034240723 -0.09401365369558334 0.0 0.0
1420 -22.494104385375977 -35.949066162109375 0.0 0.0
1421 4.004461765289307 -7.225353240966797 0.0 0.0
1422 7.653584003448486 -14.306000709533691 0.0 0.0
1423 20.839200973510742 -36.57016372680664 0.0 0.0
1424 -42.04051208496094 -1.9534235000610352 0.0 0.0
1425 -8.786367416381836 -28.21120834350586 0.0 0.0
1426 -12.380630493164062 -21.510093688964844 0.0 0.0
1427 -3.8521218299865723 -21.49283790588379 0.0 0.0
1428 25.59339141845703 27.504241943359375 0.0 0.0
1429 17.261930465698242 28.104528427124023 0.0 0.0
1430 12.88730239868164 35.29054260253906 0.0 0.0
1431 -19.05498504638672 -13.190096855163574 0.0 0.0
1432 -20.99225425720215 -6.612942695617676 0.0 0.0
1433 -23.972436904907227 1.0911927223205566 0.0 0.0
1434 -28.686927795410156 -6.929969310760498 0.0 0.0
1435 -16.67348289489746 13.399091720581055 0.0 0.0
1436 -20.75049591064453 21.108322143554688 0.0 0.0
1437 -21.978727340698242 8.952483177185059 0.0 0.0
1438 -29.011184692382812 7.586792469024658 0.0 0.0
1439 15.454615592956543 -15.77319622039795 0.0 0.0
1440 20.392303466796875 -10.959712028503418 0.0 0.0
1441 10.23466968536377 -22.01959991455078 0.0 0.0
1442 18.96096420288086 -22.65517807006836 0.0 0.0
1443 -17.407583236694336 27.97246551513672 0.0 0.0
1444 -25.952411651611328 27.886457443237305 0.0 0.0
1445 -13.144145965576172 34.718963623046875 0.0 0.0
1446 32.86602020263672 -2.8958301544189453 0.0 0.0
1447 36.89761734008789 4.0555219650268555 0.0 0.0
1448 36.72704315185547 -10.236416816711426 0.0 0.0
1449 27.71164894104004 -9.675185203552246 0.0 0.0
1450 25.687833786010742 -2.213059186935425 0.0 0.0
1451 15.252270698547363 -29.43092918395996 0.0 0.0
1452 22.575382232666016 -29.916820526123047 0.0 0.0
1453 11.132339477539062 -36.47919464111328 0.0 0.0
1454 -33.023590087890625 -0.00208548316732049 0.0 0.0
1455 -36.90509033203125 -6.5328593254089355 0.0 0.0
1456 -37.5253791809082 6.725754261016846 0.0 0.0
1457 31.013717651367188 8.197968482971191 0.0 0.0
1458 38.20215606689453 12.883185386657715 0.0 0.0
1459 -6.889647483825684 30.9820499420166 0.0 0.0
1460 -5.864695072174072 39.887290954589844 0.0 0.0
1461 7.597306251525879 -29.288026809692383 0.0 0.0
1462 2.1173391342163086 -25.40072250366211 0.0 0.0
1463 -1.01828134059906 -33.58589172363281 0.0 0.0
1464 -17.337188720703125 -28.13291358947754 0.0 0.0
1465 -13.183631896972656 -34.55607223510742 0.0 0.0
1466 -26.097719192504883 -27.927043914794922 0.0 0.0
1467 -21.08068084716797 -20.64400291442871 0.0 0.0
1468 28.76411247253418 33.49082946777344 0.0 0.0
1469 16.78191566467285 40.83353042602539 0.0 0.0
1470 -42.82418441772461 -10.281177520751953 0.0 0.0
1471 28.40989875793457 -33.63258361816406 0.0 0.0
1472 -42.898067474365234 9.74372386932373 0.0 0.0
1473 10.799059867858887 -42.642723083496094 0.0 0.0
1474 -15.364635467529297 -41.178916931152344 0.0 0.0
1475 -7.641030311584473 -39.81874465942383 0.0 0.0
1476 43.3657341003418 8.540948867797852 0.0 0.0
1477 -12.078941345214844 42.517032623291016 0.0 0.0
1478 33.05735397338867 23.356779098510742 0.0 0.0
1479 25.696369171142578 20.94468116760254 0.0 0.0
1480 5.803318977355957 40.05807113647461 0.0 0.0
1481 7.005673408508301 32.38756561279297 0.0 0.0
1482 43.292720794677734 -10.38969612121582 0.0 0.0
1483 -28.99728775024414 33.90286636352539 0.0 0.0
1484 -28.966089248657227 -33.816097259521484 0.0 0.0
1485 4.8540449142456055 19.07707977294922 0.0 0.0
1486 12.82558536529541 20.543155670166016 0.0 0.0
1487 -2.432101249694824 -43.64363479614258 0.0 0.0
1488 38.831565856933594 19.791019439697266 0.0 0.0
1489 0.00475301593542099 43.58411407470703 0.0 0.0
1490 5.510952472686768 -35.172149658203125 0.0 0.0
1491 -38.2750244140625 21.538700103759766 0.0 0.0
1492 -29.764312744140625 16.409730911254883 0.0 0.0
1493 -32.70310592651367 24.650066375732422 0.0 0.0
1494 -33.597938537597656 11.441375732421875 0.0 0.0
1495 25.67703628540039 -24.390892028808594 0.0 0.0
1496 28.47452735900879 -18.618005752563477 0.0 0.0
1497 -32.966835021972656 -11.718052864074707 0.0 0.0
1498 36.95420837402344 -24.201923370361328 0.0 0.0
1499 36.81026840209961 -17.947782516479492 0.0 0.0
1500 -27.259973526000977 -22.291301727294922 0.0 0.0
1501 11.749021530151367 42.623878479003906 0.0 0.0
1502 32.64421081542969 29.819290161132812 0.0 0.0
1503 20.1072998046875 22.53639030456543 0.0 0.0
1504 11.03476333618164 28.378860473632812 0.0 0.0
1505 32.17390441894531 -14.037308692932129 0.0 0.0
1506 15.305484771728516 12.429411888122559 0.0 0.0
1507 -38.76225662231445 -21.973623275756836 0.0 0.0
1508 -27.10994529724121 21.77511215209961 0.0 0.0
1509 -7.015854358673096 -33.73548126220703 0.0 0.0
1510 44.668731689453125 2.7579081058502197 0.0 0.0
1511 -17.822864532470703 41.05179977416992 0.0 0.0
1512 -23.46394920349121 14.93023681640625 0.0 0.0
1513 -33.111846923828125 -29.995086669921875 0.0 0.0
1514 -3.1781599521636963 -28.095516204833984 0.0 0.0
1515 20.556480407714844 -5.08134126663208 0.0 0.0
1516 22.340951919555664 -16.672300338745117 0.0 0.0
1517 -24.99770736694336 -12.336868286132812 0.0 0.0
1518 -14.225934028625488 -15.85744857788086 0.0 0.0
1519 -11.08267879486084 27.190065383911133 0.0 0.0
1520 28.747344970703125 2.3401920795440674 0.0 0.0
1521 21.206602096557617 1.331061840057373 0.0 0.0
1522 3.5511281490325928 -18.91890525817871 0.0 0.0
1523 41.97709274291992 -15.819684982299805 0.0 0.0
1524 -33.152645111083984 30.21987533569336 0.0 0.0
1525 -17.59993553161621 5.8459672927856445 0.0 0.0
1526 16.237966537475586 -41.793575286865234 0.0 0.0
1527 -44.606571197509766 4.516142845153809 0.0 0.0
1528 -10.021097183227539 -44.41020965576172 0.0 0.0
1529 4.3324456214904785 -41.335479736328125 200.0 0.0
1530 -38.83758544921875 14.944406509399414 200.0 0.0
1531 31.15567398071289 -27.90876007080078 200.0 0.0
1532 -38.29961395263672 -15.68333911895752 200.0 0.0
1533 22.79786491394043 7.967652797698975 200.0 0.0
1534 29.883827209472656 15.418410301208496 200.0 0.0
1535 20.52071762084961 16.229816436767578 200.0 0.0
1536 5.193325996398926 25.56850814819336 200.0 0.0
1537 0.17093099653720856 33.626495361328125 200.0 0.0
1538 -3.670696258544922 23.18226432800293 200.0 0.0
1539 -33.309661865234375 -23.39129638671875 200.0 0.0
1540 -29.22564125061035 -16.760236740112305 200.0 0.0
1541 21.86526107788086 35.68086242675781 200.0 0.0
1542 41.94953536987305 -2.871406316757202 200.0 0.0
1543 -21.614469528198242 36.06391143798828 200.0 0.0
1544 0.01758456788957119 0.004508492536842823 200.0 0.0
1545 8.556619644165039 -0.4983767569065094 200.0 0.0
1546 4.597990036010742 7.10178804397583 200.0 0.0
1547 14.002695083618164 6.035827159881592 200.0 0.0
1548 15.447391510009766 -1.062900424003601 200.0 0.0
1549 13.372254371643066 -7.968602180480957 200.0 0.0
1550 -3.8808326721191406 7.352839469909668 200.0 0.0
1551 2.1100896840909288e-14 14.705678939819336 200.0 0.0
1552 -12.960325241088867 21.27527618408203 200.0 0.0
1553 -8.130071640014648 14.6233491897583 200.0 0.0
1554 -11.83087158203125 7.058004856109619 200.0 0.0
1555 -8.344891548156738 -14.688634872436523 200.0 0.0
1556 -4.4835920333862305 -7.269868850708008 200.0 0.0
1557 -13.269325256347656 -8.217900276184082 200.0 0.0
1558 -0.4983719289302826 -14.030739784240723 200.0 0.0
1559 8.622471809387207 13.27929973602295 200.0 0.0
1560 -8.236530303955078 -0.1944049447774887 200.0 0.0
1561 -15.972146034240723 -0.09401365369558334 200.0 0.0
1562 -22.494104385375977 -35.949066162109375 200.0 0.0
1563 4.004461765289307 -7.225353240966797 200.0 0.0
1564 7.653584003448486 -14.306000709533691 200.0 0.0
1565 20.839200973510742 -36.57016372680664 200.0 0.0
1566 -42.04051208496094 -1.9534235000610352 200.0 0.0
1567 -8.786367416381836 -28.21120834350586 200.0 0.0
1568 -3.8521218299865723 -21.49283790588379 200.0 0.0
1569 -12.380630493164062 -21.510093688964844 200.0 0.0
1570 17.261930465698242 28.104528427124023 200.0 0.0
1571 25.59339141845703 27.504241943359375 200.0 0.0
1572 12.88730239868164 35.29054260253906 200.0 0.0
1573 -19.05498504638672 -13.190096855163574 200.0 0.0
1574 -20.99225425720215 -6.612942695617676 200.0 0.0
1575 -28.686927795410156 -6.929969310760498 200.0 0.0
1576 -23.972436904907227 1.0911927223205566 200.0 0.0
1577 -20.75049591064453 21.108322143554688 200.0 0.0
1578 -16.67348289489746 13.399091720581055 200.0 0.0
1579 -21.978727340698242 8.952483177185059 200.0 0.0
1580 -29.011184692382812 7.586792469024658 200.0 0.0
1581 15.454615592956543 -15.77319622039795 200.0 0.0
1582 20.392303466796875 -10.959712028503418 200.0 0.0
1583 10.23466968536377 -22.01959991455078 200.0 0.0
1584 18.96096420288086 -22.65517807006836 200.0 0.0
1585 -17.407583236694336 27.97246551513672 200.0 0.0
1586 -25.952411651611328 27.886457443237305 200.0 0.0
1587 -13.144145965576172 34.718963623046875 200.0 0.0
1588 32.86602020263672 -2.8958301544189453 200.0 0.0
1589 36.89761734008789 4.0555219650268555 200.0 0.0
1590 36.72704315185547 -10.236416816711426 200.0 0.0
1591 25.687833786010742 -2.213059186935425 200.0 0.0
1592 27.71164894104004 -9.675185203552246 200.0 0.0
1593 15.252270698547363 -29.43092918395996 200.0 0.0
1594 22.575382232666016 -29.916820526123047 200.0 0.0
1595 11.132339477539062 -36.47919464111328 200.0 0.0
1596 -33.023590087890625 -0.00208548316732049 200.0 0.0
1597 -36.90509033203125 -6.5328593254089355 200.0 0.0
1598 -37.5253791809082 6.725754261016846 200.0 0.0
1599 31.013717651367188 8.197968482971191 200.0 0.0
1600 38.20215606689453 12.883185386657715 200.0 0.0
1601 -6.889647483825684 30.9820499420166 200.0 0.0
1602 -5.864695072174072 39.887290954589844 200.0 0.0
1603 7.597306251525879 -29.288026809692383 200.0 0.0
1604 2.1173391342163086 -25.40072250366211 200.0 0.0
1605 -1.01828134059906 -33.58589172363281 200.0 0.0
1606 -17.337188720703125 -28.13291358947754 200.0 0.0
1607 -13.183631896972656 -34.55607223510742 200.0 0.0
1608 -26.097719192504883 -27.927043914794922 200.0 0.0
1609 -21.08068084716797 -20.64400291442871 200.0 0.0
1610 28.76411247253418 33.49082946777344 200.0 0.0
1611 16.78191566467285 40.83353042602539 200.0 0.0
1612 -42.82418441772461 -10.281177520751953 200.0 0.0
1613 28.40989875793457 -33.63258361816406 200.0 0.0
1614 -42.898067474365234 9.74372386932373 200.0 0.0
1615 10.799059867858887 -42.642723083496094 200.0 0.0
1616 -15.364635467529297 -41.178916931152344 200.0 0.0
1617 -7.641030311584473 -39.81874465942383 200.0 0.0
1618 43.3657341003418 8.540948867797852 200.0 0.0
1619 -12.078941345214844 42.517032623291016 200.0 0.0
1620 33.05735397338867 23.356779098510742 200.0 0.0
1621 25.696369171142578 20.94468116760254 200.0 0.0
1622 7.005673408508301 32.38756561279297 200.0 0.0
1623 5.803318977355957 40.05807113647461 200.0 0.0
1624 43.292720794677734 -10.38969612121582 200.0 0.0
1625 -28.99728775024414 33.90286636352539 200.0 0.0
1626 -28.966089248657227 -33.816097259521484 200.0 0.0
1627 4.8540449142456055 19.07707977294922 200.0 0.0
1628 12.82558536529541 20.543155670166016 200.0 0.0
1629 -2.432101249694824 -43.64363479614258 200.0 0.0
1630 38.831565856933594 19.791019439697266 200.0 0.0
1631 0.00475301593542099 43.58411407470703 200.0 0.0
1632 5.510952472686768 -35.172149658203125 200.0 0.0
1633 -38.2750244140625 21.538700103759766 200.0 0.0
1634 -29.764312744140625 16.409730911254883 200.0 0.0
1635 -32.70310592651367 24.650066375732422 200.0 0.0
1636 -33.597938537597656 11.441375732421875 200.0 0.0
1637 28.47452735900879 -18.618005752563477 200.0 0.0
1638 25.67703628540039 -24.390892028808594 200.0 0.0
1639 -32.966835021972656 -11.718052864074707 200.0 0.0
1640 36.95420837402344 -24.201923370361328 200.0 0.0
1641 36.81026840209961 -17.947782516479492 200.0 0.0
1642 -27.259973526000977 -22.291301727294922 200.0 0.0
1643 11.749021530151367 42.623878479003906 200.0 0.0
1644 32.64421081542969 29.819290161132812 200.0 0.0
1645 20.1072998046875 22.53639030456543 200.0 0.0
1646 11.03476333618164 28.378860473632812 200.0 0.0
1647 32.17390441894531 -14.037308692932129 200.0 0.0
1648 15.305484771728516 12.429411888122559 200.0 0.0
1649 -38.76225662231445 -21.973623275756836 200.0 0.0
1650 -27.10994529724121 21.77511215209961 200.0 0.0
1651 -7.015854358673096 -33.73548126220703 200.0 0.0
1652 44.668731689453125 2.7579081058502197 200.0 0.0
1653 -17.822864532470703 41.05179977416992 200.0 0.0
1654 -23.46394920349121 14.93023681640625 200.0 0.0
1655 -33.111846923828125 -29.995086669921875 200.0 0.0
1656 -3.1781599521636963 -28.095516204833984 200.0 0.0
1657 20.556480407714844 -5.08134126663208 200.0 0.0
1658 22.340951919555664 -16.672300338745117 200.0 0.0
1659 -24.99770736694336 -12.336868286132812 200.0 0.0
1660 -14.225934028625488 -15.85744857788086 200.0 0.0
1661 -11.08267879486084 27.190065383911133 200.0 0.0
1662 28.747344970703125 2.3401920795440674 200.0 0.0
1663 21.206602096557617 1.331061840057373 200.0 0.0
1664 3.5511281490325928 -18.91890525817871 200.0 0.0
1665 41.97709274291992 -15.819684982299805 200.0 0.0
1666 -33.152645111083984 30.21987533569336 200.0 0.0
1667 -17.59993553161621 5.8459672927856445 200.0 0.0
1668 16.237966537475586 -41.793575286865234 200.0 0.0
1669 -44.606571197509766 4.516142845153809 200.0 0.0
1670 -10.021097183227539 -44.41020965576172 200.0 0.0
1671 15.295876633039041 4.703302279982559 81.40473139000846 10.972026415040949
1672 -14.24247478146248 2.3456967145342045 132.1591294247716 10.952324813148573
1673 -2.82444697471877 41.16562411717947 125.18298926806276 10.95183565847818
1674 18.750812791053306 -17.72538618056375 70.49606419165082 10.927380086741708
1675 22.19503052667649 6.937451382961951 149.23041887244173 10.923262754734324
1676 -7.308631158988986 -0.8080447067195085 22.05662159588825 10.857608758148917
1677 17.58287778351761 2.7177196240047463 104.06062959468593 10.826185934811644
1678 4.002096409652556 1.1890914053556019 69.70969279294194 10.809124710174615
1679 4.9579782746521985 -18.820675905198193 40.5071396688956 10.802705935953504
1680 -9.726121746608491 -31.17459422389506 172.55280187443068 10.765490417172847
1681 14.634339291378183 28.658330575384188 16.362104775799907 10.75202365352775
1682 7.255101220260388 15.771485718228787 157.16325382351187 10.738614554296962
1683 -29.304241199808676 -11.820781512086977 43.608516802430394 10.735109968628521
1684 38.5263179464103 6.400846259344598 73.69814453317692 10.725564588053786
1685 -1.6778756308413003 26.308178850539832 10.868590029048868 10.719286848692155
1686 -4.492033079820114 29.12462611076498 179.08323815605732 10.707750092036383
1687 -1.2749991706920842 31.175614941032386 43.12665749068304 10.68528036651227
1688 13.232406061807229 36.05525917258201 117.7044978636099 10.655195987454473
1689 -42.03032319039151 -3.963791671853253 57.63906405014842 10.644472272660416
1690 -18.44228523962279 14.555368809165724 131.09588404863624 10.642546003624396
1691 -37.83962119529168 7.651005209890649 152.1149333720774 10.637160824413158
1692 25.23855798484866 25.381439272649253 53.032554012590154 10.610076970208983
1693 -3.607332577015173 -24.876564533509306 81.10705895582728 10.597694423905763
1694 7.438085670701563 -2.3994555409154854 180.39934593339208 10.592675687547297
1695 -42.08114084050777 -2.2369356817078123 129.73916188485003 10.505051252433436
1696 11.604504087011389 26.52517694140852 74.74565884581426 10.47201908754197
1697 33.76509363989926 -17.03748138508943 9.522639944933065 10.434934953988064
1698 13.666277456908542 -27.964507944069798 60.6997364844175 10.419327995138008
1699 -28.22888447401334 -12.633477017828021 66.73470603732873 10.40035969876119
1700 26.491517725408926 11.303612737619236 82.966987496784 10.380665469440624
1701 -7.294023820616468 30.73111948262742 120.87003205119396 10.380052415237671
1702 10.727953889309992 39.53377062254174 152.0324096564831 10.368432660545105
1703 -0.7141486392617953 43.1187937903367 56.29848184067257 10.360500099658791
1704 -22.36640664952448 17.29303403984317 95.8857769968625 10.29810822227484
1705 -28.213493510836138 -10.522489084471767 108.57351066141946 10.287593437135417
1706 5.869115735963485 -19.423064493451466 99.65859074637757 10.275979833092311
1707 -17.072206918212082 -33.70648017607964 45.381534001976604 10.275047331127357
1708 -15.017371504375943 -26.882689357501278 155.03502090464877 10.2322526887099
1709 -17.14611284619192 -7.051214067034646 178.97772781134037 10.223383803703054
1710 -1.1373773836999903 30.84986366143331 156.1939376877918 10.215086010727424
1711 -21.111501091814542 -17.031594354253002 182.6714661055892 10.21375074798433
1712 -13.659134665308128 -14.329046987554477 17.46430748744926 10.207302345674531
1713 11.545804888075917 -33.74373217470004 90.39709601518128 10.183967784829713
1714 -27.16941454817372 -10.80765985067517 159.1876971355344 10.145288493569163
1715 10.742591931638005 -28.719848578598317 11.480271064825528 10.120035436895112
1716 -18.57576505598849 33.50470318069531 37.113491780209785 10.1062992201342
1717 -6.179162726835325 -4.618442742033517 74.72537983456931 10.100836768386767
1718 -22.798617999125238 32.448688712407005 25.61237004358595 10.0978160781255
1719 -11.112344898403268 15.111502038900483 177.87682032701287 10.081387697515208
1720 27.699382178982887 -5.301939216327558 73.92746975236084 10.042474990546726
1721 1.8143529497377848 10.46476965912872 23.265581639131725 10.03881756855284
1722 -7.654340144202847 10.18409457499342 149.16281376668667 10.037247423906125
1723 -1.3917048606255908 -9.773052544658558 95.4803802281169 10.03251950071458
1724 42.341581329930676 4.546209130629832 146.25027643297403 10.02626465662583
1725 1.343118796574668 11.265023298403246 39.36795129957452 10.023990460611426
1726 12.353243904644842 -37.18690911902141 28.609390207220724 9.998681795338774
1727 26.520376959745885 -23.39543333607444 77.64632937350719 9.929883434502761
1728 9.800270868883795 -9.708781248754718 132.13664631689082 9.905607357093938
1729 -38.551697127834764 8.648777783781924 33.786457674667496 9.84093347971276
1730 5.471990738425194 -30.323601622415662 161.8045185149975 9.837412717104185
1731 -19.293233852456474 -22.21800101599948 165.61797164755768 9.82332038611597
1732 -11.768639549196566 -34.27877440595796 87.8705820267673 9.818212968581841
1733 12.830944594875366 39.92404968063648 51.06097030367599 9.818119861671562
1734 32.25019857792926 21.647914668065326 74.38545685098183 9.790575635632253
1735 -20.515469670683512 6.648594959837341 42.44895306442646 9.772054556274831
1736 -33.68049982283571 0.3608335930433153 159.47832990811398 9.766348917342874
1737 8.266792817337627 -40.09118031206298 179.29819372146596 9.762225941648827
1738 21.328475227623077 -18.37559780929244 140.50389377874998 9.758724583266932
1739 36.665991154335 12.622210135315376 126.00255776510099 9.754796807175428
1740 15.510776280136735 16.798966985594085 19.23876638369318 9.748277724084094
1741 22.645482489958688 -19.604979129003365 98.77437029450344 9.742561230014601
1742 40.28354833296364 9.794963275949272 53.718101847013266 9.732550346660654
1743 -14.038892910048743 5.051925721473549 98.74184440999764 9.706595091125362
1744 -36.3023498282937 10.039339262664644 181.1307694392633 9.693580679136844
1745 -12.808652330415985 33.62785245217152 99.82259091848377 9.684330095061734
1746 19.54522271130454 -29.394457173497706 133.1422418301676 9.679772857940463
1747 14.578659890286499 40.75401261503202 192.8062184553828 9.665265127115743
1748 24.41822225878284 -14.724664479821532 164.68663501896202 9.66506795305423
1749 -2.5342905937971167 -21.943717704890297 129.42795451522883 9.656754360747248
1750 -27.520636026865905 26.831957811316148 50.00003201048962 9.654470271900411
1751 15.359574884310092 -9.684330687093162 77.62768194325295 9.645989995261544
1752 -23.584145217249205 23.50288109615601 16.476808540578578 9.636402238173806
1753 -2.0144444179589884 28.613746808015712 96.39082800457071 9.627779106300501
1754 -36.44384066248993 -7.3624638868709855 182.9060403586888 9.606873165662499
1755 -38.73774043459763 13.259268469265868 122.30189930902183 9.573975862216944
1756 20.5033049977339 -29.373519101127858 118.41898617818808 9.555088903654958
1757 13.873611621994742 18.30980352724093 62.19712138762195 9.549577138978862
1758 -25.292015454922677 26.88915239921771 152.30958684315485 9.549114938128419
1759 -27.649053817354847 2.674559988973519 112.33206498861333 9.54624789167175
1760 -17.319976777193638 1.598487053975986 117.49841273405816 9.539110742938073
1761 18.38604580894431 -15.756406056213484 153.45449626042193 9.537722872304414
1762 3.8176530456706153 11.671543340490343 105.46252130311615 9.500858491613434
1763 -31.700781386933965 -18.166428812934754 86.10054402666627 9.497649395619726
1764 21.735250092836754 -8.561814801736537 178.96739078609326 9.497395742694541
1765 1.4676672099478738 -15.645217043846625 8.734452252449186 9.491870342028754
1766 29.882313509113587 -4.182457125938161 18.95454657036744 9.482830650840363
1767 -10.396709214783161 39.18394970494768 63.55646405749513 9.464944270502022
1768 34.15663101218138 -19.7427873640568 143.53341104011594 9.453045046428969
1769 23.389221688191743 21.838625632662755 177.1539627711172 9.450785900269633
1770 -24.243648528716367 33.685383020004195 143.6701899144036 9.437313963868279
1771 23.0346715427346 9.021156511680148 47.56414029099099 9.431874242203577
1772 28.085855795522466 4.49213970842785 10.297489504131477 9.431136866328291
1773 10.377714579499413 -41.39455875763989 14.56933271729955 9.426772145041177
1774 39.851933812678524 7.034939140379222 181.85070307426932 9.414894665104423
1775 4.812999720983903 24.005760367630387 36.328428174965204 9.408000228409232
1776 6.750982471409014 14.074316337532931 68.29390804366373 9.403172065490454
1777 -37.65215773916319 9.623267315224265 78.96825170864938 9.39694620628438
1778 13.192008472210988 -11.243940377555669 187.36902068026768 9.387843338179232
1779 20.90747333126268 -27.68245291664362 26.82771101856958 9.376253008644753
1780 41.18825809420297 2.1407399327542023 26.51612319004159 9.359380281867626
1781 -19.183144452576663 10.89258321005138 69.46972660539281 9.332593068556227
1782 15.225048079170096 -5.40704999880009 26.872010337339304 9.327147845384529
1783 -14.044907183287513 11.659001035761474 193.11419628911509 9.326159387433947
1784 -7.846577780140557 -4.547984309397837 40.927207134804455 9.314605529139056
1785 25.735256297287116 22.27456154731215 164.2287442896723 9.312852312374623
1786 -34.68411667396289 13.55762817448245 48.42617750014141 9.304875377510518
1787 -36.115213055164 -23.53622296477899 67.89520081705936 9.302846060878812
1788 -3.021503836961892 10.791605723172733 72.77643263554806 9.270127312201115
1789 -9.83326605731423 26.293057352434886 88.10937709093211 9.257039744144585
1790 8.795375199336068 22.863182030774695 103.8573901946455 9.255595425441365
1791 -37.28569500832672 -11.083480650031078 147.1146358712269 9.226118367522766
1792 -26.42502199505978 -30.920458288120177 96.92899688570705 9.215177476973164
1793 7.165911022656841 35.478745861461924 67.7187443582653 9.208613008981725
1794 38.02719419720902 -3.403093097548128 166.25046466532265 9.199736282207539
1795 0.9160403206124474 27.518928342402937 23.00395422016247 9.190487636555373
1796 -29.323619874134078 17.228989974608538 175.17163180820637 9.189302819821592
1797 -19.092578369488887 -33.48862288641159 18.858623490138587 9.184823052565097
1798 -6.621701543545695 18.642754015016855 63.23822704716293 9.184169689863792
1799 11.375396558996334 6.941962484709814 113.83698368195255 9.183109827829462
1800 32.5073137292491 -4.154496917847858 152.36036213179867 9.17832335071291
1801 17.396515449032247 37.063879211900385 87.20185125894287 9.172838013725116
1802 -29.58872257868891 27.557613200428158 39.05075818308603 9.16652674582277
1803 -11.349832694732132 13.1595562386055 82.84106838104184 9.160723311771637
1804 -34.61661687998765 3.076522425819377 136.63312218404073 9.149891355339758
1805 -7.254619321600065 -29.609017603870736 105.99124441778847 9.115786602283094
1806 39.45630919140201 -0.04778097128111547 92.92595291890001 9.088479846186507
1807 14.400828767938322 3.7901666706085777 192.37505098533637 9.086111560758148
1808 12.408509976860985 -13.68137771066092 7.597868670170179 9.068557901852571
1809 3.8648491477352946 -41.78776399252226 96.95326284392863 9.066407425438317
1810 -4.878413982975404 -40.0765531519002 49.27887392323246 9.06441493762789
1811 10.825223801668093 41.52670291079203 15.42511537675645 9.064404192557477
1812 -24.77763823360106 -21.83990537802571 17.44315149033319 9.059145457312182
1813 -17.874479283489528 -10.649599504650816 149.53093029193346 9.024373345903218
1814 -26.85709108518121 4.181662252547699 8.785538707530822 9.005044762944324
1815 5.46016150617759 8.826537572047489 166.19670045705465 9.000091624564012
1816 -22.684740376848 -35.88906913224683 75.9317427947815 8.997336142293937
1817 32.987789815943835 20.67711889484318 93.3317698690093 8.990639376718546
1818 -12.727665114021983 35.75976906496398 185.4614771297284 8.984500937473369
1819 -40.64529313636211 15.900345026383139 106.46377712373169 8.936389132632634
1820 4.675407045349495 -28.43534069618741 185.8418913509605 8.929870182208894
1821 7.684875631518802 -37.433033469994854 67.22431380560205 8.917163215520644
1822 -21.648845647154214 -23.86373033673759 141.32372655659046 8.895642060053088
1823 -6.5050826924092 6.8808096277247035 113.40093915726355 8.879101862724436
1824 1.8211429716544623 -22.16478216638382 111.21193552494569 8.869990002517387
1825 20.114372494089707 5.027091960195013 35.84578868700079 8.868569265068075
1826 -30.094856429701103 -22.51972360158586 57.21948342632203 8.866579250823595
1827 -3.008869579890719 -39.75448843578327 75.75494850855242 8.865743865727476
1828 -7.891635928863594 -41.688030052249275 23.78327893797755 8.84784789986351
1829 28.580999830956298 2.2671735967749935 59.60249084442847 8.84674543756925
1830 -17.761651129710263 -0.428783009979242 28.67336279265845 8.834674318710325
1831 -28.28737248341335 23.159321946509117 107.25619329041172 8.82962183931612
1832 -35.70444484534234 -23.40467586553101 26.58741123515161 8.808152774014136
1833 12.881174197167997 11.361532677995028 174.97730758306872 8.80264813685672
1834 -6.184770948542444 -1.2770443835308747 148.76147233447128 8.802298541635922
1835 -3.405965968387556 -8.349086516926437 140.58794568473334 8.79927007431248
1836 -18.249055961546635 -21.908268895024772 39.694023934416165 8.763316260468113
1837 -28.48762557191882 -7.392068868947268 97.69397802610168 8.761267665477709
1838 -7.5729801723499435 40.55718692030038 136.375269834096 8.759322794910569
1839 38.06402480769339 15.982194202903552 102.33250076410594 8.738568253455687
1840 -3.662330171798534 -5.667269786225296 124.85216250274684 8.72938258322106
1841 -3.4544947924940548 36.6008541255394 80.10571743865843 8.719918331021105
1842 -13.490988634276267 -38.06017625149197 56.29159638762 8.718227154065119
1843 -24.262727558981254 -3.0472881692833917 168.16493336441826 8.716655068444789
1844 -39.19418677999193 -15.327364475769095 77.22731060155583 8.709766421941481
1845 -38.572792407524354 5.625456134097431 67.14388935718833 8.708028083840507
1846 -42.20208646103732 3.0678949154458226 119.77511236059297 8.707163450865682
1847 6.37705635878619 -23.352424841625584 23.333580273019678 8.695143117524365
1848 21.224011680275535 -7.49585892863171 63.490884791272784 8.6945382682637
1849 23.339611543020283 -10.152107552647774 92.5735198785332 8.673709822823803
1850 22.19302836312435 -17.076155762605573 17.947686284576932 8.660751070985766
1851 34.509599796604526 22.89229485218356 43.929966712908794 8.644097724550688
1852 12.079789327895325 30.20110530039851 27.034548944595382 8.64391567863372
1853 -36.577267062939896 -20.511668931526838 98.24276139841197 8.64236806802745
1854 -14.131235896491571 20.055753430049045 164.78471531884225 8.622932847501463
1855 7.731967090302245 19.200760691040042 10.704853025490412 8.62082635039667
1856 23.38213691580523 -22.18028355320394 182.75266470580584 8.615918594706544
1857 -27.952036245591636 17.963798492899645 35.47680184049429 8.607092963816338
1858 -30.649485307155096 -26.189539977679907 146.19112615459332 8.605513759294793
1859 -39.91559927544751 4.366680263809722 97.25145246977004 8.60550129895672
1860 25.275674445257852 30.109048684863136 84.12324176133403 8.600072987491654
1861 0.15685807422498832 29.59369318132862 137.74197928020405 8.591391339888268
1862 -0.3958429283922129 43.45954151148998 99.69794581921056 8.57752105539196
1863 9.211992235774462 -39.15424460751546 192.57238954856444 8.576828985112815
1864 35.676628096815804 -5.743781453950608 44.25970586756425 8.576323496931336
1865 2.427237256575337 41.748064356123244 160.9041802058707 8.572568169843297
1866 0.43493472256728616 -38.33646604573868 28.959582417444505 8.565650978263012
1867 -6.116770025277587 23.018273240438027 140.9781579462231 8.552045441931602
1868 -4.596419727615987 -12.848743585749537 63.442578696792296 8.546551770690328
1869 -32.00275660597113 29.90811413868383 6.368154920399975 8.54150660210595
1870 4.260900786574117 -4.282997525564971 45.06747085066156 8.538491939296613
1871 26.53283083898557 31.5652133492519 113.84298202239101 8.53130091513723
1872 -26.444098991713012 -30.435595194582493 110.09825835492268 8.523258904422597
1873 -28.341348860287425 -29.715032375965432 156.97643442229003 8.509490975778515
1874 -1.6188324076377683 36.59604219717869 187.38996113652198 8.488562712032484
1875 -23.288505964061958 2.7462274464580227 153.31490649961205 8.483203749124241
1876 -1.6705439887398637 7.816825614393949 192.5933738881089 8.475311946458318
1877 5.7292424209279655 1.269762615541703 91.28524577862176 8.470424554163344
1878 -11.951712285074313 -33.74209036757014 130.52478811420613 8.468632762280322
1879 23.993961814178093 -35.64296033682563 64.98461291803575 8.465866335571958
1880 -26.404017475039932 -33.49037885661274 64.91556213868805 8.463133892769248
1881 -14.723221630498967 -27.795090212339385 6.9683510495722905 8.461538345960319
1882 20.201325781795795 12.456207558477514 57.36909847002424 8.429293311252458
1883 31.510818481811977 -4.653660169356598 133.63102649864328 8.427038381943959
1884 -20.327265103558 1.4854262332968382 87.73745999746718 8.42176708981538
1885 -17.583628616853346 -22.39946762562793 63.29703366786814 8.419160182867365
1886 -8.375510296106498 -17.884344873981405 139.5124304323489 8.414846618560645
1887 23.31823265772045 6.292450319984747 126.13419582069334 8.411482975339482
1888 28.10994008519564 -10.632140909261711 34.53278969021279 8.388597110409696
1889 26.6306447364807 8.86631269020171 172.42428212225437 8.379982193058833
1890 -9.716224676552107 -41.956992621756385 118.14317797007156 8.376461668659015
1891 9.45740124560684 -9.805335452438635 52.36639622710571 8.376350651205605
1892 -20.53645075269587 24.370627367694688 57.602244339243384 8.36447976367834
1893 -4.557243438780528 40.480367096040574 148.26687663726005 8.362632274314832
1894 -40.13822127886117 0.45072315575943556 23.511228534211266 8.36183585041266
1895 -0.6914735136245169 -30.91785945986539 152.60259353703916 8.354170666772124
1896 39.828756837349395 3.624956145269363 9.757501156299746 8.351937612896105
1897 -20.31401569739161 37.88333907127725 82.28792802718566 8.351605454130368
1898 42.492574460442455 -2.7914075632635855 119.55673516351303 8.35123533834976
1899 -41.296468493124834 -14.137624317439396 10.537433651301622 8.34933762047342
1900 12.798324094219542 -37.1926646770255 80.41659470132134 8.33380767448233
1901 36.815053218330654 21.024681884121012 146.24393907966066 8.331056201548968
1902 -3.9532159991047546 38.752868356203976 112.26762476952486 8.328566850307116
1903 -12.658027979030585 19.329922913668675 54.24595438902807 8.319196364474877
1904 9.754736444027557 29.56274845763773 126.06660615239626 8.318079919935188
1905 38.4606680115705 -16.640117863524914 176.698142595855 8.31304824689953
1906 18.595869380317318 -10.318545225189386 53.917392488503374 8.312741849143976
1907 -18.64598093980544 16.89048252616894 23.712976518582515 8.309284065934804
1908 -14.601856654176176 -5.709702375740887 194.1154397040823 8.302150238932542
1909 20.464340470450928 29.10346556570637 191.7702402730096 8.288959643645885
1910 -38.344365213036745 9.785505603303406 165.25052776452637 8.266533004635802
1911 16.66526711158277 9.493194651518793 162.88855275191784 8.247052103789828
1912 11.905174320032545 -37.57625364113562 48.431045081400384 8.238413510275759
1913 -34.4995916463196 -8.539911284081937 87.37593596171254 8.234137320943182
1914 -1.9419824661445508 21.231450099613216 150.2450150270668 8.232983591206036
1915 -42.82801161392301 -6.343068289081474 34.274522324962184 8.22266496253696
1916 -7.295712646798146 42.648696004840005 10.145735442280436 8.217005582054917
1917 13.517454347934294 23.64093142588861 177.0074059355651 8.208222845795996
1918 -25.94668292362575 -2.2106836285436877 51.93654078206579 8.198018307019005
1919 13.029373799584564 14.950827457298583 34.57594540995065 8.196502252532994
1920 -4.1763181888180325 -19.946506272273407 18.04277066904344 8.194493745715578
1921 -28.364875364793825 17.53916289800824 84.18472235435333 8.193443922685908
1922 10.304469086152913 -12.845561587514934 147.726905766518 8.18062934150765
1923 -37.85323642585604 -16.867555503971346 166.81479687077695 8.152309081889165
1924 33.03275797197983 -26.29241635249233 53.343964897366085 8.142039700088398
1925 -20.89141636556581 -27.036676409837764 120.06691788757496 8.137371678890133
1926 14.300852006295626 -4.848812210357628 121.37874238437819 8.12940232486005
1927 -32.592942161158646 -28.378304128421394 75.66789399432365 8.124594267702534
1928 -12.113068025121345 37.64440220993882 166.449444154336 8.116969354943365
1929 -30.628656672850866 -25.836971785516276 37.06681269714728 8.106548286453602
1930 21.71304978754955 3.70994165150454 178.84993990886633 8.105548870889237
1931 28.920801060996524 12.899683162970689 97.35453641527542 8.1015482611505
1932 29.39824529222561 -9.921155907287218 103.01633215933926 8.101316790493772
1933 -13.310424915903184 -40.344609623598835 71.0727592403318 8.088522847298043
1934 -33.666582597121725 10.973536890946734 9.095025698401598 8.087026807184643
1935 20.922353056665678 36.97386234663408 179.71956613470672 8.064416348468313
1936 -4.611306653035408 -20.680779142957196 27.90311949816489 8.061511754613433
1937 29.159749929466216 11.227067008434474 193.22206724264055 8.046137050403518
1938 -21.247232725230013 -8.541309097007222 74.19233008879323 8.04081925551754
1939 -8.94255224374096 30.360322938236102 51.78498432514662 8.03497958603413
1940 -4.501635542793651 -13.34388671542506 178.8347057495113 8.029842737526897
1941 -35.61263158008126 -24.44237239485821 13.81971558050763 8.021323488941404
1942 8.095179167199255 -14.758007134796902 71.24896395778399 8.01876496183148
1943 -18.988600827935183 39.912897856486644 73.16411526741173 8.011522015859923
1944 -0.9320787341778827 7.983778802094278 84.47519963861326 8.003252469091347
1945 -31.126951497899846 -11.828349429272732 122.91402174772374 8.001041459960629
1946 -12.642150628843225 32.80458452008192 6.199652838916126 7.997740567600349
1947 25.78979325450161 30.869273821255632 35.22791519120287 7.992276600633522
1948 43.92752014295058 -2.5775098648025527 57.41587992558601 7.990721491309692
1949 5.986509216878733 4.028942925832449 33.43769396884449 7.974346177768255
1950 -2.6277388169780034 -37.683406352002564 8.423687875026063 7.954636180162441
1951 30.097504568098614 -17.596866831461046 61.047142051502924 7.946408012880889
1952 23.487001441410154 -15.259609385631673 125.5686411294511 7.9355325111609005
1953 -10.243837999427825 2.144282243960662 186.5348601684684 7.93323596215088
1954 12.16692742244642 18.06243779146046 168.2109867020342 7.931169308111931
1955 -4.314159592572376 -32.81881172879178 16.481252024608647 7.913554656017196
1956 2.601975482600153 39.27339589758435 89.6327418888714 7.913149998955296
1957 -14.351495802232385 24.073286499425162 6.845908536226957 7.912200476765163
1958 26.308986714192592 -27.095207431960812 110.62365187791195 7.910161520939264
1959 -10.523243836001331 4.621532373709391 174.97318650691622 7.909360166363791
1960 19.754467538136048 -39.13293728977619 182.99049614878464 7.906946935097508
1961 30.31940983161595 3.497961097728289 106.25656378715591 7.899817769732087
1962 16.09639488884434 -7.998640736788425 107.41145514425816 7.8934799937858315
1963 26.643191140661354 20.078124480440078 106.71368351109263 7.887558895022488
1964 -8.599098175664542 -37.484439850055715 148.58913027338247 7.880494483581476
1965 3.7163009862846703 -35.03604485038514 36.872668176517436 7.878239828255656
1966 -2.831498665353159 -26.677029233377258 50.12327759011554 7.874928713720262
1967 28.80336097974959 6.214443657498338 21.231266433508466 7.862958063493528
1968 9.859642256528835 -19.18074919509059 179.74104059735836 7.859950057293229
1969 39.07489111323244 -9.51874051420098 130.67685145459404 7.855592522805603
1970 -19.800205082776746 27.107232402522754 94.136918923058 7.848909544364661
1971 27.360614803016176 -5.508591867246992 167.92345861999135 7.84700955395155
1972 29.139720967027664 5.064452292974395 40.16099969932593 7.844701812589634
1973 21.935769205532413 -28.85719521132429 167.93819608638057 7.844584182132593
1974 -27.085564098176178 28.86091735466693 75.13921994315163 7.837916372086756
1975 -22.06483338799742 38.31589201182395 56.48173531147261 7.834825733868987
1976 -34.555456151565046 -26.484961131688557 128.3443940137403 7.824379716253141
1977 -20.1795881834936 -8.96332031672498 59.47732629064765 7.822281054113258
1978 24.852070872855773 -22.49397107495448 45.14524691487248 7.819751647719135
1979 -8.206600583907385 -22.7846865525578 68.08158262812987 7.816788430420427
1980 0.529098947731204 -8.212383065437255 168.32519211272148 7.81475520312514
1981 -40.61256058250129 -16.837154095327815 54.90439608420824 7.810499989145898
1982 13.406632503427359 42.17942770195024 129.0663360320356 7.810238339851064
1983 -1.2091490369638427 -4.602371185523058 86.1142759475808 7.807705255888095
1984 0.44714558566492 14.314521345473072 178.78743380881477 7.803835159211137
1985 1.393872843949835 25.021418616386576 50.801596899215625 7.802064976274396
1986 25.18499618036798 -9.15500828195985 7.474844282502402 7.801987470311582
1987 -23.286367820945358 28.328710599536485 181.12489884550683 7.787268934606922
1988 -6.548664533363572 21.95087583134 105.97074715033574 7.7796618179432055
1989 -7.148704294792573 -28.651837444640265 116.21497464709837 7.777358227020715
1990 38.65068211715497 4.404653480372218 135.2073286209416 7.776134677479389
1991 39.73810191944053 14.247284262732169 31.193719363543345 7.772693204164401
1992 36.60468062554541 -7.293737923004868 69.13950953713248 7.769531829582425
1993 -39.83732074298025 1.457902801668487 192.86545589857457 7.76770968767211
1994 -17.903960803042132 25.813527345248684 80.82894599087197 7.754187403935015
1995 -36.581449774262694 -20.12588641362688 157.57037712083186 7.74567493320203
1996 -11.988591791497226 22.316474619047582 124.97934125559767 7.737504540863775
1997 -12.051279094840211 -23.567876394862246 90.43405851317644 7.737178520780206
1998 0.33175405918005385 15.271481646436209 122.57136410050889 7.735054271859303
1999 -33.089972389812324 -0.5068474465738735 71.5251629335527 7.7348082005837355
2000 -4.320565863481846 -41.915160029139315 135.97843922495957 7.730664567165497
2001 20.427694579948913 -10.145641687637221 38.99014274683676 7.721830086287865
2002 14.046426371756258 -9.645222223777829 91.96480862002973 7.721531158282563
2003 -27.951532080124636 21.545212740046725 27.108957391526985 7.721512859719898
2004 11.251101378240245 13.055409575947913 53.39076121688565 7.7192693847804
2005 -9.324233172167915 -6.605634545955935 113.90147027766373 7.714854715687251
2006 -5.060662138173652 -33.62263198229044 56.58464310863302 7.714075213920838
2007 -26.846277049526293 5.270799335979727 164.20788292541465 7.701190604017455
2008 -0.6923611616242478 -27.62986003897684 121.92676205335606 7.693617753240011
2009 27.643099359260766 6.465167604740515 138.37711505433654 7.692065935929479
2010 -16.788022865554506 35.06578073800458 151.118492652119 7.682403116677339
2011 -35.98530833723791 1.7431015081350116 85.00810698597081 7.681680685434005
2012 9.845881249659032 16.304324640640846 126.07992547432788 7.676250873947477
2013 26.78133931670448 -34.941627432176 173.61880204876954 7.675797603857454
2014 12.472829230641274 -9.271117612415694 61.72675927706788 7.6756626538037676
2015 -1.1043801300234555 21.10253978566562 81.33105170870783 7.66517622639312
2016 -33.44306156337184 -5.1686814935968854 34.67054878364219 7.651090584780616
2017 -3.1305361933934757 10.084337145559875 11.745732602398121 7.650879871878828
2018 3.217672536475227 -5.324542274597723 29.168137092121402 7.645893792862078
2019 2.913554985067398 39.281743323743676 30.605383112184622 7.639071465346976
2020 -19.052726936333496 37.17251923243015 91.31435524060248 7.630729050248195
2021 -22.556682817959675 14.38881465341143 150.26730932924363 7.6306294135408566
2022 9.012013772541668 -2.41954673829283 142.35837917786606 7.628784335800889
2023 25.198146629330072 -23.146500263959272 173.91529799813725 7.618333799587369
2024 -44.31039032613161 4.323772089941061 138.43485909946887 7.614313215998266
2025 7.901349222357721 -40.01401932966004 106.6220887740126 7.613895323759459
2026 24.578991792046452 24.74009621683845 8.433287660728306 7.609812182696826
2027 -40.85840326832792 -4.374389349085891 111.6024605180765 7.583213039174603
2028 -17.977091834779785 -16.81404568904081 113.24875497434994 7.583134974082176
2029 40.07153274536026 -6.312540998975699 79.38809946636945 7.582822483984164
2030 -11.268114751367348 -13.74487973138295 163.42306552006562 7.580536940403563
2031 16.315132733599683 -37.1349441272822 112.71433707010756 7.579270210878521
2032 16.590687280132915 -21.710161350384077 162.77866459365447 7.576982809950228
2033 16.684058097813754 15.59308650894276 72.68110320471041 7.567647958853684
2034 21.15028681235638 -38.52700719801869 76.96772648738929 7.531674311895612
2035 36.04103425711279 -13.609946764320888 51.94929179422621 7.51782535454551
2036 -38.74377435550638 -18.39475206573725 118.39321512550414 7.512973901640276
2037 16.27638001761757 35.80859701490993 106.92790571721426 7.503743893915887
2038 22.452764566880113 -34.64477255039289 16.60025345069289 7.501095675946754
2039 -13.334133698816933 22.31543911867818 151.120373295751 7.496608820109295
2040 32.452779660465964 -16.19229677334904 154.62270981231495 7.491843216873859
2041 -32.311013834567305 20.31040042004829 76.32577190330645 7.482355732107197
2042 -25.04096569498431 36.06145613815921 97.51573244448346 7.467586782353708
2043 -28.23249700643323 29.383655083579868 114.71293235941141 7.464761241847498
2044 4.4609564433787785 -5.219852198019122 158.2691240415627 7.463237964641432
2045 -10.65887426880933 22.377372373893017 32.134044135518934 7.462918805758582
2046 6.017320237121742 27.185092062643125 184.74856189956748 7.450078830080468
2047 2.4745663381423983 -21.94677159736522 71.76933909758331 7.447784415317034
2048 -11.00980002255966 41.698054656561695 155.29884446891037 7.431505237038854
2049 11.44167478316162 3.2213499026227215 50.165429694873765 7.426887991437253
2050 13.93174053198316 -24.542157326455868 81.5062368715654 7.422447248388993
2051 -40.52684685621523 -17.003512369167364 182.69431071466417 7.42196620251527
2052 8.327077162955348 31.45721862359116 168.22632029231997 7.407410085090276
2053 3.7344318045753457 -31.403416289622925 194.78803534920496 7.406134688638975
2054 3.2494321322824824 34.14274073850298 108.32701354831698 7.397062534637813
2055 7.308028831160101 -13.69671354156328 118.06371749221988 7.392263465608329
2056 17.097344414032683 -35.65110392414391 40.71873952937551 7.385118176440887
2057 -7.804513425669395 17.291899935894644 9.19058516720848 7.380470953510942
2058 -15.796009804709277 41.659935718081925 193.99471409599354 7.370017940726262
2059 -12.158161739085195 7.169006420102068 56.04198184157456 7.36166904398078
2060 17.642172297688337 31.567902007523497 173.5177071645977 7.3574225839740635
2061 33.388795131752076 16.836841880049086 160.50098662827332 7.356804105047371
2062 -5.585448377284811 16.618591667369028 43.820332914188825 7.355794408703685
2063 29.236436336773085 18.390237267880586 34.66358574856706 7.348657982977773
2064 -14.487073628039917 9.766686489929928 32.2618789636398 7.3405832586820505
2065 19.655210767326487 1.997047124800332 136.8237267990958 7.340088867530808
2066 -6.648970335373166 15.8814175033964 98.45006486449239 7.330725409051851
2067 -4.482856698789172 -41.57779991805884 85.83610915221891 7.329032769336766
2068 33.281456422913465 -29.32346482081828 168.3017083272037 7.328702997036397
2069 21.700140998160226 -0.2716694385410381 159.7184902075896 7.3250893165724715
2070 25.433976694654696 10.482924458558864 69.49698199927388 7.321452836931689
2071 -21.96485696072073 -35.080340895819226 153.9694479044673 7.304353876335225
2072 -19.835648956969994 -25.069123781243526 191.86485219817783 7.303256623195686
2073 10.11388496991279 40.01942033696061 93.75159310140853 7.299592743688798
2074 -30.338144281071557 18.311410615932232 130.49373234912406 7.298120106344663
2075 -25.8190795315344 -1.8246652575745 178.2772942732629 7.292896285613809
2076 -23.455108069177626 7.498926715967274 124.14980666895562 7.28957882294643
2077 31.8436326542283 -22.548229660534595 190.40190420471842 7.28478458158089
2078 -36.80346439271111 21.11514658304484 183.28587264639782 7.282001389417128
2079 30.6367826696201 13.18656791353271 183.93727318316647 7.281081625565945
2080 26.01301313198929 35.37860717813032 57.75448778684 7.27816879012671
2081 12.121400356928824 26.65534499521339 88.78786487124644 7.274678287222567
2082 -13.98336622145228 2.2228802168794783 15.09249502648237 7.272743777571058
2083 -13.94637579388774 29.197389845386816 60.750203029048414 7.270727748854388
2084 -38.805363668478485 19.181605334083855 5.734026537147242 7.264706861376628
2085 -40.32629099153953 -15.84630474704481 126.61926268674868 7.260155632509159
2086 34.509144422225965 -13.229115399251306 113.48091895974348 7.257740216830145
2087 15.8812594300568 -23.722704536960833 172.18171499544042 7.257474522307537
2088 -12.576478268924895 17.802888268269715 39.24183186795335 7.254585179423558
2089 24.971265000718386 -24.872404260207254 56.302472513614035 7.249633690355472
2090 -11.252254011616923 43.35419434880586 74.26846608429769 7.24309620990191
2091 -39.66064015717163 -11.744459805974635 101.24029184194748 7.242411243816405
2092 -14.823280331337312 -42.43064151228843 79.41741708128671 7.240929166555773
2093 23.91633468969043 -31.459084263392757 84.15668707938656 7.240220340384779
2094 -11.466810882177699 -12.365065069102497 36.736928951438166 7.239771014033735
2095 -33.24591211056617 26.852942018626376 67.42217434454528 7.232999060086382
2096 -18.723540237362645 -13.240751756106974 100.83560112266431 7.228530367688669
2097 21.510187385455843 1.4419886794751844 67.16004728886907 7.224331293687221
2098 -0.44162997216960265 -39.2628581646049 111.22878672279766 7.21790167043679
2099 -30.0887618690276 32.698205232820236 188.55454472208638 7.212954516958227
2100 25.328787982611672 35.91098261336778 69.90904621851526 7.197709805188103
2101 13.998965685902498 11.02023771880825 94.21486556240893 7.193374666523937
2102 -31.532882326710684 10.252693597906848 102.99418224904029 7.191777929032426
2103 -41.98908556286034 13.43873343469133 189.64174648742346 7.186911515931585
2104 5.660160497558679 44.8450909577447 75.90734030354284 7.183417768366567
2105 44.42414247088716 -4.828971964374826 47.28077816616542 7.181677709016321
2106 -12.773948007982508 -36.473760210363814 107.62479332588507 7.181264966979345
2107 -25.79541524112404 5.459379686475144 23.561184724480892 7.1684857141321086
2108 34.95934862406653 -6.9720880184344045 9.690454453030553 7.1623152385032585
2109 -3.0767680156573625 -9.137430826333427 193.78983080592712 7.158505731899389
2110 -12.252072898950644 -11.480326649462324 55.05988464004985 7.151231278924905
2111 -3.9052935185646334 -28.988655493215468 90.14717022402627 7.148455192149537
2112 -15.25432049748493 -32.70799769993432 180.92220923719745 7.137881165783423
2113 -16.80366347788817 -40.594836001588845 165.8569246657307 7.13016520954916
2114 -37.52025121615291 1.8172726117808993 4.628829558666848 7.1256078722774525
2115 29.606793925018703 27.86468838836963 173.0633796131263 7.11009647287614
2116 25.40576501097313 -20.351429155856827 31.15145329991574 7.1071653309261675
2117 13.45663437267876 9.147663928601895 131.77933187491817 7.105926341534605
2118 -15.55221228777891 -4.904251795769857 10.03724334955517 7.102683131640754
2119 10.810551695635532 -32.958849856129305 126.91971501980976 7.099501516201061
2120 15.325048653244117 24.20174653203869 114.11169448207588 7.092696750851994
2121 43.90734801128173 -5.8260296689372515 11.120171926957793 7.090247281336378
2122 -22.786334254932413 17.426566570559547 165.73521518017643 7.078122168382822
2123 6.237755603483836 -45.37565534268059 144.7007664257665 7.048159969759135
2124 35.33847926438496 14.075668498060956 136.94046382541995 7.046735336318582
2125 23.078878991504947 -7.440300135420785 155.63004305850478 7.046430393896292
2126 16.899506318151744 38.106550649205886 36.54923976972899 7.045353307077169
2127 35.74057158798328 -2.6618551619467117 174.94324679879205 7.037102704000716
2128 -35.15792778620247 24.969572132883425 149.15389769757596 7.033965313593685
2129 41.394154405429866 5.850120254695878 119.72106959657017 7.030278486041043
2130 20.97509015828463 -1.4562711209048784 171.88914618559448 7.029018104898519
2131 -6.265784376393941 -7.375545375060955 156.2534709793818 7.025477159156875
2132 -33.64773977071607 -24.237692033727722 177.4195193905467 7.020160380585152
2133 37.305491337320944 8.020658345594857 160.68670932854292 7.018364586925575
2134 25.844679865940176 19.11899626988871 42.96049390980058 7.011179463582562
2135 -6.638842528501214 -42.828299178997455 33.837011005595414 7.008282567614252
2136 -44.65477057936562 -0.16716908473030134 14.924258933268614 7.006646553742487
2137 -13.396764295095384 -37.730049897408946 12.083995357430492 7.006534045895467
2138 27.709087435503925 -14.705720595887644 81.43434804651721 6.999966485256293
2139 35.50873653312862 -26.561794929202623 5.457294292998061 6.9872316678379445
2140 24.18466470622799 -36.46579819272383 7.3825165511434765 6.986852041601296
2141 -23.262766520747792 -0.685002759866153 104.55444849838246 6.98170554688719
2142 35.44725773030342 27.43138350778612 179.56024097239413 6.981481104297502
2143 -41.44621072742199 -11.26440806587053 157.9514650889791 6.97660666573533
2144 -20.45149755603742 -22.44467094440117 80.07537069801947 6.9744686774047295
2145 20.477727864537286 14.19144589312254 89.90316956717173 6.970726030021638
2146 -2.5088742101288566 6.13051429226743 159.33588865319945 6.970320131489336
2147 -40.86941493118873 -17.315331695204282 21.54677540458291 6.968978861722309
2148 6.6182877574471 -42.404493597581755 154.8916598299648 6.964778438307784
2149 -9.044736465277575 -35.866955325023916 160.85760270240692 6.952328188159635
2150 23.147451250794443 37.27748611983908 127.99218496095565 6.948577987781389
2151 15.961874262565548 30.6754678474038 94.7925952776177 6.9482536536927695
2152 -18.52550984198321 -37.30820859785683 98.76846667527941 6.943821202331717
2153 -21.501790726950585 -39.54823826717757 193.5616101827236 6.9378375957510805
2154 -17.459269581740088 0.9109438070676408 49.246731128021715 6.9373386284649
2155 -44.08480210789495 4.232363475949839 74.91222584740272 6.937131284550599
2156 28.398384099957454 21.11159836039339 185.76593307661085 6.933921911488789
2157 -19.557057179363863 14.956465023939899 120.90289245127983 6.920872661901133
2158 29.419382579421885 27.343793748593477 130.06688927959908 6.919058528353691
2159 19.877528105530534 -36.08508116275433 145.26524137658728 6.916234109737381
2160 23.785253481320726 23.429822268095982 136.40874888088214 6.9133921439846215
2161 -12.911548497822736 29.791874599000682 136.45634791220726 6.912704065480732
2162 -38.969036950145714 15.299196751010475 97.75283516422566 6.904438798095242
2163 10.84643414455772 13.899957670046447 188.5626602569591 6.892861971933878
2164 31.29608971278097 16.585687918277596 22.641708609445768 6.892280674067348
2165 6.701171100395843 40.53146344571164 139.17939147988497 6.892174084251036
2166 5.780084311546132 -30.429213472999106 140.70132810304096 6.891682330289847
2167 -8.838188432679367 -26.601876543812697 188.28380667117304 6.887373314909998
2168 -37.04936255443999 -3.519863439287553 13.234463460839622 6.8841569798714985
2169 18.384703438339425 30.828198883666907 65.60358648319333 6.884076374382671
2170 1.6240719585191914 -30.395441890161102 134.1990780502516 6.883937423938333
2171 11.402826361359452 -16.69487212741304 21.243689563795535 6.879701114696177
2172 1.528639293811024 -21.33194115713456 138.41514281396178 6.874186396877804
2173 -41.11242787044227 14.736907363072687 18.386999199862696 6.87182802522163
2174 -25.08242621966236 -13.855315946381532 54.224469249803384 6.868726616484466
2175 0.719121568213799 -0.3448783311943542 107.46233641443521 6.867954857419399
2176 22.11712863221494 -35.89482968627103 49.31489702879424 6.8679109867582095
2177 0.633821406122708 45.02686888785894 181.52367007500862 6.860278711235358
2178 -13.496790676527475 -30.45029051554412 62.128187971106485 6.8502190726248156
2179 39.709069706739605 -15.86735684790649 105.64498833779366 6.8464672311445725
2180 41.736604662697246 2.6081880508713264 45.29461565726833 6.844408965966436
2181 32.53724185780859 27.927347783025567 193.4137760802488 6.836786856651917
2182 -27.715291710720972 -9.847801630733542 143.2156807207698 6.825814236780092
2183 3.402973805195913 -29.0008965610955 43.676688753355904 6.823812426476032
2184 33.70337354732745 -4.037168755543985 30.431953775224258 6.814588352866087
2185 -40.966695377332464 -7.516508260543241 120.45644918839683 6.813521225995208
2186 27.504192330221187 -24.453392201838604 21.674831563694855 6.810455825545284
2187 12.92533976440209 7.061248374581346 13.473171932903265 6.808867629891675
2188 23.02777581886983 -33.84050384896318 158.0749472372079 6.807914185146444
2189 -5.803059433049388 -12.143988230034724 104.734903226809 6.803908535476342
2190 -8.332419381215141 1.2485329782883854 166.71101748896083 6.800845323222031
2191 29.040827685965308 17.958250717081405 115.68345471591843 6.796461139805574
2192 -21.460728991668155 11.901235084552539 84.09898330861621 6.793151444402712
2193 -25.047327451011274 -31.418593340396146 172.40638785977723 6.79297954789533
2194 -21.375724862709177 12.961764435701074 12.103598846131469 6.792192981363671
2195 -5.4507142603059 -8.129192751441693 51.849951321759505 6.788850938339595
2196 2.5640994889345694 15.95610232693575 143.47094109231261 6.788207144758132
2197 22.222089920560816 -38.63919732039338 127.00757878954903 6.787103475019631
2198 29.704464615876123 28.07657569609571 101.12372680662139 6.776309282692381
2199 -33.13010323176482 21.20138547731109 139.30298335895367 6.770124869739863
2200 3.1003271592867163 -11.072445575194005 104.6080537293399 6.768990160568601
2201 -15.959105016655233 20.794103105640005 110.11755866878615 6.764292708087128
2202 -18.970048299500963 4.393428731561435 143.6482675896563 6.762082515518507
2203 -1.7967453475379456 8.155915277009958 127.62810900498796 6.761895068604595
2204 -37.45297035844081 24.571363692923097 28.91621201560836 6.759098595144673
2205 -1.7641923469163174 44.0195237693992 25.6682497666422 6.75677630847334
2206 -2.3338892704799137 -1.6566538058428746 190.7845953436675 6.753571460373914
2207 15.512242687002662 18.969119980658306 184.69681199104426 6.737142869337073
2208 -6.561433111419475 -41.51847236703918 99.40978293242274 6.7363441324080595
2209 -14.24641392746368 -8.545091494754336 69.27069690375151 6.736276231360735
2210 2.7596031731565382 -13.258189862622212 187.16465259653103 6.735134695000717
2211 -2.5795872549535277 10.010456487528689 171.67263716283293 6.730653183115217
2212 -16.912623912442402 3.206715185446132 168.76652634730164 6.727383543383988
2213 35.3798700975963 -13.213052264452834 123.17135942432692 6.727191711316316
2214 19.00019992745787 40.78191627739153 78.90799963510283 6.726655062972437
2215 -12.159313172173153 -22.03606198398751 183.17219214582533 6.717441773137493
2216 -7.088283518430954 -0.3320008973617785 138.9550867004285 6.717335896872332
2217 14.34376945901921 -7.044813846451537 155.61353441049843 6.716155611526015
2218 -27.862992736856683 0.29760022110481543 145.76162878878534 6.715342345292874
2219 -42.04663119262641 -12.088393651534926 93.45061589162908 6.712502367297901
2220 -5.341955953770596 7.037862057565943 91.36744583889435 6.707991123932004
2221 -22.872079756330407 -36.83394601773115 90.85604649439536 6.707270819344591
2222 -36.49076814539711 20.292753815622206 21.045997843534245 6.702824084665323
2223 29.041295485074038 -25.61049337731136 160.41564618431474 6.69420776343817
2224 -15.72674661040446 42.080716210286 14.00017175500738 6.690116208165849
2225 43.092566428581186 -14.498810910013209 167.93988351692437 6.684713257324484
2226 30.64240201030219 23.509953761912033 123.07012440957479 6.682606325529107
2227 25.994349476211447 -18.96612160315282 194.96436162796314 6.680103381920237
2228 26.912833410017548 -5.000031398309563 188.11586401548357 6.673613963495667
2229 -30.132395499260767 27.19021622235374 122.89267164296322 6.6733093352574375
2230 -5.278595638841083 35.75627062364739 89.3879833115929 6.670943491704253
2231 13.372994469059218 -18.37923998387457 57.67908791081355 6.667380843177661
2232 -17.09762347360161 -6.901752862334449 82.47144154197245 6.666500917021351
2233 -11.055438559348199 -41.55967750814178 176.58825119646963 6.661371452727455
2234 -4.301381383649224 34.009251513658064 105.30791962476793 6.651441581285099
2235 -10.793744415192517 -22.1778696803032 55.20613434122024 6.649216524720394
2236 -6.1251416896875615 18.279926636059876 160.54906384025372 6.647508463367998
2237 25.601505270623555 36.95799468019492 6.876989872761112 6.641682206860732
2238 -3.8400476356317292 23.23629654120831 129.40160469495942 6.641664668492285
2239 -32.00290966619865 20.099087777827997 60.38697764967821 6.636556022250204
2240 -28.24996100879405 -15.126078005819618 129.8817765168344 6.634839629256782
2241 10.680089592448383 -21.493653283662262 107.73476674918595 6.633467744510669
2242 -28.754170035920925 5.522635288230797 38.35628447641661 6.633031285674029
2243 3.9995623635189212 -31.097478187977053 60.093691097929984 6.627625393087181
2244 40.0345879029387 14.798242011311677 188.95892543280863 6.6274190972885965
2245 5.437763831500002 -24.834347221368184 50.063972896366714 6.625753482399497
2246 16.591890098926847 -38.11828530433698 102.53550788069165 6.6242638557249895
2247 -24.638267862414505 -7.461286335337741 15.692684838968088 6.620526883880665
2248 27.21607528196235 17.957955288621065 147.85375651199084 6.617831144031247
2249 13.460914384897107 -3.4205689170990894 41.23011450284119 6.611203923321784
2250 14.548233994917851 37.0066588791615 6.802625828191059 6.610855642826275
2251 -20.936636350007213 -7.075992769965154 36.525777136338824 6.597026872185186
2252 16.771475176583067 40.15342533326314 142.8061655733337 6.596036952710792
2253 -12.745732426407244 -42.09894558957782 192.03889175489516 6.595533905661723
2254 -7.77395833514772 -15.833326550929256 84.93183460173832 6.595229362621518
2255 -30.892507122464778 20.920340651992298 95.38616565591364 6.593068357621064
2256 -3.9889951094068263 -25.752189597893086 60.98148580504615 6.584344893517833
2257 -22.597434291230858 36.17768625367955 119.85844992055017 6.5807721990404735
2258 -22.54459570944137 -2.386789341525878 191.90091016115142 6.5796005404242575
2259 -11.390528389704388 11.32735908406102 105.59162871165991 6.572370149996727
2260 12.024100211880217 42.87647091880692 64.70308195898632 6.568125680931173
2261 27.180752361070123 -28.521998180160352 140.33093269070116 6.5628498116211205
2262 -42.3838411791174 10.782362371894132 86.38533913580633 6.551749015469162
2263 -18.51199422064404 -25.475557390118016 71.36009849872427 6.551119602902965
2264 17.608069826371977 -9.948733382959679 140.35112586297947 6.547720540245763
2265 -26.642095259302348 0.9522675149614015 76.2821770130739 6.538836103916786
2266 13.32126696938491 7.714865666237382 21.080130930312066 6.538424251273437
2267 25.68845680522711 33.23538675037729 159.96743373574114 6.535384150661608
2268 7.2554158834705795 5.997020418953484 157.26593334171108 6.534890999039998
2269 -2.2432759079792026 -36.90214405930461 125.42272795248854 6.532287708296229
2270 31.154352522096534 21.920929861962026 139.97167033714717 6.530729582053704
2271 -17.108723986149986 40.810427147872446 109.01102818720388 6.52933265473586
2272 2.1923241397740814 22.823159654258603 174.70860798355454 6.529085231912006
2273 -26.337090932303564 -13.411687347172023 7.325880002666164 6.523776393820642
2274 -38.36552891672659 17.647450491746532 173.04754172380646 6.522882823152982
2275 -20.09440888918768 5.106172824509386 184.69070777166894 6.521880990478667
2276 -20.200334570873714 -6.3216287268679565 125.71581861264627 6.519018838472326
2277 25.476336138595787 -31.89592807066453 38.12913958618559 6.517251473019748
2278 18.362649668309178 16.864835004270343 106.11804515203744 6.5153051800283075
2279 -26.200661619708093 34.63500916590414 128.97881337871823 6.505584292917641
2280 36.220890314836716 8.681989597692038 151.59546650769943 6.502087269238015
2281 -40.19037298574855 -17.15045836692867 63.1283121108449 6.498142409438557
2282 -15.538984592501453 8.344008493713751 157.30682534979195 6.496242906823053
2283 29.996442895245607 33.446322786502506 46.8218672402071 6.4953579472562435
2284 28.378830414412583 12.05778747394386 164.1883448162402 6.494491454770172
2285 0.29716287771122296 33.55621382815034 171.88391833361004 6.488394897815338
2286 -0.8793086839993896 -33.134446241263994 67.90315705149166 6.487632108082089
2287 7.982961215731239 -2.221753750683172 22.714350267433257 6.486516877529844
2288 -4.516428980229373 -10.75157660772797 26.073382663542723 6.482662667669841
2289 -16.72703850807685 -12.147884859030219 7.389389882567431 6.481635097529211
2290 41.2691404523175 -15.854851473284196 117.75039161077531 6.478954717073982
2291 5.656668407715852 -35.05050697259459 170.92177067004525 6.478203248074449
2292 -31.95380266481799 28.78729750529211 15.442824327897991 6.477697316617348
2293 -11.832455120663633 17.871925656155316 137.65329103375157 6.477405396444228
2294 -9.376823255427423 -16.130342584598356 8.309904090849564 6.474361275319808
2295 -8.577541351165346 -35.600362021898576 36.015939207910804 6.470851301773118
2296 -22.46986300162797 31.27734763282998 5.798069889129793 6.470824479477601
2297 -1.1313298134877225 -22.341294754226784 193.16258943734604 6.469194399487398
2298 -24.170245584200323 -22.679277837061996 28.97072337560907 6.466690629485357
2299 15.164568998008647 19.05616791199145 133.16472771336868 6.463683301773385
2300 -31.901826635619443 -31.32908866933529 185.02376228578194 6.46108916233494
2301 2.6269441138639706 43.68852812937743 43.308775641722896 6.4606697583966
2302 -12.625169881600696 -7.1725781077262845 29.288812734107562 6.457642366580416
2303 -22.3300280438464 24.391210507161023 67.75693373738893 6.455326048308138
2304 -0.15347461230987225 -44.433032574453655 182.7761095078563 6.44910583827686
2305 17.55812567845448 0.09433291219585266 54.966640738434066 6.44909768864097
2306 -7.268477081937232 -16.604378487243974 123.94241969316856 6.4480848088294485
2307 22.816196933996196 -27.43387440863354 92.28472457683759 6.445517438727585
2308 -19.835185389591892 -33.830212445823854 186.97757216655305 6.441875004211791
2309 -6.84372658135106 -13.067559423915586 44.64992744693203 6.439242509936208
2310 9.895474002673806 31.02902796379425 140.90501641711313 6.435446238920337
2311 -26.188530000520057 15.171239682277482 194.1448277422345 6.428105165403557
2312 -3.448570180378013 0.9319077504558768 177.80805794168023 6.417882654356831
2313 -22.368320735534112 16.30734894789421 185.66163913302537 6.413559375137471
2314 -35.710452705796236 17.002204158967277 87.96323732034507 6.410124908266463
2315 -3.10747830881299 -1.8346500235578262 115.03145747759972 6.408815932115486
2316 40.439757463475416 -13.865285456503198 152.13519780648897 6.408319218049897
2317 27.229777731519217 27.087772457613553 92.54316470824759 6.4052910853134275
2318 -29.931978161842217 -17.30512745629979 29.78589117804149 6.4051895328434005
2319 27.62342009644546 -0.17395202269550025 47.60196847004552 6.397604990457531
2320 -22.810308157093466 -16.55368538084012 173.1679174516758 6.395520515366311
2321 31.619090933881576 1.0937732764686414 185.9539471113409 6.388954497833281
2322 0.16111652175097912 4.1556031264381925 100.94759330703238 6.387470535412687
2323 25.81468297165412 -12.514936877904173 48.00241834260591 6.383372912476833
2324 18.916102633689317 -39.40925479834839 86.95739069697495 6.3807996900432915
2325 -34.13951461515814 8.332656337263233 193.57966493094852 6.380640263672623
2326 -0.7143878075107475 17.719561197505612 187.81517615620893 6.37593186174672
2327 18.66629935302879 18.42942532571649 96.76906024933506 6.37167304254652
2328 -26.417447154026778 6.578134377108518 174.74230712469534 6.368468257820849
2329 -13.164982553967503 39.53866659075732 143.69474970211874 6.364888838399464
2330 19.211775698716053 -26.951438311452822 41.572095933792994 6.356074096209959
2331 7.233504666712445 15.103252765208698 89.82345142031373 6.352394213653827
2332 -7.9437807820599176 31.03206050234814 27.71222781598255 6.3474580369249916
2333 -42.82004639202382 -6.558874445132466 138.09536300918163 6.346567298478298
2334 -23.15412332286601 6.7401302638487675 58.865333921272814 6.344732115301104
2335 -13.089587413409934 -12.512869982058419 172.9028612842548 6.344101331551867
2336 14.998719525786319 -37.31205539446941 120.80698731603644 6.3412265947106885
2337 -15.533722501837255 -31.485211795520577 193.49191331835368 6.338915343225844
2338 25.08431263860375 -35.23328080723872 27.58019922360769 6.337937024191837
2339 -28.36115200568687 -24.794866444186273 6.8075674463682665 6.337227940757846
2340 11.498775040397913 -3.30072950676521 10.139556308829459 6.335431861787136
2341 15.751212444615703 38.02958933962386 24.698411279546697 6.326495056915351
2342 35.039215370032906 24.771725793280766 16.901432181861 6.323610770418325
2343 -20.371023037278665 31.29163503748895 124.76020208395647 6.323214674052643
2344 -14.271885271815366 -39.089166979200364 137.465684624322 6.322452020327306
2345 11.016555348098784 32.94173782726613 178.46978325820206 6.310935458489459
2346 18.13935858397697 24.920876724399776 46.16809567841916 6.310614083246475
2347 -37.21418759728407 -16.977083131517936 107.4965986920363 6.310605186367011
2348 23.95862320443783 37.02175934237274 187.5654888284205 6.307174633807483
2349 -14.35805938824226 40.60287762557475 24.69939725839046 6.304131874656822
2350 23.05978054662692 -27.184002583656373 65.80669861740446 6.301329583791956
2351 5.699444341155139 -31.703485820514462 100.68924898002011 6.300400511305805
2352 -40.753101022388755 13.208547521940215 55.787114534757734 6.293218265893712
2353 -43.050919207607734 -8.47611788659683 174.78084143851214 6.292555100866354
2354 29.246673032032263 -5.192056872058056 112.78268225240521 6.291708634965386
2355 16.526256653441507 -16.592267092827903 129.65004039707694 6.288450099775552
2356 24.535021335068343 9.430255392570885 112.55012596661135 6.287144512478038
2357 29.897216616141737 16.645569803951993 11.873927823556588 6.2870419433358995
2358 -23.14450823491772 33.26447946047534 105.56394115481254 6.283093435114954
2359 17.569770312215407 -20.81286235806847 118.9898040117909 6.278128378713237
2360 -32.151008006719636 13.002596351286721 64.46516926449306 6.276601758484032
2361 17.83635140747257 -3.828377460217663 16.76111745329283 6.275225118703407
2362 -25.587180504389607 -33.83325308750345 55.260538593591704 6.273786937782003
2363 38.58210344450275 5.31894208711232 37.33671204952943 6.271305381865952
2364 -34.66402511574667 -7.14802231932552 6.531228341041712 6.261696635546773
2365 -2.4420802709214864 4.588847620392762 134.03809400971107 6.256704383044422
2366 24.60217549113805 -9.14042373514064 142.27838036006355 6.253473359579308
2367 28.91945542810727 5.435793605758975 31.062886410156562 6.252280330278612
2368 20.51923384320201 24.459965889493713 149.30733384797864 6.247698018752882
2369 1.5075817982890083 -29.691292215709062 6.350068774656437 6.241091836981523
2370 -35.40995505985339 -10.64251688149146 18.66671837729742 6.237420839658486
2371 6.402293061869825 0.5090958956488763 170.7426154248694 6.229916719562507
2372 7.1078064992935595 15.21823624422906 135.48064773164666 6.2293485724314195
2373 -18.51186412561791 -33.65836915944011 68.6891694719148 6.2279348802453285
2374 7.424773786084664 30.916498981479084 152.3505731592406 6.225937541385607
2375 21.711070873739562 22.441028837913333 37.40288924601899 6.224231527181207
2376 11.33990651034403 35.97841370919699 80.35669146794524 6.223313037218598
2377 -5.619474652368636 4.145869751087993 5.519458048707785 6.221211043008292
2378 -36.86224477233128 -8.407398496561562 167.05903622165675 6.220301623949622
2379 -14.37189432361738 -4.301559393903075 144.569111501882 6.220172734794596
2380 -2.6793829852081057 -19.51167302412728 151.13441125451558 6.216144886212378
2381 -18.827969995677524 6.8960680624719455 19.84250953837688 6.209096526426881
2382 -25.058198563560527 13.450690023706006 63.116017500276385 6.206776848945669
2383 2.564413981155747 21.7131005699791 138.01276361028982 6.206401115074462
2384 8.428506862166245 6.494774615428617 183.8471109940367 6.205448267270105
2385 -12.862850785452274 18.58011591144459 74.10026071126396 6.2019383409530775
2386 -8.441057947967966 15.706802230506575 111.31397840761079 6.197092724082778
2387 4.991616261246716 -14.947426699692508 141.61469490449855 6.196920427661798
2388 -15.082670547507758 40.89905969572135 48.44266386484795 6.1967216409149
2389 7.330966644117038 -26.633533366874637 76.09481567432076 6.193965593643852
2390 -2.6788270039305964 -17.140831234266926 158.59319330208646 6.19360329646315
2391 9.201663849652084 9.19149051571356 143.6347810438137 6.19120360521307
2392 -27.27037122453936 -4.101605345415919 131.21185982223446 6.18847547946643
2393 6.4211529654918 -27.32822852365836 36.7187993710524 6.184834515861644
2394 -14.48841905983669 -42.25828571719102 124.99443649297793 6.184832741238257
2395 40.40538241089183 -14.651668199452937 73.31571225420106 6.181584368154153
2396 -1.249552861930077 -42.47821665562895 65.40660423104694 6.178700195783005
2397 33.172781784434484 -28.539934044026253 43.58571267133227 6.175239397201228
2398 -29.269514541330153 -20.233592322059696 108.04328070919661 6.171346655719708
2399 -26.61703421383362 -34.896477537638944 36.142928197576815 6.162687890140634
2400 -26.963024596513094 8.440275236303796 146.09470012598152 6.159578434329019
2401 20.23779353486739 34.066833103410914 145.58060713909106 6.154980611587169
2402 -6.205065456783731 39.82578829774446 39.60784784213884 6.149661013410876
2403 8.482988087192416 9.98261906374455 5.325118981354614 6.146785757809368
2404 -36.47353389742188 22.225224009967057 49.90692736643808 6.143623859234308
2405 12.212265610488718 33.05321591307263 58.41077036803584 6.140319765617086
2406 -34.702743259254966 7.717052174803263 128.0543598052843 6.138741007389362
2407 36.00057718078535 16.149765539143807 179.5794073055642 6.134811464282164
2408 -11.669525814086718 3.0693551358122546 194.8289714945293 6.1335222489505075
2409 24.12406376917074 9.809823609498183 158.38012566131692 6.1318801712235445
2410 29.074034587099426 -23.524525824895292 131.6423685512628 6.130114070444787
2411 -38.33032479429614 22.906272597194018 95.58792074826246 6.126545731363041
2412 -13.000355378583027 27.918857791290954 19.259155722767584 6.121594398223678
2413 -37.29858499080947 26.195442349495437 134.65668154108164 6.1184273257675965
2414 -10.670339884621704 -25.73294940596699 17.21374829932643 6.116791880354963
2415 41.5376404902383 -0.6898621509391019 67.59458705277684 6.116098227344461
2416 18.294519628765617 20.288188741678706 193.65384614579415 6.115824806604696
2417 -12.738980896617653 -12.14278637045243 127.04245825619392 6.114022920359081
2418 20.136385131108728 28.419952654835853 166.32629309908822 6.109975613772391
2419 34.43487017524071 -18.08306362960318 132.62660516711202 6.109916217205579
2420 -1.6208734001316163 -40.86294948456375 167.88796519241845 6.105126249636913
2421 26.719184193031317 16.662161670186187 137.16383462291125 6.103617269516376
2422 2.2446552434311107 24.63196518159626 164.90970926465613 6.101808251592917
2423 12.950661733147811 -39.48263325366067 131.7840965883996 6.101359930632839
2424 22.172561614207126 15.540735949917273 129.09012382476217 6.098066824112218
2425 -13.663064950816729 -12.83305732286414 88.88793643195245 6.094511019949935
2426 18.640204733699754 -15.226717134924495 110.4477099134271 6.08807934144741
2427 4.872029244393453 -34.90986373998878 16.095424881930743 6.084992853640566
2428 -19.837053057667323 -6.767555591269401 45.0700075090324 6.082696165794285
2429 23.070275045005257 0.7906691090220601 112.3288878566352 6.08203682746404
2430 39.44832789774922 -8.527383952844158 194.40967848144712 6.080229065475709
2431 9.325867168613074 24.54510628816082 144.7896402800286 6.079959809981723
2432 -0.4191267385784383 15.722079208463349 113.15138848391909 6.073432792151751
2433 -41.082184597142316 -14.860675371168309 193.23353628659356 6.0711550040733515
2434 -3.3649183648111762 20.06947760205394 194.14208953133337 6.0686018337693435
2435 -3.7979591242795756 33.7948836242111 5.595491360499249 6.067997564683348
2436 -23.883924217096194 -34.33077155403129 117.6036840265684 6.066802629361521
2437 -5.70160832049045 7.249387072697279 103.69620014691091 6.065331715290673
2438 9.847849249748258 16.43323444663899 118.30449107329224 6.064136130099124
2439 -22.77910271412126 16.263457394666524 46.49126432743734 6.063842501362701
2440 1.5578579136493174 2.6874452769878885 149.25048816744163 6.063580224060599
2441 10.339918985158384 -43.49186976902376 166.6138066984249 6.061629077898325
2442 20.7634429270475 -28.88055521330034 194.8671365172392 6.061261618242565
2443 -18.374725780402585 1.5279853711701339 59.16001723290389 6.059225825267222
2444 17.59092199522178 11.273895030016195 183.8732693845654 6.055203043370139
2445 -35.965486741922646 -18.906473595123153 5.945307532773924 6.054931860556751
2446 -32.70276174355777 -10.89610943818504 55.84125945185583 6.053559636174136
2447 -21.76038977771169 10.682779963643569 51.044741254423734 6.052281638337227
2448 -3.282771670007925 26.888534336863273 75.94743945868117 6.050683797122573
2449 -27.102155076312894 12.78078304285697 4.971441216765042 6.048975676710914
2450 -35.797094569290905 0.8606276241655961 46.491590863516215 6.04719433823635
2451 7.5609221742728625 15.402396793898124 79.17559257368325 6.045647903661468
2452 -27.383584310751374 -22.552747422664215 47.36700245825919 6.044932751656034
2453 19.095963440285196 15.11355033536989 137.62594332402924 6.043731748968626
2454 2.5947904258232652 -43.244786102777155 81.54361321604543 6.042445299507985
2455 -16.237954975694475 -38.492561487970434 4.7188608788640805 6.041591480984735
2456 14.432332846332782 7.3770887162223255 69.32844546173645 6.040120659802588
2457 -19.75959311144308 -31.340004041468823 165.10036148401036 6.036724610177702
2458 -28.133858027128397 24.259712016538348 193.1376379131602 6.034138780883316
2459 -32.36676414536681 19.28028351913285 165.85344887949063 6.029728515126504
2460 -35.047358656171546 22.446097230109647 192.5264541335168 6.029037205262749
2461 -21.436335454334 1.7030072752782148 70.62604747319565 6.022141968044321
2462 37.19217251034525 15.29390669290942 5.124964358624626 6.018642181803189
2463 -16.392300858886358 -23.661595288594548 127.31368243355217 6.015600247049271
2464 -22.09893083287522 -12.776523784046873 195.09664206900516 6.012795413597617
2465 42.88715399217616 13.20777692859512 138.08302882702714 6.010971337102774
2466 9.170785133519448 41.8515384410226 26.01799763783535 6.009536563649123
2467 19.712631034137964 29.498634095921084 104.44358438454584 6.009140466604117
2468 -34.75223989804476 -6.393327665470435 136.19320049957014 6.008809411028503
2469 -36.724872053059755 13.934263635750021 138.477583305373 6.008385247206784
2470 3.855834602932627 41.82560984629177 111.3222258364933 6.004639892437064
2471 18.2807958418369 -41.81063673229727 59.5839551412843 6.003795009309075
2472 24.443587644320402 31.54036863150547 122.32352862727204 6.003784782223313
2473 27.053480045877677 27.398878440198935 19.693920683509145 6.002874442278571
2474 -11.56528007892141 -43.157898507787905 90.43359715281699 6.000204673983257
2475 3.018438139368386 -4.5666815567589305 77.14468473892495 5.998716228539443
2476 6.641746336925369 6.9503392544629214 126.61743638698321 5.99617932332497
2477 -22.70888511759585 -22.18702082853722 152.78280828705078 5.981648258144418
2478 26.117687356304174 -13.154253978828523 67.08110036907273 5.979254165085018
2479 40.3201836780288 10.745076322401056 167.97226039835562 5.978188488646035
2480 -16.519879707438005 30.72943432766979 174.21583827606028 5.978052754563748
2481 36.58697382190379 21.138068929654835 193.61623627668706 5.9778888742927565
2482 5.140139109645151 6.630548563753549 58.38880400625759 5.974575407022096
2483 -8.048108010212779 10.260690768901933 164.93269915450813 5.971666002986583
2484 -13.909554184110046 35.87101632563325 117.39339701363669 5.970548867416559
2485 -28.07494350650706 -21.328954761404734 116.34466964374415 5.969618051911587
2486 -31.008091034367204 30.254028368633197 134.66240125378863 5.968079151623977
2487 -3.0497228861149743 41.97726673873676 174.86885611714322 5.967178822137339
2488 3.4337000391220047 -11.877884640121998 154.04812329179236 5.9658211923950875
2489 37.73304972195963 -18.314220604415002 58.55132949964086 5.964965939933018
2490 -32.30812916387882 -29.846515977480152 88.12569763799871 5.964786063057191
2491 2.3705736156285866 -41.75373713600085 121.79843814165162 5.963628848449603
2492 41.003305780866846 8.628237787847151 108.75184469818998 5.961765369037563
2493 9.62350596452615 -8.942392585560073 32.47910225029336 5.960513670497258
2494 12.693986379874831 -41.87944912038153 140.04517006660075 5.958963379299737
2495 16.51411611957806 -39.5627725011194 7.468085363718607 5.9562782753824735
2496 -36.098947227523134 -7.064643041714862 50.040059922561966 5.954353109125618
2497 5.62782883208308 34.67462772726764 145.17542900575526 5.952253910286543
2498 -30.543311803174372 -13.75101785381944 172.3192576240801 5.952233827511701
2499 6.797037742554274 21.099861124147502 21.14007917451094 5.952018506886449
2500 13.053072580060093 -42.13840001353479 71.4790511567789 5.949131139507916
2501 42.83488941569643 -9.444025405007043 60.976319843335695 5.944126135130914
2502 -15.260023266203206 -19.443115145376943 194.53940519256906 5.942682588688257
2503 42.739861459718405 -13.040684399935019 183.1895544362897 5.94092810015512
2504 -1.618594809544927 3.570265691531991 168.27967339518162 5.938592777884001
2505 -10.404480420330186 22.82557781022625 182.6627357207435 5.935414052623727
2506 -29.515031740239376 -15.9792843702649 151.9346834845718 5.934032426142868
2507 -13.566311541940907 -13.493351622489323 78.26464929706431 5.933640429271591
2508 9.484250223835518 41.87733984711062 176.03003552057962 5.9312123571549265
2509 -3.5554034272051247 -39.40357545201724 176.61023171808458 5.9303761173391685
2510 24.83107218350551 -37.343943262246434 110.53484427383286 5.929900455799847
2511 15.554615204591673 0.788526316752898 165.40766306841957 5.928614171805875
2512 38.4463237243614 -2.9995287055902153 142.2110261204741 5.9264197999452435
2513 -25.563990446796137 -22.76281649548595 67.95588836982671 5.923367886276587
2514 19.908884569993134 35.51986691558605 12.344793794228394 5.923215506951667
2515 30.8029960072234 0.7044239569444413 162.1835288591513 5.922560435663932
2516 -4.501288461732366 -6.250853532076949 174.86454758205178 5.9206723068078615
2517 12.422245024496426 43.20351245087923 104.76283008229213 5.9152877588403365
2518 11.126470581789256 -18.532549442662553 135.49541918715482 5.914970988881616
2519 -9.027578706203315 1.2486544169466454 122.29504984512177 5.913926835236033
2520 -34.587142839921654 -26.513960122774293 116.50427036019504 5.913612787659776
2521 -23.640034188575104 -29.48988794881745 82.66178114943267 5.909863043225982
2522 44.56263049894124 -4.627989184850363 136.3355256868404 5.906735090196047
2523 19.785279886045203 28.941686806010114 133.12813704857567 5.905791444137128
2524 28.972842584871096 -18.322852434724112 88.14144912269825 5.903864142871197
2525 13.95882510834375 -29.290347959426274 106.43131497391064 5.902846541155206
2526 -19.54315069119788 38.8374897627969 181.03274408891542 5.901677679124033
2527 -33.73206915445105 14.969322521675833 114.83688428868956 5.9013810948315495
2528 3.3668579268929513 -16.04112386643996 131.90032378373468 5.8980959168581615
2529 2.354423432043466 -4.375280931091536 149.1530855649257 5.897653382221909
2530 6.8132599522467086 -22.348773896086392 192.4240660673057 5.895668868906399
2531 9.188564598782245 34.809832172685844 20.496200471474847 5.893218271946198
2532 -15.134921944276675 -9.510130987986074 139.10834835748378 5.890530781997228
2533 -24.088140177472713 19.641826321816495 140.98465049165122 5.8888014750031905
2534 18.933280066965242 -30.670260717845192 6.505557163780215 5.88783811107318
2535 -14.067379529950717 42.00880822979273 128.99869293802104 5.887589060265381
2536 33.29633891832943 -21.181952597311835 18.410352408901268 5.887343232096951
2537 -46.12036494743881 -1.1413710932120917 45.99970031779791 5.884022955420906
2538 -17.915401503621712 14.814210066242952 4.989564774860741 5.881457820932107
2539 7.965511011773464 -17.040548700515256 90.30875869076351 5.8787983176737395
2540 -36.29261705138599 21.29210991903026 159.41499088530506 5.870465798125499
2541 12.001394435543125 -27.630850860096675 179.4867640394778 5.869540788429755
2542 -31.720325695404405 10.671651603544445 23.09978321176478 5.869485631235515
2543 38.8754392210144 -22.992435679678167 86.71866132431684 5.866694586272908
2544 -4.28036109573514 -3.5687769546199455 9.562963342892058 5.864832780373404
2545 -42.49756829578284 1.8965390400364814 145.67359169162353 5.862116838441939
2546 -35.69814675355299 -23.5851227219443 136.36631771504955 5.861488214426071
2547 11.633693578379166 11.27347988049707 101.2659103558077 5.857470439961504
2548 -26.232620490565516 13.317789466812755 19.66181849383419 5.851549631351233
2549 12.082065755129282 -22.96191536600395 153.94919093945543 5.850426378160218
2550 38.847587180875365 -22.559094850592658 68.5647963923324 5.8472870282051
2551 -6.640606129468447 11.425020175280466 58.73284441942644 5.845776409703207
2552 23.3991743086053 2.1073643204809507 92.40560972797202 5.845503220353567
2553 -24.627167237164613 31.88138409374591 159.50272870238524 5.841696626908893
2554 -3.5457725211518927 -14.229699178572885 76.18152450444127 5.84123099207665
2555 25.331719888038023 1.0346698021406882 119.55850033152313 5.838871477146861
2556 -34.85625904525628 -27.344303783153787 163.26331954762105 5.83248404895641
2557 -39.42101875011463 20.33585785973542 127.76733384730385 5.832317918237291
2558 3.9353062183186234 44.134194427423324 66.31305695931414 5.831451052848793
2559 15.041387630119665 -16.42270824176367 45.12945061048855 5.821560301655331
2560 -11.753421949228446 31.86583776442738 108.33568012141754 5.818666629599958
2561 -9.115558129035449 42.48002641247436 171.9780829140857 5.817606252452278
2562 -35.70749939530218 -20.732089893734994 187.30824382929552 5.817386373829176
2563 -32.66779166716019 -6.821136794108521 192.27135569246323 5.805991405839603
2564 -28.275609778952482 -26.008207747386656 135.43587613503558 5.799740896076167
2565 7.663164739472753 -19.148959231778655 168.76117593433906 5.798661227311449
2566 1.826040299181869 -14.547922118021491 22.797910416535736 5.798380307732054
2567 22.240298876978315 -10.093900794426952 118.42089069597029 5.798332026350772
2568 11.281048387967218 -8.91191666402 165.0434218546182 5.79195712995142
2569 -36.758259387722774 -26.877847143519038 82.42982675338793 5.790119796993875
2570 35.76963122110135 -2.733383758074403 59.97072015064073 5.788725459270511
2571 18.917368048899586 -40.298361138821285 137.31594144871272 5.78750551648054
2572 -2.5614338022902725 4.947653142553749 51.468463806596645 5.787067478457769
2573 -31.07932806399969 30.753017108168912 83.14300929141665 5.786532030423796
2574 19.0575781546567 -19.129845349794014 6.972086540857858 5.786184425639108
2575 -29.489636233324443 -31.779693540744333 11.78906677770268 5.783392466741453
2576 -26.715862170103755 -23.864611987749115 127.37723431582083 5.782589057534623
2577 -22.22077615421401 32.63845652186751 192.95124495783315 5.781481767219613
2578 -18.50556796974049 -32.75695122025941 143.16321538911265 5.780583896665478
2579 -0.5179100462239257 40.1179827594417 140.72401702782724 5.779170809788264
2580 10.071969660085708 33.777827042162464 102.51800333525426 5.7788789827933496
2581 -22.30290845325231 26.315634253909398 170.26901608939008 5.777684421623269
2582 2.4652420441454517 26.312008456628277 109.69792393212386 5.77745684144762
2583 -18.827598719631396 29.859087666687213 163.5298677730524 5.767708755551635
2584 -4.6643626973466885 -8.109833693352986 184.94168474028197 5.766735962324133
2585 -41.1447719918344 10.009706236501014 172.7578875965635 5.765671127158332
2586 -13.04091025402044 -18.675884421745206 131.97747636230412 5.76492575873185
2587 12.167107180509102 26.36742069014192 163.60369699290894 5.7636893131908975
2588 14.319155295846802 -24.82072698950128 143.4657479379842 5.763686964598584
2589 -22.330103600718957 32.83263967457976 66.19729098348282 5.763672976027771
2590 33.24500102498552 18.039298109078352 65.08808003755372 5.7618732953143015
2591 42.24428107302381 1.5759579321436679 80.46528656586572 5.760375543199986
2592 -41.16716976484864 -14.550160449762359 46.26229853155359 5.760204133019235
2593 -18.115467517273316 -16.352638020274675 27.74303874836174 5.758913931934881
2594 -11.913900140324477 27.200023930938215 170.4610766744118 5.7575912140482135
2595 23.782412605836484 1.5502280352819273 78.27810101795814 5.75645079308164
2596 -9.604499599976526 10.480827411568832 136.0716756617142 5.75541561681955
2597 8.846652793902063 -19.80294435361832 31.833742616602684 5.753230072981009
2598 -4.426088568127084 -17.124771412186018 189.46027458067746 5.751527210764571
2599 38.57450428643923 -5.645873411003581 103.02179543220856 5.748606319387329
2600 -38.462273878090144 -7.525921109692078 42.57532285237678 5.748277122403473
2601 17.69836353509933 -7.167534538392035 193.92093620227385 5.745822133561395
2602 -8.105435076180528 26.456056746969708 112.29027773859389 5.744690464389603
2603 42.71360693154904 -1.8411881718585823 128.05798367397452 5.744677529844214
2604 31.02864635929914 -24.778963640453664 178.98193843194966 5.7430015971795765
2605 3.4336592757751574 -16.897926778566667 161.90931763698018 5.7410881978664605
2606 -20.65636318980269 -11.595328434044694 86.54792397599348 5.740108562079876
2607 -12.042532576273947 -6.745445633016719 98.43087019796558 5.739874767952031
2608 5.7076543919374245 -0.3448726162133675 53.95390755835285 5.738866360944586
2609 29.49903157402086 -16.205183190162455 41.70101115184631 5.738197055539029
2610 -28.704783934345745 -29.4831193151023 178.75125590763417 5.736342411056949
2611 5.244648654801334 -19.047378304357267 63.77649883243964 5.736218207126086
2612 5.8223376277607315 29.880711307318776 57.084583314339795 5.732976170914687
2613 -18.995638176749704 -8.341731759325462 22.50163968172145 5.732952463589685
2614 -28.518990107726793 18.28525824219846 8.93208739278961 5.730414091301622
2615 -41.231067172577596 -15.256880633298262 35.15297664767147 5.730199562007661
2616 -16.490686025720894 36.35664146802654 138.2871629761361 5.73013117319019
2617 -6.16977864574746 -1.7483837140511074 108.70736083451973 5.729085013395643
2618 44.66906968722606 -6.593497585383398 185.9402236704637 5.727513443146386
2619 6.521809323362502 24.68469364743863 194.27627783255505 5.724591417290346
2620 17.101166848552868 23.48717463526854 123.15572491300247 5.723047156006104
2621 -23.612647665569625 4.743598093074194 97.2026184865174 5.721709321828564
2622 -16.724982144078805 -18.629732997493576 157.50002186925718 5.720945046771272
2623 6.235111703604423 -1.8525095135151508 60.69793522643828 5.714088220726708
2624 -9.410116321875025 -28.257164162547177 44.87020161289326 5.712961178154127
2625 40.89378361537582 11.00730886321245 66.00678314236832 5.711244388029112
2626 -7.542063541565207 26.891027417719503 67.68291468462851 5.708590989770296
2627 -14.95044857894896 -28.750311728399286 98.61353351069158 5.7083545589646185
2628 -14.992618943147413 -43.03299716846596 183.37587976989127 5.707128768485264
2629 -1.287167362170105 28.636121062384184 59.061484795402606 5.706188536357299
2630 -8.306466403300995 -34.03963337047518 183.56287515217744 5.70560536797742
2631 -7.207362577304209 -25.22123050202137 8.247071382563977 5.703292226259037
2632 -35.81796519321813 -24.88684453080877 48.66314673569346 5.701719053702489
2633 28.71653576498074 -32.27989990657023 49.76931890692527 5.69818859360962
2634 8.001373202120256 -43.693676883019755 75.52536056685898 5.695494026667493
2635 22.351847297865223 38.943736690688105 49.949957561805014 5.694352653174362
2636 25.551217673353015 -6.85191625634291 27.65452365397447 5.691484464233401
2637 29.17305844303222 29.749018726759093 143.17667079876747 5.688266372871877
2638 -23.027583960841984 36.732184510259565 166.25365739088153 5.686292881165457
2639 7.58140318809922 40.96125547539088 36.84167094717013 5.686095612484604
2640 24.063211916431573 9.716442111756956 184.38162006575234 5.681490036690074
2641 2.5297269491376024 -12.495460493238877 125.043332686474 5.680911553562472
2642 -6.1640789737573325 -23.699311555424735 145.5557102603233 5.680856293338001
2643 8.34127611121391 0.3106565620427979 119.73078647108773 5.676179285626101
2644 42.18326621596858 -4.46845898825012 18.164699637202656 5.674657784889878
2645 1.328429717952468 -32.80953063763354 80.5792279384868 5.673723575629691
2646 19.998409115208588 2.59980505777302 17.95302065593104 5.670492090636527
2647 37.214471783776155 -12.55461278695259 139.87439556223538 5.661007474590844
2648 -23.464103454912582 -37.61238896775877 144.61739244484124 5.659354586913848
2649 43.57186765157406 -12.591783988807475 20.68507024275281 5.657715171639195
2650 2.587804283013143 6.432294203660193 140.06628162109746 5.656132814446685
2651 27.23030514792909 3.1991536008975316 71.87164316414729 5.655479358288707
2652 -23.28860019312462 21.69571681984893 159.1702108322292 5.64585801269819
2653 -13.502626490821056 19.85841951202148 46.34642726089231 5.640745493391961
2654 -26.554952954406623 36.63962377286903 46.5527613127243 5.6380941458154235
2655 41.11490231594987 -19.760445749797913 20.509973560879438 5.633185404311629
2656 -7.216458789752497 23.015218330122746 19.554041847941587 5.632432167479642
2657 -14.145710833443117 -29.60851711360876 25.189904155473567 5.631348681874515
2658 -5.670143753413169 25.47131171003002 37.66209419006164 5.624036744930103
2659 9.780154679640574 15.274097306342851 45.61699107843582 5.617354880745946
2660 -30.522629367794003 8.335031739668214 94.87685118752393 5.615972070205455
2661 -10.421205451239087 -32.998851526332096 139.56919031162784 5.615794428537514
2662 -6.827720297152528 14.158925690123969 51.68795577635336 5.609023895605162
2663 -12.006711361399573 16.136374173104418 91.28444960908614 5.607194920978883
2664 -19.328654405926034 -36.99383381188076 62.63514508210211 5.606878870047175
2665 4.682350465037537 -24.240072318365886 152.53077525445372 5.606593410828621
2666 -4.190620281221655 -36.01915552532018 141.8260938168895 5.604226991493112
2667 -12.844836736164634 1.6512576492291338 82.91332309071811 5.6022153953855645
2668 -4.727272959999348 35.15599267334518 195.17994153845507 5.600738713326114
2669 -27.55731139836648 34.35075447465492 60.66957977925675 5.598084272347873
2670 30.42267359274487 10.29025473729617 63.05558056141822 5.598000204112314
2671 31.109833755294854 32.67807370902474 123.89490110503233 5.597919912100442
2672 16.044107920090212 23.790144686329548 54.26501841300298 5.597750713908836
2673 -39.838298020535035 -3.7218219594394966 102.23891125584883 5.596938411727248
2674 -7.122604078663856 -20.254377530403165 166.27453085468827 5.5950140137331195
2675 3.118311367960689 -14.636420660842248 29.783661473002056 5.592285895330312
2676 40.803816670516866 18.414615359969677 75.22966532231548 5.591561169212672
2677 18.980890374127156 16.575302910307556 49.998664048167576 5.587554589885588
2678 -39.82747748182871 -8.997600886807552 24.67208302331055 5.58666365561178
2679 3.8839612183880563 -40.59355444101459 5.560233424421623 5.585133070757811
2680 -1.509949953761705 -38.28301894373934 196.55006942818278 5.583464899672532
2681 -12.911550541740883 27.731850221870047 144.17619358455119 5.5827317073254115
2682 3.49737049977123 -21.11004897187606 175.9574200607562 5.582150282276346
2683 -11.01674147275947 -35.642212340257466 99.0101159961205 5.581295175718743
2684 -21.98667626253754 8.798692819115166 193.50189947295846 5.579896729980839
2685 -30.382133803216224 15.264396929208779 186.93862696256528 5.579822839997282
2686 -12.559785683508654 35.62957819194459 73.66220871867067 5.576524193718766
2687 -1.492562665586055 -16.14776717944016 51.605048105442044 5.574691680754477
2688 32.47373749631795 -30.263255562788647 72.9854543770856 5.572985222048123
2689 -31.53090672301503 29.24595666413568 92.83248942125645 5.572839855079313
2690 -17.771121935713303 30.020006827675722 115.10137068823626 5.572089936010035
2691 -17.990034064233214 8.469775359333632 7.742486937871252 5.567777636656953
2692 38.16595608400674 7.3877164485660565 87.34480062148484 5.567071905752726
2693 12.89667935833091 -35.29939439115028 166.79021419604376 5.566912860207435
2694 -18.268484523593642 14.344828080648064 103.9080940366132 5.5660818150615965
2695 23.20717918293149 18.74950432897377 26.64631040086485 5.562286305251774
2696 27.57801804224057 -25.19703296347605 150.3658372367558 5.561778530304351
2697 -15.946523320203966 41.30356832300113 32.882468059373146 5.561380551345992
2698 28.305518578213977 -34.55048085339826 152.0883894666855 5.559888878742006
2699 43.64503451747683 14.240501205147778 173.82237919008222 5.556604673623884
2700 -31.72926013174534 28.05433478364897 170.67444634784027 5.556396031323358
2701 19.425745700338123 -2.8844021985521007 48.77313011339053 5.554164567820855
2702 -24.05920093578568 -0.45111312534700065 137.147188305676 5.55154612388666
2703 15.79350723456933 19.96739329221535 151.66503545879405 5.550654370344835
2704 7.255740966069174 19.57002943285507 28.28865473194208 5.547309230769495
2705 -23.183644134546576 -29.230590073366574 4.074820373402724 5.54402758293025
2706 39.098441460651124 -14.37528088732778 84.81746821658689 5.541833756043957
2707 -7.529973706166096 -45.39411368821146 152.43473180596325 5.541474414428158
2708 28.33314249846856 -22.015759643420715 166.63014258028886 5.541458195275849
2709 20.426723983139755 17.40327512094712 116.14521301204185 5.535949965055419
2710 -3.013758215605412 -32.50111954105957 97.45958392548299 5.5357013631550265
2711 36.81656582966085 22.680629619681937 126.25955969216785 5.535528239531791
2712 -13.637421619372734 -15.643194707493352 46.951600743191165 5.534235316711516
2713 -8.80408937845068 38.531335348611925 48.44861363426396 5.531918543188975
2714 -23.320147888331604 -4.592092776968618 8.209600640652056 5.527720163816559
2715 -18.36913470144402 -39.463421724449084 177.52103706349533 5.526615337564319
2716 -40.753288282209084 7.128412254493162 58.662778183985075 5.5233529894701725
2717 -20.5152653703895 13.891128718670352 37.03804432537686 5.523021229608001
2718 -31.536292230660028 -30.946765492974357 58.30310297001716 5.522878759483512
2719 -26.50321401530574 -2.3885066215188697 41.46649102272309 5.518665672636646
2720 -11.051875525957072 29.621257644465018 129.0842563103615 5.51479054980555
2721 -1.672267042976097 -41.82831070484657 40.14039322594645 5.514378594891133
2722 39.018222206016944 0.6673836201421495 158.29120941225153 5.513965864820729
2723 33.29248483947471 -29.69215856885605 28.010335203500595 5.511185704599912
2724 -4.062865686447339 43.851463133239086 47.48025956400699 5.51059388486832
2725 -20.170733934019914 -27.67488377884908 184.1398868915179 5.509485768544945
2726 33.015207228886275 30.583190487739813 86.0456949860121 5.509278231405134
2727 22.128228406306295 -20.73278840608947 107.61805688223758 5.508542505053192
2728 9.366768871984993 -12.565969059387815 157.09519096170712 5.508521796873849
2729 29.68519668041518 -9.826245512293845 61.086795293855396 5.507668485175733
2730 4.225820255898547 2.735850939422898 4.4865844212458565 5.507607718878506
2731 4.182056527770387 22.977407443659143 92.55918505109356 5.5053254041323765
2732 29.030650357412195 -10.425460284786737 128.53008202291912 5.504682993884748
2733 21.560826188657643 -25.171739966906735 145.95784308943783 5.50164465546593
2734 25.601544480306 32.23796600636755 12.437938559852977 5.500916614650391
2735 -30.44565223635104 -33.67306668741329 132.0435932968168 5.494725819883011
2736 -21.734197871908776 -34.349979868834794 26.881573094589072 5.493115047464668
2737 5.585716201288676 22.00295908133836 65.15546142808458 5.490515706068347
2738 -33.383799791292795 -16.972093429837898 17.222492750884673 5.489434856013395
2739 -35.480608186052216 -27.83370557076307 94.90022179735645 5.4814824820750685
2740 10.365818039747518 -25.69260785878859 138.21616653237524 5.480624568670426
2741 -2.9667788234101593 38.956647834244265 18.829795856443436 5.478520754854747
2742 3.102182879797457 -44.43976491153401 172.49256273030497 5.478179306699931
2743 19.47355539065164 -25.91859569396273 50.75629041515214 5.47812088592829
2744 3.6269644009751256 43.10194748851594 169.44224749155194 5.476670416455275
2745 29.284341267514257 -35.29850569333176 137.5139536602836 5.475125030198387
2746 -11.240300668673386 -25.785482006887968 165.026135579938 5.471654175254278
2747 -43.780207764893426 13.523715764880901 161.32227672353844 5.471510651823189
2748 4.338603385216901 24.547203199624587 153.0987470238289 5.4702561825142855
2749 31.440464015249326 19.28534231694976 85.50850089011787 5.466830932144616
2750 -11.923540878727307 -1.0937928264032113 156.6508744413264 5.464313937908825
2751 -14.597948499087336 -32.32143050504787 74.93589121317376 5.463682607804303
2752 19.105147340409502 20.157081886310348 84.87790624126767 5.463142532346299
2753 1.9644402174400963 -37.68675897602827 44.87344446514706 5.4608469306778
2754 1.084356667180253 -45.40442359351102 50.74377345680637 5.459086320948092
2755 -10.850018625166243 -44.67425301574443 142.64624429344948 5.458930653443156
2756 -31.715994286090158 32.04943139642618 23.90516165000559 5.45673289784624
2757 14.072463470964482 -23.461829102666954 125.85090238960701 5.454323289139843
2758 36.0432813749573 -2.1207037804906133 84.6204684769652 5.4518785636252485
2759 32.244142956086506 -11.492884890565554 88.80274135231416 5.449432629830954
2760 5.22587990345169 -40.13588576880088 138.16298856715713 5.444765579922013
2761 12.601207755241516 -25.323264813823485 101.42540669407455 5.44306690912009
2762 17.05537785218449 32.24626371000963 160.86907718495237 5.441100870609366
2763 17.92752971674752 -42.18563210784748 191.20569857013783 5.440111383153404
2764 -34.086888869092874 -14.407237756841575 188.67005240739053 5.434997909152527
2765 35.01227069750536 29.750121800159388 75.2495262255309 5.4348465355951525
2766 -13.481128610364278 -19.107368451760458 82.97140648425659 5.434751659236788
2767 14.150777068289933 -33.637659630351706 181.54514196120635 5.434338388975046
2768 -17.362368485230583 23.37684452135911 119.24413826922233 5.433263155811948
2769 36.92128892853223 25.118926192384556 110.09453976062564 5.4330766111027184
2770 10.512476596956725 -41.204370929364075 41.50935615971045 5.432546609709512
2771 -39.66264345640663 4.416967185628107 41.02352249264289 5.43210775847273
2772 -6.446540949530558 16.33886233907951 167.24978616964773 5.427602346855483
2773 22.93416389234398 9.953861832023634 18.361452347424663 5.42541853042453
2774 14.44530178163371 29.850011457283813 3.7687971123856174 5.423050647913465
2775 31.191801426210183 30.564350488720034 64.25356405559684 5.422292582775716
2776 -44.272220090760655 10.221945409530425 46.52386329614274 5.41967933415841
2777 -14.08920365128381 15.231603339668418 156.97007608385167 5.419489758398842
2778 41.028149105942134 -5.954874673846209 149.2032843818278 5.418835086947578
2779 24.707986856655605 -37.10011182837979 94.5657891401506 5.4186602579200605
2780 29.57299845233709 -27.787649062554447 87.20463368785887 5.418180561407003
2781 16.018704661161372 -26.340729642810214 91.88109324925057 5.417421227240722
2782 -20.153707097371658 38.29852081017417 131.93326243513104 5.416499056144033
2783 34.42866245399552 4.379324421934353 171.3197549452801 5.414207835947579
2784 -44.84240892003264 -6.192059859681412 181.7607768121622 5.413733493657328
2785 -11.307614894249516 38.68301429509225 79.81666044238655 5.411503183037659
2786 39.16247627939496 19.464377314853934 82.09229157970684 5.407394710886772
2787 30.72824698191031 -33.89697456206445 19.466500941372395 5.406261940261146
2788 10.637825961596494 43.324913854501986 43.05198599210029 5.405676415527577
2789 -36.992819454813095 -5.2768484586767235 65.16181156848539 5.405307314040981
2790 -25.89677452434302 15.240250614464662 73.14075290255855 5.403321711494744
2791 -22.02128306200428 -17.32301498151738 34.080817007086296 5.403294741573747
2792 -42.746306721204576 2.4653945220778883 161.43921655396332 5.403124988256344
2793 -41.307838745755504 -0.8884310620175309 167.78965487250642 5.4030013239683425
2794 -7.098829804906071 -43.606521093177534 162.02291011469163 5.401962439460842
2795 25.04973167947721 -25.874215545859926 6.672233511672369 5.40120145162891
2796 22.072800416559957 -7.378787722327605 133.27924915256133 5.4009261667062045
2797 -4.956474799940304 2.65307857435808 69.92810964692593 5.396448406995011
2798 -0.6276103077726614 -44.65206675331408 148.7692287159788 5.395302922002893
2799 35.520218638010405 -11.461891828193988 96.74255375824734 5.392336848303746
2800 29.365564981683974 34.12640924414449 192.19097296031643 5.391548823732566
2801 8.830541497669968 -31.090555897446475 112.9709627456728 5.391426473691849
2802 -14.557710048267928 -38.636428878394455 38.314085962677225 5.388525325318794
2803 -11.125673352200584 38.317781314888094 18.511549467195074 5.386747398109657
2804 43.715708880480996 9.587568452775237 99.71243724525385 5.385410163778189
2805 12.703558687982596 -27.847949112927722 25.605229059840326 5.38511471648513
2806 -42.132591999274624 18.99686940091693 151.3615756064997 5.384991090941237
2807 -7.310890585795707 40.46017235138528 192.78613773118667 5.383227281328644
2808 28.66892770815835 -2.3688752165552316 100.11087889647364 5.382188993866957
2809 40.638976006894175 -0.14950622417564663 186.27592256619167 5.380335337121912
2810 -26.610735927020553 30.83478936495547 165.82166737524494 5.379924669769118
2811 22.75730682523581 25.276266592037608 72.84016612361407 5.379107238253865
2812 4.394677036354021 -27.29337487065292 92.92830327091234 5.377574413012671
2813 -6.81681529142041 43.11738224254151 82.92286359820135 5.3774861641442735
2814 -12.085641771113103 35.62921955743045 30.233288309708872 5.37460149623198
2815 1.4420494168828197 -43.33117419017087 12.923363470108931 5.3743512328635825
2816 -43.56960024189163 8.40897743203521 111.71221962302545 5.372279467274772
2817 35.574687591803695 16.068398907730288 16.24773702939131 5.370703295729296
2818 38.46200993990633 25.426865683318166 171.28748052911726 5.370569256197179
2819 -6.211618937412528 -24.39169142508622 98.17798431326786 5.368939160518366
2820 19.548249006220253 -33.205481445980524 188.29246832846871 5.366087321524384
2821 -26.384604022955376 -19.61532408659917 99.64809874763179 5.365951069634525
2822 -36.948887036644315 -25.431958611330607 105.38614618204195 5.365877205236007
2823 -34.00729324011112 -30.87008700618704 104.7573771572639 5.364832831103479
2824 15.270016635930968 2.6226475596693106 172.399344806318 5.3642074363930465
2825 -23.841475473811528 7.681071447365957 104.61740035668643 5.363821181463715
2826 -11.663374567400997 -7.363496682393302 167.38136021468463 5.363393149223597
2827 1.5901373054230956 -37.57790214130569 130.96663615813603 5.363087891206184
2828 17.970819658548223 16.635271362344643 40.85727637503654 5.360029927532518
2829 1.522202728962685 -6.001296541711141 5.495937513538403 5.358395027897801
2830 1.7663762734824537 28.698080852692563 88.46786487128107 5.355909806845526
2831 -13.746819139185133 34.326999239642014 159.23994609987778 5.355435240650675
2832 -11.575140326867638 28.000977130546644 191.02038199750695 5.35527133955559
2833 -19.382359332341704 40.73906445502626 146.71183330234956 5.353122741306825
2834 20.237318057074777 38.8961237649468 152.227580308388 5.352906278575907
2835 7.022167427787673 -26.504322046877526 120.25293487834294 5.351814445146798
2836 -26.982536294150442 -36.003123004997846 20.760112300307455 5.348954961643813
2837 9.20755932781471 -10.376782741327515 176.58012744874412 5.3461002470961
2838 -0.9742966827246402 1.4590434881075618 77.91926962878686 5.342194368872472
2839 -29.992235251809255 -9.047070751137378 78.19505701009268 5.342107689551223
2840 25.35191674979723 25.14938723226163 26.98660541755029 5.342028672086514
2841 14.058229857963395 -41.14509822367398 158.55725718951234 5.341360858024051
2842 0.7212768291375298 -29.72539600902213 108.31412498875454 5.33372916322033
2843 -41.17099816009314 18.10098026265565 33.46095296466833 5.333595773758683
2844 -19.840871997776077 28.899387039026475 72.54602188923157 5.332161827513327
2845 0.6615125831499742 -27.469729792654416 14.1849642192722 5.329823783768673
2846 3.866387133797636 37.97171537068154 11.577478069061318 5.3295715703804944
2847 -36.06597503549137 -20.650740826827814 40.27574564633764 5.328208358439757
2848 -40.57856745227645 15.72088826423219 40.804315827994216 5.326474668376738
2849 1.9155942530237051 12.344122802609597 52.638069091011616 5.321287753492769
2850 -2.4672289058826116 -22.382690677269178 179.56559845637355 5.321176581010106
2851 -24.59850692443176 -31.907778228906032 193.01092895384153 5.320892035616479
2852 24.785741104408295 -5.7194467286261705 126.17616868371307 5.318287419610561
2853 -33.81539732699462 -29.601590094843683 20.4077482552981 5.315797583869702
2854 1.4529369092225477 -10.311488418063995 68.88709828801338 5.315621579025979
2855 0.7730724754200056 -29.597471697559556 25.581940224141114 5.31341157170835
2856 -18.648225929975094 -28.92178859522455 110.36046802295851 5.313376423918891
2857 -21.208272197746965 36.96373279668811 13.683435141586717 5.310537448375334
2858 -13.237147406383972 -41.00872237931955 63.59742660487179 5.309597518034245
2859 -3.039975025636724 -0.9192484365494451 55.5141780525155 5.308215702352699
2860 21.213117768802302 -13.92285710646433 186.5936011122905 5.3076229579850605
2861 38.27691131692746 9.47590384512148 94.02260941854621 5.306052420097993
2862 -5.894539383584414 11.868843003067536 27.453103760359205 5.305904745834918
2863 33.27726490317983 -11.397788881298716 168.65275159770252 5.305201309238556
2864 -40.56070992062634 -3.5929051643737555 89.24548305417039 5.305111691684243
2865 -39.03783172845704 14.27612134037834 68.73712880104188 5.3038650763396
2866 38.225919285029775 21.337539534284314 164.91477715718946 5.302480870784201
2867 28.10778412524399 -24.815501555192697 102.94243116930664 5.299002889698798
2868 17.295437595775898 -32.440507102722336 151.01740322435387 5.298561939841866
2869 34.59390605727032 28.13457111961189 151.81595897676743 5.294282507042244
2870 -16.625776920302577 -42.53667538662986 27.340584385356376 5.2931068245102555
2871 -44.448562928762705 0.7426538443769202 181.34888252568902 5.292731466282529
2872 -32.819818691249274 -20.881489942007917 194.75258558299052 5.292324301145982
2873 42.99757390541865 11.412446497431006 19.275799342121903 5.291160252695685
2874 23.78595603983386 -2.981214070432634 148.64318351298385 5.290889846656986
2875 11.103417541648211 28.5758849587876 43.11569995428413 5.287563797026742
2876 -43.641645198846454 6.9440257876452804 18.054583753984097 5.28753897414637
2877 37.7008215969906 23.444905653545277 33.63016615088409 5.284806058350323
2878 -7.879950223280481 -44.215044098092164 12.047555139690317 5.281997360052671
2879 -24.999700085811114 -17.559720367270103 190.65507242123346 5.277423584887447
2880 -15.878266374121411 -20.923455154934363 147.1109659837958 5.2763462283925
2881 40.86406164218427 -8.916873725530644 27.316067316376845 5.276112676248829
2882 -31.60627721717583 -14.023851995626572 138.84898177196408 5.274071574061033
2883 3.5932265657411726 40.917430487963166 118.05266920721861 5.273101225643497
2884 -7.009004130780508 -33.14669261299658 29.485396355272147 5.269085143094003
2885 34.57231189237277 5.020354447304708 117.34306629386235 5.268711847992828
2886 -39.61016230642601 19.126734300681797 141.1033154329682 5.268599434360322
2887 -13.118684946115783 5.721625157450674 24.59926236837887 5.2683087767500325
2888 -5.578252076447619 7.395016260216584 64.1525477932152 5.268104839915893
2889 32.29360500169964 12.83656864922026 107.56812068311599 5.265449657207496
2890 -38.69490937236039 3.9895101201220644 174.04812006148293 5.264506805707142
2891 23.248530175922085 33.7771797763382 76.79464549195916 5.263782694300499
2892 18.016363883624088 -23.659479048134646 18.86298493235161 5.263172568755512
2893 2.4737594509676724 1.348857286137884 163.84399102558345 5.263112336409088
2894 -2.2677495886923307 44.711720958435365 68.70143558016963 5.262620892238648
2895 -29.88957327895102 6.800484146308015 119.21571627253464 5.260776333897736
2896 44.732852636419615 1.5111782142141599 15.836158280711018 5.260345631409736
2897 -1.908516138221934 24.880130166642793 65.58537795013926 5.2583409164707255
2898 -26.170655985397104 -7.5796017804618385 116.98063167613498 5.257643707528475
2899 3.693729774387188 34.92945580121376 53.81859818067534 5.256270771598788
2900 19.223169289349578 -3.841618994636386 96.00651712042169 5.255883029049124
2901 -27.128381269989987 8.229103239280295 189.2384195448868 5.251957894509187
2902 29.652180791285176 -13.864824709073158 23.85376183112288 5.250467987648783
2903 39.82955652833283 -6.043846675735722 112.59511431481302 5.24920876375576
2904 -6.842929000162773 -7.567172748377393 32.924831018549845 5.249001463533491
2905 -39.55961545741101 13.20196513790157 62.55610125017167 5.240297736128785
2906 -34.47597210992914 -29.02398748668861 7.339442065685388 5.239009739690496
2907 -32.14441604114634 31.533816097678958 180.09998113276808 5.236881743811422
2908 -38.09059484087943 -22.24591662164512 90.07563071934709 5.2356984298353275
2909 30.408387177129487 -4.693201394568668 51.97902567115219 5.235336183944947
2910 12.110008787421759 -43.277188286102295 96.99359606025074 5.234532912688935
2911 39.78564948799293 -6.023357164086792 156.86218997622095 5.2318137869860815
2912 35.51966680831275 -12.433607142041826 40.39631964581872 5.231239301030555
2913 9.250926801410802 -38.79120077893126 116.92660349270369 5.229886496148416
2914 -21.216470136109848 10.950333661774737 175.44339789309186 5.229595463605435
2915 -6.317946471186351 19.623691798056292 119.55534652497758 5.228364357029487
2916 27.504363753036714 -27.73258683850935 15.399947289292086 5.225648980782382
2917 33.31382989809788 -25.70885889339342 118.96364453443624 5.225570629478816
2918 6.523879926040208 3.25544839243436 189.5282620912492 5.225237337028123
2919 7.317288146401088 44.692680347049375 195.58750764638043 5.222250713672869
2920 -16.06879956974665 -31.754552216215846 32.6432773454895 5.221787770045205
2921 2.1971853615254053 -44.72577494365891 163.15280661715903 5.221701461609484
2922 -42.794395723543374 6.351310204306243 104.72309432116643 5.2215562416379
2923 33.871605563551825 11.386002642740959 89.42917829378132 5.220666582497511
2924 34.701435514826976 -29.368152893874615 100.08999959155173 5.219880424479909
2925 -31.84826949421681 29.789329224228226 160.1600864792283 5.218818639238463
2926 -32.79581170139172 -0.46531201635243313 28.807310454330157 5.217623056766077
2927 19.767891040169257 38.51290034416751 161.744665159882 5.217241499535106
2928 -20.38875612099816 -17.578681814504968 123.2318193111172 5.2137334780828555
2929 -42.11545086680428 -3.3669703147698504 149.52855814651505 5.212761217351241
2930 7.4197915281187505 37.91714829034115 58.45497244550109 5.20876472738669
2931 16.840881161634762 -12.473188186160693 167.50168616582107 5.206079435039065
2932 27.572952060701013 -34.0762063414078 103.48191803429643 5.205524953657416
2933 -27.717305573372258 -30.83975793181631 46.187453836075335 5.205091957087426
2934 -26.55737752037047 -35.81873707013504 6.217218686045077 5.20493959373308
2935 -7.486016879520729 -3.629451340899262 59.00863240022563 5.204843331003797
2936 12.773958602758693 27.413595262004822 135.27997446041437 5.202338460179874
2937 7.420346335029317 4.333595140655005 105.28452296916586 5.201279162283526
2938 18.41478941161512 -34.875524834212364 55.264787793568445 5.2000063195735144
2939 -16.23664526415606 -37.949379767902066 146.30041145973678 5.198140279851203
2940 -34.89415283007687 29.21082412481095 106.71550927914683 5.197266508166544
2941 33.366422267496674 27.32339108833616 57.209548463141275 5.192276985265314
2942 -32.24578815446762 31.367550033846825 30.300404004463108 5.191796737264903
2943 -6.502235512785749 35.365938168808654 14.7498562870567 5.19158728635734
2944 17.932808939284428 31.34515495754832 38.40007937640667 5.191121435413739
2945 12.408756493403281 40.48795234267028 74.60948049053694 5.190226515590661
2946 22.131812492691658 15.454560818158505 143.6608868771165 5.1896812354396715
2947 15.774211201160767 -13.1270609400049 15.424443837737432 5.188554414892284
2948 -18.913999511740805 17.995847074873026 79.717574725705 5.18787171412955
2949 8.535938752024151 -9.414315021932882 86.01591810469075 5.187647141794253
2950 5.382391945176511 36.76011996121998 184.03859558928988 5.186865251900393
2951 21.21252411006208 39.726004083960085 170.66246225351657 5.182707560498652
2952 16.840202789846817 -9.897233578945778 161.44049654986003 5.180287072895116
2953 5.622749804555163 6.738065481932367 177.63244713194246 5.1800795940715005
2954 -4.344571651836222 -20.335747051684983 39.539824662186014 5.179725037841145
2955 -38.62228492136816 21.228330709597834 70.92229968621118 5.179363578239838
2956 37.85359424070464 18.257724512180584 172.94203775068715 5.17776153528702
2957 -22.649658797084854 8.4193667773087 89.95926042291389 5.177717870852161
2958 -28.048851600808145 36.414725743732156 154.0044793048593 5.17771429103911
2959 -21.350472944427718 37.259433086730475 188.27851980614128 5.174567991264052
2960 27.060611334983573 -1.7104427711375427 83.58462205417253 5.174048271824556
2961 13.953790488309842 -30.008067468584954 44.352956155257445 5.173880446043697
2962 18.329641930360427 28.981936649384924 120.09792756631037 5.173412030174936
2963 -36.8360061012109 15.402376477657178 145.47000408627508 5.172816129646461
2964 4.187406969944815 46.62485105886597 149.62054061602592 5.172357755660615
2965 -0.6742367029381056 -6.2601652946006485 57.568433758439014 5.1717579234950115
2966 -17.20639417612507 18.31394017229083 63.369743815617156 5.17158205317298
2967 2.7238644439825066 -45.00772489575095 189.7421485626101 5.171183163949758
2968 -34.122983956866946 27.056784244040646 55.65648160183318 5.1711261049930535
2969 0.9158869359692625 20.304728606147897 18.43110470849637 5.167296149104869
2970 46.33518728246555 0.6681964908461366 108.63145033709763 5.166449176066634
2971 28.77143726707833 14.356914292893492 153.57943822755584 5.165419187296375
2972 -41.640020627339325 -18.08535585616771 134.14285197977665 5.164731369288139
2973 20.98869521746323 38.79679574446587 18.11794788587723 5.164028467232565
2974 21.016332107747843 9.53005361440702 119.40605461799467 5.163837783377975
2975 6.201278700270035 -13.099012638275683 193.3140710512985 5.163349476841212
2976 35.55410668539061 -27.914915198275704 155.90313137442772 5.163037815343094
2977 -41.347613647842174 -11.955327593446945 84.47298025225923 5.158875513775714
2978 38.76425868079568 -24.416376482761535 131.82234527368865 5.158829918935246
2979 -20.213843366403204 -19.59171094748817 4.817763231987148 5.157668330980618
2980 -28.168263567437275 -18.728180869138022 145.4151411490759 5.15741888522708
2981 -34.621735638326676 22.555384327099983 13.431659282682723 5.1540266303666975
2982 6.967265358346136 8.072799709712612 80.64988338477295 5.150758873167154
2983 11.906180755588016 18.67740422844086 84.41749058782746 5.1506215046555255
2984 40.33574997594975 -18.486228285654672 193.26159428032338 5.150292391605343
2985 4.493632147236753 20.306574862335484 86.78401136916314 5.1489519708417
2986 -13.973008315778102 32.90354278280997 67.98547237146983 5.148585287613712
2987 -22.382170953422683 23.251193745385216 124.39497216808934 5.1478621733129835
2988 -30.39556785119619 -14.768316106852172 95.52246509720754 5.147824455695378
2989 26.405367316228908 24.73232631768628 66.80731189022654 5.147688675503191
2990 31.041874668935836 -26.44878065557363 95.99570422420442 5.146729785484264
2991 22.2014223965981 -6.012928610545523 80.42027561923516 5.143347344753158
2992 -2.402148214561392 -38.99508529138428 158.8396521597413 5.141831549382252
2993 -44.146316739207386 -8.309931050004906 70.12205174073293 5.1366193902690895
2994 -37.660896272593604 24.318125869311295 83.39229592095954 5.1360594749133135
2995 -11.16583934272647 43.687386534042105 43.96888607842139 5.134848834217352
2996 24.27740080097557 29.976016668642465 153.9783393055729 5.134013606736689
2997 -27.654696240033495 20.059992692359206 147.61420768079503 5.128331696897391
2998 9.690050790701891 -1.2813238856770557 153.0713496380027 5.126942054983946
2999 2.0210570944276247 -0.4168558814683392 13.107851912295658 5.125773154725349
3000 -5.411177515055106 -13.087993564993296 130.26988488618508 5.125252313034668
3001 -36.80493384737679 25.88620722833656 167.88926725539682 5.1243507541091065
3002 29.77791582993789 31.97764172511989 166.55828118777887 5.124304241595148
3003 26.960274852090112 14.236179245210966 29.37178729967294 5.122444337710747
3004 -15.04076871305468 -41.50930428643741 20.38792843593324 5.119156290838787
3005 -44.50080856615787 7.188819015408223 4.877408163351562 5.118880445672797
3006 43.55990963247698 15.81310567118241 14.558056988675764 5.1171656643349355
3007 31.69423344912128 10.827279319290934 27.63014821936961 5.11623129984503
3008 -25.54127796968172 26.24680505915898 8.839842568958675 5.111038182415025
3009 40.66181354501662 -13.259311276583844 4.67809491837541 5.110655754487316
3010 9.366869113048393 -43.59172769178979 126.70928827407971 5.110162701800331
3011 28.32997229694445 -12.799691174043181 15.357750821024126 5.107902673385697
3012 -4.330168023644302 20.79982933016976 54.90152772000265 5.107404442707425
3013 42.762076824047156 -14.275242742773044 42.64729831891038 5.107152670533755
3014 -45.04698280293792 -8.862129870123573 167.08418978313236 5.104292910126713
3015 1.2000864757295069 -46.25643347714572 58.53115711978296 5.102930170479478
3016 3.6391159329236076 -7.317101243719083 11.180098973769727 5.102860024609409
3017 -7.292078343449066 2.4622918327392638 59.30420200355308 5.102302401607463
3018 -17.01766703475602 -17.10886740679162 137.97660151004922 5.100624446534643
3019 3.167463252968682 -46.52728561683405 3.963462529440371 5.100340067401929
3020 -22.78377336893962 24.70827701346673 187.47505045595105 5.098443980671766
3021 14.318877070671087 -31.061231305835978 140.67609935047324 5.095067787201833
3022 -20.00418780486492 -23.48048213468429 96.15596859023682 5.091561798668446
3023 18.714180114852546 -2.0980117699077656 130.75618408273644 5.090046484173353
3024 20.198642797539215 -22.14397546230788 190.68493869271893 5.089169872732558
3025 -10.639989463923344 34.277247532850595 147.28978548653652 5.08880966489161
3026 33.05946829952878 8.369194723427333 176.41998472043568 5.0887776833744525
3027 3.1019764886872556 10.775778136692459 115.3054124643674 5.087780854317174
3028 0.3321123675952471 24.22943149892054 121.12187403104451 5.086771749309718
3029 30.740179402260214 -7.724493473729858 177.274990522426 5.086555053953166
3030 -3.8245189417943317 -42.41574930334485 190.3883115122092 5.08515541038961
3031 7.818425598806423 34.166358798734414 189.96037887687888 5.085052978592342
3032 -7.797378767184608 -15.823900133024825 170.62838406740613 5.084956923331836
3033 36.299311671073276 -26.49546796100299 13.065706176164708 5.08481863163858
3034 -5.593446805454998 9.812944937951524 18.72026385203904 5.084475330751728
3035 -12.442996276198386 26.886590858571726 160.14498925872005 5.081015607728132
3036 -30.131997174550722 18.7711062239842 121.64505208067999 5.080684047237481
3037 1.5123840342771482 33.22294506158496 34.86444795258283 5.079641667241151
3038 41.316245169263595 4.895810709580438 196.2353210568568 5.0787063042042275
3039 -42.50431610432386 12.630041559100615 10.333541526815615 5.077685672937976
3040 -2.3863971882023454 -17.734067688127304 101.65802253756782 5.0768196329906
3041 -20.95067331044079 -1.508823814509535 20.83193377678846 5.075652092151291
3042 45.5344906737195 10.486369195538963 192.3775240518338 5.074127599091012
3043 2.8961412054999975 -46.0221691318082 36.153589048959745 5.073972839221362
3044 28.506534891834743 -14.238188397992353 74.52662181332146 5.072278198621044
3045 14.051802997362792 -13.627257766619678 101.0157179839365 5.07017362922525
3046 -13.383436832289137 -2.028768876589737 172.03958636753643 5.067977003286288
3047 2.354207968193377 -11.935700598026237 146.69833196858923 5.067474428026485
3048 -44.4500334635203 -7.1723541465541105 189.40621634073398 5.062352851053699
3049 12.85871826779697 28.12499651760029 191.8069578633383 5.06133586640439
3050 28.74438527857015 9.292307496191764 55.84869995496939 5.0594012023619435
3051 3.889389414019951 -25.441153016935765 168.76474401459294 5.057411969973067
3052 19.28300626403477 41.733950800982086 185.8564248459748 5.056439716202566
3053 44.09233937367975 -6.036488187255214 32.553290633934594 5.05629083144349
3054 -0.9097506809174665 26.294692537437797 189.66499085726306 5.05511890415631
3055 33.80881792480486 3.0121666325564087 126.65195000572783 5.054535688834658
3056 -22.72224681513718 20.797609946700177 8.82226257380049 5.053057498751924
3057 -1.8923012158333496 11.116878818605192 136.7851414264787 5.051246599550838
3058 34.533118764871126 -30.848178437753255 85.21436750007952 5.050792286326611
3059 -39.71857635530018 23.335031332191136 56.55597975259882 5.050003375812709
3060 7.420596071337249 -41.844615011064185 87.2832877072795 5.049884059854184
3061 35.22335383942728 -14.074675875085806 78.18847050953005 5.049502933423785
3062 -9.39024230911046 -38.13172265019885 5.523927847075029 5.048226724032654
3063 43.22221970945991 -14.56949607101569 79.64928615529801 5.047466014162545
3064 4.972267724978105 -32.49082056808684 52.6230593629063 5.04646860944718
3065 -11.034531380203934 10.521265393383842 124.2876308795146 5.045491807118307
3066 -33.99292342795461 -10.990177042258475 29.308253468012985 5.044264195767261
3067 13.94672789242536 35.04563331457378 72.4527081744923 5.041960725818365
3068 22.201091150897124 -4.9934089250515505 86.7174917488017 5.040355226180614
3069 14.050419617941241 -28.061455668289923 112.73599862327981 5.0395949319461035
3070 -12.122160851529838 -6.42221916865501 88.2456189402192 5.039371854722227
3071 19.415216630935497 -33.12129657626742 72.0210567717409 5.039251209181232
3072 -30.239873479094403 1.6414151893004156 122.58001285419098 5.037009624185639
3073 -18.56797670183469 -9.337509307402849 107.9825818663133 5.0355533011876785
3074 27.663529948469815 -7.178248054243688 195.67381723243764 5.035263391017256
3075 21.6452250713214 37.491820718279065 31.03946996269883 5.035075428994473
3076 -35.95377994463816 19.412391514562962 38.227109735987185 5.035000156363736
3077 23.135019487795276 4.93073632548313 189.11039494177982 5.028444780825875
3078 -2.885720627855096 -18.79209378354313 89.09498839046636 5.027906468651027
3079 -10.848653094201255 -18.22990785779064 149.6273021379267 5.027896267958296
3080 31.991157895167344 32.01948547656821 8.00548156915992 5.0273553931181425
3081 36.522473972025026 -12.19285089625174 190.04881540641796 5.027340830893271
3082 -28.636700481394996 -12.40725679582259 180.47284598800456 5.026657727737578
3083 13.930832300929255 31.93517461897158 155.1281980130417 5.02643908986711
3084 -19.339423149228324 -20.850362254935572 105.09491929661343 5.023329494035901
3085 17.583420720406178 4.411980455097572 92.91286151958424 5.022377447642113
3086 -37.529939257116034 23.297944524214444 122.48341811338841 5.0206357503121275
3087 11.687489627281945 -35.24527141970353 155.10202637252013 5.020492582014926
3088 -42.40117153415493 9.312049864149365 24.59133643038595 5.019196233341898
3089 5.296856327965322 35.33555012831285 82.44035080290045 5.018777604821672
3090 42.86303469834181 13.843565909927877 161.18858230547926 5.017757940383241
3091 11.730247139130729 2.490102878978977 6.660535648909682 5.016673907140627
3092 26.11473923057339 -32.5280373800025 56.04546183929348 5.0151693734458
3093 31.247995054643937 -31.80341097639821 116.67916684169657 5.014259313862528
3094 0.9368870186245069 39.60152175483317 153.63363302688566 5.0133270330256
3095 -25.56106286607782 26.668614819905116 82.41349748127769 5.012922638174883
3096 -42.11528876300414 -0.7225936921482798 156.25076055006463 5.012766103290523
3097 -43.06330445168176 -5.424718325756603 77.5485185076559 5.011143661409682
3098 24.78591794520791 14.409147322822175 179.9189722045101 5.011044775290241
3099 -7.82077562134324 5.796596625504229 29.550507903808388 5.010884276597878
3100 8.09985251669925 20.20041488448767 112.85576393087615 5.006977162915237
3101 -26.641959393378762 0.8832416502757083 66.73056999607925 5.006873802596502
3102 -13.838526698812318 25.794879567005882 40.77892313147094 5.005768594415338
3103 -13.041901263398191 40.250363927534735 88.95736105493332 5.005602697691847
3104 21.624756323768082 -18.088343782093986 86.40225787440298 5.005049441745448
3105 -44.410693133840105 -8.613493848842127 144.0452134178143 5.004157165038704
3106 3.670682805689208 -11.867562358361557 15.790396288918846 5.003875521635335
3107 25.771658398786926 -1.3332783827662427 40.481624585144075 5.003680222630389
3108 -35.24879519731926 25.82749903520897 89.10219711326972 5.003498431857464
3109 37.885566835729094 -15.027921922572247 31.46797195797087 5.003387975859485
3110 31.5918477262478 2.1992547368271174 143.8605317576048 5.002025376246239
3111 18.951928739114 1.0225307348536252 43.56021515609531 5.001566762250238
3112 -44.43203272892769 1.3756147715698903 84.4584379806636 5.001049105793639
3113 17.42575962328653 37.7356137914467 97.4825445518938 5.000834968141849
3114 33.98715366664029 24.897666114513303 160.52954598361418 4.998049981018018
3115 3.769344160995668 6.8961727414305765 14.551167395881677 4.997923303930593
3116 0.03023538603904985 32.616066509588336 127.17131207973217 4.9976073344296985
3117 10.347021726789954 -42.87282133138934 55.45990562563291 4.997461184087571
3118 -1.517192845471719 20.223396673972648 89.93729501862695 4.997444928147591
3119 44.63034166582185 6.594358670682679 171.47900941172574 4.994684635857812
3120 -28.519008427484643 23.102169369541418 4.6472997495514505 4.992575454817778
3121 -44.296879838372156 -6.27408053454644 9.074727041780374 4.9915710485048095
3122 -19.205478273514302 -41.533491401665415 84.88178923839864 4.991358885366356
3123 -7.084845316892986 44.05213564327483 182.5118000631132 4.990258786271612
3124 -5.323636135739787 29.566388142165213 192.1735530517766 4.99019667695229
3125 35.10543385742156 -23.884672061677186 81.55124252623841 4.98714473146147
3126 32.40417218457834 14.143432652463364 39.2501346198108 4.985265114376974
3127 35.193954029395506 27.865407659544385 50.0449953812799 4.985148530592859
3128 -13.696485989876098 7.869290589129822 76.62249820239076 4.984192498520452
3129 -34.47192635388058 8.661656856706845 87.03634532259065 4.981146360402227
3130 45.50119835805193 -6.43819165190251 90.72242916696362 4.980873023531007
3131 31.214246286438424 -6.099938911777615 85.850551020114 4.979301981835066
3132 -4.34291637319142 39.77034735631524 30.71607148456773 4.977581957097536
3133 -0.10012522250104716 -44.82837908522372 157.35413716774352 4.974652448068477
3134 12.637510927781102 -15.14809227735513 106.49964836335477 4.9742143777817756
3135 11.796788124759502 26.383067482579207 59.33653320496532 4.974203115011565
3136 -32.07778397423848 16.331436064332397 106.91151076554236 4.973567505025988
3137 31.4556944499845 -1.2206699967725392 121.8022226800378 4.973263961835453
3138 27.202003195243606 -12.139209166544717 150.04428396205756 4.971236066054491
3139 -19.51804539788988 -40.881885958600094 109.07322153513552 4.971150129783315
3140 -45.8492771438284 5.030426763193207 170.50354925599117 4.969166979105073
3141 35.87459849580456 8.003405501721618 16.147640603596763 4.968855150052809
3142 -19.493303273964628 -8.794814389932716 163.08614400224872 4.968620569265299
3143 7.841331621503425 -22.617776411852674 130.15146916062383 4.968567819741655
3144 37.191703423926974 12.014705913382192 10.810511000279371 4.967239878995139
3145 -2.6625799139573845 -13.696695831960097 33.74609681407242 4.965630724413552
3146 -15.470058470380238 -32.27526203259094 114.35602174460438 4.965504511603004
3147 -14.149154400880585 -21.498200432816546 48.73131891619902 4.9651444686516415
3148 -28.614027059604098 34.85072044854678 13.221042173466467 4.964950677571476
3149 10.67620341811644 -34.284416172417494 148.85594569581195 4.963967864604871
3150 17.02199225460933 32.0952788222061 80.99458986097783 4.9626557051012945
3151 -2.6761214299166074 -45.99416586724249 94.93509952395881 4.959408955813253
3152 11.596310684568714 -10.897427573257783 43.210397449985734 4.957747810550572
3153 33.797236945280225 -19.087355669195027 70.64620636466248 4.957402356643533
3154 -29.696662657664977 7.9868003583578835 75.83714501287476 4.956466567727463
3155 -15.478390078289141 -9.115991563321721 158.85370957222023 4.95539410471097
3156 -37.553411849875744 23.406695744548067 106.86997757479755 4.9547188860452
3157 41.241926007969866 19.09866728581671 110.54833284598107 4.954711424392827
3158 -5.97411158414777 -19.910171575748127 109.24461212143599 4.953519819505746
3159 -15.719054569786312 34.36461267555743 16.055973418662383 4.953441362090529
3160 -10.41904159348282 -35.618757869670475 122.67974241396331 4.95321625262719
3161 -17.145988605780914 -10.611026805811424 188.6860112301332 4.9520871964523305
3162 20.34635828955625 16.495653859289057 154.68573110600317 4.952068091906185
3163 -28.20276969521149 -18.44852243278181 76.07571787625471 4.951839951888117
3164 24.232272029479073 18.197310462468593 77.97371528747887 4.951675307900786
3165 -29.12154915384495 33.92532606434387 67.29811917056524 4.948835468600738
3166 23.326127527618553 -36.36378928273588 193.4343601804309 4.947760897280329
3167 1.457369983816501 -35.52914997790997 105.6006242424523 4.945501765177815
3168 -27.78873917113501 19.410099693203392 69.18651870041127 4.944761482553672
3169 -3.5495745637042186 -26.025255214382312 157.7477510072449 4.944233230614924
3170 9.326046128666041 17.218892303923713 147.8603814429334 4.943531717797356
3171 21.37672075664338 -31.830299034286597 101.68942246378938 4.9419819601238215
3172 -18.786949409152445 -39.99013870928765 116.99893965181786 4.940695824502669
3173 8.883806456959505 0.4245509902393412 99.80210190384099 4.940153397836186
3174 -27.41201484056672 -24.209719825837134 82.06254041456917 4.939745981450907
3175 22.75425424033606 -7.913107654044867 20.909860982581158 4.93928639879215
3176 -30.06448444760625 2.3314160406831723 90.25665940786753 4.9383332908014745
3177 24.24030008616699 19.27055392844496 122.6659609542623 4.93759927899359
3178 -15.035253449026115 -22.00598811504961 25.133449285991396 4.937420869203891
3179 -26.2383286902196 36.936048510484746 75.23511104916511 4.937394710672081
3180 -12.459966991887635 1.309821167845351 106.52911091804688 4.937150815920247
3181 3.792717128096517 -36.93773721658054 85.6328166696927 4.936569088723063
3182 2.3606188731882547 -32.42708405193088 89.87593396294108 4.93615447178869
3183 28.96877285603493 12.955748704999936 121.33603016166636 4.935333980137947
3184 16.459484067226605 31.471722483924562 139.3360730337258 4.934841023415447
3185 2.661901494447345 -40.59591405009329 57.842718311038524 4.934627504996445
3186 -13.374812847132764 1.8577604488923303 74.50441029931059 4.933355715764554
3187 -20.180360765622197 36.883857110442506 171.9695219751049 4.933221828715198
3188 -27.13048794463969 -25.70585375472639 194.95584481196852 4.933053175120827
3189 -21.216529401307458 20.035946230614016 174.7500371408323 4.931848797985261
3190 46.06984781454515 -0.8431461065522847 180.99688743527608 4.930296656875091
3191 -32.44454340255284 -16.86879327925721 113.44527802217691 4.930199044677792
3192 25.635994194651644 -20.54269376576102 114.94317824674224 4.926013329349974
3193 -16.391049292033394 26.455338343539285 104.00002608337901 4.92415652169771
3194 42.73253728301761 -12.606164293412132 99.60854582900411 4.92368594621446
3195 -29.3660513024252 -21.566442497134993 164.01732325046405 4.92305596592561
3196 9.790594297687946 29.27229558273761 108.45796627763356 4.922951254827217
3197 -23.08268662753285 9.799935812682948 77.979353201554 4.921032378863948
3198 -26.238847486068952 -0.8973106826226358 35.43586226278849 4.918657361138701
3199 2.907972178348883 16.77083641880133 168.37369251326078 4.918383301440895
3200 -28.79633005855152 36.06231573050789 110.45407653718918 4.917578361065564
3201 -24.61782680047915 19.389679099372792 117.11446998407948 4.914385909448256
3202 -41.40867996596099 17.147783196641598 80.57864772700619 4.91427771172078
3203 -10.0771319740672 43.6834561045556 94.6471528818443 4.911768801316974
3204 -9.87577025504321 44.57016470935211 19.31938610968191 4.911542946774338
3205 30.63244783051564 -32.62354052066064 126.8836634353599 4.911324414952491
3206 -5.821099230167526 -11.290902562530661 118.64474602886239 4.911201265359578
3207 -7.3531598670739085 -30.809418164180364 70.06619398784511 4.908698235116185
3208 -36.68255701453693 -6.760492027667014 75.32207900848438 4.908138084986226
3209 -5.535605629809551 -11.550619911921338 150.4428104586207 4.907951952951441
3210 -19.355791188046812 -15.6832484617835 51.15875240033557 4.90760369831613
3211 16.942245904222396 24.358243353112332 3.6387078904990506 4.907468619839769
3212 -12.633178720313001 -24.332128247014523 113.09682207323274 4.905704751857846
3213 -16.637461071964104 43.441519366175655 59.86742867026294 4.905600113576391
3214 -27.64907572952121 10.953161127786595 114.72175023720331 4.902972854392239
3215 20.584396279291386 23.586289288321854 60.294598391912245 4.901857434047924
3216 27.086871938334113 -29.404168901077078 188.88456628795177 4.901232738907511
3217 -27.185079237321943 28.6142102035828 63.26623796066287 4.896312876632585
3218 -28.586886598772043 11.886074209125308 126.58257515543119 4.89389111758792
3219 2.8692222141960766 -18.193277662974054 121.39257291137568 4.893829973506719
3220 -35.61557527897685 29.275849050741574 47.13598094515884 4.893131698304782
3221 -1.6353200126729597 5.33666644073914 182.51922149313756 4.889661624803809
3222 -45.185495794449544 0.45459420443724907 90.5554504831861 4.887392647703629
3223 33.18235564526952 25.45182143778331 66.91216121318477 4.883738347317492
3224 -17.673910109545293 31.10788370381442 87.0328249720657 4.8833595815117725
3225 37.952836169546096 20.188823891024455 25.183476702149797 4.882716300526557
3226 9.767796809675819 -20.372427314556354 159.98610128802704 4.881254664198892
3227 15.687265784524646 -20.858512867562762 94.78698231865543 4.881075778004314
3228 -31.177945455154962 -0.4353516506408921 170.06447059991413 4.880975131229543
3229 4.682587729088936 -35.14209295290157 146.71250384531743 4.879269703689365
3230 9.008713338591251 -44.59990988623268 186.61070238677047 4.876893424980288
3231 -21.96864513986465 -16.322577253117277 45.05289070492732 4.8762638393181295
3232 19.24757236523366 28.09386075876633 25.1789476564945 4.875860312598458
3233 34.736859006235264 3.8046183151933946 194.1012839238838 4.875083559012942
3234 28.860559510727857 20.743966000680338 155.68596375774933 4.874274650536603
3235 11.899402733341079 22.472267607607357 42.918621171214184 4.8736819232081245
3236 10.570770978890453 -33.453778994499714 54.392358568653776 4.873115386600422
3237 -33.64305421650943 30.015373348219928 99.71676180959905 4.87307471768835
3238 -26.107432192568556 -22.051264024879362 174.67716496568963 4.870955865634819
3239 33.92542649883556 -31.50728697439157 58.741628446915556 4.870886467521235
3240 35.404308363764414 -29.524362274634978 190.02684306578217 4.86861846788046
3241 7.8490316805284 44.75251195403866 4.826123989305803 4.867676451144318
3242 14.154464928438452 6.433995434104281 140.33095195313325 4.867618020100715
3243 40.51469165538178 -20.341753073959442 127.98600358310088 4.866654365718302
3244 23.417970114842664 38.881871351976784 136.79282239838935 4.865975218806564
3245 -31.505130961496267 -0.666172040713116 191.72240408430216 4.865426886494287
3246 -3.097204149089353 38.039143532064585 70.38012235489775 4.864660070041151
3247 -24.34679825840064 -39.22820746034078 44.176908005170965 4.864287395491369
3248 43.99838644728462 14.132015004307618 154.64775488425272 4.862612998580904
3249 8.185064344204527 -16.51502423568863 79.79605379306709 4.862591880127474
3250 22.118380847783925 15.106330807383893 190.13462145506284 4.861907841892862
3251 6.8843447392005 -29.381929968686915 29.405488083308683 4.8588557221461555
3252 -2.882477622636201 -36.628832562373745 92.43281653971675 4.856251310217917
3253 10.859515604169427 39.116504588144174 170.2576347703359 4.855640794389599
3254 44.686919001047066 -9.616850430799035 114.64988045157264 4.855301987670129
3255 37.81149984232454 -20.916807094654366 164.75408372498933 4.85470721715811
3256 37.98316201133247 9.642576350990606 25.807684191970253 4.854299843985276
3257 -41.80820654775435 -14.909700886983948 174.19570883743268 4.853983579310466
3258 35.479484685240514 8.096772528323097 44.57011425807144 4.8526164715952715
3259 -21.50942355035672 -10.348159393014862 30.56336053838739 4.8522193287837405
3260 5.01105685633273 46.01077773014053 32.8864965537924 4.850920854914843
3261 -39.492129334433635 20.778539056711683 62.236076627724344 4.849080849460165
3262 6.47023640008425 17.778616860163837 195.20476441728022 4.846146850603372
3263 -36.579688844063796 -15.1607931341738 177.02915701477977 4.84231975554736
3264 29.458188008141825 32.97642858636906 29.04310486161087 4.841894849415024
3265 -3.194659580510642 -30.200003383910488 182.1216819711864 4.839878521367135
3266 -31.50706987505327 25.827430277060852 178.9826308577684 4.839180546243163
3267 -32.45864939728592 -20.116339796023173 125.1646039740838 4.839123582955802
3268 40.28406541568468 -16.379031326932783 160.19996671401915 4.838127181805969
3269 -1.7383368248413555 18.139105811471175 5.100595957282202 4.837793457163562
3270 16.768824840835226 -22.246432357050864 179.0534216520962 4.837548762387921
3271 20.400499313813967 -19.959413122410332 54.30852849601517 4.836807841252492
3272 31.266888440837416 -32.241517782988126 179.75739510188572 4.833736009674217
3273 -4.188068775562547 13.9876969281139 92.04267127533744 4.832824620420585
3274 -2.309667294191607 45.36647266353405 155.54890296629554 4.832759887559636
3275 4.479835304379877 -0.7481240463700205 127.58244102209711 4.830037682121785
3276 -19.717097875149737 28.663539896118927 47.40254253027634 4.829970859804669
3277 16.877683955082258 -1.8859084571301477 181.7374298485117 4.825458292924852
3278 -29.712303142614186 -3.865234888058996 18.412317178361786 4.824663921389256
3279 -12.93650690852881 -28.34172727097347 144.03126817097603 4.823672954423326
3280 -0.34276765092599293 39.12622912049807 5.271373918008341 4.823590249824003
3281 -28.347940530278336 -29.974926485110135 23.914426012781664 4.823125829939427
3282 -26.162888329790402 3.1955931878193775 83.06093720212515 4.817912741990746
3283 -35.27849662414152 -8.150502501223531 158.6022337029914 4.817256820921104
3284 25.406255391284148 -24.52567013968646 37.24965811692211 4.816488693531344
3285 1.1631474199639413 -45.39302990064627 127.4757392244043 4.816356919401768
3286 -12.52516432091161 3.7385082596905423 5.337323055891915 4.816282944255021
3287 12.230964419418912 -20.252176614657078 12.200508194612588 4.811066272691438
3288 -11.009855789518884 45.44523740548729 163.21245645867435 4.808795178747889
3289 14.711538430326282 -16.50876286540548 88.14558313704005 4.808416636830668
3290 -1.9436037854707129 -43.16770561727019 18.659003151577725 4.804835322143201
3291 -30.982031734507835 -28.52624145752335 170.7786118318857 4.8038143272602944
3292 -8.272165634338524 19.727999143512964 79.94982802802976 4.80377070095206
3293 10.465212422023932 -41.60191597568582 4.733754558638452 4.803343810310486
3294 11.736230487497119 18.73571297294446 142.07581280766573 4.80325215087051
3295 -20.946216014202633 -38.19728522712566 129.08612100278475 4.802869700256097
3296 32.65199832374484 25.97641420936354 36.32972282333458 4.799829063270142
3297 -29.199499402560107 -30.844676149084243 30.97128340929404 4.798969127923627
3298 -39.70914144996168 -12.23208524762155 110.94273634895606 4.798848920798701
3299 12.596168819384886 -2.327642524787133 68.6055191292048 4.797601011982846
3300 -33.57396160372084 18.138256073747723 100.8974473379896 4.797351547303202
3301 -35.64880141682012 16.969957368057003 26.90931464099396 4.7965503131999805
3302 -13.813488230623623 34.47880903955709 125.16745040607825 4.79594000395938
3303 15.196770162641652 -32.8143109692178 194.24073397538987 4.795630213005847
3304 -13.60567197275127 -15.000270512568935 186.1387147728399 4.795442027856035
3305 -14.10504948840525 -29.277661910883 136.45840838305165 4.7947236502641575
3306 32.713521245454345 32.53023289366054 94.65800011224285 4.794715715615427
3307 -25.560635593542408 24.629002347158604 88.03411906914864 4.792257441445175
3308 7.727625647485823 -6.22862031742767 99.15538279547732 4.791905398904627
3309 -15.616290939851535 42.55731597256395 174.38299271365946 4.790290679324707
3310 34.29621266292765 18.134442252858918 187.98550379822387 4.789971281304816
3311 15.943833113087527 1.2814337319629607 125.32263568151812 4.787585348382683
3312 -22.343506871022537 39.672654716557574 6.454721648624124 4.7873085063689
3313 10.985015585509526 34.02097183725424 37.33672186331025 4.786161366345022
3314 23.431630607447953 12.115734863672792 106.20282154664379 4.784336302907483
3315 18.71435450072458 -6.8797880445175075 126.93123169713006 4.78427499176873
3316 23.83307204874604 26.877365524783905 98.27569762490963 4.784038156268836
3317 46.81828984143111 4.941647438734238 87.699952481455 4.782872541811291
3318 -9.526854511936953 -25.20497691219843 124.84460863532532 4.780360813431719
3319 40.53314082162273 21.720013786629902 20.377748103327242 4.779254657885605
3320 43.168134195968776 -15.93624822720083 49.254490906114754 4.775736381056008
3321 18.149460926655628 15.20822001482016 6.647863236954436 4.775529807625905
3322 -1.621026872106488 -34.147295593973524 170.8942299970281 4.774502392309293
3323 14.302526954781301 -28.45947168189418 166.27825493585868 4.773748115413166
3324 -19.264574933889172 -42.51846537917318 46.54213162527211 4.772135835304745
3325 25.709371781214667 19.375621436978157 89.56743327223337 4.769461716728063
3326 -20.483104483934714 -17.20645311636961 75.33892024981095 4.769058189898713
3327 19.99860482338504 7.333642425401215 10.783589050251294 4.767736457393812
3328 31.99777518232349 -10.799853866841417 147.23683136371966 4.76504616904487
3329 17.843196036408116 -28.135882697083417 76.79907973385271 4.764955692395542
3330 -30.593713610864484 4.416875067341578 181.82222326178047 4.764705829112811
3331 25.83618764395038 3.030777118259252 195.07044381619636 4.763853217202527
3332 -18.741896573029017 0.17918187627794602 160.26973144851368 4.763595277802428
3333 -4.815888867749005 33.358987443741086 163.6440474810229 4.760866645995234
3334 -16.949706818446742 42.336570760812364 117.80045709207147 4.760355421403596
3335 33.292355952447224 -23.009544207022337 31.40703789522602 4.759732609843345
3336 -29.696332243965074 8.253447369567976 83.82699346946865 4.758620908982556
3337 0.0516340313387218 20.16211315102176 158.5500920634564 4.757856383695107
3338 7.037823046593524 -44.54089013200416 50.99660388184395 4.757764562547144
3339 -35.43856086155115 1.375608639898365 105.51581947326386 4.75693679734475
3340 18.352206626613047 13.944806644554593 170.27444533147602 4.753497508811732
3341 -19.29721073190196 13.887418533774436 60.01139521751513 4.753279445295617
3342 -19.543866618905884 -34.375091840032894 122.04920583987683 4.752389707255936
3343 13.039985081106153 7.632724657242653 42.460426965678025 4.751007839387576
3344 19.479801064047674 -26.437352708020256 154.087730643114 4.75081761452723
3345 -14.493273760177232 -41.35712491426581 155.93831989466463 4.750499097397044
3346 10.12670412960376 28.892022455120458 49.170689649337604 4.749284812367788
3347 -16.86300825063021 -29.20770927857302 37.77861568614949 4.749254304148691
3348 -3.557840448191811 -30.271239518867485 193.0385318283258 4.747163904839468
3349 -0.6353580493069648 -25.302598815023217 37.53551165744234 4.74681439947901
3350 -6.502186225670638 29.96729051417621 20.411164839930233 4.746106318173028
3351 -46.12066199039665 4.001393185792226 152.55714378320374 4.744313612660298
3352 -22.554853661719406 -30.954159266691473 148.2533107786075 4.743852368089344
3353 -1.7082620986650836 -1.5414286960516943 171.8770905869156 4.7420779671427296
3354 4.1903757558247925 -43.67153401516848 45.174838725744316 4.74096452379861
3355 -17.722715207548674 19.38697564940533 194.10418018703373 4.740607136509491
3356 -14.204146450248611 7.993135735931899 180.83958294590434 4.738904140062606
3357 -1.989589920281703 2.020038984515738 33.424367228859246 4.7372666232267
3358 -15.81489429996109 43.627242463182675 3.3058019470993143 4.735413931017177
3359 -32.291565243542465 -32.399506964562015 120.82949311761139 4.733563464453664
3360 25.04958227096628 -19.19798083669714 4.224790256584231 4.7295625488069994
3361 -22.636390349947433 -35.95945767242303 181.48650726112405 4.7295217922715915
3362 26.95643851739816 12.801418163113071 37.956745086524215 4.726422624053965
3363 14.798270168989172 -15.691908147665501 29.237829774478858 4.726275524810997
3364 -19.98210918050494 10.970892342143348 181.09672530558757 4.726229054710786
3365 -24.876456541880025 -37.14762171300574 106.72513347913427 4.725914630408994
3366 -13.637800615848251 -6.198405088838541 49.477097699430736 4.7252834315812535
3367 -37.162511066775444 -13.910592258156996 134.87542274654322 4.725169479037331
3368 -15.380289487944616 12.115820995550992 18.65601058613548 4.722847477884693
3369 25.07662178738138 21.568231475855256 20.937008065752874 4.721912030515016
3370 -30.412832988942093 -2.5112018732437824 86.44156789421815 4.721450843987483
3371 -8.218068790369076 -35.11337625827037 42.83573986141986 4.718575349694254
3372 14.350736419051909 1.2142762077128317 146.37310459239885 4.716608101606328
3373 -39.26051813182911 22.458257567198267 43.43208759874914 4.7146497795985365
3374 1.2440448175647059 13.557984355289406 132.58037922453843 4.712565521181244
3375 -34.7802936471616 -0.5828884742032621 149.74623604336313 4.710960201224296
3376 -24.344061228151972 12.065352036229235 30.341104486187668 4.709159300847348
3377 10.531923018336963 -8.62253640341958 20.808952771157614 4.709095399419201
3378 20.807721792184438 26.973762904129387 111.08067933151325 4.706644201583618
3379 -39.79450054540555 -21.678058188074196 193.48638628160157 4.706608086256082
3380 35.90763306603113 -24.404077186014746 124.1200287703082 4.706261502210057
3381 -37.29294138471624 -6.087094916352701 96.80384179846982 4.703537400749586
3382 21.681155564965717 -0.9384043778920494 185.7752006693169 4.70323734819402
3383 32.70869061419191 -17.23701853383085 34.139380646022715 4.7030613272076565
3384 -0.9966407614779675 -46.340964396314256 8.526752537598526 4.702327653532017
3385 8.52584276039157 29.49456420521794 4.508577556226554 4.701840618974618
3386 33.369580928033244 -20.94884446528089 42.7679057988625 4.7010242834796205
3387 24.99066187044093 15.773405737914286 16.083066854942942 4.700556538819937
3388 15.305203154812869 43.472479400194466 99.24330389783103 4.700074201450702
3389 38.47489260220062 11.550843547070201 143.5371212500634 4.699861931614987
3390 -6.037426163571772 -44.85595908517042 185.34502087337916 4.69877454261822
3391 -6.590054260787554 24.945739314950174 46.95427517007299 4.6976757788199635
3392 1.6496328360986618 30.788322301279923 121.32195692871628 4.695693562590192
3393 -18.173040191649857 22.138304997542427 87.28291497623063 4.693682859926009
3394 -8.384277772130126 -44.44909632281055 170.07126375696038 4.692979591022097
3395 -10.448846411475778 12.27668126282223 14.231213460753096 4.690110775208115
3396 18.057100165854198 22.731266935487607 78.8073129062895 4.690094242473765
3397 21.20263261228132 23.59500859496385 117.78550582080113 4.689777296125644
3398 -12.861039349432616 9.140463307825438 89.36165455636821 4.689018114523199
3399 -4.356947712770094 -13.508563806257152 3.0443671128925436 4.687028086128256
3400 26.100195290521206 37.6002065763842 104.1868010453416 4.683660537756506
3401 -8.615405862917243 4.765248702816455 79.84680176873925 4.68342311228656
3402 -17.89943318142733 12.385551724313236 145.27404965680412 4.68281296664135
3403 5.097869862181501 45.64619866282018 20.005021984574153 4.681861886413158
3404 -29.500187975841527 27.797325180363785 145.45182438971028 4.681081342587514
3405 45.67984599077522 -0.4527245155409778 73.6058456659065 4.679552859827197
3406 -22.70723911556221 38.60189350662106 112.3352531167011 4.678557463604645
3407 -29.93035624590423 34.47143524423653 89.66791334775297 4.6785171809984405
3408 17.83656104860398 -11.484875056698284 20.997027718857893 4.677977378539797
3409 12.835199961651885 -2.1170928327282788 129.21148939715627 4.676604110684856
3410 31.18826056519538 3.949077222186559 81.3757439560709 4.674889445956458
3411 33.502478776893206 19.482606505045222 132.55862713867094 4.67468743492143
3412 27.053574135452227 35.01383654738758 21.13070179920269 4.673917704793808
3413 5.883054991233533 31.330870139221435 195.14716564486054 4.673450933701014
3414 9.105187312847033 -17.094569959654457 126.40068300782734 4.672581945149396
3415 -27.24940119949066 37.06370743688016 4.707088517227059 4.671627771619427
3416 -30.504544997769713 12.173947461852258 169.39997944500783 4.670340358421813
3417 -1.622181852944456 0.0717472165092485 92.74540023786707 4.670174098024511
3418 -24.972098083477228 -4.439230544931623 152.5040900672955 4.669991007937687
3419 -30.148831824003874 -19.295690688082274 185.26775096442645 4.669980159621435
3420 27.42548470835887 -21.821114713365706 125.62283397658457 4.669291197575017
3421 7.36488980569007 22.023259836696383 119.42301552009654 4.669138128323572
3422 -32.29220670214479 -32.48485718737265 115.09787888341083 4.669108648470409
3423 20.631858175484602 -0.08575269126227147 5.565688131746244 4.668962949848166
3424 -37.46279498996893 -26.78214459270941 58.17506628142321 4.668339136328312
3425 -28.732829088476628 19.992169655949475 183.30434128143872 4.667053144265962
3426 37.66876120683415 -5.758524387786404 182.1358926121067 4.664856596997232
3427 -22.73236068727309 6.3167284900816405 34.72037842337892 4.6629151396094874
3428 2.1517162950849213 -6.950372792437737 132.87566361185122 4.662377030630817
3429 26.71089079301269 34.15418979097952 92.85085731006441 4.662366022834937
3430 -18.359962896925673 29.75333134673177 108.48087346047888 4.66219315560426
3431 0.30791716839622385 -0.0686664273483078 138.596494806714 4.660329402326347
3432 36.89155632081318 -15.776409754626373 184.49061504499133 4.6602776905775105
3433 14.229338690706735 21.91094069369681 93.41830235584519 4.659267183272061
3434 -34.92668316631898 16.806389766053456 32.79608972155028 4.658403968719317
3435 -20.570616901000395 -2.005684345178504 95.8202908302329 4.658237672557608
3436 19.92618066345668 -23.97901262925827 87.11979346876693 4.657494533997495
3437 40.143845612983746 20.625278320696495 89.90152316262012 4.657220087321496
3438 3.1285096483639023 4.276831240350834 45.1835952752021 4.656936084384275
3439 -26.200810168284395 37.945875233009545 135.18876897520533 4.656456549763526
3440 28.512331939196606 33.81988382782911 137.9947303138682 4.655436412296119
3441 -35.79688793411909 6.155513875082956 53.24747581021405 4.654181031318602
3442 -13.933472248442449 -23.3175899610032 137.63283911753922 4.654124799734595
3443 -10.314989746827779 -24.693081110488514 132.5773194411963 4.653592437784102
3444 -11.051629083911138 23.642393284539168 132.47389261068747 4.653582646343085
3445 15.439612570545092 -29.772509926820902 19.388817707800435 4.653108333526192
3446 32.38640420171124 -20.91268094738569 100.49538605380152 4.652719548835936
3447 16.351890033778723 33.478897694061985 128.07351478086613 4.650943591610595
3448 -21.497517631299775 22.891910879131565 36.67422729743687 4.648785311206204
3449 -12.57791485573207 7.927987854585293 119.16794037417068 4.6483436184259
3450 5.18994109272678 -22.81181193572681 9.015439262625643 4.647580275197029
3451 38.40208987115957 21.749521485087193 69.14114384380055 4.647426818222565
3452 23.442569981357636 -1.9007207341332728 30.80359602176561 4.646923936505901
3453 -35.82474238233255 24.70730756824592 175.25016567572968 4.646126878973636
3454 10.322706038880554 7.665962416166666 64.52145345955198 4.64547645272946
3455 33.27752292900854 -16.94001182719685 162.89270526812055 4.645272050848229
3456 0.72480443714141 -47.33455865187561 133.48484177244097 4.644744437204296
3457 -24.895828666107782 -6.863935398319948 85.16359923869518 4.644516291028168
3458 -20.286091992025387 -6.633070923250097 103.18717864005166 4.644268317041732
3459 -4.116450322903091 44.38628235860027 3.1298968612361406 4.643080754805069
3460 -21.73417434826194 -28.541322388092055 24.41011947494081 4.642750390123775
3461 15.561852708632799 17.14046337454207 161.30269762063878 4.642556219354707
3462 -12.176280589229993 -42.30786346694743 131.7435764614419 4.640963492836201
3463 45.1438369969796 -10.449718851699343 69.76418745806504 4.640841756757148
3464 28.868741925472857 -0.4299112669152054 179.18469177049957 4.6402922048943
3465 30.878993983987005 17.746086663195975 4.490533463525121 4.639651082938659
3466 -26.303290459717065 36.42046605252568 181.80719573796256 4.639090020685712
3467 -35.71758290584544 6.949732569322849 112.00802980151111 4.637218280709378
3468 -4.286847954653165 -30.98980555048272 128.79156822962707 4.635471122241554
3469 23.284355004798893 -2.4069881918446887 193.10657535350887 4.635335421531785
3470 -11.441233712243502 -17.255618125735378 60.39742036919328 4.631680953674617
3471 17.1073978877831 21.65436230806945 25.910934137288386 4.631460818064307
3472 -33.68777030817439 -29.20501655699786 192.11268958614684 4.630636371969037
3473 -28.378082919063463 -24.93038651023579 88.49416501806786 4.629948201628758
3474 4.833935431233513 9.556148156812679 151.75026923870655 4.629146520725628
3475 -25.04749114356516 -27.801663089294692 166.76376197351235 4.628939129790041
3476 11.45953488586345 43.50609682214938 33.04424639593465 4.625673050948934
3477 -18.413001836884096 24.23187520671706 23.338106401923636 4.625628290197688
3478 21.426286261048297 -41.460049979542404 162.4367324725706 4.624869677495479
3479 -18.68841138121914 40.522115807946896 19.74839317831482 4.621074205834669
3480 -20.743729098301813 10.880164141265306 139.36551159240997 4.620761277222716
3481 -31.467820107298305 14.767501470138022 156.35407863651176 4.6201356882291496
3482 29.25592012494192 -34.785094357429706 143.9514737184117 4.619675918804325
3483 -0.6275823290927844 -43.42482555490357 142.3759667984166 4.619373842826197
3484 17.93294597884214 32.4231697569012 47.39310150199613 4.6179638128660505
3485 -12.394489340014356 -22.281636526232578 30.506076650371778 4.617865322271605
3486 24.78126881099369 31.7684447711915 169.86054912122972 4.616827543553698
3487 11.180735166745878 -31.26261487772426 172.84229018170802 4.616610482469753
3488 46.617289192110675 -1.8613261176032667 21.65858334377555 4.615108200563606
3489 -43.66581514761449 -7.76137113552033 17.610960855065944 4.613159608705815
3490 -24.00695317495801 -12.29805681779011 92.17317586082187 4.612799748109822
3491 44.65489645306651 -3.37679448778374 191.9513862116474 4.612648708155204
3492 -7.597381711294544 12.642570512126174 32.9141176300735 4.612144866550789
3493 1.1248972852729286 -3.988299573028458 100.75754740362616 4.611407612122284
3494 3.5208469113378067 3.95701758168467 196.3967540052122 4.611382912086384
3495 20.422168844518147 -39.661809859936575 175.71388672947538 4.608624817305692
3496 -18.671646375964325 25.185781110926666 195.36176431447043 4.607817311685422
3497 17.37052998540006 42.33003989316651 122.03235156754081 4.607284648347053
3498 31.639198999598495 -9.223587774413842 160.9802010575849 4.607065072613837
3499 15.75962812587597 -6.881916897298405 85.19856469147284 4.606691437859952
3500 4.794120616121372 32.05370433898219 77.09484450614387 4.60594128090897
3501 -28.699896431967286 -35.74954921756638 166.465478961578 4.605701466113114
3502 44.96927404552194 -2.2261756692210968 152.83646311782823 4.6028857120595585
3503 16.840777605286064 -21.696995537999136 104.62416113561736 4.602551232530394
3504 28.107111444392753 -17.397449400375123 105.96506100699942 4.602279800278264
3505 -5.595609665817516 46.06422783230166 114.27940851139363 4.601917327175817
3506 33.08478867963229 30.178984519186308 135.2759936882688 4.601887895189116
3507 17.387656574594622 1.5904805473624823 116.02277026538698 4.600920923979856
3508 23.313418197965795 28.617711712637245 144.74071547168384 4.600653631039185
3509 30.534699453053555 -33.48023647487067 158.2821607960548 4.5976163521717925
3510 15.82192875310672 42.97223271878034 4.123442419944937 4.597457889850174
3511 -24.16827681725448 -0.28717135670965277 61.66389033073904 4.597313825664724
3512 24.281189087784504 -30.877350439518302 180.93138788692005 4.596699585648621
3513 -12.395127067913618 18.494412675731844 101.63994030203692 4.59652104799194
3514 -4.357936445776435 -1.587221356764243 162.32607441018277 4.595974857462384
3515 6.797617330821165 -33.367201226672734 77.77341465648178 4.5951050491813845
3516 28.118309206671963 -35.85407023605465 164.24962904953674 4.59491955031779
3517 24.570627859097925 -14.249863750057981 28.509146786839654 4.59456413905796
3518 31.573020873263275 30.317700404218307 107.79769521707155 4.593205140599874
3519 38.806929151847044 -21.785210922845835 115.2291818877734 4.5911526149762745
3520 34.664748580550274 28.028685740596192 120.15078649613679 4.591134757043254
3521 9.878546803348689 43.978318969220645 145.0200368074866 4.5886649935983295
3522 46.01752278165335 -1.8677553767938262 97.02607091780551 4.588592264262839
3523 -8.011531733075842 -30.72114805478754 76.2274748999921 4.588342941066133
3524 -4.456783026057579 -23.436020925585687 172.69600008864995 4.587818216585341
3525 -14.886474835751502 -1.6415515527595157 164.99625735809005 4.586115542932374
3526 39.172105922093635 -20.638896877894272 98.42112758748976 4.585541671082466
3527 -28.586776795699592 11.459733278567349 132.69762481673445 4.5841175726639865
3528 -27.591504296490413 -9.88341471208623 135.9248044227395 4.58406283708742
3529 11.50555287711111 -37.02249596275572 36.755927755507074 4.582881606492728
3530 -28.415531752288114 -20.973956714899586 94.33332852758238 4.582529480475528
3531 -2.4803308263059476 -3.061595133964767 63.06032009462273 4.581306007543027
3532 43.07013033973352 17.00756532205175 45.58185795283921 4.5812248749438735
3533 -31.79845280074119 -31.596217682280642 138.19561309255135 4.580698725889796
3534 -0.5018420329883939 44.22676973065166 189.1796116265846 4.580623887150042
3535 -3.1305094603277395 16.294447700519356 15.33664667878113 4.579923205128869
3536 6.8377483235014225 34.20916247886248 97.43517997750199 4.5793975088890395
3537 -14.209261888108246 -2.769094087187775 62.63389458322777 4.579073304408147
3538 18.793622889311607 -40.94490503503398 96.53914833031429 4.578028659852207
3539 4.652044262123932 -34.99284181504631 114.08380469096079 4.57697653892261
3540 30.750064017504638 13.859031651268909 141.8945425390483 4.5747028718814935
3541 2.60184251549659 41.22735630953954 81.93598484892482 4.574184779397536
3542 -5.24885009140423 4.27211606990324 44.97442510084388 4.572724108219233
3543 -26.761496123138706 5.7158069855343525 139.99954540120953 4.572316816092896
3544 -15.757759037103993 22.770224497637912 158.01033519448558 4.572106059986176
3545 23.381966791544208 -15.912086339488189 174.85226524012074 4.567730847763852
3546 3.1132063579820293 37.22451024100502 194.4873897672587 4.5667286651193
3547 45.612861574137426 -9.002335029258315 84.9708666354152 4.566593088704755
3548 16.643732893404394 -18.82313185111923 38.145767169311455 4.566113746000974
3549 1.7060244852849293 -0.5898984322363194 38.14577870993891 4.5645514175517645
3550 -5.952326590416023 32.58252668977667 66.664210215046 4.5644215177219545
3551 45.76165483171682 3.7451330318763993 65.93519050132223 4.563844406119184
3552 -6.437848334975859 17.177166367810443 129.16821689228763 4.563528542260561
3553 -9.92339218187498 43.5261747335025 109.75948036666341 4.562779292428697
3554 34.58715464214698 -18.518923550155513 118.95407988542908 4.562756776671306
3555 43.69854536849339 8.37374427499183 33.44323561753596 4.562427017375205
3556 34.70186700081169 -27.0193941084758 106.90516137476278 4.560634506461084
3557 -30.6206038177255 6.2257617756528205 69.71599624665986 4.56060797439259
3558 -12.243359650254282 3.505808736928098 38.86310725141063 4.558905148815204
3559 -12.217180912183967 -0.7518799535887801 35.00065353787211 4.558635686907957
3560 37.0458426271254 -5.512907561298933 36.48777023081505 4.5586299123735845
3561 20.837088668066418 25.25972666801519 184.65913474578156 4.55796435282619
3562 7.473007231506797 15.105230246837312 182.21115440894746 4.555147795509756
3563 11.859231407419646 -25.789281728068772 49.77892879994666 4.554709786881647
3564 28.60831557045071 16.189138411790807 174.10278387710866 4.554462097286653
3565 -11.389075117947938 43.54392435537222 56.29570578214012 4.554115200954984
3566 -26.091148741319014 -28.98185596240911 184.14370316223915 4.551514737448974
3567 27.59797397907939 -29.859791319264794 194.5917742979765 4.551428772163354
3568 23.272321601963554 -38.24583795708739 152.91561165197984 4.550043104068666
3569 45.3555548397589 7.753918392502004 139.24236468394804 4.5486047211361536
3570 -21.51388929825478 -24.115151556386028 55.7320509461858 4.548191868515981
3571 -28.402807950829942 29.952804972294608 102.8531865216774 4.545356747169892
3572 -33.10401721835056 0.535565876405987 58.05635894309612 4.545231373981521
3573 -13.836967832354015 -28.77821458068176 54.64785861479912 4.544383890726633
3574 44.40244402848753 -13.24382557489725 141.63651207878243 4.543789410570733
3575 -27.567128213857206 9.520824307111472 154.02064813313285 4.543630403337976
3576 40.26689098696016 11.820317592824988 195.3978884308447 4.543522612359336
3577 -12.855924449349658 40.394899494579796 121.52319296873812 4.543343259158011
3578 8.314586505732176 23.94877951888698 51.252158675397354 4.541508171191271
3579 0.9860485711976166 14.863925676625179 78.38960940228702 4.540352083563109
3580 -30.23970255524472 -4.648434316202002 120.88070435133865 4.539822035880931
3581 6.544067328079647 22.785480944705036 126.5427074116803 4.539280572158617
3582 -2.8860814528977916 -18.402684344640708 94.89100092881158 4.538172053201769
3583 -38.05902863760313 25.577463372038633 114.3385710844577 4.538091522358127
3584 38.26127968489743 -1.1340214773670545 3.6690106774950273 4.537856861966824
3585 10.19704464475436 -25.198874738291025 168.89582233737235 4.537823727604534
3586 -38.89612345212912 17.686713535475462 166.32426801393413 4.5371832672166255
3587 -40.3587915671926 -22.028736825824975 44.659106464577036 4.537152296775569
3588 -23.667805000990906 -8.232706336973008 186.5770958934895 4.5364740859280275
3589 4.036705300007848 29.015140377850305 70.9686842401128 4.535701986905224
3590 38.57408446871585 -1.5422131816936595 108.23638967331713 4.535464176214116
3591 35.21155323769053 23.045851236066113 102.85290391641365 4.535324199251846
3592 -3.9057952889747467 -34.15653452506377 85.92733573167664 4.534356336593695
3593 16.60440119425617 29.372451222392893 184.38544192731777 4.53386426657096
3594 -43.41543341387384 1.6551916362372827 30.36503330821062 4.533608523900874
3595 -3.360314655975677 35.23059623866058 57.11663104430157 4.533318879445352
3596 -10.61755411328815 44.29199949743854 177.88778818096128 4.532144460447438
3597 31.041354457267378 -19.477875934901363 94.94901831527524 4.531889530254764
3598 2.885161340102639 14.381219407705135 3.9308411302166104 4.531653105860124
3599 -29.718750940817408 -19.54447122078208 23.82467195098186 4.531303213708581
3600 5.504017844031889 -13.822511466450836 57.947332249649754 4.52988794307254
3601 -9.856905545746558 -4.924197193922876 134.22452224915196 4.528947444948984
3602 -31.18266315667264 33.7016305189918 44.339143145113205 4.52819462226709
3603 32.425524822325215 -6.000345720185227 141.17832999395583 4.526906562377105
3604 6.621973916518841 29.076751655301308 95.65137501346145 4.524543052232582
3605 -33.93624099060266 -5.725638234464454 142.57103632176592 4.521939857240447
3606 -14.132132201865346 43.34932912213956 100.84026383576635 4.521688180293496
3607 6.406199905844746 -23.76234712768025 145.95419007835116 4.521352121455681
3608 -32.03423130278815 23.075576215548566 116.63390522670693 4.521105538065772
3609 -27.85475169560265 34.79908471272544 54.37883340465636 4.520085186531316
3610 5.701098297137514 -14.344783098361539 171.84992884949372 4.51960631574818
3611 -22.16951447718831 -26.12016305370124 132.4166010598948 4.519015061156929
3612 19.39203677413673 42.58515725100043 57.46283175900037 4.517605758473474
3613 24.377915989640147 -14.826663321116754 54.34784207077227 4.5163128068548914
3614 30.468526185599316 -13.264102274849163 185.86044212887037 4.515239527253399
3615 -31.390702692758882 34.13071864510557 124.50535433273761 4.514815024191808
3616 42.90978166571557 0.005820815114936373 38.957328096126595 4.514094864826355
3617 27.787448336822134 21.163756246184576 61.77198059643373 4.513700065081682
3618 -37.39275455644411 -12.144355857904705 2.9375201977586043 4.51287484450628
3619 -41.45804893448638 16.91512943268426 46.72385272221083 4.510744599751481
3620 -30.7778822732395 -33.90028027336006 148.1662816099573 4.510725988465846
3621 6.127788664199908 2.0142086023499868 83.18857733021049 4.510213300606004
3622 4.95758008822319 -6.202107773654107 118.17056456075665 4.509832528573469
3623 -22.83359195762668 -0.5609849290203126 13.239911805667102 4.509726789726514
3624 15.098167061161709 6.348366538948959 57.79072002030039 4.509663658855237
3625 -35.93356740992745 -23.87046007591084 150.89976407288734 4.50882277401994
3626 -19.092190061542997 3.831948341757382 191.154663735515 4.507815791368151
3627 27.436131642392592 1.8946129546358086 154.03964059735574 4.506796466868932
3628 -30.400341311493477 17.785960242772234 20.447838529252323 4.506328058605642
3629 -34.54511183245724 -30.91183750583015 45.64548882449125 4.50523940951834
3630 -2.60442358517496 -4.035904458559377 134.0558231430319 4.504891118230024
3631 -14.985940875003497 -19.536425334829424 98.10574581451792 4.5040383698469695
3632 40.823407328514044 -22.517134103678274 93.43681854623674 4.503485474569048
3633 20.699876723597264 -4.803481681043847 112.80416932156346 4.503249925899098
3634 22.22833084556874 -10.513372389366609 104.16561098261663 4.503063213769275
3635 -14.2845741107007 -23.414341168729795 173.8366120797266 4.502946279181495
3636 -27.127394979372077 3.673834246680027 192.75326048490976 4.502933980709386
3637 -9.226887424487733 -2.0032780923664655 48.309828322096976 4.502379085953603
3638 -9.527000279897301 -20.4008791927432 117.2211168193556 4.501718818770166
3639 8.026740815903995 -27.839279969665338 69.19515156229559 4.50147758055358
3640 -6.063504468664778 0.6907268086195364 156.79373847580905 4.501060628826924
3641 31.028608763902714 -17.294340101034017 177.00889860687957 4.499057708412295
3642 23.387147904468208 38.72186127881326 110.8257522759581 4.4989249850568545
3643 21.77927772980039 37.055679042769576 193.65697146449196 4.498422163811991
3644 14.838453082037539 33.99857879187492 188.00478101913805 4.498095562336633
3645 -1.5421806084277474 9.710461175725307 3.9169919762751455 4.496676556713839
3646 -38.896633525167346 19.32405616221123 135.42412129503592 4.496640150979855
3647 2.206779639628799 18.899010485952534 74.55526387947273 4.4956480971047
3648 31.45560065162139 -5.468760067044479 125.50726359447457 4.495143606384058
3649 37.54470245149444 26.60626308851773 10.550708649364386 4.49470032750143
3650 -9.957873361046216 -7.023954113079158 6.02911940734549 4.494271205834179
3651 -13.865725296441237 10.758701328526701 170.8949493062437 4.493314927317237
3652 -43.27951770526566 -15.426619966605283 143.6559630596346 4.493113174867348
3653 -44.04018668306965 8.146358827147855 183.86558149000044 4.492956747123306
3654 37.18089816723888 -21.12347904274605 151.69694324946164 4.492654003038685
3655 25.199831390243677 2.713864089590348 100.08996225195831 4.492601318754046
3656 -44.39512655464525 -11.669858320171212 61.33978514563083 4.492326226010555
3657 28.80820443603528 8.899488242352131 130.82407788714977 4.492298725472598
3658 -19.162872358198683 -0.36702347311903294 3.833039970401181 4.4913131229383545
3659 1.8486634664175252 46.25706079998158 10.045305155633343 4.491098146595463
3660 9.711204582755393 -34.42159872182985 4.622977374833186 4.49074732705915
3661 28.569635274977433 -7.683175751795265 120.4916150220594 4.490473359184003
3662 44.676763789536906 5.14800367047841 105.0336782483849 4.489746979183036
3663 38.3841814406147 -13.708578498431566 66.52035222383226 4.488923912534365
3664 -5.795497053879904 10.065125674517851 45.395909952818194 4.488098936488248
3665 -0.03679257705870853 17.818130167639378 95.72183699332491 4.485837714323008
3666 11.749470882412862 -22.532086952037556 18.028987240729414 4.482534456198088
3667 33.79713852664157 -24.298056447240317 65.2407044066414 4.48184444202749
3668 10.058872771132869 3.75681288228715 39.84856765712273 4.48076950019424
3669 -29.570441278825992 -30.690427424258456 82.50529781389064 4.480133478724577
3670 -41.28046717836595 11.12866192798465 143.07435350520228 4.479601443466768
3671 28.39667209779182 27.95485327112283 186.50399042309508 4.478584661480614
3672 7.465727786055725 33.206927977867274 161.40182891013887 4.477627144840339
3673 43.71219031761154 -8.347145561210358 173.40974236044963 4.477118436746883
3674 -20.261921978221213 -29.092520675435427 87.6555489461851 4.475503155041513
3675 -43.78028317243442 -0.8456273514643255 70.39014217046615 4.475118601563173
3676 -4.013277698636626 12.474228571409531 106.45159987278953 4.474086981256172
3677 12.29162385615172 28.495294223457964 65.52143585904952 4.473856754567489
3678 0.8543274890426984 -6.2457832975930145 110.94290036179052 4.473697696421927
3679 -26.846865940011217 25.43687171546824 136.93113719159504 4.473682228258346
3680 -12.435234773088329 24.515430593853345 76.34307589002638 4.4731960093547585
3681 -36.64397986557607 25.857556968320473 74.24121004037467 4.4729053726030354
3682 11.522995854479092 -19.53805514874269 195.85094713990034 4.472594652107235
3683 0.10614902958476036 27.25349051692166 115.79364212742698 4.4708712622932065
3684 -18.16097603467039 -9.610017502959845 118.61753614425575 4.465755957282877
3685 18.444386886556483 -15.320008034929163 192.33680012778018 4.464198128232797
3686 -9.013555356953752 -3.653973801728714 13.88276259332959 4.463986233391465
3687 -28.075163783482427 -27.671963852744344 116.98181441812405 4.462601426901637
3688 -21.727362808212774 -18.23250947622541 69.37141081859018 4.459602789889274
3689 -5.9504788017695605 17.3635719206653 22.660172215857536 4.458994223195862
3690 -24.820120665669315 16.291486853057712 104.81963638268886 4.458304732716863
3691 8.600833455386802 42.19559756161801 86.53850851237804 4.458125417981586
3692 -21.83247564252047 -39.71305612952813 55.94621285520985 4.4560415654315975
3693 -19.718273190086613 18.53925437058778 73.83100088476786 4.455036363555779
3694 -5.428317509550842 -30.178914754704984 136.82052055422128 4.455020497312829
3695 -19.39625735245056 -41.45015741290614 36.51529333536061 4.452063452909089
3696 31.026336894107118 -7.366887002352086 93.8094467406365 4.451386379763723
3697 1.7840567491166048 32.70091960627633 164.74425662080094 4.451230383799793
3698 41.669167258723775 -20.048151674439076 28.070006385746176 4.450848591597781
3699 14.864785182389603 40.48878930081348 182.7200620284983 4.450505025818595
3700 -5.527655843502286 25.218329689104202 160.7979741661299 4.450329212701372
3701 -8.704371032664147 -19.467378868677592 49.78827304668762 4.449816647794889
3702 15.777564537194705 37.68068190919668 166.5568487618176 4.448559873403363
3703 2.0831189276798447 -7.2466622433577506 18.530503364882815 4.447572664607051
3704 7.485625137887563 -5.753049930578267 191.868193692984 4.447553141109252
3705 -26.71608416506136 -30.135425445152684 125.04349183105766 4.447550011822393
3706 -36.713286702301694 0.7082909823119001 186.17741802941816 4.446097703448521
3707 44.91781457442779 -3.0496890660040066 143.32023767376688 4.445002423820421
3708 0.1569405335715638 -34.80633510754401 184.71429302732577 4.444536178703455
3709 -1.3396223674365064 -30.182454104835678 74.8974906969705 4.444153899596645
3710 -37.583145992683356 -8.921720447123903 195.45413860545122 4.443788896467361
3711 12.788525382511196 35.27130698664723 137.06527590698164 4.443669190954035
3712 -34.60444534074381 -3.7022799265670985 117.08501313185826 4.443617715046926
3713 5.830228469195526 -27.499433326850372 87.08722612958451 4.443567947305868
3714 -25.729886901464525 4.2483870144385225 132.8161494248635 4.443312543604421
3715 20.458153974133605 12.342998240510948 34.36810535616967 4.442671904710768
3716 -8.225708844781753 -41.62785557140891 60.854170959407035 4.442576430582784
3717 4.686654683214497 -8.382240705108291 61.13718585560171 4.442179866797378
3718 -33.7632253646107 2.7794550447362667 78.14436547593523 4.440944352976761
3719 38.88330049590179 22.284131151526026 98.40706505456772 4.440047228388766
3720 -17.516873252820226 42.76987959802469 123.82221199552156 4.439875517445131
3721 -36.36841631480639 -2.265407840512246 40.65484771713578 4.439434580987357
3722 -9.598304493162406 -0.06145119982629485 8.440809714787182 4.436902056988226
3723 26.48986308828903 12.01568053291654 8.432002659884885 4.435706373020075
3724 -34.24323132250566 9.508371793926498 58.91232284660907 4.433294446811185
3725 -2.554052941871504 -46.1293286615432 113.87055507891985 4.43294279786187
3726 6.7297391324367535 40.806305496729614 131.18179904657651 4.432688148528988
3727 10.716261358775037 8.124725064117108 30.13396232444078 4.431835442926484
3728 37.750802084535565 0.8651141982367152 101.64249253753849 4.43180633837261
3729 -39.60177226438911 -18.53474329442664 141.3276112619146 4.431765771139209
3730 18.10129428568167 23.225110817259235 170.6430656995857 4.4315272174963125
3731 -3.2732673543421456 -35.18941296932793 118.8202865102223 4.431413245974525
3732 -15.539209350605809 11.574656797577212 164.62551800092163 4.430558625408257
3733 10.079412822993646 -19.907144371428807 143.2903231398619 4.430337916977755
3734 2.8542246646264005 0.6668516423317445 18.548925328141536 4.429842149671517
3735 4.541271158073256 37.27190171917863 126.85075608788671 4.42969764665217
3736 7.976651593190008 33.762000437335196 90.6984266940245 4.429179334781324
3737 28.338406548596762 -36.637326283518036 84.40611000926036 4.4272999990515345
3738 -17.853352534138615 38.93069314776152 159.40706753766284 4.427270041675218
3739 -4.280012686610641 -9.980626212000157 10.58886517156735 4.427207916649099
3740 14.96809267114563 -29.771658544641724 36.20900746992182 4.426569201489799
3741 -27.793919559506932 -24.26267112104796 187.15029544198427 4.426151666205512
3742 -12.887057749522578 7.666351569185524 49.06026705974658 4.426086704377228
3743 33.97501541153571 -25.87630731101012 37.43434027006609 4.424753835464432
3744 11.16508752080691 2.3389931111426816 137.75111670428893 4.424038341857729
3745 -2.883110934241234 -32.8653189498749 164.7763761014263 4.423938549905592
3746 -22.534481899718298 -36.509637901477014 161.23365358816093 4.423753737333133
3747 -19.716869821540914 33.81918853517959 49.604310368088015 4.4223936592397575
3748 -0.4029299815504306 32.11282410904147 67.50117945454024 4.42231176197787
3749 -23.007440578104404 -23.503398943558903 108.70301671852582 4.419043781709042
3750 -20.697649716341566 -19.20166114945315 132.04487754529623 4.418522753213431
3751 -21.8124936336932 -28.880381748684293 12.042366644865297 4.418411741119593
3752 1.8493200072144136 45.71514347735277 15.378515980307885 4.417989790270489
3753 -19.561562005523154 1.2441634371220545 176.52854628174364 4.417722481287587
3754 -17.83741078152935 -27.11649883273204 175.17241951305974 4.417483561296374
3755 -27.044615881394495 -37.59257071375542 150.0447954340993 4.417274828505633
3756 14.957193497884035 26.256667720547064 34.309052632857515 4.416664596333914
3757 -20.166238653418365 -16.830477917885467 83.34453492933967 4.416264161991994
3758 28.980613733163118 -27.574435602989592 63.31388380242874 4.416149641794214
3759 -8.703214784017526 -20.499952483816877 195.42667931083474 4.415969345810293
3760 37.54546602601633 23.533483760811002 5.738790622622535 4.414732987646795
3761 -27.37218659364255 35.63344196210427 37.87339895475506 4.414387919071005
3762 -11.716774636154627 -42.624901834752094 42.01508450540341 4.4142151593156544
3763 11.018863757761327 -14.161835242365099 139.70288185427805 4.414075943709346
3764 -32.08331779344475 24.70813412717196 129.33832002088528 4.413682405129986
3765 28.80801407984342 3.2191324670860038 130.8416745668096 4.4117839881588115
3766 -37.15448129903341 -15.259193208292373 26.501526108381192 4.4107165166331574
3767 28.39206970851155 -35.209356019331224 32.9580323541903 4.4106706229875785
3768 10.63307941414337 -13.817474441758922 111.90346275788106 4.410190903674099
3769 36.74669216699272 25.025358054359284 84.7252273315025 4.410174828095433
3770 -44.98808073373841 -4.712133990035958 160.88951515937651 4.409760638733625
3771 -33.895759817442176 -5.356320123512415 174.63975678206475 4.409147625207572
3772 -3.235501872831009 22.030107189911938 71.54346465810825 4.408792768687899
3773 -19.33448752929005 -35.689106398958856 134.00017559842175 4.4081132713046
3774 -45.88130369589904 8.425297494526948 132.31684216377633 4.407670788293442
3775 33.945355173475 18.201754940121038 56.06373317128864 4.407617035560842
3776 -0.7516065693926418 18.11321848847763 49.584452346299926 4.4073005766518305
3777 43.47455997521526 17.464407118736585 58.434239816172266 4.406872354037173
3778 -36.00963361914001 26.614698031102968 155.95675171868646 4.4067667078526505
3779 44.42348616076698 8.512103795313031 128.17054125658152 4.406666418490332
3780 -18.590992219475364 22.98355917263827 145.97227015761422 4.40488645804368
3781 -2.720362253964093 -46.41370559478878 26.327277542133775 4.404172641365873
3782 -12.488084407916856 -30.14232160631609 80.77545250699333 4.403529981103751
3783 -0.17017030514801612 -11.179410221323012 80.14734558574744 4.4029953663382315
3784 -25.178116035089133 -28.262201652703325 59.93560698118134 4.40255385079478
3785 32.38681274950531 32.24918730946001 155.61313249916378 4.401864827405396
3786 -5.83627937413042 -24.75218947727959 136.35940622365945 4.40026820531823
3787 12.101178849901212 -4.02522516420097 57.02458685867361 4.400147045133646
3788 12.80561030141528 33.932692089856175 44.138757705704506 4.400000805636135
3789 36.956874578582784 4.933809467283961 61.568551426088824 4.399529858810284
3790 7.307291152025167 -1.8575729519278195 112.45205670336667 4.399098299381344
3791 38.29469504088171 -24.119215902100223 177.18309007458 4.397295444866847
3792 -37.54085200545884 4.8572864323029625 11.282344849549485 4.396383485765037
3793 -45.626416528158686 -11.061239467342862 134.06368736128198 4.395951043894167
3794 -14.039239455448822 -2.674033063478457 102.41354397514606 4.395753973407827
3795 -11.383394206884256 8.244658714819863 68.1121200683454 4.395084885423507
3796 8.243044547386273 22.870738365062053 81.59839267510841 4.393533699269808
3797 -25.261590990198954 -14.027233404236945 77.60815849418819 4.3930185252824
3798 11.695421636297622 -7.881253347313712 113.33803343877449 4.392756166317269
3799 -0.9418084406804283 -21.47955054900646 162.82201114678517 4.392174661651808
3800 29.166164478264648 18.543604760169256 192.26778151627764 4.390697214759058
3801 8.042517560261249 -4.75403059891042 37.976556541499 4.39047203767988
3802 -0.5177161201660789 45.73727296129911 137.607623070002 4.389476627338158
3803 -16.573041397981026 8.614677750717384 125.05058760343874 4.389418394727409
3804 29.17319417758073 31.51011080433585 149.02332392788497 4.387932612467685
3805 -35.566667117814475 -11.473275446364843 61.906566505915094 4.38637689366486
3806 -9.507266744537379 14.092864795357233 19.594885683766478 4.385189481290551
3807 -30.008478483909133 11.524951975989419 30.93146897267838 4.38479144886082
3808 30.29074541166743 -31.408762996684963 10.57962202154881 4.384550675581981
3809 -26.84657961314173 23.912857934265038 131.65996847709735 4.384278833468104
3810 31.26512306968302 21.36906343637249 28.343088955070897 4.38215603980951
3811 3.2607482124892293 7.622153405620347 96.45790332522773 4.381511912771691
3812 21.077996882403866 -30.98453444468747 58.71257322662548 4.379829396444791
3813 -5.836120866147349 -41.13363578887582 106.99984180542891 4.37969274761649
3814 9.84704601740477 -4.151980043585751 2.7389037566253607 4.379363787950371
3815 5.11278806864324 -18.315028893238093 154.06949338381474 4.379213669518503
3816 37.55801305338222 -10.077266721420486 172.7246450158987 4.3783302289752335
3817 -32.773249324561995 -15.097048891657261 10.153560471820963 4.3777613658341465
3818 29.69025530163219 5.7412674524901455 165.808053410577 4.377669332248565
3819 24.67114231181324 38.66741723154491 95.49389065051417 4.377661943714229
3820 -39.41095855087575 18.356430451704707 196.5502482805049 4.375461455623398
3821 7.884033969879345 45.29419855646373 121.55565807416922 4.375120499229665
3822 44.566660192622656 2.786367881790619 34.38708875194639 4.374477666953743
3823 3.496926529340201 -27.803995770059025 174.8720851733584 4.374190999818012
3824 -44.63742074613827 6.87743621363343 81.88910030258506 4.374104862418443
3825 -37.302041735685705 25.977471135896923 61.085197570759455 4.373495518650703
3826 -32.40396818405826 10.995109567218703 109.79899820055662 4.373298998716349
3827 11.419203382649787 41.687166400263955 161.3347347129428 4.372644588340487
3828 13.501605590978519 -24.203051687597156 189.15383245125048 4.371374064228349
3829 40.016420570157095 14.049803656930166 150.91263837252387 4.370838444208089
3830 13.650330917735129 3.3683161762762026 30.48513791849933 4.370526917505502
3831 18.10133415470078 21.742982007117554 163.96421110840652 4.370445220919017
3832 22.735347673591303 17.771042968801662 70.17253083386781 4.370411881899861
3833 33.08487484110909 1.7644199269841945 44.83719349610551 4.37021192400337
3834 -11.2319185660443 -0.05299568542881339 52.956734742336735 4.368236474243642
3835 -1.2035384177986348 17.654312220410606 29.425805908285565 4.367663545813796
3836 9.54035917903555 11.708209075266836 25.111074093679115 4.3675939845517915
3837 -4.621793514107989 -4.953959153981149 103.90532676192086 4.366825738615783
3838 20.140713232486696 -12.575538255768524 134.64441290225537 4.366729734349933
3839 17.04745038259813 13.976209546558463 150.76342308064378 4.36558463183109
3840 -20.93666056482101 -0.30933775341186553 37.719148455820644 4.364368607968913
3841 -4.870494154082824 -42.79764425934954 128.42974218299773 4.363931031267514
3842 20.338245206345405 -4.03927278990762 140.96184086816936 4.363669465467254
3843 -34.05203758692796 -14.909576653697743 195.7131882493578 4.363393610843034
3844 -10.573306523551778 -15.343258475256818 93.79426587337386 4.363200586985215
3845 2.79582193571268 -22.227731125922503 56.26915331004287 4.360655258118619
3846 -11.166135870684043 36.512530467836825 43.32378481677396 4.360559089460116
3847 -14.695232008649848 -26.52543562596359 104.44332055815973 4.360445157313295
3848 42.549126835915764 16.736749510804152 119.79401406182272 4.359473820950849
3849 7.948991512202975 16.449091765460963 98.90893285557127 4.359404928791351
3850 15.514472358501076 -43.08680353435862 108.47370762335112 4.359232724973618
3851 33.703111276036445 0.8263473404257624 34.78433411680021 4.3590033301217055
3852 -8.16421039005847 -28.273714877165794 148.96120102574153 4.35703607703835
3853 10.608282023718868 -8.961323470920451 13.180378968619182 4.3560344112822635
3854 2.142666712873514 -11.760239873667857 112.55797136061405 4.35568317722181
3855 7.6770482467134915 11.225225432224892 13.853128571799704 4.35373934351738
3856 -13.449419366740745 -24.46971910806704 79.66875483667087 4.353267798594749
3857 -7.779687809318282 23.943430841198364 166.46428513545462 4.352606366421776
3858 40.23802675588289 19.975493303440206 134.06978849148442 4.352413825087065
3859 13.934275950028571 23.516162886114024 157.31570262968154 4.352130470702924
3860 -20.257379623729356 40.77484085219671 26.870863645387143 4.351524089605457
3861 47.23446823082287 -4.303875767730993 66.036359176496 4.351351945011029
3862 -34.757495605493006 31.160490905453933 75.1612120230957 4.350411725279347
3863 37.48982244375422 -10.137858168875447 145.3256322974502 4.350086695701677
3864 -46.40237040045285 -8.496316198370433 42.25519860307607 4.348653148461781
3865 26.039380547517744 -38.18828003218975 118.33694651705899 4.3479388076819685
3866 10.236877628883928 -14.499725880694706 34.643084230508876 4.347891210141836
3867 35.31995964461801 -29.901552400112493 18.39236187157084 4.3468197645915705
3868 -36.02497238063627 19.834914528988374 117.9653358734078 4.3467941898013756
3869 -21.152970946215092 -25.69359214505262 46.23669465547183 4.346020050411981
3870 41.965441764465346 -7.437798005840484 95.44306624228714 4.3458933624894485
3871 19.747638161825893 23.67653812508765 30.351119583249336 4.344475658962008
3872 43.64496340931861 0.919515150946463 138.83813713342334 4.343152405349584
3873 18.177139816711477 -40.05534350924657 68.52865179264381 4.343130090618094
3874 -25.238630602456166 -2.643146457277429 24.77469607286844 4.341394158286451
3875 23.740917582678563 0.12467479174479656 24.142108872680318 4.341222547537169
3876 33.59388494432832 -27.588925488963582 195.63882561231074 4.340806053658547
3877 -3.351825041603557 29.88987972416209 111.75535171765473 4.340172209254203
3878 10.787561651281829 -22.74648708772707 90.29179095854896 4.338695466658584
3879 -7.6111013575178745 38.01121900755647 24.703458741546324 4.338283958143619
3880 -11.723673759717483 -5.636046829967112 122.25120282546614 4.338104521475688
3881 11.418968378819027 20.909710182202407 195.24885425034887 4.337994361817245
3882 44.69855910089986 -7.275675863374023 74.35873568117098 4.33708010963481
3883 45.843076544898544 8.515350490082566 166.30504414878072 4.336730554612728
3884 8.905053374449484 44.48567763798974 183.41023268809712 4.335781007419684
3885 -27.09428368965077 2.9034016290097977 127.8644549250984 4.334543789618074
3886 -31.297344933589454 4.646589570955676 15.8630180214357 4.334021422040027
3887 44.717216869669286 13.580218969244987 114.59080090981783 4.33358573601868
3888 4.5398552547379785 46.862762825269456 140.38523899204282 4.332654757205431
3889 38.87278537171781 -23.857606952273755 48.199405201799735 4.332472759291231
3890 44.33086851274755 -7.141484795616971 161.54873383536437 4.330180380955733
3891 19.764365782642123 -5.171396811327688 10.847729321102735 4.32996453375544
3892 18.362288284954793 12.092138222437368 113.39084297159337 4.328822689115846
3893 -19.398990109527162 -35.00501460835096 84.02464122874247 4.328672995942749
3894 43.04350247684752 -11.698035964729 136.04334638174666 4.3286157923517505
3895 2.536599447807994 -46.42613822668303 116.00963427228865 4.327474805563975
3896 -23.97992960186945 30.854447849574157 43.263068324075036 4.327162090980156
3897 -7.853490785186958 -13.24356946423605 70.2192372206914 4.326283662519478
3898 19.764617265841554 0.8506955473888471 12.207718461808398 4.324434584770736
3899 43.72458370224648 11.522171960353024 93.57202223628191 4.323270870398538
3900 -36.84053834302547 -8.605542705746888 128.5312690974667 4.322710058410244
3901 -5.279061822798706 -8.73430402260143 17.20067600797164 4.32264181509457
3902 -1.5134103936594787 -30.8120344306444 143.3484327232584 4.322065839236217
3903 3.2558150097931935 -26.36644918158654 65.67729462786836 4.319954534131881
3904 28.434127246936463 -2.5750716449800546 144.33478564323096 4.31918589858907
3905 -45.15295073870874 10.107098601205138 156.64916531410677 4.319047265932815
3906 17.966920193257074 41.791277871551245 110.0238317870184 4.318563995473956
3907 14.792737836104328 -33.150900082133184 2.367425346184843 4.31683582916167
3908 41.184246371026276 -18.980298162211263 155.56541342879524 4.316636352881093
3909 -34.14109595697395 -1.9889647231809207 99.30572394073536 4.316630123163829
3910 -3.56380801899376 -45.4812745117094 54.41042449707898 4.31653209184672
3911 -24.895150848309314 34.22943133916327 87.17592279370368 4.31652788008185
3912 22.54505021993563 -2.4753732989620323 36.02817681127368 4.316353800441402
3913 -26.40200754369468 -35.648796060153195 138.54439512930026 4.3155985987981085
3914 19.949140855076585 30.698072645219444 71.89786069244792 4.315178635077869
3915 -11.998200957880053 35.55534026795905 174.1964245095565 4.315036049917281
3916 -35.50107766354665 4.863205362970911 144.19962096657673 4.315014119340576
3917 -20.75258427703716 -41.46031000157173 148.58866148536535 4.314380916076404
3918 -37.68237019262782 -25.91413672572247 190.29196360039293 4.314054249200677
3919 17.577835945093153 -32.63563005263339 125.04909656804581 4.313827013521515
3920 -36.11497529342657 -12.67795148394847 69.91641484289443 4.31292616357284
3921 30.359062795593548 10.512935714351551 4.3963456021845575 4.312415600039519
3922 19.460534360267044 -35.8134901285185 165.52517954331987 4.311103021369614
3923 4.036308642575749 25.538184653151145 79.43940776580429 4.3106771584842045
3924 3.284978993286419 -33.83890079780769 22.63216733296436 4.309978012024793
3925 41.45140207311258 -20.207445520390007 170.41625463036485 4.3097226048529835
3926 -45.06325453407704 -12.280270426677024 27.532838934630053 4.30934587831254
3927 38.09787246127599 -21.392524355153647 184.09750218854737 4.309058033042755
3928 2.0170231832900307 -13.902375644338028 87.75605638376115 4.30883103387089
3929 -1.5354889196687136 26.09794149145553 30.390938998632265 4.3087351599831925
3930 -9.045067632819977 -31.13954992363749 21.743324965579856 4.308521035235121
3931 32.404501184356256 16.208196553040374 46.51520129966471 4.30712489378973
3932 -29.62648174886781 -22.17812818222238 169.88581810767676 4.307076007741015
3933 -36.150711014689186 -7.569070862097498 106.45795936242165 4.306766452181557
3934 -12.739532694214796 -41.48111132872978 102.16560146219518 4.30627329515965
3935 43.927645530503945 2.5913970847264367 52.67591637203034 4.306078896331084
3936 38.166036679759465 10.298969852985435 81.29923446461174 4.30428071420528
3937 44.24895238460371 -15.09679635455593 55.118715303264835 4.304203601705158
3938 14.674531139183909 -1.9673790371680568 110.91311731765154 4.303339027458894
3939 -14.138867139529347 21.37427958330389 143.76881115525143 4.303006214548636
3940 -9.267377219142563 -23.986950499956787 39.55898438227602 4.302181982504729
3941 -17.095212191080606 37.61351799455062 9.385126215180664 4.299074244003905
3942 -42.22296268668528 7.734846631827915 127.69812235901938 4.2981561601862435
3943 13.559221368736562 -3.0600408340972267 96.28372627463926 4.297594103653125
3944 36.86004087066195 -4.041264658162787 126.80073892724471 4.297049443996221
3945 -5.937648303485753 41.06766213906705 164.43389535165508 4.296638549236787
3946 -41.94294220748517 2.8878359960860354 185.90069043322143 4.296072801173782
3947 -16.091232374069484 5.903875307278278 109.12142222603138 4.2958957788498
3948 40.41492935564255 -20.609162788442234 122.39411392863035 4.29370992962701
3949 19.129111248798257 25.424404837867222 142.89558364394222 4.293513956487341
3950 -20.277080137211414 -14.038017352560722 65.34886563260287 4.290881148486992
3951 44.186300623828735 -9.231243816293393 124.42839313780956 4.290831237624047
3952 18.016371136576048 -18.691568690987168 24.509463636286743 4.290325092144446
3953 6.351337496589095 -5.026233482080071 164.752512428409 4.28957605037787
3954 14.923168319910252 -28.67062064057566 158.2940756642198 4.289397576715242
3955 -28.254094153905232 14.019899230002009 141.78108739973325 4.2890458168555
3956 1.4664388012862752 11.636245606080708 148.23211137659536 4.287767533907337
3957 0.32077540071534216 -34.17788200927468 176.42386911590273 4.287033203741002
3958 -3.19439783943493 -31.752048963208473 187.57180562019144 4.286635953426154
3959 -37.86409712972653 12.009311552022378 132.71463788871677 4.286375988036983
3960 45.56719702534245 5.592793275383792 133.22189532102882 4.286297081181736
3961 2.042324039562605 -42.90438914933123 70.95612528893471 4.285766071094736
3962 45.71630465290766 -0.3553243945272839 165.9602635633018 4.285550839065593
3963 37.62098461707386 27.174537741927665 26.643104577684333 4.285273652302617
3964 -12.5332754047411 -32.540998000338526 68.62875218912659 4.285122746490832
3965 19.324140386580567 4.380591382190666 168.85479599178962 4.285062198809813
3966 -14.296524953205436 -35.728027359604035 28.819062416847636 4.284949994790688
3967 41.84519915890894 20.197421549983915 4.541835975289611 4.2849250902610985
3968 -21.672685203529028 18.328967266611663 52.104915934278814 4.283812582760284
3969 19.15912032243746 23.95272462296393 100.28574623450429 4.283529721994958
3970 30.880434490781177 -2.8406043287671165 194.54424724391222 4.2794250095082536
3971 -9.857220127526984 8.6470786863081 10.203463401379667 4.2791418941038675
3972 0.0719034663114364 -43.20059989442061 103.58578583339475 4.278032391211495
3973 -29.35114597592875 34.25702373003784 195.63119736300106 4.277166101619052
3974 -31.17126018724406 4.615869793761462 30.861944061262157 4.276983042069071
3975 28.981369702839423 -1.8322583201764346 35.76887266106882 4.27562049288762
3976 33.29827114998145 13.278853640651098 76.42346914206858 4.275520556035289
3977 -23.31508174315796 -27.761907318005736 40.852831619746844 4.274971473592586
3978 -24.17021141451306 -18.17791399955171 24.687732332573713 4.27391400543194
3979 -14.69570054724198 -16.458385377341973 70.55077169968635 4.273904320873687
3980 -36.12322767296603 9.070960988153685 18.799078436632268 4.2737143771439134
3981 40.27866297844356 4.161078548806197 174.5216598134376 4.273654356627188
3982 14.3866701419009 10.421969933280026 27.246437186632456 4.271052018640255
3983 -26.283854359134757 3.9825489789442448 185.26423205846476 4.271024215328328
3984 -37.31434182518795 -22.37969147684017 144.46315808174705 4.270273354944533
3985 7.147789066260092 -28.7666245375116 107.09601568134349 4.2680197911450914
3986 30.408376925650174 -11.580980552776138 55.22356308193512 4.267001402104568
3987 33.476505317607135 10.709327156026745 117.04643622359134 4.26688928021677
3988 -22.596122879980047 -23.610666484584364 9.219870498838604 4.265791022303519
3989 20.930406040722037 10.58631205415496 195.24628327788562 4.264521948768877
3990 40.87524408609545 22.43155368351674 188.44923924272027 4.264156586927729
3991 -33.3406808544348 -8.089568500993863 153.5933504108033 4.263780164377459
3992 16.38480187093126 37.5511395517772 65.98702259777048 4.263377276773246
3993 -34.47483408400289 24.09032166205477 101.85854597559637 4.263170425998414
3994 -46.964802621990714 2.277078014435719 36.14951777129886 4.262980205308651
3995 5.9394639311575474 32.592720309677105 47.14579137356424 4.262891991521075
3996 -43.18126540702342 8.025436205213405 194.42633653148147 4.262662689786178
3997 -20.790180607982432 -29.42622709802723 127.24020694816463 4.261771959428146
3998 19.21140964467206 -24.961696186838026 34.49695010925844 4.259922110780149
3999 32.4674031035649 11.543545729716376 33.23193745102777 4.259138817094257
4000 10.62665219991944 -20.659869200924906 66.67630445769026 4.25911396254919
4001 23.144651033993846 -4.977375466607542 104.65899788942491 4.258698771330914
4002 -6.1295644054028955 14.309844566699919 142.03745741866933 4.258500115519556
4003 14.994557483781074 2.920914800871311 154.63238126478365 4.255938786445992
4004 -46.32349848493176 -1.5889238395297394 188.82786050427916 4.255704185879413
4005 -19.622337119260617 -39.68636606023694 23.447833523220957 4.255472171373857
4006 33.25838566878741 0.05398570274513048 51.53144676904668 4.253890127782716
4007 9.23608284672671 35.680452415952416 130.10834083930968 4.253481481036055
4008 -18.404560442178862 42.22341871563826 65.2972976112005 4.252918054699067
4009 20.746092526205175 -40.12835704210755 196.92790415911674 4.2527725044784885
4010 15.9691419118831 40.94261241401038 174.58294722728147 4.252566690722174
4011 -1.2760756690966146 36.34142395855115 49.66270846575911 4.252246527256675
4012 -20.55014881002272 -40.465982591182815 139.74258806623365 4.251481192485738
4013 -10.385183651917643 -35.9433903354023 78.14614782071986 4.249563480456288
4014 34.910638299390726 8.217703221015151 6.184700531405105 4.247502223866298
4015 -2.90706108563762 -23.16907298806243 117.21470029735522 4.247338893835641
4016 -19.30874894785543 8.970130942686431 27.430036093729182 4.247162716877588
4017 -25.20602737126867 37.62543450544624 19.75595786950785 4.246740809555145
4018 4.548556362661429 -45.380631165933934 28.03044658160101 4.245924492320659
4019 28.774996048800123 0.5041553096468281 172.62429073592043 4.245626043481027
4020 30.85845008669551 25.104386256513735 87.74017038195944 4.245109171495103
4021 -34.39971720560662 5.7241314033794515 170.50571055581656 4.244172676226657
4022 -29.446137097112533 -26.45539961574125 103.49388559417784 4.244054286863699
4023 -4.088664946326917 -2.022736696065879 3.719261688568843 4.24139064107673
4024 32.21728162695617 4.212716716366348 91.59039250592512 4.241189911185189
4025 7.417718945402575 7.680442277678656 86.22215170173571 4.238898110387167
4026 -7.366429823872465 -46.338732470309324 3.29352243071023 4.238297933807283
4027 5.706159488834213 -45.76723255374388 131.4247438946142 4.238248071932475
4028 35.06813727179511 -29.600945286584825 150.3195427372217 4.237970935902622
4029 -45.258418950233654 -3.2101095452828274 171.305005823782 4.237322359238339
4030 10.571029882468483 -36.64917997211457 59.0609913357385 4.23730919466578
4031 44.56058803731466 5.587584429038929 154.79913767344 4.237042528343619
4032 14.27609939683448 -4.784824795968545 34.76959491947071 4.236788011011266
4033 -7.098800462763965 -40.56030658035411 156.4323396779625 4.235538363083062
4034 8.628821613157449 -19.95910624611032 113.81663366479225 4.235519246276171
4035 -19.22502900583479 -26.50370442509263 31.43862575185436 4.235115361830161
4036 5.7958332496086085 -37.900541927628446 52.90312589739416 4.2331155358373955
4037 -14.790661620864434 -2.9208496399497346 138.6984873209477 4.232367442984081
4038 0.5572243091844764 36.97567322983191 179.44881294304366 4.231349127456117
4039 5.288941269735058 46.203328375500355 155.8887446167152 4.2310863571200565
4040 20.57404650092731 -34.27944690000657 139.1619972880729 4.228520095587408
4041 10.793790970982306 34.438452517208965 196.27535697707964 4.22671969200035
4042 23.409161134187865 5.667746142578908 163.02543591414238 4.226384182489461
4043 -23.90132039677603 -11.117777268576564 121.4351515323137 4.226197719187468
4044 -33.86116486069263 31.37400932846111 141.54394274133378 4.225688442536781
4045 -29.72442011655684 19.87191361435365 158.38121170469554 4.224480995348687
4046 25.249010031479905 -32.39494599220991 72.96665986059402 4.222445391919579
4047 42.53742040333842 -14.824390183266987 12.108062241197517 4.22109876167854
4048 -30.274707175314738 -0.6797156569903597 105.16983731650785 4.220727714617373
4049 1.02611752467761 -38.8647655803848 191.2139634387156 4.220607027591969
4050 42.54097786047404 13.108464446700312 82.5166415582267 4.219599626143063
4051 24.518695001568272 -2.9396215787884654 54.76199651928376 4.218947748274038
4052 28.883315298060168 -36.72956587584462 195.93587706942924 4.2184975332746415
4053 -37.15659102870542 27.335010117222367 141.29702395087975 4.218165923201133
4054 30.751199474589587 25.60856315723307 115.2995413201582 4.2175697953646365
4055 0.7593116523931043 -41.27496570675256 89.9296012825973 4.215901829504283
4056 -23.496724345610232 -32.55192685080156 130.16288724792204 4.215572879112488
4057 19.265016226715122 12.514507228651494 100.43030428413525 4.215310484922265
4058 -21.780973325320765 -12.760278058691796 167.8488377286074 4.21465384594458
4059 5.207421360237477 -37.229176468879274 125.25764853769753 4.213861076245637
4060 35.88489933290706 -26.91024005462037 141.32373989658063 4.213623851154656
4061 40.53312725499731 22.284185666633878 13.209319646210956 4.213372977549265
4062 -42.519943775329274 -5.825448753667818 195.25318728652735 4.212896026709844
4063 23.732903114741134 -16.21106025139255 8.809117535346033 4.212676436290652
4064 -3.2811249282342345 -9.120981710160226 161.88849673578923 4.212539664754978
4065 19.783225235682224 31.695307002443613 52.550973257816345 4.211404479320747
4066 19.764605808711273 -41.62884057534256 2.819510360024207 4.210618068318695
4067 21.790053739666334 -40.12205058912202 55.12143829032954 4.209985413284286
4068 -3.107667931775816 2.09759683437159 119.79378384128016 4.208829361884576
4069 -12.534151124743682 42.92437695054969 114.71905583424488 4.208046946559971
4070 26.111789861394854 17.110011439428757 49.56863778441497 4.207462430408088
4071 5.289735992088438 44.63077595006709 49.524522138741894 4.206914001324977
4072 29.582035712258854 3.209280074201842 114.82703490799003 4.205342908178535
4073 27.184197940713887 -19.984410622699748 157.30935365482088 4.204954754430043
4074 4.083225265056361 27.66317680538579 145.44070291640534 4.2047204521079555
4075 -24.168216395851086 -5.756233681825025 64.67910412870405 4.203960071004747
4076 -12.55270000525784 0.6465223575203579 90.84208597814502 4.201256949901776
4077 4.5950524287829175 -45.36287847970861 19.519978355532054 4.1992897180476545
4078 -27.576990218385877 27.788379226849983 175.1387575376071 4.197791331719069
4079 -14.67995902861264 43.718722694459764 135.00767090049547 4.195345768556033
4080 35.63130793365646 30.083366511735697 20.78496460385411 4.19523672038488
4081 31.409841785820774 -9.6819672545453 191.85051580494505 4.195019064993446
4082 -40.60306036027268 -4.899585239216675 82.76882820798296 4.193891727549051
4083 1.2606348002532375 -15.241482561999351 196.043358108308 4.193109130660792
4084 -1.8391209479374613 42.79948011036283 85.75726810934293 4.19176743401079
4085 -18.242671925966313 -37.76690874788825 32.895889065932096 4.191440395485673
4086 18.66377136131075 11.634999743528525 66.65801211484789 4.190608251355946
4087 -17.012341464655705 -7.0915806007649165 169.58941188486807 4.190381488346779
4088 26.405327886150815 18.493235831638852 66.53172700196953 4.190119890083906
4089 -46.603668846862135 -1.3938157015498618 99.80683864638377 4.190059054920618
4090 -29.041830316807857 -4.186630991986792 67.05729613540147 4.189394500004514
4091 23.03508269516712 7.4732990670586 4.66651927358918 4.187728060011881
4092 -24.679263881076825 -12.921900117939453 19.86730070634231 4.187608591202984
4093 5.20765447711894 -34.12327707216187 120.84666560692207 4.186676085822237
4094 27.608749687232102 14.924319198484413 131.49493300344272 4.1857190890008695
4095 -7.542054569942322 22.567610329129106 75.5121848030831 4.185280112100438
4096 1.0832162557502074 20.881867296619163 107.66041636885886 4.184943309508274
4097 0.7623089393612563 -15.842938564598214 167.0526831784061 4.184888164472666
4098 28.86900555711003 26.652242127935008 153.80541506465713 4.184038284318299
4099 16.863968563549548 -39.82363487929505 170.34665417748226 4.183953370242136
4100 6.472517165278884 22.894871572290285 57.70561253537949 4.183271257340765
4101 19.05785585430543 39.57239739524696 133.2124107930276 4.1823107737436
4102 23.163998093670166 -10.873451843910358 171.37515431302975 4.1822891565489915
4103 -17.487799284844478 23.11200379284126 171.33574065077286 4.181311749580109
4104 -33.26134266856312 32.91880767508918 62.448576952245745 4.180718870465095
4105 -17.75650704817997 18.725194536265853 140.45992184599066 4.180588669599401
4106 7.108053840784182 8.847731763396222 135.41877986738572 4.180403039606615
4107 -15.352939809177467 -11.12365544721115 132.48281290873751 4.179961930143258
4108 -26.51934428722955 -38.02695573020931 14.893485144510915 4.179570301467811
4109 -4.6493426705022785 41.91385497248283 74.89528885887587 4.179229791088312
4110 6.528904330165016 -9.825672259797434 65.78030714314916 4.176133902711912
4111 11.403519288457087 31.058767004892225 184.89788569827056 4.174867393116039
4112 40.799960426061105 20.162277599295116 38.8997326701562 4.174801276508784
4113 -27.797047300419198 -19.372189730476396 3.8103644951338516 4.1743805001626315
4114 -43.26006695834576 13.24545863669195 197.45891240466105 4.174027970549879
4115 -2.176077492803465 12.435545879053748 64.90534739342016 4.173946411024714
4116 1.9384257050144642 15.256134248823432 14.989549165101085 4.173639855638837
4117 -43.22312242643015 -9.193777219903938 48.57938881388868 4.173513573612738
4118 8.31778917381577 30.642461945063005 11.136636789775231 4.173302790924793
4119 27.640649980864612 -1.0785668968833324 138.56404738413627 4.1727501983284405
4120 15.523682726751051 24.093229482522105 129.025430427464 4.172504827283547
4121 -19.334927627588776 -16.77011816199082 94.81111678064937 4.172340569181392
4122 11.041929473858659 16.292122482384677 3.7875113440487675 4.172196466798489
4123 8.481345530311309 43.3362674317597 57.54685412680319 4.171824915170273
4124 8.862080190458233 -21.162471676467185 120.21810903595542 4.170958118423242
4125 32.75392954886452 15.078420818184632 168.67955038024087 4.170745271418477
4126 14.098614001318676 -44.28366181952232 123.92112444550868 4.169206339379398
4127 -1.3118544184650065 46.71795079630661 131.29619790691618 4.1677674309229165
4128 -38.943438164839236 17.88481418976045 13.120170344930834 4.167444268590326
4129 17.229907374445457 -42.82244890187824 36.630388733441116 4.167158764831257
4130 40.89394879501137 16.39147225001415 69.75613084733789 4.1670572724237305
4131 -5.397161905158262 33.49668065532782 73.81092234274193 4.166569177750734
4132 16.76858414302964 -32.062752522721794 175.0163559733454 4.165979235161894
4133 -15.985104057303982 11.890904894930985 112.86800052392974 4.165772498110177
4134 -8.981925195632712 40.170454348496364 102.40659483820383 4.164870936023582
4135 20.907494315841994 -31.431385314805077 33.81202102835452 4.164593189176855
4136 -10.58601368342039 -22.8963218384323 75.76121169872054 4.162747324515328
4137 -4.769724306780402 -37.050699560669294 191.2060188063721 4.162294441969154
4138 -24.631243466193737 -10.303118046224322 174.58413944850378 4.161932194512642
4139 -25.591692103083396 12.099143413733643 180.0563053518827 4.161521677146537
4140 -6.539904761148051 33.923799732770235 142.77585472126682 4.160430033805143
4141 -4.645481008105679 0.8464603902055456 83.85577249626992 4.160101891697172
4142 -7.556503101690646 -18.616400832145562 73.47704110880782 4.159824539138216
4143 21.541432631741028 26.108241148060394 126.64343679764006 4.159358290976347
4144 7.654341698427956 45.53695330820255 101.21354325484033 4.157878995496914
4145 9.046332263350827 -0.3625933509944774 160.06301435968382 4.157427097714798
4146 -2.7277745317629343 -32.2169536761644 35.98491429539022 4.155797734605444
4147 -2.522897520912098 -35.87332045835328 22.509716050860572 4.155664689960844
4148 -22.909647428315175 -37.85250672122608 167.46521303657278 4.154961219167724
4149 14.218414722761056 37.086621869951024 160.69972133684104 4.1545974984596485
4150 8.63817411145083 31.05937451877066 33.38959463489051 4.153417597564955
4151 2.006024001801324 -8.907246611898948 35.74923477270059 4.153208717709038
4152 9.011829900423818 4.036161232841081 148.38615690255307 4.152108324944615
4153 14.330731675033537 -43.891749640425274 88.7519080492586 4.151310710592181
4154 -18.91410399132903 -5.595336713655241 65.3337692281153 4.151053822923545
4155 -10.453190501055465 -13.852194830957725 115.17816541939601 4.149785884874658
4156 20.76087533509553 30.961634737391964 29.436239448298466 4.148885565410078
4157 -32.64862085454521 -29.414197048266843 64.03946693956712 4.148312972522616
4158 37.25120849406611 28.51334264260018 37.003705737190295 4.147323567741612
4159 -17.020581757507202 -23.575270586988374 16.907123494911993 4.146277605261888
4160 31.323815361825357 -30.23204000342049 145.9554276433619 4.1451639020039845
4161 -22.519669847085275 13.416938623350623 159.72217393565427 4.143869163232088
4162 -38.46989625463914 -22.26268960935489 111.74442628260928 4.143257770354391
4163 22.857064058604387 -22.093400577659118 130.33913726453292 4.143248743485179
4164 38.400175387664184 -13.266911829542973 18.270224448172193 4.142512478294271
4165 33.9875005564909 27.056277599275372 165.62818427187824 4.1417152100342385
4166 -23.15464799805446 17.483165535401284 58.586745987272714 4.1416565277696975
4167 22.272549403258495 29.604214699437073 44.414672324579485 4.140380018676298
4168 -8.561175012451185 -36.16823861334222 195.790403588741 4.1400627270591155
4169 11.292302491627328 -14.21913611968545 196.58691015949907 4.139281370808314
4170 -25.211585196722705 33.937059614809435 172.21088300077437 4.139154837917298
4171 -41.634670459259496 -19.932351751688483 3.887217398305842 4.138100729046975
4172 14.793921889361977 12.249559053118778 87.31860982072246 4.138032307064303
4173 -0.47522466926278994 44.4184389184706 195.6512405165367 4.137617220837472
4174 2.7267935926501865 32.60770369080376 3.291352196411568 4.13710012808446
4175 -38.577865990108734 25.810707476652674 196.1124481155886 4.137012419924484
4176 22.46879293034845 -9.345306796933272 15.011669489722397 4.137003436289025
4177 -6.1169546149260885 29.278743788487674 145.69203815643263 4.136718726382187
4178 33.09433372974628 31.146004458776535 184.7164973021957 4.134492583470613
4179 -11.691973811840846 44.0177715195287 36.06203399919909 4.134158436544547
4180 -46.12052363512356 6.474796670274741 144.8486141160037 4.133539751189286
4181 -43.86745792469084 -9.730032678348087 4.564837921162658 4.133442537423483
4182 7.763097805087973 -15.335174045318155 14.661485739546686 4.132235468926569
4183 19.71740603712673 20.804339364899743 13.316343770327205 4.1319187089420915
4184 22.208834474081982 -31.86490004842251 76.96468818724875 4.131623703172612
4185 14.6334491391305 -22.14902379541155 132.12665193251178 4.131555352806275
4186 4.0994608672661315 -25.838512989495037 126.47225297486905 4.131496916764212
4187 -24.994492732001007 21.696893858910723 43.151389629451614 4.130145548297101
4188 15.355725917184273 -3.099940579231653 88.82042154904637 4.130002006165382
4189 -15.201840763568832 0.6505080598732345 151.56583674204882 4.129062737491097
4190 29.15473057086053 -0.756971903196324 26.761928564067752 4.12623153058055
4191 -13.36585823409392 17.537711703840998 119.86778983521509 4.126089693650045
4192 14.798588475951501 -11.742417187576926 34.74888894363762 4.12596408467691
4193 13.532268377537047 24.522702644772885 186.76481253890145 4.1257451626582355
4194 -39.17529066588916 -19.587372309988098 84.1019923839423 4.125647780286912
4195 36.05144519617045 2.4887636647997264 18.739208401048778 4.124854843397798
4196 39.20334885013415 -21.406695077782317 77.76272208948095 4.12480127640138
4197 7.307232845817575 -4.663948997680304 106.24314276566375 4.123397463764009
4198 36.242426193370825 27.951756969700273 93.37005385102684 4.1229764924215795
4199 29.521502302198765 26.79400595158355 12.456256781191671 4.120428078424988
4200 -32.44947414693971 30.93611948185048 165.5404987485439 4.1194459767665
4201 -0.28394778585189506 -12.728774943817651 43.89966272083682 4.119025648085362
4202 -6.32863368908665 -0.36939761471280264 195.68291953618146 4.118723412770306
4203 8.490320032184272 -2.655876964506235 196.21198943423454 4.118682233431699
4204 17.417762506365786 21.67970107621054 138.41890009670047 4.117871270097776
4205 25.393855001058405 37.6863757882366 120.08052873482045 4.117714471995903
4206 2.252489957931432 -11.186162273438882 162.1174183140728 4.11762102055845
4207 -23.181454590918914 23.68186166781919 31.389148236094385 4.117245030638127
4208 -13.868442529856502 -44.28804487353931 112.13228126744926 4.116976444152512
4209 29.78695289877462 7.2493616618092025 181.31895202175284 4.116090352505742
4210 -1.532203293280449 15.7332838953285 56.76037745217897 4.115561551291995
4211 -44.47350884502344 14.349792615198858 70.63639328611536 4.113948410715676
4212 -5.6934180915157055 3.0977860773456527 126.81561990582068 4.1139216119260205
4213 -33.81551574246352 -31.337049699096045 26.824826466831606 4.113840263904752
4214 2.2273619115999796 -5.7067063554161575 189.0091347520215 4.113655040322432
4215 26.12225282842137 22.981223346181554 143.98513936115688 4.113373516249928
4216 -35.54666292174409 -8.915111707818433 114.79291205062614 4.113150076712185
4217 -27.975990306697426 -5.100701043078504 58.00225312395201 4.112516414009283
4218 -16.467409994668596 11.345756444279445 185.84355626914524 4.111565596924759
4219 -8.832379155802531 11.210213250920276 158.17090260082753 4.111208710551748
4220 -20.3200810040626 -11.732301442426078 128.7063269217829 4.11116819229445
4221 30.151354897802058 -32.7902986680621 185.24231359348784 4.110713307486361
4222 -9.841743784817947 21.15181785340421 170.91078755967985 4.109829710036633
4223 41.17509246113755 12.050308955335467 43.27401928354493 4.109789489840262
4224 21.483289182015106 40.51127904782661 2.5474638605824973 4.108956065193936
4225 -0.5881231709750665 28.89367403295537 148.12283440631364 4.108586714991524
4226 -9.741332407696962 -13.01739850682964 30.280483011578145 4.108582374313187
4227 5.104731668540807 18.607883154215536 43.8137004113556 4.1080966591845
4228 -24.25477982970563 -8.038183163825533 26.04329194547603 4.106674425359246
4229 21.532030581928442 16.965694794606453 184.7854260254483 4.105610199659825
4230 -32.250954698114 -3.9580675173528235 127.81039050943056 4.104620645292098
4231 13.125926862569296 -17.93472674742068 51.2579070222067 4.104416369730111
4232 -16.293835224356375 42.949835291257166 95.82226443073058 4.104297610189883
4233 10.781390685348947 -22.31780258771493 6.250581544488126 4.103645971770477
4234 26.63049379582199 15.485666260522926 168.99310707205046 4.102104473971257
4235 -28.442767341644156 -35.78463867388856 84.43139087909574 4.101468497078226
4236 46.031022486654685 0.07873423375240751 85.1781958920461 4.100231471133288
4237 -19.02362764123057 -32.79692642780696 58.643791635660044 4.099484116519059
4238 -0.03643786963202267 18.712009972319386 101.38265495182159 4.098116296931131
4239 44.189982673977006 -0.8882926727344307 5.4025056825405 4.098006129299276
4240 -8.92818409481827 14.219455910284513 119.09482912405963 4.097612111375989
4241 -4.576570293983702 -27.86337134731144 27.299576951730792 4.097393721335792
4242 -20.95397274950875 -39.30308737369906 68.55856484906953 4.097287495831224
4243 0.10783135608250305 18.99870580923034 66.91798575442985 4.096829460004711
4244 -23.228156065827 -15.142749729457021 145.12452427237926 4.096597336821906
4245 -32.592468745873944 -12.3065122963622 164.94766011479567 4.096042218015005
4246 24.78947548147974 -36.31608912029636 188.05939887812417 4.0951072521478915
4247 -31.912271371322092 -21.18977596088691 79.13461025128828 4.094609124323574
4248 10.115681219756542 -44.32331346902514 82.32995924726363 4.094337861520984
4249 -12.242973652311498 1.4255698621436088 43.76318166260896 4.0940076560899925
4250 33.58663743872548 -28.597855004643684 130.72198167707947 4.093718468612115
4251 -3.193539710273596 44.98594931603606 90.27693290682859 4.0932730979772565
4252 6.801681536377624 26.813577876620194 18.32218311934434 4.091554341700854
4253 -13.112941707468753 -1.9801052736101568 68.42617613387465 4.091009734286283
4254 -19.06561606074074 -4.59181342979322 140.86238976191677 4.08918778325207
4255 32.09490019027234 -16.388303187863304 194.87031368965444 4.08837070616344
4256 -41.24165707085278 -12.557345707103853 40.71668929001696 4.088154794466702
4257 1.2583294370086202 -29.6664077734211 32.413781525393176 4.087589825845206
4258 -22.235383842775846 39.90385751578944 196.1039082153394 4.087177033309265
4259 -12.56709380984987 21.62936410321508 93.77957950800884 4.087121635083344
4260 -20.54959028005582 16.38293753444249 111.34166807831215 4.086707958637167
4261 -20.72594302620071 -14.026759893765643 38.95340612148013 4.086543704202669
4262 -8.240893287373888 -31.919993390211673 6.681341797279986 4.0863732937052575
4263 19.548796614569277 -29.985438076621477 183.1330888022954 4.086362954988405
4264 4.269570193640684 -8.079936991507678 89.76064742439951 4.085791889176419
4265 -24.428102334082688 38.88168040328588 103.74236200225494 4.0845681125337405
4266 -43.25947526989059 13.185542771500845 4.295730566495442 4.084225375391671
4267 29.769485594374625 -25.08121282281821 2.912721781859899 4.08364390807983
4268 1.3023429381169458 -16.173928949437645 116.29417113952454 4.083266471234908
4269 -37.127185442012525 6.819198539622466 25.024419929910867 4.082956728255059
4270 9.805784344607796 -32.588189849399676 21.864747406252203 4.082753007030923
4271 43.959481020460494 -14.489378389065928 63.70438637890797 4.07920409092235
4272 -34.66434247717798 -0.6030345583141319 91.21668716124074 4.078759705192331
4273 -7.581871837079641 32.38791673345594 60.13463905753839 4.078260871407253
4274 -31.54916090881582 -14.190966716367601 101.37795875972384 4.077984456147082
4275 3.086307755563017 -20.453058913190425 183.6164491450158 4.0777338950249025
4276 -12.633478247426403 -24.146333606562727 118.8783918366317 4.077468755040887
4277 -34.35455637994094 -5.648784005197854 25.308860673519373 4.07741397864115
4278 32.829981231527505 -21.834530181501915 110.96757189328132 4.077178473363807
4279 -40.4931028247256 17.160766228070376 179.18189035301208 4.076985050034914
4280 -4.215346118483675 -26.950896600913303 21.67933868334398 4.075657599822448
4281 -27.55207614812051 -28.274327882871198 51.402680953449924 4.074912384966201
4282 4.187162067519896 40.81369817893084 145.8590959707053 4.073027394631825
4283 22.11599207535919 -16.467916621622667 116.66583983265191 4.072760738710509
4284 3.8790316319506335 7.701820762445968 120.33571919079131 4.071461119297574
4285 -14.597104335427765 -18.084835897842623 177.7172336042159 4.07137081364651
4286 -28.82070893272033 -18.884770843366017 9.632846917492813 4.070422226858145
4287 30.13511400068445 26.39455134953116 2.6301831860047846 4.070030268336366
4288 -0.41047506838266123 33.677836646287226 15.47473401887554 4.0697922302668745
4289 -47.410513425960666 -2.370979152625669 116.22451472165595 4.068668757160946
4290 16.000803987079927 -40.53370232475769 148.46447472152187 4.068098934457886
4291 28.07383141146354 -16.92493133516301 130.44653268224522 4.067895201760751
4292 45.14233769780953 4.908500704989153 192.37223901934934 4.067699984543928
4293 -17.97714865455561 -23.404126865023713 109.69599838283989 4.067186539686878
4294 -9.854706900189438 28.576954933074187 150.28960458452306 4.06702649259428
4295 47.12842926195978 -6.35925556363377 108.14989269042294 4.066411618706593
4296 -21.928181349590286 -3.23799659298386 148.1351440378971 4.065729073436217
4297 -4.596476584229774 -19.7927103774058 56.91685954057475 4.065691380790667
4298 15.804747028765279 16.513060390292324 79.21953098966199 4.060505535237297
4299 9.107521777151 -45.348544876069795 92.1302141760808 4.057080245347414
4300 15.944213493272251 4.743285991680466 120.78031047772377 4.05656812512792
4301 -28.703762848374407 -18.535065724608405 135.350662181365 4.054592001553882
4302 -10.628152418121081 21.112212334580025 193.50368099261266 4.053321719533452
4303 -2.462262468213941 -24.81435220784039 186.1481085624527 4.052410033714142
4304 15.088132277779133 9.398127923577366 3.917474821686979 4.051394736751838
4305 -38.934195007382186 12.489051052081777 113.79389026629573 4.050492680246233
4306 16.096673702036668 -5.915471876834833 100.01255287096944 4.049597508971453
4307 -46.41663477075073 -0.658830900511024 175.4398155444618 4.049419666219094
4308 -8.22483934865375 6.108302205562437 50.33439812628566 4.0477404688075955
4309 -35.09723772554059 29.023307396302812 126.19070596353758 4.047429058618421
4310 8.26109889789954 38.62571432880557 5.543303424440499 4.046308537143162
4311 15.500690286143412 -36.79431483043418 62.47385937074536 4.045922139094236
4312 31.839897970806994 -33.623804990779206 37.94072449197523 4.045461156853048
4313 10.796637198952977 -25.667236353495134 95.34121711624272 4.044183853845225
4314 -25.663684524673258 -38.102644383443696 176.41078289311287 4.044114005057843
4315 -8.271600556244199 -3.5605117132215325 65.41931287906765 4.044015209133052
4316 4.732158328226319 -21.374241084774276 3.9587349934375062 4.043170145116219
4317 -31.643480247044394 -32.69070859952913 38.380952906159614 4.043054188077979
4318 18.75596305792309 28.088667677839048 7.017936634125868 4.042243471508783
4319 6.0654301136650846 14.873868351104496 32.65351435931594 4.0402323293802676
4320 27.45524617881239 -2.248216380107597 65.19644510404503 4.039710401904409
4321 7.567669525351221 27.24408806335654 132.5752486584616 4.039192302764075
4322 -26.23256514546179 7.76255552576731 15.143921307189133 4.038969134649584
4323 -18.086585782428347 42.87911570624909 87.384621449659 4.038920340754967
4324 15.205868547718863 -17.415591379489488 145.59995916675678 4.0383811115902395
4325 -19.556666282935172 10.998745792425758 109.2928414168352 4.038080864336111
4326 -17.108958606154722 34.74482177223405 106.37628323406673 4.037541118641853
4327 22.908382691680373 -37.62374453895157 100.29589636733392 4.036766860964139
4328 23.162375709045012 8.035411990916684 91.38064706052393 4.035568261180523
4329 9.102811766250388 -46.42732432527199 22.004985255465385 4.035416306070307
4330 -14.557995323940162 -42.49033399514674 33.5275978638345 4.035309143522234
4331 14.969868467600563 -42.775731709370106 175.7386410510909 4.035250608878389
4332 -24.82638754339731 38.43411906599562 69.62194753791728 4.0350314180352065
4333 27.43608655076936 -33.856617512542876 43.83387982494243 4.032512513246202
4334 -36.35625524621765 -14.39011631846892 39.3769068601531 4.032145231182588
4335 4.552864084771525 43.82911872622197 94.29397008795685 4.0315648021048895
4336 -21.211412438624414 -35.37558285111648 111.95724197374813 4.031384323122793
4337 -24.844044934166668 20.94868191372384 75.12019316815822 4.029383641222996
4338 9.047999310809825 20.74489013154709 137.18903025204094 4.028783079829325
4339 47.16884081888336 3.9366942355907835 38.94097712411867 4.028589546950855
4340 10.934385413061648 13.732660441172643 107.55672629702303 4.0285370364900235
4341 -33.56291086352263 30.9556302365068 195.65425580092526 4.028388114367564
4342 35.170049119366226 13.702980815712746 83.74370198901487 4.028011189612891
4343 3.9629971569574876 -16.316257009245874 49.9875749719501 4.027971645235561
4344 -23.958972955815288 -30.663309812884403 32.2259181574352 4.027687637293344
4345 -18.689610446388965 -3.5469184043831117 186.04866869458112 4.027679612401383
4346 -46.828906886984505 -3.7253032654268523 65.64088779228 4.027224141385711
4347 -39.35381660765556 21.830822702996176 89.8646406645125 4.027162736965711
4348 1.839004538356094 10.33555999778994 91.12588497646979 4.02678637909856
4349 -0.5824911282605871 5.824913800196849 107.54845133405658 4.025858568345052
4350 -43.6330272623716 6.773405452353707 189.07496514308116 4.0258505439293595
4351 -41.3416764750132 -12.058165823607569 66.33176753266558 4.025814164680171
4352 -34.669718164597285 -29.684753361071504 51.8182616963368 4.025246880266719
4353 17.765564550854144 10.75027269148085 124.09214581334633 4.024867170944696
4354 16.14713886436122 43.02921842949447 157.1833639182615 4.024342638251209
4355 -9.409746817404402 -29.835294575057674 39.27732267563904 4.023847529401568
4356 5.158278073311299 36.79852078834558 166.06602763266145 4.0235811508148425
4357 -31.720799057319 13.442086189194852 16.874487954445353 4.023543667898572
4358 -5.595554610075216 45.52097214214099 105.53618039674464 4.020463989737669
4359 0.08372352787508919 -6.419939928329894 178.737083009848 4.020457944557572
4360 3.6219179623205013 28.296564773184542 101.69548273242599 4.019311114669472
4361 14.863131350124275 17.849452403731277 113.23807549791492 4.018666689499282
4362 -18.591234643524018 27.978127738149254 145.3476358523293 4.017912947923459
4363 43.68270715247097 -16.443508453242597 111.51509698898896 4.015467376669884
4364 -26.813167859205798 -4.6621960420478565 79.7190840264131 4.01399377673768
4365 16.63932018764403 -3.0682373257311157 144.189229003292 4.01393435344936
4366 30.875945626448747 25.740745959844418 147.47647537516818 4.013599763020613
4367 -13.03009512656949 31.586577763540475 77.84708405500152 4.011727636740819
4368 9.221138432429541 -29.80085034591026 133.29382788854744 4.011581543997894
4369 -17.582343370313573 -43.019958973616326 12.63100395463768 4.011556527143378
4370 9.014455563409541 28.205717474600718 174.3228536425478 4.011207671477064
4371 -2.805173482001501 -40.8331567230464 153.002264555703 4.011163466787747
4372 -3.069192689801464 5.068401635989369 142.47983862117854 4.0105726339652055
4373 -32.248886906906804 -17.847021573670492 178.6776920747486 4.010378293033861
4374 7.5084012605574415 19.8681406071547 179.01238841528684 4.010339595335935
4375 -29.5148177761315 -22.461716001269274 152.80401465351514 4.010280332103895
4376 -23.741170602765504 -28.160924647940288 75.00876126396943 4.0102104134854875
4377 37.432090329510814 -4.509016645622738 24.246754773979312 4.009216109273745
4378 -30.954473188146146 25.225951453775252 187.2485965649799 4.008626603758402
4379 1.3741905486865789 -11.358980842546021 49.050836388559105 4.008620032652848
4380 36.597851085679466 24.826027583155007 60.834371113396045 4.008578152187922
4381 -9.631741588134528 11.824790678129215 184.88128216761666 4.007881390094367
4382 7.968624397253561 36.341036671793574 41.16301892639367 4.007365196780919
4383 -22.67908623946997 -14.54922322112276 135.22586238619448 4.001889569631365
4384 30.769407309639977 -13.160327154282347 180.5828989960783 4.001845917920047
4385 -29.076395780196176 -4.869764225181207 136.8815398838578 4.001262889974829
4386 1.9346041107270553 -42.74472238601538 195.16715953161722 4.001074195193618
4387 19.40362279499782 -37.71943170851047 33.411892029207934 4.00091991599003
4388 -33.00992510932703 32.48573541028292 148.85344577159105 4.000263195648645

