// ================================================================================
// CHRONO WORKBENCH - github.com/Concrete-Chrono-Development/chrono-preprocessor
//
// Copyright (c) 2023 
// All rights reserved. 
//
// Use of the code that generated this file is governed by a BSD-style license that
// can be found in the LICENSE file at the top level of the distribution and at
// github.com/Concrete-Chrono-Development/chrono-preprocessor/blob/main/LICENSE
//
// ================================================================================
// Tetrahedra Data File
// ================================================================================
//
// Data Structure:
// Node 1 Node 2 Node 3 Node 4
// Note: Node numbers are zero-indexed
//
// ================================================================================
83 827 826 2557
3983 3626 2901 3636
4166 3168 2239 2382
2320 3754 1731 3635
1475 1463 1509 1950
2072 2337 2725 2167
3885 1804 4230 2392
3303 2820 2763 1863
3721 1915 2600 3864
3293 672 2495 1773
3559 3099 2064 3558
2751 2521 1816 3893
3197 2265 3282 3154
3105 198 2333 3652
4133 3214 4325 1760
2060 2052 2587 4370
3557 2360 1845 2865
4272 3909 3176 2660
3480 3955 3402 2533
1250 1137 3133 2148
502 110 18 3230
2959 3466 2526 1987
2127 3029 2863 3816
1686 3124 2832 2505
3000 1749 2641 2528
1555 3304 1908 2109
576 577 2162 2262
1579 1580 2684 3636
339 2569 4247 4194
1837 3909 2621 3176
2208 3813 3972 3167
1539 1047 1210 3472
191 1118 120 3119
3249 1942 4000 2389
1837 4272 3909 3176
1996 3065 3552 1690
1578 1654 3355 2684
2423 825 3010 4126
3374 3581 2372 2012
4029 794 3140 2793
3626 1576 3636 2258
3940 2624 3147 1836
3393 1704 3307 1921
1159 597 4317 1929
3442 1822 3018 3750
996 796 2618 2430
1311 1321 966 3453
1989 3731 2098 2842
2265 1999 3718 3154
1684 2070 2651 3976
2072 1606 2851 2337
156 335 1069 2833
1220 476 475 3478
682 1797 4108 4005
4337 3095 2041 1921
3193 3430 2358 3571
3076 2242 1857 1786
814 3380 2917 3205
4163 3838 1738 4291
3162 3831 3859 3461
3168 4337 1974 2041
61 3762 1810 2721
2057 1411 2538 1957
2156 3800 3310 2181
2512 3110 1724 1990
3483 984 3456 2760
920 3972 2025 1809
2190 1959 3046 3353
1637 1531 1638 3876
3875 2636 4190 3452
1149 1022 1336 4158
2446 2496 1689 3572
2390 4064 4206 2488
1152 710 3824 2262
1011 1039 1010 4235
2784 2353 1754 2051
1426 1425 1427 2631
1201 877 3172 4208
3626 2275 1953 4345
208 628 2411 4347
4189 4296 1813 3418
1774 2407 2699 3026
637 862 636 3583
2981 1752 3628 2614
3355 3020 2313 2311
962 794 1135 3140
1768 2261 4160 2696
4272 3176 2011 3129
4203 2601 3704 1807
107 1236 2688 3058
636 826 827 3086
988 989 1630 3576
1551 2326 2434 3262
3798 3768 1962 2426
2148 1895 1730 3087
4305 2527 2895 3467
3288 3945 2048 3274
720 1060 719 3039
3082 4138 2075 3588
2147 3766 2370 2678
3162 2971 1675 2248
3990 2244 2481 3310
1078 231 55 2745
1846 3072 2406 1695
651 1209 652 1832
2776 2537 2450 3441
2994 3681 2573 2041
274 548 3345 2113
3576 1600 2481 1937
639 641 4236 2591
3470 3210 3950 1977
3650 2544 3722 3686
4271 228 2395 3663
3248 3829 2280 2133
2928 2306 4276 3638
2257 3302 2343 2484
109 111 110 1737
3512 4246 2820 1960
280 279 2526 3309
1550 1560 2408 4202
3653 242 2585 2890
2667 2232 1884 3282
131 129 4258 130
3922 2693 3323 3954
2444 1833 2384 3562
1689 747 4346 2716
1837 2621 4048 2141
3277 1694 3704 2918
1627 3881 3262 2619
985 1275 2143 1923
1744 1796 3416 2274
3615 930 4309 2486
2694 3690 2201 3193
4119 1883 3765 1990
2871 792 4307 2784
3498 1971 1794 2515
3186 3197 2265 3282
1663 1547 1533 3989
3070 2232 2606 1884
1940 2335 3304 1709
3041 2118 3623 2082
2021 3402 2039 2777
240 1180 1060 2876
4331 112 2441 4099
3959 2406 3218 3527
207 174 4162 2347
2585 3140 1910 2890
1849 3068 2002 4188
1628 1627 3881 3262
1302 570 571 3990
900 1075 560 3462
1959 2190 2212 3651
3908 3268 2040 3455
2444 1930 1833 3098
1651 1607 1567 4168
2809 2430 3491 3233
1784 3559 4249 3558
597 1353 4317 1929
2325 3820 2103 4114
3332 3155 3525 3142
181 1750 3602 3609
2757 3414 3143 4185
1104 950 1103 4004
2217 1761 1922 4365
1135 311 3140 2585
2814 1716 2697 3860
3641 3545 4384 3029
2130 1930 3965 2824
1084 3166 4009 4052
3573 1966 2006 2624
2378 3771 3263 2498
1538 1627 1551 2434
3763 4324 1738 2264
1540 1639 1659 3843
4186 4368 2119 3143
1831 2201 3193 3430
219 220 1290 3779
2520 2822 4162 2398
966 3266 2078 3453
855 902 147 2155
2809 4292 1774 3233
1584 1593 3828 2442
1034 580 2537 2771
174 207 3298 2347
3136 3156 3993 3300
50 76 75 3394
303 1031 301 2024
638 1356 4305 3868
4021 1744 2585 2890
1607 1606 1567 2337
1126 591 1084 4246
4285 3238 3754 1711
128 520 3415 3148
2422 1682 2748 3859
2596 3057 4372 2365
3365 2152 2856 2106
1116 919 218 1774
4125 1785 2061 4234
3585 2565 2682 1968
1634 2460 2311 3820
2215 2598 1940 3304
2202 4189 2379 1834
3136 1831 3201 4260
1608 1642 1609 3188
577 710 1152 2262
4292 2244 3042 1774
396 399 398 3295
1745 1988 2234 2560
2621 2825 4048 2141
3305 3442 2463 3611
4362 4294 2010 2039
110 1249 109 1737
3417 2220 4076 1743
4305 1356 1755 3868
3221 2384 1984 3562
797 1624 1542 3491
2156 3800 2416 3250
2859 3017 2572 4308
1704 2957 3398 1743
4068 3449 2519 3065
1316 51 2304 2509
3704 4214 1778 2210
538 1915 3864 4256
723 226 837 2798
275 529 4314 3501
1199 1016 3255 3925
324 325 3945 1865
1988 2602 3877 2234
2066 2663 3398 1743
4068 2519 1823 2315
4141 3070 3417 4076
1905 2503 3816 3426
3675 2789 2993 4346
1108 1169 1981 4117
1532 1612 3710 2433
3432 3614 3081 3426
4141 3417 2220 4076
3155 2030 2131 2826
449 4341 4175 2460
1873 856 2071 3746
2957 4076 1743 1884
3237 628 2689 2411
4107 4037 2532 3601
2217 2069 2952 2125
4364 1999 3208 3718
2360 2955 3261 2865
2610 4314 2193 3361
2935 3834 2110 3537
3619 2776 1786 2352
3370 3208 4082 3718
2712 2309 3366 2110
525 527 526 3619
1738 4324 2366 2264
2648 3917 2939 2071
4111 2046 3031 2950
2555 3055 2885 3183
655 525 526 3619
2496 1981 1689 4117
725 76 1318 2921
3269 2017 3598 4116
859 765 767 2058
2565 2837 3610 1968
2094 1784 2904 3559
4254 4037 2379 2532
3055 2885 1739 2129
1702 1865 3827 4039
710 3824 2262 3112
3070 4141 2667 4076
3743 2277 3284 3767
1088 1643 2919 1747
4166 3217 1892 2239
3402 1722 2282 4189
1627 1559 1551 3262
578 2848 3619 2776
3780 1758 2652 3544
415 1087 412 3510
736 738 1652 3491
4049 2304 3708 2967
1837 3435 3370 3176
1210 1539 3472 3918
602 3551 2625 3789
1760 3684 2005 3880
2190 2504 1959 3353
4132 2087 3323 3487
488 489 4317 2399
596 594 597 2847
3101 2334 3724 3557
3078 2111 3713 2812
2953 2211 1984 3199
977 336 2257 3334
855 147 1845 2155
1959 1953 3753 1709
2004 2849 2659 3438
4245 1736 3228 1843
3718 3824 2155 3112
1767 3246 3550 3595
995 246 2503 3673
1304 822 2487 2744
3898 1766 2361 4176
2091 1853 4274 2347
155 159 2553 2638
3448 2088 2439 2717
2952 2568 2931 2511
526 654 3619 2352
1583 1593 3828 3682
4031 1097 3829 3248
3527 3714 2076 1690
4064 2674 2390 4097
1357 172 4388 3778
3278 3623 3886 2107
2557 826 2413 4309
3687 1872 3749 2856
1510 735 733 732
3298 2091 2673 3933
2848 2771 2242 1786
517 1320 2669 1975
46 60 2135 4330
3147 3573 2235 3570
3332 2282 1875 2007
3885 3072 1760 2276
2280 3829 2971 2061
1186 526 2404 3059
2763 502 1863 3230
1959 1953 1709 3046
463 971 713 3112
751 1311 313 3001
2503 1905 3432 3426
2067 3592 1732 3252
3443 1749 3786 3468
2783 3818 4019 1889
1583 1584 1593 3682
3498 2069 1971 2515
3913 2648 2578 3352
3402 1722 2777 2282
273 529 275 3501
167 209 169 2994
4141 2220 2667 4076
3480 3402 4105 2533
3770 3283 2793 2378
4200 4170 2700 2810
1472 38 39 4266
3159 3479 1718 2349
3825 3217 2095 2239
1710 3333 3697 1865
4019 2783 1889 3026
2857 3479 3159 2224
629 167 3407 2689
3279 2939 3852 1708
209 2994 3108 4347
180 527 3373 2404
2118 3650 3722 3686
1312 1286 956 3090
417 3281 2853 4213
1617 1616 1607 4168
2030 3079 2622 3155
3312 2857 2296 3941
2304 3708 3230 1737
1672 2702 2276 4037
2055 3768 4283 2359
1355 667 666 2153
3435 1743 1884 2621
1304 424 2561 2487
2300 1089 3472 3918
3436 2050 1713 2781
1604 1583 1603 2530
165 895 1182 1995
39 38 40 4266
711 712 855 2155
2461 3186 3128 3197
3326 1938 3688 3797
1549 1563 4203 3704
2128 2997 1758 4045
583 582 1035 2792
3186 2667 3128 3197
3977 2933 1707 3869
398 3913 4012 3773
3805 1699 3920 2281
2922 3339 2027 2673
80 4055 3060 2454
3480 3402 2596 2293
2333 198 3793 3652
2092 1161 1827 2067
2030 3079 3155 3209
2948 3693 3128 3197
3368 1752 2194 1907
3224 1897 3911 2020
3538 915 2324 2779
1744 2078 4279 2103
3693 1781 3128 3197
3959 2024 1804 2469
2907 3266 4378 2078
1570 1646 3049 3881
1665 1590 1624 2430
1121 736 192 3491
4113 4286 3988 2979
4064 2131 3514 2044
3829 2971 3234 1901
3401 1803 2667 3398
2485 1872 3687 2398
2128 3481 2540 2806
1999 2265 3101 3557
2766 3757 2507 3326
1356 3086 1755 3868
1823 4349 2437 3676
2583 2594 4103 1854
289 925 2955 3202
2969 2499 4116 1855
3283 3991 2506 1995
2882 4301 2546 3367
2518 2387 3733 3763
214 613 616 3121
895 199 1182 3625
2594 4222 4103 1854
1249 502 674 3230
2378 4245 2498 1923
2746 3169 1708 2622
3036 1755 3868 2527
2235 2110 3470 4297
4246 2820 3166 3216
2859 2965 2608 2623
547 274 548 3746
1140 82 1062 2486
4345 1953 1908 2584
3771 4138 2498 1843
2640 1930 2444 3098
1041 2726 3769 4198
1822 2880 4244 2477
1563 4203 3704 4214
558 399 557 3295
2132 85 2562 2051
3381 4272 2864 1859
2232 4364 1884 3282
4040 1746 2571 2423
4132 3922 2693 3323
3277 2601 3704 1778
3095 2994 2041 1921
3326 4376 2144 3163
3800 2156 3310 2079
2683 2106 3934 3813
2939 3279 1964 2661
3266 2907 4378 1987
3609 3747 1975 1892
558 787 399 3705
524 2540 2747 2806
1654 1579 1580 2311
1830 3259 4228 2613
2325 2901 2685 2311
210 2314 4347 2262
1200 288 729 3261
418 417 2853 4213
2354 3590 2903 2599
3274 3945 3094 1865
19 17 1529 4386
628 209 3108 4347
1602 860 1631 4173
2385 3693 1781 3128
2548 3376 2107 4016
1704 2192 2663 2957
3486 2418 2060 3702
2385 2948 3693 3128
1312 1097 4031 3248
893 1318 76 2921
1135 311 242 3140
1831 3201 2201 3430
2008 3731 2842 3539
2220 3401 2667 3398
2831 3025 4294 2010
3771 3228 2075 1843
1837 3370 4272 3176
338 1284 337 4079
1487 1475 3062 1950
3465 1479 3321 2026
746 146 747 2716
1914 2236 4219 3337
1447 1510 1896 3584
1882 1829 2097 3624
4148 3501 3475 2457
721 698 699 3820
1425 1514 2631 4262
2957 2192 3398 1884
1547 1648 1533 3989
1933 833 2858 3716
172 523 1187 2128
1243 1266 3459 1916
1755 3036 2557 2074
1524 697 1371 519
3550 4273 2083 2986
1531 21 1613 3876
4064 2131 2826 3514
84 85 2562 3918
1971 2127 1794 4019
2530 1603 2053 3303
3035 2583 3544 1854
1764 2837 3270 1968
1046 421 1484 1043
2446 1683 2632 2592
1803 2192 2667 3398
3277 1778 1764 2860
2041 2955 2865 3202
2459 2925 2810 4045
1781 2461 3128 3197
1456 1527 2114 3005
367 366 881 3519
3687 1872 2856 2436
147 747 3675 4346
2839 1913 2977 1844
3481 2963 1691 2806
2630 2112 2167 2215
4283 2567 2086 2354
1743 2957 1884 2621
1226 908 2984 3927
2663 1803 3273 3398
2690 2257 2484 3406
725 1318 3133 2921
3840 3198 2242 3427
3469 3970 3074 2228
4241 2657 3485 3178
4161 2282 3732 2007
711 3824 3202 2262
2988 3381 2219 2091
3711 1982 4101 4007
1940 2516 2584 4359
211 258 3257 3263
2831 3945 1928 3333
4100 2737 3135 2612
977 1067 3720 3334
3273 1803 2220 3398
1749 3318 2008 3468
2220 2066 3398 1743
3137 1898 2903 2885
1199 498 807 2068
3481 3575 1736 1691
208 740 4347 2162
3457 2232 4364 1884
3401 2797 3186 3128
1672 3803 2596 3065
109 1249 589 1960
548 1293 3917 3345
2334 3341 1781 2443
2283 1692 2941 2080
3155 2030 3209 2131
244 946 1226 3927
414 413 412 3510
4140 1893 1838 2329
3341 3795 1781 2443
3341 2059 3795 2443
1736 2793 2378 3228
863 1366 3200 2940
2059 3341 2334 2443
989 988 739 3042
3331 3970 2321 3233
907 908 3240 2077
4217 2496 2446 3572
3168 2239 2382 2360
3035 2831 3333 1710
2190 3640 2146 3514
210 1070 2994 3202
1577 1578 1654 3355
3904 3603 4119 3110
1952 4283 3192 3420
1532 619 1094 1095
3129 2660 2314 2162
1565 1594 2442 3303
2007 2328 3228 1843
3020 3355 2458 2311
235 602 603 2625
2821 1853 4022 2398
155 158 159 2638
4075 3511 4090 3101
4154 1977 3511 2443
394 1352 4354 1702
1977 3366 2154 2443
166 895 165 3625
216 788 2678 3489
1216 189 3620 2648
3163 4247 2839 1844
3870 1806 3522 3130
3909 1837 2621 4048
477 607 473 2841
3738 1928 2638 2583
1751 3289 2949 3249
2313 1719 4218 3364
1074 1220 475 3922
3511 1977 1918 2443
2653 1903 3968 2447
3001 2459 3453 2274
649 639 4236 2591
747 146 147 1845
148 146 729 2905
3910 3716 3015 3185
985 1275 1183 2143
4240 1996 2915 4191
2379 2202 1834 2216
3474 2146 1682 3337
749 558 3172 2436
2893 2504 2371 1815
2308 2072 2337 2725
1275 1036 1995 1923
3206 4268 3622 2641
4245 2143 1995 1923
1822 2880 3018 4244
2837 1694 2824 2371
71 72 1123 2085
2254 3783 1983 3928
2407 3564 2079 3098
1965 4146 4257 1866
1627 1536 3881 2619
4133 3449 4191 2157
3799 3226 2665 3815
2407 2244 3990 3310
3419 3741 3238 1711
718 1178 2698 3509
320 1136 3088 1729
902 712 3097 2155
1159 997 652 4213
524 581 3905 2747
1074 1134 3495 4099
1786 2242 2439 2447
2505 2326 1719 1984
3863 3328 2778 1800
2461 1781 3101 3557
1662 1588 3970 3233
3768 4034 2426 2359
4164 2644 1766 4377
2232 3070 2667 1884
1632 1529 4386 1863
536 1079 4060 4028
1748 2032 1761 4073
3017 2888 2059 3795
767 1244 2807 1818
1977 4154 3537 2443
1796 2078 3453 2274
2078 1744 2685 2103
965 448 4378 2078
3468 4186 2170 2827
2154 3834 2059 2443
1918 1977 2154 2443
3625 4375 1858 2980
1046 1484 1045 1043
4081 2860 3074 2228
314 315 3586 2747
1918 2154 2334 2443
1190 616 1106 3121
3285 4059 3010 2491
3506 2158 2711 3411
2461 1938 4253 3186
1893 372 2329 2048
534 612 2978 4060
1530 1636 2325 3820
2888 2551 2059 3795
2746 1680 3745 3524
3165 890 3862 1974
3620 3755 2648 3352
725 1250 1137 3133
950 37 1669 3996
3764 2199 2074 3809
2325 2901 3636 3245
1390 1507 1397 2445
1865 3672 1702 3827
2551 3341 2059 3795
1925 2485 2576 2928
4253 3017 3537 3795
1340 3109 3383 2912
4058 2030 2622 3142
466 577 1859 3222
2835 3069 4034 4124
1754 2353 3263 2051
4192 2001 3452 3912
1798 2966 2551 3795
2871 3706 3946 2784
470 981 3632 3194
2691 3368 3395 2194
2888 1798 2551 3795
2966 3341 2551 3795
336 334 1012 2782
2808 3590 2599 3728
2334 2154 2447 2443
3437 2861 1817 2923
4351 368 1844 2993
406 404 2571 2423
4372 2596 2365 2216
3988 4113 2979 2339
2059 2334 2447 2443
1982 3711 3726 4007
814 53 4250 3205
4051 2729 1848 3613
3704 4203 1807 2918
3217 4166 2303 2239
1946 1443 1957 2296
3913 3533 3620 1858
1717 3783 1983 3070
1661 1552 3496 4302
424 279 3309 3596
1954 1815 1682 3461
2526 3309 3596 3915
1925 4276 3318 3342
3195 1873 3475 2556
475 1220 3478 3922
474 475 476 3478
2227 1637 2077 4255
2563 3706 3245 1754
2410 4163 1738 4291
1744 3653 2890 2871
3266 448 2907 3453
2075 4345 3588 1709
1881 2705 3988 2979
1890 3172 3146 4208
2708 3791 3255 3925
3431 3744 3275 4106
3284 3386 1978 2397
2810 2925 2553 2652
4281 2362 1707 3869
1962 4197 3045 3134
753 1321 2700 2907
2884 2855 4257 1866
419 422 421 4108
3353 1694 4359 2371
1615 1668 2763 1863
2320 3932 2498 4058
1670 1617 3030 2253
1903 3341 3968 2447
708 709 637 3156
1497 1398 2273 3817
2874 2125 1800 3627
159 158 780 2638
2961 2183 2770 1912
3402 4002 2293 3939
2506 4375 2980 2477
1029 1009 1256 2316
699 1530 35 3820
2041 4337 1921 2790
1629 1617 1605 2680
4326 2560 4134 2271
2961 2176 2743 2938
1723 1983 4264 3928
244 1015 946 3791
466 710 577 3222
709 1330 2411 2162
1786 2439 3968 2447
2575 4108 2934 3751
2376 3500 2104 2945
2076 3714 3803 1690
3474 2146 2268 1682
4263 2767 4132 1960
459 964 2292 2756
112 111 4331 2742
3199 2422 1682 3337
3158 2819 3040 1805
2380 3079 3169 2390
4384 3614 3029 2228
662 3556 1958 3093
1655 1626 3472 3188
1792 3022 4022 3847
4133 3214 2157 4260
2505 2313 1719 4218
813 1933 1816 2092
1311 751 1321 3453
3381 1837 4272 3909
1035 3351 2792 3096
1878 3997 3342 3295
594 2847 4256 3587
2253 2308 2337 2630
4175 698 2460 3820
2217 4003 2874 3372
2133 2284 2971 2409
1075 898 1890 3841
424 433 3123 3596
3650 1712 3739 3686
570 1302 2244 3990
4212 3630 2365 3601
1717 2232 3070 2667
4002 1867 2293 3939
313 3586 3001 2274
2325 4350 1744 3706
288 1200 290 3261
2935 2110 2195 1868
641 4236 2591 2029
3432 3927 2077 3614
2683 2208 2710 3813
2306 2928 2417 4155
2334 1918 3572 3441
860 859 1265 2807
235 939 4130 2625
1540 1609 2879 2464
2521 2490 3674 3473
4205 3642 2962 1688
2621 1704 2825 2694
66 67 1265 4173
71 1123 509 2546
1918 2242 2450 2447
1876 1546 3494 3262
2849 2659 3438 1725
3727 3668 3830 1825
2997 2533 3780 2021
2849 4210 2662 2551
2849 2662 2572 2551
1664 1604 2297 2530
4121 2607 3490 2096
3055 1898 3137 2129
1829 2729 2570 4320
2084 720 4128 2981
2257 2043 2343 2229
2218 2182 2702 4254
1371 1524 519 1869
1483 520 1869 3415
1796 2078 2274 4279
3342 3705 3295 4056
1692 2283 3127 1851
3578 1985 2875 4227
78 832 1160 1933
3017 2572 4308 2551
887 250 886 2956
66 1245 1376 3534
1753 4259 2066 1988
988 570 1630 568
2572 2662 4308 2551
3246 4109 1841 3541
702 599 3872 3960
2325 4350 3706 1993
2257 2043 2229 3615
165 166 3625 1995
3017 4315 2888 3795
3238 2193 3475 3754
2197 903 3865 3205
1626 1049 1048 1050
1694 2837 4359 2371
1804 2406 3714 3885
277 436 784 3361
4003 2998 2268 4152
1798 2888 4115 3795
1355 667 1562 1050
1626 1355 1050 437
1908 2584 2206 2109
996 2503 3081 2618
198 199 1058 3652
3162 2703 3839 3461
55 4250 3205 2745
2161 1867 4140 4177
2153 2308 2851 2337
1903 3012 1798 2551
2981 964 2222 2292
2122 4161 3732 2007
3012 1903 2662 2551
2385 2966 1798 3795
3217 3168 2095 2239
2298 3281 1832 3599
1721 3357 3734 1949
3425 4378 2078 2685
1930 3382 3077 2444
3069 2525 2727 1958
3705 1925 3342 2436
2335 4285 3304 1709
3664 3542 3492 1725
2367 3875 4190 3452
4090 1999 3101 3572
2012 3374 1998 2476
1903 2662 2551 2059
2944 4167 3484 2346
3341 1903 2551 2059
2683 1805 3847 2106
3707 2778 3502 1724
4275 2837 2210 1968
1717 3401 2797 3186
453 768 2878 4369
1893 1284 1838 2329
1105 1424 953 3005
1001 3004 4005 2870
3054 1874 1686 3124
4064 4206 2044 3953
2902 2536 2655 3698
4154 3950 1977 2209
1500 3988 2979 2339
2648 2939 4012 2578
77 79 78 1827
1304 891 325 2561
183 1071 185 3254
352 1150 2115 4165
466 576 465 1859
1103 1669 1566 1993
1343 3156 3993 2940
1614 1530 1598 4114
1935 4178 3671 2115
372 261 2833 2048
791 795 4029 3014
186 166 187 3625
3229 2665 3149 3607
1898 1215 3254 2903
4245 3283 1714 1995
2553 1758 2010 3544
2162 709 1819 3300
3475 2193 2457 3754
1694 3277 2824 2384
566 563 567 3887
545 544 154 4388
1638 1594 2442 3567
3305 3611 3773 2578
51 49 1296 2233
4385 2218 2702 3543
4003 2998 4145 2268
1600 1618 3038 3576
535 1178 4028 2698
301 1031 2333 2024
2463 1925 3318 3342
2070 2651 2456 2097
2880 3442 3018 1886
2884 4147 1828 3930
2541 2087 4132 3487
2122 2914 1796 3416
2595 2097 1720 2991
3775 1742 2625 2670
921 1255 265 4205
3217 4166 1892 2303
2715 2628 2112 3361
1298 292 2271 3606
966 1321 448 3453
1144 184 1969 3894
4168 3030 2253 4137
2581 2594 2583 2480
3359 3422 3687 2436
3496 1552 3355 4302
2178 1842 2006 3716
3221 4381 1959 3356
2384 2953 1984 3562
2976 3255 3908 3455
1878 2394 3462 3295
803 201 2025 3850
3665 2066 3273 3811
4008 310 1943 2090
2547 2327 2101 3849
2149 2457 3746 2113
4340 2278 2547 3849
2837 2931 2565 3610
288 287 2955 3261
4147 2884 4241 3930
972 2591 3405 2029
2058 1543 4258 2577
3799 2565 2605 4097
1983 3783 2475 2949
3904 4119 1675 2009
1937 3331 2321 3233
20 329 3240 3876
1663 1657 1548 3469
1361 628 1238 2411
983 116 605 4129
2253 2628 2153 2308
1891 4231 1906 2231
1329 1231 664 2510
2055 2567 1926 2359
4051 2323 1906 2701
2602 2201 2690 3430
2727 4283 2359 3192
1674 3249 1942 4000
864 931 930 3615
3012 4210 1798 2551
2474 3151 2067 3252
1672 2519 3601 3880
2366 3603 3328 2647
413 412 3510 4224
3628 3301 2222 2542
3780 4362 3404 1758
2537 1915 3864 3994
1823 2617 2315 2005
3975 1888 3560 1864
2849 4100 2004 3578
3485 3940 1936 2954
2355 3315 2567 1926
2336 1756 2031 3069
2137 453 4369 2455
2033 3396 2811 1696
1980 3353 3953 2893
1785 3002 2115 4165
750 73 4162 2036
768 47 1295 2878
2532 2880 3018 3079
4217 3511 1918 3572
3961 1821 3515 2634
2859 3637 3834 2572
2703 3839 3170 3294
380 1308 3591 3719
3710 2764 3843 2433
2079 1774 2321 4209
311 241 242 2585
3771 4245 2378 3228
989 988 1630 568
3105 2333 2929 3605
246 244 2503 1905
1833 1911 2824 1815
1162 813 1816 2092
2392 2240 1945 4043
455 622 769 3390
4376 3669 1927 1816
2976 2223 3255 3455
1960 2767 3495 4331
2880 1813 4244 2477
1163 1164 2721 2754
3997 1925 2463 3342
1067 1066 3720 3577
2309 4201 2195 4379
816 2995 2402 2724
3573 1707 2624 3371
2042 2358 4265 3571
2539 3227 3289 2002
4362 2616 1770 2010
1174 1066 363 3577
4094 3183 1739 3657
3809 3444 2343 2161
2532 1813 2880 3079
2119 2835 3919 2336
1653 766 2058 4258
2244 988 3576 3042
1552 1577 3496 3355
864 930 828 3615
4356 3672 3697 1865
2928 2417 2586 2463
2670 4088 1882 4086
2241 3768 2426 3134
1903 3742 2662 2059
2316 1029 2911 3890
3904 2366 3328 3138
2757 4368 1746 4185
3020 2313 3189 2505
2074 3809 1690 2987
4276 3212 1989 3146
329 907 3240 3876
2849 3664 3776 1725
3189 4103 1719 3651
2672 3215 4065 3135
3226 2549 3954 1730
2983 4172 2451 4298
2405 3612 3992 2080
2821 1705 2398 3084
2484 3406 3334 2271
3298 1705 3191 2347
770 415 416 2973
1755 3959 3218 2074
1226 996 2503 2984
1191 792 243 2871
533 230 3482 2745
2381 3368 2887 2082
3125 1727 2688 3058
2202 4296 4254 2379
1894 2876 3088 4269
422 453 668 4369
2130 1930 3464 4019
766 129 2959 4258
2457 1708 2477 1731
2652 2021 2039 3544
686 1196 3829 3248
1666 700 1372 4175
2410 1746 4163 3205
2767 4132 4331 1737
2313 3020 3425 2458
1547 1545 1546 3494
4059 2423 2827 3010
292 291 293 2271
648 1215 4295 3254
4158 1149 1851 4112
1788 1776 4243 3647
2914 3364 4139 2328
4163 2355 4185 1738
3611 3997 3773 4056
1749 4186 2528 3143
371 373 2048 3274
2030 2390 3209 2131
3646 3959 2074 2469
532 300 1365 1846
3664 2849 2662 2572
1282 440 4127 1838
1985 1687 2875 4227
327 371 1893 3274
3768 2200 4197 3134
131 1653 1543 4258
1664 2975 3682 2530
1079 536 3654 4028
3483 2755 1964 2666
4121 3757 3022 3473
2602 2484 3877 2560
4315 3017 4253 3795
2322 1762 2937 3811
3160 3172 1890 2394
4141 1983 2838 3621
2797 1788 3795 3128
2199 2963 2997 2128
1575 2563 3245 2258
3542 3637 2572 4308
3632 3597 2543 2990
3402 3939 3780 2039
730 212 84 2433
3945 3333 3094 1865
2391 3744 4106 3242
2713 4011 2724 1703
3348 4303 2297 1820
715 903 53 3205
1720 2097 4320 1848
3017 4315 2797 2888
4263 2820 2767 1960
2797 3401 1788 3128
2948 2385 1803 3128
407 1611 408 3643
912 72 913 2085
2078 3453 2274 4279
2584 2312 2206 4359
726 394 392 4354
2419 1883 2647 1969
156 2833 3738 2010
793 888 985 3014
1717 3401 3186 2667
1769 3561 1935 2060
4225 1710 1914 2748
2261 533 4160 3482
4154 2461 3537 2443
3370 3435 1884 3176
1578 3355 1783 2684
2837 1694 4359 2210
1803 1944 3401 1788
158 280 2638 3187
3834 3366 1977 2443
2628 436 2308 3361
3119 2699 2479 3981
4003 3474 2268 3839
4078 753 2700 2907
630 2976 2068 3255
2182 2218 4296 4254
1212 779 2769 3157
1943 1897 2844 4367
3915 2526 2480 1818
3162 2409 1911 3839
3272 3512 4221 2604
1516 1449 1986 3360
2313 3189 4139 3425
2702 4385 3528 4254
3282 3197 3154 3336
1571 1541 3643 1909
1845 3724 2716 2905
10 13 728 4109
2185 1846 4230 3712
1565 2442 3166 3303
1876 2918 2384 2163
4138 3753 1709 4087
467 1110 1111 3804
1758 2997 2021 2652
1637 3876 2227 2077
1566 1103 1993 4062
3279 3694 3902 2661
1755 4305 3868 2527
782 1298 4232 3606
3396 1860 3164 2811
1137 2798 3133 2148
4186 2170 4368 3143
3729 2882 3367 1791
1351 1223 1846 4289
2446 1918 2174 1683
3524 4285 3032 3635
1680 2112 2215 3635
1656 1604 3348 2297
3795 2385 1781 3128
1813 2506 4244 2477
4362 2681 3025 2010
238 1180 2876 2136
2946 3839 2391 3242
2240 2576 2928 3750
901 1102 3725 3895
1959 1719 3651 3356
3849 3665 2731 2331
1767 3565 4273 2083
1680 2215 2850 3524
3988 1881 2979 4159
704 3632 2543 2990
3172 1201 1890 2394
2373 1880 4237 2664
2789 3208 3675 2993
2161 2782 2616 2720
1803 2385 1788 3128
1925 3212 3146 2856
2964 3521 4282 3888
4031 3090 3248 2133
1563 1544 4203 4214
716 662 3556 2932
3031 1874 3546 2950
2276 2702 4107 4037
1352 395 1702 3521
3531 3017 4315 2797
188 856 3755 1873
4285 2215 1940 3304
3762 59 1810 3324
2432 1998 3421 3028
448 3266 2907 2078
1798 3772 4115 4243
576 577 2262 1859
2314 3202 1777 2262
1919 2659 4319 1725
560 1053 3462 2344
3344 2188 2696 2223
530 300 531 3942
3195 3932 3475 1731
1895 3852 1964 2149
549 1064 1293 3345
2539 4264 2949 3928
2411 208 4347 2162
3958 4137 2630 3708
2135 2884 1828 3966
1627 1551 2434 3262
3731 3160 2008 1989
903 904 2197 3865
2888 2797 4115 1788
4145 2217 2069 2511
807 1015 1199 3791
3036 3764 2074 3809
3924 1955 2845 2427
2708 3545 2023 3641
4042 3818 1889 3965
317 720 963 4128
1529 1629 2680 4386
3057 2203 2596 3552
1095 1649 1047 1210
1753 2066 4238 1988
2285 4370 2345 4038
2518 2528 3414 3143
1574 1573 2464 1908
787 399 3705 4056
3395 2017 2057 3535
2047 3709 4142 1979
2483 1959 2211 3651
2739 1170 1853 2908
1717 4315 4253 2797
1596 2325 3636 3245
962 242 2871 4307
2959 2099 1987 2577
4099 4132 3922 2693
3982 2695 3715 3003
3129 2162 2262 1859
118 117 3616 3822
1944 2838 3401 1788
207 174 177 4162
3085 2101 4025 1877
4384 3641 3029 3816
3890 1794 3962 2722
2337 4168 2167 3348
2789 2446 1689 3572
2437 2066 3676 3811
206 178 3359 3422
2348 756 1935 3052
3837 2175 3678 3493
1797 682 3004 4005
462 1274 2090 1767
3632 981 2706 2799
1374 659 834 2858
3553 2484 2560 1902
2255 1831 3300 3690
2667 2192 3197 1884
2373 2263 2751 3964
620 1191 4004 3048
1409 1410 3645 3269
1769 2156 2142 3671
582 314 1910 2747
1543 1625 3973 2577
4139 1744 1796 2328
3259 2302 2251 2094
3897 4142 2554 2507
3078 1693 3783 3928
546 545 1140 4044
4331 1737 3487 2291
39 719 1060 3039
2070 3976 3832 3164
293 977 3406 3334
1831 3201 4260 2201
1915 2926 2016 4277
3811 4348 3849 2331
1904 3447 4007 2936
2633 1179 4333 2397
166 846 188 3620
3904 2874 3328 1800
3755 1216 3620 2648
549 3345 2794 4033
4151 3145 1784 2904
1712 3978 3178 2593
2665 2549 3087 3149
3171 3503 2525 2727
3731 1890 3146 2106
298 299 1644 0
2871 2353 4307 3771
1304 325 3945 2561
2217 4003 4145 2069
2879 3304 1711 3161
1757 2482 1776 2004
3163 3757 3797 3174
1717 4141 2838 3401
2814 3879 2803 2349
3341 1903 2966 2551
2525 2031 3069 2801
1879 2938 3812 4067
1829 1882 2305 3624
2971 2284 3234 2409
2656 3806 1907 3477
124 125 701 3861
4011 1687 2301 4382
3511 4090 3101 3572
4049 1863 2967 3230
3180 3947 1823 2259
2575 1124 2853 1941
3677 1793 2612 3589
3195 3932 3291 3475
1708 3352 2071 2477
1791 2929 3375 3605
1573 1660 2464 3161
2087 3585 3323 3487
2975 1778 3682 2530
1029 1341 1030 3268
1889 3564 4125 4234
238 788 1190 2136
2015 3118 3273 1944
713 971 1099 4082
3217 2968 1892 2239
3909 3339 3933 4048
192 1116 2809 4292
4025 1944 3621 1877
352 677 2142 2115
2343 3809 2161 3679
1547 1559 1648 1807
3811 2101 4348 2331
2601 3469 3382 1807
604 2770 3354 3338
3543 3527 3955 3480
4381 3221 1953 3356
1781 2382 3101 3557
3137 3055 1887 3765
292 1239 3553 3606
398 656 189 3913
3323 3226 3954 1730
2935 3017 3834 3537
3195 3932 1923 2556
2607 1723 3070 3417
3265 1820 3957 3823
2447 2334 3724 3441
1931 2923 4024 4328
3553 1902 4134 4358
1647 1590 1641 4255
570 568 569 2481
3273 1803 1944 2220
411 2348 3643 3052
4212 2203 2365 3275
685 3389 3569 1724
3834 3017 2059 2443
2400 2218 3575 3375
3169 2674 2390 2622
3161 4345 1908 2584
344 346 3296 1947
2709 2191 3314 1963
3963 3810 3225 2877
4288 3350 1685 1795
408 411 3643 3052
3238 2320 3932 2498
4172 2982 4025 2451
3432 1905 4384 3426
3885 1760 2076 2276
1902 3505 1673 2883
925 711 4211 3202
2015 3292 1803 3273
4240 2432 2915 1998
3279 1822 2578 3352
2159 4040 2261 3482
3292 3118 1803 3273
3219 2641 2528 3414
2015 3118 3292 3273
3302 2768 2690 1701
763 3415 126 3312
2504 3353 2371 2953
3259 4261 2251 1683
3383 2609 2912 1888
3772 2385 1798 1788
803 203 2913 2025
3048 2563 4062 3710
3624 2305 3299 3787
3490 1763 2988 1913
3753 3983 2328 2075
2247 4228 2613 3874
1158 33 797 1624
1631 1602 4173 3546
4127 3802 1838 2579
2937 2322 3811 3173
533 2261 4160 4060
2315 3206 3678 3622
4372 2440 3431 2650
1590 2984 3081 2430
2265 4364 3282 3718
3 842 2734 3080
3180 1743 2437 3794
3792 3005 3039 1934
3197 2667 1884 3282
1680 3322 3524 3957
2797 3795 3186 3128
3079 2380 1886 3209
2333 2024 2545 1804
2390 3079 2030 3209
3527 1804 3543 2469
656 187 189 3533
3443 3786 3694 3468
2176 2743 3092 2633
4059 2913 2491 4093
2768 2602 2201 2690
3422 749 1872 2436
1396 1480 3280 4174
1274 2894 2090 1767
1753 1745 4259 1988
2598 2297 4275 2210
4214 2206 3494 2918
925 1254 711 3202
3146 3172 2436 4336
1145 2603 1898 3951
3945 2561 3333 2285
4259 1970 1704 3513
1761 2952 2728 3226
2826 2190 2516 3353
3731 2269 2491 4093
3768 2055 3798 3854
1984 2326 4374 2272
3545 4102 3641 2863
154 155 1325 2958
1542 1589 3038 3233
2192 3197 1884 3282
2232 3457 2606 1884
2348 3644 3643 3052
2586 4107 1886 3000
2549 2588 3149 3607
488 1276 2399 3247
346 344 3264 1947
3940 4241 4355 3485
1646 3049 3881 2619
3435 1837 2621 3176
3051 3799 3226 1730
3425 1744 1796 2685
3136 1819 3300 2102
860 1602 1619 2807
4132 2087 1973 3323
4189 1813 3155 3418
77 1332 872 2067
707 782 3203 3606
1929 2298 1832 2318
2898 2485 1705 2028
2041 2314 3202 1777
4375 1995 1873 2556
12 10 4084 4251
805 806 498 3272
737 738 1652 4292
3284 2277 2330 4135
17 929 1629 4386
2670 2070 2590 4088
4301 3267 2546 3367
3153 3663 2478 3044
1617 1607 1651 4168
385 1168 144 4144
2432 4349 1762 3027
2014 3299 2623 4110
1925 3749 4293 2856
2309 2094 1784 2904
468 1091 26 2283
896 369 1169 3656
2746 3169 2149 1708
3670 653 1691 2806
2693 4099 3487 2291
2066 2259 3676 3513
3902 2166 2172 3607
1059 1114 2972 3729
4373 2320 3238 2498
3070 3435 4076 1884
641 640 4236 3130
2163 2619 4193 2046
2840 3296 3264 1947
2606 3457 3435 1884
157 155 3738 2638
545 81 1140 4053
2386 4133 4191 2201
3212 2028 4155 3158
3349 2183 1965 2393
150 1353 2847 3587
417 934 2836 2736
1680 2233 2113 3394
2125 3498 1748 4073
250 1287 2699 2479
4253 4315 2209 3537
211 258 2132 2051
760 761 3204 2224
4322 2381 2691 2194
2695 2375 3715 2063
4210 3012 2662 2551
925 148 288 4211
2382 2334 3101 3557
1953 4381 4218 1783
1304 822 433 2487
1920 2294 3739 1765
1712 2294 3650 3739
1894 788 2136 3489
4348 3665 3849 2331
36 950 4350 3996
932 541 3244 2150
1681 1740 4183 3471
1104 1191 2871 4004
1038 1039 4235 3122
2601 3469 3074 2228
2814 2412 3477 1718
936 3935 1742 2180
4032 2001 3912 2249
4235 1010 3669 1816
4378 965 2078 2460
3669 1010 1927 1816
3168 2955 2360 2865
4013 1933 3964 3207
3089 2376 3541 3691
1343 709 1361 3156
3558 3742 3664 2088
4103 4222 2505 1719
2738 2247 3817 2370
4316 2631 3450 1765
3555 3999 2363 1991
4037 1672 2216 3601
353 756 754 2951
1302 744 2407 3990
2923 3325 1700 4328
330 1531 1640 3876
1798 4210 4115 2551
1510 733 1476 1896
3379 2764 2562 2433
4373 3419 2132 3238
4373 2132 3263 3932
2496 2600 1683 2592
2607 3070 3435 4076
4199 4080 2473 2342
2208 2710 3813 3167
2759 3068 3131 2138
4364 2232 2265 3282
1253 985 1183 2143
1760 4133 2076 2157
3997 3305 1878 2463
3265 1680 3524 3957
2757 1746 4163 4185
1134 112 4331 4099
3251 1965 2393 4257
1983 1717 4141 2838
564 955 2804 3899
4105 4362 2161 3679
591 4246 1960 2763
4375 2506 3625 1995
3001 2459 2700 3453
2674 3799 2390 4097
2971 3540 1675 2248
570 2244 3576 2481
1151 957 2866 3114
2459 3586 3416 2274
911 600 3502 1724
4315 2935 2110 3537
3654 1768 4028 2696
3076 2848 2242 1786
1053 1063 2755 2344
4031 122 3962 2722
1656 1568 2297 3759
1686 3054 3124 2505
2461 1938 3186 2265
152 153 2933 4352
2520 3267 3359 3687
2410 2419 3380 3420
4366 4098 3508 2368
1971 2127 2863 1794
1830 3559 2064 3427
3376 3974 2107 3427
2314 3129 2162 2262
192 736 2809 3491
3863 3328 1768 2316
1942 2047 2611 4000
2440 1722 2146 3956
455 1670 1629 3030
4259 3118 2066 3273
2948 3197 1921 2790
133 4031 3962 2722
2236 2772 2483 2146
1316 893 892 2742
3051 2565 3226 2605
2962 4143 2620 3397
2461 4253 3795 3186
2547 2101 3811 3849
1930 3464 4019 1889
47 1001 1828 3004
3714 3885 1672 2276
4141 1944 2838 3401
2263 4376 3326 3688
397 3913 2648 4012
3796 3089 2081 2376
2772 1719 2211 1984
923 1191 3048 2784
4275 1778 2530 1968
3431 2440 2022 2650
3267 2085 2240 1945
290 1200 526 3059
2738 1812 3599 1941
2314 2411 4347 2162
1789 1994 3680 3292
1789 3393 1994 3292
1486 1417 1506 4122
1636 1634 2325 3820
4219 2190 3640 2483
1774 2244 2079 3233
3036 3086 2557 3764
2344 3305 3773 2578
313 3001 3453 2274
1151 1018 1196 3114
3328 1768 2040 3138
962 791 4029 4307
3259 2251 2016 1683
1710 3700 2422 3697
1940 2850 3524 2682
3573 1707 3869 3147
2898 4216 1705 3191
4132 3512 3495 2013
1993 4004 3048 4062
3481 1691 2747 2806
3332 2212 2007 1843
3778 2128 4045 2540
824 158 1383 2638
1011 1301 1038 4235
2381 3368 2691 2194
310 841 256 4008
3706 2563 1993 3048
1513 1045 1043 1044
1455 1454 1424 2114
2006 1966 1810 3371
468 1342 2283 2635
3268 2316 2040 2911
2280 2133 2971 2409
4292 2244 1774 3233
4160 2733 3482 2698
1994 3393 2948 3292
2240 3900 4230 1945
1994 2948 3680 3292
334 1012 2782 2279
1043 2575 2934 2906
613 1899 4181 3121
1930 3277 3382 2444
2353 2793 3771 2378
2201 3193 3430 2560
504 507 83 3646
3292 3393 1803 2663
3242 3839 3372 1675
2390 3169 2665 3815
2476 2117 4300 4353
2028 2898 4043 3684
403 2159 2571 4290
3685 2860 3024 3828
1178 496 2976 3509
1533 1534 1937 3989
2777 4161 2282 3732
1293 548 549 3345
3483 838 2000 3456
2703 1682 3839 3461
4086 1757 3454 1776
982 112 1134 4099
140 138 1240 1927
3744 3409 2117 2065
2485 3267 2520 3687
1944 2982 2838 3579
2957 1884 2621 3176
1993 1597 4062 3710
3991 2182 3605 3418
2460 2325 2311 3820
401 4085 3695 4330
2085 3793 2972 3367
2425 2254 2766 2507
1484 1513 1045 1043
1662 1663 1533 3331
129 130 521 3973
4043 2928 3684 4220
3370 3282 3718 2011
1815 2211 2953 3199
359 2964 4282 3888
3024 2442 3567 2227
3380 4250 3420 3205
1842 1810 1707 3371
2844 2986 4367 3680
2428 3840 2154 4249
1591 1663 1662 3331
2284 1785 2061 3234
2750 3155 2131 2826
85 2300 2562 3918
3409 3023 2117 2065
2626 2986 2844 3680
538 539 1915 2615
1454 1438 2114 1814
3863 1768 3574 2316
893 1192 2921 2742
351 352 3002 4165
2986 2626 4367 3680
109 589 588 4331
4225 1710 2374 3094
2544 2730 2999 2829
3000 3630 3601 1835
2203 3374 2365 4106
2626 2844 2303 3680
2085 1123 1976 2972
755 754 756 2951
3279 2939 2578 2661
3391 1939 1903 3012
3915 1686 2285 4038
3828 2530 1820 2053
3983 4345 2258 3588
2890 4029 4307 2793
895 165 3625 1995
3090 957 3248 2061
2003 3301 3434 2204
3124 1686 2832 1818
2563 1597 1993 3710
3195 4375 1873 2556
1708 2477 1731 2622
1682 1954 3461 2587
655 943 580 2776
1528 1475 3062 4026
1603 1595 2053 3303
2844 2385 2303 3680
907 330 1640 3876
3708 1863 3230 1737
1599 1600 3576 1937
2188 2868 3344 2698
1770 2616 2833 2010
2741 3879 3204 2803
2385 2626 2303 3680
3419 3741 2132 2610
3512 590 4246 1960
3799 3169 2390 3815
2485 1705 2398 3191
548 3917 2071 3345
3428 2022 2387 3763
1533 1648 1535 3989
1540 1539 1532 3843
2783 3818 1889 4125
2928 2028 4043 3684
1095 1210 1094 3379
373 324 2048 3274
1994 2948 3693 3680
2948 2385 3693 3680
2385 3680 3292 4095
43 3132 2205 3260
1539 1642 1608 3188
3133 2992 2921 2148
2418 2996 2762 2267
2400 3402 2021 1875
1944 4141 3417 2220
3240 806 4221 2604
1881 2137 2455 4262
2596 1672 4212 2365
1594 1565 2442 3166
1192 1318 893 2921
2244 3310 2079 1937
792 791 962 4307
1062 3439 2486 2279
3322 3051 3524 3823
2761 3503 3045 3134
3182 3592 2645 3181
3818 2783 4019 2515
2757 3919 1756 4163
2327 2278 1790 3849
1061 36 1181 4350
3393 4259 1704 2663
2149 3169 3745 2992
3231 3977 1929 2791
3459 1460 3280 1916
2975 4083 2210 2530
2933 4317 2399 3247
2772 3857 3199 2422
2911 3498 2722 2515
2200 3768 4197 3854
244 246 245 1905
1168 385 386 4144
3673 121 3890 3962
2261 1768 4160 4060
3393 2192 1803 2663
1599 1662 1533 3331
2549 2665 3954 1730
1999 4364 2265 3718
4132 3512 1960 3495
3038 1589 3576 3233
2188 3344 2696 2698
2293 3402 3939 4105
2101 4057 4328 2145
66 431 1344 3534
1037 1301 1011 2490
1334 294 864 2257
792 243 2871 4307
3314 1961 3655 1931
2117 3023 1887 2065
1306 517 3609 1975
3514 4064 2044 3953
2448 2015 3292 4095
1925 3146 3342 2436
2306 2928 4155 3638
1763 3163 4247 2839
3189 2914 4139 1796
2032 2952 1761 3226
258 1036 2132 3291
3435 3457 3370 1884
683 4352 3424 2718
3277 3704 1807 2918
3804 467 2996 3785
2385 3292 1803 1788
883 1360 2474 3934
1605 1651 1656 3348
1283 1101 3725 3972
2521 4235 2221 3674
3237 1238 2411 3993
2800 4178 2181 3671
2667 2220 3398 4076
3379 1532 2872 3843
3883 3962 3119 2479
988 570 3576 2481
1222 1223 4289 2027
2225 3268 3255 3455
20 3240 3216 3567
4273 2626 2083 1798
3155 1714 3142 3418
4278 1958 3093 2917
182 1003 59 3324
964 963 2981 2222
4273 2083 3012 1798
4200 780 4170 2810
1874 1686 1818 4038
3292 2385 4095 1788
1176 94 1229 3365
720 696 963 2981
3048 2784 1754 2051
4124 2757 3414 3143
652 418 2853 4213
3734 2999 2340 3853
2459 4161 3481 4045
1598 1614 4114 3996
3945 1304 2487 2744
788 216 922 3489
2275 3753 3983 2328
189 656 3533 3913
2247 2118 3041 2613
4276 3160 3318 3342
1494 1492 2084 1934
3902 2642 2665 3607
944 583 391 3351
3627 2722 2133 2515
3512 4263 4132 1960
2920 4085 3347 4344
474 476 718 3568
86 1210 3472 3918
315 524 523 2540
3779 1068 1739 3858
2887 3368 4016 1907
3410 4024 4328 2960
1786 2450 2447 3441
2146 3640 2044 2893
2406 3072 3885 4230
1744 3416 4021 2585
934 4005 4085 2870
1330 208 2411 2162
4042 1971 3818 4019
3534 66 4173 2919
2052 2285 4370 2345
2478 1720 4320 1848
620 1103 617 4062
326 1367 822 2744
1069 337 2329 2833
3199 2236 2422 3337
1668 1083 1368 4009
1739 3987 3848 2129
3023 1728 3315 2796
1748 2708 2032 4073
591 673 3166 2763
4365 2217 2874 3372
2931 2837 2565 1968
4368 2170 2827 2760
731 651 88 2147
3039 4128 3980 1934
3689 2969 3835 1721
1428 1479 4287 2026
2663 4259 2066 3273
2448 4131 2626 3680
2192 2948 3128 3197
3054 2326 1686 2046
1723 1983 3070 3417
1020 1348 1207 4380
1419 3658 3722 3286
4068 1840 3622 3275
436 457 784 2628
4140 3025 4177 1893
396 560 3295 3773
368 369 370 2993
276 4148 4314 2715
2629 4273 3012 1798
3408 2361 4176 2947
2127 2809 3426 3981
3700 3035 2039 3544
852 851 853 3910
1918 2428 2174 1683
2428 4261 2251 2094
2626 4273 2629 1798
1842 3573 2006 3371
36 4350 2103 3996
1311 313 3001 3453
1739 102 2711 3858
1903 2083 2966 1798
910 1009 2911 3502
2083 2626 2966 1798
2083 1903 3012 1798
2662 4308 2551 2059
2597 3548 2393 3740
1670 1617 1629 3030
133 122 120 3962
1539 1608 1655 3188
2777 3544 1854 2236
1682 1914 3337 2748
2229 2343 3615 2279
4259 1789 3118 2663
2914 4139 1796 2328
931 334 978 3439
537 1034 387 3994
3210 3570 2174 2452
4375 2506 1995 3195
3268 3498 2040 3455
1691 3905 2747 2806
3664 3776 2062 2662
2164 2695 3003 3810
1927 138 4157 1880
1746 4040 2197 2745
2118 1712 2247 2289
4128 317 2173 2222
3617 3215 4088 2989
1197 134 3424 2281
1873 1708 2457 2071
1094 1532 3379 2433
722 2460 3820 2103
2707 2798 4371 3133
3959 1755 2557 2074
2761 3985 2241 1706
3834 3017 4308 2059
2168 2364 2114 1814
1882 1757 3624 4086
1267 464 486 4089
2128 3481 4045 2540
2445 2906 2339 1941
1743 3947 3180 2259
155 157 158 2638
3664 2849 3776 2662
3771 3082 1754 3263
3321 1740 3855 2187
3742 3542 3664 4308
1889 4019 3026 4209
1930 4209 2640 3077
1873 3620 1858 3352
4092 4277 3278 2370
4131 2448 4367 3680
2459 2925 4200 2810
3417 1944 4348 1877
3330 1744 4021 2890
1061 312 722 4279
1849 2808 3634 1932
2948 2385 3292 1803
1416 1421 2829 1765
3435 1743 2141 3794
3834 3637 4249 4308
893 111 1192 2742
281 2959 3466 2526
3568 2868 2188 2698
257 888 3257 1923
2467 3316 2151 3113
2485 3267 3687 2576
721 722 698 3820
2966 1903 1798 2551
2802 2399 1707 3347
3231 3869 3210 2452
2563 1993 3048 4062
2564 4301 2546 2980
2952 4102 2931 1748
1939 4273 2083 3012
1939 2083 1903 3012
4040 1746 2261 2745
1383 425 3309 1928
88 651 2853 1832
1954 3199 2422 1682
242 243 962 2871
2984 1226 3927 3432
3574 601 3707 2778
2662 3742 4308 2059
3021 4368 2423 2760
1501 3510 4310 2250
1461 1715 4233 3450
2626 2385 2966 1798
3012 3776 4210 2662
3664 2062 2653 2662
238 1180 240 2876
2125 2952 1748 1971
4042 2284 3818 2409
3719 3437 1817 4198
321 610 1879 3873
4326 3193 3430 2358
1061 241 312 4279
2353 2871 4307 2784
3368 2381 4016 1907
950 4350 1993 4004
2616 4362 2329 2010
3077 3382 1807 2444
4229 2444 3250 2207
2746 2674 1731 3635
3828 1968 2541 1820
1126 590 591 4246
699 35 721 3820
2006 3573 2256 2235
3393 3095 2948 1921
2111 3078 1997 2819
1067 3720 3334 3577
3527 1804 3714 3543
794 795 3770 2793
3099 1676 2904 3559
162 971 2219 2977
1928 2638 2583 3187
1585 1586 2577 3496
2652 2021 3544 2777
2820 4246 3166 2763
3626 1953 4218 1783
2355 3838 4163 1952
3024 2442 2820 3216
1010 140 3669 1927
3226 3799 2605 3815
1191 620 923 3048
620 618 3048 4062
570 569 3990 2481
3481 4161 3416 2007
2042 1970 2358 3571
1867 4002 2383 2196
3653 1744 2585 4279
984 4027 3456 2760
1764 2130 3464 3029
2168 1894 3278 3886
2716 729 2905 2352
2982 1788 3579 1776
2565 2568 3226 2605
2125 3498 1800 2515
3162 2946 2368 2248
2509 3322 3957 2742
2948 2385 3680 3292
4385 2218 1804 3605
3708 4049 1820 2053
1933 4013 2751 2092
4350 1104 3946 4004
3545 2931 1748 2087
4273 1939 2629 3012
2264 1728 3409 3023
2537 2496 4117 2600
4064 2390 2131 2488
4253 1717 2797 3186
1761 2032 2549 3344
1899 2147 2370 3489
4049 3708 1820 1863
3524 3051 4097 2682
2227 1592 4255 3074
1375 715 2510 3865
239 961 2876 3088
2594 2480 4103 2505
3742 2653 1903 2662
1818 2959 1987 3020
8 6 1860 2891
2762 2834 2927 2267
524 653 506 2806
3550 2626 4273 2897
3561 1935 3671 2115
3305 1822 3611 2578
3457 3370 2839 1913
581 653 524 3905
3799 3051 3226 2605
214 215 731 2147
4264 3783 2949 3928
3302 2720 1673 1838
766 282 767 2058
606 483 604 3338
1494 1438 2449 1934
2581 3189 2122 4103
3041 2247 2613 3874
1750 2404 2439 3968
2284 1785 3162 2409
2404 1786 2439 3968
784 436 2628 3361
260 258 2132 3291
1694 2837 1778 2210
3552 1867 3444 2293
524 506 523 2806
3196 2120 3100 1790
1390 1398 1497 2445
2821 3530 1853 2988
2955 288 3261 2865
3693 3168 2966 2382
2421 3540 4215 2248
1750 4187 3276 3968
2699 2479 3981 3026
1996 3065 1690 4191
259 2132 2610 3291
792 923 213 2784
1653 1619 1587 2058
3166 1565 4009 4052
3298 175 2036 2185
1428 1468 1399 2237
2979 3988 4159 2289
877 878 3139 4208
4376 139 1880 1816
2362 2718 1880 3784
4090 2789 3920 3208
1750 2439 4187 3968
739 1652 1618 4292
4199 2473 2734 2026
4249 3637 3542 4308
1842 3716 3910 1810
2884 1828 3966 3930
2841 3922 2188 3087
1890 3731 2098 3813
3570 4281 1826 2452
2458 1634 2460 2311
2659 4227 4319 1725
2849 4210 2482 2004
4170 4078 2810 2581
1634 1636 1530 3820
1160 832 813 1933
3800 1937 3989 3250
1736 2792 3096 3770
1191 792 2871 2784
3684 4043 4220 2276
4166 1750 1892 3968
897 147 3675 4346
4023 1402 2730 2829
1581 1584 1583 3682
3177 2709 2620 3397
3829 3090 3248 2061
3417 2322 2437 3837
2461 4253 3537 2443
1905 3925 2863 3816
3159 3350 2943 2803
2952 2217 2125 1761
2642 3279 3694 3902
153 980 592 2718
502 4386 1863 2967
2648 2939 2578 3352
4226 2593 2302 2613
3582 3078 3844 1723
529 278 4314 2193
1853 2398 4274 2347
2131 3640 3514 2044
2819 3844 3631 3040
218 191 3190 3981
2837 3277 1778 1764
2420 1680 3322 3745
1825 4032 3912 2249
2668 3124 2832 1818
3772 1798 4115 1788
2448 2626 2897 3772
3305 1878 3443 3694
753 4078 4170 2907
1774 2079 3026 4209
4092 2273 2247 2289
377 561 2945 3992
1788 3772 3579 3647
3304 3161 1908 2584
22 1565 1613 4052
1832 2738 3599 1941
1445 1460 1477 1946
1455 1390 1497 3618
2143 3283 3991 2929
1464 1420 2455 2705
2913 2336 2031 2801
952 953 1527 38
2611 4000 2014 4110
922 1190 788 3489
596 594 2847 2615
3807 3974 2542 2107
3088 3301 4269 3980
100 871 99 3151
711 1152 710 3824
3393 2192 2948 1803
4170 4078 2581 2480
2325 1634 2311 3820
147 146 148 1845
852 854 3910 1810
1041 6 990 2726
73 71 74 1976
2086 3504 1932 2179
4206 2488 2044 2728
3304 1940 1709 2584
1796 2459 3416 2274
3869 3231 1836 2452
3550 4273 2629 2897
3625 4375 1873 1858
458 285 2292 1869
3051 3799 2565 2605
1974 3095 2573 2041
3259 2593 4228 2613
4231 3271 2231 3563
338 1282 1284 1838
655 526 654 3619
3032 3524 4097 2682
150 149 2632 3587
2581 2594 2480 4103
1748 3498 3455 4073
2830 1789 2448 2015
72 1123 2085 2972
1402 1404 2730 2829
46 1001 4330 2870
1868 2256 4297 2611
3631 3844 2096 2189
2626 2897 3772 1798
1905 246 2225 3673
1159 597 1929 1832
2284 1889 4125 4234
2446 1683 2452 2632
3245 2563 1754 3588
4078 2700 2581 1796
2218 4385 1804 3543
4210 3012 2897 4100
299 298 1644 2181
3585 2087 2565 1968
3531 3017 2797 2888
4350 950 1993 3996
177 178 1262 4162
2300 3741 3566 2610
69 68 70 3241
618 3048 4062 2433
3977 4035 2791 1836
1710 3700 1914 3337
606 1252 742 3338
1252 853 2754 3338
3757 2232 2507 3797
4359 1940 1980 3610
1011 342 2490 3669
3826 3339 2102 4048
4015 2008 1989 2842
2866 2479 4125 2061
1245 1265 3534 4173
4166 1892 1903 3968
2448 2626 3748 2897
961 1894 3088 3594
1721 3727 1949 2287
138 139 141 812
161 162 971 2219
2247 3041 3278 3874
162 161 160 2219
2789 3920 3208 2993
712 713 3097 3112
1267 163 161 2219
1823 3180 2259 2437
392 1281 3702 2951
1828 3004 3966 3930
2997 2400 2021 3575
3097 4082 2155 3112
3072 2406 1695 4230
1735 3742 2088 2653
1330 709 304 1819
691 538 387 3864
4273 2626 2629 2897
2136 1190 3121 3489
3215 1757 4088 3832
3586 2459 3416 1910
2568 4206 2605 3610
3623 4322 3886 2107
2043 2987 2343 2229
3154 3336 1921 1777
2669 3609 1975 1892
3030 2304 3390 3708
3847 1805 2856 2106
183 1145 1898 3951
2681 2616 3025 4140
1689 2496 2450 3572
1535 1621 3800 3250
1903 3391 3012 2662
2509 3957 1737 2742
1587 1602 2668 2807
590 3512 4246 4221
3464 3382 2321 4209
2850 4275 1820 3823
3859 3831 2996 2762
788 1894 2678 3489
1082 1369 671 4066
159 780 4200 2810
773 775 772 3400
1092 615 1093 4171
2122 2581 4103 1854
3530 1853 2988 2908
2457 4148 2113 2715
3567 3216 2227 2077
2886 1187 2128 4053
2653 3391 1939 1903
2569 3669 1927 3174
2589 1975 2083 1892
2662 3664 2572 4308
2242 1918 1735 2447
790 1915 3594 3994
1186 526 527 2404
1612 1597 1532 3710
190 1138 2135 3043
757 1280 2341 3075
4255 2077 3614 3081
328 2968 3609 4104
721 36 2103 4114
324 3288 2048 3274
1712 4092 2247 2289
964 1322 2204 2222
57 1768 2978 4060
3545 1856 2023 3641
369 4351 3656 2993
1770 4388 1758 2958
3498 2125 1748 1971
4012 2344 3773 2578
3294 3170 2196 2391
1438 1437 1512 2449
4322 3623 1814 2691
3495 1134 4331 4099
2069 4003 2511 1911
20 22 21 4052
3528 4107 4254 4383
2832 1585 2577 3496
2381 1830 3041 2887
2017 3686 3034 3971
1322 2204 2222 2756
2710 2351 2842 3167
2422 3857 2272 2285
2101 4172 4025 2331
2295 2802 2920 3966
2337 4137 2630 2167
3095 3393 3307 1921
2985 2830 2015 3118
337 335 2616 2833
3857 3199 2422 2272
2730 2829 3814 2340
2835 4034 1824 4124
3156 637 3583 2940
1390 1470 4171 4181
3742 4249 3542 4308
1897 3095 3224 3911
3644 4111 2950 3699
2386 4240 2432 2915
464 466 465 4089
2685 2458 2460 2311
4219 2236 2146 3337
1037 342 2569 2490
1915 3721 2016 3594
1412 2691 3971 2538
2453 2299 2372 3294
1904 4007 4321 2936
2561 3309 1928 3915
3466 2959 2099 1987
702 104 219 3960
2860 1764 3270 1968
3201 2043 2690 3430
2606 2232 2425 2507
3776 3391 2062 2662
1703 2894 1767 3595
2101 3085 3173 1877
1728 3622 2641 3275
1983 1717 3070 4141
2838 1717 3401 2797
1894 789 2678 3594
668 453 452 2455
2860 3685 2227 3074
618 1094 212 2433
3447 2523 2936 4120
3267 2972 2546 3367
4272 1913 2864 2011
3218 3527 2076 1690
653 583 3351 3905
506 505 2963 2806
1781 2461 3186 3128
4240 1823 2432 3027
3586 315 2540 2747
3580 2392 4043 2276
50 51 892 3394
1803 2015 3273 1944
2594 1928 2583 2480
934 402 401 4085
3382 3469 2228 3077
2674 4064 3032 4097
1956 2073 3691 4335
2961 2559 1679 3563
1717 2254 3070 2507
1650 1635 2458 2460
698 722 2460 3820
2032 3585 2565 3226
2130 3464 3029 4019
2146 2504 2893 1815
638 1356 306 4305
1225 777 3520 2711
1915 3721 2537 3864
74 73 1976 2520
2398 4162 3191 2347
1988 2602 2432 4096
3802 358 1838 2579
3259 2016 3066 2318
1256 632 1029 3908
4042 2284 2409 1911
3393 2948 3292 1803
2127 2809 1774 2321
543 1110 2252 2401
1699 1787 3920 2281
1757 1882 2004 2672
2573 3407 2689 3307
929 622 3030 2967
2926 3974 2016 3198
1981 1108 4117 2592
2876 1894 2136 3792
116 1726 4329 4018
1913 3370 4082 2011
160 660 162 2219
2488 2998 2044 2728
3675 1999 1845 2155
2137 1797 4369 3004
3511 4075 4090 4217
3066 4092 3599 2370
3201 2768 2201 2690
937 938 3777 1742
4062 3048 3710 2433
1826 2446 2452 2632
1549 2975 3704 4169
1667 1578 1783 2684
1414 2544 3650 3739
1598 1530 2325 4114
86 1089 85 3918
1106 1180 238 2136
1604 1656 3348 2053
2624 3940 3701 2954
2212 1959 3753 3046
4090 1999 2265 3101
892 3394 2509 2742
3146 1925 2856 2436
2533 2997 3780 3404
1600 1534 2481 1937
1966 2006 2624 3371
596 1209 1832 2847
2218 2182 4296 3418
2483 2190 1959 3651
1810 2006 4036 3064
1862 2234 1902 4358
1059 1189 3652 2972
2232 1938 4364 2265
437 2153 2308 2851
2192 2663 2957 3398
4187 2653 3276 3968
760 45 3479 3204
477 607 2841 4290
1262 97 1033 2822
2807 1874 3123 3534
3158 4268 1824 3854
2809 3038 4292 3233
314 3586 1910 2747
902 897 147 3675
2213 1952 3554 3420
595 594 4256 2592
1824 3040 2200 1706
4364 3370 3282 3718
3118 4259 2066 3665
2165 3711 2497 2310
495 499 498 2068
2963 2997 3481 3575
2120 4361 2438 3100
2269 2008 4186 4059
181 1750 3220 3602
3266 3425 2078 1796
2725 2072 2215 1711
1234 504 505 2886
1921 3129 2314 1777
1415 1518 2294 2289
72 175 2085 2036
2668 1587 2807 2832
1927 4157 1787 2513
2333 2024 1804 1695
1735 2242 2439 2717
202 2025 3850 2246
1679 2961 3563 2393
1454 1434 1433 2714
4241 3940 3349 1936
2192 2948 3197 1921
709 1361 3156 3993
3197 1781 3154 2790
3950 1885 2513 1826
1171 703 2779 2990
3276 2653 1939 1903
2874 3904 1675 3110
1759 1760 2898 2141
1798 4115 1788 3795
1966 3845 2243 3064
2217 2568 4145 2044
3026 1889 4209 3098
3597 2706 2543 2524
19 503 502 1615
4065 1733 2635 3484
1794 3962 2722 2133
3034 4116 1721 3115
780 4170 2810 2638
889 215 3926 2147
589 590 588 1960
2282 4161 1875 2007
780 1000 753 4170
3791 1905 3925 3641
3920 1787 3163 4247
314 311 1135 2585
2461 4154 3511 2443
3017 2888 2551 2059
1487 4026 3384 1950
2102 3826 2825 3690
1975 3747 2083 1892
388 1142 1169 1689
864 294 1012 2257
3070 1983 4141 3417
1953 1908 2206 4202
3700 3857 2236 2422
1728 3838 3315 2796
3024 3685 3828 3682
654 729 146 2716
2575 2934 2906 2339
3393 1789 4259 2663
1999 3718 1845 2155
1604 3348 2297 2053
3168 2955 2239 2360
608 1318 1192 2921
839 1320 517 1975
3661 2852 2732 3648
157 528 1383 3738
4364 3457 1884 3282
3883 4031 2722 2133
1105 1424 952 1527
3883 3962 2479 2133
4187 2439 2653 3968
3218 2074 1690 2987
2663 1743 3513 2694
4145 2044 3953 2893
3038 3576 4292 3233
2201 3201 2690 3430
4144 385 2470 2517
1875 4161 3575 2007
455 3030 3390 2253
1437 2449 1814 2691
3764 4309 2486 2279
3048 212 2051 2433
83 81 3646 2413
944 391 4180 3351
2190 2483 2212 3651
3216 3024 3567 2227
2957 3336 2660 1921
1366 2358 3200 3571
4013 1933 2751 3964
3891 3898 2361 4176
3347 3940 2624 4355
2718 2362 4281 3784
3118 4259 2663 3273
1797 2137 2414 3930
1142 747 896 1689
2905 2360 3261 2865
2414 2657 3930 3178
4340 4057 3314 1677
3673 191 3962 3981
3938 4197 2937 3173
2360 2239 3724 2905
1487 3062 4026 1950
3800 2079 1937 3250
244 1015 1905 3925
1816 2751 3893 2092
1999 3718 3557 1845
2384 2326 2163 3562
1535 3800 3989 3250
2482 3454 1678 2623
4078 2700 2810 2581
2934 2575 2705 2339
3354 2770 1912 3338
1348 236 237 3451
1838 4127 2579 3726
4139 2313 3425 2685
539 789 1915 3926
1465 1475 1509 3062
2700 2459 2810 2581
2830 1753 1789 3118
1794 3673 3962 3981
2626 3550 3748 2897
324 325 891 3288
1528 1475 1474 3062
463 2864 3112 3222
4180 2545 1691 3351
2130 3029 1971 4019
4145 2893 2371 1815
4253 2461 3795 2443
250 1286 1287 2479
1238 1361 2411 3993
3051 3745 1730 2291
2024 1268 4180 3670
1464 1465 1425 1881
3291 3195 3475 2556
1529 1595 1615 1863
3391 3776 3012 2662
2294 1427 3399 1765
3884 2950 2508 3699
1757 3624 3454 2004
2213 3951 3948 2290
4337 2844 3693 2303
844 694 781 2020
3640 2440 2146 2044
2069 4042 2511 3965
3757 1763 3174 3473
694 844 2042 2020
2321 1937 4209 3077
930 931 1062 3615
844 781 2042 2020
2127 3426 3190 3981
1833 2953 1984 3199
3469 3970 2228 3331
895 199 3625 3652
694 693 998 3911
1789 1745 1970 4259
1717 3531 4315 2797
1970 2689 3307 2255
3281 417 2853 2836
2830 1789 2015 3118
3742 3834 4308 2059
1691 3351 2792 3905
3668 3801 4032 2249
1123 71 1976 2546
2087 2032 1973 3323
134 137 683 3424
1671 2982 2456 1678
4352 153 2362 2718
4232 3103 1745 2020
2269 2008 3468 4186
694 2042 3911 2020
2875 3346 3484 3788
1546 1559 3494 2163
1035 390 3096 3770
2568 4206 2728 2605
3270 3828 1968 2541
2911 3890 3502 2722
2772 4222 1984 2272
1597 1612 4062 3710
1940 3032 2516 1980
2074 2199 2533 3679
3690 1831 2201 3193
637 636 638 3583
1528 451 453 452
3024 1856 3828 3270
1474 1475 1465 3062
2926 3278 3886 2107
3883 133 3962 2722
3086 3608 3868 3583
2155 1845 2865 1777
1911 2511 2824 1815
1043 420 2575 2906
2586 1749 3443 3318
2626 2629 2897 1798
1463 1509 1950 4262
998 2573 3179 3911
500 501 1369 3293
2624 3940 3349 4355
3756 3313 2875 2944
1599 1589 1662 3233
918 251 2407 2244
2505 2326 1984 2272
1464 1425 1426 1881
237 941 1172 3451
3065 3803 1690 2157
1837 3458 4274 2096
3034 1721 3734 3115
2712 3147 2110 3210
2412 1752 3477 3159
3203 3103 2230 1745
1474 668 669 452
4232 3103 3203 1745
1046 1354 669 1420
2315 2519 2005 3880
3922 4132 1973 3323
278 529 3291 2193
2925 3778 4045 2540
1682 1911 3839 3461
2837 1940 4275 2210
2254 3844 3070 2425
897 370 369 2993
2616 4140 1838 2329
3920 1787 4247 1844
2297 4275 2210 2530
705 2543 3125 3058
3771 2353 2378 3263
2464 1573 3161 1908
3701 3940 2309 2954
3288 3738 2048 1928
122 4031 3502 2722
237 939 941 2676
1239 3553 4134 4358
3065 1996 3552 4191
1192 608 2921 2441
3146 3172 3342 2436
4345 2258 3161 1908
3348 1656 2297 3759
122 3890 3962 2722
1312 3883 3090 2133
1534 1535 3800 1937
284 128 286 2857
1156 362 1862 4358
1300 1030 2225 3890
1312 4031 3090 3248
2069 2125 2874 3627
4262 2631 2845 2369
132 118 948 4339
3838 1728 3763 2264
2230 3103 3224 1745
789 790 1915 3594
2178 3207 2006 2256
707 782 1331 3203
664 662 663 2510
2245 2183 1679 3563
1789 2230 4367 3224
2385 1798 1788 3795
2342 3963 3810 3225
3805 1981 3656 1689
846 1173 273 1873
2029 1684 1992 1720
793 213 888 2353
3757 4121 2606 3490
3277 3382 1778 2860
1011 1301 4235 2490
768 1295 624 2878
1717 4315 3897 2209
862 1334 864 2043
1269 1222 486 2027
2743 1978 2633 4333
1705 2398 3191 2347
3120 1444 1869 3008
2325 1530 3820 4114
2769 2191 2889 3157
83 507 1122 2557
3105 2929 1791 3605
3034 3395 3806 3535
2309 3145 2954 2094
4035 2736 4344 3460
3922 2693 3954 3087
60 401 182 3695
3624 2049 3787 2608
2925 173 3778 2540
3762 1842 1810 1707
2230 2785 4367 3224
4121 3844 2607 2096
2777 2039 2236 1914
3103 2785 2230 3224
3103 4323 1897 2020
2883 1902 2054 3392
1897 4323 3911 2020
3380 3948 3519 2917
4252 4288 1795 2531
1628 1570 2416 3881
1895 2665 3087 3149
1704 1831 3690 3193
3800 2156 1909 3671
2086 4283 3192 3554
3933 4216 1705 3712
2093 2779 3737 2780
2295 2135 4330 3966
1789 1753 4259 3118
1592 1647 4255 4081
3221 2312 1953 1959
2663 1704 2957 3398
73 74 178 2520
442 445 1319 2654
668 1354 2934 2455
1455 1470 3618 4181
2110 3366 3210 1977
3095 1897 3224 1994
1418 1414 1402 4023
2885 3987 2129 2492
3988 1712 1812 4159
4024 2923 1700 4328
4042 1889 4234 3340
681 1981 2632 3587
14 501 3293 3019
168 3862 1974 2573
1566 1596 1597 1993
1201 1075 1890 2394
3207 3709 1979 4136
928 1487 4026 3384
2952 1748 2032 1761
3377 4182 2947 2171
487 488 489 4317
3324 3762 2802 1707
2146 2440 3474 2268
2785 1897 4367 3224
152 488 487 4317
341 340 339 4194
1834 2379 2216 1835
670 4351 2281 3656
2204 2003 2756 2942
3947 4325 2259 2694
783 781 4232 2020
1789 1841 2448 4367
2047 2854 1942 2611
3224 1970 3911 3307
2213 2086 3661 2903
1586 1625 1543 2577
3543 3916 3955 2469
442 1319 181 2654
2373 2263 3964 2178
1712 2118 2613 3686
1938 3326 3688 3979
1878 3160 3318 3468
2103 2325 4114 3996
1175 230 4040 2159
440 1282 338 1838
1847 3924 2845 4270
2021 2400 1875 3575
88 651 1832 2147
1895 2380 3169 2665
3481 2963 3575 1691
3270 3512 4132 2023
659 4242 2858 2664
4102 3545 2931 1748
729 288 4211 2905
1867 4225 4177 1914
2627 2683 2111 2710
2334 2382 2360 3557
2858 1842 2178 3716
3445 1715 2495 1773
545 544 4388 4044
3259 2791 4261 1683
1687 3037 2402 2301
2318 1832 2847 2615
2254 4142 2766 2507
1996 4240 2915 3552
3124 1661 2832 4302
1662 3970 3331 3233
1280 875 874 3476
907 3240 3876 2077
1915 4277 3066 2678
3905 524 2747 2806
3160 3318 2008 1989
2860 2601 3685 3074
2968 1750 3217 1892
2837 4275 2682 1968
1714 3283 2506 1995
2563 1639 3710 3843
3940 3701 2309 2712
3436 3227 3878 2781
1707 3573 2624 3147
2886 2963 3670 2469
3296 3126 2877 4112
3355 2313 4218 1783
4366 2637 2270 4215
864 828 2043 3615
4078 2581 2480 1987
898 3841 3285 2491
4337 2844 1994 3693
1169 1109 1981 3656
1892 4166 1903 2966
2304 2509 1737 2742
3564 1889 3026 3098
2898 3580 4043 2276
2197 406 2423 4126
4337 1994 2948 3693
1737 4331 2441 2291
1975 3213 1767 2083
3213 3565 1767 2083
121 1300 3673 3890
1975 3565 3213 2083
3817 1899 2370 2364
2627 2683 3847 2106
4002 3057 2596 2293
828 2229 3615 4309
3857 4222 1686 2594
2099 4378 1987 3020
1097 956 1277 3248
1812 2853 3599 1941
1048 1626 437 2851
4008 2589 1975 2083
2901 3983 3636 3245
4103 2122 1854 3651
3381 3909 1859 2673
3623 3278 3886 1814
3664 2849 3438 1725
3755 188 1873 3620
3637 3366 2154 4249
1892 2083 2303 2966
2721 1965 2770 3043
1452 1442 1451 2534
1079 3654 4060 4028
3797 3457 4364 2839
1868 3897 3470 1979
2069 3498 2125 2515
3578 4100 2672 3135
594 4256 2592 3587
2576 3705 3611 4056
2663 1704 1743 2694
2432 3683 2915 3028
258 211 2132 3263
3969 2467 3316 2151
1885 3570 3950 2174
3991 2218 3375 3418
4092 3978 2318 3599
4020 1817 3769 4198
3268 3498 3455 2863
1856 3270 3512 4263
3739 3703 3901 3106
1097 1277 3829 3248
1310 964 2204 2222
2998 2440 2044 2268
1438 1456 2114 1934
2705 3751 3988 2339
2680 4049 4137 3348
1768 626 3574 2316
511 510 359 2964
4173 1623 3546 2919
1353 150 2632 3587
4277 4092 3066 2370
689 1310 1322 2204
3540 2280 3110 3389
4246 591 3166 2763
450 1528 452 4026
1493 696 2084 1869
175 2085 2036 2185
769 455 3390 2253
1210 84 3379 3918
1776 1757 2737 2033
1125 1225 233 3520
1970 1704 3513 3193
2016 3721 3198 2242
486 1269 2027 2673
2488 3209 2529 3047
2069 2217 2952 2511
3512 590 3495 2013
3829 3540 2280 2971
1608 1562 1626 2851
964 2222 2292 2756
1336 346 1149 4158
1497 2445 3817 3618
1413 1415 1414 3650
3215 2989 2169 2811
4164 3011 1766 2108
2086 4283 3554 3661
4247 1763 1844 4194
636 828 3086 3583
1576 1561 1574 2258
897 3675 2993 4346
3630 3000 3601 1840
512 514 3518 2769
2459 2810 2652 4045
3681 2955 2095 2041
3330 3983 2901 3706
3390 2253 4137 2630
1620 1621 1571 2181
1993 1103 4004 4062
1181 3653 4350 3946
3251 1847 2597 2805
3515 3709 2645 2389
3197 3154 1921 2790
1856 2023 3641 2604
1244 979 3123 1818
1815 2146 3199 3337
3977 2933 2399 3247
1734 2989 2765 3223
1269 2922 2027 2673
3433 3969 3316 2151
1598 1580 1596 2325
2882 2240 3367 3528
3626 1667 1783 2684
8 7 2891 2100
3067 3677 1793 3992
3776 4100 3578 1985
1915 387 3864 3994
1860 3325 2752 3164
2568 2217 2952 2728
3958 4049 3708 2053
2254 3844 1723 3070
3478 2841 4099 3922
3279 3305 3786 2661
1717 2254 3783 3070
3573 4237 2178 3570
2263 3964 2178 1979
3470 2110 3210 1977
4133 1823 2386 4240
3685 1658 3024 2227
2058 767 2807 1818
3869 1707 2624 3147
449 521 1372 4341
2091 3381 2673 3933
3832 1757 2033 3677
1279 802 2913 3895
2749 1734 3976 3164
2687 1966 2245 3845
1061 3653 4279 2103
138 980 137 4157
1348 236 3451 4380
1019 3775 3777 4380
3389 3569 1724 1990
2227 4255 3614 4081
2233 3390 2509 2630
2197 904 2336 3865
3501 3291 3475 2556
2130 2837 2931 1764
1940 2516 4359 1980
2642 3902 2172 3607
3495 1074 4099 2013
2199 3764 2413 3679
3444 1996 1690 2987
1691 653 3351 3905
1345 415 1811 3241
3257 2378 3263 1923
50 1153 2113 3394
1820 3828 2053 3303
311 242 3140 2585
2308 3566 2851 2725
3536 2073 1956 4335
4286 3988 1812 2339
3440 2637 2401 3508
2920 3347 4355 3485
3524 3051 3799 4097
1619 1602 1587 2807
2750 3525 2826 3514
581 315 314 2747
3500 1793 2104 2945
3093 814 2917 3205
4149 3827 3702 2927
339 135 1273 1927
1031 2333 2024 2545
40 719 39 4266
831 427 4123 1733
478 718 1326 3568
1762 4340 2547 3849
620 1104 1103 4004
1030 1341 245 2225
583 944 653 3351
3084 3749 4293 2028
3564 3340 3098 1769
4305 2816 1819 3467
3341 4166 2334 2382
4025 1944 4348 2331
498 2068 2013 3272
150 681 149 3587
2198 3316 3429 2317
1072 377 2260 3992
2843 3076 3434 2204
3824 3718 2011 3112
1180 953 39 3005
1736 2792 3770 2793
1974 2589 2844 2303
2568 2217 4145 2952
3460 3281 2298 3599
3721 2496 2600 1683
3393 3095 1994 2948
2036 3298 4216 3191
1037 98 1301 2490
2407 3564 2956 3026
1606 1562 2851 2337
498 3272 3791 2604
3150 3396 3914 2811
1877 3621 4188 2949
722 312 2078 4279
2130 4102 2931 1971
1694 3277 3704 1778
2072 2502 3304 1711
3695 2399 3247 1707
358 1282 3802 1838
89 4171 1899 2445
243 242 3653 2871
458 520 285 1869
2110 1977 2209 3537
491 492 2723 3767
218 919 918 1774
2422 2052 2272 4370
57 1079 1768 4060
897 902 370 3675
3615 1062 2486 2279
2110 3701 2195 2687
2079 2156 4229 3250
1642 1539 2872 3188
1996 3552 3444 1690
2653 3391 1903 2662
3757 2507 3326 3797
4219 1722 3640 2282
3962 2783 3119 2479
638 4305 1819 3868
2414 3930 4280 3178
2826 4064 3514 1980
1592 1647 4081 3074
1556 1560 1544 4202
2015 2985 3796 3923
2206 1563 2109 4214
3643 1571 1909 2800
2778 1800 2911 2722
1834 2379 3209 2131
1556 1557 1908 2109
2686 1943 2844 4367
1510 733 1896 4239
3565 3747 2388 1939
203 2913 2025 3895
3271 2323 3613 1978
1139 1294 605 3043
3797 3163 1763 2839
1699 3805 4217 2446
2959 2058 4258 2577
3997 3160 1878 3342
4166 1750 3968 2239
3231 3147 2712 3210
1966 3701 2235 4297
2428 1918 2719 1683
3701 2110 2235 4297
2606 3757 3490 1763
3231 2712 2428 3210
2202 3402 1875 4189
711 4211 3202 1777
2554 4142 1693 2254
4142 4136 1693 2254
2482 2859 2608 2623
1438 1437 2449 1814
1517 1432 1434 2714
1280 91 2126 3075
1196 1018 2869 3114
1919 3727 4319 3836
150 594 595 3587
1953 3626 4345 1908
1276 488 152 3247
3969 2327 3433 3316
3168 4166 2303 2382
4323 694 3911 2020
1894 2168 4277 2370
2539 2949 3249 3928
2707 4371 4033 3133
1742 4006 3258 2180
115 48 1138 3781
2487 433 3123 2177
3732 2212 2914 2007
1058 1059 3652 3729
1313 4339 4223 3555
662 2510 1958 2932
1793 3748 2612 3589
554 1179 1924 2397
3857 3700 3333 2422
3224 1789 1745 1970
2683 2710 1805 3813
1530 35 3820 4114
278 259 2610 3291
2481 3800 3310 1937
1940 3032 4097 2682
2713 3565 1939 4273
3640 3514 2044 2893
781 694 4323 2020
3246 1767 3550 2686
2504 2312 1959 3353
3161 3304 1709 2584
2589 1943 4332 2844
3999 3003 3810 3007
2783 2479 3818 4125
1132 3486 2927 2267
2776 2771 1786 3441
4375 3195 1873 2477
440 1673 1838 2535
4092 1712 2247 2613
1530 699 1633 3820
1634 1530 1633 3820
2083 2626 2986 2303
1259 598 599 2522
4317 488 2399 3247
1832 88 2147 1941
1897 3179 1943 2844
3453 1311 2274 4279
1974 3179 1897 2844
2712 2428 3366 2094
3576 2244 4292 3233
1657 1663 1591 3469
3913 398 3295 3773
3066 2318 3766 3599
1361 709 2411 3993
72 750 175 2036
1424 1105 2114 3005
607 477 225 2148
3741 3419 3238 2610
2358 3406 4265 3200
403 2571 2494 4290
4317 2399 3297 1929
2156 2407 3310 2079
1800 2911 2722 2515
1137 226 723 2798
2300 435 2610 3361
3669 4376 1927 3174
3457 3370 1884 3282
1563 1556 1544 2109
42 1297 3879 3204
4109 2090 3246 2686
3310 3800 2079 1937
1135 582 314 1910
2165 2579 3726 1861
2575 2934 2705 3751
3628 4357 2548 2542
2483 2772 2211 3199
2228 3331 2321 3077
1933 659 4242 2858
3778 2128 2540 2806
1776 2737 4243 3647
4085 4330 2870 3966
4234 3831 3461 3340
2127 3464 1774 3026
1560 1550 1544 4202
2830 3736 3089 1956
1231 1375 2510 3865
1285 393 395 2834
608 607 1250 2148
3353 1980 3953 2371
2965 3531 1868 3717
347 1165 3264 3412
1846 4305 1755 3467
4241 2884 4355 3485
2692 3317 4236 2591
3221 1876 2918 2384
1752 1718 2292 2756
1103 620 3048 4062
76 75 3394 2794
3384 1487 1950 2679
2313 3364 2901 4139
3108 3095 3307 1921
368 3097 1844 2993
1420 2934 2455 2705
13 1274 4109 2090
4154 2461 3511 4075
3471 2840 2695 3369
804 1231 1329 2031
365 3380 3243 3948
1493 1508 1444 3120
1180 1060 2876 3039
3506 2160 2637 3440
587 1127 1081 2140
3214 1759 2825 4325
141 812 659 4242
1693 1997 2766 3856
2190 3046 2516 3353
3168 2095 1974 2303
710 463 3112 3222
919 1116 3042 1774
2986 2626 2844 2303
651 215 1832 2147
1211 1044 1092 1507
2461 1938 4154 4253
268 267 265 3497
1936 4226 1712 3178
1861 4321 2310 2383
2318 1832 3766 3599
2326 1876 3221 2384
4076 3435 1743 1884
2845 1715 4270 2427
3277 1930 2130 2824
4232 2042 1745 4265
3796 2983 3396 2081
746 1689 3441 2716
2244 3576 3310 1937
1116 4292 3042 1774
2451 2982 3579 1776
918 919 2244 1774
3246 3550 3595 3748
2190 3525 2750 3514
4002 3402 1722 3939
3221 2312 1694 4359
3464 1774 3026 4209
3742 3664 2662 4308
215 216 3926 2147
3747 3846 2713 1939
3514 2504 3353 2893
3857 1854 2236 2772
1083 1565 22 4009
1570 1628 1646 3881
1104 1191 243 2871
805 1291 806 4221
608 607 2148 2841
3739 2544 3016 2829
2190 2826 3514 3353
2503 3081 2618 3426
4237 3784 1885 3570
713 370 902 3097
1792 1301 2490 2221
214 216 215 2147
2504 2190 3514 3353
273 1173 529 3501
2566 4182 1920 3106
2098 2913 2025 3539
2852 1952 3315 2567
3721 1915 2537 3994
2168 1894 4277 3278
3460 3978 1812 3599
139 812 1880 4242
827 83 1122 2557
2021 3402 2777 2282
1832 2738 2147 3599
3118 1753 3665 2731
2148 3149 4290 2123
109 1249 4331 1737
3886 3792 3980 1934
4351 2789 3656 4346
3313 3756 4156 2944
817 44 819 4179
2134 1851 3931 3126
2030 2746 1731 2622
1599 3331 1937 3233
1884 3370 3176 3282
3914 2169 2811 3677
1555 4083 2598 2109
2738 4286 1812 1941
3203 4251 1862 2230
2541 3828 1820 2767
1036 165 1995 2556
505 506 653 2806
2083 1892 1903 2966
862 2043 3583 2940
4229 2156 1769 3561
2400 3543 3480 2202
2030 4064 2131 2826
1250 1318 608 2921
2062 3391 2653 2662
3281 3460 1812 3599
3926 3766 2147 2678
520 1483 519 3415
953 1180 1106 3005
3277 1930 2824 2384
3672 1710 3697 1865
2598 1940 2584 2210
3288 3945 2561 1928
3501 1173 3291 2556
216 3926 2147 2678
1856 2227 2077 3614
35 1530 1614 4114
109 1249 1960 4331
1974 2589 3179 2844
1217 1110 2834 2252
1105 616 4181 3121
496 718 476 3509
1102 1283 3725 2098
3464 2783 4019 3026
950 1669 1103 1993
3168 3217 2095 2303
3503 2761 2241 3134
3038 1618 4292 3042
2646 3898 1766 2361
2624 1966 3349 2954
1618 1652 1589 3038
1669 1598 1993 3996
1424 1105 953 1527
790 537 1915 3994
3099 1676 2887 3034
2809 2127 1774 3981
2548 3376 2542 2107
2302 4226 2288 2904
2463 2586 3443 3318
1899 2738 1941 3817
388 387 2537 4117
39 1472 4266 3005
3924 4147 4280 1955
537 789 790 1915
3954 2868 2188 3087
1084 673 1083 4009
1458 1457 4014 3921
2168 2114 3792 1814
2520 3359 3422 3687
4286 2738 4092 3817
2446 1699 1826 2174
1692 3617 2941 2775
2738 731 2147 1899
1945 2898 3580 4043
316 317 3301 2173
3464 4019 1889 4209
4008 2589 2083 2986
3965 1930 1833 2824
1720 2097 1751 2991
3229 1895 2148 3087
1556 1555 1557 2109
2785 1841 2230 4367
1736 4245 1714 1843
2789 1999 4090 3572
4013 3592 1827 2645
738 736 1652 4292
3391 3102 3276 1939
2626 3550 4273 2083
989 739 1618 3042
1116 2809 4292 1774
1668 3303 2763 1863
1534 1533 1535 3989
1424 614 1105 952
2598 1940 3304 2584
1414 1415 3399 3650
3640 2750 2131 3514
2971 2284 2061 3234
3597 3504 1932 1741
1105 952 953 1527
2982 1944 4025 3579
3189 2581 2122 1796
1492 1508 1493 3120
1424 1105 4181 3121
4229 2156 3098 1769
696 697 1491 695
835 836 1007 3860
38 1472 40 4266
4322 2542 3886 2107
1500 1466 2705 2339
3231 2712 1836 4261
2441 982 2841 4099
2600 4117 3864 4256
1789 1753 2230 1745
3556 4278 2867 1958
377 561 1213 2214
1555 1569 1660 3759
1987 3020 3189 2505
4228 2247 3278 3874
2737 3647 1696 3589
4138 4058 1843 4087
2195 2110 2687 4297
759 757 2341 3075
2853 1832 3599 1941
3564 2407 2079 3026
240 239 238 2876
1812 3978 4092 3599
4007 1861 3735 3116
2626 3550 2083 2986
2192 3393 2948 1921
317 1310 3301 2222
2222 4357 2542 3980
1943 2090 2785 2686
736 2809 3491 4292
2088 3448 2653 3102
362 1239 1862 4358
1424 1455 2364 3121
2496 1918 2719 2450
1492 1493 2084 3120
1929 2791 2298 2318
1750 2654 3602 3609
2706 3063 4196 3061
2706 981 3547 3130
4166 3341 1903 2966
3020 2832 3355 2505
2890 1744 2871 3946
788 789 3926 2678
3332 1875 1736 2007
2412 2814 2332 3879
1830 2381 2107 4016
580 2537 2771 2776
1518 1431 2979 2289
3525 3155 2750 2826
2296 1957 3159 3008
2869 3234 3114 4098
3729 3652 3984 1791
50 1054 2233 3394
4303 3265 2850 1820
212 923 3048 2784
1472 1456 4266 3005
1981 2446 2632 2592
1126 1291 805 4221
608 1250 2921 2148
376 1258 3691 2945
2320 2335 4285 3635
2699 1287 3119 2479
2137 3062 2455 4262
2242 3807 3434 1857
3376 2064 4016 1907
1760 3449 3803 2519
2848 2771 1729 2242
1559 1546 1551 3262
1557 1561 1560 1908
4273 1767 2083 2986
2533 3402 3780 2021
2770 3354 1912 2753
695 1388 2084 4266
2075 3753 4345 1709
1557 1573 1574 1908
80 880 79 2454
3721 2719 2016 3198
3721 2719 3198 2242
4206 4064 1980 3953
2087 2708 2032 2023
1767 4008 2083 2986
474 476 3568 2188
1508 1512 2614 2449
1388 1456 1494 4266
1178 535 718 2698
695 719 40 4266
579 580 2771 2776
3301 316 3088 2843
761 45 760 3204
739 737 1618 3042
3062 2137 1950 4262
3309 824 1928 3187
1947 3296 4167 2375
1215 4295 2903 2970
1620 298 2481 2181
3081 4081 2430 3426
360 362 361 4358
3595 3550 4273 2629
2859 2935 2195 2965
2282 3332 4189 2750
1559 1627 1628 3262
1808 1422 4316 1765
908 907 32 2984
3933 1837 1705 4274
739 737 1652 4292
2849 2482 2049 2004
3055 3137 2885 2129
3576 3038 4292 3042
4021 3416 2007 1910
1763 3530 2988 2908
1470 1390 3618 4181
246 1300 2225 3673
736 737 1116 4292
84 3379 2562 2051
1436 1443 3056 1957
966 1311 3453 4279
3029 4102 1971 2863
2316 3328 2040 1800
4138 3771 2075 1843
3983 3626 3636 2258
2777 1722 1914 4219
3365 95 1872 2823
3525 3046 4087 2826
4003 2874 3372 1675
1736 3332 2007 1843
1286 250 3090 2479
2568 2837 3953 3610
1672 4212 2519 3065
1284 358 1893 1838
1797 2137 4108 3751
1461 4233 4316 3450
2408 1560 1908 4202
36 37 950 3996
2192 3197 3336 1921
3920 2839 3208 1844
1549 1582 1581 2601
3700 3035 3544 2236
4285 3754 2725 1711
2624 3869 3147 1836
2563 1993 4062 3710
1402 1414 1421 2829
274 548 3746 3345
2738 4286 1941 3817
3634 3504 2727 1741
181 328 2968 3609
2496 4217 1918 3572
3846 3391 1687 1939
2381 2548 4016 1907
318 1328 2843 2204
3048 2563 3710 1754
2532 1813 3079 3209
3208 3097 3675 2993
3218 3714 3885 2076
3330 1744 2328 4021
746 747 1142 1689
4182 2566 1847 2171
1630 989 1600 3576
736 738 737 4292
2367 1825 3982 3875
3160 1878 3342 2394
3949 2401 3508 3184
3582 1997 2819 3844
3381 1267 2091 2673
1862 3203 2230 4134
867 741 4311 2471
1745 4259 1988 3193
668 422 4369 2455
2380 3079 3852 3169
980 137 4157 2718
4131 2785 2686 4367
3805 1699 1787 1826
3302 1996 2768 1701
4362 2681 2161 2616
3132 2402 2019 3260
583 653 581 3905
830 829 4123 1703
3970 2809 2321 3233
1452 1423 2534 3907
1717 4253 2209 3186
3710 3048 2764 2433
2669 2589 3217 1892
4090 1938 4364 2839
4154 2461 4253 3537
2521 4235 1816 3893
3747 3276 1939 2083
217 1780 2873 2896
2017 3269 2057 3535
427 3612 1733 2635
527 526 3619 2404
3479 3159 2803 2349
420 419 2575 2853
2735 2564 3705 2576
1467 1517 4113 2979
3001 173 2925 2540
556 716 3556 2924
2335 3032 2030 2826
2784 2353 3771 1754
3424 149 1981 2632
1970 3393 4259 1704
2713 3565 2388 1939
2169 3914 3067 3677
2405 4065 3612 2080
2201 2602 3193 2560
1938 2232 2507 2209
2772 2483 2146 3199
3573 2362 4237 3570
3246 3500 2104 3541
1837 1913 3381 4272
3070 2606 3435 1884
1771 2828 2134 3362
3078 2111 3582 2819
1722 2440 3640 1834
172 2128 4388 3778
215 889 3766 2147
3843 1540 2879 2464
2726 4020 4198 3306
1890 3160 3841 2269
761 1241 3204 2224
3513 2694 2201 3193
681 1108 1981 2592
417 3281 4213 3297
1642 1540 1609 2879
1377 41 3752 3403
1862 3203 4134 4358
338 1155 440 1838
3330 3706 2890 3771
1933 2373 4242 1816
1736 2007 3228 1843
4378 3266 1987 3425
1736 1691 2792 1910
3457 1938 3797 4364
342 2569 2490 3669
3004 1797 2657 3930
3201 2043 2768 2690
2674 2746 2030 2622
1350 527 687 3373
417 418 2853 2836
4207 2045 1907 3477
1831 3156 3583 2940
3050 1771 3833 2319
1852 2341 4156 3232
29 1499 1697 3009
2448 2830 2015 3923
2083 2589 1892 2303
1899 2168 2364 3121
2273 3988 2979 2289
627 170 287 2095
692 998 2573 3179
317 1060 720 2173
2385 2626 3680 4095
3207 1933 3716 2396
2404 3373 3220 1802
159 2810 2553 2638
3401 2838 2797 1788
3844 4121 3631 2096
727 1280 91 3476
873 390 1253 2143
2058 1587 2832 1818
3940 3147 2712 1836
4109 1274 2894 2090
4367 1789 1994 3680
1353 152 487 3629
1718 836 3860 4017
922 616 1190 3121
1002 459 2292 2756
469 471 470 3632
953 1527 38 3005
4211 2155 2865 1777
3916 2218 2400 3375
1733 3346 3995 3788
3736 1801 2081 2376
4286 4113 2445 3817
3121 2136 2114 3005
3518 4054 1871 3378
1685 2969 4116 1855
2362 3573 3869 3570
1660 1573 1557 1908
1652 1542 1589 3038
2048 3333 1710 3094
4317 3977 2399 1929
1352 1702 2964 3521
2575 419 4108 2836
945 2536 3033 3867
3249 2047 1942 2389
2858 2664 3964 2178
4338 3294 2383 2196
2320 4138 1711 1709
3105 2333 2545 2929
77 872 1278 2067
2208 2683 3934 3813
36 2103 4114 3996
3879 3204 2803 2349
128 126 3415 127
871 1360 870 2208
3714 3527 3543 3480
3832 2033 3396 2811
3835 2704 4319 1721
4074 1914 2383 2196
2312 1953 1959 3046
2459 2925 4045 2540
2353 4029 4307 3771
3368 3034 3395 3806
3675 2789 4346 1845
3265 2215 4303 2850
3156 3608 3868 2527
1547 1663 1548 1807
1474 1528 3062 2455
2735 1976 3705 3359
438 2300 3472 2851
3231 2712 4261 2428
464 1267 161 4089
3447 1904 2962 2620
3572 3101 3724 3557
401 4085 4330 2870
1853 2739 4022 2822
363 361 1051 3505
2792 582 3140 1910
3203 1239 4134 4358
3545 4102 2931 1764
3441 2776 2716 2352
1712 2118 2247 2613
509 1358 3533 2546
2807 3534 4173 3546
2191 2769 2889 1963
1415 2294 3399 3650
3448 4187 2653 3102
48 46 3781 1828
2807 1874 3124 1818
3565 1939 4273 2083
1158 996 2984 3081
1121 996 796 2618
2379 4189 1813 2750
3810 3225 2877 1991
1750 2404 3968 2239
829 356 515 4071
910 2911 3890 3502
589 591 590 1960
2741 2205 2019 2466
363 1067 4069 3577
1943 4008 2686 2986
1841 1789 2230 4367
3565 1703 1767 3595
2133 3627 2515 2409
2830 1841 1789 2230
2206 1876 3494 2918
2234 1862 2470 2054
2813 2785 1841 2230
3856 2766 3326 2144
1920 2294 1712 3901
3155 3525 3142 2826
3693 3168 2303 2966
4171 1093 1899 4181
2357 3649 4061 3760
4259 1970 3513 3193
2475 1751 3249 1942
3140 1910 2890 2793
1204 92 90 2788
1204 515 2788 4071
1767 3565 3595 4273
3155 3332 3525 2750
3095 1974 1897 1994
3144 917 3006 2873
3837 2005 2189 3678
1137 1250 2798 2148
1833 1954 1815 3199
4384 1905 3816 3426
309 307 1897 2785
619 1094 618 2433
89 87 2906 1941
1834 2440 2529 3431
1589 1588 1662 3233
307 309 1943 2785
3614 4384 3029 3426
1446 1448 3584 2108
619 1612 1532 2433
3179 1143 1897 1943
4166 3341 2334 2447
842 679 3412 2734
3454 3624 2482 2004
3197 3154 3336 1921
286 284 2857 4017
561 3067 2945 3992
888 985 3014 1923
3915 1928 3333 2594
2017 3722 3971 2377
3886 4322 1814 1934
151 153 152 4352
1642 1609 3188 2879
1999 3101 3572 1845
2563 3843 2879 2464
1407 1406 3891 3423
192 193 2618 3190
3621 4025 1877 4188
1998 2203 4284 2476
337 335 333 4079
134 1197 670 2281
4212 4068 2519 3065
170 3681 2095 3862
1607 1616 2153 2337
3082 4373 3263 2498
2335 1709 3046 4087
674 502 2763 3230
3586 2459 3481 2540
9 28 2775 2100
1590 1588 1542 2430
1229 749 2436 4336
2275 3983 4139 2328
386 706 1168 1862
3439 1770 2486 3679
435 437 2308 2851
1878 3462 2344 3773
1736 4021 2007 1910
1704 2255 1831 3571
1586 2577 3496 2458
3700 1710 2422 3337
204 4248 3060 4153
819 43 2402 4179
4109 3246 4131 2686
2025 3850 2246 2031
41 429 428 3403
2334 3572 3724 3441
2830 3736 3536 3604
1792 2627 3674 3022
1442 3360 2574 2795
1938 2461 4154 4075
339 2569 1927 4247
3882 3405 2415 2029
110 502 1249 3230
1939 3595 4273 2629
444 1718 3860 3761
235 603 939 2625
1600 1618 1589 3038
1660 1555 3161 1908
630 2976 3255 3908
311 315 313 3586
134 136 1787 2281
1048 437 3472 2851
2783 3464 2127 3026
3278 2168 3886 1814
1419 1432 1413 3658
649 639 640 4236
1327 173 3001 2540
2503 1905 3927 3432
439 3802 3726 3888
1510 1896 3584 4239
1902 3505 4069 3577
719 39 4266 3039
1976 2735 3705 2576
3550 4131 2626 3748
1064 397 3917 4012
2997 2128 3481 4045
505 1234 2886 3670
1546 1550 1876 3494
3276 3102 3846 1939
209 210 2994 4347
3741 2872 3188 2879
2809 192 2618 3190
3603 3904 3328 1800
1078 903 904 2197
1704 1970 2255 3571
839 517 1305 1975
314 315 311 3586
2460 2685 3820 2103
1491 1492 1493 2084
2306 1749 4015 3219
2537 3721 2600 3864
518 840 3165 1320
758 759 347 3075
734 1510 733 732
2767 2763 1863 3230
2941 1692 2775 2080
3029 4384 3816 3426
1557 1555 1908 2109
3955 2400 3480 3402
2225 1030 3268 3890
1124 2575 2906 1941
1576 1667 3626 2684
374 2104 2558 2945
1508 1436 1444 3120
3977 3231 1929 2452
582 794 2792 3140
1061 36 4350 2103
43 1085 1086 3260
3327 2773 2187 2646
10 13 4109 2813
1331 4232 3103 3203
1959 3753 3356 2914
3753 3364 3356 2914
1477 857 858 764
2461 2334 1781 2443
3151 100 2067 4055
995 996 193 2618
1637 1640 3876 4255
2199 2997 3955 2533
1789 2230 3224 1745
1121 192 2618 3491
3097 3208 4082 2977
4109 3246 2104 3541
1736 3332 1843 3418
4099 1074 3922 2013
3416 2328 4021 2007
2728 1761 3226 2549
2206 1908 2109 4202
1752 2548 2194 1907
1445 1477 1511 3358
2887 1830 2064 4016
3332 1714 3142 1843
45 3479 3204 2349
2512 3707 2522 3872
1019 236 1020 4380
1401 1511 3312 3941
13 11 307 2813
3808 2916 3033 2795
2934 1484 2906 2339
3913 2648 4012 2578
2943 3350 4288 2741
192 193 1121 2618
3449 3065 4240 4191
2218 4296 2202 1875
3161 1711 3588 1709
4064 3514 1980 3953
2639 3037 2019 4150
466 577 576 1859
2484 4069 3334 3577
2381 3041 3623 2082
4306 1849 2002 2900
1905 3641 4384 3816
621 622 2304 3390
1117 3555 3256 1780
2176 2330 2743 4333
2840 3296 2063 3810
3345 549 2707 4033
2697 2814 3860 2349
4218 2275 2684 2901
2901 2313 2685 2311
2313 2458 2685 2311
2520 1872 2822 2398
2143 3283 3770 2378
3899 955 3437 3719
1169 369 670 3656
2876 240 3088 2173
1517 1431 2273 2979
748 1245 3123 3534
812 813 659 4242
2944 4167 2346 2375
3977 3869 1836 2452
3637 1784 4249 3542
3703 2544 2999 3016
3395 2691 2194 2538
3373 527 3619 2404
995 193 2503 2618
996 995 2503 2618
3229 1895 4371 2148
1878 3462 2000 2344
3771 4138 3082 2498
1869 2292 3008 3148
1996 3552 2238 3444
4245 3771 2498 1843
737 919 1116 3042
308 1331 3103 2813
2211 3221 2953 1984
578 320 319 2848
1524 697 1493 1371
1578 1554 1667 1783
3902 3229 2166 3607
697 696 1491 1371
1491 696 1493 1371
697 1491 1493 1371
325 326 822 1865
2344 3305 2578 2661
2407 918 2244 1774
2030 3155 3142 2826
1562 2153 2851 2337
3658 2118 3722 3286
3416 4021 2585 1910
1205 12 10 4084
1614 1598 1669 3996
1388 695 40 4266
999 836 1718 2756
3118 3665 3273 4348
1093 613 1899 4181
2985 2830 2731 2081
2957 2192 3282 3336
886 251 2407 2956
2420 2794 2992 2921
1873 3501 3475 2556
529 3501 3291 2193
2232 1717 2507 2209
1830 3840 3559 3427
166 187 3625 3620
3508 3440 2523 3184
746 1689 2537 3441
1409 1485 3269 3598
2122 2914 3416 2007
3062 1528 4026 2455
4064 2674 3032 2030
1977 4217 1918 2174
597 487 1159 4317
4166 3168 2303 2239
1118 1287 3883 3119
4180 2545 3670 1691
398 189 397 3913
1524 1483 519 1869
148 729 4211 2905
1214 2073 3113 3388
2212 1959 3651 3753
1663 3331 1807 3989
4131 3550 2626 2986
1389 3808 2139 4267
3896 1750 3602 1802
1163 853 606 2754
1940 3032 1980 4097
402 934 2399 4085
3677 1793 2405 2612
1748 2087 2032 2023
3885 3072 2895 2076
1807 3077 2444 3989
2751 3523 4136 3856
2448 2626 3772 4095
1105 1106 616 3121
537 387 1915 3994
2083 2626 2303 2966
1333 3437 3719 4198
2320 3082 4373 3238
3771 4245 3228 1843
2955 287 2095 3261
1993 4350 3946 4004
3826 2922 1819 2102
4082 2864 2011 3112
4021 2585 1910 2890
2203 2596 4212 2365
3766 3066 3599 2370
1865 1367 2744 3827
3257 888 3014 1923
1561 1557 1574 1908
2622 2030 3155 3142
474 477 473 2841
698 449 4175 2460
4011 1703 2899 4071
2351 3985 2761 1706
1953 2275 3753 4345
3736 2830 3089 2081
2109 1563 3704 4214
2690 4326 2484 2560
3036 3764 2987 2229
2167 2215 3759 2598
2797 4115 1788 1678
2667 3070 4076 1884
4341 1635 4175 2460
4345 3626 2258 1908
1697 2139 2795 4267
4360 2580 1790 3604
2202 4254 4037 2379
1573 1659 1574 2464
1893 4140 1838 2579
3819 3316 3113 3429
2658 2062 1775 4227
2819 3040 1805 2842
3493 3417 1877 4264
71 509 1976 2546
2326 2434 4302 4381
1860 2726 3429 2317
3685 1581 4169 3682
2488 2217 2728 1922
2242 3840 3427 1735
427 926 831 4123
3714 1672 3803 1690
3670 2545 3916 1691
3724 3441 2716 2352
1578 1552 1553 1783
1648 1547 1807 3989
145 1205 3541 3691
1033 177 2822 4162
2212 2328 2007 1843
2654 3747 1716 2388
3805 2789 4217 2446
1846 1362 4289 2185
163 485 2091 2673
2131 2750 2826 3514
855 711 2155 4211
1473 14 501 3293
2137 1881 2414 4262
336 333 2782 3720
1264 976 2706 3063
1011 1010 342 3669
2894 4109 2090 3246
1596 1598 2325 1993
2073 1801 3736 3691
3978 3259 4228 2318
2922 2162 1819 2102
2601 1549 4203 3704
4131 2448 2626 3748
4367 1789 3224 1994
583 582 2792 3905
1719 4218 3364 3356
2736 2920 3966 2657
2483 2190 2212 3732
2767 1960 2763 3230
244 995 246 2503
3940 3349 4355 4146
1437 1433 3658 1814
270 271 1982 4101
1593 1594 1565 3303
3708 1820 2767 1737
2095 3165 3862 1974
1785 2061 3234 3114
1331 308 11 2813
2215 2072 2502 3304
4142 3897 1979 3979
122 911 910 3502
3556 2867 3446 2924
488 152 2933 4317
307 4323 1897 2785
1636 1580 2325 2311
3991 1714 2506 3418
1579 1578 1667 2684
2137 2414 3930 1955
2841 982 3478 4099
1373 644 125 1948
629 628 167 2689
313 315 1327 3586
426 90 1342 2635
1752 2412 1957 3159
4065 3612 2080 2635
531 306 4305 2816
3382 2321 4209 3077
2122 3732 2914 2007
1035 390 391 3096
795 1035 2792 3770
1868 2110 3470 2209
1953 1876 2408 4202
1614 36 4114 3996
1495 1496 3360 4267
1699 1938 4075 4090
2137 1797 1881 3751
3565 2713 2724 1703
3701 2309 2712 2110
781 783 2042 2020
4032 3152 4192 2249
2959 1818 2577 3020
1467 1517 1398 4113
1664 1558 1564 4083
1539 1540 1642 2872
3154 2041 2790 2865
3103 4251 3203 2230
1867 4225 1914 4074
2736 2920 4035 4344
3944 3055 1883 1990
207 1033 2822 4162
2183 3349 1679 2393
81 83 82 2413
3545 2708 1748 2863
3586 2540 1910 2747
4324 1738 2366 3138
1206 9 2775 2100
3958 3265 2167 4303
2886 3646 2199 2469
238 2876 1894 2136
2764 4373 2562 2051
1940 3524 3032 2682
1577 3496 3355 2458
2618 3081 2430 3426
2459 2810 2581 2652
3226 3799 2665 1730
4206 2390 2605 4097
3945 1304 2561 2487
1943 4008 2090 2686
3332 1714 1843 3418
3046 2335 2826 2516
2144 3757 3174 3473
2709 2620 2438 4353
2596 4002 1722 4372
2568 2130 2511 2824
1253 795 3014 3770
2021 3402 2282 1875
4042 2069 2130 3965
3883 1312 4031 2133
4028 2976 2696 2698
3573 2178 1885 3570
1842 2006 1810 3371
1902 2234 4134 4358
2006 3573 2624 3371
3637 2309 3366 1784
3029 3464 2228 3426
2215 3759 2598 3304
3985 2801 4034 1824
861 3870 3522 3130
1868 2047 4142 1979
2113 2149 3394 2794
2320 2335 1731 4058
2385 3693 2966 1781
803 804 2913 4126
1285 4354 2834 2927
1104 2871 3946 4004
1863 502 2967 3230
3398 2957 4076 1743
2212 3651 3732 2914
1943 3179 4332 2844
1807 3277 2918 2384
3214 3201 2157 4260
4280 1936 1920 3178
3231 2174 1683 2452
784 49 1054 2628
3543 2702 3480 2202
3780 3939 2681 2039
1274 354 728 2894
728 354 375 2894
2273 2247 2714 2364
927 926 4123 2260
1905 3925 3641 2863
211 2132 3263 2051
2151 2073 3536 3113
2685 2325 3820 2103
388 389 1142 1689
1556 2206 2109 4202
2392 1945 3580 4043
122 121 120 3962
553 554 1924 3239
1361 1238 1343 3993
2897 4100 2737 4243
2111 2627 2710 2819
2362 3784 4237 3570
1274 64 354 2894
1920 2566 3901 2288
1672 2076 3803 2276
2334 4166 2447 3724
4042 2069 3627 2515
2312 2516 3353 4359
2333 3105 3652 1791
3619 3373 2404 1786
354 64 355 2894
1929 3231 2791 1683
2684 2313 2901 2311
3558 1784 3357 3542
1116 218 3190 1774
119 1028 3013 3053
1590 1665 1641 2984
120 121 1130 3962
1382 375 354 2894
2461 3795 1781 3186
2104 376 3691 2945
3804 2996 2401 3508
1031 198 1032 3105
2044 2146 2893 2268
1813 2880 3079 2622
3647 3796 1696 3923
1897 2844 4367 1994
1846 3072 4230 3712
462 64 1274 1767
1699 1787 2513 3163
526 3619 2404 2352
1686 1874 2046 4038
2457 4148 3746 2113
3869 4281 3570 2452
2963 2997 2128 3481
4220 4107 4383 3750
989 1618 1600 3576
3570 3784 2513 1826
1759 3947 2825 4325
241 3653 2585 4279
3467 3339 1759 3712
3857 3700 3035 3333
449 965 4378 2460
3973 2099 2577 2458
2302 2094 2904 3559
2464 2258 3161 3588
3983 3330 4139 2328
3711 2310 2936 3184
2191 2709 3177 3397
1243 1377 3752 3659
2043 3608 3583 2940
2474 2152 2683 1732
1668 1595 3303 1863
2603 3779 3055 1990
1001 46 1828 2870
380 1378 382 4198
1689 2789 3572 1845
2946 3540 2421 2248
1650 1634 2458 2311
213 2353 2784 2051
766 765 131 2058
2413 3764 2486 3679
1925 2928 4276 2028
608 112 982 2441
1382 375 2894 2558
3983 2075 4345 3588
1980 2837 3953 2371
4315 3017 2935 3537
1794 3673 3890 3962
4285 2725 2215 1711
379 207 1033 1853
3193 4326 3430 2560
191 1130 3673 3962
910 1029 121 3890
4109 2813 2785 1841
2385 2966 3795 1781
176 175 3298 2185
3805 2446 1826 1981
2764 2563 2879 3588
1794 2783 3962 2479
2218 2702 3543 2202
2212 2190 2282 3732
1726 3251 1965 3529
4276 3212 4293 2028
3844 3582 1723 3040
1661 1585 1587 2832
1603 1583 3828 2530
4357 3628 2548 2614
1342 468 426 2635
1659 1540 3843 2464
2111 3782 1732 1997
859 860 1619 2807
4145 2998 2044 2268
1196 686 957 3248
355 64 62 1703
3744 3431 3428 2022
2220 2066 1743 2437
1597 1566 1993 4062
2631 1427 2294 1765
2722 1794 2133 2515
3231 3977 2791 1836
2390 3209 2131 2488
355 62 356 1703
2437 2322 2617 3837
307 2090 2813 2785
3100 4096 1790 4340
3072 3885 1760 2076
2692 4342 3936 3410
2810 2553 2638 2583
2570 2729 1992 4320
2326 1876 2384 2163
2256 1966 2235 4297
829 355 356 1703
653 944 4180 3351
4341 449 4378 2460
2946 3839 3242 1675
3857 4222 1854 2772
3027 3790 1799 4284
830 355 829 1703
307 1943 2090 2785
4178 2142 3671 2115
307 3103 4323 2785
3680 2448 3292 4095
1714 4058 3142 1843
953 1106 1105 2136
1576 1596 3636 3245
4380 1370 2941 2775
1992 2478 1720 4320
1699 3805 4090 4217
3231 3210 2174 2452
2573 3095 3179 3911
1988 4238 4360 4096
3791 806 3927 2604
1647 1590 4255 4081
2185 2036 4216 1945
4376 2144 3163 3174
2956 250 2699 2479
62 64 3565 1703
1542 1624 2430 3491
1540 1642 2872 2879
3268 1029 2316 3890
4302 2505 4381 4218
2459 2122 4161 4045
356 62 2724 1703
523 3778 2540 2806
307 310 462 2090
629 693 694 3407
1930 2444 1833 2384
1686 3915 2594 2480
2915 2602 2768 1701
3480 2702 1672 2202
3741 3188 2072 2879
2335 2030 1731 4058
1233 632 626 3908
1867 4177 4294 1914
3803 1672 2519 3065
1060 317 240 2173
1699 3920 3163 2839
4293 3084 3158 3847
2326 3054 2619 2046
2299 4338 3581 2012
2428 3231 2174 1683
1390 1470 615 4171
4206 2488 2728 2605
2767 2820 3303 1863
1280 2341 3476 2466
1981 681 2592 3587
3189 1719 3364 2914
1087 1345 69 3241
2072 2308 2851 2725
2503 246 1905 3673
1489 68 69 3241
4322 2449 1814 1934
4350 2325 2103 3996
3082 2764 3419 2879
2764 3048 2051 2433
2929 2545 3375 3605
4034 4124 2055 3219
3277 1807 2444 2384
62 3565 2724 1703
1743 1704 2621 2694
2708 2068 3791 2604
2161 2343 3679 2279
1530 1636 1598 2325
3573 2624 3147 2235
1305 256 839 3213
1946 1445 3941 3358
1953 3626 2408 1783
1498 331 905 2139
3958 3708 1820 2053
1722 4219 3640 2146
2722 1800 3627 2280
256 63 64 3213
316 239 240 3088
2488 2131 2044 2529
2627 2221 3674 1732
372 1284 1893 2329
969 2933 2362 3247
1655 1608 1626 3188
3750 2576 2463 3611
256 1305 63 3213
2024 3942 3774 1804
3302 2782 2343 2720
1116 192 2809 3190
63 1305 1364 3213
1353 151 3629 2632
2151 2073 3736 3536
2764 2563 3843 2879
1635 1633 4175 2460
3259 3978 2791 2318
603 602 3551 2625
1320 839 840 4332
3054 2326 2434 2505
495 498 497 2068
2041 1921 2314 1777
911 122 4031 3502
3932 2320 3195 4058
2162 2922 1859 2102
4254 2379 1813 2532
1650 1586 3496 2458
1081 1127 24 2140
1116 192 736 4292
840 1143 692 4332
1719 3221 4381 1959
3011 1766 1986 4176
3753 2212 3046 1843
1549 1548 2601 4203
3623 3658 1814 2691
2110 3366 1977 3537
1699 1938 4090 2839
1143 841 1943 4332
1897 1943 2686 4367
4240 2915 3552 1998
4065 2283 1692 4167
2783 2127 1794 3981
1925 4276 2463 3318
998 1143 309 1897
2589 839 2669 4332
1680 2746 3754 3635
1143 840 841 4332
1538 1661 3124 4302
2589 2669 3165 4332
1326 718 535 2698
2309 2712 3366 2094
4064 4206 2488 2044
547 548 2071 3746
2519 1760 2005 3880
2218 1875 3375 3418
2275 3626 4218 2684
1878 3997 2463 3318
2437 4349 2617 2175
3208 1913 4082 2977
2340 3734 3853 2287
3180 1760 2141 3073
877 879 878 4208
2320 4285 3238 3754
3731 1890 2106 3813
1845 148 2155 4211
788 238 1894 2136
1105 2136 3121 3005
840 692 3179 4332
841 839 4008 4332
55 53 903 3205
3179 1143 1943 4332
2506 1714 2477 2622
2880 1813 3018 4244
521 522 1372 4341
3330 3983 3706 3245
2953 1833 1984 3562
3626 1953 2408 1908
3201 2043 2987 2768
1130 191 120 3962
3199 1954 2422 2272
1555 1660 1557 1908
2879 2464 3161 3588
3603 3863 2512 1800
2434 1553 4302 1783
1262 2520 3422 2823
4342 2749 3976 1700
1709 2335 3046 2516
2135 3762 2802 4330
1358 187 1858 3984
3072 1759 1760 2898
1883 2512 2522 1990
3688 1938 3979 3950
2322 4349 2175 2937
2925 1758 2652 4045
653 4180 3670 1691
1656 1567 1568 3759
3844 2607 3070 2425
1209 597 1832 2847
839 1320 2669 4332
584 585 2038 1773
1873 3475 2457 1731
162 341 368 1844
3103 1897 3224 2020
2448 3772 2015 4095
332 24 3808 2139
3281 2853 4213 1832
1819 638 3868 3583
2535 3302 3720 3577
469 976 1235 2706
2136 2168 2114 3792
89 214 731 1899
4044 2199 3404 4053
3984 2506 2980 1791
3673 2127 3426 3190
4323 3103 1897 2785
1324 957 3090 2866
4008 1767 2686 2986
1711 2879 3161 3588
2042 783 4232 2020
1875 4296 4189 3418
1789 1753 1745 4259
3158 2819 1805 3847
2894 3246 1767 3595
2479 2133 4125 2061
309 1897 1943 2785
2512 3863 2778 1800
3790 4349 3027 1799
2284 3818 2133 4125
4128 4357 3980 1934
1573 1609 1659 2464
1347 1331 4251 3203
2837 4359 1980 3610
1822 1858 3352 2477
4148 276 2113 2715
1719 3189 3651 2914
3103 4232 4323 2020
2831 1928 3035 3333
3279 3786 3694 2661
4370 2046 2345 4038
1103 1566 617 4062
2236 2777 1914 4219
266 800 3906 2517
1608 3188 2072 2851
516 1228 2788 2301
2084 696 2981 1869
2059 3017 3795 2443
694 998 4323 1897
3826 3339 3467 2102
2008 4186 4059 4093
967 968 4299 2910
2665 2549 3149 3607
2300 3472 3741 3918
3103 3224 1745 2020
3095 1974 3179 1897
1750 181 3220 3609
2879 2502 3304 3161
1745 1970 4259 3193
3528 2240 4220 4383
2626 2385 3772 4095
3498 1748 3455 2863
138 1240 1927 4157
315 524 2540 2747
1785 3114 3002 4165
4375 1858 2980 2477
214 2147 1899 3489
1683 2600 4334 2592
4102 1748 1971 2863
1705 2821 2398 4274
1364 1306 2388 1975
4341 521 3973 2099
3267 2036 1945 3191
3168 3693 1781 2382
2386 2602 1988 2201
1778 2860 3828 3270
4128 2173 4357 2222
4191 4133 2157 4260
1573 1660 3161 1908
3355 2505 4302 4218
309 310 307 1943
46 401 60 4330
1760 3449 2076 3803
2217 2568 2044 2728
3983 3636 3245 2258
2128 2963 3481 2806
706 1347 4251 3203
4138 2075 3588 1709
3901 1676 3734 2999
2215 4285 3524 3635
614 1424 1105 4181
2921 2420 2742 2441
2212 3332 2282 3525
1632 1595 1529 1863
3828 1820 2767 3303
1744 2078 1796 4279
747 896 1689 4346
2257 2484 3334 3577
1578 1577 1552 3355
2185 1695 3900 4230
2831 3738 2048 2010
2882 4301 2240 3528
2601 1548 3469 1807
1020 1019 4380 2941
215 1209 1832 3766
2400 2218 1875 3575
2581 2810 2583 2652
938 1185 3777 1742
2066 3118 3665 3273
3962 1794 2479 2133
1680 2215 3524 3635
2146 1815 1682 3337
1694 3277 2837 2824
782 783 781 4232
1913 2988 3381 2219
2320 4285 3754 3635
782 1298 783 4232
4025 3811 4348 1877
4255 1592 4081 3074
4286 2445 1941 3817
969 152 153 2933
139 1386 812 1816
2994 1070 3681 3202
1517 1434 2273 2714
155 159 2958 2553
1545 1548 1549 4203
998 309 4323 1897
782 308 1331 4232
871 870 3151 2208
3072 3218 3885 2895
2428 3366 2094 1784
2895 3072 1759 1760
3939 1867 2039 1914
1288 1313 4223 3555
3290 1950 2878 1955
1554 1553 1550 1783
831 1204 1733 4071
2076 3714 1672 3803
4042 2511 3965 1911
3142 3525 4087 2826
852 854 851 3910
2295 2135 2802 4330
2069 4042 2130 1971
2894 3246 3595 2558
3081 3614 4081 3426
2626 2686 2986 4367
1881 2631 2294 4159
3036 1755 2527 2895
1999 2789 3675 1845
3317 2692 3936 2591
2660 1704 2102 2825
144 1246 2517 3388
1672 3480 2596 1690
2308 2072 2851 2337
628 209 167 3108
1300 2225 3673 3890
4337 2948 1921 2790
1563 1549 2975 3704
1118 191 218 3119
1578 1553 1554 1783
740 210 208 4347
2825 1759 4048 2141
1748 2708 3455 2863
1668 1595 1565 3303
1800 3498 2911 2515
2030 1731 4058 2622
2880 3352 1708 2477
1434 1455 1497 2364
1714 2506 1813 2622
1400 1510 3584 4239
712 3097 2155 3112
46 48 47 1828
146 1845 2716 2905
970 3692 3324 3247
2357 3387 3141 2817
1938 4090 4364 2265
3163 3920 4247 1844
1881 1464 2455 2705
1826 2446 2174 2452
4006 3833 2180 1864
1723 1983 3417 4264
914 1141 4153 2324
3706 2871 3771 1754
3082 2764 2879 3588
4325 4133 2259 2694
3368 2887 3034 3806
3427 2064 1735 3558
3932 3263 2498 1923
1096 911 4031 3502
4090 1999 4364 2265
711 1152 3824 2262
2422 1682 3859 2587
4109 3246 1841 4131
2199 3527 2074 3955
3646 2886 2199 2413
391 303 944 4180
3057 4002 3552 2293
1714 3332 3142 3418
948 936 4223 2180
845 2042 3237 2689
3447 3497 1982 2150
2173 4128 4357 3980
2077 2227 4255 3614
2047 2554 3249 1942
3570 1885 3210 2174
3857 2772 3199 2272
1551 1546 1876 3262
3653 242 2890 2871
620 1191 1104 4004
2440 2146 2044 2268
273 856 1873 3746
4161 2777 1854 3732
4222 1719 1984 2272
1223 2816 4289 2027
2537 1689 2450 3441
126 128 3415 763
2255 3108 2314 4347
1046 1354 1420 2934
3339 2922 3467 2102
1366 894 845 3237
1533 1599 3331 1937
4088 2070 3976 3832
1425 1426 1881 2631
673 1368 4009 2763
3447 4101 2523 2150
4145 2044 2893 2268
3366 2428 2154 4249
2406 1755 3218 2895
3729 3984 2980 1791
2782 2161 3679 2279
3936 2676 1684 3976
3203 4232 1745 3606
3330 3706 2075 3245
1966 3573 2006 2235
1845 3557 2865 1777
1063 1064 2939 4012
783 295 844 4265
2190 2483 1959 2211
2178 3207 2256 1979
1874 2668 2807 3124
4376 2521 3669 1816
2475 1751 2949 3249
1979 2263 4136 3979
3840 2251 2719 3198
2064 1830 3427 4016
3054 1538 3124 2434
3331 1533 1937 3989
1858 1822 2980 2477
1786 4166 2239 3724
845 894 1237 3237
3339 3909 2102 4048
580 578 655 2776
1325 171 1357 2925
3857 4222 2594 1854
3741 3419 2879 1711
315 1327 3586 2540
2607 3417 1743 3794
3545 1764 4384 3029
3641 3432 4384 3614
1237 894 1238 3237
190 60 61 2135
2111 2683 1732 2710
1237 1238 628 3237
4157 1927 1880 2513
3011 1697 1986 2108
1936 3485 4226 3178
2170 2166 2740 2172
3747 2713 2388 1939
1465 1881 2455 4262
2050 3289 1751 3249
3086 3036 1755 3868
448 965 966 2078
4381 1719 1959 3356
358 359 1893 2579
293 295 1298 4265
2420 3322 2742 2291
2043 828 3608 2229
4138 3082 1711 1709
989 1618 3576 3042
2746 2674 3745 3799
3654 3908 2040 3455
93 343 2283 1947
2421 2124 3411 2270
232 949 2158 2671
3036 3086 3608 3868
3442 2586 3018 1886
1600 1630 3576 2481
2109 2584 4214 2210
2400 2963 2997 3955
1009 2778 2316 2911
2545 1691 3096 2929
2390 2488 2605 3815
2963 2886 2199 2469
4049 3958 4137 3348
592 969 2362 3692
1163 61 1810 2721
186 187 1358 3984
2753 3354 4036 2754
1867 3444 3939 2161
1270 2995 3846 4179
3084 3631 2189 3158
1187 545 2128 4053
2483 2211 1815 3199
95 1262 3422 2823
2185 1846 1695 4230
3417 2322 2220 2437
266 3906 2470 2517
526 2404 3059 2352
2657 4241 4280 3178
2468 4385 3528 2392
1660 2502 2464 3161
418 652 997 4213
2379 2532 1835 3209
1908 1556 2109 4202
3725 1101 3813 3972
2195 2687 1868 4297
3974 3198 3874 2107
3193 1745 4326 2560
1682 2703 3839 3170
2660 2621 2102 4048
288 4211 2905 2865
94 749 3365 1872
902 3097 3675 2155
3419 2872 3741 2879
303 391 1031 2545
3050 1829 1882 2305
3031 2950 2919 3884
692 168 890 3179
3401 1803 1788 3128
839 2589 2669 1975
840 692 890 3179
2516 2312 2584 4359
64 63 3565 3213
2589 839 4008 1975
3206 2306 3219 2641
3430 4326 2358 3406
1694 3221 4359 4214
1714 2622 3155 3142
3149 2494 4290 2123
2066 1743 2259 3513
2444 1807 3989 2163
3349 3145 1936 2954
3977 2399 1929 4344
2879 1609 2502 2464
1364 1305 1975 3213
1750 3276 1892 3968
2380 1886 3047 2172
2791 1683 4334 2847
1899 89 2445 1941
1559 1546 3494 2918
1320 839 2669 1975
3619 655 2776 2352
4230 2185 3712 3580
3678 4197 3798 3854
2984 1158 3081 2430
401 1001 935 2870
3762 3695 2802 4330
998 692 1143 3179
1712 1812 4092 2289
4283 1952 2359 3420
3747 3565 2388 1975
1567 1569 1568 3759
3747 1750 3276 1892
3940 2624 3349 2954
1320 840 3165 4332
4151 2493 2018 3801
841 4008 1943 4332
693 694 3407 3911
3082 2879 1711 3588
1380 805 3272 4221
655 943 2776 2352
3991 2506 1995 1791
3305 3997 1878 3773
1356 638 3086 3868
291 1067 977 3334
1550 1553 1551 1876
2480 1818 1987 2505
1573 1660 2502 2464
2738 3766 3599 2370
2782 333 2535 3720
2891 3914 3067 2100
3786 1886 2642 2172
2016 1915 3066 2615
89 1093 214 1899
692 998 693 2573
85 211 730 2051
382 381 380 4198
1580 1576 1596 3636
1182 199 873 2143
3314 2356 1677 2429
3215 2989 2775 2080
482 480 2056 4387
886 251 2956 2699
1954 1833 4374 3199
27 1309 26 2080
3837 2189 2200 3678
947 122 133 4031
3704 2975 4214 2210
3392 3196 1688 3421
4065 2405 3612 1733
1761 2125 4073 3138
3277 2601 3382 1807
1306 1364 1305 1975
2294 3399 3739 1765
4003 4145 1911 2268
2540 3481 2747 2806
2011 4272 1859 3222
4261 2428 2251 1683
378 1170 2739 2908
1699 3950 2513 1826
1983 3783 4264 3928
4090 3511 4217 3572
1813 4254 2532 4244
1787 1927 3163 4247
2362 4281 3784 3570
1717 4141 3401 2667
3897 1868 3470 2209
1897 1943 2785 2686
663 665 200 4327
636 3086 3868 3583
2755 1063 4012 2344
84 1210 86 3918
2566 1920 3901 3106
3015 3910 3185 2754
2360 2239 2905 3261
153 4352 2362 4281
1966 2624 3701 2954
263 4295 2599 3522
239 961 3088 3594
932 269 4101 3244
3688 1699 3950 2513
1159 489 997 3297
487 1353 3629 4317
1763 3457 2839 1913
2190 3046 3525 2826
2273 4092 2247 3817
2606 3457 3797 1763
2256 2235 3470 4297
98 1037 378 2739
998 3179 1897 3911
3940 3347 2624 1836
3864 691 4256 2592
1821 2243 3903 3639
1712 2613 3901 3686
3978 3460 3178 2298
1455 1424 2364 2114
2802 3695 3247 1707
1966 2183 2624 3349
2118 3658 3623 2082
2898 4216 1945 3580
537 538 1915 3864
3040 3158 1805 2842
3765 3055 3657 1990
3457 3490 1837 3370
3324 2802 3247 1707
3592 4013 2067 1732
2217 4003 2069 2125
3731 3160 1989 3146
3877 3683 2054 3392
2961 2183 3529 2770
2771 2776 2450 3441
1609 1540 1659 2464
24 1471 1081 2140
2328 3753 2075 1843
3893 3122 2092 1732
1169 1142 896 1689
2168 2714 3278 2364
2464 2563 2258 3588
2410 2419 1768 4060
3109 2902 1888 2184
4376 3163 4247 3174
645 657 3935 2105
1812 4286 2339 1941
2705 1500 3988 2979
3089 2376 3500 2104
3845 2245 2243 3064
121 1029 1030 3890
793 791 4029 3014
2854 1717 2554 3783
560 1063 1053 2344
2092 3122 2474 1732
1509 3062 1950 4262
1609 1573 2502 2464
4002 1867 3552 2293
96 1301 98 1792
489 4317 2399 3297
2200 3045 3134 1706
2183 3371 4146 2753
3627 2069 2409 1675
169 167 2994 2573
2655 4164 3109 3698
2600 1915 2016 4334
1374 1003 3692 1842
3068 2552 4188 2900
3775 3617 2670 2590
2140 2038 3808 2916
3298 485 2027 2673
202 920 203 2025
1885 3688 3950 2513
1789 2448 2015 3292
2791 3485 2593 2094
1899 2168 3121 3489
3621 1671 1751 2475
4029 2353 2793 3771
839 841 840 4332
1398 1397 4113 2445
3287 1808 4233 3450
3347 3869 2624 1836
3978 1812 4092 4159
1830 2302 2613 1676
4226 1712 2593 2613
2884 4241 4355 4146
3485 4226 3178 2593
1434 1432 1433 2714
1970 3393 1704 3307
3862 168 1974 3179
2761 2241 3134 1706
1712 4226 2302 2613
2478 1674 1848 2231
3747 2654 3609 1975
1634 1635 1650 2460
957 3090 2866 2061
1618 737 4292 3042
1023 299 2800 2181
1696 3589 3923 3500
890 168 3862 3179
3214 4133 4325 4260
2244 3576 4292 3042
3055 3987 3183 1739
335 337 2616 4079
2958 3738 2553 2010
2032 2708 2223 4073
3088 1136 3594 1729
3690 4260 2694 2201
3376 3807 2242 2717
4222 4103 1854 3651
1395 1519 1957 1685
3391 2088 2653 3102
2843 2848 1729 3434
4357 3886 3980 1934
3307 3108 1921 2314
3364 2275 3753 3356
2412 3368 3806 3477
2600 1915 4334 4256
3160 4276 3146 3342
1831 2255 3993 3571
2484 1701 1902 3577
2975 4083 2109 2210
322 321 1879 4067
2981 4128 4357 2222
3754 3238 2725 1711
1371 520 458 1869
2994 3681 3862 2573
4226 3145 2288 2904
3315 2852 2567 1926
1657 1591 1592 3074
815 816 356 2724
2519 1823 2315 2005
2982 1671 4025 3621
596 889 1247 2615
2607 4121 3490 2425
1512 3056 2614 2449
2490 2739 3473 2908
1806 4236 3130 2758
3341 4166 3968 2447
692 693 168 2573
613 615 614 4181
3828 1603 2530 3303
1284 338 1838 4079
681 595 1108 2592
214 216 2147 3489
794 795 2792 3770
187 3625 3620 1858
1357 172 545 4388
1209 215 596 3766
2090 4109 2813 2785
3926 1915 3066 2678
2390 2674 2030 2622
3896 3448 1716 3102
3036 1755 3218 2074
964 1322 1310 2204
309 308 781 4323
663 661 4327 2932
3185 4036 3117 3338
746 1142 389 1689
2130 2952 2931 2511
2414 4280 1920 3178
1419 2118 3650 3722
2854 1717 4315 3897
1253 795 793 3014
4082 3370 3718 2011
2810 2925 2652 4045
1699 4090 3920 2839
2886 1234 3646 2469
168 169 3862 2573
1413 1414 1418 3650
3582 3078 1723 3928
1390 4171 2445 3618
3876 1640 2984 2077
1413 1419 3658 3650
2668 2807 3124 1818
637 894 863 2940
3206 2417 3880 4155
1702 395 2834 2252
998 309 781 4323
1569 1567 2337 3759
2485 3267 2576 2928
4337 3168 3693 2790
4075 1699 4090 4217
2702 2202 4254 4037
1944 4141 2220 3401
3470 2235 1885 3570
4003 4042 2409 1911
3610 1940 4097 2682
4136 1693 2254 2766
3078 2111 1997 1693
218 1774 3119 3981
1397 1507 2906 2445
4280 4241 1936 3178
1778 4275 2210 1968
2484 4326 3406 2271
3171 2761 1741 3227
3932 3238 3291 3475
1702 3094 4039 2964
2549 2665 3815 3607
845 629 2042 2689
4247 1763 2839 1844
806 3240 3927 2604
3862 3681 1974 2573
1918 2450 3572 3441
1789 2015 3118 3292
896 747 897 4346
1331 308 3103 4323
3056 2194 2538 1957
595 691 1108 2592
170 169 1202 3862
3035 2594 2583 1854
168 169 170 3862
1894 4269 3886 3980
3978 3460 2298 3599
1247 889 539 3926
789 539 216 3926
4092 2738 2247 3817
629 844 2042 3407
3722 2118 3686 2082
631 1233 2976 3908
1428 1502 1468 4287
4171 1899 2445 3618
922 216 214 3489
319 525 578 2848
2125 3498 2040 3138
590 588 1960 3495
3731 3160 1890 2269
149 681 2632 3587
594 596 1247 2615
2994 2041 2314 3202
890 168 170 3862
170 1202 3681 3862
1976 3267 2972 2546
4197 3768 3798 3854
2583 2122 2652 1854
1402 1418 4023 2377
3754 4285 2215 3635
2718 4157 3784 1826
814 715 53 3093
3947 4133 3449 1823
1691 653 3905 2806
4241 3485 1936 3178
4201 2309 2954 2687
1466 1467 1500 2705
2137 1881 2455 3751
3122 2221 2474 1732
2736 2920 2657 4035
3011 4176 4063 1850
1550 1546 1544 3494
2606 3070 3435 2425
2295 2884 2920 4355
2498 4138 4058 1843
3366 2428 1977 1918
2607 3417 4076 1743
1938 1699 3797 2839
4251 3103 2813 2230
289 1202 1070 3681
2334 1781 2382 3101
1273 1927 1787 4247
3078 2254 3844 1723
1787 1699 3920 3163
943 746 389 2537
4092 4228 4277 3066
3950 1699 1977 2174
3621 1678 3299 2475
2333 3652 3367 1791
2593 3259 2302 2613
2714 2168 3278 1814
3709 2047 4142 1693
2761 3503 1741 3227
3097 713 4082 3112
922 214 3121 3489
1832 2318 3766 2615
4281 1826 2452 2632
789 961 790 3594
3558 1735 2088 2717
1455 1434 1454 2364
2364 1424 3121 2114
2994 3095 2573 3108
2354 3137 3661 2903
476 718 3568 2698
98 96 1792 2823
3700 3857 3035 1854
3626 1667 2408 1783
2963 3670 1691 2806
384 386 4144 2470
1622 4041 3413 3546
617 1612 618 4062
274 273 4148 3746
1062 930 3615 2486
1690 3218 2987 2157
1581 2601 3685 4169
3603 3863 2647 2512
313 312 311 2274
169 1070 1202 3681
3764 3809 2486 3679
3959 1234 3774 3670
176 175 174 3298
3738 2831 2553 2010
2326 1984 4374 3562
1575 1576 1574 2258
2275 3626 3983 2258
4161 2652 3544 2777
174 207 163 3298
4083 2297 2210 2530
287 170 1202 3681
2021 2039 3544 2777
2545 2024 3670 3916
1009 2778 2911 3502
1740 2695 3982 2773
3764 2557 2413 4309
3909 2621 3176 2660
1954 1815 3199 1682
1657 1582 2601 3074
2626 2448 3680 4095
2746 2674 3169 2622
2312 1709 3046 2516
2509 1680 3265 3957
796 1158 1624 2430
864 2043 2257 3615
496 476 495 3509
2532 1886 1835 3209
2948 3693 3197 2790
2997 2021 3481 3575
2571 231 2197 2745
2236 4219 2483 3732
1123 71 2085 1976
2986 2686 2844 4367
3544 4161 2777 1854
1755 3036 3218 2895
3124 3054 2832 2505
3095 1974 2573 3179
3909 3339 2673 3933
4131 2626 2686 2986
2532 3079 1886 3209
806 3272 4221 2604
2131 4064 2488 2044
2127 2863 1794 3816
3718 3154 3557 1777
47 2878 4369 3004
1590 2984 4255 3081
123 603 3551 3405
4359 1694 4214 2210
3255 3268 3908 3455
2199 3679 4044 3404
1154 160 163 2219
1202 289 2955 3681
598 1259 184 2522
620 617 618 4062
3188 3741 2072 2851
4078 2581 1987 3189
1704 2102 2825 3690
1914 1710 3337 2748
1383 157 3738 2638
1997 4121 3844 2425
2789 4090 4217 3572
1288 1289 3555 1991
4049 3958 3348 2053
3082 2563 1754 2764
3402 4105 2533 3780
3759 1555 2598 3304
3753 2275 2075 4345
3332 2212 3732 2007
168 692 2573 3179
3745 2674 3524 3799
3217 3165 2095 1974
1555 2598 3304 2109
3485 1936 4226 2954
2628 2308 2112 3361
2417 4107 3601 3880
2952 4102 1748 1971
3365 1229 3139 4336
4371 1895 2992 2148
3390 2509 2630 3708
3242 3744 2117 2065
504 506 505 2886
4145 2511 1911 1815
570 988 1630 2481
630 496 497 2976
4104 3825 3217 2095
225 1137 2798 2123
1593 3828 2442 3303
2312 3221 2206 4359
3609 517 2669 1975
2442 1594 3166 3567
4306 1677 2900 3943
1606 1608 2072 2851
1561 1554 1560 2408
4371 4033 3133 2992
974 975 3063 2395
4281 2362 3869 3570
2203 3057 2596 2365
1680 2457 2715 3754
1987 2832 3020 2505
2386 1988 2432 4096
3936 4342 3976 3410
1734 1172 3451 2765
2591 3410 2029 2758
1673 3302 1838 2535
3407 2042 2689 3911
2850 3524 2682 3823
2275 3983 2075 4345
1876 3494 2163 3262
1648 1628 2416 3881
2565 3610 4097 2682
2217 4145 2952 2511
3165 4104 3217 2095
4049 3708 1863 3230
1744 3425 2078 2685
1976 3533 2735 2564
892 51 1316 2509
4052 1613 3876 3567
693 167 2573 3407
2234 1862 4134 4358
525 319 527 3373
1094 84 212 2433
840 890 1260 3165
859 1619 2058 2807
2440 1722 3640 2146
1574 2464 2258 1908
2609 3284 3386 1978
1635 1634 1633 2460
18 929 4386 2967
4168 2680 3030 4137
890 170 1260 3165
1634 1654 1580 2311
1835 2387 2172 2528
2308 2112 2337 2630
1974 168 2573 3179
1714 3195 1731 4058
1971 3818 4019 2515
694 844 629 3407
978 546 3439 1770
231 403 1175 2571
3409 3315 1926 3311
167 2994 2573 3108
3665 4238 3849 2731
3603 2366 4291 2647
2333 3793 1695 3900
4221 3512 3216 2604
3017 3537 3795 2443
1960 2767 4331 1737
1996 2987 2768 2157
1658 1582 1592 2227
708 304 709 1819
3189 2122 2914 1796
674 502 1368 2763
2442 3828 2820 3303
1633 4175 2460 3820
2246 663 4327 2510
534 536 1079 4060
3221 2312 1959 2211
1719 4381 4218 3356
436 666 457 2153
4301 1822 4383 4244
1680 2112 2630 3265
1895 3169 2149 2992
2087 3270 1968 2541
21 1531 330 3876
4222 3857 1686 2272
2832 3355 2505 4302
4170 3466 2526 3187
1761 2032 3344 4073
2416 1570 3049 3881
2283 26 2941 3127
3355 2313 2505 4218
3572 1689 1845 2716
2831 3035 2583 3544
1954 2422 2272 4370
2710 2208 3972 3167
3192 1756 1958 3093
2975 3704 1778 2210
3051 3745 3524 3799
1366 863 894 2940
518 517 1320 2669
2759 3597 2799 3696
3909 1859 3339 2102
2388 1364 1975 3213
3565 2713 1703 3595
3267 1976 3705 2576
1630 1620 298 2481
3565 1364 2388 3213
3051 3585 3823 3487
4103 4222 1719 3651
1856 2860 2227 3614
1680 2746 2457 3754
310 841 4008 1943
4327 2246 3171 3538
1143 309 1897 1943
3633 1962 3938 4001
2379 1813 2532 3209
2708 3791 3641 2604
2557 3036 3764 2074
3082 4138 3588 1709
2790 3168 2382 2360
706 707 1347 3203
646 470 2179 3194
2581 2583 4103 1854
518 328 3609 4104
518 328 517 3609
626 632 1256 3908
2167 3348 2297 3759
3738 261 2048 2010
784 2628 2715 3361
3927 3432 3641 2604
4197 3790 2175 3678
517 328 181 3609
1097 4031 3829 1724
3576 1599 1937 3233
181 1319 517 3609
1276 970 3324 3247
4368 2119 1746 2423
2029 2706 3131 3061
3636 1576 3245 2258
951 1103 1566 617
3544 3035 1854 2236
1807 2444 2384 2163
2233 1680 2112 2630
2312 1953 2584 2206
3586 311 2585 2274
2236 2777 4219 3732
3556 4278 3093 2917
2686 1943 2986 2844
1560 1557 1908 4202
1319 1306 517 3609
1856 2077 2604 3614
258 3257 2132 1923
4345 3161 3588 1709
4222 1686 2594 2505
4166 1892 2303 2966
3988 2273 1812 2289
3802 2165 3726 3888
1249 589 1960 2763
4359 2837 1980 2371
2326 3054 2434 2619
1928 1383 2638 3187
1970 2689 3911 3307
1638 3567 2227 2077
1886 1835 2172 2528
3798 3633 2567 2426
1320 518 2669 3165
3331 1937 2321 3077
464 466 4089 3222
627 290 328 3825
3700 3857 1854 2236
4161 2021 3481 4045
2568 4145 2044 3953
288 2905 3261 2865
3676 2066 3513 1988
230 55 231 2745
2955 287 3681 2095
1873 3755 3352 2071
548 1293 547 3917
702 600 3569 3872
4327 3171 2510 2932
2696 3344 2223 4073
313 311 3586 2274
3160 1878 2269 3468
2304 51 3390 2509
1873 1173 3501 2556
2984 3432 2077 3081
1834 3640 2750 2131
1755 4305 2527 2895
1200 290 3261 3059
287 290 627 3825
1350 688 179 1802
1719 2326 4381 1984
2077 3927 2604 3614
42 819 44 4179
2371 1833 1815 2953
3420 1756 2917 3205
769 622 1296 3390
1015 245 1016 3925
3180 3073 3794 2005
622 929 18 2967
2040 2316 1800 2911
59 854 1842 3324
3653 1744 4279 2103
2308 2112 2725 2167
688 1350 687 1802
4207 1716 3761 1802
1356 636 827 3086
4002 1867 3939 1914
2086 2354 2903 2599
1719 3221 1959 2211
808 493 810 3867
1229 749 3172 2436
4207 3448 1716 1802
2921 608 2148 2441
3220 179 3602 1802
1350 179 3220 1802
76 725 724 3133
3373 1350 3220 1802
3780 4362 1758 2039
1854 2236 2483 3732
687 1350 3373 1802
3791 3927 3641 2604
714 367 3556 2917
3764 2229 3615 2279
1586 4341 3973 2458
2830 1841 2230 3089
2003 1857 4207 1802
3957 3823 3487 2291
2003 4207 2942 1802
1744 3653 2871 3946
400 787 3705 4056
1175 230 2159 3482
2997 2400 3955 2021
399 2735 3295 4056
1576 1579 1667 2684
1539 1655 3472 3188
397 1216 3917 2648
2483 2504 2146 2211
4362 2681 4294 2039
37 35 1614 4114
720 719 2084 4128
3569 1724 1990 3872
3010 4059 2913 2491
4132 3495 4099 3922
3603 1883 4119 2512
1856 3024 3216 2077
1716 3896 3761 1802
2259 1823 2437 3676
432 823 2508 2744
1722 4002 3939 2039
1355 436 437 2153
2054 3196 2580 2037
689 1322 690 2942
797 1542 738 3491
2553 2583 2652 3544
2326 2505 1719 4381
1296 49 769 3390
689 690 688 2942
999 688 690 2942
908 907 2984 2077
2410 4250 1746 3205
2527 3036 2895 3214
1543 1653 1587 2058
2410 4163 3420 3205
3955 3402 2533 2021
2284 2133 2971 2061
1664 4083 2975 2530
2524 1849 2138 3104
860 1602 2807 4173
999 443 688 2942
1256 601 625 3574
398 3913 3295 4056
1143 998 3179 1897
4373 3238 3932 2498
3939 1867 4294 2039
2198 3591 1817 4198
3108 2255 2411 4347
1734 1860 4020 2765
1616 1562 1607 2153
1272 2208 3934 3813
1032 1384 2333 3793
3685 1778 3828 3682
193 996 1121 2618
3651 2212 3753 2914
3051 3745 3799 1730
1590 3081 4081 2430
2968 2404 2239 3059
2553 2831 2583 3544
2831 2048 3333 1710
301 1031 1032 2333
518 1260 4104 3165
625 1256 3574 2316
1322 689 2204 2942
2353 3257 3014 2378
3601 2417 3880 1840
2872 2764 3843 2879
1541 1572 1611 3643
1813 1714 2622 3155
690 1322 2756 2942
1996 4240 3552 4191
3978 3178 2593 2298
1322 2204 2756 2942
1651 1605 2680 3348
1771 3258 3833 1972
3754 4285 2725 2215
181 328 3220 2968
1089 86 3472 3918
806 946 3791 3927
75 2113 3394 2794
3642 1871 2962 3378
1613 1565 3166 4052
2021 4161 2652 4045
3054 2619 2046 3413
184 1259 2603 2522
2887 2064 2862 3806
1196 1018 1017 2869
4246 2820 1960 2763
3771 3082 3263 2498
1561 1576 3626 2258
2630 2509 3265 3708
1584 1658 1638 2227
3276 1939 2083 1892
4170 280 3466 3187
2124 3540 2009 3389
2757 4368 2119 1746
76 892 2420 3394
2326 3221 4381 1984
1553 1552 1538 4302
1953 3221 1959 3356
1944 2985 4348 2331
3140 314 2585 1910
238 961 788 1894
684 1277 3829 3389
3564 2956 4125 2115
856 547 2071 3746
2601 1778 3685 4169
1544 1545 4203 3494
3220 181 2968 3609
419 1119 4108 2836
2713 4011 1703 3595
1435 1437 2691 2538
2112 2630 3265 2215
3818 2479 2133 4125
631 632 1233 3908
3201 2768 2157 4260
1555 3304 3161 1908
1180 2876 3792 3039
351 1337 1151 4165
1758 2958 2553 2010
1938 2232 3186 2265
2955 2095 2239 3261
688 687 2204 2942
2573 3095 3911 3307
1828 2137 3004 1955
599 1147 1259 2603
2232 3070 2606 2425
179 688 443 3602
1750 3220 2968 3609
1694 3221 4214 2918
3341 2334 1781 2382
2162 2411 3993 3300
2325 1598 4114 3996
1029 910 2911 3890
1538 3124 2434 4302
3876 1638 2227 2077
4138 2320 2335 1709
443 442 179 3602
1101 879 1100 3725
777 1225 778 2711
1708 2149 2071 3345
3742 3834 4249 4308
2003 1718 2756 2942
443 999 3761 2942
1658 1584 3024 2227
89 2906 2445 1941
2204 2003 2942 1802
448 2907 4378 2078
999 690 2756 2942
1805 3146 2856 2106
2968 1750 1892 2239
3614 4255 3081 4081
1694 2824 2371 2953
442 444 445 3761
122 910 3890 3502
2706 1235 2543 4196
2420 2742 2441 2291
443 444 442 3761
2868 2549 3954 3344
4294 2831 3035 1710
257 1036 1275 1923
3741 2300 3566 2851
2746 1680 3524 3635
877 3139 3172 4208
3759 2215 2502 3304
3266 4078 1987 3425
18 621 622 2967
443 999 444 3761
2003 4207 1718 2942
3076 3373 4187 1802
3302 2690 2343 2484
4207 3761 2942 1802
3076 687 3373 1802
3761 3896 3602 1802
3448 1857 4187 1802
366 365 3948 3519
4234 3730 3340 1769
179 688 3602 1802
2399 3977 3247 1707
284 1002 285 3148
1442 1451 2534 4233
185 3951 3254 2290
3238 2610 2193 3754
4345 3161 1709 2584
284 285 128 3148
2329 3025 2048 2010
2665 3954 1730 3087
2074 3527 1690 2533
285 520 128 3148
1002 4017 2756 3148
2206 2584 4359 4214
244 1905 3791 3927
1813 2506 2477 2622
4017 2292 2756 3148
1380 498 2013 3272
3171 2525 2510 1958
2292 1002 2756 3148
366 3948 2290 3519
2949 3783 3249 3928
1002 284 4017 3148
1262 2520 2823 2822
3402 1722 3939 2039
2296 3312 3415 3148
1822 3533 1858 2564
2406 3527 3714 3885
3501 3475 2457 3746
535 1178 536 4028
2798 3229 2148 2123
3035 2831 2010 3544
3527 3955 3480 2533
1529 1615 4386 1863
4259 3513 1988 3193
2404 1750 2968 2239
3654 2976 2040 4073
891 3288 3945 2561
3568 1326 3482 2698
2674 3032 1731 3635
2690 2602 3430 2560
1758 1770 2958 2010
2048 2831 4294 1710
1029 910 1009 2316
2708 2087 1973 2023
2857 3312 2296 3148
2292 1752 3008 3148
1752 2857 3008 3148
505 506 2963 2886
1680 2233 2509 2630
3245 3983 2258 3588
824 1383 1928 3187
1973 2188 2223 3516
2581 2480 1987 3189
1917 4193 3561 3593
3090 3883 2479 2133
824 158 2638 3187
3947 2825 4325 2694
2681 3939 4294 2039
675 352 2142 2115
3766 2738 2147 2370
1540 2872 3843 2879
1625 1586 3973 2577
35 36 721 4114
127 520 519 3415
1483 127 519 3415
110 111 621 2304
3910 852 1810 2754
4187 2404 3220 1802
1744 2325 2685 2103
1401 126 127 3415
127 128 520 3415
448 1000 283 2907
2055 4268 3219 2641
1401 127 1483 3415
1760 3072 2898 3580
2545 2024 3916 1804
112 982 2441 4099
1857 3448 4207 1802
1542 1588 3970 2430
2268 2146 1815 1682
3818 2284 1889 4125
3927 3240 2077 2604
979 282 2959 2058
495 476 1220 3516
687 3076 2204 1802
2325 1580 2901 2311
3049 3644 3593 4111
1957 1752 3159 3008
511 1352 2964 3521
499 495 3516 2013
365 54 58 3243
2419 58 3243 3894
246 245 1905 2225
1029 632 1341 3268
3741 3566 2072 2851
724 1137 723 2707
3056 3120 2614 3008
4246 3512 2820 3216
261 2833 2048 2010
3218 3527 3714 2076
964 963 459 2292
3439 2782 2616 3679
1718 1716 3860 3761
1221 2402 3260 2301
2072 2879 2502 1711
285 1002 459 2292
2252 1261 2165 3521
1643 65 1088 2919
459 1002 690 2756
724 725 1137 2707
459 963 458 2292
825 802 3010 4126
2755 2798 1964 2707
285 459 458 2292
3120 2981 2614 3008
15 501 3293 1773
1911 3162 3839 3461
844 781 783 2042
1613 21 4052 3876
1436 3056 2296 3008
2520 2485 3687 2398
1436 3120 3056 3008
667 1562 1616 2153
2792 1910 3905 2747
2285 1686 4370 4038
518 3609 2669 4104
3255 2708 3925 3641
1311 966 312 4279
476 718 2698 3509
3036 3218 2895 3214
4021 1736 2007 3228
2312 3221 1694 2953
1752 2981 2292 3008
3780 1758 2021 2652
549 724 723 2707
888 257 985 1923
1436 1444 3120 3008
1194 1161 1162 2092
1175 478 3568 2159
3109 3383 2912 1888
1794 2783 2133 2515
2483 2212 3651 3732
1752 1718 4017 2292
3056 1752 1957 3008
1322 459 690 2756
1036 2132 3932 1923
4326 2690 2484 3406
836 999 1002 2756
934 401 935 2870
3160 3731 1890 3146
3782 1997 1693 3856
1745 4232 4265 3606
3841 3160 1878 2269
154 1357 545 4388
4148 274 3746 2113
1856 3024 4263 3216
1444 1436 2296 3008
2003 1752 3628 2292
738 736 796 3491
3512 1856 3216 2604
345 680 3963 4080
3552 1867 2238 3444
3367 2333 2468 3900
934 935 1119 4005
1331 782 4232 3203
2610 3361 3754 2725
1745 3224 1970 2020
1810 3762 1707 3371
3977 2933 4317 2399
3924 3251 2855 1866
727 91 2126 3476
542 1005 1111 3440
4164 1697 2108 4047
2251 1830 3840 3559
3136 3156 1831 3993
1874 1686 3124 1818
957 956 1324 3090
2003 3628 2222 2292
3957 2541 1737 3487
2708 1748 3455 4073
3240 20 3876 3567
2212 3753 2914 2328
3925 3255 3641 2863
963 964 2981 2292
3072 1846 2406 2895
3032 4064 1980 4097
2296 2857 3159 3941
284 286 1007 4017
1635 1586 1650 2458
351 1150 352 4165
3129 2660 1921 2314
1007 836 284 4017
3566 3741 2725 1711
1854 2236 2772 2483
4351 3805 3920 2281
3809 1690 4105 2533
2143 873 2929 1791
4017 1752 2292 3148
2703 2946 3949 2368
3944 3055 3137 3648
2654 445 1716 3761
3322 3051 3823 2291
3616 3833 3851 3560
1241 761 762 2224
1781 2790 2382 3557
761 760 762 2224
1330 304 2162 1819
286 763 762 2224
621 1316 51 2304
3041 3278 3874 2107
762 760 286 2224
2416 4229 3250 2207
3204 1241 1916 2224
45 42 44 2349
3159 2412 2803 2349
494 1219 3767 2338
2166 4368 3021 2760
2895 2527 3214 3467
1971 3029 2127 4019
1801 3150 2081 2376
2193 4314 2715 3361
454 666 1616 2253
3498 3268 2911 3890
311 2585 2274 4279
2681 4362 4294 2010
1084 20 1126 4246
3780 2652 2039 3544
252 1118 218 3119
2400 2202 3402 1875
4085 2802 4330 3966
193 3673 3426 3190
122 133 4031 3962
1764 3382 2860 2228
2702 3714 3480 1672
2412 2814 2803 2349
59 1842 1810 3324
329 907 908 3240
1728 3744 2264 3409
957 686 956 3248
796 2618 2430 3491
1925 3687 2856 2436
457 49 784 2628
1408 3645 2377 2730
3511 1977 4217 1918
330 907 329 3876
2814 2412 1718 2349
2412 3159 1718 2349
737 1116 4292 3042
1880 139 4242 1816
42 45 3204 2349
2119 3919 2423 2336
919 988 2244 3042
1176 882 869 3365
2596 3057 3552 2293
1797 682 4369 3004
723 2798 2755 2707
3626 1576 2684 3636
244 2503 1905 3927
2872 1642 3188 2879
3533 1858 2564 2546
2503 3673 3816 3426
2039 3544 2777 2236
1253 1183 873 2143
3879 42 3204 2349
2119 3919 1746 2423
294 295 3406 3200
1031 197 3105 2929
3266 4078 1796 3453
4139 3425 1796 2685
725 1318 1250 3133
87 1124 420 2906
2459 2581 2122 2652
1804 2406 3527 3714
2854 4315 1868 3897
60 401 3695 4330
2236 2772 2146 3199
2442 1638 3567 2227
2681 1867 2161 4177
1130 121 3673 3962
3166 4246 3216 3567
2762 2996 2834 2267
3226 2032 3323 3954
45 44 2697 2349
964 1322 2222 2756
44 42 2697 2349
42 3132 2697 2349
45 835 3860 2349
3829 2280 2133 2061
1643 4041 2919 1747
2024 4180 2545 3670
1153 274 4148 2113
892 76 50 3394
1401 1445 1511 3941
1781 3154 2790 3557
1750 4166 1892 2239
2190 3640 2483 2146
2879 2563 2464 3588
3479 2857 3159 4017
3030 3390 2253 4137
4250 2410 2261 4060
1933 4013 2092 1827
2135 1828 4330 3966
1507 1044 1397 2906
1160 1933 2092 1827
3479 1718 3860 4017
4091 1520 1772 3423
3068 2595 2960 2991
1007 3479 3860 4017
3826 3136 4305 2527
1524 1444 1483 1869
286 2857 3479 4017
3424 134 1787 2281
959 960 4112 3532
1780 4195 2644 4377
3349 4241 1936 4257
3312 128 3415 3148
1133 983 479 4387
2735 398 3295 4056
1007 286 3479 4017
2853 88 1832 1941
393 1285 4354 2834
3025 2831 2048 2010
1617 1670 1616 2253
2943 3159 2803 3941
87 1211 89 2906
836 1002 284 4017
1718 3479 3860 2349
1647 1590 4081 3074
1445 1401 1946 3941
1271 445 1270 2388
1440 1516 1986 4063
3223 4380 2941 2775
3216 1856 2077 2604
908 1291 329 3240
2545 1691 2929 3375
3169 2674 3799 2390
1973 3922 3516 2013
957 3829 3248 2061
1535 1648 2416 3989
1079 536 1233 3654
818 1271 1270 2388
1871 2671 4205 2472
2844 1994 3693 3680
1470 1424 614 4181
3897 3470 3979 2209
3366 2309 2094 1784
1075 900 3841 2394
3350 2943 4288 1685
1306 1271 1364 2388
818 815 1364 2388
2858 1842 2664 2178
329 21 330 3876
818 1364 1271 2388
2022 1922 2264 4365
445 1271 2654 2388
2768 3302 2690 2343
1880 592 3692 2664
1475 1487 1463 1950
1001 1828 3004 2870
3298 176 2185 2027
3417 2322 3837 3493
3016 1422 1808 1765
1423 25 1471 2140
3919 2197 2423 2336
4265 1298 2271 3606
1250 225 2798 2148
2809 2618 3426 3190
1119 682 4108 4005
1647 1637 1592 4255
445 444 1270 2697
3277 1694 2918 2384
1546 1807 3494 2918
3841 2269 2827 3285
92 515 516 2788
2504 2190 2146 3514
1736 4021 2793 3228
2225 3255 3925 2863
2133 2284 4125 2061
439 357 3802 3888
1960 1249 2763 3230
3171 4313 2761 2781
1052 3841 2000 3456
2803 2943 3941 2224
325 3945 1865 2744
3195 2320 1731 4058
1270 444 835 2697
1568 1664 1604 2297
44 835 45 2697
1270 835 44 2697
2840 1947 2375 2063
1080 1027 3889 2489
3107 1825 3975 3912
820 1806 2804 3899
1734 3451 2590 3223
4057 1931 4328 2145
3378 2278 3969 1963
476 3568 2188 2698
2761 4313 3227 2781
2242 1735 2439 2447
3350 2412 3159 2943
762 763 3941 2224
3400 3819 2467 3113
3312 286 2857 3941
2901 2325 3706 3245
2577 2832 3496 3020
499 1220 1074 2013
3490 1837 3370 1913
874 1280 3476 2466
3562 4374 4193 2207
646 648 4295 4363
355 64 1703 2894
2832 1818 1987 3020
3736 2830 2081 3604
3079 2390 2030 2622
1595 1603 1593 3303
2366 3328 1768 2647
75 549 3345 2794
3498 1794 2911 2722
3730 1917 2060 4370
2499 4116 3855 3836
2850 2215 2598 1940
42 3132 4179 2697
1742 938 2625 3789
2713 4011 2402 2724
4089 465 1859 3222
1275 1182 2143 1995
43 1221 819 2402
1594 1531 1613 3567
1153 50 75 3394
4168 1651 2680 3348
1015 244 1905 3791
727 2788 2639 3476
516 515 4071 2301
1463 1490 1461 2369
682 422 4108 4369
2708 3255 3455 2863
2165 2252 3521 2497
4068 4212 2519 1840
4064 4206 1980 4097
1953 4345 1709 2584
4220 2276 4107 2417
4374 1954 3199 2272
3168 2303 2966 2382
816 815 2995 2724
2086 4278 2179 3519
2788 2126 2639 3476
1632 4049 2053 1863
1064 549 1224 2707
1719 3221 2211 1984
3268 2316 2911 3890
2409 4003 1911 3839
2939 1064 1964 2707
2261 2733 4160 2696
478 1326 1175 3568
1846 1755 2895 3467
385 384 2470 2517
3159 2803 3941 2224
547 3917 3755 2071
1036 258 2132 1923
1876 2326 3221 4381
335 544 1770 2833
444 445 1716 2697
391 3351 3096 2929
454 457 666 2253
2943 2803 1916 2224
835 45 2697 2349
1355 666 436 2153
891 425 3288 2561
3939 4105 3780 4362
3480 2293 1690 4105
1770 2833 2958 2010
4373 3082 3419 1711
163 486 485 2673
1351 531 1846 2816
1953 1908 2584 2206
163 485 3298 2091
4029 3014 2793 2378
358 327 1893 2964
3124 3054 2434 4302
1358 1114 3984 2546
2087 3270 4132 2023
2693 4132 3323 3487
3545 1856 3270 2023
2407 2244 3310 2079
193 995 2503 3673
549 723 1224 2707
41 43 42 2205
875 428 874 2466
2820 2442 3166 3216
2283 4065 2080 2635
3612 1065 2080 2635
1381 61 3762 1810
2933 4281 3869 2452
3805 1981 2281 3656
3820 721 2103 4114
4063 2536 1850 2916
2789 1699 3805 4090
3297 1929 4344 2298
287 1202 289 2955
1158 996 32 2984
1052 899 3841 3456
2387 2022 1922 3763
42 1297 41 2205
347 759 3412 3075
4168 2680 4137 3348
41 1085 43 2205
2907 3466 2099 1987
1204 2788 1733 4071
4148 3501 2193 3475
3132 3879 2205 2019
3147 3231 2712 1836
273 1873 3501 3746
1345 1087 415 3241
51 892 3394 2509
1372 449 4341 4175
428 1085 41 2205
184 2603 1969 2522
445 2654 1716 2388
3270 1856 3512 2023
4049 1820 2053 1863
3753 1953 4345 1709
3945 4356 1865 2744
1271 1306 1319 2654
314 1135 3140 2585
2722 4031 2280 2133
4197 2175 2937 3173
2602 2201 3430 2560
1245 1244 3123 3534
438 435 1385 2300
630 632 2976 3908
3054 2832 2505 4302
3706 2075 3245 1754
385 384 4144 2470
130 1625 3973 4258
4294 4225 1710 1914
20 4246 4052 3216
1480 3280 4310 3241
4246 20 4221 3216
1722 1914 4219 3956
3448 3896 1716 1802
4331 112 2742 2441
762 763 764 3358
318 316 3301 2843
772 776 447 3819
4246 4052 3216 3567
51 50 2233 3394
4011 1687 2713 2402
3841 1878 2000 3468
3137 1898 3661 2903
1242 1243 1377 1916
1550 1544 1876 3494
475 474 473 3478
2650 2022 2391 4152
1444 2296 1869 3008
2968 1750 3609 3217
1399 1430 2774 2250
2247 3041 3623 3278
3751 1881 3988 4159
3416 2914 2328 2007
1306 1271 3747 2654
4278 3504 2727 3192
2374 4225 2497 4074
3275 2643 4284 2476
1937 2079 2321 4209
1241 1243 1242 1916
1953 2408 1908 4202
857 1266 1243 1916
3909 2660 1859 2102
1915 539 3926 2615
1749 2306 2586 3000
4099 4132 2693 3487
698 700 699 4175
1655 1626 1048 3472
1241 762 857 1916
4285 2320 1711 1709
1243 1241 857 1916
289 2955 3681 3202
764 126 1511 3358
3132 2814 2697 2349
1651 1567 1656 3348
1263 1122 3959 3942
1625 1543 3973 4258
1704 2663 3513 2694
510 327 359 2964
2585 1744 2274 4279
3082 2075 1754 3588
857 762 764 3358
2152 2627 3847 2106
744 677 886 2142
398 396 3295 3773
874 430 2466 3403
1241 1242 3204 1916
1807 1648 3989 2163
1242 2741 3204 1916
3498 2069 2125 1971
1478 1392 1488 3465
3229 1895 2666 4371
2857 1752 3159 4017
1670 454 1616 2253
631 1233 3654 2976
69 70 1087 3241
4288 1685 4252 1795
3024 2442 3216 3567
3471 1919 3982 3715
1480 1501 70 3241
3350 4288 2741 1795
1460 1396 1489 3280
4375 1873 3352 2477
3896 3448 4187 1802
3958 2630 3265 3708
4245 1995 3195 1923
794 2792 3140 2793
1396 1480 1489 3280
1345 69 3241 3659
2658 2814 3846 2402
178 177 2520 4162
52 534 2978 4060
4011 2724 1703 4071
815 3565 2713 2724
3852 2939 1964 1708
2832 3496 3020 3355
1785 3162 2409 3461
908 806 1291 3240
2984 2077 4255 3081
4294 3700 3035 2039
1377 1242 1916 3752
1653 765 1619 2058
1585 1543 1587 2577
2741 2205 2466 3403
499 1074 590 2013
1291 20 329 3240
3330 2901 4139 2685
3498 1794 2722 2515
819 1221 816 4179
2509 1680 2630 3265
662 663 2510 2932
1243 1377 1916 3752
2741 4288 2846 2531
723 837 3483 2798
1242 41 3204 2205
1220 499 3516 2013
2444 2384 2163 3562
3272 806 3791 2604
1663 1533 3331 3989
1601 1602 1537 2668
2353 3771 1754 3263
1242 41 2741 3752
129 131 4258 766
1905 1015 3791 3925
626 1256 2316 3908
1511 763 3312 3358
762 1916 3941 3358
1916 762 3941 2224
2420 1680 2149 3394
504 81 2886 3646
1930 1833 2824 2384
912 72 2085 2972
2412 2814 3879 2803
24 1471 2140 3808
286 2857 3941 2224
362 706 1156 1862
3265 1680 2850 3524
356 62 815 2724
2925 159 4200 2810
1538 1601 1537 3124
3593 1917 4111 2345
499 498 2068 2013
1503 3321 2026 3211
857 1477 3459 1916
1102 1283 1101 3725
3684 1760 2276 3880
2355 3838 1952 3315
2411 2255 3993 3300
1074 1220 3922 2013
836 1007 3860 4017
426 1309 2080 2635
2789 4351 2993 4346
4137 3390 2630 3708
3706 3048 2784 1754
1507 1390 4171 2445
776 1214 3819 3113
320 316 2843 1729
499 590 1380 2013
3985 2525 3069 2801
2581 2810 2638 2583
1271 3747 2654 2388
4245 2498 3195 4058
761 1241 1242 3204
3939 1867 2681 4294
441 4127 1673 3726
2504 2371 1815 2953
1577 1654 1650 2311
1220 476 3478 3516
2943 3350 3879 2803
2616 3025 4140 2329
3132 2814 2402 4179
4222 2505 1719 2272
1113 2221 2152 2474
2782 335 3439 2616
476 474 3478 2188
3159 1752 1718 4017
502 18 2967 3230
158 824 280 3187
1192 112 608 2441
3381 3909 2673 3933
1601 1661 1587 2832
1481 1394 3385 4174
1297 45 761 3204
1640 907 3876 2984
2943 1916 3941 2224
76 724 2794 3133
2435 2943 4288 3280
1460 1946 2435 1916
4132 3922 1973 2013
2639 3476 2019 3260
1220 499 495 3516
3350 2412 2943 1685
1394 1395 3269 1685
1362 532 1846 4289
1178 4028 2698 3509
91 1280 2126 3476
807 1199 2068 3791
2656 2969 3535 1685
2595 4328 2552 2960
2057 2656 3535 1685
769 49 457 2628
3353 3953 2893 2371
1536 1627 2434 2619
3352 2939 1708 2071
2656 2057 1957 1685
495 499 2068 2013
1477 857 764 3358
1687 3846 2713 2402
286 760 3479 2224
1396 1460 2435 3280
1703 4123 2899 4071
4150 3037 4382 3313
3495 4099 3922 2013
4028 2976 2698 3509
2956 3564 4125 3026
41 1242 2741 2205
12 11 10 4251
3676 2259 2386 1988
4252 1852 1795 2499
3828 4275 1968 1820
1134 588 1074 3495
2069 4042 3627 2409
761 1242 1297 3204
4288 2846 4118 4174
1241 762 1916 2224
4382 3995 2875 3788
1768 2733 2261 2696
1661 1601 3124 2832
520 1869 3415 3148
2868 2733 2696 2698
1964 2707 4371 4033
2122 2459 4161 3416
4189 3332 3155 2750
1964 2149 1708 3345
2958 156 3738 2010
2601 3704 1778 4169
815 62 3565 2724
3221 2326 2384 3562
448 966 3266 2078
1396 1395 1394 4174
2703 3859 3083 2374
2027 2185 4216 3712
2939 1708 2071 3345
90 2126 3484 3788
3755 2648 3352 2071
4374 1917 4370 2046
995 193 246 3673
1368 1615 2763 1863
2422 1682 3337 2748
1380 498 499 2013
1632 2680 4049 4386
2379 1813 3209 2131
431 1344 3534 3884
522 1666 700 1372
2833 261 3738 2010
3566 2072 2851 2725
2708 3545 3641 2863
1668 1368 1615 2763
2211 2772 1984 3199
3553 2484 1902 4069
156 155 2958 3738
1658 1637 1638 2227
373 371 324 3274
1895 1964 2666 4371
2680 1632 4049 2053
1355 1562 2153 2851
3332 3155 3142 3418
1964 1895 2149 4033
1234 507 3646 2469
2400 2218 2202 1875
1301 1038 4235 2221
2365 4372 2216 3431
3072 2406 3218 2895
2456 4086 1776 2033
4235 2521 2490 3674
673 591 589 2763
3705 3359 3687 2436
454 455 457 2253
2733 2868 2159 2698
1585 1587 2832 2577
1928 3035 3333 2594
2635 90 3484 3788
1539 1210 3379 3918
2899 2930 1733 4071
277 275 278 4314
805 498 1380 3272
3718 3824 2011 1777
2710 2111 2819 2812
3000 2417 3601 1840
3953 4145 2893 2371
2071 2149 3746 3345
3741 3472 2562 3918
2335 4285 1940 3304
1459 1519 1395 1685
3350 2412 3879 2803
4102 2130 1764 3029
1738 2733 1768 2696
1962 3798 3633 3938
271 269 3711 4101
2671 234 1871 4205
549 1064 3345 2707
1946 1519 2435 1685
20 1126 4246 4221
3970 4081 3074 2228
2831 4294 3035 2010
3535 3034 4116 1721
497 1199 630 2068
2814 2332 3879 3132
2057 1395 1957 1685
3745 3169 3799 1730
3246 3550 4131 2686
461 412 413 4224
3132 2814 4179 2697
1973 3922 2188 3516
1270 44 4179 2697
2814 1716 3846 2697
498 1199 497 2068
44 42 4179 2697
2149 1708 2071 3746
3879 2741 3204 2205
1860 3325 3164 4020
3464 1764 3029 2228
1547 1663 1807 3989
3464 2783 2127 4019
362 707 706 1862
3922 3478 2188 3516
3479 3159 1718 4017
631 1233 536 4028
3035 3857 2594 1854
1708 2149 2457 3746
1311 312 2274 4279
1654 1634 1650 2311
41 1297 3204 2205
597 1353 487 4317
829 4123 1703 4071
2244 570 3990 2481
1309 468 2283 2635
3514 1980 3953 2893
2581 2583 2122 2652
3180 3794 2617 2005
282 279 979 2526
2708 3791 3925 3641
1811 429 3752 3403
1580 1579 2684 2311
686 684 1277 3829
1973 3922 3954 2188
85 730 84 2562
1803 3401 2667 3128
3195 1714 1731 2622
2809 3970 2430 3233
4349 2437 3676 1762
2813 3103 2785 2230
497 630 2976 2068
913 2085 2185 3900
470 555 646 2179
1946 2943 1916 3941
2741 2943 2803 1916
631 630 632 2976
1559 1648 2163 3881
2674 3032 2030 1731
3226 2549 2665 3815
3565 3747 1939 2083
4145 3953 2511 2371
41 1297 1242 3204
212 730 211 2051
753 780 4170 2700
3879 3350 2741 1795
2167 3348 4303 2297
1402 1408 2377 2730
2410 2419 4291 1768
2045 2656 2332 3929
1693 3713 2645 2389
371 261 372 2048
3689 2656 2045 3929
2658 2045 2332 3929
3142 3525 1843 4087
1593 1584 1594 2442
673 589 674 2763
3545 1856 3641 4384
766 2959 2058 4258
311 312 241 4279
659 832 1933 4242
3206 2315 2005 3880
3046 2312 2516 3353
806 1291 3240 4221
3475 3238 3754 1731
3346 3578 2875 3235
908 806 3240 3927
445 1270 1716 2697
2069 2125 3627 2515
718 1326 3568 2698
1178 496 631 2976
4225 4177 4294 1710
1946 3159 2943 3941
627 3825 4104 2095
1718 836 4017 2756
835 444 836 3860
496 497 2976 3509
536 1178 631 4028
3255 2708 3641 2863
999 444 1718 3860
45 1007 3479 3860
2995 815 2713 2724
2601 1582 3685 3074
4160 535 4028 2698
1221 816 2402 2724
495 497 496 3509
1811 2466 3403 2531
1952 2852 3315 2796
763 762 3941 3358
111 893 1316 2742
763 286 3312 3941
631 496 630 2976
1281 876 3253 4010
156 154 1770 2958
2680 4049 3030 4137
3566 3741 2072 2725
1403 1405 2403 3091
233 232 234 2671
57 612 534 4060
836 444 999 3860
1493 1524 1371 1869
1716 3747 3276 3846
2308 2112 3361 2725
3757 3490 1763 3530
3166 1613 4052 3567
77 1161 1332 2067
3102 1716 3276 3846
1849 3104 1741 3227
53 55 52 3205
1716 2814 1718 3860
2684 1580 2901 3636
1582 1592 2227 3074
3859 2748 2374 2431
839 2589 4008 4332
1270 445 1716 2388
2126 2341 3476 3075
1590 1647 1592 3074
2156 3564 3098 1769
188 856 547 3755
449 698 965 2460
4212 2203 4068 3065
2039 3700 2236 1914
3915 1928 2480 3187
2656 2412 2045 2332
3350 2412 2656 2332
1244 2807 3123 3534
2816 3339 3467 2027
819 816 817 4179
3381 1267 2219 2091
462 310 4008 2090
1736 4021 1910 2793
1606 1608 1609 2072
663 662 661 2932
3597 1849 2524 1741
2837 2568 2130 2931
42 43 819 3132
1274 728 4109 2894
2343 2257 3615 2279
1625 1666 522 4341
3970 1590 4081 2430
2589 4008 1943 2986
2982 2456 2451 2033
938 602 1185 2625
129 130 3973 4258
1637 1641 1640 4255
3876 3216 3567 2077
3585 2693 3323 3487
1980 2568 3953 3610
430 429 1811 3403
533 55 230 2745
2473 2973 2734 2514
256 64 462 1767
1297 3879 3204 2205
1153 75 2113 3394
4107 4220 2417 2586
2062 3492 2088 2658
2190 3046 2826 2516
533 52 2745 4060
128 763 3312 3415
1281 3702 2951 4010
1846 1755 3942 2406
2583 2581 2122 1854
1300 121 1030 3890
1641 34 1640 2984
3056 1957 2296 3008
181 442 2654 3602
763 286 3941 2224
180 1350 179 3220
2045 2412 3477 2332
1694 3221 2384 2953
622 621 2304 2967
1594 1593 2442 3303
52 533 534 4060
3641 4102 3029 2863
4321 2299 4338 3581
3700 4294 3035 1710
3079 1813 2622 3155
962 1135 242 3140
873 390 2143 2929
2995 1270 3846 2388
860 1631 1265 67
1221 819 2402 4179
1154 1853 2219 2091
3741 3419 2132 2562
3447 2150 4143 2472
3596 2526 3915 1818
10 1205 4084 3541
715 904 903 3865
815 818 2995 2388
3902 3694 2666 2661
287 1202 2955 3681
497 495 2068 3509
2739 1792 3530 4022
310 309 1143 1943
1255 268 265 3497
1035 391 3351 3096
2320 4138 3082 1711
1716 3896 3102 3276
52 55 4250 3205
3747 3896 1716 3276
1895 3745 2992 1730
52 4250 2745 4060
3169 3852 2149 1708
2653 3391 3102 3276
1757 1882 3624 2004
3896 1750 4187 3276
55 52 4250 2745
4187 2653 3102 3276
2042 1970 3911 2020
3380 3420 2917 3205
75 3345 2113 2794
1591 1657 3469 3074
2412 1946 3159 2943
4350 3653 1744 3946
1084 4246 3166 4052
53 814 3093 3205
3896 3448 3102 3276
3037 2814 2658 2402
1242 2741 1916 3752
1588 1591 3970 3074
3537 4253 3795 2443
1940 2335 1709 2516
2355 3414 1926 2359
2943 3879 2741 2803
2340 2187 2287 2361
4250 2410 3420 3205
2223 2188 3509 3516
3309 2561 3596 3915
1961 2356 4072 2889
836 1002 4017 2756
3153 1727 3125 3061
2453 3242 2065 2009
1555 4083 3759 2598
1680 3322 3745 3524
84 1094 3379 2433
2407 2156 3310 2142
1000 753 4170 2907
129 281 282 2959
3945 2285 4356 2744
908 2984 3927 2077
1256 625 626 2316
3432 4384 3614 3426
1401 1443 1445 2296
53 52 4250 3205
1444 1401 1483 2296
1544 1556 2206 2109
3478 2841 3922 2188
2297 3348 1820 2053
1718 4017 2292 2756
1173 260 3291 2556
4314 277 2715 3361
1746 3919 4163 3205
1443 1401 1444 2296
3746 274 3345 2113
2345 2285 2508 3253
3020 4378 3425 2458
4245 3771 2378 2498
1436 1443 1444 2296
590 1380 2013 3272
2003 1752 2292 2756
231 406 2571 2197
860 765 859 1619
1376 748 3123 3534
3029 3464 2127 4019
828 862 2043 3608
2563 3706 1993 3245
467 1005 1090 3804
3020 3355 2313 2505
4250 2261 2745 4060
1634 1580 1636 2311
766 1653 131 4258
4149 2762 2834 2927
957 956 3090 3248
2380 1895 2642 2665
1003 593 1374 3692
748 424 433 3123
1928 2583 2480 3187
3699 3644 3052 1747
3025 4225 1893 1710
3683 2602 2915 1701
1854 2772 3651 3732
3753 3364 2914 2328
2959 979 2058 1818
2104 1793 2558 2945
2336 1231 2031 3865
2343 3809 3679 2279
4008 1975 3213 1767
231 1078 2197 2745
782 308 4232 4323
1752 2003 1718 2756
2060 3486 3702 2951
1876 4381 2408 1783
2857 2296 3008 3148
1586 1585 1577 3496
10 11 13 2813
3841 3160 2394 3462
3301 1729 3807 3434
3333 3945 3697 1865
2345 2060 3253 4010
2054 2470 1688 2037
2689 2042 1970 3911
285 1002 2292 3148
2130 1930 1764 3464
3309 1928 3915 3187
449 448 2907 4378
2101 4025 4348 2331
1401 1445 1946 2296
2764 2872 3419 2879
1543 1653 2058 4258
1625 130 1543 4258
2233 1054 2113 3394
1586 1635 1666 4341
1532 1649 1094 3379
2640 2079 4229 3250
894 1343 1238 2940
1445 1443 1946 2296
2137 1797 3004 3930
3490 3458 1837 2096
548 2071 3746 3345
309 307 4323 1897
4078 2700 3266 2907
2810 2553 2583 2652
2348 3643 1909 2800
95 3422 1872 2823
1833 2444 3098 2207
1537 1536 3054 3413
1889 3564 4234 3340
1371 519 520 1869
1996 3302 2720 1701
1997 2819 3844 3631
2852 1952 2567 3661
900 3841 2394 3462
1084 20 4246 4052
3917 1216 3755 2648
1562 1355 1626 2851
1626 3472 3188 2851
1571 1621 3800 2181
2975 1778 4169 3682
3267 2085 1976 2972
4088 1734 2989 3832
1531 1637 1640 3876
1857 2003 2204 1802
577 740 2162 2262
3631 4121 3084 2096
802 2913 3895 2491
3419 2132 3238 2610
2950 3534 2919 3884
791 793 795 3014
1229 1176 3365 3139
4019 3464 3026 4209
2739 1792 4022 2823
3252 3151 4055 1809
1562 1608 1606 2851
1646 1570 3049 4041
1371 458 696 1869
3654 2976 3908 3455
2862 2064 3492 1907
3917 1064 2939 3345
494 491 2723 3767
663 4327 2510 2932
364 647 3194 3870
2064 2045 3492 1907
2045 2862 3492 1907
2778 2512 1800 1724
66 67 4173 2919
3689 2862 2045 1907
1908 3304 2584 2109
3806 2862 3689 1907
4218 2275 3364 3356
2064 2862 3806 1907
641 972 3882 2029
2502 1555 3304 3161
366 2290 4363 3519
2674 3524 3799 4097
802 803 2913 4126
2282 2190 3525 2750
2021 4161 3481 3575
2856 3146 2436 4336
1716 444 3860 3761
2656 3806 3689 1907
1436 1411 1443 1957
1411 1519 1443 1957
2976 497 2068 3509
1395 1519 1411 1957
2312 2504 2211 2953
3056 3368 2194 1957
3368 3395 2194 1957
3056 1752 3368 1957
367 714 3093 2917
3368 2412 3395 1957
2997 2021 2652 4045
957 1196 3829 2061
2601 3277 3704 1807
1834 2379 1835 3209
4145 1911 2268 1815
1752 2412 3368 1957
2772 4222 1719 1984
2074 3036 3809 2987
3922 1220 3516 2013
3160 1890 3841 2394
2068 2013 3272 2604
1746 2410 4163 2261
971 161 2219 2864
276 277 1054 2715
2300 3566 2308 3361
1230 901 899 3285
1637 1658 1592 2227
1345 1811 3752 3659
2509 3265 3708 3957
2594 1686 2480 2505
582 581 314 2747
2332 3350 3879 1795
2194 3395 2538 1957
4040 2733 2159 2261
3395 2057 2538 1957
814 367 714 3093
2656 2969 1685 1795
1811 3510 4310 3241
278 435 4314 2610
1385 259 2300 2610
536 534 4160 4060
2525 2031 2510 1958
748 423 424 3596
1412 1410 1435 2538
3382 1764 3464 2228
3945 4356 3697 1865
1512 1437 1435 2538
1436 1435 1411 2538
364 646 4295 3194
2098 3725 3895 2491
1435 1410 1411 2538
877 1229 557 3172
821 820 3317 3522
901 898 3285 2491
1568 4083 2297 3759
3466 4170 2526 1987
4105 2533 3780 4362
2504 2312 3353 2953
3919 2336 1756 3865
2939 3279 2578 3352
1231 904 1375 3865
1512 1435 1436 2538
1601 2668 3124 2832
1410 1412 3971 2538
82 1140 2413 2486
20 4052 3876 3567
1437 2449 2691 2538
4064 2390 2030 2131
2068 498 3791 2604
3927 3432 2604 3614
1437 1512 2449 2538
2614 4357 4322 2194
2975 2109 3704 4214
1601 1587 2668 2832
505 653 4180 3670
2548 4357 2614 2194
4076 2607 1743 3794
3876 1640 2077 4255
2132 3238 2610 3291
1883 3603 1969 2512
4357 2548 4322 2194
3831 1954 3461 3340
3056 1752 2614 2194
2588 2518 4324 1738
1752 2548 2614 2194
2435 2943 3280 1916
3846 1270 4179 2697
2057 3395 2656 1957
2088 3448 4187 2653
2627 3365 2152 2856
1823 3676 2386 2432
2629 3012 2897 1798
2814 4207 1716 1718
1364 815 3565 2388
1603 1595 1632 2053
1746 2197 3205 2745
556 924 716 2924
3373 180 2404 3220
1946 1401 2296 3941
1716 3747 3846 2388
3279 2642 3852 3902
3725 3731 1890 2491
1752 2003 3477 1718
2641 1728 2528 3414
443 688 3761 1802
2275 3983 4345 2258
3076 1857 2204 1802
1708 2457 2071 3746
2549 2588 2868 3149
2828 1771 1825 3715
2188 2696 2223 3509
2599 4295 2179 3194
464 4089 2864 3222
3169 2746 2149 3745
3917 2939 2071 3345
1718 999 2756 2942
3747 3896 2654 1716
3448 2045 4207 1716
1752 2857 3159 3008
2013 3512 3272 2604
1052 899 900 3841
2292 2981 1869 3008
1718 4207 3761 2942
2627 2152 3847 2856
2160 3949 2523 4204
3525 3332 3142 1843
4219 2190 2483 2282
3032 2335 1731 3635
1385 435 278 2610
2128 4044 3404 4053
184 1144 1969 3951
4250 52 2978 4060
1756 3069 2359 3192
2778 2911 3502 2722
601 598 3574 2522
1869 2296 3415 3148
901 1230 3895 2491
1680 2746 2149 2457
1806 640 3317 3522
1928 3035 2594 2583
1443 1436 3056 2296
877 557 1201 3172
3585 3051 3226 1730
73 72 2085 2036
1805 2710 2842 3167
2132 3257 3263 1923
3472 2300 3741 2851
3160 3731 2008 3468
1680 2420 3322 3394
2008 3731 2269 3468
312 313 1311 2274
687 2204 2942 1802
555 556 3556 2179
4278 881 3556 2179
555 881 4278 2179
2439 2088 4187 2653
1504 1430 3385 2774
3216 3024 2227 2077
3246 2090 1767 2686
3742 1735 2439 2653
2485 1925 3749 4293
1925 3687 3749 2856
2913 3010 4126 2336
3000 2306 1840 2641
4078 2700 1796 3453
94 95 3365 2823
1332 1161 2092 2067
3646 2557 3764 2074
3341 1903 2059 2447
2702 2392 2276 4107
2952 2217 1761 2728
1061 722 721 2103
1102 1100 901 3725
2511 3965 1911 2824
2392 3528 4220 4254
1018 1337 2869 3114
4027 2423 2827 2760
2152 2683 2106 3934
1326 1175 2159 3482
94 869 96 3365
1362 1363 2185 1695
1223 1269 2922 2027
3330 1744 4139 2328
648 1071 3254 4363
3475 1873 2457 3746
1492 1508 2614 2449
2242 1857 1786 2439
1857 3076 1786 4187
2689 3108 3307 2255
3217 2589 1974 2303
2296 1869 3008 3148
696 458 2981 1869
4278 3556 3446 2179
364 4295 2599 3194
2696 3654 2040 4073
3124 2668 3413 3546
3083 2374 2310 2431
3032 2826 2516 1980
3162 3859 2996 2368
2589 3165 3179 4332
1746 2410 2261 2745
1444 1493 3120 1869
3376 2003 1857 4207
1806 2808 4024 3696
708 638 1819 3156
4362 1770 1758 2010
2882 3984 2546 2980
2043 1334 2257 3200
710 712 3824 3112
2814 3846 4179 2697
3870 2759 2799 3696
2727 3171 2867 1958
1297 42 3879 2205
2045 3448 4207 2717
3448 2045 2088 2717
3169 3079 1708 2622
179 181 3220 3602
646 1071 648 4363
366 1071 555 4363
2242 3807 1857 2717
890 170 3165 3862
2630 3958 3265 2167
2939 1964 3345 2707
2242 1857 2439 2717
1071 646 555 4363
3807 3376 1857 2717
1638 3876 3567 2077
1544 1550 1876 4202
169 2994 3681 3862
1270 1716 3846 2388
3159 3479 2803 2224
2068 2708 2023 2604
4295 648 3254 4363
881 555 3556 2179
1774 3464 2321 4209
1806 820 2804 3522
3828 1778 3270 1968
1736 3283 3096 3991
1749 3000 2172 2528
3402 1722 2039 2777
3728 2599 3870 3522
2355 3838 1728 2518
57 534 1079 4060
2457 1873 2071 3746
3863 3574 2778 2316
4033 2794 3133 2992
3700 3035 3333 1710
49 769 3390 2628
3025 2681 4294 2010
86 1047 1048 3472
979 423 1244 3123
1577 1650 2458 2311
1549 1657 1582 2601
2158 2160 3411 2270
2325 2685 2460 2311
449 448 283 2099
748 1245 1244 3123
2907 449 4378 2099
2594 2581 2583 4103
2434 3054 2505 4302
1635 1666 4341 4175
4350 2325 1744 2103
3492 2045 2088 2658
3915 1928 2594 2480
1311 313 3453 2274
1735 3742 3558 2088
4138 2320 2498 4058
2439 3448 2717 4187
2404 1750 3220 2968
1669 951 1103 1566
1186 328 290 2968
2599 364 3870 3522
3448 1857 2717 4187
3500 3089 2104 3541
471 705 704 2543
950 1104 4350 4004
2000 3456 2827 2760
4303 2167 2297 2598
3332 4189 3155 3418
3713 2050 3515 2389
1830 4228 3198 3874
869 94 1176 3365
213 791 792 2353
3221 1719 4381 1984
1554 1550 1560 2408
792 213 2353 2784
792 2353 4307 2784
2275 3364 3753 2328
2366 2264 4365 3842
373 324 3288 2048
3959 2557 3646 2074
1587 2058 2832 2577
2833 2329 2048 2010
4388 1357 2925 2958
4296 2182 1813 3418
1639 1540 1532 3843
1964 3852 2666 2661
673 674 1368 2763
2412 3350 3159 2803
943 746 2537 3441
4362 3780 2681 2039
1995 4375 3195 2556
1690 3480 4105 2533
1691 1736 3096 3375
1064 2755 2939 1964
4278 2086 3554 3519
3694 3902 2666 2170
662 715 714 3093
1375 904 715 3865
3025 2048 4294 1710
981 2706 3870 3130
714 715 814 3093
2706 3632 3597 2543
3724 3572 3557 1845
1977 4154 3511 4075
251 744 886 2407
1201 1076 879 4208
1603 1583 1593 3828
1814 4322 2691 2194
3835 2045 3492 2658
1290 2603 3779 2129
4084 2813 1841 2230
64 256 3213 1767
465 2922 4089 1859
1527 1424 2114 3005
1459 1396 2435 4174
1637 3876 2077 4255
159 752 171 2925
2333 301 2024 1695
2540 3481 1910 2747
3929 3835 1795 2704
3055 3779 1739 1990
689 688 2204 2942
37 950 1669 951
424 279 425 3309
1743 2259 3513 2694
3099 3558 3357 3492
1104 243 3653 3946
2862 3099 3034 1721
303 1031 2024 2545
2882 4301 3528 4383
1270 44 817 4179
929 1629 4386 3030
777 949 3520 2711
3565 2713 3595 4273
3590 2599 3728 2970
2798 4371 3133 2148
1680 2233 3394 2509
1748 3498 1971 2863
1538 1537 1536 3124
218 252 1774 2699
3512 590 1960 3495
816 1221 2402 4179
2354 2086 1932 2599
3748 2897 2737 3589
3379 2872 2764 3843
3786 2642 3694 3902
3099 2064 3558 3492
523 1187 2128 2806
396 398 4012 3773
1191 2871 4004 2784
2203 3374 3057 2365
2284 4042 4234 3340
3200 1366 3571 2940
2864 3381 1859 3222
2837 1940 3610 2682
391 583 1035 3351
475 982 1134 4099
3479 760 3204 2224
950 1669 951 1103
3556 662 1958 2932
243 962 2871 4307
2420 893 2921 2742
160 161 163 2219
560 3462 3295 3773
2997 3955 2533 2021
1428 1429 1503 3211
1857 1786 2439 4187
202 2025 2246 2910
4216 3298 1705 3191
3542 3558 3664 3492
1930 3277 2444 2384
3855 4116 1721 3836
2381 2548 3368 2194
365 367 3380 3519
2179 470 3526 3194
3376 2242 3427 2717
3168 4337 2041 2790
2449 1814 2691 2194
854 1003 1842 3324
250 1286 3090 2866
2963 2400 2997 3575
242 2890 2871 4307
1644 1620 1571 2181
259 85 1089 2132
1878 3841 2269 3468
2015 3796 3647 3923
1215 262 4295 2970
3099 3357 2862 3492
2862 3689 2045 3835
3129 2314 1777 2262
3238 3566 2725 1711
3327 3091 2187 4304
3809 2074 1690 2533
3364 2275 2901 4139
3617 2670 2590 4088
1661 1601 1538 3124
110 2304 3230 1737
2064 3099 2862 3492
3706 1993 3946 4004
473 608 2441 2841
3607 3815 3733 1922
3677 2405 3135 2612
199 198 3105 3652
3449 4068 2519 1823
2160 2299 2424 2453
3838 1728 2518 3763
2410 4250 2261 2745
3815 2549 3607 3733
4012 2939 2344 2578
662 924 661 2932
3855 1740 3836 2266
1825 3830 3982 3875
1095 1649 1210 3379
3472 3741 3188 2851
798 1482 1157 3009
2223 2708 3255 3455
1263 300 3942 3774
3641 1856 2604 3614
2218 3991 3375 3605
1987 4078 3189 3425
1818 2832 2577 3020
1932 2808 3590 2599
3983 2901 3706 3245
2344 2755 2666 2661
2814 2045 3477 2332
3357 3558 3542 3492
2085 3267 2036 1945
2031 2525 3069 1958
2017 3645 3598 3115
1000 4170 3466 2907
1649 1532 1094 1095
2788 727 2126 3476
2872 2764 3419 2562
4378 1987 3020 3425
716 924 662 2932
3806 3034 3535 3689
4207 2045 2717 1907
1460 2435 3280 1916
2603 1898 3055 2129
1552 1661 1538 4302
2564 2576 3611 4056
243 1104 2871 3946
3177 2424 3183 4094
3738 2831 2048 1928
1100 898 3725 1890
1246 776 3906 3388
3304 1711 3161 1709
560 1075 2394 3462
1930 3382 3464 4209
2939 3279 3852 1964
2459 4200 2700 2810
2193 2610 3361 3754
1329 3850 2031 2510
2058 2959 1818 2577
4378 2907 2099 1987
3154 2041 1921 2790
2798 3483 1964 2666
3468 2269 4186 4059
2674 2746 3524 3635
767 1244 859 2807
4341 4378 2458 2460
1192 2921 2742 2441
3001 3586 2459 2274
1883 3055 3648 3765
365 366 367 3519
3361 2112 3754 2725
4301 2882 2240 3367
2610 3566 3361 2725
3402 3939 4105 3780
1786 2447 3724 3441
4374 1833 1917 2207
4223 3555 2363 1991
2488 2728 2605 3815
2733 4040 1746 2261
258 85 2132 2051
2972 3652 3729 3367
3192 3554 3420 2917
1668 3303 4009 2763
3741 2300 2132 2610
1410 1395 1411 2057
3705 558 3342 3295
1104 243 1181 3653
4208 1272 3934 3813
3350 2412 2332 3879
1538 1536 3054 3124
2078 2685 2460 2103
2652 4161 3544 1854
3626 2275 3983 2901
1428 1478 1502 4287
965 722 2078 2460
1680 2420 2149 3745
2548 3376 4016 1907
2459 3481 3416 1910
2599 3728 2970 3522
2213 2419 2732 4291
2564 3705 2576 4056
335 3439 2616 1770
3219 2055 2641 3414
3368 2887 3806 1907
3556 4278 1958 3093
3586 2585 1910 2274
3024 3828 4263 2820
2043 2257 3406 3200
2190 4219 3640 2282
1234 507 504 3646
3827 392 3702 2927
3176 2011 3129 3336
159 780 2810 2638
3399 1414 3739 2829
3462 560 2344 3773
756 771 1935 3052
3459 1243 1916 3659
259 260 258 2132
1764 4384 3029 2228
2143 3283 4245 1995
1173 273 1873 3501
3160 4276 3318 1989
1393 1391 4304 4091
785 3506 3411 3858
3353 4359 1980 2371
81 2886 2413 4053
1489 1266 68 3459
1497 1455 3618 2364
2832 1661 3496 4302
3799 3169 2665 1730
1368 1668 4009 2763
1532 1649 3379 2872
1337 351 3002 4165
2223 2708 3455 4073
1377 41 1242 3752
3720 2257 3334 3577
1103 620 4004 3048
3527 3218 2074 1690
3595 2713 1939 4273
397 1293 1064 3917
1186 2404 2968 3059
3103 1897 2785 3224
133 3883 3962 3119
2017 3645 3971 2057
280 824 279 3309
185 1071 366 2290
1612 4062 3710 2433
999 690 1002 2756
478 474 718 3568
341 1273 1844 4194
86 1048 438 3472
1537 1601 2668 3124
1339 219 1290 3779
672 1369 3293 2495
129 521 283 2099
1535 3800 1937 3989
1785 2866 4125 2061
4006 1742 3050 3789
3645 2017 3269 2057
3214 2895 3467 1759
1804 2702 3714 3543
1621 1571 3800 1909
3046 2335 4087 2826
2596 2203 4212 3065
2691 2449 2194 2538
1750 3896 4187 1802
3806 3395 2057 3535
2160 2299 2453 4204
1719 2772 2211 3651
4301 2882 2980 4244
250 1324 1286 2866
3645 1410 3971 2057
557 399 559 3295
2844 2385 3693 2303
854 1842 3716 3910
2803 3204 1916 2224
213 211 3257 2051
257 258 1036 1923
2976 2696 2698 3509
1103 950 1993 4004
3776 2849 4210 2662
3189 2122 4103 3651
2506 1714 1995 3195
3932 4245 2498 3195
1181 1104 3653 3946
3826 3214 3467 1759
1395 1485 1394 3269
2738 1832 2147 1941
1868 2256 1979 4297
1985 2612 3346 3995
2914 2212 2328 2007
3267 1976 4301 2546
1253 390 795 3770
1512 3056 2449 2538
3531 3017 2888 2482
1395 1410 1409 3269
2275 3983 2901 4139
1485 1395 1409 3269
957 1151 1196 3114
2837 1778 2210 1968
3395 3368 3806 2656
2808 4001 1961 3655
2045 3689 1907 3477
3590 4295 2903 2599
3304 4285 1711 1709
3469 1663 3331 1807
2404 1750 4187 3220
3689 2656 1907 3477
1856 3024 3828 4263
1071 185 3254 2290
4245 1736 2378 3228
3263 2378 2498 1923
3533 3913 2735 2564
617 1612 619 618
2890 3706 2871 3771
2186 3952 2892 1779
2773 1740 2187 2266
3913 2564 3611 4056
4170 2581 2638 3187
915 914 3538 2324
3794 3180 2617 3837
1612 618 4062 2433
793 791 2353 4029
3706 1993 4004 3048
3466 280 2526 3187
3090 3829 3248 2133
3271 1674 2478 2231
1412 1408 1410 2377
2709 3177 2974 3183
314 3586 2585 1910
1412 1418 1408 2377
2213 1898 3254 2903
1408 1418 1402 2377
1813 2182 4244 3418
1658 1584 3685 3024
1539 1540 2872 3843
3379 84 2562 3918
3472 2872 2562 3918
2872 3379 2562 3918
2069 2130 2952 1971
84 1094 1210 3379
1412 1410 3971 2377
2087 2931 2565 1968
2837 2931 3270 1968
1182 895 3625 1995
364 262 263 4295
3169 1895 3745 2992
1075 900 898 3841
3540 2946 2421 2009
3464 3382 2228 2321
979 2526 3596 1818
1290 1146 1898 2129
609 2324 2034 1900
184 1145 183 3951
2134 1771 3931 4070
2871 3946 4004 2784
3793 3652 2972 3367
2792 1035 3096 3770
184 183 185 3951
4100 3578 1985 2612
1144 184 185 3951
1407 1421 1422 3814
3722 1418 3286 2377
837 1224 723 2755
1532 1539 2872 3843
1410 3645 3971 2377
1380 1126 805 4221
1052 1053 837 2000
3072 2895 1759 3712
1410 1408 3645 2377
622 455 929 3030
1882 3050 2305 1771
4334 2600 4256 2592
2657 4035 3485 3178
1418 1412 3286 2377
1638 1637 3876 2227
3782 3592 3523 1693
696 1493 1371 1869
3592 3782 2111 1693
2733 1738 1768 2261
3311 2476 2117 4300
1649 1539 1047 1210
3079 2880 1708 2622
1660 1555 3759 2502
3706 3330 2075 1754
1898 3590 2903 2885
1726 1193 3529 4018
3368 2082 2691 3395
2027 3298 2673 3933
3140 2890 4307 2793
1714 3283 3991 2506
1987 2959 2577 3020
3082 2320 4373 2498
1008 600 3707 3502
822 433 2487 2744
18 110 2967 3230
1356 827 1122 2557
769 3390 2628 2253
3683 2602 2432 2915
1616 1607 2253 2337
3286 1412 3971 2377
1649 1539 3379 2872
2412 3368 3395 2656
1272 870 3813 3972
1910 4021 2890 2793
3212 1805 1989 3146
1752 2003 3628 1907
1034 579 2771 3994
2544 4023 3722 2377
3564 2407 2156 3098
2082 3368 3034 3395
432 431 2177 3884
3585 2087 2032 2565
4373 2764 3263 2051
3330 3706 3771 1754
2064 2887 4016 1907
3608 3036 2527 3201
1253 793 985 3014
3645 2017 3971 2377
2068 2708 3791 3255
2659 2049 3438 3343
1079 626 57 1768
1008 601 1009 2778
1262 2520 2822 4162
646 648 364 4295
3654 1768 4060 4028
1122 1263 530 3942
4372 2440 2650 3956
1410 1408 1409 3645
1408 1403 1409 3645
1959 2312 3046 3353
943 654 146 2716
1895 3169 3745 1730
1355 1562 1626 1050
2407 1774 2079 3026
1595 1668 1615 1863
4023 1418 3722 2377
1569 1609 1660 2502
279 979 2526 3596
3345 2149 2113 2794
3368 2412 3806 2656
3722 3286 3971 2377
1048 1626 1050 437
2064 3427 1735 2717
2412 2814 3477 2332
1831 3136 3690 4260
1954 4374 1917 4370
2404 1750 2439 4187
4078 3466 2907 1987
949 1225 777 3520
980 141 592 1880
2088 3448 2439 4187
437 438 3472 2851
1565 1668 3303 4009
2746 2674 2030 1731
129 2959 4258 2577
714 3556 3093 2917
189 397 3913 2648
2088 2045 3102 2658
3079 2880 3852 1708
3395 2412 2656 1957
3834 2859 2572 4308
1717 2854 3531 1678
1886 1835 3047 2387
1664 1583 1604 2530
1094 1649 1095 3379
1559 1547 1546 1807
731 214 2147 1899
4220 2928 2586 3750
2353 793 4029 3014
1049 1655 1626 1048
1047 1655 1049 1048
398 399 2735 3295
4121 3757 2606 2425
3793 912 1695 3900
4210 1776 4100 2737
1926 3311 3507 4300
2261 533 3482 2745
794 962 4029 3140
1976 2564 4301 2546
3462 1053 2000 2755
1820 2541 2767 1737
2568 4206 2044 2728
1175 403 2159 2571
2079 3026 4209 3098
1617 4168 3030 2253
2322 2220 2437 3811
3664 3542 2572 4308
3017 2859 3834 4308
1071 366 2290 4363
2236 3700 2422 3337
2984 2503 3432 3081
3645 2403 3598 3115
1569 1606 1609 2502
2412 1946 2943 1685
1304 424 891 2561
3387 3321 1740 4183
2003 3376 2548 1907
2709 2974 2356 3183
1256 1009 601 2778
1752 3628 2548 1907
2963 3670 3916 1691
2969 2656 3535 3689
3504 4278 2727 1958
3535 3269 1685 4116
2874 3328 1800 3138
3276 2653 1903 3968
1743 2437 3794 3837
2887 1676 2082 3034
777 3506 2158 2711
3368 2887 2082 3034
3283 3096 3991 2929
3331 3077 1807 3989
1312 947 3883 4031
1731 1714 4058 2622
185 58 3243 3948
1029 3268 2316 3908
4089 3381 1859 2673
3025 1893 2048 1710
3417 2220 3811 4348
2456 2982 2451 1776
3382 3469 3077 1807
4250 54 3380 2978
3139 1176 2152 3934
3240 908 3927 2077
2889 1839 3157 2492
1274 64 2894 1767
968 967 1077 2910
1544 2206 4203 4214
3087 2148 3149 4290
3037 3929 4150 1775
2544 4023 2730 2829
2280 1800 3110 1724
1548 1663 3469 1807
2304 1316 2509 2742
1925 3705 3687 2436
4003 2069 3627 1675
3806 3368 1907 3477
1245 1265 2807 3534
562 564 563 1839
1347 11 12 4251
552 551 3667 3239
2066 2259 2437 3676
2607 3458 3073 3794
3152 3548 2559 3866
4276 4015 3318 1989
2028 3084 3073 2189
1054 50 1153 2113
2959 2526 1818 1987
2403 3645 2730 3115
982 475 3478 4099
1360 883 870 3934
4364 3457 3370 2839
2807 1244 3123 1818
3254 4295 4363 2179
2838 1717 2797 1678
702 1339 599 3960
2072 1606 2337 2502
1576 1579 2684 3636
1905 2503 3673 3816
570 1630 568 2481
1771 3111 2319 2701
139 138 1927 1880
1920 3739 3901 3106
3034 2017 4116 3115
2406 3218 3527 3885
2082 3286 2691 3971
3283 1736 2793 2378
1749 2586 3786 1886
2526 280 3309 3187
1615 502 4386 1863
1575 1659 2563 2464
242 3140 2890 4307
20 3240 4221 3216
303 301 302 2024
4218 3626 1783 2684
2860 3685 3024 2227
3902 1895 1964 2666
1519 1459 1445 1946
2162 576 2262 1859
3004 2137 3930 1955
2866 957 2061 3114
3835 2045 2658 3929
2124 1739 3858 2465
281 129 283 3466
3527 3218 3714 3885
3022 1792 2821 3530
1950 4262 1955 2369
3923 2830 3089 3500
212 213 2784 2051
1983 3621 4264 2949
1763 2988 1913 2219
1086 1085 875 3260
3056 2614 2449 2194
397 1063 396 4012
544 978 335 3439
3991 1791 3375 3605
3742 4249 3558 3664
2348 1935 4178 3671
4378 3425 2458 2685
2606 3457 3490 3435
2828 3756 1919 3235
740 210 4347 2262
3365 2627 1792 2856
913 912 2085 3900
1244 767 979 1818
1803 2015 1944 3579
1847 3952 2171 2597
2124 3389 1990 2465
2442 3166 3216 3567
1270 817 2995 4179
4377 1780 2184 3053
1123 72 1189 2972
2428 3366 1784 4249
3559 2064 3427 3558
3840 1735 4249 3558
2079 2244 1937 3233
943 389 580 2537
156 261 157 3738
399 560 559 3295
1031 3105 2333 2545
2337 1567 2167 3759
3328 3654 2316 2040
3852 3279 3902 2661
836 999 1718 3860
2213 3944 1969 3951
3351 583 2792 3905
4002 1867 1914 2196
1768 4160 4028 2696
1030 1029 3268 3890
2730 2403 3115 3091
2869 3114 3785 4098
1755 3959 3942 2406
1736 3481 1691 1910
3257 211 3263 2051
1421 1404 2829 3814
1016 245 1341 3925
979 767 2058 1818
4137 3958 2167 3348
2188 476 2698 3509
2422 2748 3672 2587
729 288 2905 3261
51 2233 3390 2509
3755 3917 2648 2071
2832 3496 3355 4302
1583 1664 1564 3682
169 2994 3862 2573
4177 4225 4294 1914
559 560 1075 2394
1880 2362 4237 2664
2831 3025 2048 4294
3625 4375 1995 1873
534 533 4160 4060
547 548 3917 2071
2166 2666 2170 2760
3126 3931 3362 1972
1224 837 1053 2755
4278 3504 2086 2179
1178 718 496 3509
560 396 2344 3773
2304 3708 2967 3230
2153 2253 2308 2337
729 288 148 4211
2269 4059 3285 2491
189 3913 3620 2648
838 1052 837 2000
2412 1752 3368 3477
1898 183 3951 3254
3305 3279 1822 2578
2564 1976 4301 2576
2064 3376 3427 2717
3645 2017 2377 2730
2213 3944 3648 1969
3099 2887 2862 3034
2050 3878 3249 3713
2727 4278 3192 1958
2732 2213 3648 1969
2830 2731 2081 3604
858 1489 68 3459
1233 626 3654 3908
3559 3840 4249 3558
558 557 3342 3295
3828 2541 4263 2767
2755 2000 2344 2666
1784 4151 3549 1870
3398 2667 4076 1884
2253 2628 2308 2630
36 950 1181 4350
3166 673 4009 2763
881 4278 3556 3519
1735 3742 4249 3558
2762 2996 3083 2834
3890 122 3502 2722
3840 3427 1735 3558
3392 1904 3581 3421
1789 3393 3292 2663
3492 3664 2062 2088
2783 3818 2133 2515
823 432 822 2744
1230 802 3895 2491
3512 4246 4221 3216
1114 1123 2972 2546
1853 207 2822 2347
3328 3654 1768 2316
173 523 3778 2540
837 226 838 3483
1013 248 2655 3698
4209 1937 2640 3077
66 1376 431 3534
1032 198 1189 3793
21 329 20 3876
270 271 272 1982
4221 3216 2077 2604
2047 3207 3709 1979
3036 3764 3809 2987
1916 3752 2846 3659
2254 1983 1723 3928
2199 3646 2074 2469
4161 2021 2652 2777
2862 3689 3835 1721
801 3518 4054 1871
3913 1822 1858 3352
3032 4064 2826 1980
1680 2457 2113 2715
3025 2681 4140 4177
2449 2614 4322 2194
3082 4373 3238 1711
2188 476 3509 3516
262 1215 2903 2970
626 625 3574 2316
3574 1256 2778 2316
3944 1883 3648 1969
276 1054 2113 2715
2922 305 2816 1819
3985 2351 2025 3167
1436 3056 2538 1957
2966 3341 3795 1781
3370 1913 4272 2011
2607 1723 3417 3837
3029 3641 2863 3816
3079 2880 2642 3852
359 358 1893 2964
3984 1858 2546 2980
390 2143 3096 3770
3238 2320 3754 1731
4253 1938 2209 3186
4040 2571 2197 2745
2419 2732 4291 2647
3764 3615 4309 2279
2888 2797 1788 3795
1083 22 1084 4009
3479 45 3860 2349
186 3625 1858 3984
1999 3718 3154 3557
3834 2154 3742 4249
32 1665 1158 2984
1947 93 2126 2944
2700 2459 2581 1796
1918 2719 2242 1735
3637 3834 2572 4308
2049 1891 2608 1870
2017 2544 3722 2377
3034 2017 3395 3535
4278 555 2179 3519
2125 1748 1761 4073
3082 4373 2764 3263
1234 507 3959 3774
3002 348 3785 2267
2428 1784 3559 4249
1966 2954 2687 4343
4027 3456 2827 3285
335 334 2782 3439
3162 2703 2946 3839
157 261 528 3738
4263 3024 2820 3216
1972 3833 3107 3975
2888 1798 4115 2551
536 1233 3654 4028
4301 2576 3750 3611
4133 3947 4325 2259
2789 1699 4090 3920
2449 3056 2194 2538
437 436 435 2308
631 3654 4028 2976
3391 2658 3846 1687
2849 3776 4227 1725
1054 784 2628 2715
184 1969 3894 2522
2320 3932 3195 1731
3462 1878 3295 3773
4091 3723 1772 3921
1940 2598 4275 2210
4385 2702 1804 3543
557 3172 3342 2394
2284 4042 3818 1889
1639 1575 1659 2563
2733 2868 3021 2159
3554 3380 3420 2917
3339 2027 3933 3712
2055 2641 3414 1926
3527 3543 3955 2469
1940 1980 3610 4097
1525 1412 1435 2691
4063 2574 2947 1808
3303 3166 4009 2763
2895 3072 1760 2076
3395 3806 2057 2656
1667 1554 1561 2408
230 231 2571 2745
2939 1964 1708 3345
3189 4103 2505 1719
3010 802 2913 4126
4285 2320 3238 1711
3198 3874 2107 3427
400 399 787 4056
1596 1575 2563 3245
1742 3775 3050 2670
2618 2809 2430 3491
2708 1748 2032 2023
58 612 57 2978
1271 1306 3747 2388
4339 948 4223 2180
111 112 1192 2742
1627 1538 1536 2434
3997 3305 2463 3611
2525 3171 2727 1958
1905 2225 3925 3816
56 57 625 3574
1640 2984 2077 4255
1753 4259 3118 3665
626 1079 3654 1768
56 57 3574 3894
3292 2015 1803 3579
3899 2861 3437 2923
920 1283 203 3972
2373 1933 4242 2858
1793 3246 2104 2558
2300 3741 2562 3918
1896 1772 3584 2108
2042 629 3407 2689
2258 4345 3161 3588
1137 2798 2707 3133
2689 3237 2255 3571
1758 2553 2652 3544
862 863 1334 2043
473 982 475 3478
3927 2984 3432 2077
3504 4278 3446 2179
1016 1341 3255 3925
2489 552 3667 1924
3715 3003 2063 3362
3590 3728 3662 2970
1187 506 2886 2128
4291 2366 1768 2647
2053 1820 3303 1863
2423 2197 4126 2336
4078 753 4170 2700
2310 3949 2936 3184
1743 2621 2825 2694
3757 2232 2606 2507
269 271 3711 2165
3654 626 2316 3908
103 1901 3858 2465
1761 3344 2733 2696
2156 1769 3561 3671
2543 2706 4196 3125
1883 3603 4291 2647
301 302 2024 3774
1326 535 3482 2698
1479 1478 4287 3465
1841 2830 1789 2448
3483 3229 2798 2123
57 2419 1768 2647
713 1099 370 3097
3859 3831 2762 2587
2526 2480 1818 1987
1215 262 364 4295
3078 3582 1997 2819
3171 3503 2727 2867
1689 388 2537 4117
2836 3281 2736 3460
4089 3381 2864 3222
3023 3311 2117 1887
2457 2193 2715 3754
1918 2428 2719 2154
1433 1419 1525 3658
129 283 3466 2099
1756 3192 3420 2917
273 274 856 3746
75 76 724 2794
1328 687 527 3373
3426 2809 3190 3981
3512 4263 2820 3216
2386 3676 1988 4096
2925 1758 2553 2652
1531 1594 1638 3567
1561 3626 2408 1908
424 423 279 3596
1224 1063 1064 2755
1283 203 3972 2025
4021 3330 2890 3228
3342 557 2394 3295
4072 2555 2885 3183
3266 4078 2907 1987
1665 33 1158 1624
2011 3129 2262 3222
3944 2603 1883 2522
2961 1912 3236 3064
2831 3945 2048 1928
2351 2819 1706 2812
2510 662 1958 3093
878 883 882 3934
2706 3125 2524 3061
1277 686 3829 3248
1591 3469 3970 3074
2152 3847 2856 2106
2627 2152 2683 2106
3054 1538 2434 2619
2796 2366 1883 4119
1393 1521 1520 4091
75 548 274 2113
4354 394 1702 3827
1155 333 2535 4079
748 424 3123 3596
2681 2161 4140 4177
1630 988 3576 2481
408 410 411 3052
294 977 2257 3406
1952 2213 2732 4291
80 1278 4055 2454
1165 842 679 3412
2333 1695 2468 3900
2692 1806 2861 4024
258 85 259 2132
2052 2285 4356 3697
312 311 2274 4279
2095 3168 1974 2041
1053 1052 3462 2000
399 396 560 3295
979 423 3123 3596
3603 2366 3904 4119
2244 919 3042 1774
2366 3603 1883 4119
880 4248 2634 2454
398 400 656 2735
824 1383 3309 1928
1581 1658 1584 3685
2263 2751 3964 4136
2480 1686 1818 2505
187 189 3533 3620
2238 3116 3581 3028
724 2707 4033 3133
724 725 2707 3133
3828 4275 2530 1968
21 20 4052 3876
3351 2545 3096 2929
3297 2399 2736 4344
1672 4212 2216 3601
506 2886 2128 2806
1015 244 245 3925
1064 1063 397 4012
1933 2373 2751 3964
683 980 153 2718
2280 3110 3389 1724
3974 3721 2771 1729
1179 717 2633 4333
733 987 1476 3144
1584 1581 3685 3682
3713 2111 3182 2812
3494 1559 2918 2163
1264 973 3063 3547
182 3762 3695 2802
4116 2017 3855 3115
826 82 2413 4309
2399 3297 1929 4344
1761 2032 3226 2549
351 1151 1150 4165
153 969 2933 2362
2168 1894 2136 3489
2219 971 2864 2977
1851 3931 4112 3532
3395 2017 3971 2057
3761 688 2942 1802
1788 2982 1678 1776
672 1369 501 3293
3320 2489 3937 2035
1898 3590 2129 2970
2651 3410 2595 1720
1872 4022 2398 3749
1471 25 1081 2140
977 2257 3406 3334
1609 2072 2879 2502
3987 2191 2356 3183
2323 3386 2035 1978
2126 2788 2639 4382
843 756 1166 1935
3677 3067 1793 3589
4301 2564 2576 3611
2198 3518 1963 3591
892 2420 3394 2742
1101 1272 3813 3972
35 37 36 4114
1640 1641 2984 4255
3438 3542 3549 1870
391 2545 3351 2929
3221 2206 4214 2918
1517 1432 2273 2289
1759 3947 1760 2141
1328 687 3076 2204
4295 646 4363 2179
2736 3281 4344 3460
979 279 423 3596
1205 12 4251 4335
1902 3505 2883 2470
397 398 3913 4012
3826 1759 2102 2825
3748 3550 2629 2897
918 252 218 2699
2976 2223 2040 4073
2341 1852 2531 1681
1699 3950 1977 4075
3020 1987 2313 3425
1263 302 300 3774
2511 2130 3965 2824
1276 402 2399 3695
2713 4011 3595 1939
683 153 151 4352
3962 3883 2722 2133
2952 2125 1748 1761
748 1376 1245 3534
2444 4229 3098 2207
3728 1839 2492 2804
3590 2808 1961 3728
2143 3283 3096 3770
1037 378 2739 2490
878 1272 870 3934
51 1296 621 2304
3738 2831 1928 2583
2028 3212 4155 3638
3817 1497 3618 2364
3978 3259 2593 4228
4149 3672 4356 3827
3518 774 2198 3400
1566 1612 617 4062
725 1137 2707 3133
1710 2422 2748 3672
1431 1517 2273 2289
1466 1420 1464 2705
1894 2926 4277 3278
3978 3259 2791 2593
3399 1414 3650 3739
1466 1464 1467 2705
3782 3674 1997 3856
3349 2624 4355 4146
4003 2069 2874 3627
451 1528 453 2455
2816 2922 3339 2027
1688 3196 2037 3378
3757 2425 2766 2507
3850 1329 2246 2510
3633 3938 1926 3507
2583 2652 3544 1854
2610 278 3291 2193
2025 3985 3539 2801
2137 1828 2878 1955
1912 483 3117 3338
3955 2400 3402 2021
1966 2006 2256 2235
3805 2789 4090 4217
1901 2124 3858 2465
3525 2190 2826 3514
3419 3082 2879 1711
182 3324 3695 3247
402 934 489 2399
3695 3324 2802 3247
4376 139 1927 1880
3674 3757 2766 2144
59 1381 3762 1810
3266 4078 3425 1796
600 601 1008 3707
402 489 488 2399
138 141 980 1880
1646 3049 2619 3413
1499 29 1523 3009
268 270 1982 4101
1797 2137 1881 2414
2785 1897 2686 4367
1805 1989 2098 2842
3945 3288 2048 1928
1468 4 3 3080
2999 3703 3016 3853
3668 3727 3343 1825
1828 4147 3290 1955
138 139 812 1880
1228 727 92 2788
1684 2625 3789 2670
3014 3770 2793 2378
3839 4003 3372 1675
307 462 13 2090
1671 3621 1751 3499
2245 2231 3845 3563
1751 3289 3499 2949
3504 3446 1932 2179
3055 3987 2885 3183
4085 2399 3347 4344
4331 111 1737 2742
1101 1272 879 3813
1828 3290 2878 1955
1732 2111 2710 3252
4113 2273 4286 2979
1136 790 3594 3994
3096 3991 2929 3375
1360 2208 2474 3934
2627 2111 1997 2819
3179 3095 1897 3911
444 999 1718 3761
3906 266 2470 1688
3603 2366 1883 4291
762 857 1916 3358
2776 943 2716 2352
3558 4249 3542 3664
2933 3629 4352 4281
3381 4089 1859 3222
2149 1680 2457 2113
943 146 746 2716
47 1828 2878 3004
3457 4364 3370 3282
2125 1761 2874 3138
3651 2122 3732 2914
2213 2419 3380 3243
2828 2677 3343 1771
3935 1742 4006 3789
3328 3863 1768 2647
3754 2746 1731 3635
1465 1425 1881 4262
501 672 3293 1773
1772 3723 4014 3921
3944 2603 3055 1990
1768 4160 4060 4028
1304 433 424 2487
1473 1453 1387 3293
2112 3754 2725 2215
2351 2025 2246 2525
2337 4168 4137 2167
1287 3883 3119 2479
3913 3620 2648 3352
2068 1973 2013 2023
899 405 4027 3456
3270 2931 2087 1968
2410 4250 2978 4060
498 2068 3272 2604
3852 3902 2666 2661
2213 3661 2732 3648
837 226 3483 2798
174 485 176 3298
1224 1053 1063 2755
698 1372 700 4175
2607 3458 3435 2096
1144 58 56 3894
522 1666 1372 4341
3922 3954 2188 3087
1199 630 2068 3255
2814 3846 2402 4179
600 599 598 3707
3714 1672 2392 2276
2478 3271 2231 3613
1545 1547 1807 3494
1553 1538 2434 4302
3573 1966 2624 2235
692 1143 3179 4332
3444 2987 2343 2720
2420 3322 3394 2509
870 883 878 3934
1537 1622 1536 3413
1272 878 4208 3934
984 838 3483 3456
3021 2571 2494 2423
1563 1564 4083 2975
436 435 2308 3361
2911 1794 3890 2722
4084 4251 2813 2230
2588 2166 3149 3607
946 1015 807 3791
1644 1571 1610 2181
4278 3556 2867 3446
2479 2956 4125 3026
881 555 4278 3519
580 943 2537 2776
1758 3780 2039 3544
2605 2565 3610 4097
546 1140 2486 4044
2040 2223 3455 4073
2404 3619 1786 2352
97 1262 2823 2822
1216 547 3917 3755
3172 3139 2106 4208
533 535 4160 3482
4325 3690 4260 2694
198 1189 3793 3652
883 1113 2152 2474
58 57 2419 2978
657 645 909 2105
1768 57 2647 3574
1609 1608 3188 2072
2852 1952 3661 2732
2863 2225 1794 3816
1431 2273 2979 2289
4040 230 2571 2745
2895 1846 3467 3712
2197 55 3205 2745
1249 1960 4331 1737
312 966 2078 4279
2880 3018 3079 1886
3524 3051 2682 3823
2913 2098 3895 3539
4368 2740 1746 4185
1725 4319 3668 1949
36 37 1614 4114
1518 1426 2294 2979
3540 2124 1901 3389
4025 3085 1877 4188
3279 2880 3352 1708
291 4069 3334 2271
1774 2079 2321 3233
285 2292 1869 3148
1860 1734 2811 2765
3490 2607 3435 2096
3372 3242 1675 2065
1797 2736 2657 3460
184 1144 56 3894
1748 3545 2087 2023
1316 892 2509 2742
1275 985 257 1923
3365 3139 2152 2106
3243 1144 1969 3894
2106 4208 3934 3813
1952 4163 2359 3420
302 301 300 3774
425 528 891 3288
626 625 57 3574
1632 1529 2680 4386
3831 4234 3730 3340
420 421 2575 4108
1898 2213 3661 2903
512 513 1314 3518
3090 3829 2133 2061
4170 4078 3466 2907
1461 1451 4233 3660
2422 2052 3672 3697
4130 1734 2590 3976
3048 1754 2764 2051
4042 4003 2069 1911
2251 3259 2016 3198
2898 2485 2028 4043
287 290 3825 3261
2793 2890 3771 3228
3442 3305 2463 3443
1007 45 835 3860
2729 3663 2570 1992
509 508 1976 3533
1350 180 3373 3220
1852 2019 2466 2531
1063 396 4012 2344
2627 2111 1732 1997
2424 2421 2453 4094
879 1100 3725 1890
3129 2660 2162 1859
2032 3226 2549 3954
115 116 114 4329
3748 2448 2897 3589
890 840 3179 4332
4351 2789 3805 3656
604 483 1912 3338
3844 2607 2096 2189
2607 1723 3837 2189
2928 2306 2417 2463
1249 674 2763 3230
3603 2647 1969 2512
3030 3390 4137 3708
4022 3022 3749 3847
954 3899 3437 4050
1580 1596 2325 3636
2703 3162 2946 2368
1770 2486 3679 4044
2227 4255 4081 3074
1282 357 3802 4127
1145 184 2603 3951
87 1124 2906 1941
3284 3383 2609 3386
1353 3629 4317 1929
219 104 3779 3960
3498 2040 3455 4073
2746 1708 2457 1731
2647 1969 2512 2522
1586 1635 4341 2458
2856 3365 2106 4336
3706 2563 3048 1754
3469 2601 3382 2228
3109 1888 3560 2184
3359 206 3422 2436
102 785 2711 3858
1216 397 189 2648
3411 3506 2270 3858
2168 1899 2370 3489
3913 2735 2564 4056
4196 3153 3125 3061
3402 2202 1722 4189
1126 20 1291 4221
4373 3419 3238 1711
1173 529 3501 3291
1187 523 506 2806
2232 3757 2606 3797
896 3656 1689 4346
3959 3527 2074 2469
3041 1830 1676 2887
2712 1836 4261 2094
1419 1413 1418 3650
2219 1763 2908 4194
1763 2569 4247 3174
1328 527 319 3373
1707 3347 2624 4355
328 627 3825 4104
890 3862 1974 3179
2566 1936 1920 1847
3782 2521 3674 3856
3328 2366 1768 3138
1977 4154 2209 3537
4376 2373 1880 2263
1466 1484 1420 2705
1164 2721 3354 3043
4122 3321 1855 3855
1893 327 3274 2964
2294 3399 3650 3739
3783 2254 1983 3070
1390 1397 1398 2445
2234 3553 1902 4134
2199 2413 2486 3679
3408 2636 3175 1782
3845 2245 3563 1698
3790 2315 3678 3622
1806 820 3317 3899
653 4180 1691 3351
4031 1096 3502 1724
3946 3706 4004 2784
3145 4201 2309 2954
3714 1804 3885 2392
2176 2743 2633 4333
612 58 54 2978
1831 2043 3201 3430
2164 2357 2342 2817
449 965 448 4378
1469 1399 4224 2250
2997 3780 1758 2021
3049 3644 4111 3031
73 2085 3267 2036
1873 3755 3620 3352
302 1234 2024 3774
521 522 4341 3973
1357 171 172 3778
4203 1545 1807 3494
305 576 304 2922
3503 2241 2426 3134
2148 3229 3087 3149
3989 2444 2163 3250
1432 1419 1433 3658
1545 1548 4203 1807
1745 3193 4326 2358
2064 3558 2088 2717
2170 4186 4368 2119
1176 882 2152 3934
2420 2921 1730 2291
3545 2837 2931 3270
152 488 2933 3247
212 730 2051 2433
3936 2786 2676 3976
3622 1728 2641 1926
566 563 3887 3157
1883 2366 2732 4291
2581 4170 2480 3187
2419 3243 1969 3894
3747 3276 3846 1939
4362 3025 2329 2010
2232 1717 2209 3186
3725 879 1890 4208
1580 2325 2901 3636
4004 3706 3048 2784
3670 2963 3916 2469
1343 637 3156 2940
576 304 2922 2162
3068 2595 1671 2960
476 495 3509 3516
3037 3929 1795 4150
3270 3512 4263 4132
3481 1736 2007 1910
1619 1587 2058 2807
4147 3930 4280 1955
2263 4376 3688 2513
4182 3106 3016 1765
1383 158 157 2638
649 650 1335 3317
726 394 4354 3827
1240 135 1927 1787
2232 1717 3070 2507
4154 4253 2209 3537
308 1331 4232 4323
1977 1699 4075 4217
648 183 1215 3254
2755 1964 2666 2661
4381 1953 4218 3356
1392 1478 1479 3465
1831 3136 3300 3690
2325 4350 1993 3996
2554 4142 2254 2507
3581 4338 2372 2012
2254 1997 3844 2425
2891 3150 3914 2811
3434 3076 1857 2204
1822 3279 2880 3352
2235 2256 3470 1979
2820 2767 1960 2763
3432 3641 2604 3614
321 323 322 1879
2712 4261 2428 2094
4147 3290 1955 2427
2708 3545 1748 2023
2112 3754 2215 3635
2166 2170 4368 2760
1705 1837 4048 2141
4232 783 4265 3606
1334 294 2257 3406
4078 3189 3425 1796
422 1119 682 4108
4002 3057 1867 2383
2861 1839 3728 2804
2187 2266 2287 2361
2788 1733 4071 4382
2933 152 3629 4317
2070 4088 4086 3832
918 251 252 2699
1683 2016 3066 4334
3464 3029 2127 3426
2420 2149 3745 2992
4161 2122 3416 2007
4219 2777 2282 3732
3261 1200 3059 2352
1003 3692 1842 3324
2563 1659 3843 2464
3242 1675 2065 2009
61 3762 2721 2135
1830 3259 2302 2251
412 461 2237 4224
1846 2185 2027 3712
4024 2808 2552 3696
3425 1744 2078 1796
3574 598 3894 2522
2920 2884 2657 3485
1852 3232 3871 3471
137 683 3424 4157
3701 3940 3147 2712
3035 3700 1854 2236
3851 3975 3560 1864
2557 83 3646 2413
2335 2320 1731 3635
1199 2068 3791 3925
2143 4245 2378 1923
869 96 3365 1792
1092 1211 1507 4171
3269 2057 3535 1685
787 2735 3705 3359
14 500 1473 501
3725 1890 2098 3813
3681 2095 1974 2041
2607 3844 1723 2189
711 3824 2155 1777
280 1000 4170 3466
708 638 4305 1819
1101 1100 1102 3725
1266 858 68 3459
3347 3940 3485 1836
1833 1815 2953 3199
4049 4386 3030 2967
2930 4123 3612 1733
2860 2227 3614 4081
4005 4085 2870 3966
3504 3634 2426 2354
4108 422 2934 4369
1261 271 2165 3521
347 344 1131 3264
3283 1736 1714 3991
774 512 3518 2198
2520 1872 2823 2822
3172 3160 3146 3342
1714 4245 4058 1843
3322 1680 2509 3957
747 146 1845 2716
2997 2199 2128 3404
3322 3051 3745 3524
544 978 3439 1770
405 1230 899 4027
3414 2055 1926 2359
3366 3834 1977 3537
52 534 612 2978
2437 3180 3794 3837
2024 3670 3916 1804
507 1234 1263 3774
1039 1038 1040 3122
1701 3302 1673 3577
1114 509 1123 2546
3954 2693 1730 3087
507 1263 3959 3774
1630 1534 1620 2481
302 1268 303 2024
3305 1878 2463 3443
481 479 983 4129
177 73 178 2520
961 238 239 2876
1146 1145 1147 2603
2504 2146 2211 1815
2837 2568 2931 3610
2792 582 1910 2747
4250 1746 3205 2745
3972 2098 2025 3167
729 1200 2905 2352
602 938 3551 3789
4135 1779 2805 3740
481 480 479 4129
1745 4326 2560 4134
3417 1743 3794 3837
1486 1485 1417 4122
685 3829 3389 1724
2012 2299 2117 4353
2772 1984 3199 2272
1390 615 1092 4171
4105 2533 4362 3679
1360 871 3151 2208
2183 1966 3371 2753
3331 1937 3077 3989
4138 2335 4058 4087
696 1491 1493 2084
1039 1010 4235 1816
904 1231 2336 3865
3301 3088 2173 3980
2211 2504 1815 2953
2042 1745 1970 2020
3435 4076 1743 3794
707 1239 3203 1862
4038 1874 2950 2177
4133 4325 4260 2694
2325 1596 1993 3245
3634 3503 2727 2426
2106 1890 4208 3813
213 212 211 2051
2703 1682 2748 3170
2127 2783 1794 4019
4372 2440 1834 3431
2334 3511 3101 3572
1006 1090 1005 3804
3022 3631 3084 3847
2022 2998 4365 3372
1043 1044 87 2906
1505 1986 3360 4063
3229 2494 2123 2760
3172 3139 3146 2106
1504 1429 2774 3211
1417 1403 1405 2403
2237 1428 3080 2026
1738 3838 2366 4291
3818 4019 1889 3965
1203 145 3541 3691
2225 3268 2863 3890
2306 2586 2463 3318
1000 780 280 4170
1029 910 2316 2911
2746 1680 2149 3745
2218 4296 1875 3418
1932 2808 2799 3696
2660 2162 1859 2102
1744 1796 2274 4279
3747 3565 1975 2083
244 1226 2503 3927
3229 2166 2494 2760
1215 183 1898 3254
1511 3312 3941 3358
2922 2816 3339 3467
4147 3924 4280 2855
395 1217 1110 2834
1822 3533 3913 1858
1675 4119 2065 2009
71 73 3267 1976
4368 2740 3021 1746
3824 2011 2262 3112
3279 3305 3442 3786
3034 2082 3395 3971
3652 3729 3367 1791
521 129 3973 2099
3512 590 2013 3272
3034 2017 3535 4116
1604 2297 2530 2053
367 3380 3519 2917
2729 2478 1992 4320
3970 2228 3331 2321
153 592 2362 2718
3221 1876 1953 2206
2773 3875 2646 1967
1866 1965 3043 4018
1831 2043 3571 2940
3240 4221 2077 2604
1758 4362 2010 2039
4085 4005 2736 3966
2313 4218 2684 2901
334 2782 3439 2279
2182 2882 1791 3605
961 238 2876 1894
1876 3494 2918 2163
4201 2309 2687 4379
1218 229 2550 4196
1853 2988 2219 2091
938 643 3935 1742
4197 3798 1962 3938
2043 828 2229 3615
2255 2314 2411 4347
610 323 321 1879
3376 2003 3628 2542
3048 212 2784 2051
2563 1575 2464 2258
4275 2682 2541 3823
2733 4040 3021 1746
3046 3753 1843 4087
287 170 3681 2095
2602 2386 1988 2432
2601 3277 3382 1778
4133 2259 2694 2201
2265 1999 3154 3557
2561 2487 3915 2285
2641 1728 3414 1926
2493 3377 2287 1782
1595 1632 2053 1863
2438 3027 1799 4284
3332 2282 3525 2750
2518 3838 3763 1738
2524 3125 2138 3061
3313 4382 2875 3788
1055 603 123 3405
869 882 1112 2152
4161 2021 2777 2282
2326 1876 2163 3262
791 792 2353 4307
1487 16 928 4026
2358 2043 3200 3571
2577 2099 3020 2458
984 838 226 3483
2510 715 3093 3865
3744 2022 2264 3842
1006 3804 2637 4366
197 198 1031 3105
3644 2348 3643 1909
1951 3271 1674 2478
1823 1760 2617 2005
4211 1845 2905 2865
209 628 208 4347
1343 637 709 3156
2496 3721 2600 2450
1786 2776 3441 2352
277 784 2715 3361
716 714 881 3556
1287 252 2699 3119
1148 4158 3296 2877
3172 558 3342 2436
1327 313 3586 3001
2062 3391 2088 2653
3207 3523 3709 4136
622 2304 3390 2967
1639 1597 1575 2563
398 397 396 4012
2589 3165 1974 3179
3689 2045 3835 3929
1821 4030 1698 4311
2553 3738 2638 2583
4161 2021 2282 3575
3826 3214 2825 3690
1357 4388 2925 3778
2216 1834 1835 3431
3630 2216 3601 1835
3708 4049 2967 3230
495 2068 3509 3516
4042 3818 2515 2409
1107 406 2197 4126
1513 1466 1397 2339
622 621 1296 3390
2335 2030 4058 4087
535 536 4160 4028
721 36 1061 2103
606 1251 2754 3338
262 264 263 2970
1265 859 1245 2807
1076 1100 879 1890
3172 1229 2436 4336
190 61 2721 2135
1889 2783 4125 3026
3985 2025 2525 2801
2087 2931 2032 2565
528 425 1383 1928
1668 1565 1083 4009
4232 781 4323 2020
37 36 1614 3996
598 184 3894 2522
1239 360 3553 4358
4001 2429 1961 3655
2526 3309 3915 3187
2078 3266 1796 3453
3813 2098 3972 3167
1361 1343 3156 3993
306 4305 2816 1819
1579 1654 2684 2311
4078 4170 3466 1987
3568 1326 2159 3482
2732 1883 4291 2647
3084 2096 3073 2189
4240 1823 1998 4284
2193 4148 2457 2715
4356 3672 1865 3827
3268 2316 3908 2040
3370 4272 3176 2011
1089 438 2300 3472
2246 3171 2031 2510
524 523 2540 2806
2373 4376 1880 1816
1743 3417 2437 3837
2860 1856 3024 3270
4240 3065 3552 4191
4040 3021 1746 2423
3945 2561 1928 3333
3402 3780 2021 2039
2282 3332 1875 4189
1942 2047 4000 2389
1234 1268 302 2024
1207 1348 991 3451
303 1268 944 4180
598 601 3707 2522
3540 3829 2280 3389
1602 2668 2807 4173
2989 2169 2775 2080
1525 1437 3658 2691
1837 3435 2621 2141
3196 2054 1688 2037
1206 1207 3223 2775
1283 3725 2098 3972
1666 1586 4341 3973
559 560 2394 3295
2394 560 3462 3295
2808 2354 1932 3590
577 710 2262 3222
703 661 924 2924
2197 3919 1756 3865
1749 3468 4186 2170
1060 240 2876 2173
4272 3909 2660 1859
3949 2946 4204 4215
207 163 3298 2091
1885 3470 3210 3950
3176 2957 3336 2660
1883 3603 2647 1969
2696 2188 2698 3509
1797 2836 2736 3460
587 1081 671 2140
1124 88 418 2853
3491 2809 3038 4292
1567 1656 3348 3759
35 721 3820 4114
3180 2437 2617 3837
4117 691 3864 2592
2728 2549 3815 1922
2280 3627 2133 2409
84 86 85 3918
3786 3305 3694 2661
4119 3023 2065 3765
3818 4042 4019 3965
1349 915 1171 2779
2132 4373 3238 3932
3566 2300 2610 3361
3563 2961 2330 2743
75 274 1153 2113
324 3945 3274 1865
1697 1448 2108 3009
4027 899 3456 3285
2070 2651 3976 1700
806 908 946 3927
1758 2925 3778 4045
751 3001 2700 3453
2112 2715 3361 3754
2868 3568 2159 2698
3932 3238 3475 1731
1820 3708 3957 1737
2130 1930 4019 1889
2259 4133 2386 2201
1736 3283 4245 2378
3162 2971 3234 2409
1153 276 1054 2113
2297 4303 2530 1820
1969 1883 2512 2522
667 454 666 1616
2444 2163 3250 2207
3857 1686 2272 2285
2374 2748 4074 2431
3221 2312 2211 2953
3168 3217 2303 2239
4218 2313 3364 2901
133 3883 4031 2722
2798 3483 2755 1964
2167 3265 2215 4303
1987 3020 2313 3189
2099 1987 2577 3020
1947 3296 2375 2063
4052 20 3216 3567
518 627 328 4104
3483 2000 2755 2666
1586 1543 1585 2577
1137 1250 225 2798
533 52 55 2745
2442 2820 3166 3303
2166 2588 3149 3021
666 1616 2253 2153
1546 1559 1807 2918
3381 1913 2219 2864
126 763 1511 3358
1477 1445 1946 3358
1584 1638 3024 2227
3312 763 3941 3358
1648 2416 2163 3881
1296 51 2233 3390
455 1670 929 1629
3565 2388 1975 3213
3634 3633 2426 2354
779 1225 3520 2711
276 275 277 4314
2755 1063 2939 4012
753 751 4200 2700
2772 1854 2483 3732
1856 3828 3270 4263
3721 2771 3594 3994
2603 3944 1969 2522
1064 2939 3345 2707
1555 1558 1568 4083
454 455 1670 456
1670 455 929 456
929 17 1629 456
1670 929 1629 456
3063 2395 4196 3061
2568 2837 2824 2371
2767 1960 3230 1737
2366 1738 4291 1768
4263 3512 2820 1960
3540 1675 2009 3110
530 531 1846 3942
2005 3206 3880 4155
663 200 2246 4327
556 472 924 2924
3951 2213 3254 2290
588 1960 3495 4331
4314 4148 2193 2715
921 773 1871 3642
814 54 365 3380
1925 3212 4276 3146
3254 1071 2290 4363
95 94 3365 1872
281 282 2959 2526
2928 2028 3684 4155
1215 4295 3254 2903
3226 2728 2549 3815
63 1364 3565 3213
821 861 3522 3130
1897 4367 3224 1994
1144 185 3243 3951
1663 1591 3469 3331
2628 2233 2715 2112
4137 3958 2630 2167
1369 1526 3293 2495
3950 1938 4154 4075
2603 3944 1898 3951
48 46 1138 3781
438 437 2300 2851
1508 1512 1436 3056
1214 447 776 3819
2959 129 2099 2577
601 3574 3707 2522
3432 1905 3641 4384
3851 3975 4190 2184
4296 2202 1875 4189
4283 1952 3192 3554
1822 4301 3750 3611
2086 3254 2290 4363
1554 1876 2408 1783
234 921 1871 3642
185 3243 3951 3948
3964 2751 3523 3207
3243 2213 1969 3951
2569 1763 4247 4194
3073 2028 2189 4155
781 782 4232 4323
2872 3472 3741 3188
4170 2526 2480 3187
694 2042 3407 3911
2233 1680 2715 2112
3302 2720 1701 3116
3322 1680 3394 2509
1813 2379 2750 2131
245 1905 2225 3925
1830 2302 1676 3559
3730 2060 2587 4370
2015 2451 3579 3647
3221 2206 4359 4214
2939 2344 2578 2661
2863 3498 1794 3890
1172 941 2786 2676
2130 2069 2952 2511
437 1355 2153 2851
2467 2198 1963 3316
1914 1867 2383 2196
2956 2866 4125 2818
3524 2674 3032 4097
2562 2764 2051 2433
1260 627 518 4104
1357 1325 2925 2958
1633 699 4175 3820
37 1614 1669 3996
1334 294 3406 3200
101 967 4299 2910
1867 3444 2161 1861
2969 3535 1685 4116
3095 4337 1974 1994
3714 3885 2076 1672
1895 2380 2642 3852
722 2078 2460 2103
1749 2306 4015 3318
771 411 410 3052
3757 1763 3473 3530
1301 98 1792 2490
2528 3219 3414 3143
3781 46 2135 1828
1064 1224 2755 2707
563 3662 2492 2804
1337 2869 3114 3785
62 63 815 3565
191 218 3119 3981
995 244 1226 2503
3238 2610 3754 2725
2202 2596 1722 4372
2665 2380 3815 3607
360 361 363 3505
3714 3527 3480 1690
2112 2337 2630 2167
3725 1102 2098 3895
898 1100 1076 1890
1605 1617 1651 2680
3283 2143 4245 2378
4109 13 2090 2813
3523 3709 4136 1693
752 173 2925 4200
3805 2789 2446 1689
1639 1532 3710 3843
3139 2152 2106 3934
4362 1770 3404 1758
4121 3022 2821 3530
315 581 524 2747
3270 3828 2541 4263
1567 1651 4168 3348
3706 2890 2871 3946
1849 2759 2524 2138
3917 397 2648 4012
1592 1637 2227 4255
1005 542 2637 3440
439 3802 4127 3726
166 186 895 3625
3158 3212 1805 1989
112 1192 2742 2441
3564 4234 3340 1769
3449 1760 2076 2157
1362 176 4289 2185
3622 2055 3798 1926
1764 3545 2860 3270
4276 2306 2463 3318
3267 1976 2520 3359
368 370 1099 3097
3146 2856 2106 4336
1878 3342 2394 3295
2098 1283 3972 2025
2407 918 1774 2699
188 189 187 3620
1837 3370 1913 4272
3916 2963 2400 3955
1239 3203 1862 4358
3456 4027 2827 2760
436 457 2628 2153
201 202 2025 3850
805 806 3272 4221
988 989 3576 3042
3991 2182 1791 3605
3803 2596 3065 1690
4321 2299 2936 4338
3829 2971 2061 3234
2143 3991 1995 1791
2000 3462 2755 2344
1872 4022 3749 2856
1185 235 3777 2625
2528 2387 2518 3763
4081 3614 2228 3426
2314 210 3202 2262
3097 370 3675 2993
2048 1893 3274 3094
3988 1712 4159 2289
4383 1822 3018 4244
3243 2213 3951 3948
996 1158 796 2430
1123 1976 2972 2546
2333 3367 2468 3605
3090 250 2866 2479
210 740 1152 2262
643 936 3935 1742
1846 2816 3467 2027
2543 3597 2524 2780
3634 3503 3045 1741
3466 283 2907 2099
1365 1362 532 1846
3877 2234 2560 1902
3344 2032 2223 4073
2584 4359 4214 2210
1749 3786 3468 2170
3044 2138 1720 2991
2055 3622 2641 1926
2278 2327 4057 2547
1174 1051 441 1673
1686 2832 1818 2505
2178 2256 2235 1979
4326 1745 4265 3606
3881 2163 4193 2207
701 3463 2501 4271
2835 2757 1756 2359
2410 4163 4291 3420
1553 2434 1876 1783
3545 1764 2860 4384
563 264 3662 2804
3284 2116 3335 2723
1821 3639 3515 3071
3310 2156 4178 2142
1704 2192 2957 1921
837 723 3483 2755
2012 1998 4284 2476
3295 3913 3773 4056
317 720 4128 2173
2417 2306 2586 2463
2757 2835 4124 2359
4386 929 3030 2967
76 725 3133 2921
4275 3828 2530 1820
2296 1483 1869 3415
424 425 891 2561
2850 1940 4275 2682
4105 3809 2533 3679
826 827 3086 2557
4102 3545 1748 2863
3678 3790 3622 3798
2252 3244 2401 3184
22 1084 4009 4052
576 577 740 2162
4160 536 4060 4028
3964 2751 3207 4136
3983 3330 2328 2075
2952 2568 2728 3226
4034 3069 2241 2359
3667 551 3758 3239
1874 2807 3123 1818
2143 1275 1995 1923
4268 4034 2055 3219
1792 3022 2821 4022
1508 1436 3120 3056
1666 1635 700 4175
1981 3656 1689 4117
2240 4301 2576 3750
137 1240 4157 1787
3169 3799 2665 3815
4059 4027 2827 3285
1835 2529 3047 2022
3564 4234 1769 2115
2304 3030 3390 2967
1104 1181 4350 3946
2733 2588 4324 1738
1952 2567 4283 2359
856 3755 1873 2071
1716 444 2697 3860
1813 2532 3018 4244
2903 2086 2599 2179
863 1334 2043 3200
1953 2275 4218 3356
2009 3765 3657 1990
2783 2127 3981 3026
2567 4283 2086 3661
2981 1752 2614 3008
242 3140 2585 2890
2335 1940 3032 2516
4115 2888 2551 2482
4124 4034 2055 2359
2078 966 3453 4279
1605 1603 1632 2053
1878 2000 3694 2661
667 1355 1562 2153
1617 4168 2680 3030
2098 3731 2491 3539
4232 1331 3103 4323
2852 3023 3315 2796
2149 3746 3345 2113
450 1487 1528 4026
1813 4189 3155 2750
2913 2098 2025 3895
3069 2727 2426 2359
19 1529 1615 4386
608 2148 2441 2841
3214 4325 3690 4260
4133 3214 1760 2076
3731 2106 2098 3813
4084 1205 4251 1956
1723 2189 3040 2200
2419 2410 3380 2978
3275 3744 3409 2476
2727 4283 2426 2359
4138 3771 3082 2075
3309 425 2561 1928
4278 367 3556 3519
1668 1083 503 1368
2420 3322 2509 2742
4283 3768 2426 2359
54 365 3380 3243
1893 371 2048 3274
3958 4049 4137 3708
3036 3086 3764 2229
251 1302 2407 2244
4011 3595 1939 1985
161 464 2864 3222
1083 673 1368 4009
1191 4004 3048 2784
3512 1856 4263 3216
589 591 1960 2763
4303 4275 2530 1820
2767 4132 1960 3495
1737 3957 3487 2291
2841 4099 3922 2693
3030 622 3390 2967
1976 3533 2564 2546
973 641 3882 2029
1952 2355 2567 2359
4041 3031 3413 3546
2928 3684 2417 4155
3221 1876 4381 1953
2086 2903 4363 2179
4180 391 2545 3351
3366 2428 1918 2154
3154 3718 3336 1777
588 1134 109 4331
110 111 2304 1737
503 1668 1368 1615
503 1368 502 1615
109 1134 112 4331
4294 3700 2039 1914
3753 4138 1843 4087
3799 3051 2565 4097
3957 1737 2742 2291
3125 1727 2524 2138
3640 2190 2282 2750
4008 462 2090 1767
4310 3280 2846 3241
3504 4278 2867 3446
1686 2272 2285 4370
4286 2738 1812 4092
753 1000 448 2907
716 3556 2924 2932
3983 3330 2901 4139
1935 3486 2060 2951
3724 1786 3441 2352
1543 3973 4258 2577
2038 2892 3445 1779
2798 1964 2707 4371
2516 2826 3353 1980
139 812 4242 1816
1035 794 795 2792
38 39 953 3005
528 1383 3738 1928
3585 2087 1968 2541
3079 3852 3169 1708
657 658 644 1948
2566 4182 3106 2171
1749 3443 3318 3468
13 307 2090 2813
708 637 638 3156
3151 872 2474 2067
3252 3592 3182 3181
3442 1822 3750 3611
3897 4142 2507 3979
2122 1854 3651 3732
93 468 1342 2283
1054 49 2233 2628
2028 3073 3684 4155
3919 2757 1746 4163
2306 3638 4015 3318
54 814 4250 3380
2532 1886 3000 3601
1327 523 173 2540
2328 3330 4021 3228
3212 3158 1805 3847
3390 2628 2253 2630
123 639 1055 3405
1283 920 99 3972
1862 1753 2234 4134
2733 2261 4160 3482
2294 1518 2979 2289
1037 1011 342 2490
2933 4281 1707 3869
1962 4197 3938 4306
405 404 984 224
175 174 3298 2036
3408 2636 1782 3517
2125 1800 3627 2515
4059 4186 2119 4093
3935 4006 2105 1948
528 3738 3288 1928
1756 2757 4163 2359
273 275 4148 3501
1616 2253 2153 2337
2200 4197 3678 3854
3585 2693 3487 2291
2183 1966 2624 3371
2718 4157 1880 3784
335 978 334 3439
2368 2946 4215 2248
1712 2294 3739 3901
1593 1603 3828 3303
386 1168 4144 1862
1659 1639 2563 3843
1233 3654 2976 3908
2216 4037 3601 1835
2674 2746 3745 3524
4251 706 3203 1862
4225 1867 1861 4074
197 199 198 3105
2309 3701 2954 2687
753 751 752 4200
558 557 3172 3342
3503 2525 3069 2241
3169 1895 2665 1730
3102 3391 3846 1939
1997 4121 2425 2766
4276 3638 4015 1989
1174 441 440 4127
2045 2814 4207 1716
2835 3539 2801 4093
327 324 371 3274
3805 2446 1981 1689
2683 1805 2106 3813
1673 1902 2883 3392
470 3632 3526 3194
2871 2784 3771 1754
4228 3259 2016 3066
3566 2300 2308 2851
2366 2796 2732 4291
1023 843 4178 2800
549 724 2707 2794
822 1367 823 2744
187 186 1858 3984
3275 3744 3428 3409
2191 4054 3848 3157
982 473 608 2441
987 1458 1476 2462
3783 2854 2475 1942
613 214 1093 1899
2422 3333 2285 3697
3944 2603 1969 3951
3552 2596 2293 1690
749 1229 3365 4336
2589 3165 3217 1974
3997 2463 3318 3342
366 365 185 3948
3703 3106 3016 3853
828 3086 3608 2229
3917 2648 2939 4012
4210 2849 4100 2004
605 1251 2770 3354
2807 2668 2832 1818
2956 3564 2142 2115
632 1341 3268 3255
1187 506 2128 2806
721 722 3820 2103
1637 1647 1641 4255
2300 435 2308 2851
1325 1357 154 2958
2664 2373 3964 2178
4283 1952 3554 3661
1143 841 310 1943
1846 3072 1695 4230
1252 850 992 3015
3472 2872 3741 2562
2411 709 2162 3993
678 680 345 4080
1806 2692 3317 4236
543 269 932 3244
2519 1760 1823 2005
1122 507 3959 2557
3940 3349 1936 2954
817 818 1270 2995
3942 1846 2406 1695
3156 709 3993 3300
2660 1704 3300 2102
3435 2607 4076 3794
2913 804 3850 2031
3301 2843 1729 3434
1491 1388 1492 2084
1190 922 3121 3489
3319 1303 3006 4061
2835 3069 4124 2359
961 789 1894 3594
2199 2128 3404 4053
381 1041 3769 4198
4349 4068 1823 2315
2525 2025 2031 2801
3906 3642 1688 2037
1190 1106 2136 3121
1401 1483 2296 3415
2880 1822 3352 2477
1911 2268 1815 1682
2241 3069 2426 2359
3718 3129 3336 1777
427 90 426 2635
3257 3014 2378 1923
1682 1914 2748 3170
1482 1400 2121 4239
2834 1702 2252 2401
505 653 3670 2806
3885 2392 3580 2276
4133 3947 3449 1760
2963 505 3670 2806
327 326 324 3274
3442 3786 1886 2642
2355 2757 4163 4185
4207 2814 3477 1718
2169 2775 2080 2100
1201 3172 1890 4208
3497 4205 2150 2472
467 3804 2996 2834
3406 4326 4265 2271
2832 2058 1818 2577
4034 4268 1824 3219
1794 2127 3673 3981
748 1244 423 3123
2809 2618 2430 3426
2098 1805 2842 3167
1365 1362 1846 1695
111 1316 2304 2742
751 1311 3001 3453
1397 4113 2445 2339
842 759 2973 3412
3457 3490 3370 1913
2571 404 2494 2423
1756 3069 3192 1958
469 471 3632 2543
4199 2734 3080 2026
2589 3217 1892 2303
853 3910 3015 2754
2997 3780 3404 1758
2715 2193 3361 3754
3846 2995 2402 4179
592 141 3692 2664
3919 2197 2336 3865
1593 1584 3828 3682
971 4082 2864 2977
2233 51 3394 2509
788 961 789 1894
2195 2965 2687 4379
3807 3376 2242 3427
3314 2191 2889 1963
3086 3036 3608 2229
2116 3952 3363 3517
947 1312 1097 4031
1995 3625 1873 2556
2306 2417 2586 3000
242 962 3140 4307
1743 3947 2825 2141
769 457 455 2253
3802 1282 4127 1838
3444 2293 3939 4105
4387 4135 3767 2338
91 92 727 2788
3488 1129 3053 2881
2380 3079 2390 3209
4388 2128 4044 3404
1772 1446 3584 2108
941 939 942 2676
1681 1740 2499 1855
2939 2755 2344 2661
4381 4302 4218 1783
1927 4376 4247 3174
3753 1959 1709 3046
61 1294 190 2721
4350 1744 3706 3946
2005 3073 2189 4155
1356 1122 1755 2557
304 305 2922 1819
457 769 2628 2253
740 208 1330 2162
3919 1756 3420 3205
4013 2092 1827 2067
2785 4109 1841 4131
527 525 3373 3619
1970 3193 2358 3571
2705 2575 3751 2339
774 772 3819 3400
833 832 1933 2858
3515 3639 3329 3071
239 316 1136 3088
2139 3808 2795 4267
1710 3672 3094 1865
2880 3442 1886 2642
587 586 1127 2038
1983 2838 3621 2475
2362 3692 4237 2664
3633 2567 2354 3661
1728 2387 2528 3763
2264 3744 3842 3023
1544 1563 2206 4214
559 1075 1201 2394
2217 4003 2998 4145
1973 3512 2013 2023
2355 3414 3315 1926
619 1532 1094 2433
2190 2212 2282 3525
1274 13 462 2090
813 1162 1160 1933
3193 1831 3430 3571
1580 2684 2901 2311
1111 542 3440 3244
4147 3781 1828 3290
2205 428 2466 3403
2586 3442 3750 2463
2663 1704 3398 1743
2586 3442 3443 1886
1885 3470 3570 3210
558 787 3705 3359
4150 3756 3313 2875
3642 1871 3378 2467
680 3963 4080 3319
3825 2968 4104 3217
3686 3722 2082 3971
1587 2807 2832 1818
3681 2955 2041 3202
295 1366 4265 3200
3234 3162 2996 2368
3970 4081 2228 2321
2251 2719 2016 1683
2086 2354 3661 2903
615 1470 614 4181
4119 2009 3110 1990
181 179 442 3602
2906 1397 2445 2339
240 316 3088 2173
2190 1959 2212 3046
2529 3047 2022 1922
2417 2306 3206 1840
2542 4269 3886 2107
1954 1911 1815 3461
3045 3503 2426 3134
3269 1395 2057 1685
2182 3991 2506 3418
3838 1952 2732 4291
3947 1760 3180 1823
1228 1086 875 3260
1348 1020 236 4380
2372 2453 3294 3242
1811 4310 2846 3241
3751 3281 3460 1812
838 1052 2000 3456
1616 1607 4168 2253
804 1329 3850 2031
406 1078 1107 2197
3731 3725 1890 2098
3906 2470 2517 2037
2348 460 3643 2800
2316 3654 3908 2040
4028 1178 2976 3509
3016 3814 2340 3853
1477 1460 3459 1916
170 1260 3165 2095
2567 2055 4283 2359
1491 695 1388 2084
2922 4089 1859 2673
3197 2461 2265 3154
502 18 19 4386
2043 3608 1831 3201
2218 3543 2400 2202
3654 1768 2696 2040
700 1635 1633 4175
794 962 791 4029
3919 2197 1756 3205
2325 3330 1744 2901
2792 1736 1910 2793
2586 4107 3018 1886
3861 701 2501 1948
2938 2743 3812 3092
3706 1744 2890 3946
1403 2403 3645 2730
1853 1170 2219 2908
3620 3913 1858 3352
480 479 4129 4387
1757 3624 4086 3454
508 1976 3533 2735
3254 2213 2903 2290
1736 1714 3991 3418
4049 1632 4386 1863
81 504 83 3646
2322 3417 2220 3811
2019 1852 1795 2531
1135 794 582 3140
1483 520 519 1869
1964 2149 3345 4033
3490 2988 1837 1913
1064 3917 2939 4012
187 186 3625 1858
2702 3714 3543 3480
2963 2400 3575 1691
2045 2064 2717 1907
2928 2028 4155 3638
1750 3220 3602 1802
3756 1852 3232 3871
3768 1962 2426 3134
3237 2689 2255 2411
1743 3947 2259 2694
597 1353 1929 2847
3983 3330 2075 3245
4109 2813 1841 3541
4342 2692 3936 4050
545 1140 4044 4053
3826 3136 2527 3214
1259 599 2603 2522
3215 2672 1692 2677
2202 1672 2596 2216
126 1401 1511 3312
1915 3721 2600 2016
2985 3118 4348 2331
1827 4013 3523 3207
2111 2710 3252 3182
1996 2768 4191 2157
460 1 2 2800
3553 360 3505 4358
653 524 3905 2806
2147 216 2678 3489
2925 159 2810 2553
2496 3721 2719 1683
418 419 2853 2836
400 787 508 2735
2740 2588 3021 1746
2837 2568 3953 2371
3608 1831 3583 2940
1933 2858 3964 3716
291 292 360 3553
134 137 3424 1787
121 122 3890 3962
3076 2242 3434 1857
2709 3378 2120 3397
3414 2518 3143 4185
2316 2778 1800 2911
2693 3585 1730 2291
1478 1502 4287 3760
958 937 3777 1742
2118 1712 3650 3686
2166 4368 2740 3021
2505 1719 4381 4218
1852 2126 3313 4156
2786 4342 3437 2749
2581 2459 2122 1796
982 473 2441 2841
1147 599 1339 2603
4313 2351 1706 2812
679 1024 4199 2734
3749 3084 4293 3847
1563 1544 2206 2109
1974 4337 2844 1994
3919 1746 2197 3205
1860 2891 3150 1801
2643 2476 3311 4300
3801 3152 4032 2249
3282 2265 3718 3154
3628 2003 2548 1907
2987 2768 2690 2343
1825 2367 3362 1972
3068 1849 2002 3499
2994 2314 4347 3202
3574 2512 3707 2522
1024 679 4199 4080
3376 4207 2717 1907
1951 2729 3986 3613
1785 2866 2061 3114
1942 3299 2014 4110
4080 679 2473 3412
2609 3386 2912 2035
363 1066 1067 3577
1722 2202 4372 1834
3094 1893 4282 2497
1983 2254 1723 3070
57 2419 2647 3894
1188 220 567 3887
2525 3503 3069 2727
2600 4117 4256 2592
3376 2003 4207 1907
852 853 1163 3910
2045 3448 2088 3102
661 924 2924 2932
151 150 149 2632
3449 3803 3065 2157
1838 2579 1861 3116
1418 1419 3722 3286
2814 2045 4207 3477
3281 4213 3297 1832
2233 49 3390 2628
3490 3457 1763 1913
2628 436 2153 2308
530 531 4305 1755
1238 628 3237 2411
4011 1687 4382 3995
1811 2846 4118 2531
2327 3325 3433 3316
1374 659 2858 2664
1980 4206 3610 4097
4249 1784 3558 3542
2440 2998 2529 4152
1827 1933 2286 2396
1581 1564 4169 3682
3653 4350 1744 2103
140 342 3669 1927
1760 2898 2141 3073
2315 4068 3622 2643
632 631 2976 3908
1841 2448 4131 3500
786 1006 4366 1901
2726 990 3769 2765
2256 1966 3845 2243
2651 1684 3976 3410
3829 4031 2280 1724
250 886 2956 2699
3700 4294 1710 1914
614 1105 616 4181
1466 1484 2705 2339
956 1312 3090 3248
3001 2459 2925 4200
275 276 4148 4314
1231 1329 2031 2510
1625 1666 4341 3973
621 18 110 2967
3126 4223 1991 4112
4054 1871 3378 3397
4024 3655 4328 2552
2731 3849 2331 3433
2884 3966 2657 3930
2688 107 3058 3737
1797 2736 3966 2657
139 4376 1927 1816
4188 2002 4264 2949
688 443 3602 1802
3752 2741 2846 3403
76 892 893 2420
1173 846 164 2556
225 2148 4290 2123
2327 2278 4057 1963
578 579 2771 2776
1518 1415 1413 2289
589 1249 674 2763
210 2994 4347 3202
3099 1830 3559 2064
1354 1046 421 2934
2199 3646 3764 2074
1787 1699 2513 1826
981 469 3632 2706
942 954 2786 4050
4038 2487 2177 2508
1383 3738 1928 2638
530 531 306 4305
3762 60 3695 4330
387 388 691 4117
4220 3684 2276 2417
3036 3214 3201 2157
4349 1823 2617 2315
1828 3004 2870 3966
3160 3997 1878 3318
2272 2052 2285 4370
3782 4013 3592 1732
2280 3627 1675 3110
4386 4049 1863 2967
3744 1728 3428 3409
1760 2519 2276 3880
1589 1599 3576 3233
2233 1680 2113 2715
3240 3216 3876 2077
449 4341 4378 2099
1930 3277 2130 1764
2502 2879 2464 3161
2277 2056 2330 4135
3652 3625 3984 1791
2712 3940 1836 2094
1025 403 2494 4290
3863 1768 2647 3574
2254 1997 2425 2766
4231 3152 2559 4343
624 1295 623 3290
159 1325 2958 2553
289 1070 1254 3202
3945 2831 2048 3333
4253 2797 3795 3186
211 888 213 3257
1789 3393 3224 1994
1524 1493 1444 1869
644 1373 3935 1948
3545 3270 2087 2023
3393 1789 1970 4259
1634 1633 2460 3820
1141 609 205 4248
1803 1944 2220 3401
2626 4131 2686 4367
1144 185 58 3243
1114 1358 509 2546
2438 2120 3100 3421
3278 3817 2370 2364
81 506 504 2886
276 274 275 4148
3656 1169 1689 4117
2830 1841 3089 3500
3506 786 2637 2270
3279 3442 2880 2642
1778 3828 2530 1968
3920 3163 2839 1844
2342 2164 2817 3319
3480 2400 2202 3402
1341 632 630 3255
2588 2740 3607 3733
1728 2528 2518 3763
4051 2305 1771 2319
2988 1837 1913 3381
32 1665 33 1158
2424 1887 3183 3657
1235 469 2706 2543
360 1239 362 4358
1054 2233 2113 2715
2213 3944 3137 3648
502 19 1615 4386
32 1226 908 2984
2607 3417 3794 3837
3084 2398 3749 2028
3692 1842 4237 2664
3959 1804 2406 3527
3449 4068 1823 4240
1265 860 2807 4173
3716 2006 3910 1810
1366 894 3237 3571
3326 3688 3163 3797
2276 4107 2417 3880
2842 2835 2801 1824
2933 3977 1929 2452
2468 2882 3528 3605
51 1296 2304 3390
1737 4331 2742 2441
2269 4059 2827 3285
2340 3377 3853 2361
1717 3897 2507 2209
2915 1996 2768 4191
2305 4051 1906 2701
740 304 576 2162
2037 3642 3378 2467
4049 2304 3030 3708
1234 1268 2024 3670
2928 3684 4220 2417
1098 701 2501 4271
4268 4034 1824 3854
1946 2296 3159 3941
2273 4286 3988 1812
1195 3775 1851 3532
2680 4049 3348 2053
1697 3011 1986 4063
2335 2320 4285 1709
167 209 2994 3108
1325 159 171 2925
1174 440 1155 2535
879 1076 1890 4208
2079 3564 3026 3098
278 275 529 4314
435 277 4314 3361
683 149 134 3424
845 2042 4265 3571
1705 3458 2141 3073
133 1287 1312 3883
1853 2988 2091 4274
1152 1254 210 3202
2110 3147 2235 3210
3565 815 2713 2388
2557 3646 3764 2413
2588 2549 3344 2733
3000 1886 2172 2528
3212 4293 3158 3847
941 942 2786 2676
1273 339 4247 4194
1781 2461 3197 3154
2335 3032 2826 2516
202 920 2025 2910
1726 4270 1773 4329
1237 845 3237 2689
167 169 168 2573
2796 2852 1883 2732
2440 2998 2044 2529
2642 2380 2665 3607
1414 2544 4023 3650
2706 1264 3063 3547
406 2571 2197 2423
3793 2333 3652 3367
3939 4362 2681 2161
3103 307 2813 2785
2240 3900 3528 4230
988 570 2244 3576
230 1175 4040 2571
4082 3718 2155 3112
4342 3936 2786 4050
4035 3347 3485 1836
711 855 148 4211
598 601 600 3707
3470 1868 1979 4297
978 546 1062 2486
449 521 4341 2099
1778 2860 3685 3828
1414 2544 3739 2829
433 2487 3123 3596
949 233 3520 2671
2365 3630 2216 3601
4228 3259 3066 2318
1560 1561 2408 1908
425 528 3288 1928
2802 2295 3347 4355
2504 3353 2893 2371
2191 2709 3397 1963
259 1089 2300 2132
783 1298 4265 3606
2399 3695 2802 1707
2617 2315 2005 3678
3631 3844 2189 3040
3419 4373 2132 2562
4296 2182 4254 1813
4031 3248 2280 2133
2676 4130 1684 3976
513 1125 4054 2769
2621 1743 2825 2141
4245 3932 2498 1923
744 886 2407 2956
4285 2335 1940 3032
1998 1823 3027 4284
1162 1160 1933 2092
3705 3997 3611 4056
2453 2946 4204 3294
2702 3714 1672 2392
1950 1955 2845 2369
4228 2926 3198 3874
1577 1585 1552 3496
707 362 1239 1862
2295 2884 4355 4146
1948 2105 3937 2035
305 306 2816 1819
1672 2276 4107 4037
473 474 2841 3478
1549 1563 2975 4169
2568 2931 2565 3226
3023 1887 2065 3765
669 1474 1420 2455
2005 3206 4155 3854
1111 1005 3804 2637
3542 3664 3438 1725
2413 2486 4044 4053
92 516 1228 2788
2898 1759 1705 3712
3229 2166 3021 2494
3069 3503 2241 2426
1704 2957 2660 1921
3086 2557 3764 4309
662 714 3556 3093
2928 4276 2028 3638
735 1510 733 1476
1784 2904 3559 3357
4226 2302 2094 2904
4216 2185 1945 3712
2084 719 4266 3039
502 18 4386 2967
2111 2710 3182 2812
3072 1759 2898 3580
4161 2282 1875 3575
2749 3976 1700 3164
4268 4015 1824 3219
657 848 847 2105
2434 2326 1876 4381
3790 4349 1799 2937
502 1368 2763 1863
4085 2802 2920 3347
3572 3101 3557 1845
2386 4240 2915 4191
845 295 1366 4265
3277 1930 3382 1764
3180 1760 3073 2005
1052 560 1053 3462
3170 1914 2196 3956
4197 2200 3045 3134
3237 3993 3571 2940
812 1386 4242 1816
2294 2979 4159 2289
3857 3333 2594 2285
4142 2047 3897 2554
61 1164 1294 2721
2687 4201 4379 4343
3964 2178 3207 2006
234 1871 4205 3642
2192 2948 1803 3128
2045 2814 1716 3102
1942 1674 4000 2014
3803 2076 1690 2157
1346 566 3887 3848
3533 187 3620 1858
1806 2861 3728 2804
140 342 1010 3669
1097 1096 4031 1724
2852 1883 2732 3648
993 195 2121 2649
2120 3378 2278 3969
1399 2237 4224 2250
3818 2133 2515 2409
1107 1231 804 2336
2221 4235 3893 3122
1797 3281 2836 3460
868 1301 1792 2221
2313 3189 1719 3364
3237 1238 3993 2940
2070 2670 2097 4086
2521 3674 3856 2144
3480 3402 2293 4105
2854 1717 3783 2475
1230 901 3285 2491
1605 1632 1529 2680
799 798 1482 1157
740 2314 4347 2162
2611 2231 4000 1698
786 1004 3506 2637
897 369 896 4346
2168 2364 3121 2114
2589 2986 2844 2303
1152 711 1254 3202
1725 3438 3668 3343
1701 3392 3116 3028
1965 3529 2770 3043
2637 4366 3508 4215
90 427 1733 2635
3718 2011 3129 1777
3012 2629 2897 4100
1621 1534 1535 3800
64 3565 1703 1767
1746 4163 1738 2261
2355 2757 3414 2359
3692 1842 3324 1707
2533 3780 4362 3404
2257 1334 3406 3200
2814 3037 2332 3132
3779 2603 3055 2129
229 975 2550 4196
2602 2386 2432 2915
2656 3806 3535 3689
3013 909 3560 2105
3586 1327 3001 2540
1842 3573 4237 2178
1235 705 2543 4196
2462 4014 3144 3921
4157 1787 2513 1826
4189 2379 1834 2750
2621 1704 2660 2825
3088 3301 1729 4269
4123 927 2260 3612
953 1106 2136 3005
4254 4107 2532 4383
2011 4272 3129 1859
1928 3915 3333 2285
939 942 2676 4050
3145 4226 2954 2094
3136 3156 3608 1831
3176 3282 2011 3336
3700 2236 1914 3337
3679 1770 4044 3404
507 3959 2557 3646
2496 1918 2450 3572
2417 4107 3000 3601
637 1343 894 2940
2056 3529 3740 4387
2809 3970 4081 2430
2831 3738 2553 2583
3674 2144 3174 3473
2128 545 4044 4053
765 766 767 2058
4206 2568 2044 3953
3550 1767 3595 4273
4285 2335 3032 3635
2203 4068 3065 4240
178 206 95 3422
1766 3898 3891 4176
1970 3224 3911 2020
3465 2357 4199 2026
1472 1527 1456 3005
3336 3129 2660 1921
1099 3097 2977 1844
1774 2699 3119 3981
1298 782 292 3606
3425 2313 2458 2685
135 134 136 1787
1062 82 4309 2486
3443 1878 3318 3468
210 1254 1070 3202
15 3293 3019 2679
2740 4368 3143 4185
414 1469 413 3510
1617 1616 4168 2253
2208 3151 2474 3252
711 2155 4211 1777
166 164 846 2556
2599 1806 3728 3870
2132 4373 3263 2051
2542 4357 3886 3980
637 862 3583 2940
3808 1471 2795 4267
1933 2751 1816 2092
1317 867 4311 2471
1034 790 579 3994
2255 3307 1921 2314
3347 3977 3869 1836
3666 4182 1847 2171
402 488 1276 2399
2641 1728 3275 3428
1872 2520 3687 2398
2479 2783 3818 2133
3633 1962 3634 2426
4352 3424 2718 1826
2668 2807 4173 3546
1618 3038 3576 3042
2022 1922 3763 2264
2373 1880 2263 2513
4357 4128 2614 1934
1899 2364 4181 3121
1595 2053 3303 1863
2574 2534 3287 4233
3535 2969 3689 1721
3944 2603 1898 3055
2733 4160 2696 2698
2643 4284 2476 4300
800 1246 3906 2517
2149 2420 3394 2794
2487 3915 2285 4038
3267 2485 2036 3191
126 1401 3312 3415
896 369 3656 4346
146 148 1845 2905
3379 1532 3843 2433
433 432 2487 2744
1565 22 4009 4052
2401 3440 3508 3184
287 288 290 3261
3153 1951 3663 3667
2867 3556 1958 2932
2995 3846 2713 2388
4065 3215 2169 2405
4313 3227 3878 1706
2541 1820 3957 1737
3302 2616 2720 2535
2403 3115 3091 2187
3550 4131 2686 2986
3447 3497 2962 1688
3506 2158 3411 2270
1452 1423 2140 2534
2182 2218 3605 3418
4051 1848 1906 3613
1895 3902 2665 3607
1256 1029 2316 3908
148 925 711 4211
482 2277 2056 4333
2017 3722 3686 3971
2294 2414 1712 4159
4293 3084 2028 3158
4375 2506 3195 2477
2011 3718 3129 3336
2777 1722 4219 2282
2191 2709 2356 3183
3496 3020 3355 2458
3449 4133 1760 2157
3176 2957 3282 3336
320 578 579 1729
2064 3376 2717 1907
3054 3124 2832 4302
2842 2835 3539 2801
2202 4372 1834 2216
139 1039 1386 1816
1871 4205 2962 2472
3790 3622 3798 2643
1842 3762 3324 1707
1704 2255 3300 3690
817 816 2995 4179
1386 1040 1162 1816
4373 3082 2764 3419
3381 1837 3909 3933
2782 2161 2616 3679
2544 3650 3739 3686
2178 3964 3207 1979
3833 3616 2180 1864
2176 2961 1912 2938
3412 2840 4156 3232
4172 3085 2101 4025
1224 723 2755 2707
995 1226 996 2503
716 662 714 3556
2517 2470 2054 2037
3736 2830 3536 1956
1332 2092 2474 2067
2026 4318 3211 4183
358 371 372 1893
949 2158 2671 2711
2178 4237 1885 3570
3207 3964 2006 3716
2358 2043 3406 3200
561 2891 2214 2100
3802 359 2579 3888
2086 2213 3554 2290
3936 940 2591 1684
1028 1340 3013 3109
2011 2262 3112 3222
3097 4082 3718 2155
1414 1416 1421 2829
1482 798 2121 3009
4287 3465 4199 2026
592 969 153 2362
3548 2961 2393 3740
182 1276 3324 3247
698 449 1372 4175
3513 2386 1988 2201
813 1933 4242 1816
3692 1374 2858 2664
1160 1162 1161 2092
810 945 2536 2655
1332 1161 1194 2092
61 1163 1164 2721
2097 2305 1848 3787
1044 1513 1397 2906
3660 3293 2495 1773
4352 2718 4281 1826
1949 3830 2018 2287
3062 451 4026 2878
683 151 149 4352
417 934 1119 2836
3004 1797 4005 3966
1808 2574 3287 4233
46 2135 1828 4330
2018 2493 3377 2287
4129 1133 1726 4387
307 308 3103 2813
2063 3296 3126 2877
1815 1911 1682 3461
3807 1729 2242 3434
3840 1830 3198 3427
2741 1242 3204 2205
1989 3731 2106 2098
585 2038 1726 2338
2837 3545 2931 1764
3581 3374 2372 2383
583 581 582 3905
3065 2596 3552 1690
1944 4025 4348 1877
3165 890 1974 3179
3352 1873 2071 2477
2160 2421 4094 3411
3948 3554 3519 2917
596 215 889 3766
81 2886 3646 2413
3904 3842 1675 2065
826 828 930 4309
4151 3145 2018 2675
1799 2643 3507 4300
2023 2708 3641 2604
4037 2379 2532 1835
209 1070 169 2994
167 628 3108 2689
1676 3099 2904 3357
1705 3933 3712 4048
3267 2485 1945 2928
2820 3166 3303 2763
1745 4326 4134 3606
2739 3530 1853 4022
1134 1074 475 4099
1366 845 4265 3571
2366 2264 3842 2796
1689 2496 2537 2450
2788 90 1733 3788
3036 3086 1755 2557
2332 3879 2019 1795
1265 2807 3534 4173
1486 1391 3321 4122
3201 3036 2987 2229
2486 2199 4044 4053
3218 3959 3527 2074
3158 4155 3638 4268
1822 4301 4383 3750
2882 2182 2980 4244
3594 1136 3994 1729
4157 980 2718 1880
2177 432 3884 2508
2848 3373 3619 1786
3783 2475 3249 1942
3705 3997 2576 3611
2417 3684 3880 4155
1853 2821 2988 4274
2353 213 3257 2051
1607 4168 2253 2337
4296 2202 4189 2379
2381 3623 4322 2691
699 698 4175 3820
182 59 3762 3324
4026 3384 1950 2878
3018 2532 3079 1886
2025 3985 3167 3539
3156 3608 1831 3583
599 1339 2603 3960
1988 2602 2234 2560
435 1385 2300 2610
120 1118 133 3119
1781 2461 3154 3557
1310 318 3301 2204
3086 3764 2229 4309
4278 2086 3192 3554
3777 3775 2590 4380
3318 4015 2008 1989
2379 4037 2216 1835
1717 3897 2554 2507
3809 2486 3679 2279
301 300 3774 1695
1558 1563 1564 4083
3387 2357 4199 3369
1205 12 4084 4251
1443 3056 1957 2296
306 708 638 4305
810 1198 3335 2723
978 1062 3439 2486
2669 1320 3165 4332
210 1152 3202 2262
1892 3276 1903 3968
3097 3208 3675 3718
173 751 1327 3001
304 2922 2162 1819
4157 1880 3784 2513
3753 2275 3983 2075
2790 3154 2360 3557
1031 3105 2545 2929
3473 2739 3530 2908
624 3384 2878 2815
1128 268 4205 2150
2148 2441 2841 1730
1053 837 2000 2755
3322 3957 2742 2291
1858 2564 2546 2980
1685 2969 4252 1795
1237 628 629 2689
912 1384 1189 3793
3742 2154 1735 4249
1746 3919 2197 2423
435 2300 2308 3361
2532 1886 3601 1835
3741 2072 2725 1711
3504 3634 2354 1932
1576 1667 1561 3626
1244 1245 2807 3534
2963 505 2886 3670
3305 1878 3694 2661
1894 3088 3594 4269
2314 740 4347 2262
2387 2172 2528 2518
3670 3916 1804 2469
345 679 4080 3412
1805 3212 3847 2856
1260 627 4104 2095
3136 3826 1819 2102
3529 3251 2393 3740
1455 3618 2364 4181
964 459 1322 2756
3384 1950 2815 2679
2107 3376 3427 4016
1999 2789 4090 3208
2922 1269 4089 2673
3076 1328 2848 3373
2417 4107 2586 3000
1873 1708 2071 2477
2225 1905 3673 3816
367 881 3556 3519
752 751 3001 4200
3841 2269 3285 2491
1022 1195 3127 1851
2526 3915 2480 3187
3784 2263 1885 2513
3932 1036 1923 2556
2573 167 3108 2689
1883 3055 3765 1990
2629 4100 1985 2612
3078 2254 1723 3928
4370 1686 2046 4038
3681 2095 3862 1974
1268 505 4180 3670
2985 2731 3433 2081
3959 1122 1755 3942
2159 3568 3482 2698
1351 1223 305 2816
530 1263 300 3942
2596 1672 2365 2216
701 658 2501 1948
520 285 1869 3148
4382 1733 3995 3788
2399 4085 2736 4344
3339 1759 3712 4048
1423 25 1081 4066
412 1087 414 3510
365 367 814 3380
2891 3150 1801 2214
899 901 898 3285
1972 3833 3851 2363
2182 2882 3528 4383
137 683 4157 2718
870 1272 2208 3934
984 224 4027 2760
3178 4035 2593 2298
2616 1838 2535 4079
2002 2539 4264 2949
4107 4220 2586 3750
1546 1545 1544 3494
2003 3434 1857 2204
1563 1545 1549 4203
1207 991 1206 3223
337 2616 2329 2833
81 1187 506 2886
1654 3355 2684 2311
2886 2199 2413 4053
1301 4235 2490 2221
1894 2168 3792 3886
2072 2337 2167 2502
360 291 3553 4069
1903 3742 2059 2447
3794 2617 2005 3837
2294 1415 2289 3650
3136 2527 3214 3201
546 1140 1062 2486
846 273 856 1873
569 1630 298 2481
2337 1569 3759 2502
159 752 2925 4200
1564 1664 4083 2975
984 899 838 3456
651 418 88 2853
2428 2712 3366 3210
2446 2496 1981 1689
1997 2627 2819 3631
1817 2749 4020 3769
2228 4081 3426 2321
1745 1970 3193 2358
3993 1831 3571 2940
2563 3710 2764 3843
2199 2533 3679 3404
2903 3254 4363 2179
3443 3442 3786 1886
4157 3424 1787 1826
514 513 3518 2769
2700 2459 1796 3453
2000 2344 2666 2661
200 202 3850 2246
1075 900 2394 3462
1723 3837 2189 2200
3798 1962 3633 2426
3634 1962 4306 3045
2603 184 1969 3951
2794 3133 2992 2921
4152 3744 3242 3372
1756 2336 2031 3865
2567 4283 2426 2354
471 472 470 3632
2257 2484 3406 3334
894 3237 3571 2940
3771 3082 2075 1754
3209 2131 2488 2529
378 1037 340 2490
2738 731 1899 1941
1761 3344 2696 4073
294 1334 295 3200
183 648 1071 3254
2541 4263 2767 4132
1107 804 4126 2336
1911 4003 2268 3839
3997 1925 3705 2576
557 1201 3172 2394
549 75 724 2794
2380 3079 1886 2642
934 1119 2836 4005
1711 3082 3588 1709
84 3379 2051 2433
730 84 2562 2051
2520 4162 2036 3191
32 996 1226 2984
3666 3952 2171 2805
124 701 228 3463
1702 3094 2964 4282
236 235 4130 3777
3305 3279 3442 1822
2130 1930 1889 3965
2264 1728 3023 2796
4132 4331 1737 3487
2740 2588 1746 4185
260 1036 3291 2556
305 304 306 1819
1012 931 3615 2279
2571 2159 2494 4290
1492 1388 1494 2084
4212 3630 3601 1840
1708 2880 2477 2622
2848 3619 2776 1786
1531 1638 3876 3567
3123 979 3596 1818
3654 4028 2976 2696
3973 129 4258 2577
2096 2607 3073 2189
1607 1567 4168 2337
4034 2241 2426 2359
2233 1054 2628 2715
609 1141 2324 1900
404 405 4027 3010
3863 3574 2512 3707
1883 2419 2732 1969
3721 2537 2771 3994
3780 3939 4362 2681
3807 3376 2003 1857
1536 1646 2619 3413
2963 3916 2400 1691
1911 4234 3461 3340
1613 1531 3876 3567
2010 1758 2039 3544
1413 2118 2289 3650
2656 3689 2045 3477
2893 4145 2268 1815
3328 2040 1800 3138
2420 76 2794 2921
1147 1339 1290 3960
1111 1005 2637 3440
4136 3523 1693 3856
3032 2335 2030 1731
2857 2296 3159 3008
2128 1758 3778 4045
4051 2097 2305 1848
3944 1883 1969 2522
3694 3786 3902 2172
2090 2894 3246 1767
1170 160 2219 2908
1823 3180 2437 2617
1532 1539 1649 2872
2304 2509 3708 3957
1822 3913 2564 3611
489 1159 4317 3297
824 425 279 3309
930 82 826 4309
1805 1989 2106 2098
2000 1878 2344 2661
4219 2236 2483 2146
188 1216 189 3620
682 47 4369 3004
2524 1849 3104 1741
1849 3289 2002 3499
4163 2757 1952 2359
2420 76 3394 2794
1749 3786 2170 2172
3152 2493 4192 3866
399 400 2735 4056
1895 3852 3902 1964
2565 3610 2682 1968
1750 4187 3220 1802
699 700 1633 4175
907 3876 2984 2077
172 523 2128 3778
4034 3768 2055 2359
2304 2509 3957 1737
2380 2390 2665 3815
2601 1778 2860 3685
3970 2809 4081 2321
1582 1581 2601 3685
2693 3323 3954 1730
3024 1584 3828 2442
2837 3545 1764 3270
3498 2125 1800 3138
1589 1600 3038 3576
2541 3270 4263 4132
1796 1744 3416 2328
2043 2987 2690 2343
3057 3374 2372 4106
903 715 3865 3205
3608 3036 3201 2229
1596 1597 1993 3245
1804 2333 2468 3605
2666 3902 2166 2170
2902 2655 3109 3698
1858 1822 2564 2980
1750 3609 3217 1892
100 1278 872 2067
2526 4170 2480 1987
1590 1665 2984 2430
2628 2233 2112 2630
365 3380 3948 3519
777 102 785 2711
4205 268 3497 2150
1290 1146 1147 2603
4259 2663 2066 3513
3711 3447 4101 2523
3031 3644 3699 1747
1744 2325 2901 2685
2998 2217 4145 2044
2915 1996 3552 2238
2835 1756 3069 2359
1565 1594 1613 3166
1820 2767 3303 1863
2505 2326 4302 4381
1366 295 1334 3200
2220 1803 3401 3398
3299 2595 1751 2991
203 803 2913 3895
1728 2355 3414 3315
2110 1868 3470 4297
1888 2912 3560 1864
1009 1008 2778 3502
1126 1380 590 4221
1928 2831 3035 2583
589 109 1960 4331
2467 3378 3969 1963
1905 3791 3927 3641
1726 2038 4270 3445
1226 2503 3927 3432
1597 2563 1993 3245
1126 590 4246 4221
3709 2047 1693 2389
2273 4286 1812 4092
3568 2841 3478 2188
3566 2308 3361 2725
1968 4275 2541 1820
707 1239 782 3606
1590 1588 3970 3074
531 300 1846 3942
807 498 3272 3791
3136 3826 2102 3690
256 462 4008 1767
2040 2696 4073 3138
2530 2297 1820 2053
1390 4171 3618 4181
3625 166 1873 2556
2448 1789 4367 3680
2215 2167 4303 2598
349 1132 2927 2267
2767 4132 3495 4331
2326 1551 2434 1876
2374 4225 3094 2497
3828 2530 2053 3303
3079 2880 1886 2642
3444 2343 2161 2720
2366 3838 2796 4291
1164 1163 3354 2754
3169 2380 2390 2665
1211 1044 1507 2906
3494 1546 2163 3262
1785 3234 3831 2996
1134 588 3495 4331
555 366 4363 3519
3841 1878 3462 2000
1877 3493 4264 3308
907 330 34 1640
1536 1646 3881 2619
3931 1742 3258 4223
1461 1715 3450 2369
3348 3958 4303 1820
2255 2411 2162 3300
1499 29 30 1523
298 569 2481 2181
4001 1677 2429 3655
3302 2257 2343 3720
217 1780 2896 3488
34 32 1665 33
1582 1658 1581 3685
2182 2882 4383 4244
3322 3524 3957 3823
2182 4254 1813 4244
3701 1966 2954 2687
1806 640 3522 3130
3824 712 2155 3112
2019 3037 1795 4150
1873 3195 3475 1731
845 1366 3237 3571
3852 3902 1964 2666
4145 2568 2952 2511
1876 1544 4202 3494
1999 4090 4364 2839
1024 3 296 3080
178 95 1262 3422
1532 3710 3843 2433
1727 3125 2524 2780
2140 1452 2534 2795
282 766 129 2959
4220 3528 4107 4254
3809 3764 2486 2279
22 20 1084 4052
2358 1366 4265 3571
2498 3932 3195 4058
657 644 3935 1948
2824 1833 2371 2953
4042 2130 1971 4019
2087 3270 2541 4132
2213 3554 3380 3420
3084 3631 2096 2189
4119 3765 2009 1990
1721 3734 3115 2266
2860 3024 3828 3270
3283 1736 4245 1714
1704 1831 3193 3571
4189 4296 2379 1813
1163 61 852 1810
1029 632 3268 3908
3390 2304 2509 3708
3514 3353 1980 2893
3481 1691 1910 2747
29 1157 31 1523
1277 685 3829 3389
250 2956 2866 2479
2432 3676 4096 1762
429 1345 1811 3752
1959 1719 2211 3651
4349 1823 2437 2617
3325 1817 4020 2317
111 2304 1737 2742
1805 2098 3813 3167
3417 1983 1877 4264
1752 3056 3368 2194
4374 1917 4193 2207
82 2413 4309 2486
1553 1552 4302 1783
3597 2867 1741 2990
3708 3265 1820 3957
4363 2086 2179 3519
3505 363 4069 3577
2225 1794 3673 3890
3277 1694 2837 1778
2566 3703 2288 2018
2976 2068 2223 3509
245 1300 1030 2225
1954 3831 3461 2587
929 17 18 4386
207 1154 2091 2347
3574 2647 2512 3894
2406 3072 3218 3885
225 2798 2148 2123
2642 1895 3852 3902
230 4040 2159 3482
754 1132 353 2951
1120 195 196 2644
4041 3644 3031 1747
2968 328 3825 4104
1353 3629 1929 2847
2674 3524 3032 3635
1239 707 3203 3606
3585 2541 3823 3487
3977 1707 3347 3869
2405 2930 3612 1733
422 668 2934 2455
3110 2009 3389 1990
1451 1452 2534 3907
237 941 3451 2676
1238 1343 3993 2940
4385 2468 4230 2392
159 1325 155 2958
1728 3275 3409 1926
52 612 54 2978
130 131 1543 4258
2569 1927 4247 3174
2998 2217 2044 2728
333 334 336 2782
3023 2852 3311 1887
1158 797 796 1624
2432 2915 1998 3028
3088 3301 2843 1729
213 793 791 2353
1698 3071 4311 2350
2072 3741 2879 1711
3973 4341 2099 2458
4003 2069 2125 2874
2702 3528 2392 4254
3022 4121 2821 3084
26 1021 2941 3127
2783 2479 4125 3026
3809 3444 1690 2987
68 1489 70 3241
2772 2483 3651 3732
1326 1175 3568 2159
5 413 1399 4224
2733 1761 2696 3138
1878 3305 2344 2661
3086 828 3608 3583
3764 3809 2229 2279
3439 2616 1770 3679
1084 591 673 3166
2977 341 1844 4194
1603 1604 2530 2053
2966 3341 1781 2382
1938 3950 4154 2209
2928 2586 3750 2463
85 2300 2132 2562
2820 3828 2767 3303
4113 1517 2273 2979
1170 379 2739 1853
591 1084 4246 3166
815 817 816 2995
1897 1974 2844 1994
4303 2850 4275 1820
516 515 356 4071
2829 3016 3814 2340
4155 3206 3638 4268
1666 1372 4341 4175
1672 2702 2392 2276
2121 4164 2108 4047
2264 2366 4365 2874
1722 2039 2777 1914
2121 195 2644 2649
4168 2253 2337 2630
1392 1488 3465 2462
3708 2304 3957 1737
2448 1789 3680 3292
199 873 2143 1791
2392 4220 4107 4254
1707 2624 3371 4355
2373 1933 2751 1816
4365 2366 3842 2874
269 2252 4101 3244
4324 1761 1738 3138
1235 2706 3063 4196
3831 3162 3859 2996
2284 4125 2061 4234
3394 2420 2509 2742
4234 1785 3831 3730
3839 3474 2391 4152
3464 2127 1774 2321
2809 1116 3190 1774
1609 1606 2072 2502
623 113 2815 4077
715 53 3093 3205
2874 2366 3904 3138
1804 4385 4230 2392
3000 2641 3428 2528
268 932 4101 2150
3302 2690 2484 1701
988 919 737 3042
419 2575 2853 2836
2320 4138 2335 4058
271 2165 3521 3888
2473 2734 1681 2514
1806 2861 2804 3899
2022 2998 1922 4365
2702 2392 4107 4254
2882 4301 4383 4244
1154 1853 2091 2347
4385 2182 3528 4254
3617 3223 2941 2775
1066 1174 1673 3577
1018 1337 1090 3785
3714 3480 1672 1690
2837 1940 4359 3610
2785 4109 4131 2686
765 859 1619 2058
2926 1894 4269 3886
443 3761 3602 1802
4259 1753 2066 3665
3376 3974 3807 2107
4069 1067 3334 3577
4220 2928 2417 2586
2494 1025 4290 2123
3617 3050 1882 4070
2539 3045 3227 2002
1341 2225 3255 3925
1813 1714 3155 3418
1712 2294 2289 3650
1366 2358 4265 3200
3744 2264 3409 3023
2066 4259 3513 1988
3410 2029 2758 1720
483 1912 3117 4067
1945 2240 2928 4043
4376 2373 2263 2751
2421 2160 2424 2453
2251 2428 3840 2719
828 636 862 3583
3809 2074 2533 3679
2276 1672 4107 3601
293 1298 292 2271
2451 2456 1776 2033
505 653 944 4180
3851 3999 2363 3256
2140 2038 2534 2495
216 788 3926 2678
1925 3997 3705 3342
4006 1864 2105 2035
1779 2723 3767 2338
1477 764 1511 3358
3409 3744 3023 2065
738 739 737 1652
4301 3267 2240 2576
2567 2355 1926 2359
568 1630 569 2481
2354 4001 2429 1961
1542 1652 3491 3038
1594 1584 1638 2442
4151 1870 3152 3801
2217 2125 1761 2874
1334 863 1366 3200
938 1185 1742 2625
2974 2555 4072 3183
2063 3999 3126 3362
2392 4220 2276 4107
3642 1688 2037 3378
3283 2143 3991 1995
4230 3885 2392 3580
806 946 807 3791
305 1223 2922 2816
1758 2997 2652 4045
2199 3527 3955 2469
403 1175 2159 4290
1917 1833 1769 2207
1886 1749 3000 2172
474 3568 3478 2188
649 640 650 3317
3550 1767 4273 2986
3971 3395 2057 2538
3634 1962 4001 4306
3634 1962 3045 3134
4091 1393 3723 3921
1792 2627 3022 3847
1519 1459 1946 2435
2055 3768 2567 4283
613 214 1899 3121
3215 2169 2405 3135
798 799 1482 1400
3146 3172 2106 4208
2223 2976 2040 3455
3196 2037 3378 2467
4031 1312 3090 2133
1886 1835 2387 2172
1571 1909 2800 2181
2315 4349 3790 2175
3705 558 3359 2436
1150 1151 887 4165
1426 1881 2294 2979
2355 3838 4185 1738
1546 1559 2163 3262
3431 3630 3275 3428
3448 3896 4187 3276
3838 2355 1728 3315
1755 3959 2406 3218
1302 2407 2244 3990
2549 3954 3087 3149
4132 3495 4331 4099
3469 1591 3970 3331
1895 3229 3902 3607
1902 1701 1673 3577
3127 1692 1851 4070
2484 3302 1701 3577
1963 2198 3591 1817
2412 3350 2656 1685
259 1385 278 2610
4170 4078 2700 2810
571 570 569 3990
258 257 3257 1923
2541 3957 3823 3487
2627 2683 2710 2819
242 241 243 3653
759 770 416 2973
888 793 3257 3014
1234 504 2886 3646
3458 2607 3435 3794
3190 2809 1774 3981
1387 1487 3019 2679
2588 2549 2868 3344
3766 1832 2147 3599
2768 2602 4191 2201
2947 4182 1808 3287
3512 4132 1973 2013
3326 2263 3688 3979
567 220 1346 3887
2168 3792 3886 1814
1772 3723 3141 3144
4326 2484 2560 2271
1481 1396 1394 4174
4314 278 2610 2193
3486 2418 2927 2267
2710 1805 3813 3167
4003 4145 2511 1911
1189 1059 1123 2972
1067 291 4069 3334
283 448 2907 2099
879 1272 4208 3813
1623 1643 4041 2919
1746 4163 4185 1738
2702 4385 1804 3714
1964 3345 2707 4033
3744 3431 2022 2650
1445 1459 1460 2435
1534 1535 1937 3989
1833 2824 2384 2953
946 908 1226 3927
1057 2550 2489 3667
1448 3584 2108 3009
463 713 710 3112
2548 2542 4322 2107
2702 1672 2202 4037
1930 3965 1833 3340
1895 2380 3852 3169
438 1089 86 3472
1661 1585 2832 3496
1025 225 4290 2123
2112 1680 3754 3635
2038 2534 2892 2916
3139 3172 3146 4336
3456 3841 2827 3285
1744 3330 3706 2890
736 192 2809 4292
1054 50 2113 3394
1690 1996 4191 2157
1935 2060 2345 4010
599 598 3707 2522
2263 1979 1885 3979
2545 3916 1691 3375
129 3973 2099 2577
1745 2042 1970 2358
3051 3585 2682 3823
1984 4374 3199 2272
467 1111 1005 3804
738 1542 1652 3491
345 679 678 4080
1074 475 4099 3922
4254 2182 4383 4244
795 794 791 4029
3095 3393 3224 3307
600 599 3707 3872
4107 2532 3000 3601
1890 3725 4208 3813
3809 3444 2161 3679
3035 3857 3333 2594
2621 2957 3176 2660
2182 4385 2702 4254
2596 2203 3065 3552
2762 4149 3083 3672
595 538 691 4256
3288 324 3945 3274
3916 2218 3375 3605
2588 1746 4185 1738
3766 3066 2370 2678
2987 1996 2343 2720
1768 1738 2696 3138
2293 3444 1690 4105
1287 1286 3883 2479
2809 2127 3426 2321
2272 4374 4370 2046
3477 2412 3159 1718
1704 2660 2255 1921
3408 4176 3175 1850
166 3625 1873 3620
969 152 2933 3247
1881 1425 2631 4262
3809 3444 2987 2343
453 3062 2137 2878
2263 3856 3326 2144
2707 549 2794 4033
1925 2485 2928 2028
2032 1973 3344 2223
4141 1983 3621 1877
4149 4354 3827 2927
3838 2355 4163 1738
3424 137 4157 1787
1239 360 292 3553
3458 1705 2096 3073
2149 2746 1708 2457
878 882 1176 3934
261 156 2833 3738
3279 3442 1822 2880
3841 2269 3468 2827
1970 2689 2255 3571
3301 1729 4269 3807
2141 3180 3073 3794
4064 2390 4206 4097
96 94 3365 2823
3783 1983 4264 2949
3630 1840 3275 3428
837 3483 2000 2755
4069 2484 3334 2271
265 921 3642 3906
3377 2340 3853 2287
2677 2004 3343 1771
1867 4140 4177 1861
3093 1756 3865 3205
2726 3429 2317 3306
286 128 3312 2857
2872 1539 3472 3188
3786 1749 1886 2172
392 394 393 4354
3731 2491 3539 4093
160 1154 1853 2219
2087 3585 2032 3323
3527 2074 3955 2533
163 485 174 3298
979 767 282 2058
303 2024 4180 2545
2576 3997 2463 3611
2884 4241 2657 3485
1597 1639 1532 3710
1400 3584 2121 4239
675 843 2348 4178
1792 98 2739 2490
173 752 3001 4200
3345 2149 2794 4033
3073 1760 3684 2005
3330 3771 3228 2075
1465 1474 3062 2455
17 19 18 4386
517 518 3609 2669
277 278 435 4314
1328 3076 2843 2204
2398 1705 4274 2347
395 1217 2834 2252
1348 1207 4380 3223
2086 3254 2903 2290
4268 3206 3622 3854
3212 4293 2028 3158
2651 1992 1720 4320
2998 2440 2268 4152
2568 2837 2130 2824
3545 2860 1856 4384
4029 3140 4307 2793
2882 3367 1791 3605
2532 4254 4383 4244
956 1286 1324 3090
2285 2487 4038 2744
4294 2010 2039 3544
2975 2109 4214 2210
4225 1710 2748 2374
2896 734 2121 4239
529 4314 3501 2193
1554 1550 1876 1783
326 822 1865 2744
2521 2221 3893 3674
1889 3564 3340 3098
3140 2792 1910 2793
712 710 713 3112
137 980 683 2718
1920 3739 3106 1765
4256 2847 2592 3587
1597 1596 1575 2563
564 955 1839 3719
4366 4098 2368 2248
3208 1999 3675 3718
1672 1760 2519 2276
2373 2263 2178 1885
673 1084 3166 4009
2261 533 2745 4060
3784 2373 4237 1885
2326 2434 3262 2619
1891 3600 4379 4343
2359 1756 3192 3420
3633 3634 4001 2354
3660 1715 2427 1773
277 276 4314 2715
192 2809 2618 3491
2560 2484 4069 2271
2736 4085 2920 4344
3344 1761 2733 4324
2066 3676 4238 1988
3125 2543 2524 2780
3828 4263 2820 2767
2101 4172 3433 2145
1646 1622 4041 3413
66 1245 3534 4173
58 1144 3243 3894
650 2692 3899 4050
546 978 3439 2486
2583 2581 2480 3187
1451 2534 1715 3907
2238 1996 3444 2720
2419 2410 4291 3420
1705 2898 2028 3073
3340 3730 1917 1769
4163 1952 4291 3420
2822 207 4162 2347
1973 3922 3323 3954
2957 2192 3336 1921
2922 1859 3339 2673
400 787 2735 3705
2751 3523 3207 4136
2959 129 3466 2099
2453 2946 3294 3242
2217 1761 4365 2874
1792 2821 3530 4022
841 839 256 4008
1831 2043 2358 3571
2581 2480 3189 4103
2602 3683 3877 1701
2482 4210 4100 2004
2320 3238 3932 1731
4213 1159 1929 1832
4211 2865 3202 1777
531 530 1846 1755
1849 3068 2759 2138
2246 2351 2525 2761
2574 3360 4063 2795
983 1133 4129 4387
4022 3365 1872 2823
3654 3328 1768 2040
1327 315 523 2540
752 159 780 4200
771 755 1935 4010
3118 3292 1803 2663
3365 3139 2106 4336
175 913 2085 2185
3551 603 1684 3405
2567 2086 2354 3661
2147 2738 1899 2370
3543 3916 2400 3955
4015 3158 4268 1824
2068 1973 3516 2013
1229 877 3139 3172
3368 1752 1907 3477
953 1424 1527 3005
451 453 3062 2455
1952 3192 3554 3420
2143 1253 3014 3770
2596 3480 2293 1690
3684 2005 3880 4155
1895 2149 4033 2992
1922 3733 3763 4324
338 1155 1838 4079
3195 1873 2477 1731
3212 1925 4293 2856
1176 877 878 3139
3925 2225 2863 3816
898 1076 1075 1890
1054 277 784 2715
404 405 984 4027
4121 1997 3631 3022
2351 3985 2842 3167
94 749 1229 3365
1761 2549 1922 4324
819 42 3132 4179
706 386 1156 1862
3108 2994 2314 4347
1722 3640 2282 4189
176 4289 2185 2027
178 74 206 3359
3229 2666 2166 2760
1680 2715 2112 3754
3021 4040 2159 2494
818 817 815 2995
3208 2839 1913 2977
754 1132 2951 2927
3318 3160 2008 3468
3990 3310 2181 3671
1820 2541 3957 3823
3221 2384 2953 1984
724 2707 2794 4033
2508 2345 4010 3699
2549 2032 3954 3344
2043 863 3200 2940
3878 4313 3713 1713
958 1019 3775 3777
3283 2143 3096 2929
1846 1223 2816 4289
3442 3305 1822 3611
3409 2643 2476 3311
1337 1018 2869 3785
1201 879 877 4208
2002 4306 2900 3943
2955 4211 2865 3202
2421 3540 2270 4215
2419 2213 2732 1969
1290 1146 2603 1898
1145 1146 183 1898
287 3825 2095 3261
537 539 789 1915
2374 1710 3672 3094
1341 245 2225 3925
2428 3840 2719 2154
1749 2586 1886 3000
3846 3747 2713 2388
2820 2767 2763 1863
3391 2062 2088 2658
2946 2160 4204 4215
3255 2225 3455 2863
3693 1781 3197 2790
999 1718 3761 2942
2667 2192 3128 3197
2046 2619 3031 3413
755 434 876 4010
1417 1506 4122 4304
3069 2727 3192 1958
1230 899 4027 3285
2549 1761 3344 4324
167 168 693 2573
2015 3118 1944 3579
976 973 974 3063
3879 2814 3132 2349
2588 2733 1746 1738
293 3406 4265 2271
2874 4003 3627 1675
3782 4013 2751 3523
221 3779 3848 2129
2549 3344 2733 4324
4177 3025 4294 1710
2079 2640 4229 3098
1817 3325 2749 2923
861 981 3870 3130
333 335 2782 4079
2782 2343 2161 2279
132 1117 3822 3555
2160 3506 2158 3440
2746 2457 3754 1731
85 258 211 2051
2802 2295 4330 3966
1354 1420 2934 2455
1567 1606 1569 2337
3950 3570 1826 2174
779 1125 1212 2769
626 57 1768 3574
2325 3330 2901 3706
4342 2786 3437 4050
2564 1822 4301 2980
2702 4385 3714 2392
2306 2417 3000 1840
2914 1796 3416 2328
4037 2202 2379 2216
2434 4302 4381 1783
970 969 3692 3247
2751 4013 3964 3523
1966 2687 4297 3845
336 1012 2257 2279
1249 110 3230 1737
3634 3045 2426 3134
288 2955 4211 2865
545 172 2128 4388
1937 3077 3989 3250
2616 2329 2833 2010
73 3267 1976 2520
2764 1754 3263 2051
2098 2025 3167 3539
3054 1536 2619 3413
424 3309 2561 3596
2506 1714 3195 2477
2475 3299 1942 4110
1262 178 2520 4162
3942 3959 3774 1804
3885 3714 2392 2276
344 1131 3264 1947
1857 2439 2717 4187
1886 3000 3601 1835
226 3483 2798 2123
4036 2006 3185 3064
2631 3450 2845 2369
2032 1973 3323 3954
1329 664 663 2510
1585 1661 1552 3496
2607 3458 2096 3073
3198 3974 2242 3427
1652 736 3491 4292
1753 1745 1988 2234
965 312 966 2078
1860 223 2891 1801
3718 3557 1845 1777
3585 3051 2565 3226
65 1643 1088 409
2082 2691 3395 3971
1867 3939 2681 2161
2488 2728 3815 1922
2357 3387 2026 4183
2529 2488 3047 1922
2886 2963 2199 2128
2955 925 4211 3202
3608 3136 1831 2527
4228 4092 2247 2613
2798 3229 2666 4371
2315 2617 2175 3678
845 844 295 4265
3815 2549 3733 1922
566 567 1346 3887
409 407 1611 408
2049 2849 2004 3438
2566 3703 3901 2288
1541 407 2 460
2384 1833 2953 3562
2407 3564 2156 2142
4125 2866 4165 2818
709 1330 2162 1819
1891 4231 3152 2559
3556 2867 2924 2932
106 2034 4184 4046
1771 3050 3931 4070
1415 1427 1416 3399
367 881 714 3556
185 365 58 3948
1610 1571 3643 2800
73 72 71 2085
4143 3177 3397 2226
2459 3586 3481 1910
1062 931 3439 2279
2152 2474 2683 3934
1352 395 4354 1702
2028 2189 4155 3158
2218 2702 2202 4254
3674 1792 3022 3473
2660 2255 1921 2314
398 656 3913 2735
85 730 2562 2051
2120 2962 2620 3397
3332 1875 4189 3418
3136 1819 3156 3300
4068 4349 1823 3027
250 252 251 2699
1268 303 2024 4180
3753 4138 2075 1843
1174 363 1673 3577
1054 49 50 2233
1952 2852 2796 2732
3644 3593 2345 3699
1525 1419 1412 3286
582 2792 3905 2747
1099 368 3097 1844
324 325 3288 3945
2278 2327 3969 1963
1739 2711 3411 3858
1878 3443 3694 3468
3066 4092 2318 3599
1250 3133 2921 2148
930 1062 82 4309
2485 2898 3191 4043
467 1090 348 3785
2885 1961 2889 2492
3483 2000 2666 2760
1563 2975 2109 3704
1876 1550 2408 4202
2757 2355 4163 1952
3310 2156 2181 3671
3959 1804 3527 2469
2669 518 4104 3165
1904 4321 3116 3581
2404 1786 3968 2239
2833 156 2958 2010
814 4250 3380 3205
93 2283 2635 4167
1830 2251 3840 3198
1091 343 1336 2283
47 453 682 4369
3885 2076 1672 2276
419 421 420 4108
558 206 3359 2436
4107 2532 4383 3018
3055 1739 3657 1990
1705 2398 3084 2028
3505 1902 1673 3577
2074 2199 3955 2533
2532 4383 3018 4244
870 99 2208 3972
545 172 1187 2128
2998 2488 2529 1922
2767 4132 1737 3487
3000 3630 1835 3428
3800 2481 3310 2181
319 320 2843 2848
2846 4288 4118 2531
1984 1833 4374 3562
1705 2485 2398 2028
1474 668 452 2455
1739 2124 3657 1990
299 1 1644 0
3815 2380 3047 3607
1581 1549 2601 4169
1631 1265 67 4173
4365 3744 3242 2065
1124 420 2575 2853
2647 2419 1969 3894
2861 1806 3728 4024
1744 3416 2328 4021
2137 1950 4262 1955
2999 3016 2340 3853
2987 3809 2343 2229
475 3478 4099 3922
647 981 3194 3870
11 1331 3103 4251
2355 3838 2518 4185
4246 3166 4052 3567
1552 3355 4302 1783
1300 246 1130 3673
1954 1911 3461 3340
1342 93 2283 2635
293 977 294 3406
2824 2511 2371 1815
2974 1887 2555 3183
2115 4125 4165 2818
934 489 2399 3297
477 225 2148 4290
3265 3958 3708 1820
3800 2156 2416 1909
2728 1761 2549 1922
373 891 528 3288
299 1644 2800 2181
1734 2786 2749 3976
1004 542 540 3440
3794 2607 3837 2189
1935 771 3699 3052
2326 4374 2272 2046
2348 3644 3593 1909
431 3534 2177 3884
1541 1570 3643 1909
1570 1572 3643 1909
1945 2485 3191 4043
1598 2325 1993 3996
4350 3706 1993 3946
2708 2087 2032 1973
4337 3168 1974 2303
3333 3857 2422 2285
2300 3741 2132 2562
448 1321 753 2907
3346 2875 3484 2346
1778 3685 4169 3682
3298 174 4162 2036
117 3616 3822 3053
1330 1361 709 2411
394 1702 3827 4039
2816 1846 4289 2027
1753 1745 2234 4134
3057 4002 1867 3552
2418 3730 2060 2587
3564 1889 4125 3026
1641 1590 2984 4255
3634 2808 4001 1932
2512 4119 3110 1990
2757 2355 1952 2359
407 1541 1611 3643
1189 3793 3652 2972
1196 957 3829 3248
638 1819 3156 3583
1630 568 569 298
3133 4371 2992 2148
352 3486 3002 2115
1 2 1610 0
3548 1978 2559 2330
1559 1807 2918 2163
2506 1714 1813 3418
1309 2283 2080 2635
4049 3030 4137 3708
1874 3534 3546 2950
3644 3049 3593 1909
1570 2416 3049 1909
2163 1559 3881 3262
2091 3381 3933 4274
3025 4225 4177 1893
2199 2074 3809 3679
390 391 3096 2929
3136 3214 3690 4260
2040 3498 1800 3138
1749 2586 3443 3786
1709 3753 3046 4087
1373 938 1742 3789
2591 3936 1684 3410
1625 1586 1666 3973
4368 2757 3143 4185
1056 1218 2550 4196
4255 1590 3081 4081
1344 66 3534 2919
1867 3444 2293 3939
1375 662 664 2510
3504 2727 2867 1958
2898 1945 3191 4043
546 3439 1770 2486
1534 1621 1620 3800
4004 1103 3048 4062
2327 2278 3969 1790
2939 3279 3352 1708
2320 3082 3238 1711
2189 2200 3678 3854
2046 4111 2345 2950
1922 1761 4324 2264
2798 3229 4371 2148
1752 2981 3628 2292
2450 1689 3572 3441
500 1369 1526 3293
1933 3964 3207 3716
1555 3759 2502 3304
3464 2228 3426 2321
2588 2518 3733 4324
727 875 3476 3260
592 980 2362 2718
675 676 4178 2142
3829 2971 1901 2248
3800 1620 2481 2181
1312 947 133 3883
1291 20 3240 4221
1769 1917 3561 2060
1047 1655 1048 3472
133 1118 3883 3119
2506 2980 4244 2477
1833 3098 1769 2207
3498 2040 1800 2911
3561 2348 1909 3671
3974 2926 1729 4269
909 119 3560 3053
1875 3332 1736 3418
2696 1761 4073 3138
1761 2733 4324 1738
990 1172 3769 2765
2490 3669 3174 3473
4161 2459 3481 3416
1876 2434 4381 1783
1973 2188 3344 2223
1492 1508 3120 2614
1757 2737 2033 1696
2670 1684 2070 2651
336 1067 1338 3720
2681 2161 2616 4140
1539 3379 2872 3918
3300 3136 2102 3690
3959 1263 3942 3774
368 370 3097 2993
4005 934 4085 2736
455 1670 3030 2253
2626 2385 2303 2966
1770 4388 3404 1758
1470 1455 1424 4181
3728 1806 2804 3522
2353 4029 2793 2378
2222 2003 2292 2756
795 3014 3770 2793
4167 2126 2944 3484
2055 3622 3798 3854
2946 2421 4215 2248
4315 1868 3897 2209
2998 2217 2488 1922
2104 1203 3541 3691
643 937 936 1742
2518 2740 3143 4185
2226 1739 2711 3411
4002 3057 2383 2196
3711 2252 2310 3184
3859 3083 2374 3672
654 1200 729 2352
1310 318 317 3301
1946 2412 1957 1685
2933 3977 4317 1929
4043 2392 4220 2276
4107 2532 1886 3000
4168 4137 2167 3348
2021 2997 3481 4045
930 828 3615 4309
3824 2011 1777 2262
4022 2739 2823 2822
876 2508 3253 4010
1225 1125 779 3520
1385 259 1089 2300
780 753 752 4200
191 120 3962 3119
1373 3551 3789 1948
79 880 2634 2454
2262 3129 1859 3222
390 1253 2143 3770
2796 3838 2732 4291
2867 3171 1741 2307
3947 4133 1823 2259
3784 4157 2513 1826
2998 2529 2022 1922
3548 3998 2330 3740
539 537 538 1915
1306 1305 517 1975
1309 468 26 2283
2124 1901 3389 2465
294 295 293 3406
1194 1162 3122 2092
3212 1925 4276 4293
668 1474 669 2455
2473 2973 3412 2734
1495 3360 2795 4267
3959 2024 3774 1804
233 1225 949 3520
1004 540 3506 3440
4337 3095 1974 2041
451 450 452 4026
2066 2663 1743 3513
180 179 181 3220
3238 3741 3566 1711
1587 1543 2058 2577
2629 2897 4100 2737
556 716 881 3556
3257 258 2132 3263
2398 2485 3749 2028
3047 2380 2387 3607
3673 2127 3816 3426
2045 2064 2088 2717
1367 326 1865 2744
533 230 1326 3482
2221 1113 3122 2474
1459 1445 1946 2435
4301 2240 3528 4383
4388 1758 2925 3778
3330 2325 1744 3706
2310 4338 2431 2383
3051 3585 2565 2682
2890 2871 4307 3771
74 178 2520 3359
1012 931 864 3615
943 655 654 2352
1310 689 318 2204
3168 1781 2790 2382
3254 2086 2903 4363
1917 4193 2207 3561
1997 3078 1693 2254
453 47 768 4369
1761 2733 1738 3138
1520 1447 4014 3584
2490 1792 2221 3674
1547 1546 1807 3494
3451 236 3777 4380
654 526 1200 2352
532 531 300 1846
1070 289 3681 3202
2372 3294 2391 3242
4002 3939 2039 1914
1638 1584 3024 2442
3114 3002 4165 3785
2111 3078 3582 2812
2213 3137 3661 3648
4270 1715 3445 1773
2161 4362 2616 3679
136 1787 3920 1844
3510 1501 4310 3241
3246 1841 3500 3541
1800 2722 3627 2515
81 1187 2886 4053
3218 3036 2074 2987
1201 557 559 2394
1948 4006 2035 2909
2988 3490 1837 2096
2247 2118 2714 3623
34 32 907 2984
2024 3670 1804 2469
3553 2234 2560 4134
605 4129 3529 2770
306 708 4305 1819
2217 1761 2728 1922
1209 651 215 1832
2239 1786 3724 2352
1353 597 150 2847
1415 1426 1427 2294
707 1331 1347 3203
3947 1743 3180 2141
3807 2003 3434 1857
3575 1736 1691 3375
780 280 4170 2638
4084 4251 2230 1956
3253 2060 3702 4010
1822 4301 2980 4244
3382 3277 1764 2860
3633 2567 2426 2354
3439 2782 3679 2279
2677 2672 2346 3235
3162 1785 3831 3461
2045 2064 3492 2088
2041 3154 1921 1777
3424 4157 2718 1826
1453 1490 1387 3293
3491 1542 3038 3233
1689 3572 3441 2716
3951 185 3948 2290
413 1469 1399 4224
3672 3094 1865 1702
1804 3916 3543 2469
4314 4148 3501 2193
440 1174 1673 2535
1032 1031 3105 2333
276 1153 4148 2113
2191 2356 3314 2889
3503 3634 3045 2426
305 1223 1269 2922
3332 2212 2282 3732
3440 3244 2523 3184
2733 2159 3482 2698
448 1321 2907 3453
1063 1064 2755 2939
281 279 282 2526
2257 2782 2343 3720
1200 526 3059 2352
3610 2837 2682 1968
433 424 2487 3596
3939 3444 4105 2161
2660 2255 2314 2162
1298 293 4265 2271
1545 1547 1548 1807
3005 1180 3792 3039
1003 970 3692 3324
43 3132 2402 4179
111 1316 621 2304
3034 3535 3689 1721
2275 4218 3364 2901
3381 1837 3933 4274
3964 2178 2006 3716
2681 1867 4177 4294
395 393 394 4354
2127 1794 3673 3816
2772 2483 2211 3651
584 586 587 2038
2700 4078 3266 3453
2830 2985 3796 2081
1066 1174 1155 2535
1328 689 687 2204
2696 2976 2223 3509
81 82 1140 2413
363 1067 291 4069
2616 4362 1770 3679
3597 3504 3446 1932
3790 2315 2175 3678
3826 3214 1759 2825
944 1268 505 4180
78 1933 1827 2396
3079 1813 3155 3209
3428 1728 2387 2528
4295 646 2179 3194
3163 1763 4247 3174
1770 154 4388 2958
2569 340 2908 4194
883 1360 1113 2474
2387 3047 3607 1922
4037 2532 3601 1835
2987 1996 2768 2343
3527 3480 1690 2533
2003 3301 2204 2222
826 83 2557 2413
4309 3615 2486 2279
2445 1899 1941 3817
3749 2485 4293 2028
679 4199 4080 2473
656 3533 3913 2735
1723 3837 2200 3493
3990 3310 4178 2142
3909 2621 2660 4048
4280 1847 2855 2845
780 753 4200 2700
66 1265 1245 4173
176 485 1222 2027
2913 803 2025 3850
4225 3025 4177 1710
2926 3594 1729 4269
4107 1672 4037 3601
650 640 820 3317
1846 1755 2406 2895
4351 136 3920 1844
1813 2532 2880 3018
3206 2315 3880 1840
172 173 523 3778
305 1269 465 2922
2563 3710 1754 2764
1714 4058 2622 3142
1792 4022 1872 2856
2166 3229 3149 3607
637 638 3156 3583
888 211 257 3257
3299 1751 2475 1942
2392 2240 4043 4220
3782 2521 3893 3674
3216 3240 3876 3567
3916 2545 1804 3605
480 2056 2176 4333
4383 4107 3018 3750
2090 4008 1767 2686
1520 1772 4014 3921
2042 3237 2689 3571
2860 3545 1856 3270
1287 1286 1312 3883
1646 1628 1536 3881
1689 4346 1845 2716
839 256 4008 3213
16 15 14 3019
719 696 720 2084
2563 3245 2258 3588
1583 1664 3682 2530
1515 1407 3891 3423
1952 2213 3661 2732
1714 3195 2477 2622
828 826 3086 4309
4217 2446 1918 2174
2507 3897 3979 2209
1743 2066 2259 2437
2461 3511 4075 3101
3339 3826 3467 1759
2880 3279 2642 3852
3283 1736 3770 2793
1047 1539 1655 3472
3828 3024 2442 2820
3768 4197 1962 3134
3913 4012 3773 2578
3014 2143 3770 2378
2866 1785 4125 4165
555 556 881 3556
1048 437 438 3472
3301 318 2843 2204
1329 200 3850 2246
1024 4199 3080 3649
1423 2534 3907 2495
2306 2417 3206 4155
931 334 3439 2279
3171 3503 2867 1741
4286 2273 3988 2979
3458 2141 3073 3794
2876 1894 3792 3980
3792 3886 1814 1934
453 451 3062 2878
2155 1845 4211 2865
4054 3520 2671 2472
2353 3257 3263 2051
2041 3168 2790 2865
3709 4142 1979 4136
4057 3314 1677 3655
3212 1805 3146 2856
1686 3915 2480 1818
1861 2165 2497 2310
2199 2997 2533 3404
4364 1999 2839 3208
2416 2156 3561 1909
4054 779 2769 3520
834 854 1842 3716
1501 1480 4310 3241
1996 3302 2343 2720
3725 879 4208 3813
3330 3771 2075 1754
2435 1946 2943 1916
1454 1455 2364 2114
2192 3197 3282 3336
2431 4074 2383 2196
2404 1786 2239 2352
1722 4002 2039 1914
2039 3700 3544 2236
3721 2496 2719 2450
2438 2012 1998 4284
1759 3947 4325 1760
2545 1691 3351 3096
3305 1878 2344 3773
1609 1573 1660 2502
3370 2839 1913 4082
435 436 277 3361
198 1032 3105 2333
458 963 2981 2292
1455 1470 1390 3618
1831 3136 3993 3300
4368 2170 2740 3143
1841 2830 2448 3923
1830 2381 3041 2107
2789 4217 2446 3572
1434 1497 2273 2364
2055 3768 3798 2567
4245 2498 4058 1843
4121 3490 2821 2096
3504 3634 2727 2426
1976 3267 3705 3359
4301 2882 2546 2980
652 597 1159 1832
3442 3305 3443 3786
548 75 3345 2113
1043 1513 1044 2906
1239 3203 4134 3606
1296 621 2304 3390
2741 41 2205 3752
3554 4278 3519 2917
3085 4057 1677 3655
191 192 218 3190
3162 2971 2409 1675
3708 2767 1863 1737
928 15 16 3019
288 289 925 2955
845 1237 629 2689
4240 2432 1998 3027
52 54 4250 2978
3355 2313 2684 2311
2782 2257 2343 2279
3407 2573 3911 3307
2405 2930 2260 3612
2406 1804 1695 4230
3553 2560 4069 2271
1035 795 390 3770
2484 3877 2560 1902
2825 1704 3690 2694
2306 2928 4276 2463
158 280 780 2638
4278 367 3519 2917
549 548 75 3345
3838 1952 2796 2732
3731 3160 2269 3468
969 2362 3692 3247
2517 2054 2580 2037
702 599 600 3872
1821 867 4311 2500
4108 2575 2836 3751
2588 2740 2518 4185
513 514 1212 2769
2933 3629 4281 2632
910 121 122 3890
252 1774 2699 3119
4034 3768 1824 3854
948 1313 4339 4223
684 104 3569 2465
1156 361 4358 2470
3424 1787 1826 2281
3838 1728 2264 2796
1672 3480 2202 2596
2380 3047 2387 2172
1273 136 341 1844
2926 1894 4277 3594
245 246 1300 2225
832 813 1933 4242
2043 2690 3430 3406
737 739 1618 4292
1381 61 59 3762
1039 1040 1386 1816
4376 2521 2144 3174
3977 1929 2791 2298
3563 2961 2743 2938
1536 1538 3054 2619
3355 2313 1783 2684
3940 3485 1836 2094
2306 1749 2586 3318
2149 2794 4033 2992
3744 4365 3242 3372
1712 2294 4159 2289
665 200 4327 3538
1138 1139 115 3781
1886 2380 2642 2172
2892 1715 3666 3287
3838 1738 2366 2264
4013 3782 2751 3893
4226 1712 3178 2593
2539 3878 1706 2812
2620 2424 2012 4353
2858 834 1842 3716
421 1046 1484 2934
1010 139 1927 1816
590 1380 3272 4221
1356 530 4305 1755
4148 275 4314 3501
2215 4285 2850 3524
507 1234 3959 2469
686 1277 956 3248
2225 3268 3455 2863
4068 2519 2315 1840
2915 2238 1998 3028
544 335 156 2833
4163 2410 1738 2261
1734 1172 2786 2676
1068 219 104 3779
3047 3815 3607 1922
3458 3435 2141 3794
2819 3582 3844 3040
3360 1697 2795 4267
113 1773 2815 4077
2922 576 2162 1859
2022 3047 2387 1922
3842 2264 3023 2796
834 854 1374 1842
464 463 466 3222
4338 2372 3294 2196
1015 1199 3791 3925
2586 3442 3018 3750
765 1653 131 2058
3444 4105 2161 3679
2616 4362 3025 2329
3793 2333 3367 3900
3206 2306 3638 4268
1682 2703 2748 3859
3151 1360 2208 2474
3022 2821 4022 3084
3156 1819 3868 3583
1588 1591 1662 3970
1940 2837 4359 2210
1763 2569 2908 4194
1078 55 2197 2745
4156 3756 3232 3871
1422 1441 4233 4316
597 652 1209 1832
1040 1816 3893 3122
4222 2594 4103 2505
1863 2767 3230 1737
2190 2504 2483 2211
2575 3281 2836 3751
3091 2403 2187 4304
870 99 3151 2208
3145 2309 1784 2904
2199 2886 2128 4053
1797 1881 3751 2414
49 1296 2233 3390
1312 956 1097 3248
1904 3447 2936 4120
4164 2655 4047 2649
1335 649 3317 4050
3764 3809 2987 2229
912 2085 3793 2972
3554 2086 2290 3519
1671 2595 2552 2960
3055 3944 1883 3648
806 807 3272 3791
1874 3054 1686 2046
2213 2419 3243 1969
3837 2322 2175 3493
1954 1833 1911 3340
921 775 3642 3906
4338 2299 2372 2012
12 706 4251 4335
2658 3846 1687 2402
3251 3924 1726 1866
1309 426 468 2635
3037 2658 1687 2402
3444 3809 4105 3679
148 855 147 1845
1878 2463 3443 3318
3743 635 3386 2397
1338 333 336 3720
358 1893 1838 2579
2302 1712 3901 2288
2075 3983 3245 3588
2452 1929 2632 2847
1938 2461 4075 4090
4286 4113 3988 2339
3762 2295 2135 2802
341 136 368 1844
622 455 3030 3390
1692 2134 1851 4070
2791 3231 4261 1683
3902 3229 2666 2166
4034 3985 1824 2241
3265 2630 2167 2215
399 558 3705 3295
2124 3411 2270 3858
125 701 3861 1948
50 49 51 2233
1569 1660 3759 2502
171 1357 2925 3778
2232 1717 3186 2667
2118 3041 2613 3686
1467 1500 2705 2979
1805 1989 3146 2106
136 1273 1787 1844
2631 2414 1955 2845
2118 2247 3041 3623
56 58 57 3894
1996 1690 2987 2157
2710 2819 1805 2842
1830 3099 2887 2064
3608 2043 1831 2940
1459 1395 2435 1685
3103 11 4251 2813
4261 3259 2251 2094
2905 1200 3261 2352
2866 3090 2479 2061
2926 1915 2016 3594
301 1032 1384 2333
1295 47 48 1828
2871 3706 2784 1754
670 136 134 2281
453 768 451 2878
1483 1444 2296 1869
2403 3855 3115 2187
177 73 2520 4162
2995 816 2402 4179
770 415 2973 1811
3723 2773 1772 3141
3076 2404 1786 4187
2354 1932 3590 2599
1395 1459 2435 4174
254 253 3225 1991
1687 4011 2713 1939
4352 3424 1826 2632
1368 502 1615 1863
3626 2275 4345 2258
203 1283 2098 2025
3731 2008 2269 4093
1477 1460 858 3459
2847 4334 4256 2592
2193 4148 3475 2457
871 870 99 3151
3585 3051 1730 2291
4186 1749 2170 3143
1659 1575 1574 2464
446 774 3819 3429
11 10 4084 2813
404 984 224 4027
202 967 101 2910
2073 2580 3113 3388
2479 2783 3981 3026
3631 2819 3158 3847
1954 3831 3730 3340
2656 3350 2332 3929
2517 2037 3113 3388
1841 3089 3500 3541
4162 3298 2036 3191
2156 3310 4178 3671
3772 1788 4243 3647
2648 2939 3352 2071
4015 1749 3318 2008
3611 3913 3773 2578
2238 1861 4321 3116
3724 2716 2905 2352
930 1062 4309 2486
3503 2761 3045 3227
3214 3136 3201 4260
3129 2011 1859 3222
688 443 3761 2942
1996 3302 2768 2343
4276 3212 3638 1989
311 241 2585 4279
2345 2285 4038 2508
2563 3082 1754 3588
1654 1577 3355 2311
3639 3709 3515 2389
190 1138 46 2135
3603 3863 3328 2647
1019 958 236 3777
2523 3447 2150 4143
3846 2995 2713 2402
1938 3797 4364 2839
1849 3068 2138 3104
3198 1830 3874 3427
3573 1842 1707 3371
3457 2606 3490 1763
885 3963 3225 2877
58 365 3243 3948
221 219 1068 3779
929 455 1629 3030
942 1177 941 2786
1997 2627 3631 3022
3852 1964 2149 1708
557 1229 558 3172
3558 3664 3492 2088
2412 1946 1957 3159
2946 2160 2453 4204
1822 4383 3018 3750
2568 2952 2931 3226
2576 1925 2928 2463
2527 3036 3214 3201
1800 3627 2280 3110
1839 3591 3719 1817
1383 425 824 3309
2598 2584 2109 2210
3560 3616 1864 2105
419 420 2575 4108
1676 3041 2887 2082
490 482 4333 4312
2116 3363 3998 3548
306 531 1351 2816
3311 3507 4300 2555
2996 3804 3785 4098
828 826 636 3086
3218 2895 3214 2076
4027 1230 3285 3010
2819 2627 1805 3847
1555 1556 1558 2109
1587 2058 2807 1818
2386 4133 4240 4191
2156 3561 1909 3671
2240 4220 4383 3750
3214 2895 1759 1760
4349 2322 1762 2937
558 1229 749 3172
2367 3999 3851 3256
2306 4276 3638 3318
976 1264 973 3063
2114 1456 3005 3792
2273 1432 2714 2289
2621 2660 2102 2825
1876 4381 1953 2408
2939 2755 4012 2344
3481 3586 2540 1910
2303 4166 2966 2382
2685 2325 2460 3820
4241 4147 3930 4280
4144 2073 2517 2580
4272 3381 3909 1859
2626 4131 4367 3680
1952 2213 3554 3661
126 764 763 3358
1039 1040 1816 3893
98 1792 2739 2823
694 998 781 4323
2308 2628 2112 2630
4368 2757 2119 3143
1501 1087 70 3241
2297 4303 2598 4275
3105 199 3652 1791
3896 2654 3761 3602
2313 3189 3364 4139
3838 1952 3315 2796
473 607 608 2841
2462 574 3967 4061
455 454 1670 2253
3684 2276 2417 3880
2087 4132 1973 2023
3501 3291 2193 3475
3067 561 2945 2214
3497 3447 2962 2472
1831 3608 2527 3201
1286 1312 3883 3090
1253 985 2143 3014
632 630 3255 3908
919 570 918 2244
109 112 111 4331
2521 3782 4376 2144
2241 1824 2200 1706
4254 4107 4037 2532
2704 4319 1721 3836
4068 3449 3065 4240
2244 3576 1937 3233
2479 3090 2133 2061
2602 2386 2915 4191
2880 1813 2477 2622
1653 766 131 2058
1255 265 4205 3497
3189 4139 3425 1796
1058 186 1114 3984
931 1062 3615 2279
282 979 2959 2526
3916 2218 3543 2400
3498 3268 2040 2911
2047 2854 1868 3897
229 228 227 4271
2860 2227 4081 3074
3229 3483 2798 2666
207 1033 1853 2822
2003 4207 1907 3477
2313 1987 3189 3425
2262 710 3112 3222
946 244 3791 3927
2544 3739 3901 3686
1624 796 2430 3491
3238 3566 2610 2725
569 571 3990 2481
1341 2225 3268 3255
2826 3514 3353 1980
988 570 919 2244
46 60 190 2135
2714 1454 2364 1814
2638 2581 2583 3187
2548 2381 4322 2194
3084 1705 2028 3073
1212 1125 513 2769
3916 2963 3955 2469
3094 1893 2964 4282
2880 3279 3852 1708
3089 2376 2104 3541
3762 2295 2802 3371
3212 3158 4015 1989
3442 3279 3786 2642
3952 3408 1850 2947
2790 3168 2360 2865
3382 2601 1778 2860
2036 4216 1945 3191
1859 3909 3339 2673
4051 1829 3050 2305
3409 1926 2643 3311
2928 1925 4276 2463
828 3086 2229 4309
3791 2068 3255 3925
191 193 192 3190
4212 2365 2216 3601
574 987 2462 3967
3298 207 2091 2347
324 891 373 3288
2362 1880 3692 2664
2654 3896 1750 3602
3595 3748 2629 2930
4078 2581 3189 1796
3724 3572 1845 2716
926 829 831 4123
1977 1699 4217 2174
124 701 3463 3861
2265 2461 3101 3557
506 2963 2886 2806
1313 948 936 4223
1353 151 152 3629
1021 1019 2941 3127
852 1163 1810 2754
2076 1760 3803 2276
1341 630 1016 3255
323 550 322 1879
3504 4278 2086 3192
955 650 565 3899
748 1376 3123 2177
3341 2059 2334 2447
2095 3217 1974 2303
3721 2719 2242 2450
391 303 4180 2545
2485 1872 2398 3749
201 203 803 2025
1062 931 978 3439
2005 3794 3837 2189
727 875 1280 3476
498 807 2068 3791
840 890 3165 4332
3711 269 2252 4101
1832 215 3766 2147
2255 3237 2411 3993
1172 1734 3451 2676
1570 1645 2416 1909
1210 1047 86 3472
1356 638 636 3086
1591 1662 3970 3331
1728 3744 3428 2022
1702 395 2252 3521
2275 3626 1953 4218
3796 2451 3647 1696
987 735 733 1476
2381 3368 2082 2691
4115 1788 1678 1776
3576 2481 3310 1937
2072 2167 2215 2502
371 358 327 1893
3962 191 3119 3981
3057 4372 2365 2650
3182 3713 1713 3181
820 650 3317 3899
3533 189 3913 3620
1749 3219 2641 2528
1757 4100 2737 3135
1460 1489 3459 3280
2485 1925 4293 2028
768 47 2878 4369
1286 1324 3090 2866
2549 2588 3607 3733
2566 1847 2171 2675
180 1186 2404 2968
2794 724 4033 3133
4357 4322 3886 1934
333 335 334 2782
3072 1846 2895 3712
2506 2182 2980 1791
1432 1413 2118 2289
1920 1936 1712 3178
3479 3204 2803 2224
2121 2644 4047 2649
3276 1939 1892 1903
4051 1829 2097 4320
4184 2034 3071 4046
4186 3219 2528 3143
3677 2169 2405 3992
1867 4294 2039 1914
637 863 862 2940
2239 4166 2382 3724
3997 1925 2576 2463
2137 453 2878 4369
741 4030 4311 2471
3462 1053 2755 2344
2733 1746 1738 2261
2283 4065 2635 4167
2854 1717 3897 2554
1882 2305 3624 1771
3997 3295 3773 4056
2366 1738 1768 3138
982 473 2841 3478
2872 3379 2764 2562
3949 2160 3508 4215
1356 1122 530 1755
3976 2651 3410 1700
3227 1849 3289 2002
17 1629 1529 4386
2070 2651 2595 2456
1428 1503 1479 2026
1405 1393 4304 4091
1469 413 3510 4224
2006 3910 1810 3185
694 998 1897 3911
3383 2609 3386 2912
3672 2374 3094 1702
2739 1792 2490 3473
1410 3645 3269 2057
3160 4276 1989 3146
3808 332 2139 3033
2404 2239 3059 2352
2595 3068 1671 2991
453 1528 452 2455
646 555 4363 2179
1027 847 3320 3937
2090 4109 2785 2686
955 954 3899 3437
1295 47 1828 2878
2152 2627 2683 1732
3344 2868 2696 2698
2167 2337 3759 2502
796 1121 2618 3491
384 386 385 4144
1599 1662 3331 3233
3512 2013 2023 2604
236 1019 3777 4380
310 307 1943 2090
3641 1905 2863 3816
3940 2624 3701 3147
2576 2928 3750 2463
275 274 273 4148
1276 182 3695 3247
1475 1487 3062 4026
2912 3109 1888 3560
2537 2496 2600 2450
1916 1946 3941 3358
2457 3475 3754 1731
1719 2505 1984 2272
1204 831 515 4071
4283 2727 2426 3192
1563 1564 2975 4169
2075 3245 1754 3588
1881 2631 2414 4262
832 834 659 2858
2006 2286 3716 2396
1509 1465 3062 4262
3845 2687 3600 4343
2186 2536 3335 2723
2318 2791 4334 2847
1808 4316 3450 1765
1938 2507 3326 3979
2183 1679 3563 2393
3977 3347 4035 1836
3531 4315 2935 1868
4231 2231 2245 3563
2373 1880 3784 4237
471 704 3632 2543
2933 153 2362 4281
1528 451 4026 2455
935 1001 4005 2870
2373 1880 4242 1816
651 652 2853 1832
1797 2836 4005 2736
417 419 418 2836
1374 3692 2858 1842
2566 3106 3377 2171
2518 2588 4185 1738
1671 3085 4025 4188
3855 3115 2187 2266
1768 2419 2978 4060
4303 2850 2598 4275
3591 1308 1839 3719
1872 4022 2822 2398
1081 671 2140 4066
538 1915 4256 2615
3942 3959 1804 2406
1548 1657 1549 2601
683 153 4352 2718
1794 2225 3673 3816
3267 2240 2576 2928
2933 4281 2452 2632
3206 2306 4268 3219
3207 2286 2006 2256
245 244 1905 3925
291 292 3553 2271
772 447 446 3819
2740 2588 2518 3733
1106 1180 2136 3005
3713 4313 2812 1713
3503 3171 2525 2761
3592 4013 1827 2067
3279 3786 2642 3694
749 3365 1872 4336
261 373 528 2048
1842 3762 1810 3324
1386 813 4242 1816
4108 1797 2836 4005
3382 3277 1807 2444
3834 1977 3537 2443
153 2933 4352 4281
1704 2957 1743 2621
100 99 101 3151
339 340 342 2569
152 487 3629 4317
1069 335 337 2833
2586 3443 3786 1886
463 710 466 3222
4148 3501 2457 3746
421 1484 1043 2934
4315 1868 2209 3537
719 695 2084 4266
3721 3974 2926 1729
3932 4245 3195 1923
2988 1837 3381 4274
3444 3552 2293 1690
1755 4305 2895 3467
3840 2428 3559 4249
878 1176 3139 3934
345 1165 679 3412
1797 682 4108 4369
1728 3622 3275 1926
1528 451 452 4026
2729 2478 1848 3613
3336 3129 1921 1777
307 11 308 2813
4285 2215 3304 1711
1107 1078 904 2197
1055 2591 1684 3405
4362 1770 3679 3404
1061 1181 3653 4350
2125 2040 4073 3138
1651 1617 4168 2680
1579 1576 1580 3636
3350 2943 3879 2741
1383 824 2638 3187
4133 3449 4240 4191
2595 1700 1671 4328
1738 2733 2696 3138
3706 2325 1993 3245
1787 1273 4247 1844
3505 3553 1902 4069
2298 1832 2318 3599
3913 3611 3773 4056
1712 1920 3901 2288
2740 2172 2518 3143
2042 845 3237 3571
2850 4285 1940 3524
227 229 4271 2550
2323 2609 3386 1978
1749 4186 3219 2528
3417 2220 1743 2437
2173 2876 3039 3980
261 528 3738 2048
1839 563 3157 2492
1612 619 618 2433
3963 3296 3264 3810
425 3288 2561 1928
357 439 3802 4127
2641 1728 3428 2528
1835 3000 3428 2528
2202 2596 4372 2216
1976 509 3533 2546
2218 2182 4385 2702
899 898 3841 3285
2304 4049 3030 2967
457 666 2253 2153
1162 1040 3122 2092
3386 3013 2912 2035
1432 2118 2714 2289
3831 1785 2996 2418
167 693 629 3407
1550 1554 1876 2408
2163 2416 3250 2207
1913 4082 2864 2011
1629 1605 1529 2680
1423 1453 1526 3907
2807 1874 3534 3546
1588 1542 3970 3233
1840 3206 3622 2641
4302 3355 4218 1783
1153 274 276 4148
2964 359 3521 3888
1895 1964 4371 4033
3642 2962 1688 3378
1006 2869 3804 4366
3126 3258 1972 2363
2768 4191 2157 4260
1881 3751 2414 4159
4128 2981 4357 2614
2874 3904 3328 3138
947 133 3883 4031
1768 2696 2040 3138
4022 1792 3847 2856
191 3673 3190 3981
3739 1712 3901 3686
2066 3273 2220 3398
4151 2018 3549 3801
2000 3841 3468 2827
2238 2720 1861 3116
854 1003 1374 1842
3901 3703 1676 2288
118 117 3822 4339
4306 4197 1677 3173
2843 3076 2848 3434
69 1489 3241 3659
3385 1504 2774 3211
682 1001 47 3004
2162 2660 3300 2102
3280 3459 1916 3659
2602 1988 3193 2560
3376 3807 2003 2542
465 576 305 2922
2735 400 3705 4056
4315 2110 1868 3537
2602 1988 2201 3193
2926 3974 3874 2107
1740 2499 3855 3836
1880 2362 3784 4237
1905 3927 3432 3641
2835 2757 3919 1756
120 133 3962 3119
782 4232 3203 3606
3012 4210 2897 1798
181 328 180 3220
3628 2981 2222 2292
2003 4207 3477 1718
2073 3736 3536 1956
1778 2860 3270 1968
2994 3095 3108 1921
3653 1061 4350 2103
2497 1861 2310 4074
767 859 2058 2807
2027 4216 3933 3712
2963 2199 2997 3955
223 8 6 1860
1267 163 2219 2091
3202 3824 1777 2262
1562 1607 2153 2337
2814 3037 2658 2332
2738 1812 4092 3599
3067 1793 3500 2945
3644 4111 3031 2950
4020 1817 4198 2317
1756 2031 2510 3865
3165 890 3179 4332
3952 2186 2116 1779
3259 4226 2593 2302
1260 170 627 2095
2533 4362 3679 3404
83 507 2557 3646
579 790 1136 3994
4318 3211 4183 1855
372 1069 2329 2833
827 1356 3086 2557
72 912 1189 2972
325 891 3288 3945
282 766 2959 2058
1833 1984 4374 3199
2957 3398 4076 1884
3965 1833 1911 2824
175 913 72 2085
3172 3160 1890 3146
15 928 3384 3019
2263 4376 2751 3856
3326 3688 2513 3163
2864 2011 3112 3222
4092 3978 4228 2318
2689 3407 3911 3307
1497 1390 2445 3618
1859 2922 3339 2102
1294 190 2135 3043
237 991 1348 3451
62 64 63 3565
1137 225 226 2123
2353 2871 2784 3771
4195 1780 2644 3488
422 668 1354 2934
1862 3536 1956 4335
1503 1428 4318 2026
11 4084 4251 2813
2943 2435 4288 1685
4063 1697 2916 2795
2852 1883 3648 3765
3875 2646 1766 3175
2160 3949 4204 4215
2933 488 4317 3247
3152 4151 3801 3866
555 4363 2179 3519
4138 2320 3082 2498
1215 364 648 4295
268 1255 1128 4205
3852 1895 3169 2149
2931 3545 3270 2087
4318 2734 1681 4183
469 1264 2706 3547
1325 159 2925 2553
3366 3834 2154 2443
4186 2835 2119 4093
3987 4072 2885 3183
1652 3491 3038 4292
411 756 2348 3052
3299 1751 1942 2014
2362 3573 1707 3869
3898 3327 2646 1772
3686 2082 3034 3971
1505 1697 1986 4063
3383 2116 1888 3517
2846 1811 3403 2531
4195 3141 3256 2873
1423 1081 2140 4066
493 1379 2723 2787
4242 2373 2858 2664
3251 1726 4270 2805
4080 2473 2342 3810
2878 2137 4369 3004
980 2362 2718 1880
1752 3477 3159 1718
3763 1922 4324 2264
1937 2079 4209 2640
1293 1064 3917 3345
2234 1862 2054 3536
3305 3443 3786 3694
4148 273 3501 3746
1753 2066 3665 4238
892 893 2420 2742
3099 2887 2064 2862
3964 3207 1979 4136
2239 3261 3059 2352
4003 4042 2069 2409
3694 3468 2170 2827
1321 2700 2907 3453
563 564 565 1839
3095 2573 3108 3307
3380 2419 2978 3243
203 920 3972 2025
1648 1559 1628 3881
3730 1769 3486 2060
2132 3263 3932 1923
3013 3889 3320 3386
772 446 774 3819
2841 2441 4099 2693
4206 2605 3610 4097
706 707 3203 1862
1131 3264 1947 3075
2149 2420 2794 2992
3328 3863 2778 2316
1956 3089 3541 3691
2416 2156 3250 3561
3804 1111 2637 2401
1582 1658 3685 2227
4270 2427 1773 4077
3550 3595 3748 2629
3540 2946 1675 2248
2466 430 1811 3403
2945 3067 2260 3992
744 1302 571 3990
2525 3985 3069 2241
2172 2528 2518 3143
1432 1517 2273 2714
1715 4270 2427 1773
2728 3226 2605 3815
1930 3382 4209 3077
2449 1438 1814 1934
3742 3664 2088 2653
378 2739 2490 2908
1433 2714 3658 1814
60 59 61 3762
3408 3377 2947 2171
3987 2889 3157 2492
2647 3863 3574 2512
3229 1895 3087 3149
2727 3504 2426 3192
3829 4031 3248 2280
4275 2682 1968 2541
3504 4283 2426 3192
797 796 1624 3491
2407 2956 2699 3026
3747 1306 2654 1975
829 515 831 4071
183 185 3951 3254
1953 2312 1709 3046
3149 3021 2159 2494
2276 1672 3601 3880
3015 1252 3185 3117
408 460 407 3643
3692 3324 3247 1707
2213 1898 3951 3254
3478 476 2188 3516
1551 1553 2434 1876
3919 1756 4163 3420
3115 3734 2187 2266
1608 1626 3188 2851
1839 2889 3728 2492
4372 1834 2216 3431
372 1284 358 1893
977 336 1012 2257
2167 1567 3348 3759
1930 3464 1889 4209
2310 4321 2936 4338
2334 2461 1781 3101
1354 668 669 2455
4000 2047 3903 3639
2213 2086 3554 3661
474 2841 3568 4290
318 316 317 3301
1964 2798 2666 4371
2518 3763 4324 1738
1665 34 1641 2984
2519 3601 3880 1840
2952 2130 2931 1971
3586 3001 2459 2540
3947 3449 1760 1823
3147 3701 2712 2110
1158 1665 1624 2430
2328 4021 2007 3228
1835 3428 2022 2387
3229 2166 3149 3021
1061 1181 241 3653
1276 182 402 3695
2640 1930 3077 2444
3095 4337 1994 2948
4035 2791 2593 2298
2218 3991 3605 3418
2419 57 1768 2978
3091 3327 3898 3423
1559 1648 1807 2163
558 749 206 2436
2601 1549 3704 4169
2585 3416 1910 2274
1708 1873 2457 2477
1538 1536 2434 2619
2270 4366 4215 2248
3296 4167 2375 2134
1365 300 301 1695
147 3675 1845 2155
4233 1808 4316 3450
2506 3625 3984 2980
798 799 1400 4239
2428 3210 1977 2174
1223 2922 2816 2027
1835 3630 3431 3428
4228 2926 2016 3198
1704 3300 2102 3690
4023 1418 3650 3722
859 1244 1245 2807
1694 3704 4214 1778
113 1248 1773 4329
2198 3518 3400 2467
1723 2539 4264 3308
3296 2283 1947 4167
2961 3529 2056 2770
2520 2485 2398 3191
2002 1849 4188 2900
2256 3470 1979 4297
2200 3837 3678 3493
4281 4352 1826 2632
1528 1487 1475 4026
1169 388 1689 4117
2016 1915 4277 3066
3629 1353 2632 3587
162 341 2977 4194
463 161 971 2864
597 1929 1832 2847
2876 1060 2173 3039
3214 3218 2076 2157
1305 839 1975 3213
2427 3290 2815 4077
1867 2161 4140 1861
2154 1918 2334 2447
3762 2295 2721 2135
380 512 2198 3591
482 491 1219 3767
4035 3485 3178 2593
971 463 2864 3112
2611 4000 3903 1698
2565 2568 2605 3610
740 2314 2162 2262
1429 1504 1486 3211
1425 1465 1509 4262
2312 1953 1709 2584
1161 1160 2092 1827
4305 531 1846 1755
3347 3940 4355 3485
2089 1951 2350 3758
2770 604 1912 3338
4035 2657 3460 3178
4388 2128 3404 1758
3210 1885 3950 2174
1804 2406 3885 4230
1902 3877 2054 3392
788 1190 2136 3489
325 1304 3945 2744
2783 1794 4019 2515
3623 2381 2082 2691
1707 2802 3347 4355
440 1174 4127 1673
666 667 1616 2153
2239 3724 2905 2352
3011 4164 1766 2902
2170 1749 2172 3143
201 202 203 2025
3703 1676 2288 2018
1101 879 3725 3813
3585 3226 3323 1730
1799 3790 2643 4284
2259 2386 3513 2201
3630 2365 3431 3275
1778 1764 2860 1968
3958 2167 3348 4303
341 660 340 4194
2016 3259 1683 2318
1420 1474 1465 2455
4054 3520 2472 2226
3073 3794 2005 2189
720 1060 4128 2173
2069 4003 2409 1675
4385 2702 3528 2392
3281 3297 2298 1832
698 722 965 2460
2038 1127 3808 2787
2485 3267 1945 3191
1805 3158 1989 2842
2379 1834 2750 2131
2920 3347 4035 4344
2387 3607 3733 1922
1760 3180 2617 2005
1564 2975 4169 3682
3231 3977 1836 2452
3757 2144 3163 3797
1891 2965 3600 3717
3554 2213 3948 2290
1012 334 931 2279
210 1070 209 2994
4166 3341 2966 2382
2884 4147 2855 1866
3160 3841 1878 3462
3215 1757 3832 3677
291 3553 4069 2271
2485 1925 3687 3749
1831 2043 3430 2358
2240 2928 4220 3750
3863 3574 3707 2778
2613 2302 3901 1676
1182 2143 1995 1791
4357 2548 2542 4322
1354 669 1420 2455
4324 1761 2366 2264
417 1119 419 2836
1484 1513 1043 2906
1556 1557 1560 4202
1951 3153 3663 2478
3559 3099 3558 3357
3281 1797 3751 3460
1828 2137 2878 3004
338 337 333 4079
2602 2386 4191 2201
1728 3275 3428 3409
4226 3259 2593 2094
2221 2627 2152 1732
854 1842 3910 1810
3893 2221 3122 1732
4013 3782 3592 3523
2239 2905 3261 2352
387 1034 2537 3994
2819 3631 3158 3040
1352 510 511 2964
2926 1894 3594 4269
4361 3100 1790 4340
4104 2669 3165 3217
2132 1036 3932 3291
3097 3208 2977 1844
747 3675 4346 1845
2948 4337 3693 2790
3693 2966 1781 2382
2506 1813 4244 3418
1834 3640 2131 2529
472 703 924 2924
1438 1492 1494 2449
4237 2373 2664 2178
590 591 4246 1960
4029 2890 4307 3771
1812 3460 4159 3178
2032 1973 3954 3344
463 464 161 3222
2380 1886 3209 3047
2482 3624 2049 2004
2077 3432 3614 3081
3102 3391 2658 3846
917 987 3144 3006
2351 2025 1809 2910
2616 2161 2720 1838
3104 2524 1741 2307
2567 1952 4283 3661
60 182 3762 3695
4081 2809 2430 3426
1362 1363 913 2185
1925 2485 3687 2576
3838 3763 1738 2264
3298 2027 4216 3933
1256 601 3574 2778
2931 2952 1748 2032
1822 3913 3611 2578
1584 3024 3828 3682
4222 2772 1719 3651
3162 1785 3234 3831
1774 2699 3981 3026
723 1137 2798 2707
3024 1638 2442 2227
1010 1011 4235 3669
1764 2860 4384 3614
3575 3481 1736 2007
3154 2360 3557 2865
1148 3963 3296 3264
3757 2606 3797 1763
2203 4068 1998 4284
1792 2627 2221 3674
2342 745 3319 4061
1727 2524 3436 2780
2131 3640 2044 2529
2690 4326 3430 3406
2415 3789 2570 4320
2588 2733 3021 1746
3246 2894 2104 2558
2122 4161 1854 3732
198 1032 2333 3793
628 3108 2411 4347
544 1770 4388 4044
1395 2435 1685 4174
719 2084 4128 3039
3640 2190 2750 3514
3032 4064 2030 2826
1298 783 4232 3606
1750 3747 3609 1892
1542 1588 1589 3233
492 3743 2723 4312
2848 3076 1729 3434
1845 148 4211 2905
4155 3206 4268 3854
4353 1887 2974 3183
862 863 2043 2940
2318 3066 3766 2615
2616 337 2329 4079
2985 2830 3118 2731
363 360 3505 4069
4088 2590 2989 3223
2981 458 2292 1869
3959 1234 3670 2469
3259 4228 2016 3198
2084 1492 3120 2614
2189 2005 4155 3854
1175 478 2159 4290
4197 3790 3678 3798
2240 3267 1945 2928
2335 4138 1709 4087
2182 2506 2980 4244
4134 4326 2271 3606
2985 2015 3796 2451
2789 4351 3920 2993
136 369 368 4351
928 16 450 4026
3158 4155 4268 3854
1629 2680 4386 3030
4162 3298 3191 2347
2459 2122 1796 3416
2768 2602 2690 1701
1051 363 3505 1673
4040 2733 3021 2159
1721 3855 3836 2266
1756 2510 1958 3093
3721 2926 3594 1729
116 1193 4129 3529
2000 1878 3694 3468
532 1351 531 4289
910 911 1008 3502
1428 4287 3080 2026
1858 1358 3984 2546
3916 2218 1804 3543
3553 4134 2271 3606
388 389 1689 2537
2295 2920 3347 4355
2172 2740 2518 3733
1117 217 1780 2873
1411 1410 2057 2538
2309 3366 2110 2195
3168 4337 3693 2303
638 636 3086 3868
1944 2982 4025 3621
2569 2490 3174 3473
2421 2124 2009 3657
1332 1113 1360 2474
3073 2607 3794 2189
3592 2111 3182 2645
3431 1835 3428 2022
1227 945 248 2655
3630 2365 2216 3431
789 1915 3926 2678
2898 1705 2141 3073
3629 2933 4317 1929
2828 2375 2134 3362
1936 4280 1847 2855
857 1477 1916 3358
4216 3298 3933 1705
3041 1830 2613 1676
1588 1590 3970 2430
1885 2263 3688 2513
708 306 304 1819
2561 1928 3333 2285
154 1357 4388 2958
3091 2730 3814 2340
2821 1705 3084 2096
1079 1233 626 3654
3498 1971 2863 1794
2486 3439 3679 2279
3294 2946 2391 3242
2814 1716 3102 3846
2836 934 4005 2736
1712 4092 2593 2613
3630 3000 1840 3428
1310 317 964 2222
2477 3195 1731 2622
1036 3932 3291 2556
2450 1918 2447 3441
579 578 580 2776
1780 3488 3053 2881
2335 2030 4087 2826
1835 3428 2387 2528
469 3632 2706 2543
3825 2239 3261 3059
1726 3529 1866 4018
3305 3279 2578 2661
777 785 3506 2711
3339 3826 1759 4048
372 261 1069 2833
1691 2792 1910 3905
3900 2468 3528 4230
3225 254 1991 2873
442 443 3761 3602
3792 3039 3980 1934
1886 1835 3209 3047
525 655 578 2776
1568 1555 4083 3759
1817 2861 1931 2923
943 654 2716 2352
240 239 2876 3088
2485 1945 2928 4043
3718 3282 3154 3336
39 1060 1180 3039
39 1180 3005 3039
1552 1578 3355 1783
3402 2282 1875 4189
2337 2308 2725 2167
1726 3924 4270 4329
2069 2952 2125 1971
613 1093 615 4181
2112 2308 2337 2167
1445 1511 3941 3358
3179 2589 4332 2844
1455 1424 4181 3121
3622 3678 3798 3854
713 1099 3097 4082
828 862 864 2043
2343 2257 2229 3615
1699 3805 2446 1826
586 1127 2038 2787
4341 4378 2099 2458
746 747 1689 2716
1040 1816 3122 2092
388 387 389 2537
3302 2720 1838 2535
280 279 281 2526
165 1275 1036 1995
4059 2119 3010 2336
3044 1720 1751 2991
2988 3381 2091 4274
4301 2240 4383 3750
4277 1894 2370 2678
2627 3631 3022 3847
3631 4121 3022 3084
2257 336 3720 3334
3871 3756 3471 1919
2136 2168 3121 2114
3676 4238 4096 1762
3963 2840 2473 3810
3839 3170 3294 2391
317 3301 2173 2222
3312 1401 2296 3415
2255 1704 1831 3690
2387 2380 2172 3607
659 1374 3692 2664
1267 163 2091 2673
2920 2657 4035 3485
1785 2284 3162 3234
2079 4209 2640 3098
493 2723 3867 2787
1261 271 3521 3888
316 3301 3088 2173
2263 2751 4136 3856
2521 4235 3669 1816
1230 3285 3010 2491
2187 3734 2340 2287
2882 3729 2980 1791
846 1173 1873 2556
3957 3322 3823 2291
2690 2602 2484 1701
4124 2055 3414 2359
2324 2093 2307 2779
363 291 360 4069
280 824 3309 3187
3136 3826 4305 1819
3391 1939 3012 1985
993 2121 4047 2649
3640 2440 2044 2529
3895 2098 2491 3539
135 140 1240 1927
2987 3201 2768 2157
1727 2524 2138 3104
4378 2078 2685 2460
2282 3332 3732 2007
1618 1652 3038 4292
2146 2893 2268 1815
3630 4212 2365 3275
3402 2202 2596 1722
2976 3654 2696 4073
1194 1332 3122 2474
2030 3142 4087 2826
2333 3105 1791 3605
1590 3970 4081 3074
4229 2416 3250 3561
991 3451 2765 3223
566 3887 3848 3157
996 2503 2984 3081
1204 515 92 2788
3037 2658 2332 3929
1712 3978 4092 4159
3083 2762 3672 2587
3822 3616 4339 2363
111 109 4331 1737
3798 3633 3938 1926
2208 2474 2683 3252
1162 813 1386 1816
3353 2312 2371 2953
2078 722 4279 2103
73 2520 4162 2036
2284 3162 3234 2409
2017 3034 3395 3971
3977 2933 3247 1707
3902 2166 2170 2172
2683 2474 1732 3252
1463 1514 1509 4262
2017 2730 3115 2999
1966 2245 3845 3064
4000 2047 3639 2389
992 850 849 2396
2208 2683 2710 3252
997 489 417 3297
2251 2428 2719 1683
3570 1826 2174 2452
1953 1959 3753 3356
2182 2882 2980 1791
386 1156 1862 2470
1266 1243 3459 3659
3347 2920 4035 3485
2130 2069 2511 3965
1726 4135 2805 3740
1161 77 1160 1827
2920 2884 3966 2657
1108 691 4117 2592
3366 2428 3210 1977
1177 1042 1172 2786
2617 3837 2175 3678
2024 301 3774 1695
2895 3467 1759 3712
104 702 3569 3960
2234 3553 2560 1902
3629 4352 4281 2632
2835 4015 2008 3219
1636 1580 1598 2325
1816 3893 3122 2092
3974 2926 4269 2107
2485 2898 1705 3191
1464 1467 2705 2979
3402 4002 2596 2293
2149 1680 2113 3394
4059 2119 2336 4093
1966 2687 2245 4343
3926 889 3766 2615
2440 1722 4372 1834
3196 4360 2580 1790
4164 2644 4377 2649
3363 3998 3548 2597
240 317 316 2173
290 1186 2968 3825
1217 1261 2252 3521
717 480 2176 4333
4176 3891 4063 2947
1516 1440 2574 4063
2423 4027 2827 3010
3800 1621 2416 3250
3783 1693 3249 3928
199 3625 3652 1791
4288 2435 2846 4174
2232 2667 2265 3282
2151 3736 2081 3604
300 3942 3774 1695
3515 1827 2634 2454
1837 3909 3933 4048
1174 441 4127 1673
2802 1707 3371 4355
1556 1544 2206 4202
3082 2563 2764 3588
1973 2708 2068 2223
230 4040 3482 2745
1147 1290 2603 3779
1667 1554 2408 1783
1940 2837 4275 2682
898 900 899 3841
1112 1113 2221 2152
3568 2841 2188 3087
3095 4337 2948 1921
3065 4240 3552 1998
1895 3229 2665 3149
1770 4388 4044 3404
2520 3422 1872 3687
251 2407 2956 2699
3768 3798 2567 2426
3488 1780 4377 2881
2373 2858 2664 3964
1588 1590 1592 3074
968 4299 2910 4153
2882 3729 3984 2980
512 1314 774 3518
1032 1189 1384 3793
3458 1705 4274 2096
2191 3177 3183 2226
1198 1014 1013 3698
4081 2809 3426 2321
3969 2467 1963 3316
2295 2802 3371 4355
371 372 1893 2048
882 869 3365 2152
2788 4071 2301 4382
4147 2884 1828 1866
2589 2669 1975 1892
3743 1340 3383 3386
3904 2874 1800 3627
1881 1464 2705 2979
3826 4305 1819 3467
4162 2520 2398 3191
4381 1953 2408 1783
712 711 3824 2155
3625 1873 3620 1858
4235 2490 2221 3674
2290 2086 4363 3519
1527 1472 38 3005
2240 4230 2392 1945
4121 3757 2425 2766
2164 3007 3256 3225
3283 1736 3096 3770
2791 3231 1836 4261
3528 2240 2392 4220
955 954 650 3899
3066 3926 3766 2615
2868 3087 3149 4290
1830 3041 2613 3874
1549 1581 1564 4169
3259 2791 1683 2318
247 1013 1014 3698
934 935 4005 2870
1674 2050 3249 2389
1828 46 4330 2870
1468 5 1399 2237
1778 3828 3682 2530
3470 2110 1977 2209
514 562 1212 2769
1728 2355 2518 3414
1728 3409 3023 3315
854 59 1003 3324
2054 3196 4360 2580
3924 4147 3290 4077
176 1222 4289 2027
160 1170 660 2908
1514 1463 1462 2369
749 1872 2436 4336
2137 1797 4108 4369
3324 182 3695 2802
2602 2690 2484 2560
414 1087 1501 3510
4026 451 3384 2878
337 1284 2329 4079
88 89 731 1941
173 3001 2925 4200
2462 1458 4014 3921
704 703 2990 2780
1958 3192 3093 2917
1331 11 3103 2813
1736 3991 3375 3418
2241 2200 3134 1706
1036 260 164 2556
93 343 468 2283
3393 1789 3224 1970
4283 3504 2426 2354
2198 4198 2317 3306
1951 2478 2729 3613
1040 1162 1816 2092
4040 1175 2159 2571
5 461 413 4224
4351 3656 2993 4346
1766 4164 4377 2902
600 3707 3502 1724
362 1156 361 4358
1760 2898 3073 3684
4098 2996 3508 2368
4295 2903 2599 2179
3877 2234 2054 2582
1676 2302 2288 2904
2309 3145 2094 2904
3674 3757 1997 2766
2882 3367 2468 3528
129 281 2959 3466
3273 2066 2220 2437
328 290 2968 3825
3351 1691 2792 3096
3364 3189 2914 4139
4013 3782 3893 1732
3430 1831 2358 3571
3341 4166 1903 3968
1117 117 3822 1780
3859 2703 3083 2368
2925 1758 2958 2553
3049 4041 3031 3413
1860 3396 2891 2811
1744 3330 4139 2685
3069 2801 4034 2241
2351 4313 2246 1713
2206 1876 4202 3494
2084 3120 2981 2614
2657 1797 2414 3930
4085 2399 3695 2802
4226 3485 2954 2094
2235 3147 3570 3210
197 1031 391 2929
3047 1835 2022 2387
2363 3851 3256 1780
137 135 1240 1787
1321 751 2700 3453
2230 3203 1745 4134
293 291 977 3334
3694 3902 2170 2172
2085 3793 3367 3900
3568 2841 3087 4290
2185 3298 2027 4216
2814 3102 2658 3846
2178 2263 1979 1885
660 162 2977 4194
4305 3136 1819 2527
1176 3365 3139 2152
1899 3817 3618 2364
1170 378 340 2908
579 1136 320 1729
980 592 2362 1880
1517 1434 1497 2273
3625 2506 3984 1791
650 2692 3317 3899
252 1287 1118 3119
2539 3078 3582 3928
2313 3189 2505 1719
2336 2835 2801 4093
1833 1954 1911 1815
3221 1876 2206 2918
56 601 598 3574
177 1262 2822 4162
2357 3141 3144 2817
1786 2404 2439 4187
2631 2414 2294 4159
1683 4334 2847 2592
2300 259 2132 2610
2569 340 2490 2908
2309 3940 2712 2094
682 1119 935 4005
3286 1412 2691 3971
2294 1920 3739 3901
3940 2309 2954 2094
1728 3744 2022 2264
3460 4035 3178 2298
1418 1414 4023 3650
3460 2657 4159 3178
1432 1431 1413 2289
1452 1423 1471 2140
3523 3782 1693 3856
1412 1525 3286 2691
239 1136 961 3594
3095 2994 2573 2041
4121 1997 3844 3631
322 1307 4067 3092
1853 2822 2398 2347
2172 1749 2528 3143
3057 2372 2196 2650
2259 1823 3676 2386
4113 1398 2445 3817
889 596 3766 2615
2011 3129 1777 2262
1792 3365 4022 2823
2295 2884 2135 3966
600 3707 1724 3872
682 935 1001 4005
1151 1337 3114 4165
1759 3826 2102 4048
759 757 770 2973
2980 1822 4244 2477
3863 3603 3328 1800
2032 3585 3226 3323
2146 2483 1815 3199
2496 4117 2600 2592
2247 3817 3278 2364
2657 2736 4035 3460
1508 1512 3056 2614
3387 4199 4183 3369
720 963 4128 2981
1012 336 2782 2279
872 871 100 3151
2783 1794 3962 3981
3970 1542 2430 3233
4102 3545 3641 3029
814 367 3093 2917
3400 3642 3906 2037
2740 2170 2172 3143
672 584 2495 1773
2329 372 2833 2048
1182 873 1183 2143
623 15 624 3384
1234 2024 3774 3670
2609 3383 2116 1888
2273 4113 4286 3817
2212 3753 2328 1843
2882 2182 3528 3605
2690 2043 2257 3406
4203 4214 3494 2918
4085 2736 2920 3966
2862 3034 3806 3689
963 4128 2981 2222
812 141 1880 4242
4083 1563 2975 2109
2521 4376 2751 1816
1899 2168 2370 2364
1845 2360 2905 2865
594 538 4256 2615
3281 2853 1832 3599
2720 2616 1838 2535
696 720 2084 2981
1840 3000 2641 3428
205 204 1141 4248
151 149 4352 2632
2864 4272 2011 3222
1099 971 162 2977
1273 4247 1844 4194
688 687 2942 1802
1792 868 2221 2152
2667 3186 2265 3282
1328 319 2848 3373
1154 1170 160 1853
1938 4154 4253 2209
4376 3326 3688 2513
2219 161 4089 2864
1819 2162 3300 2102
1575 1574 2464 2258
3629 2933 2452 2632
2449 4322 1814 2194
2302 1830 2251 3559
3408 1782 3363 3517
1197 3424 1981 2281
2575 2853 1812 1941
290 526 1186 3059
2738 3766 2147 3599
1500 1467 1398 4113
3166 1565 3303 4009
71 73 2085 3267
1830 3041 3874 2107
2084 1492 2614 1934
1602 1601 1587 2668
2189 3158 3040 3854
1952 2355 3315 2567
4015 2835 2008 1824
1112 1038 868 2221
205 1315 4248 1900
1033 97 379 2822
3158 4015 2842 1824
1130 121 1300 3673
453 668 4369 2455
2221 3893 3674 1732
3208 3097 4082 3718
3633 3798 2567 1926
3789 1684 2651 2415
2242 2771 2450 1786
135 136 1273 1787
709 708 1819 3156
4116 3855 1721 3115
1240 1927 4157 1787
4171 1899 3618 4181
2446 1826 1981 2632
214 616 922 3121
3978 2298 2318 3599
651 731 215 2147
4334 2847 4256 2615
2771 3974 1729 2242
3485 4226 2593 2094
3067 1793 2945 2260
1676 2302 2904 3559
87 89 88 1941
544 156 154 1770
3023 2796 4119 2065
4230 2392 1945 3580
2182 2218 4385 3605
3668 3830 1825 4032
2003 3376 3628 2548
652 1159 4213 1832
2474 2208 2683 3934
3457 3490 3435 1837
2428 1977 1918 2174
1170 160 1853 2219
1672 2202 4037 2216
1107 904 1231 2336
3710 3048 1754 2764
3268 632 3255 3908
905 29 1697 3033
2094 2251 1784 3559
2485 2928 2028 4043
795 794 4029 2793
3214 2895 1760 2076
1753 1862 2230 4134
4286 2445 2339 1941
3357 1676 1721 3734
1528 1474 452 2455
2483 4219 2282 3732
89 1211 4171 2445
2302 2251 2094 3559
624 928 451 3384
853 606 2754 3338
4207 1716 1718 3761
1729 3076 2242 3434
2382 2334 2360 3724
2240 2085 3367 3900
2182 3528 4254 4383
2802 2295 2920 3347
1760 3449 2519 1823
4315 4253 2797 3795
3139 1229 3172 4336
2302 3901 1676 2288
2857 1752 4017 3148
1744 3653 2585 2890
1544 2206 4202 3494
1939 2083 1892 1903
2654 1306 3609 1975
1761 2366 2264 2874
2066 2663 3273 3398
4305 1846 2816 3467
2045 2814 3102 2658
188 187 166 3620
256 4008 3213 1767
539 538 1247 2615
3869 3570 3210 2452
1247 538 594 2615
3427 2242 1735 2717
2847 2632 2592 3587
3757 3326 2144 3797
1735 2088 2439 2653
3106 3739 3016 1765
3219 4186 3414 3143
3530 2821 1853 4022
4170 4078 2480 1987
1612 1566 1597 4062
2185 3900 1945 3580
3149 3229 3021 2494
491 492 3767 4312
3091 2187 2999 2340
3609 2968 2669 4104
2439 2653 3968 2447
1438 2114 1814 1934
1512 1436 3056 2538
4269 3301 2542 3980
3154 2790 2360 2865
1918 2154 1735 2447
1419 1418 1412 3286
2542 4357 4322 3886
3594 3088 1729 4269
1494 1388 4266 1934
4166 1786 3968 2447
4107 2586 3018 3750
680 884 3963 3319
1388 1494 2084 1934
2613 3041 1676 2082
4322 3623 3886 1814
2381 2548 2107 4016
2154 3840 1735 4249
1388 2084 4266 1934
2168 2714 2364 1814
3733 2387 1922 3763
4376 2263 3326 2144
465 1269 464 4089
1880 2373 3784 2513
3573 2178 2256 2235
1759 2898 1705 2141
3979 3470 3950 2209
2822 4162 2398 2347
4376 3782 2751 3856
3406 295 4265 3200
2904 4151 3357 3549
1751 1674 3249 1942
346 1148 3296 3264
3259 1830 4228 3198
2064 3558 3492 2088
4136 2263 3856 3326
1699 3950 1826 2174
1273 339 1927 4247
3985 1824 2241 1706
4376 3782 3856 2144
3259 1830 2302 2613
3782 2521 3856 2144
4315 1717 4253 2209
4385 2468 3528 3605
2008 2835 2842 1824
2085 2185 3900 1945
2166 2740 2172 3607
461 5 3 2237
3204 2741 2803 1916
3985 2842 3167 3539
3704 2975 1778 4169
1927 4376 3163 4247
2586 3442 2463 3443
2575 3281 2853 2836
1433 1525 1437 3658
2998 2217 1922 4365
2764 4373 3419 2562
2929 3991 1791 3375
2455 1881 2705 3751
4108 2137 2934 3751
4272 2864 1859 3222
3658 2714 3623 1814
2512 3863 3707 2778
3139 3146 2106 4336
401 934 4085 2870
1919 3343 1825 3715
80 205 880 4248
237 939 2676 4130
60 3762 2135 4330
3490 1763 3530 2988
2221 2152 2474 1732
1159 997 4213 3297
3185 3015 2754 3338
3172 3160 3342 2394
2496 2446 1981 2592
1686 2326 2505 2272
1074 588 590 3495
3242 2946 1675 2009
2003 3301 3628 2542
1835 1834 2529 3431
141 1880 4242 2664
1804 4385 2468 4230
4233 1715 3660 3907
947 1096 911 4031
446 6 382 2726
267 270 272 1982
1125 513 4054 3520
1065 927 427 3612
500 1473 501 3293
1267 486 163 2673
500 1526 1473 3293
2399 3977 1707 3347
926 830 829 4123
343 1091 468 2283
1691 1736 2792 3096
552 1057 2489 3667
2782 336 2257 2279
3824 711 3202 1777
1761 2264 4365 2874
1038 4235 2221 3122
3474 4003 2268 4152
1499 1498 905 2139
3638 2306 4015 4268
3393 2192 1704 1921
3818 2284 2133 2409
3527 2199 2074 2469
2206 4203 4214 3494
3803 1672 2596 1690
1673 3302 2535 3577
2484 1902 4069 3577
2547 2937 3811 3173
1785 2284 2061 4234
3122 1332 2092 2474
1025 224 225 2123
95 206 749 3422
4015 2835 1824 3219
357 359 358 3802
2771 2450 1786 3441
3617 2590 4380 3223
3215 2672 4065 1692
904 1107 2197 2336
1 1023 299 2800
3627 2722 2280 2133
148 855 2155 4211
2792 794 3770 2793
1840 2641 3275 3428
1488 3465 2462 3760
2627 3365 1792 2152
1058 895 186 3984
3627 4042 2515 2409
1114 186 1358 3984
2926 4228 2016 4277
3252 3592 3181 4055
2013 2068 2023 2604
3263 4373 3932 2498
1824 2835 4124 3219
3282 3718 2011 3336
3101 2334 3572 3724
2160 2299 4120 2424
1158 996 3081 2430
1697 2536 4063 2916
1374 593 659 3692
2611 2231 3845 3600
1112 1113 1038 2221
3470 1885 3979 3950
1569 1555 1568 3759
4166 1786 2447 3724
2362 3692 3247 1707
1001 401 4330 2870
4142 4136 2254 2766
3531 2854 4315 1868
2721 1294 2135 3043
1828 3004 3930 1955
2171 3363 2675 2597
1950 2137 2878 1955
3548 2961 1679 2393
1933 3207 2286 2396
2182 2506 4244 3418
4042 2130 4019 3965
4102 2130 3029 1971
98 1037 2739 2490
913 1363 1384 1695
3640 4219 2483 2146
2390 3799 2605 4097
1060 720 4128 3039
3451 3777 2590 4380
371 373 261 2048
2461 4075 4090 3101
2067 1827 2645 2454
173 172 171 3778
465 466 1859 3222
1728 3409 3315 1926
3757 4121 1997 2766
839 4008 1975 3213
2110 2195 1868 4297
1001 401 46 4330
162 660 341 4194
4035 3977 2791 2298
909 119 3013 3560
1155 440 1838 2535
3339 2027 2673 3933
2835 4186 4124 3219
2835 2008 4186 3219
4212 3630 1840 3275
1423 2140 2495 4066
3762 1810 2721 3371
1918 2496 2719 1683
4142 4136 2766 2507
1193 605 4129 3529
1894 2876 4269 3980
1925 4276 4293 2028
3460 3751 1812 4159
624 15 928 3384
3784 1885 3570 2513
593 1003 970 3692
584 2038 2495 1773
4329 3924 4077 4018
4013 3893 2092 1732
970 969 593 3692
489 934 417 3297
2286 3207 3716 2396
1933 4013 1827 3207
4013 2092 2067 1732
2631 2294 1920 1765
2092 2474 2067 1732
3930 2414 4280 1955
2934 2137 2455 3751
2687 2965 1868 3600
3171 4327 3538 2779
2414 2631 2294 1920
1180 2136 3005 3792
2440 3474 2268 4152
2166 2588 2740 3607
3206 3678 3622 3854
1700 4172 1671 4328
779 566 3848 3157
2366 3842 2874 3904
2045 2814 2658 2332
3227 2539 3878 1706
3974 2016 3198 2242
2627 2819 3631 3847
4186 4124 3414 3143
1520 4091 1772 3921
2244 3576 2481 3310
1256 1009 2778 2316
820 640 821 3317
3153 2550 2395 4196
1559 1628 3881 3262
1938 2232 2209 3186
2765 1206 3223 2775
4227 1775 4319 1725
3695 4085 2802 4330
3913 398 2735 4056
976 1235 2706 3063
2972 3729 2546 3367
1066 2535 3720 3577
2416 2163 3881 2207
2647 2512 3894 2522
4058 3142 1843 4087
2286 3207 2006 3716
2225 2863 1794 3890
1107 804 825 4126
1778 2837 1764 1968
2192 3393 1704 2663
587 1127 2140 2038
1149 960 1851 4112
2887 2862 3034 3806
3069 3985 2801 2241
4121 3757 1997 3022
997 417 4213 3297
869 868 1792 2152
3511 1977 4075 4217
2355 2518 3414 4185
4362 2681 2616 3025
2259 3676 3513 1988
2890 3330 3771 3228
2218 1875 3575 3375
2052 2422 2272 2285
1183 1275 1182 2143
301 1384 1363 1695
1058 1114 1059 3729
3942 2024 3774 1695
895 1058 3652 3984
1051 1174 363 1673
2302 1712 2613 3901
400 508 656 2735
1849 3597 2759 3696
2119 2835 2336 4093
838 837 3483 2000
4 1502 297 296
2869 3234 4366 1901
2487 432 2177 2744
2913 2336 2801 4093
2008 2835 4186 4093
283 1000 3466 2907
3900 2185 4230 3580
358 1284 1282 1838
3244 4101 2523 3184
1710 2748 2374 3672
3652 1058 3729 3984
3086 826 2557 4309
1794 1971 4019 2515
1938 2461 4090 2265
656 508 3533 2735
1758 4388 2925 2958
1558 1563 4083 2109
2867 2924 2932 2990
2244 2407 1774 2079
3449 3803 2519 3065
4107 2276 3601 3880
124 123 125 3861
384 266 2470 2517
2994 2041 1921 2314
2506 4375 3625 2980
2366 3603 3904 3328
3669 2521 3174 3473
2674 2746 3169 3799
2899 4123 2930 4071
2616 335 1770 2833
1338 1066 2535 3720
2008 3731 3539 4093
1595 1593 1565 3303
3809 2343 2229 2279
2367 3999 3362 1972
2380 2642 2172 3607
2868 3149 3021 2159
1838 2616 2329 4079
3171 2246 2525 2761
1562 1606 1607 2337
2254 3078 3783 3928
3919 2835 1756 3069
843 675 2348 1935
772 776 3819 3400
1387 1473 3293 3019
4186 4124 3219 3414
1988 1745 3193 2560
2269 2008 4059 4093
751 313 1327 3001
3782 2521 4376 2751
2904 1676 3357 2018
4385 1804 2468 3605
4277 1894 2678 3594
1833 2824 2371 1815
1824 3768 2241 2200
984 226 224 2123
4006 3050 3833 2319
4214 1694 1778 2210
269 543 2252 3244
1330 208 1361 2411
2257 3302 2484 3577
2380 3209 2488 3047
3726 1838 3735 3116
2314 210 4347 3202
3733 2518 3763 4324
1545 1563 1544 4203
333 2782 2535 4079
2521 4235 2490 3669
570 1302 918 2244
3799 2390 2605 3815
1563 1549 1564 4169
2931 1748 2087 2032
855 712 902 2155
1898 3944 2213 3951
3626 2684 2901 3636
3520 2158 2671 2226
3676 4238 1988 4096
1739 3779 2124 1990
618 212 3048 2433
2931 2032 2565 3226
2746 1708 1731 2622
3209 1834 2131 2529
2617 4349 2315 2175
1930 3382 1764 3464
2504 2190 2483 2146
1012 864 2257 3615
2043 3430 2358 3406
2861 2889 1839 1931
2922 3826 1819 3467
2190 2483 2282 3732
1223 1351 1846 2816
420 421 1043 2575
1154 207 1853 2347
2913 3895 2491 3539
4083 2297 2598 2210
1871 2962 3378 3397
3267 3705 3687 2576
507 3959 3646 2469
3267 2485 2520 2036
2735 1976 2564 2576
3072 3885 4230 3580
1489 1266 3459 3659
2733 2159 2261 3482
3458 3490 3435 2096
2419 1883 2732 2647
90 1204 2788 1733
1728 3428 2387 3763
263 2599 2970 3522
2692 4024 3410 2758
787 508 2735 3359
1553 1538 1551 2434
820 1359 2804 3522
4225 1867 4177 1861
2898 1759 3712 3580
2220 3398 4076 1743
448 449 2907 2099
2539 1723 4264 3928
1087 414 1501 70
1760 3072 3580 2276
387 537 1915 3864
4378 3266 3425 2078
962 243 792 4307
820 1806 3317 3522
402 401 4085 3695
26 1091 1021 3127
862 2043 3608 3583
2789 3805 3656 1689
1564 1664 2975 3682
3062 4026 1950 2878
3458 3435 1837 2141
2602 3877 2234 2560
895 1058 199 3652
1276 970 182 3324
978 544 546 1770
280 4170 2638 3187
2060 1935 2951 4010
262 1146 1188 1898
1872 2856 2436 4336
2203 3275 4284 2476
1181 950 1104 4350
1837 3458 1705 4274
4268 2055 3622 2641
420 1124 2575 2906
651 652 418 2853
2166 3021 2494 2760
2618 193 3426 3190
2491 2913 3539 4093
3365 869 1792 2152
198 1059 1189 3652
2809 3491 3038 3233
4163 3919 3420 3205
367 4278 3556 2917
2602 1988 3877 4096
2336 3919 1756 3069
4083 2297 3759 2598
966 448 3266 3453
3171 2525 2031 2510
2419 4291 1768 2647
4229 1769 2207 3561
2835 2008 3539 4093
2258 2464 3161 1908
3539 2913 2801 4093
4058 2030 3142 4087
1058 1059 198 3652
2240 2928 4043 4220
531 4305 1846 2816
1756 2197 3865 3205
528 373 3288 2048
1420 1484 2934 2705
3985 2842 3539 2801
512 514 513 3518
1065 426 2080 2635
2703 3083 2368 2431
1704 1970 3307 2255
1797 4108 2836 3751
759 757 2973 2341
1829 4006 2570 2909
4166 2334 2382 3724
1008 3707 2778 3502
2021 3780 2652 2039
2841 474 3568 3478
1713 3171 3538 2779
2482 2849 2049 3438
4278 3192 1958 2917
3072 3885 3580 2276
2126 4382 3313 3788
1887 3055 2555 3183
1676 3703 3734 2018
507 1263 1122 3959
4 1468 3 5
844 694 2042 3407
1338 1066 1155 2535
58 54 2978 3243
2043 2690 2257 2343
1328 318 689 2204
4083 1664 2297 2530
2305 4051 1848 1906
2025 2913 2031 2801
3040 3158 2842 1824
2237 2734 4318 2026
427 426 3612 2635
1393 1392 3723 3921
1894 2370 2678 3489
2459 3001 2925 2540
42 3879 3132 2349
1065 1309 27 2080
3343 2828 1771 1825
4376 2373 2751 1816
34 907 1640 2984
1397 1500 1398 4113
2835 3919 2336 3069
2185 1945 3712 3580
1943 2589 2986 2844
2245 3563 3236 3064
369 368 4351 2993
2025 2913 3850 2031
3718 1845 2155 1777
430 770 2341 1811
335 544 3439 1770
2438 1998 3027 4284
2430 1542 3491 3233
2598 2850 1940 4275
451 3062 4026 2455
796 797 738 3491
2005 2189 3678 3854
3364 2275 4139 2328
2322 4349 2437 2175
873 197 390 2929
1594 1613 3166 3567
1377 429 3752 3659
3900 4230 1945 3580
193 2503 2618 3426
2366 2796 1883 2732
149 683 4352 3424
2861 1839 1817 1931
815 2995 2713 2388
751 3001 4200 2700
791 2353 4029 4307
3756 1852 3471 2704
715 662 2510 3093
1930 1889 3340 3098
3501 1873 3475 3746
4318 1503 2026 3211
1744 4139 1796 2685
644 658 701 1948
1688 3196 3378 2120
3118 1789 3292 2663
2172 2387 3607 3733
3451 1348 4380 3223
4199 4287 3080 3649
3319 2817 3006 2873
1157 31 1523 3009
2126 93 4167 2944
4029 2353 3014 2378
1365 301 1363 1695
2801 3985 4034 2241
3442 3750 2463 3611
3158 4015 1989 2842
3123 3596 3915 1818
3656 2789 1689 4346
1989 3731 3146 2106
251 918 1302 2244
2246 3171 2525 2031
804 2913 2336 2031
3448 1857 4207 2717
1557 1556 1908 4202
1873 2457 2477 1731
3997 3705 3342 4056
565 820 2804 3899
2111 1693 3713 2645
1605 2680 3348 2053
57 2647 3574 3894
1038 1039 1011 4235
300 1365 3942 1695
3533 1822 3913 2564
2865 2041 3202 1777
2085 912 3793 3900
1686 2326 2272 2046
3084 3631 3158 3847
2549 3226 2665 1730
3228 2328 2075 1843
4357 3628 2222 2542
1586 3973 2577 2458
2913 4059 2336 4093
375 728 2894 2104
3001 2459 4200 2700
1827 3592 2067 2645
4325 2825 3690 2694
4088 1757 4086 3832
3806 2057 2656 3535
4027 2494 2423 2760
1872 3365 2856 4336
2434 1627 3262 2619
981 469 470 3632
1181 243 241 3653
2024 3942 1804 1695
1550 1553 1876 1783
2757 2835 4186 4124
1846 1362 2185 1695
4235 1039 1816 3893
2632 1683 2847 2592
1266 1489 68 69
1266 857 3459 1916
1893 2579 4282 2497
4138 3753 2075 1709
3040 3158 1824 3854
4288 2435 3280 2846
2275 1953 3753 3356
2854 2047 1868 2611
237 1172 991 3451
3072 4230 3712 3580
1756 2510 3093 3865
3824 3718 2155 1777
3674 2627 1997 3022
555 556 2179 3526
2484 3553 2560 4069
2351 3985 2525 2761
425 424 3309 2561
530 1846 1755 3942
1445 1460 1946 2435
627 287 3825 2095
968 204 4299 4153
663 200 1329 2246
2297 2167 3759 2598
2742 1737 2441 2291
3229 1895 3902 2666
2486 2199 3679 4044
1671 3621 3299 2475
2428 3231 3210 2174
364 861 3870 3522
4199 2473 4183 3369
2669 2589 3165 3217
2835 2008 2842 3539
975 976 974 3063
2550 3153 3663 3667
912 1384 3793 1695
1665 1158 2984 2430
1122 530 1755 3942
166 846 1873 2556
2761 3045 3227 1706
4195 3256 1780 2873
2506 3625 1995 1791
1705 3084 2096 3073
1365 1846 3942 1695
3267 4301 2240 3367
1883 2732 3648 1969
3364 1719 3356 2914
2269 4059 2491 4093
176 913 175 2185
546 544 545 4044
2326 3054 1686 2505
2085 3267 2240 3367
2922 3826 3467 2102
5 1399 2237 4224
193 191 3673 3190
628 1237 3237 2689
2835 3069 2801 4034
42 43 3132 2205
3722 3286 2082 3971
2299 4321 2936 4120
422 2934 4369 2455
3768 4034 1824 2241
1838 1155 2535 4079
2709 4353 3892 2974
1915 4277 2678 3594
544 546 1770 4044
1649 1539 1210 3379
1325 2925 2958 2553
2660 1704 2255 3300
1329 201 804 3850
3104 1741 3227 3436
1672 2596 4212 3065
1347 1331 11 4251
1259 1147 1145 2603
601 1008 3707 2778
680 678 745 4080
3653 243 2871 3946
1823 4349 3676 2432
3463 124 3861 3882
1159 487 489 4317
1284 1838 2329 4079
2866 1150 4165 2818
2988 1837 4274 2096
2516 3353 4359 1980
3614 3029 2228 3426
280 281 3466 2526
486 1222 485 2027
197 873 3105 2929
263 3728 3662 3522
4007 1904 4321 3116
2212 3332 3525 1843
804 201 803 3850
10 11 4084 4251
3640 4189 1834 2750
1753 2230 1745 4134
1692 2677 2346 4070
1414 1402 4023 2829
3160 1878 2394 3462
2683 2710 2819 1805
1713 2324 2093 2781
3298 3933 1705 2347
197 873 199 3105
202 201 200 3850
1477 1946 1916 3358
2898 2028 3073 3684
913 176 1362 2185
2143 390 3096 2929
2444 1833 3562 2207
638 636 3868 3583
224 404 4027 2494
1680 2112 3265 2215
4251 1862 2230 1956
2503 193 3673 3426
3658 2118 3286 2082
397 547 1293 3917
2889 1961 3728 2492
199 1182 3625 1791
1776 1757 4100 2737
1363 1362 1365 1695
2008 3731 1989 2842
2720 3302 1673 3116
1760 2898 3684 2276
2238 1996 2720 1701
1959 3651 3753 2914
3651 1959 3356 2914
2545 3916 3375 3605
1384 912 913 1695
985 2143 3014 1923
2127 1774 3981 3026
3565 64 3213 1767
2006 2286 2396 3185
3518 1871 3400 2467
3374 2203 3057 3552
420 418 419 2853
4313 2351 2246 2761
3304 2598 2584 2109
2771 3721 2242 2450
1648 2416 3989 2163
1744 3416 2585 2274
250 251 886 2699
163 207 1154 2091
2782 335 2616 4079
1962 3634 2426 3134
4197 3790 3798 3938
2642 1895 3902 2665
4140 3025 1893 2329
1136 239 3088 3594
3528 4220 4107 4383
161 464 4089 2864
3385 4118 2774 2250
2654 442 3761 3602
1329 200 201 3850
1260 4104 3165 2095
3939 4105 4362 2161
3825 2968 2239 3059
894 1238 3237 2940
3277 2837 2130 1764
3496 2577 3020 2458
581 582 3905 2747
3014 2143 2378 1923
110 2304 2967 3230
4195 1772 1896 2108
2624 3701 3147 2235
3704 1694 4214 2918
2165 3521 4282 2497
7 6 2891 2765
973 974 3063 2395
1234 302 1263 3774
3067 1793 2260 3992
3040 1824 2200 3854
3035 4294 2039 3544
1331 3103 4251 3203
4285 1940 3524 3032
910 1009 2316 2911
1842 2006 3716 1810
2255 1831 3993 3300
2857 3159 3941 2224
3741 3238 3566 2610
1719 3651 3356 2914
2356 2429 1961 4072
684 3829 1901 3389
2579 3802 2165 3726
803 1279 2913 3895
2156 4229 3250 3561
1079 3654 1768 4060
1856 3641 4384 3614
4102 2952 2931 1971
307 308 309 4323
1857 3076 4187 1802
99 870 1272 3972
2056 2961 2330 3740
1108 691 388 4117
2868 3954 2188 3344
1810 2721 3371 2753
3781 115 4077 4018
1819 709 3156 3300
2740 2172 3607 3733
2315 4068 1840 3622
2468 3528 4230 2392
1107 825 406 4126
2931 2568 2565 3610
1787 136 3920 2281
2791 3259 4261 2094
1375 715 662 2510
1888 3107 3975 3912
197 391 390 2929
3991 2143 2929 1791
2022 3744 4365 3842
134 149 1197 3424
825 804 802 4126
3373 2404 4187 1802
3841 1890 2269 2491
542 541 3440 3244
898 1890 3841 2491
2364 1455 4181 3121
1274 728 13 4109
203 1283 1102 3895
2488 3815 3047 1922
360 361 3505 4358
1894 2168 2136 3792
203 1279 803 3895
654 655 3619 2352
203 1102 1279 3895
1472 1456 1388 4266
2376 2104 3691 2945
1279 1230 802 3895
3874 1830 2107 3427
590 1074 3495 2013
3625 1182 1995 1791
2089 3271 2743 3812
3017 2859 2572 2482
1279 1102 901 3895
2176 2743 2938 3092
621 110 2304 2967
1279 901 1230 3895
3206 2315 1840 3622
1759 2102 2825 4048
4294 3035 2010 3544
1403 2403 2730 3091
522 521 130 3973
2683 2627 2111 1732
2286 2396 3185 1821
93 91 1131 2126
3063 2706 2029 3061
426 1065 3612 2635
449 283 521 2099
1176 1229 877 3139
612 57 2978 4060
1753 2830 3536 3604
99 1272 1101 3972
3377 3853 2361 2947
3188 1609 2072 2879
2063 3999 3810 1991
818 1270 2995 2388
1114 3729 3984 2546
2821 2988 4274 2096
372 1069 337 2329
2326 2434 2505 4302
1676 3901 3686 2999
1740 1681 4183 1855
2448 1841 4131 4367
4107 2702 4254 4037
180 328 1186 2968
3896 3747 2654 1750
1218 705 4196 3125
3893 3782 3674 1732
2861 1839 3899 3719
2461 3186 3197 2265
3977 2933 3869 2452
3109 247 3698 2881
1221 356 2724 2301
4092 4228 3066 2318
248 247 2649 3698
2006 1810 4036 3185
551 323 1184 1879
535 533 1326 3482
512 3518 2198 3591
16 1487 450 4026
3634 4001 2354 1932
3593 1935 2345 3699
801 513 1125 3520
1842 4237 2664 2178
3926 3066 3766 2678
3366 2935 3834 2110
1584 3685 3024 3682
2237 1399 4318 2250
4283 3504 2086 3192
2840 3871 2695 2063
3185 4030 2243 1821
3542 3664 2572 3438
2493 4151 2018 2675
2270 3540 1901 2248
1833 4374 3562 2207
30 29 31 1523
1852 2341 3075 4156
801 1125 233 3520
1489 3459 3280 3659
2232 1938 3457 4364
2462 3144 3006 4061
1119 422 419 4108
3330 1744 2901 2685
1373 938 3935 1742
2235 2178 1979 1885
1801 3150 2376 2214
4315 2797 2888 3795
1841 2785 4131 4367
3548 1679 2597 2393
241 1061 3653 4279
421 2575 4108 2934
2213 2419 4291 3420
339 342 140 2569
1447 1476 4014 1896
3948 3554 2290 3519
3896 3747 1750 3276
1324 887 1151 2866
2386 2259 3513 1988
4102 2130 2931 1764
887 250 2956 2866
3017 4315 4253 3537
228 974 124 3463
3240 4221 3216 2077
1127 2140 2038 3808
2247 2273 3817 2364
1500 2705 3988 2339
242 241 3653 2585
219 221 220 3779
659 141 4242 2664
3832 2033 2811 3677
1037 342 340 2569
342 2569 3669 1927
2390 2380 3209 2488
1676 3034 1721 3734
4237 2373 2178 1885
3523 1827 3207 3709
2428 2251 3840 3559
1290 1339 3779 3960
1674 2050 1751 3249
3510 1469 4224 2250
3786 3694 3468 2170
3744 2391 4152 3242
3449 2076 3803 2157
4149 4354 1702 3827
3932 3195 3291 2556
1188 1898 2129 2970
3137 2852 3661 3648
1539 2872 3472 3918
64 1703 2894 1767
2484 2602 3877 1701
2700 3266 2907 3453
2305 3624 2049 3787
3950 4154 1977 4075
1847 3952 2597 2805
3468 2269 4059 2827
912 913 1695 3900
1567 4168 2337 3348
1567 2337 2167 3348
3023 3842 2796 2065
2068 2976 2223 3255
2708 2068 2223 3255
793 2353 3257 3014
2519 4212 3601 1840
1656 1605 3348 2053
2170 2166 4368 2740
3614 2860 4081 2228
2032 2708 1973 2223
2348 3561 1935 3671
1194 1113 1332 2474
1319 445 1271 2654
1427 1426 2631 2294
1764 2860 3614 2228
2326 3221 1984 3562
2963 2199 3955 2469
3483 723 2798 2755
2125 2874 1800 3138
4003 4145 2069 2511
347 1131 758 3075
878 3139 4208 3934
711 710 712 3824
1443 1519 1445 1946
3451 236 4130 3777
2599 3870 2799 3696
3344 2868 2733 2696
988 737 739 3042
2228 3469 3331 3077
2692 3317 3936 4050
564 562 1308 1839
3290 1955 2427 2815
4136 1693 2766 3856
415 1087 3510 3241
3486 1935 2060 2115
577 2262 1859 3222
226 984 3483 2123
1629 1617 2680 3030
883 1113 1112 2152
522 1625 4341 3973
2956 2866 2479 4125
3389 3569 1990 2465
4327 3171 2932 2779
2584 1940 4359 2210
1634 1650 2458 2460
1581 1583 1564 3682
1267 3381 4089 2673
155 2958 3738 2553
3070 2607 3435 2425
3481 2459 4045 2540
3638 3212 4015 1989
4040 3021 2571 2494
1464 1465 1881 2455
547 397 1216 3917
204 1141 4248 4153
2312 3221 1953 2206
2549 2588 3733 4324
1664 1568 4083 2297
1822 2564 4301 3611
1415 1413 2289 3650
745 680 4080 3319
532 1222 1223 4289
825 802 405 3010
801 773 3518 1871
898 901 3725 2491
485 486 2027 2673
1969 2647 3894 2522
3525 2212 1843 4087
2312 1709 2516 2584
3017 2859 3531 2935
2146 2236 3199 3337
943 746 3441 2716
4313 2246 3171 2761
3390 2233 2628 2630
1877 4188 4264 2949
913 2185 1695 3900
1898 2213 3137 3661
48 623 1295 3290
4153 1713 3538 2324
4326 2690 3430 2560
1837 3933 1705 4048
292 3553 2271 3606
802 3010 2913 2491
2666 2000 2827 2760
3933 2091 4274 2347
2918 1807 2384 2163
1872 2485 3687 3749
2306 3206 1840 2641
1449 1505 1986 3360
63 1364 815 3565
3506 541 2158 3440
2568 2728 3226 2605
4027 224 2494 2760
3723 1772 4014 3144
3592 2111 3252 3182
141 138 812 1880
3857 4222 2772 2272
2840 3264 3412 4156
2275 3626 2684 2901
3694 2000 2666 2661
2306 4015 4268 3219
2752 2983 3396 4298
1804 3942 2406 1695
4371 1895 4033 2992
289 288 287 2955
4022 1853 2822 2398
2782 3302 2616 2720
391 1031 2545 2929
2118 1432 2714 3658
898 3725 1890 2491
2440 2529 2022 4152
2767 2541 4132 3487
3471 1740 2695 3982
185 366 3948 2290
3476 875 2466 3260
4013 3964 3523 3207
813 832 659 4242
1476 987 2462 3144
2817 3144 3006 2873
1234 2886 3670 2469
2336 2835 3069 2801
115 4329 4077 4018
2860 1856 4384 3614
1918 2334 2447 3441
3353 2312 1694 2371
1577 1650 3496 2458
3265 1680 2215 2850
2203 4212 4068 3275
1860 4020 2726 2317
1078 55 903 2197
2883 1902 2470 2054
2968 2669 4104 3217
2197 1107 4126 2336
2503 3432 3081 3426
141 659 3692 2664
2024 3959 3670 2469
4213 1159 3297 1929
2192 2667 3398 1884
2367 3999 1972 3851
3725 901 3895 2491
174 3298 4162 2347
4235 2521 2221 3893
4140 4225 4177 1861
3209 1835 2529 3047
2158 3177 2226 4094
825 404 2423 3010
1458 986 987 1476
3442 1822 2880 3018
3775 3617 2590 4380
4082 971 2864 3112
1024 678 679 4080
962 4029 3140 4307
613 614 616 4181
3322 2420 3745 2291
806 807 498 3272
1753 2830 1789 2230
2412 3806 2656 3477
872 1332 2474 2067
3638 4276 4015 3318
206 749 3422 2436
2342 3963 3225 3319
2714 2118 3658 3623
4206 2390 2488 2605
3171 2867 1958 2932
435 4314 2610 3361
2044 3514 3953 2893
2424 2453 1887 3657
3204 3479 2803 2349
4197 3938 4306 1677
1144 3243 1969 3951
1937 2640 3077 3250
2025 2246 2525 2031
634 1027 1026 3320
630 1199 1016 3255
2494 224 2123 2760
224 984 2123 2760
3529 605 2770 3043
3029 1971 2127 2863
1890 3731 2269 2491
4339 4223 3555 2363
4340 4361 1799 3892
640 1806 3317 4236
579 578 2771 1729
624 1295 3290 2878
3621 1983 2475 2949
1624 1590 1542 2430
1898 3944 3055 3137
1807 4203 3494 2918
3663 2501 2729 2570
990 1042 1041 3769
1819 3156 3868 2527
3545 4102 1764 3029
2511 2568 2824 2371
812 1386 813 4242
1848 1906 2014 3787
2752 1860 2081 2317
2889 2861 1839 3728
3838 2518 4185 1738
759 2973 3412 2341
2000 3483 3456 2760
3738 155 2553 2638
428 1085 2205 3260
3141 4195 1896 2896
533 535 536 4160
3192 4278 3554 2917
2189 3040 2200 3854
41 2205 3752 3403
2045 2862 3835 3492
2102 2621 2825 4048
3385 1685 4118 4174
4195 2644 1766 2108
834 1374 2858 1842
1788 2385 3795 3128
3069 4034 4124 2359
802 1230 3010 2491
1008 911 600 3502
3775 1742 3050 3931
1936 2566 1920 2288
1514 2631 4262 2369
90 2788 2126 3788
984 3483 2123 2760
3533 1358 1858 2546
4251 706 1862 4335
2301 4011 4382 3995
1024 678 4080 2342
1102 1283 2098 3895
296 572 3649 3760
2817 2164 3225 3319
405 404 825 3010
4203 3704 4214 2918
1714 4245 3195 4058
2136 2114 3005 3792
363 3505 1673 3577
3850 2246 2031 2510
1170 340 660 2908
77 1827 2067 2454
1597 1596 2563 3245
2042 4232 1745 2020
2000 3694 2666 2827
308 307 3103 4323
4014 1772 3141 3144
1875 1736 3375 3418
3841 2000 3456 2827
3622 1840 2641 3275
1033 177 1262 2822
3101 1999 3557 1845
4059 3010 2913 2336
1913 1763 2219 2977
2031 1756 2510 1958
987 986 735 1476
802 1230 405 3010
1767 3550 2686 2986
510 1352 4039 2964
1239 292 782 3606
150 597 594 3587
1548 1657 2601 3469
4059 2119 2423 3010
1722 3640 4189 1834
3947 4133 4325 1760
2366 3842 3904 4119
3782 3592 2111 1732
1319 181 2654 3609
2121 4164 2644 2108
2650 2196 2391 4106
2063 3296 1851 3126
4115 2888 1788 3795
176 1222 532 4289
224 1025 2494 2123
1398 1497 2445 3817
1784 3559 3558 3357
658 1098 2501 3937
1742 3258 4223 2180
118 119 909 3616
4172 3085 1671 4328
1174 1066 1673 2535
2328 3330 3228 2075
650 954 1335 3899
641 640 639 4236
2591 1684 3405 2029
138 980 4157 1880
1621 1620 3800 2181
1269 486 4089 2673
2043 3200 3571 2940
783 844 2042 4265
2591 2692 3410 2758
1510 1447 1400 3584
1599 1600 1589 3576
3683 3196 2054 3392
2935 2195 2965 1868
1201 1075 1076 1890
2589 2083 2986 2303
4368 2119 2423 2827
544 156 1770 2833
80 204 205 4248
3646 2199 3764 2413
105 704 1236 3058
486 1267 4089 2673
909 3616 3560 2105
1329 663 2246 2510
2739 97 2823 2822
3838 4163 1952 4291
2666 3694 2170 2827
1760 3947 3180 2141
1175 477 478 4290
1052 900 560 3462
2868 3568 3087 4290
1123 1059 1114 2972
266 3497 3821 1688
2326 1551 1876 3262
2170 4059 2119 2827
1491 696 695 2084
481 480 4129 2056
96 97 95 2823
2351 3985 2025 2525
523 2128 3778 2806
4281 2718 3784 1826
1446 1520 1772 3584
217 194 1780 3488
2898 1760 3580 2276
882 883 2152 3934
1918 3511 2334 3572
4276 1925 3146 3342
3301 2843 3434 2204
1558 1556 1563 2109
532 1223 1351 4289
2439 3742 2653 2447
2566 1936 1847 2675
478 3568 2159 4290
1472 1388 40 4266
532 1362 176 4289
4281 3784 3570 1826
1740 3327 2773 2187
1582 1657 1592 3074
404 406 825 2423
1427 1415 2294 3399
280 281 1000 3466
1772 4195 1967 1766
3251 1965 4257 1866
3079 3169 2390 2622
1027 1232 3889 3320
479 983 4129 4387
2286 2006 2256 2243
734 196 2896 2121
1283 203 2098 3895
1148 1149 346 4158
1740 3387 4183 3369
2657 4241 3930 4280
1148 885 4158 2877
879 1272 878 4208
3723 2357 3141 3144
1449 1446 1986 2108
2330 3998 4135 3740
2859 3017 3531 2482
1999 2789 3208 3675
1734 4088 2989 3223
1262 95 97 2823
1766 3011 2902 3175
3550 3246 4131 3748
1470 615 4171 4181
2312 1694 2371 2953
3117 1912 2938 4067
336 2782 2257 3720
1272 870 2208 3813
117 119 118 3616
842 1165 759 3412
1109 670 1197 2281
2554 3783 3249 1942
4117 3864 4256 2592
3011 2902 3175 1850
1140 81 2413 4053
2848 578 2771 2776
2629 3748 2897 2737
1298 295 783 4265
2528 1728 2518 3414
2749 4342 2923 1700
670 369 136 4351
1794 3498 2911 3890
1052 3841 3462 2000
1140 2413 2486 4044
406 231 1078 2197
1485 3598 4122 1855
1913 2219 2864 2977
532 531 1846 4289
634 1026 3013 3320
3011 1697 4164 2536
4216 2898 3712 3580
782 781 308 4323
970 152 969 3247
2496 1981 4117 2592
177 174 750 4162
439 357 440 4127
3529 1193 3043 4018
3568 2868 2159 4290
2144 3326 3163 3797
3376 3628 2548 2542
954 1177 2786 3437
2503 1226 2984 3432
250 1287 252 2699
2119 4059 2423 2827
1804 2333 1695 2468
2809 1774 2321 3233
2170 4186 4059 2827
998 693 2573 3911
854 1381 59 1810
798 1482 2121 4239
3365 1792 4022 1872
779 1125 2769 3520
340 1037 2569 2490
1536 1537 3054 3124
2119 2423 3010 2336
148 855 1845 2155
3280 1916 2846 3659
4373 2132 2562 2051
1786 4166 3968 2239
1482 799 1157 31
3883 1286 3090 2479
1354 421 422 2934
2461 3511 2334 2443
16 14 1387 3019
1450 1446 1772 2108
2896 4195 2644 3488
1626 1048 3472 2851
3070 2607 3417 4076
1605 1656 1604 2053
3238 2132 3932 3291
2507 4136 3326 3979
3608 3156 3868 3583
4222 1854 2772 3651
846 166 1873 3620
165 1182 1275 1995
1761 4324 2366 3138
4008 1975 1767 2083
2236 3857 2772 2422
3367 2333 1791 3605
845 629 844 2042
1338 1067 1066 3720
1709 1940 2516 2584
3145 4226 2094 2904
3609 2669 3217 1892
474 477 2841 4290
3383 3284 2116 3335
4206 2568 1980 3610
994 993 2121 4047
906 905 2139 3033
29 1499 905 1697
3317 2692 2861 3899
1157 994 2121 4047
3597 1849 2759 2524
809 808 1292 3867
2872 3419 3741 2562
2965 2195 2687 1868
1384 301 2333 1695
474 478 477 4290
893 76 2420 2921
977 1012 294 2257
1667 1561 3626 2408
4164 2121 2644 4047
1780 2644 3488 4377
436 437 2153 2308
2390 2380 2488 3815
1913 1763 2977 1844
3664 2062 2088 2653
977 1067 336 3720
29 906 4047 3033
3597 1741 2307 2990
164 260 1173 2556
888 793 2353 3257
3825 2968 3217 2239
286 760 1007 3479
2791 3978 2593 2298
2529 1835 3431 2022
2137 3062 1950 2878
259 260 2132 3291
2782 3302 2343 3720
3551 3861 3405 2415
4268 3206 3219 2641
3998 3548 2597 3740
4377 1780 4190 2184
3083 2374 3672 1702
30 1498 331 905
607 477 2148 4290
1025 225 477 4290
4019 2130 1889 3965
1093 89 4171 1899
3513 1704 2694 3193
3160 3997 3318 3342
872 1360 3151 2474
2766 3757 3326 2144
1014 1340 247 3698
1284 372 337 2329
3958 3265 4303 1820
3953 2568 2511 2371
2086 1932 2599 2179
295 293 3406 4265
828 862 3608 3583
3154 2041 2865 1777
1948 2035 2570 2909
729 146 2716 2905
1036 164 165 2556
2215 2072 3304 1711
3729 2882 2546 3367
3149 3229 2494 2123
3302 2257 3720 3577
3964 2858 2178 3716
1076 1201 1890 4208
661 665 663 4327
1202 169 3681 3862
1231 804 2336 2031
4259 1704 2663 3513
2295 3762 2721 3371
2793 3771 2378 3228
1710 2422 3337 2748
973 124 974 3463
1480 1481 4310 4174
1005 1006 3804 2637
281 283 1000 3466
780 4200 4170 2700
1182 199 2143 1791
2868 3149 2159 4290
3693 3168 1781 2790
2235 3573 1885 3570
3616 118 4339 2180
649 1055 639 2591
1634 1636 2325 2311
114 116 1726 4329
1929 3977 4344 2298
2841 2148 3087 4290
2859 2935 3834 2195
1513 1397 2906 2339
2821 1853 2398 4274
2112 2725 2167 2215
899 984 405 3456
4121 2821 3084 2096
1493 2084 3120 1869
1384 2333 3793 1695
1130 193 191 3673
1568 1558 1664 4083
1112 882 883 2152
3069 2727 2359 3192
461 416 412 2237
1114 2972 3729 2546
2995 2713 2402 2724
2861 3899 3437 3719
3828 1583 3682 2530
3428 1728 2022 3763
3718 4082 2011 3112
813 1162 1933 2092
789 1915 2678 3594
3963 884 3225 3319
959 960 1323 4112
2264 2022 4365 3842
1514 1425 1509 4262
1759 1705 3712 4048
3108 3307 2255 2314
3592 2067 3181 4055
2008 1749 4186 3219
1819 3136 3156 2527
4127 440 1673 1838
2617 2005 3837 3678
3290 4077 1866 4018
844 845 2042 4265
3391 2088 3102 2658
1008 1009 910 3502
2776 943 3441 2716
2771 3594 3994 1729
95 749 94 3422
2360 3724 1845 2905
2525 3503 2761 2241
795 4029 3014 2793
3393 3095 3224 1994
1822 3913 2578 3352
2079 1937 2321 3233
1997 3078 2254 3844
73 3267 2520 2036
3658 3623 2082 2691
268 267 3497 1982
147 902 3675 2155
834 833 851 3716
418 997 417 4213
833 851 3716 2396
2440 2529 3431 2022
3879 2741 2205 2019
3422 2520 1872 2823
1849 3634 4306 3045
1812 1712 4092 4159
1454 1434 2714 2364
3347 3977 4035 4344
25 1423 1081 2140
1858 4375 3352 2477
3991 2182 2506 1791
2068 1199 3255 3925
2076 3218 1690 2157
1738 2410 1768 2261
872 1332 1360 2474
804 2913 4126 2336
3631 2189 3158 3040
1089 85 2300 2132
2152 883 2474 3934
1459 1396 1460 2435
305 306 1351 2816
1842 3692 4237 1707
123 602 3551 603
3463 2501 4271 3663
1457 1520 4014 3921
2504 2190 1959 2211
2239 2382 2360 3724
15 113 1773 2815
1586 1577 1650 3496
2174 2446 1683 2452
3891 1986 4176 4063
1179 553 1924 2633
2628 457 2253 2153
3045 1849 1741 3227
868 869 1112 2152
2689 3108 2255 2411
2480 1987 3189 2505
965 722 312 2078
4333 2277 2397 4312
293 291 3334 2271
1328 319 2843 2848
3485 4035 2791 2593
2703 2748 3859 2431
974 973 3463 3882
1247 889 3926 2615
2837 1980 3953 3610
2757 2355 3414 4185
290 3825 3261 3059
937 936 1742 3532
4191 4133 4260 2201
4117 2537 2600 3864
4172 2982 1671 4025
1033 207 177 4162
1671 3299 1751 2475
2333 2545 2929 3605
225 224 226 2123
1745 2042 4326 4265
495 2068 3516 2013
4124 2055 3219 3414
4296 2218 2202 4254
3156 3136 3608 2527
3897 3470 1979 3979
3978 1812 4159 3178
4021 2890 2793 3228
2674 4064 2390 2030
2791 1929 1683 2847
2385 3693 2303 2966
3978 3460 1812 3178
3637 3366 3834 2154
2414 1712 4159 3178
1862 1156 4358 2470
3380 3554 3948 2917
3757 2606 2425 2507
4151 3145 4201 1784
3302 2782 2616 2535
2086 3504 2354 1932
3458 1837 1705 2141
1297 42 45 3204
628 3108 2689 2411
1861 4007 4321 3116
4235 1039 3893 3122
1922 1761 2264 4365
803 1279 802 2913
3630 2216 1835 3431
1915 4334 4256 2615
1929 3629 2632 2847
1175 1326 230 3482
918 218 1774 2699
2721 2770 3354 3043
3448 4187 3102 3276
1432 1433 2714 3658
3151 2067 3252 4055
1160 78 1933 1827
2884 2295 2920 3966
2624 2183 3371 4146
3974 4269 2542 2107
3392 1904 3735 3116
149 681 1197 1981
1832 596 2847 2615
2419 58 2978 3243
358 1282 357 3802
868 1112 2221 2152
537 387 538 3864
2196 3057 2650 3956
2064 1735 3558 2717
325 891 3945 2561
1006 1017 1018 2869
1219 1073 4387 2338
3796 3396 4298 1696
1645 1621 1535 2416
4278 3504 2867 1958
266 265 3497 3906
2487 3123 3596 3915
2599 1806 3870 3696
2898 4043 3684 2276
3795 1781 3186 3128
3786 3694 2170 2172
2277 482 3767 4312
2857 286 3479 2224
2835 2757 2119 3919
2710 2351 2819 2842
2783 3119 2479 3981
395 393 4354 2834
1016 1199 1015 3925
1723 3417 3837 3493
3621 1671 4188 3499
3498 2125 2040 4073
1885 3570 2513 1826
4155 3212 3158 3638
3047 1886 2387 2172
56 625 601 3574
2996 3831 2418 2762
1842 3573 2178 2006
1546 1550 1551 1876
1780 4195 2873 2896
602 123 3551 125
2708 1973 2068 2023
1988 4360 2582 4096
4034 1824 4124 3219
1218 1236 705 3125
2183 1966 2753 3064
683 3424 4157 2718
788 789 216 3926
1360 870 2208 3934
2144 3757 3163 3174
2719 3840 3198 2242
156 1069 261 2833
1699 2789 3805 3920
1885 3688 3979 3950
3168 2955 2095 2239
2127 3029 3816 3426
1620 1534 3800 2481
1856 3512 2023 2604
715 3093 3865 3205
2935 3366 3834 2195
1269 465 2922 4089
957 1196 2061 3114
2699 2956 2479 3026
90 92 91 2788
2098 203 2025 3895
1891 4231 3600 4343
2496 1689 2537 4117
3449 3065 4191 2157
3627 2280 2971 2409
1376 431 3534 2177
423 748 3123 3596
4337 1974 2844 2303
1385 1089 438 2300
3578 1985 2612 3346
2840 2375 3871 2063
3744 3431 3275 3428
558 206 787 3359
2568 4145 3953 2511
218 3190 1774 3981
2312 3353 1694 4359
1555 1558 4083 2109
3705 399 3295 4056
2692 1806 3317 2861
2307 3171 2781 2779
2861 1839 2804 3899
857 1477 858 3459
1221 356 816 2724
2245 3845 2243 1698
3370 3176 3282 2011
616 613 4181 3121
2710 2351 3182 2812
3145 1936 4226 2288
1030 1341 2225 3268
461 5 2237 4224
2410 1768 2261 4060
1794 2783 2479 2133
3781 48 1828 3290
1537 3054 3124 3413
2151 1860 3429 2317
1064 2755 1964 2707
2263 4376 3856 2144
3454 2456 1678 3299
881 366 555 3519
1879 3071 3873 4046
2859 3531 2935 2965
2219 660 2977 4194
4006 4051 1829 2319
1626 1355 437 2851
2902 2636 1888 2184
3171 3227 2307 2781
3150 2891 3914 3067
4083 2598 2109 2210
3382 2228 2321 3077
1489 1480 70 3241
4057 2327 1931 2145
3025 2681 4177 4294
333 1155 338 4079
2345 1935 4010 3699
1605 1632 2680 2053
3652 1059 2972 3729
3267 3705 3359 3687
2189 4155 3158 3854
2821 4022 3084 3749
3909 2660 2102 4048
1211 1092 1093 4171
2459 1796 3453 2274
2118 1712 2289 3650
2739 1792 3473 3530
2206 1544 4203 3494
4143 2962 2472 3397
231 1175 230 2571
2789 1689 4346 1845
3467 1846 2027 3712
2468 3367 3900 3528
571 676 744 2142
1070 169 2994 3681
2521 4376 3669 3174
2273 1497 3817 2364
162 368 2977 1844
1738 2410 4291 1768
437 435 2300 2851
1392 1458 1488 2462
2727 3504 2867 1741
2357 4199 3649 3760
3683 2432 3100 3421
1519 1459 2435 1685
1829 1882 2097 4086
4241 3940 4355 4146
2280 3627 2971 1675
843 1023 1 2800
2725 2072 2167 2215
3673 2127 3190 3981
441 439 4127 3726
1534 3800 2481 1937
3231 3869 3147 3210
1648 1628 1535 2416
3775 958 3777 1742
2106 1805 2098 3813
2584 2206 2109 4214
445 444 1716 3761
2097 1829 2305 3624
1881 2294 2979 4159
4306 1849 3045 2002
3637 2309 1784 2195
763 286 128 3312
3212 4293 3847 2856
154 544 1770 4388
3869 3231 3147 1836
849 850 833 2396
4228 2016 4277 3066
404 403 2571 2494
606 742 483 3338
2683 1732 2710 3252
4330 1828 2870 3966
1716 1270 3846 2697
2474 2067 1732 3252
1827 79 3961 2454
558 3705 3342 2436
2399 402 4085 3695
2934 2455 2705 3751
1276 152 970 3247
2808 1849 3634 4001
3721 2600 2016 1683
2362 3573 4237 1707
2351 2025 3167 1809
3096 1736 3991 3375
753 1321 751 2700
1705 2821 4274 2096
2309 4201 1784 2195
2118 3722 3286 2082
1854 2777 2236 3732
3692 2362 4237 1707
1886 3000 1835 2528
1526 1453 3293 2495
1849 3634 3045 1741
3997 3305 3611 3773
1475 1509 3062 1950
873 3105 2929 1791
2682 3585 1968 2541
2946 2160 2421 2453
2837 3277 2130 2824
3158 3638 4015 4268
3339 3467 2027 3712
406 825 2423 4126
592 593 969 3692
2322 2617 3837 2175
3935 1373 1742 3789
3573 2178 2006 2256
3251 1726 2805 3740
1044 1211 87 2906
1398 4113 2273 3817
3844 2607 1723 3070
4142 1979 4136 3979
1699 1938 3688 3950
1453 1526 3907 2495
2391 3839 4152 3372
660 2219 2908 4194
3554 2213 3380 3948
4209 1930 2640 3098
2886 2963 2128 2806
3355 1577 2458 2311
1066 1673 2535 3577
924 716 2924 2932
2957 1884 3176 3282
1130 246 193 3673
4121 3757 3473 3530
4015 2008 2842 1824
3729 2882 3984 2546
1519 1946 1957 1685
1691 3096 2929 3375
3349 3145 2954 1679
2868 2588 2733 3021
1759 1705 4048 2141
1401 3312 2296 3941
1936 1920 1712 2288
2294 2414 1920 1712
3485 3940 2954 2094
3978 1712 4092 2593
2544 1414 4023 2829
1836 2791 4261 2094
1867 1861 4074 2383
3947 1759 2825 2141
3206 2005 3678 3854
466 465 4089 3222
1146 1145 2603 1898
3834 3637 2154 4249
1797 3751 3460 4159
2038 4270 3445 1773
61 60 3762 2135
2998 2488 2044 2529
2653 3391 3276 1939
606 853 1252 3338
3608 3036 3868 2527
471 704 472 3632
3180 1743 2259 2437
659 593 141 3692
451 624 3384 2878
141 593 592 3692
3117 4036 4030 3236
4002 3402 2596 1722
709 2162 3993 3300
1695 1804 2468 4230
1033 379 1853 2822
1884 3435 2621 3176
1760 1672 3803 2276
450 451 928 4026
943 2537 2776 3441
2387 2172 2518 3733
3022 3084 3749 3847
2282 2021 1875 3575
3713 3515 2645 2389
4204 4338 3294 2431
2253 4168 4137 2630
730 84 2051 2433
133 1118 1287 3883
3376 3807 2542 2107
3229 1895 2665 3607
2561 2487 3596 3915
525 578 2848 3619
1460 1477 1946 1916
1209 596 1832 3766
4277 4228 3278 3874
889 3926 3766 2147
4305 3826 2527 3467
804 803 2913 3850
679 4199 2473 2734
3623 3041 4322 2107
1418 1419 3650 3722
2413 2199 2486 4053
3139 2106 4208 3934
4141 1944 3417 1877
3371 2295 4355 4146
1591 1588 1592 3074
2842 2098 3167 3539
2568 4206 1980 3953
750 73 177 4162
1695 2468 3900 4230
3721 2537 2600 2450
4269 2926 3886 2107
1729 3974 3807 2242
2768 4191 4260 2201
3076 3373 2404 4187
1456 1494 4266 1934
1424 1454 1456 2114
4128 2084 2614 1934
2814 3037 3132 2402
1018 1151 1337 3114
3674 2627 1732 1997
2381 1830 2887 4016
2614 1492 2449 1934
1678 1671 3621 3299
4266 39 3005 3039
2031 2336 3069 2801
4118 4318 2250 1681
147 897 747 4346
1395 1410 3269 2057
2649 4164 3109 2881
422 421 4108 2934
2146 2483 2211 1815
512 514 2769 3591
2218 3916 1804 3605
2322 2437 2617 2175
2161 2616 4140 1838
2024 3959 3774 3670
478 474 3568 4290
4015 1749 2008 3219
284 128 2857 3148
1361 208 628 2411
1743 3180 2141 3794
3597 1932 2799 3696
1792 3022 3473 3530
2988 1853 2219 2908
2446 2496 1683 2592
3842 2366 2796 4119
2537 3721 2771 2450
3530 2739 1853 2908
1782 2636 4192 3517
1999 3675 3718 2155
2507 1938 3326 3797
3674 3757 2144 3473
3823 3051 3487 2291
3291 3238 2193 3475
2128 545 4388 4044
3490 3458 3435 1837
2212 3046 1843 4087
1938 2232 3457 3797
3950 3470 1977 2209
2118 1419 3658 3722
3531 2935 2965 1868
2385 2844 3693 3680
4376 3326 2513 3163
2548 3368 2194 1907
1139 605 1193 3043
3701 2309 2110 2195
3511 2461 2334 3101
1890 3146 2106 4208
1894 2926 3278 3886
3504 4283 2086 2354
368 136 4351 1844
925 289 1254 3202
1693 1997 2254 2766
2400 3575 1691 3375
4163 1756 2359 3420
163 1154 2219 2091
660 162 2219 2977
2926 3974 3198 3874
3381 2219 4089 2864
3210 3950 1977 2174
3424 1826 1981 2281
3920 4351 1844 2993
4128 2084 2981 2614
1450 1772 1986 2108
1010 1039 139 1816
2771 2848 2776 1786
2043 2987 2768 2690
2362 2933 4281 1707
2480 3189 4103 2505
1852 3756 4150 2704
2154 3742 1735 2447
1508 1492 1512 2449
2410 4250 3380 2978
2848 3076 3373 1786
2545 2333 1804 3605
1763 3473 3530 2908
1347 12 706 4251
2627 2683 1805 3847
342 140 2569 1927
789 788 1894 2678
2981 3628 4357 2614
1105 3121 2114 3005
3503 3069 2727 2426
1026 847 848 3320
889 215 216 3926
3066 2318 4334 2615
3041 2381 2887 2082
1175 403 477 4290
209 208 210 4347
539 889 216 3926
2360 3724 3557 1845
1895 2665 1730 3087
2202 1722 4189 1834
188 846 1873 3620
2961 3548 2330 3740
3281 4344 3460 2298
2056 2330 2176 4333
200 202 2246 2910
1398 1517 1497 2273
3050 4051 1771 2319
1988 3513 2201 3193
691 387 4117 3864
3618 1899 2364 4181
2853 652 4213 1832
942 954 1177 2786
4216 2898 1705 3712
1999 4090 2839 3208
508 74 1976 3359
4182 1920 3106 1765
2714 2247 3623 3278
2573 693 3407 3911
2340 3898 3891 3423
1673 3392 3735 3116
251 1302 744 2407
654 729 2716 2352
463 161 2864 3222
3098 4229 1769 2207
1830 3259 2251 3198
2569 2490 3473 2908
3807 3301 2003 2542
1996 2915 2768 1701
2146 2504 3514 2893
3933 3339 3712 4048
3367 2240 3900 3528
2050 3436 2093 3329
3010 2423 4126 2336
3997 3342 3295 4056
418 420 1124 2853
213 888 2353 3257
1669 1598 1566 1993
101 4299 1809 2910
1643 1572 4041 1747
3422 1872 3687 2436
3041 2381 4322 2107
278 529 259 3291
4132 3495 3922 2013
3348 3958 1820 2053
2982 2838 1678 3621
4388 2128 1758 3778
3570 1885 3950 1826
838 899 1052 3456
656 509 1358 3533
339 340 2569 4194
2203 3065 3552 1998
759 416 842 2973
421 1043 2575 2934
3165 170 2095 3862
1715 3666 2845 4270
2904 3099 3559 3357
508 1976 2735 3359
3279 3852 1964 2661
4132 3512 1973 2023
3944 1898 2213 3137
925 288 2955 4211
2719 3840 2242 1735
2854 1717 3531 4315
2255 3237 3993 3571
4042 2069 2511 1911
620 618 212 3048
442 445 2654 3761
3238 2610 3291 2193
2654 181 3602 3609
2962 1688 3378 2120
1426 1464 1881 2979
2847 594 4256 2615
728 4109 2894 2104
2068 1973 2223 3516
1760 3180 1823 2617
1527 1424 1456 2114
16 1487 928 3019
1136 790 961 3594
3572 3724 3441 2716
2135 3781 1828 1866
1896 2896 2121 4239
1534 1599 1533 1937
1630 1600 1534 2481
832 659 1933 2858
174 750 4162 2036
4334 2318 2847 2615
1408 1403 3645 2730
124 972 3405 3882
3782 2521 2751 3893
3701 1966 2687 4297
2549 2868 3954 3149
1456 1454 1438 2114
173 171 2925 3778
1492 1438 1512 2449
316 3088 2843 1729
508 787 74 3359
2788 1733 4382 3788
2183 4146 1965 2753
3307 1704 2255 1921
2192 1803 2663 3398
1106 1105 2136 3121
3377 3408 3363 2171
85 1089 2300 3918
1141 4248 2324 1900
2038 3445 2495 1773
1390 1092 1507 4171
2019 3476 2466 3260
2831 2553 2010 3544
152 2933 3629 4352
3762 2802 1707 3371
2588 2868 3149 3021
256 462 310 4008
2343 2782 2161 2720
2619 3049 3031 3413
3654 626 1768 2316
1910 1691 3905 2747
1410 3971 2057 2538
2453 2424 4094 3657
3528 2240 4230 2392
2314 2255 2411 2162
3999 3126 1972 2363
2441 4331 4099 2291
3817 2247 3278 2370
1340 3013 3109 2912
1660 1555 2502 3161
2778 3328 2316 1800
166 165 164 2556
259 529 260 3291
388 1169 1108 4117
1353 3629 2847 3587
1423 2140 2534 2495
4133 3449 1823 4240
4296 4254 2379 1813
319 320 316 2843
2409 4003 3839 1675
2056 2277 2330 4333
57 58 2419 3894
749 94 3422 1872
2571 1746 2197 2423
3057 3374 2383 2196
3062 1465 2455 4262
316 320 3088 1729
2284 4042 1889 4234
1740 2499 1855 3855
3156 1831 3993 2940
2537 2771 2776 2450
2295 2721 2135 4146
3490 4121 2821 3530
206 74 787 3359
2770 605 3354 3043
3575 1875 1736 3375
1803 3118 2663 3273
3049 4193 2046 4111
1773 113 4329 4077
801 773 1314 3518
3954 2868 3087 3149
981 469 2706 3547
156 1770 2833 2958
2373 1933 2858 3964
2548 2381 3368 1907
1014 633 1340 3743
1425 1514 1427 2631
3637 2859 3834 2195
440 441 439 4127
328 180 3220 2968
2414 4280 1955 2845
99 3151 2208 3972
1872 4022 2823 2822
4143 2158 3177 2226
1109 1197 1981 2281
319 525 2848 3373
2755 2939 1964 2661
1927 4376 1880 2513
4226 1712 2302 2288
2175 4197 3678 3493
1823 4068 3027 4284
4385 1804 3714 2392
2757 4186 2119 3143
3896 2654 1716 3761
1759 3072 3712 3580
2036 3298 2185 4216
3940 4241 3349 4146
3365 1792 1872 2856
4222 1686 2505 2272
2868 2588 3344 2733
4059 4027 3285 3010
356 829 1703 4071
1513 1484 1466 2339
21 22 1613 4052
1135 314 3140 1910
3640 2146 3514 2893
3017 3834 3537 2443
32 34 1665 2984
3108 2994 1921 2314
2400 3543 3955 3480
311 314 3586 2585
3376 2064 3427 4016
48 1295 1828 3290
740 577 1152 2262
173 171 752 2925
2456 2097 3624 4086
4003 2998 4152 3372
3640 2282 4189 2750
155 156 157 3738
3585 2087 2541 3487
405 984 4027 3456
2127 3464 3426 2321
403 1025 477 4290
2414 2137 4262 1955
2853 3281 1812 3599
2825 3214 4325 3690
691 538 3864 4256
4342 2692 4050 2923
1324 1151 957 2866
1951 2089 3613 1924
2835 2757 4186 2119
2047 2611 4000 3903
4115 2888 2482 1678
402 182 401 3695
2690 2257 2343 2484
3716 2396 3015 3185
1876 1953 2206 4202
551 550 323 1879
656 508 509 3533
1639 1597 2563 3710
4141 2220 3401 2667
1178 631 4028 2976
3106 4182 3377 2171
1761 2366 2874 3138
2245 3236 2243 3064
1951 2489 3663 3667
2574 2534 2892 3287
167 2573 3407 2689
583 1035 3351 2792
2154 2059 2447 2443
525 578 3619 2776
2849 3776 4210 4100
1334 864 2043 2257
2549 3733 1922 4324
4216 2898 1945 3191
588 589 1960 4331
1248 114 1773 4329
182 970 1003 3324
3062 453 2137 2455
794 1035 582 2792
545 1187 81 4053
1424 1105 3121 2114
95 94 96 2823
3366 2935 2110 2195
2450 2242 1786 2447
3207 1827 2286 3709
832 833 834 2858
3379 2562 2051 2433
820 565 650 3899
3024 1856 2227 2077
3742 3664 2653 2662
3597 2867 3446 1741
1395 1411 2057 1957
444 835 2697 3860
3367 2882 2468 3605
1979 3470 1885 3979
1699 3163 3797 2839
3268 3498 2863 3890
1132 3486 2951 2927
284 2857 4017 3148
1938 3979 3950 2209
3380 2213 3243 3948
4005 1797 2736 3966
3302 2782 2535 3720
3483 3229 2123 2760
2926 4277 3278 3874
332 905 331 2139
2367 3999 3003 3362
2934 2137 4369 2455
682 453 422 4369
1082 1423 1526 4066
1847 3251 2855 4270
2461 4090 2265 3101
2215 4303 2850 2598
339 140 135 1927
46 1138 3781 2135
1484 1043 2934 2906
2631 2414 4262 1955
1487 1463 1950 2679
15 3019 2815 2679
1358 187 656 3533
691 595 4256 2592
3181 4248 3060 2454
465 576 2922 1859
2660 2255 2162 3300
1685 4288 4252 4118
783 2042 4232 4265
486 464 1269 4089
681 595 2592 3587
2263 1885 3688 3979
4283 2359 3192 3420
1787 1927 2513 3163
4035 3485 2791 1836
2682 3585 2541 3823
1699 1938 3950 4075
1811 3752 2846 3403
1981 1109 2281 3656
1124 87 88 1941
3924 3251 1726 4270
1815 3199 1682 3337
3416 3481 2007 1910
2521 3674 2144 3174
300 1365 1846 3942
947 911 122 4031
1830 3099 1676 2887
3709 4142 4136 1693
2213 2086 2903 2290
387 2537 3864 3994
1019 1195 958 3775
1566 1598 1596 1993
1487 16 1387 3019
840 518 3165 1260
742 1252 3117 3338
1915 3721 3594 3994
1332 1194 3122 2092
2814 1718 3860 2349
763 126 1511 3312
1880 2373 4242 2664
2534 2892 2916 2795
3738 528 3288 2048
4186 2170 4059 2119
2614 2449 4322 1934
1206 991 2765 3223
1098 228 701 4271
3267 2085 2972 3367
1635 4341 2458 2460
1696 3796 2376 3500
3622 3275 1926 2643
3786 2642 3902 2172
2680 4049 4386 3030
702 219 1339 3960
1715 2892 3666 3445
1677 3314 1961 3655
3688 1699 2513 3163
1252 3015 3185 3338
3564 2407 2956 2142
3512 590 3272 4221
2268 3474 1682 3839
3592 2111 1732 3252
4349 2315 3790 3027
2512 3574 3894 2522
56 598 184 3894
3057 4002 2596 4372
1220 3478 3922 3516
3901 2613 1676 3686
1027 634 1232 3320
1729 3974 4269 3807
2461 2265 3154 3557
1683 1929 2452 2847
3293 1453 3660 2495
2202 3480 3402 2596
3675 3097 3718 2155
1211 1093 89 4171
582 1135 3140 1910
1832 1929 2318 2847
4275 1778 2210 2530
3877 2484 1701 1902
359 358 3802 2579
1413 1432 2118 3658
3681 1974 2573 2041
4036 1912 3117 3338
3629 2632 2847 3587
1727 2524 3104 3436
4161 2122 2652 4045
2334 2360 3724 3557
3366 3637 3834 2195
3118 3665 4348 2331
2470 4144 2517 2054
1452 1495 2795 4267
1391 1506 1393 4304
3629 151 4352 2632
1484 1046 1420 2934
1946 2435 2943 1685
3685 1582 2227 3074
759 1165 347 3412
3325 2749 3164 4020
1391 1392 1479 3465
3851 3833 3975 1864
2043 3608 3201 2229
2653 3742 1903 2447
251 918 2407 2699
3386 2035 1978 1924
2808 2552 3696 2900
3768 4034 2241 2426
1813 3155 3209 2131
950 1669 1993 3996
4228 1830 2613 3874
1036 1995 1923 2556
71 509 508 1976
745 4080 2342 3319
1826 3424 1981 2632
3129 4272 2660 1859
3444 1996 2987 2720
3553 3505 1902 4358
2236 2772 3199 2422
1324 250 887 2866
1500 1467 4113 2979
4133 3214 2076 2157
4068 4212 1840 3275
531 1351 1846 4289
1576 1575 3245 2258
306 1356 530 4305
992 741 3015 3185
4144 144 2517 3388
429 1377 3752 3403
2862 3357 1721 1949
138 137 1240 4157
849 833 78 2396
2350 1727 4046 2688
2362 4352 2718 4281
142 144 143 2073
140 1010 139 1927
850 833 2396 3015
2047 2854 3897 2554
326 510 394 4039
2946 3949 4204 3294
3025 1893 2329 2048
4133 1823 2259 2386
1672 1760 3803 2519
212 923 620 3048
2961 2056 2330 2176
1915 3926 3066 2615
2099 4378 3020 2458
768 624 451 2878
1155 333 1338 2535
2931 2952 2032 3226
597 150 2847 3587
2315 2519 3880 1840
1366 894 3571 2940
1756 2031 3069 1958
1778 2975 2210 2530
3051 2565 4097 2682
1971 4042 3818 2515
1186 2968 3825 3059
2632 1981 2592 3587
2148 2921 2441 1730
4305 1819 3868 2527
3470 2235 3570 3210
1467 1518 1431 2979
2306 1749 3219 2641
3097 3208 1844 2993
1751 1674 1942 2014
661 1171 2779 2990
2782 2616 2535 4079
4161 3481 3575 2007
1717 2554 3783 2507
1266 857 858 3459
3368 2381 2887 4016
3904 3603 2512 1800
2084 4128 3039 1934
3298 2091 3933 2347
186 895 3625 3984
387 2537 4117 3864
1605 1604 1603 2053
1397 1466 1500 2339
88 731 2147 1941
2315 3206 2005 3678
1165 345 3264 3412
2380 2488 3815 3047
1034 580 389 2537
1656 1568 1604 2297
2599 364 3194 3870
3751 2575 1812 2339
2816 2922 1819 3467
1001 46 47 1828
151 152 3629 4352
4225 4140 4177 1893
2182 4385 3528 3605
1976 74 2520 3359
1370 1020 1207 4380
607 2148 2841 4290
54 3380 2978 3243
395 1217 2252 3521
657 658 1948 3937
1746 4040 2571 2197
615 1093 4171 4181
1929 2791 2318 2847
3414 1728 3315 1926
1121 796 736 3491
923 792 1191 2784
3666 4182 3287 3450
1113 1194 3122 2474
3947 1743 2825 2694
3463 974 3882 2395
1176 882 3365 2152
2619 3049 2046 3031
2960 2595 1720 2991
4092 4228 2247 3278
2467 3378 2120 3969
4143 3177 2620 3397
1306 1319 2654 3609
1101 1283 99 3972
3046 2212 3525 4087
2921 2420 2441 2291
4022 3022 3084 3749
1411 1436 2538 1957
1438 1454 1433 1814
963 964 317 2222
360 3553 3505 4069
3297 4213 1929 1832
3120 2084 2981 1869
1152 711 3202 2262
3286 3658 2082 2691
3041 2613 3686 2082
2876 3088 4269 3980
1438 1433 1437 1814
2364 1454 2114 1814
2613 1676 3686 2082
1492 1494 2449 1934
4197 2200 3678 3493
870 2208 3813 3972
547 856 274 3746
4186 2757 4124 3143
525 2848 3373 3619
3183 2226 4094 1739
2441 4099 2693 2291
424 2561 2487 3596
4285 2215 2850 1940
2992 2921 2148 1730
2841 2441 2693 1730
2888 3531 2482 1678
1456 4266 3005 1934
4116 2499 1721 3836
3126 3931 3258 4223
2926 4228 4277 3874
341 162 2977 1844
3275 3409 1926 2643
2168 3278 2370 2364
2089 3271 3613 1978
2568 2130 2931 2511
3370 4364 3208 3718
389 746 1689 2537
2055 4268 3622 3854
2839 3208 1913 4082
2757 4124 3414 2359
1177 2786 3437 3769
1469 414 1501 3510
1914 4074 3170 2196
3051 3322 3745 2291
3401 3186 2667 3128
257 211 258 3257
971 1099 4082 2977
1763 2569 3174 3473
162 368 1099 2977
134 135 137 1787
3169 2746 3745 3799
3749 4022 3847 2856
180 1186 527 2404
1945 4216 3712 3580
2257 1012 3615 2279
1749 2306 3000 2641
4092 2738 3599 2370
539 1247 3926 2615
3625 1858 3984 2980
1231 1375 664 2510
2738 4092 2247 2370
4375 1873 1858 3352
3224 3393 1970 3307
1915 2016 4334 2615
2217 4003 2125 2874
2521 3674 3174 3473
4212 1672 2519 3601
3985 2842 2801 1824
1824 3768 2200 3854
1267 3381 2219 4089
1169 1109 1108 1981
594 538 595 4256
370 902 3097 3675
4313 2761 3227 1706
4217 1699 2446 2174
4090 3920 2839 3208
3457 2232 2606 3797
2766 4136 3856 3326
2569 2490 3669 3174
4136 2766 2507 3326
1676 3686 2082 3034
97 98 2739 2823
2098 3725 3813 3972
2031 1231 2510 3865
2981 3120 1869 3008
2414 1920 1712 3178
1467 1426 1518 2979
1525 3658 3286 2691
731 2738 2147 1941
1976 3267 4301 2576
2327 2101 3433 2145
2440 3640 1834 2529
2913 2025 3539 2801
1784 4151 2904 3549
4352 149 3424 2632
2118 3041 3686 2082
3301 1310 2204 2222
579 580 1034 2771
3835 3492 2062 2658
2719 1918 2242 2450
1211 1507 4171 2445
731 89 1899 1941
1136 579 3994 1729
2714 2247 3278 2364
3742 2154 2059 2447
1180 2876 2136 3792
2168 2136 3121 3489
578 2848 2771 1729
1190 1106 238 2136
3066 4277 2370 2678
2247 4092 3278 2370
1507 1211 2906 2445
2370 2147 2678 3489
320 2843 2848 1729
1484 2934 2705 2339
578 320 2848 1729
2876 961 1894 3088
3281 3297 2736 4344
3768 4034 2055 3854
2860 2601 3074 2228
3768 2241 2200 3134
2170 2666 2827 2760
3078 1693 2254 3783
3147 3701 2110 2235
61 1381 852 1810
3017 3531 4315 2935
852 1381 854 1810
2935 4315 2110 1868
1966 2183 3349 2954
4295 3254 2903 2179
4297 2611 3845 3600
1328 319 318 2843
3155 1813 2750 2131
4128 2173 3039 3980
4142 4136 2507 3979
3721 3974 2771 2242
318 319 316 2843
3301 2003 3628 2222
180 2404 3220 2968
3747 3276 2083 1892
4357 2614 4322 1934
696 458 963 2981
2173 2222 2542 3980
1977 3366 1918 2154
3974 3198 2107 3427
1561 1574 2258 1908
3218 3036 2987 2157
3768 2567 4283 2426
379 1170 1154 1853
1200 729 2905 3261
4384 1764 3614 2228
1099 3097 4082 2977
3629 2933 1929 2452
3711 2252 2165 2497
2085 71 3267 1976
4346 747 1845 2716
3795 2461 1781 2443
1140 2413 4044 4053
2247 2273 2714 2289
2839 3370 3208 4082
485 176 3298 2027
899 3841 3456 3285
1443 1519 1946 1957
2801 2835 4034 1824
1894 2168 2370 3489
1899 2738 3817 2370
4260 4133 2694 2201
547 1216 188 3755
4326 2358 3406 4265
3734 3703 2999 3853
3782 3674 1732 1997
1467 1431 1517 2979
3259 4226 2302 2094
1915 2926 4277 3594
290 1186 3825 3059
4107 2532 3018 1886
826 82 83 2413
2313 3020 2458 2311
3017 2859 2935 3834
2575 1812 2339 1941
3798 2055 2567 1926
3985 2525 2761 2241
2246 4327 3171 2510
2890 4029 2793 3771
3095 3224 3911 3307
3784 2373 2263 2513
3186 2667 3197 3282
4276 3212 2028 3638
3853 2340 3891 1808
3628 2981 4357 2222
2183 2624 3349 4146
3004 4005 2870 3966
3701 2309 2195 2687
596 1832 3766 2615
1891 2965 2608 4379
2631 1881 2414 4159
1938 2507 3979 2209
2624 3371 4355 4146
934 417 3297 2736
2413 3764 4309 2486
1820 3708 2767 1863
2229 3764 3615 4309
1818 2832 1987 2505
1770 546 2486 4044
4130 3777 2625 2590
3690 1831 4260 2201
4293 3749 3847 2856
3744 3842 3023 2065
1704 3690 2694 3193
3834 3366 2110 3537
140 139 138 1927
96 869 868 1792
3013 3320 1864 2035
2323 2912 1864 2035
974 973 3882 2395
2609 2323 2001 1978
2073 143 3691 4335
223 446 447 3819
2838 2797 1788 1678
833 834 2858 3716
2297 4303 4275 2530
1606 1569 2337 2502
1433 1454 2714 1814
4241 2884 2657 3930
3674 2766 3856 2144
1881 2705 3751 3988
851 854 834 3716
4228 4092 4277 3278
3869 3573 3147 3570
1712 3988 1812 2289
3600 2687 4379 4343
2593 4092 4228 2613
2933 2362 3247 1707
2719 3721 2016 1683
2611 2256 3845 3903
2791 3978 2298 2318
178 1262 2520 3422
3036 3218 3214 2157
2042 1745 4326 2358
1625 522 130 3973
399 400 398 2735
1109 670 2281 3656
2458 4378 2685 2460
161 1267 2219 4089
1913 3381 4272 2864
3797 3757 1763 3174
3974 3376 3807 3427
2536 2186 2902 1850
2015 3796 2451 3647
1868 2110 2209 3537
96 3365 1792 2823
2232 1938 2507 3797
2554 2254 3783 2507
1154 207 379 1853
180 527 1350 3373
2263 3964 1979 4136
4184 106 4046 3737
3757 4121 3490 3530
396 1063 560 2344
2789 1999 3572 1845
2490 2521 3669 3473
1197 681 1109 1981
1353 150 151 2632
2657 2414 4159 3178
1209 596 597 2847
2527 3826 3214 3467
2309 3637 3366 2195
2232 3070 2425 2507
2001 3111 3912 2249
3163 3797 1763 3174
3070 2254 2425 2507
1936 3145 4226 2954
3022 4121 3473 3530
2088 1735 2439 2717
2382 2790 2360 3557
320 1136 316 3088
2968 3609 2669 3217
1906 1848 2231 3613
2609 2323 3386 2035
938 937 643 1742
2307 3171 2779 2990
1997 3674 2766 3856
1170 379 378 2739
1251 606 604 3338
378 379 97 2739
2844 4367 1994 3680
979 2959 2526 1818
2396 2286 3961 1821
1169 896 3656 1689
1163 852 3910 2754
1160 77 78 1827
2034 610 3071 4046
4147 1828 3930 1955
3004 1797 3966 2657
1868 4142 3897 1979
4344 4035 3460 2298
166 3625 1995 2556
2313 4218 1783 2684
2496 4217 2446 1918
1139 3781 3043 4018
3625 895 3652 3984
3444 3809 1690 4105
2810 4170 2581 2638
3966 3004 2657 3930
2921 2441 1730 2291
2541 2767 1737 3487
3924 4147 4077 1866
1880 4376 2263 2513
125 644 701 1948
2365 3431 3275 4106
3626 1561 2258 1908
595 681 150 3587
633 1340 3743 3386
1672 4212 2365 2216
1628 1627 1536 3881
2588 2549 2733 4324
3935 4006 1948 2570
1314 513 801 3518
3684 3073 2005 4155
649 640 3317 4236
2002 4188 3499 2949
1484 1513 2906 2339
1714 1736 1843 3418
2494 3021 2423 2760
3743 3383 3284 3386
3582 3078 1997 3844
3846 1687 2713 1939
2110 2235 3470 3210
1216 188 3755 3620
535 4160 3482 2698
3214 1759 4325 1760
3573 2178 2235 1885
3721 2926 2016 3594
1887 4300 2974 2555
2550 975 2395 4196
2065 4119 3765 2009
3490 2606 3435 2425
3301 2173 2222 2542
38 1472 39 3005
1823 2386 4240 2432
4269 3301 3807 2542
3088 2876 2173 3980
4241 2884 2855 4257
2884 2295 2135 1866
3503 3171 2761 1741
2884 2920 4355 3485
1678 3454 3299 2623
3091 3898 2340 3423
2575 3281 3751 1812
2116 2609 2001 3548
1970 1704 3193 3571
2657 1797 3460 4159
1728 2022 3763 2264
3281 3297 4344 2298
4249 3742 3542 3664
1025 403 224 2494
2312 2504 1959 2211
490 633 492 3743
4275 2541 1820 3823
1040 1194 1162 3122
1671 2982 1678 3621
2511 4145 2371 1815
4092 3978 2593 4228
3399 1416 2829 1765
23 1389 24 2139
2154 3834 3742 2059
1705 3933 4274 2347
3709 1693 2645 2389
1301 868 1038 2221
1938 1699 3688 3797
3662 1188 2492 2970
3907 1423 2495 4066
3688 1699 3163 3797
3621 1751 3499 2475
378 97 98 2739
2627 2683 2819 1805
4001 2808 2354 1932
1306 3747 2388 1975
1526 1453 1473 3293
4096 1790 1762 3849
3127 1851 3931 4070
4008 2589 1943 4332
4368 2170 2119 2827
333 1338 2535 3720
3301 2173 2542 3980
1419 1525 3658 3286
1456 3005 3792 1934
1060 4128 2173 3039
2381 2548 4322 2107
3457 3797 1763 2839
3656 369 2993 4346
3212 3158 3638 4015
2600 2016 1683 4334
149 681 1981 2632
681 1108 1109 1981
595 594 2592 3587
1318 1250 3133 2921
2783 3962 3119 3981
2008 1749 3468 4186
1096 947 1097 4031
2128 2997 3404 1758
2490 1792 3674 3473
2240 2085 3900 1945
3435 3457 1837 3370
740 1330 304 2162
3129 3176 3336 2660
655 525 3619 2776
3076 1328 2843 2848
3201 2768 4260 2201
3930 2657 4280 3178
1268 1234 505 3670
3826 3136 3214 3690
3065 1690 4191 2157
1363 913 2185 1695
3036 3201 2987 2157
2043 3201 2987 2229
2560 3553 4134 2271
603 1055 1684 3405
900 1052 3841 3462
1058 1114 3729 3984
1654 1578 1579 2684
2824 1694 2384 2953
2485 2520 2036 3191
405 1230 4027 3010
4113 1500 2979 2339
3081 996 2618 2430
2251 2428 1784 3559
485 3298 2091 2673
3844 4121 2607 2425
4142 2047 2554 1693
3744 2476 4106 2117
3251 1726 1965 1866
2906 2575 2339 1941
1426 1415 1518 2294
4277 2168 3278 2370
3485 2791 1836 2094
1812 2273 4092 2289
41 428 2205 3403
1464 1420 1465 2455
3751 1797 2414 4159
2544 4023 3650 3722
2118 2247 2714 2289
100 872 3151 2067
1763 2219 2977 4194
3259 2791 2593 2094
3977 4035 4344 2298
1295 1828 3290 2878
854 59 1842 1810
3370 4364 2839 3208
1124 88 2853 1941
87 420 1043 2906
3436 2093 2307 2781
3171 2761 3227 2781
1683 2452 2632 2847
2028 3084 2189 3158
898 901 1100 3725
3410 4024 2960 2758
2719 2251 2016 3198
2016 1683 3066 2318
2446 2496 1918 1683
1981 1169 3656 4117
417 3281 3297 2736
3844 1723 2189 3040
1763 2977 1844 4194
2992 2420 2921 1730
3281 1797 2836 3751
3086 1356 1755 2557
2004 2849 3578 2659
2069 4042 1971 2515
165 166 1995 2556
934 2399 4085 2736
2412 2656 2045 3477
160 660 2219 2908
2957 2192 1884 3282
2399 3977 3347 4344
182 59 60 3762
2751 3782 3523 3856
4266 2084 3039 1934
2412 2656 1957 1685
1426 1881 2631 2294
3529 4129 2056 2770
451 928 4026 3384
2137 4108 2934 4369
741 1252 3015 3117
4201 4151 3152 1679
141 592 1880 2664
3762 182 3324 2802
3120 1508 3056 2614
2602 2915 2768 4191
3208 2839 2977 1844
1694 3221 2918 2384
154 156 155 2958
2254 1717 3783 2507
2159 4040 2571 2494
3357 4319 1725 1949
2510 3171 1958 2932
136 4351 3920 2281
670 369 4351 3656
3573 1842 4237 1707
135 1273 1927 1787
2994 3681 2041 3202
369 897 2993 4346
1517 1431 1432 2289
1431 1518 1413 2289
1205 143 12 4335
2624 1966 3701 2235
3974 4269 3807 2542
4082 1913 2864 2977
2016 3066 4334 2615
1419 2118 3658 3650
3366 2712 2110 3210
4188 3621 3499 2949
387 1034 389 2537
2373 3784 2263 1885
2118 1413 3658 3650
1415 1416 1414 3399
3703 2566 3901 3106
4226 1936 1712 2288
2789 4351 3805 3920
3470 2235 1979 1885
4025 4172 2983 2331
4022 2821 2398 3749
3974 3721 2926 2016
4351 3805 2281 3656
1763 2988 2219 2908
1169 670 1109 3656
2691 3395 3971 2538
3974 3721 2016 2242
2173 4357 2222 3980
688 687 689 2204
1412 1435 2691 2538
2114 1456 3792 1934
3005 4266 3039 1934
1752 3056 2614 3008
2114 3792 1814 1934
3840 3559 3427 3558
2876 3792 3039 3980
2862 3357 4319 1725
3511 1918 2334 2443
2719 1918 2154 1735
1437 1525 1435 2691
963 317 4128 2222
3623 2714 3278 1814
3041 2381 3623 4322
3041 3623 3278 2107
4269 2542 3886 3980
1857 3376 4207 2717
1681 1740 3471 2499
1456 1438 1494 1934
3840 2719 2154 1735
3278 2926 3874 2107
3988 3751 1812 2339
2791 1683 2318 4334
339 1273 341 4194
2839 1763 1913 1844
2537 1034 2771 3994
3435 1743 2621 2141
4272 3176 3129 2660
747 147 3675 1845
3705 1925 3687 2576
3366 3637 1784 4249
537 790 1034 3994
3757 3674 3022 3473
2246 4313 3171 1713
4113 4286 2445 2339
2095 3825 2239 3261
340 378 2490 2908
2204 2003 2222 2756
1699 3805 1787 2281
687 1328 3076 3373
340 660 2908 4194
136 670 4351 2281
370 897 3675 2993
368 1099 2977 1844
1735 3742 2439 2447
713 971 4082 3112
3108 2573 2689 3307
1826 3805 1981 2281
2955 3168 2041 2865
2607 3490 3435 2425
3186 2232 2667 2265
1464 1426 1467 2979
3099 1830 1676 3559
2887 2064 3806 1907
2116 2609 1888 2001
1712 3978 4159 3178
2111 3782 1997 1693
1929 3231 1683 2452
1397 1500 4113 2339
1211 89 2906 2445
1787 3805 1826 2281
214 1899 3121 3489
1763 2569 3473 2908
594 597 2847 3587
579 2771 3994 1729
1929 3629 2452 2632
2751 4013 3893 2092
178 2520 3359 3422
1734 2590 4088 3223
633 1198 492 3743
3281 417 2836 2736
357 1282 440 4127
2723 3743 3767 4312
1039 1040 3893 3122
2802 4085 2920 3966
1194 1038 1113 3122
3281 2575 2853 1812
2399 934 3297 2736
1848 1674 1751 2014
4085 2399 2802 3347
851 854 3716 3910
2277 482 2056 4387
1422 1416 1522 1765
4036 3185 2243 3064
3658 1437 1814 2691
1797 2657 2414 4159
1105 953 2136 3005
1830 2107 3427 4016
252 218 1774 3119
2502 2879 3304 1711
3731 3725 2098 2491
3910 1810 3185 2754
1717 2854 1678 2475
2625 1742 3789 2670
377 2945 2260 3992
1404 1403 2730 3091
2156 2407 2079 3098
1090 1006 2869 3804
3831 3859 3461 2587
2217 2998 2488 2728
1116 218 192 3190
3147 3869 3570 3210
4261 3231 2428 1683
4121 2606 3490 2425
149 1197 3424 1981
2110 3701 2687 4297
3206 2306 4155 3638
4201 3145 2309 1784
2721 2295 3371 4146
3751 3988 1812 4159
2251 2428 2094 1784
2385 2626 3772 1798
2955 2239 2360 3261
1801 2151 3736 2081
4065 2672 3484 2346
1496 1499 1505 1697
2947 2892 3666 3287
1055 639 2591 3405
2821 3490 3530 2988
229 4271 2550 3663
598 56 3574 3894
2385 3772 4095 1788
1645 1628 1570 2416
1952 2213 4291 3420
3822 3616 3560 3053
3068 1671 2552 2960
106 610 2034 4046
3745 2420 1730 2291
858 1460 1489 3459
490 4333 2397 4312
2971 3627 2409 1675
1478 1428 1479 4287
469 1264 976 2706
1772 4014 3141 1896
1013 810 1198 3698
1232 634 3889 3320
78 833 1933 2396
1194 1040 1038 3122
1198 633 1014 3743
1849 3597 1932 1741
2126 2788 4382 3788
2184 4377 3053 2881
1829 4006 3050 3789
1752 2003 1907 3477
3731 2098 2842 3539
2192 1803 2667 3128
2794 76 3133 2921
2105 657 1948 3937
1827 1933 3207 2286
1301 96 868 1792
94 95 3422 1872
3974 3807 2242 3427
1628 1645 1535 2416
938 1373 3551 3789
2672 4065 2405 3135
1090 1006 1018 2869
1621 3800 2416 1909
3218 3885 2895 2076
4308 3017 2551 2059
145 1203 2104 3691
1596 1576 1575 3245
2215 2167 3759 2502
404 4027 2494 2423
3076 2848 1729 2242
1548 2601 4203 1807
3189 2122 3651 2914
2764 3379 3843 2433
3229 3483 2666 2760
3747 2654 1750 3609
1159 4317 3297 1929
279 2526 3309 3596
175 750 174 2036
2821 3490 2988 2096
4326 2042 2358 4265
2955 3168 2095 2041
55 903 2197 3205
4164 2655 2649 3698
3301 3807 2003 3434
1995 3195 1923 2556
1007 760 45 3479
750 72 73 2036
4034 4268 2055 3854
2841 2148 1730 3087
262 1215 1898 2903
1358 187 3533 1858
695 696 719 2084
3553 1239 4134 3606
4182 3853 2947 1808
2536 1697 4047 3033
3940 4241 3485 1936
4250 2410 3380 3420
4284 2438 2476 4300
1875 3575 1736 2007
2353 3257 2378 3263
1962 3633 3634 4001
1792 2627 3847 2856
2627 1792 2221 2152
2915 1996 2238 1701
1189 912 3793 2972
3764 2199 3809 3679
2399 1276 3695 3247
43 819 3132 4179
1742 3050 3931 3258
905 1697 2139 3033
1258 222 1801 2214
2259 3513 2694 2201
4040 2261 3482 2745
2380 3079 2642 3852
3692 2858 1842 2664
4331 4132 4099 3487
4349 3676 2432 1762
1292 332 3808 3033
3091 3327 2187 3898
2743 3236 2938 1698
2867 3504 3446 1741
258 260 1036 3291
404 224 403 2494
3416 3586 1910 2274
1369 500 1526 4066
3694 2000 3468 2827
483 742 3117 3338
438 437 435 2300
1960 1249 3230 1737
395 394 1352 4354
4168 2337 4137 2630
3524 3265 3957 3823
1754 3082 2764 3263
1714 4245 1995 3195
726 1281 3253 3702
2976 2696 2223 4073
1817 3325 1931 3316
3297 1929 2298 1832
835 2697 3860 2349
212 213 923 2784
2445 1899 3817 3618
682 1001 3004 4005
1403 1409 3645 3598
2148 3229 3149 2123
2441 2693 1730 2291
1715 2534 3660 3907
2721 2135 1866 3043
1867 2238 1861 2383
3916 2400 1691 3375
720 719 4128 3039
3208 3920 1844 2993
1704 2957 2621 2660
634 633 3889 3386
2693 3585 3323 1730
983 605 481 4129
1027 847 1026 3320
143 142 2073 3691
1915 2600 3864 4256
247 248 1013 3698
983 116 4129 1726
1756 3093 2917 3205
846 856 188 1873
856 547 3755 2071
1434 2273 2714 2364
3382 2601 2860 2228
2068 2223 3509 3516
173 752 751 3001
2850 3265 3524 3823
4275 2850 2682 3823
2757 2119 3919 1746
3465 1392 2462 3921
2159 3149 2494 4290
3373 3076 2404 1786
3003 2164 3810 3007
705 2543 4196 3125
2564 2735 3705 4056
3557 3154 2865 1777
4231 3271 3563 2743
4235 1011 2490 3669
2946 3162 3839 2248
2085 2036 2185 1945
3768 4197 3798 1962
508 74 71 1976
2544 2999 3016 2829
3879 42 3132 2205
2868 3568 2188 3087
3469 3331 3077 1807
584 585 586 2038
3922 2841 2693 3087
623 624 3290 2815
1233 631 3654 4028
1707 3347 3869 2624
132 1117 117 3822
3021 4368 1746 2423
2693 2841 1730 3087
1014 1198 3743 3335
1013 945 810 2655
3111 1825 3912 2249
1496 1495 1389 4267
3662 3728 2804 3522
1534 1600 1599 1937
183 1146 1215 1898
4027 4059 2827 3010
2423 4368 2827 2760
1927 4376 2513 3163
3745 2420 2992 1730
1740 3471 2695 3369
1137 226 2798 2123
3808 809 3867 2787
4252 1681 2499 1855
1726 3251 3529 3740
1933 833 3716 2396
2597 3251 2805 3740
229 2550 2395 3663
2651 2415 1992 4320
2588 2166 2740 3021
1087 1501 3510 3241
29 1499 30 905
2419 2213 3380 3420
404 403 231 2571
1499 1498 30 905
1193 605 116 4129
1223 1222 1269 2027
2398 2821 3084 3749
3628 1752 2548 2614
1495 1452 1389 4267
722 1061 4279 2103
1657 2601 3469 3074
396 4012 2344 3773
2234 1745 2560 4134
586 2038 2338 2787
2916 1697 3033 2795
4160 4028 2696 2698
3265 2850 1820 3823
379 97 2739 2822
3051 3585 3487 2291
2047 1868 4142 3897
2324 2093 2779 3737
3271 1906 2231 3613
1726 3924 4329 4018
610 1315 2034 3873
4164 2649 3109 3698
1741 2867 2307 2990
733 734 1896 4239
2723 494 2338 2787
482 1219 4387 3767
3378 3196 2467 2120
2212 2190 3046 3525
404 4027 2423 3010
3667 2350 3758 2688
1161 77 1827 2067
2976 3654 2040 3455
4000 1674 3329 2350
3406 293 3334 2271
96 98 97 2823
1717 3070 4141 2667
3153 4196 3125 2688
3203 1745 4134 3606
336 977 3720 3334
2519 1672 2276 3880
184 1259 1145 2603
873 199 3105 1791
1957 1946 2296 3159
2042 2689 1970 3571
1856 2860 3024 2227
1389 23 24 1471
23 25 24 1471
3049 2416 3881 4193
2133 2280 2971 2061
4099 4331 3487 2291
1251 3354 2754 3338
4136 2263 3326 3979
3757 3674 1997 3022
2273 4286 4092 3817
3616 909 3560 3053
2417 3206 3880 1840
2536 2186 1850 2916
1835 1834 3209 2529
332 906 2139 3033
2122 2459 2652 4045
3624 2097 3454 3299
536 534 533 4160
2122 4161 2652 1854
4326 4265 2271 3606
592 2362 1880 3692
2366 3838 2264 2796
802 804 803 4126
2156 3800 2181 3671
3954 1973 2188 3344
3448 2045 1716 3102
1517 1398 4113 2273
1631 860 1265 4173
3136 1831 2527 3201
2284 2409 1911 3461
1683 3066 2318 4334
1693 2554 2254 3783
2771 3721 3594 1729
379 2739 1853 2822
1146 262 1215 1898
3792 1894 3886 3980
128 3312 2857 3148
902 712 713 3097
53 52 54 4250
1250 607 225 2148
1113 1038 2221 3122
705 704 2543 3058
1890 1075 3841 2394
4250 2410 1746 2745
367 814 3380 2917
25 24 1471 1081
2665 2549 3954 3087
1895 2992 2148 1730
1122 3959 1755 2557
2828 2677 2659 3343
3192 1756 3093 2917
2419 2410 2978 4060
2901 2313 4139 2685
3021 4040 2571 2423
107 105 1236 3058
231 406 404 2571
4186 3468 4059 2827
557 559 2394 3295
1878 3997 3295 3773
54 814 53 4250
1133 1073 585 4387
1451 4233 3660 3907
117 132 3822 4339
140 339 2569 1927
1294 190 2721 2135
1173 260 529 3291
4289 1846 2185 2027
78 833 832 1933
4323 694 1897 3911
1119 4108 2836 4005
872 1360 871 3151
3293 1387 3019 2679
4074 2748 3170 2431
3552 3374 2238 2383
1861 2310 4074 2383
3333 1710 3094 1865
2432 3683 3100 4096
1785 3831 3730 2418
1911 2268 1682 3839
2348 3644 1935 3593
1621 1535 2416 3250
4234 1785 3730 1769
2284 4234 1911 3340
1889 4042 3965 3340
1930 1889 3965 3340
2703 3162 3859 3461
3054 1874 3124 3546
1682 2703 3859 3461
4374 1954 2272 4370
3965 4042 1911 3340
3474 1682 3839 3170
265 921 4205 3642
2409 3162 1911 3461
1367 394 3827 4039
2919 3031 3884 1747
1833 1954 4374 1917
3049 3881 2619 4193
4042 2284 1911 3340
1833 3965 1911 3340
2163 2444 3562 2207
3077 2640 2444 3250
1917 3593 2060 2345
1571 1541 1610 3643
2834 349 2927 2267
3676 2386 2432 4096
1867 3552 2238 2383
755 756 1935 4010
1917 4374 4193 2046
4234 2284 1911 3461
2284 1785 2409 3461
1785 4234 3831 3461
1785 2284 4234 3461
3077 2444 3989 3250
3945 2048 3274 3094
411 460 408 3643
2 1610 3643 2800
3990 571 4178 2181
2416 3881 4193 2207
1883 4119 2512 1990
353 1132 3486 2951
3518 2769 1963 3591
677 886 2142 2818
394 1352 1702 4039
569 571 2481 2181
3831 3730 2418 2587
460 2 3643 2800
1769 3486 2060 2115
1166 756 353 2951
2762 2052 4149 3672
3123 1874 4038 2177
3730 1954 3340 1917
1954 1833 3340 1917
754 755 1281 2951
2996 467 2834 2267
408 410 3052 1747
2640 2444 4229 3098
2156 2079 4229 3098
411 756 843 2348
4149 3083 3672 1702
1833 1930 3340 3098
1937 2079 2640 3250
2444 2640 4229 3250
3800 2156 2079 3250
2416 1535 3989 3250
4193 2416 2207 3561
3094 3274 1865 4039
1889 1930 4209 3098
2416 3989 2163 3250
4193 2416 3561 1909
4354 4149 2834 2927
4193 1917 2046 4111
3002 352 2115 4165
3643 3644 4041 1747
755 1281 2951 4010
3881 2163 3262 4193
3262 2163 2619 4193
3881 3262 2619 4193
1874 2668 3124 3546
1917 4193 3593 4111
1166 675 843 1935
3672 2052 4356 3697
1710 2422 3672 3697
1572 1541 1570 3643
1090 467 3804 3785
1541 2 1610 3643
460 843 1 2800
744 2407 3990 2142
2285 3945 4356 3697
3644 3049 4041 3031
432 433 2487 2177
2163 3562 4193 2207
1893 2048 1710 3094
2 1541 460 3643
1769 1917 2207 3561
2487 3123 3915 4038
1785 2866 3114 4165
2416 4229 2207 3561
3340 1833 3098 1769
1833 3340 1917 1769
1150 887 2866 4165
755 756 771 1935
1541 407 460 3643
1935 1166 3486 2951
3730 1917 1769 2060
1644 1610 0 2800
3561 1917 3593 2060
676 675 352 2142
1537 1622 3413 3546
3561 2348 1935 3593
392 726 4354 3827
2481 3990 3310 2181
350 1337 3002 3785
3561 2348 3593 1909
353 352 3486 3002
411 843 460 2348
4234 1785 1769 2115
3564 1769 2142 2115
3915 1686 2594 2285
2418 3486 3002 2267
1281 392 754 2951
326 1367 1865 4039
3730 3486 2418 2060
2285 2052 4356 3253
2762 4149 3702 2927
2052 2418 2060 2587
3333 3945 2285 3697
2 1 1610 2800
3486 1132 3002 2267
3949 2703 2368 2431
460 411 2348 3643
3534 4173 3546 2919
432 434 3884 2508
2668 1537 3413 3546
3031 1874 3413 3546
3486 1785 3002 2115
2950 4038 2177 2508
3644 1935 3699 3052
2487 3123 4038 2177
4193 3049 3593 4111
2285 4038 2508 2744
2046 1874 3031 2950
1261 269 2252 2165
1935 3561 3593 2060
3234 3162 3831 2996
3800 1909 2181 3671
3700 3333 2422 3697
2046 3049 4111 3031
1935 756 2951 4010
1622 1623 4041 3546
1874 3054 3413 3546
3094 1865 1702 4039
756 843 2348 1935
1645 1621 2416 1909
1631 1623 4173 2919
3049 2416 4193 1909
1132 353 3486 3002
4193 3561 3593 1909
3049 4193 3593 1909
843 2348 4178 2800
1610 1 0 2800
2156 4178 2142 3671
1570 1541 1571 1909
1645 1570 1571 1909
1621 1645 1571 1909
571 3990 4178 2142
1 1644 0 2800
1 299 1644 2800
887 1151 2866 4165
4354 392 3827 2927
1739 4094 2124 3411
1769 3561 3671 2115
1572 1611 3643 1747
2418 2762 2927 2267
432 433 822 2744
67 1631 4173 2919
1610 1571 2800 2181
3561 1769 1935 2115
352 1166 353 3486
843 460 2348 2800
3702 2060 2951 4010
756 755 2951 4010
4111 3644 2345 3699
2326 2163 3562 2046
1572 3643 1909 4041
1570 1572 1909 4041
4356 4149 3827 3702
2996 3859 2762 3083
3534 2950 2177 3884
326 324 3274 1865
1281 3253 3702 4010
2165 271 3726 3888
2561 3945 2487 2285
2422 1954 1682 2587
2748 1914 4074 3170
1166 353 3486 2951
1874 3054 2046 3031
3094 3274 4039 2964
1686 3857 2594 2285
4149 3083 1702 2834
3831 2418 2762 2587
4225 1893 1710 3094
3827 726 3253 3702
2052 2422 3672 2587
1673 4127 1838 3726
2052 2762 4149 3702
4149 2762 3083 2834
392 726 3827 3702
467 1110 3804 2834
395 1110 1285 2834
771 756 411 3052
232 949 3506 2158
326 394 1367 4039
3274 326 1865 4039
2052 2422 2285 3697
3447 3497 2150 2472
3831 1954 3730 2587
3333 3915 2594 2285
949 777 3506 2158
4356 3827 3253 3702
4038 2487 2508 2744
932 270 268 4101
1928 2561 3915 2285
2748 2422 3859 2587
3859 2762 3083 2587
431 433 432 2177
3672 4149 1702 3827
2748 3859 2374 2587
3859 3083 3672 2587
4374 3562 4193 2046
1909 2800 2181 3671
1686 2272 4370 2046
1917 2060 4370 2345
3593 1935 2060 2345
1917 2046 4111 2345
2374 3859 3672 2587
2748 2374 3672 2587
2762 2052 3672 2587
4374 2326 3562 2046
2619 3049 4193 2046
2060 2052 4370 2345
3333 3700 1710 3697
3859 1682 3461 2587
3643 3644 1909 4041
513 801 3518 4054
3049 1646 4041 3413
3644 3593 4111 2345
1917 4370 2046 2345
357 359 3802 3888
1954 3730 2587 4370
3730 1954 1917 4370
2422 1954 2587 4370
2052 2422 2587 4370
3049 1570 1909 4041
1874 3123 3534 2177
299 1023 4178 2181
748 433 1376 2177
1572 1622 1623 4041
1874 3054 3031 3413
3562 2163 4193 2046
2163 2326 3262 2046
3262 2326 2619 2046
2163 3262 2619 2046
3644 3049 1909 4041
756 1166 1935 2951
2668 1537 3124 3413
1622 1646 1536 3413
1602 2668 4173 3546
3990 2407 3310 2142
1602 1537 2668 3546
1682 3474 3337 3956
1622 1537 1623 3546
1623 1631 4173 3546
2487 2177 2508 2744
755 771 434 4010
271 1982 2165 3726
2046 2345 4038 2950
327 510 4039 2964
2048 3945 3333 3094
1874 2046 4038 2950
3123 1874 1818 4038
1572 1623 1643 4041
3054 2046 3031 3413
4178 1023 2800 2181
1622 1572 1646 4041
1572 1570 1646 4041
3945 2487 2285 2744
2668 1874 2807 3546
3486 2418 3702 2927
3534 1344 2919 3884
3486 3702 2951 2927
3123 1376 3534 2177
326 327 510 4039
3505 1902 4358 2470
3054 3124 3413 3546
2950 2177 3884 2508
3520 2671 2472 2226
1537 1631 1623 3546
1602 1631 1537 3546
1572 3643 4041 1747
431 1376 433 2177
2345 4038 2950 2508
3546 3031 2950 2919
3534 3546 2950 2919
1623 4041 3546 2919
3915 3123 1818 4038
1686 3915 1818 4038
1874 3534 2950 2177
433 748 3123 2177
675 2348 1935 4178
1150 352 2115 2818
2348 4178 2800 3671
677 352 1150 2818
1088 66 1344 2919
1088 65 66 2919
1643 1623 65 2919
1623 1631 65 2919
66 65 67 2919
571 3990 2481 2181
65 1631 67 2919
1344 431 434 3884
1344 434 410 3884
431 432 434 3884
822 325 1865 2744
3644 2348 1935 3052
2508 2345 3253 4010
434 410 3884 3699
1935 771 4010 3699
2052 4149 3672 3702
3672 4149 4356 3702
1909 2348 2800 3671
2418 2052 2060 3702
434 2508 4010 3699
823 876 432 2508
2052 4356 3253 3702
393 392 4354 2927
876 434 432 2508
771 434 4010 3699
4356 1865 2744 3827
434 3884 2508 3699
298 1620 1644 2181
3949 3508 2368 4215
3274 327 4039 2964
510 1352 394 4039
1865 1367 3827 4039
2177 432 2508 2744
2052 2285 2345 3253
876 434 2508 4010
786 4366 2270 1901
324 326 325 1865
1285 1110 467 2834
327 326 3274 4039
2883 1673 3392 3735
271 3711 1982 4101
4111 2345 2950 3699
2620 2120 2438 3421
3392 3683 3421 3028
2372 4338 2383 2196
1304 325 822 2744
755 876 1281 4010
2060 2052 2345 3253
1367 394 726 3827
352 677 2115 2818
349 1285 2834 2927
395 4354 1702 2834
2060 2052 3253 3702
2744 4356 3827 3253
823 876 2508 3253
823 2508 2744 3253
4354 4149 1702 2834
2508 2285 2744 3253
2285 4356 2744 3253
1367 2744 3827 3253
1367 823 2744 3253
726 1367 3827 3253
3644 1935 3593 3699
886 2956 2142 2818
4361 2120 2278 1790
1281 876 823 3253
823 726 1281 3253
726 823 1367 3253
2052 3672 4356 3702
2762 2052 2587 3702
2418 2762 2587 3702
2052 2418 2587 3702
886 1150 887 2818
2418 2762 3702 2927
3702 392 2951 2927
771 410 3699 3052
1281 726 392 3702
3711 271 1982 2165
269 3711 2252 2165
392 754 2951 2927
1285 393 4354 2927
1785 3730 1769 2115
350 348 3002 2267
1935 1769 2060 2115
1132 350 3002 2267
1769 3730 3486 2115
349 1132 392 2927
393 349 392 2927
352 1166 3486 2115
754 392 1132 2927
393 1285 349 2927
1337 3114 4165 3785
2950 2345 2508 3699
3031 2950 3884 3699
3031 3644 2950 3699
3643 408 3052 1747
3644 3643 3052 1747
3546 3031 2919 1747
4041 3031 3546 1747
4041 3546 2919 1747
410 434 771 3699
1611 408 3643 1747
410 3699 3052 1747
1344 1088 2919 1747
3884 3031 3699 1747
410 3884 3699 1747
1344 2919 3884 1747
410 1344 3884 1747
1643 1088 409 1747
1611 409 408 1747
1088 410 408 1747
1572 1643 1611 1747
410 1088 1344 1747
1643 409 1611 1747
408 409 1088 1747
1166 675 1935 4178
2407 744 2956 2142
3486 1785 2418 3002
2866 1151 3114 4165
4172 2983 2331 3433
571 744 3990 2142
744 886 2956 2142
2156 3564 1769 2142
2142 1769 3671 2115
676 352 677 2142
744 676 677 2142
1023 675 676 4178
1023 676 571 4178
1644 1610 2800 2181
1571 3800 1909 2181
843 675 1023 4178
348 350 3002 3785
571 299 4178 2181
571 299 1023 4178
676 571 4178 2142
773 1314 3518 3400
266 2883 2470 1688
569 298 299 2181
569 299 571 2181
3310 3990 4178 3671
4178 3990 2181 3671
541 232 3506 2158
887 1150 2866 2818
359 511 2964 3521
2956 887 2866 2818
2226 2158 4094 3411
2175 4197 3493 3173
4125 1785 2115 4165
1337 350 348 3785
1018 1090 2869 3785
1337 348 1090 3785
2956 4125 2115 2818
2142 2956 2115 2818
1785 3234 2996 4098
1762 4340 3027 1799
351 352 350 3002
1337 351 350 3002
3002 1337 4165 3785
352 353 350 3002
3804 2869 3785 4098
353 1132 350 3002
886 887 2956 2818
677 1150 886 2818
2869 1090 3804 3785
4125 1785 4234 2115
3564 4125 4234 2115
3486 3730 2418 2115
1785 3486 2418 2115
3730 1785 2418 2115
1935 1166 4178 2115
1166 1935 3486 2115
1166 675 4178 2115
4178 675 2142 2115
675 1166 352 2115
265 3497 3906 1688
3234 1785 3114 4098
677 2142 2115 2818
1150 2115 4165 2818
1785 2418 3002 2267
1785 2996 2418 2267
3785 2996 4098 2267
467 2996 3785 2267
348 467 3785 2267
1285 349 2834 2267
467 1285 2834 2267
2996 1785 4098 2267
3114 3785 4098 2267
3114 3002 3785 2267
1785 3114 4098 2267
3114 1785 3002 2267
350 1132 349 2267
350 349 348 2267
467 348 349 2267
467 349 1285 2267
1128 234 232 4205
1673 441 3726 3821
542 541 540 3440
540 541 3506 3440
3802 2579 2165 3888
2523 3711 2936 3184
1004 3506 2637 3440
785 786 540 3506
786 1004 540 3506
785 540 777 3506
2869 3234 4098 4366
949 777 540 3506
4321 3711 2310 2936
3440 2160 3508 2523
541 949 540 3506
542 1004 2637 3440
541 232 949 3506
2720 2238 1701 3116
2158 2523 2150 4143
543 2252 3244 2401
233 234 801 2671
1125 4054 2769 3520
234 1128 1255 4205
2946 3949 2368 4215
1982 3447 4101 4007
2709 2120 2620 3397
232 233 949 2671
102 778 1739 2711
1004 1005 542 2637
1110 3804 2834 2401
3804 2869 4098 4366
1006 1005 1004 2637
786 1006 1004 2637
3518 513 4054 2769
2374 3083 2310 2401
1110 2834 2252 2401
786 1006 2637 4366
4098 3234 2368 2248
3829 3540 2971 2248
2946 3839 1675 2248
3520 2158 2226 2711
1006 2869 4366 1901
3506 2160 2158 2270
4119 3603 2512 3110
3234 4366 1901 2248
3540 2270 4215 2248
232 1128 4205 2150
3804 2996 2834 2401
3234 3162 2368 2248
3508 4366 2368 4215
1314 774 3518 3400
3378 2191 3397 1963
3683 3877 1701 3392
3378 2962 2120 3397
233 801 3520 2671
234 801 2671 1871
234 1255 921 4205
4094 2421 2124 3411
232 234 2671 4205
2936 2299 4204 4338
775 3400 3642 3906
3196 2580 2037 2467
3378 2709 2278 1963
772 775 776 3400
1817 2198 4198 2317
2889 3314 1963 1931
2453 2946 3242 2009
3447 3711 4101 4007
2198 1817 3316 2317
512 1378 380 2198
2421 3540 2124 2270
774 1378 512 2198
2158 2160 2424 4094
4094 1739 2124 3657
1177 1042 2786 3769
1185 236 958 3777
3437 2786 2749 3769
3779 2124 1990 2465
3177 3183 2226 4094
513 801 4054 3520
801 4054 3520 1871
3520 4054 2671 1871
801 3520 2671 1871
2278 2709 3314 1963
3683 2432 3421 3028
3683 2582 3100 4096
1862 4144 2470 2054
1893 3274 3094 2964
268 1255 4205 3497
4144 2517 2054 2580
1871 773 3400 3642
1701 3877 1902 3392
1702 3094 4282 2497
3497 268 1982 2150
921 234 4205 3642
3083 1702 2834 2401
4127 3802 2579 3726
773 775 3400 3642
773 3518 1871 3400
921 773 234 1871
266 265 267 3497
4225 1861 2497 4074
3877 2234 1902 2054
801 234 773 1871
266 267 1257 3497
4140 4225 1861 2497
268 270 267 1982
2996 3804 4098 3508
327 358 359 2964
772 774 773 3400
1314 773 774 3400
395 511 1261 3521
2120 4361 3100 1790
1352 1702 4039 2964
773 921 775 3642
3497 266 3906 1688
4140 1838 2579 1861
2374 2497 2310 4074
1914 4225 2748 4074
1902 2234 2470 2054
361 383 2883 2470
4054 2671 1871 2472
3374 2203 3552 1998
3196 3683 2054 2582
4225 1893 3094 2497
2579 3726 1861 3116
3711 2165 3726 4007
3744 2022 4365 3372
4349 3790 2175 2937
3839 4003 4152 3372
800 265 266 3906
800 1246 775 3906
2278 4361 1790 4340
1988 1753 2234 4360
265 800 775 3906
3162 2703 3859 2368
921 265 775 3906
776 775 1246 3906
1702 2964 3521 4282
543 1110 1217 2252
543 1217 269 2252
1217 1261 269 2252
1902 1862 4358 2470
2160 2637 3440 3508
2252 3711 4101 3244
1257 266 3497 3821
2996 3083 2834 2401
270 269 271 4101
932 269 270 4101
441 933 3726 3821
543 932 541 3244
1111 543 542 3244
542 543 541 3244
3949 2310 2936 2431
1838 1673 3726 3735
1217 395 1261 3521
1982 3726 3821 3735
511 1261 3521 3888
3521 2165 4282 3888
2372 3294 2196 2391
2579 1838 3726 3116
271 439 3726 3888
2579 359 4282 3888
1982 3711 2165 3726
2472 4143 3397 2226
395 1352 511 3521
2165 2579 4282 3888
1867 2238 3444 1861
3726 1673 3821 3735
3505 361 2883 2470
1261 271 269 2165
2165 3726 4007 1861
2191 4054 3378 3397
4361 2438 3100 4340
271 272 1982 3726
2238 3581 1998 3028
3518 512 2769 3591
271 439 272 3726
272 439 933 3726
441 933 439 3726
4321 1904 4120 3581
1893 359 2964 4282
359 1893 2579 4282
3821 1673 2883 3735
1871 3518 3378 2467
359 511 3521 3888
271 359 357 3888
271 357 439 3888
1261 359 271 3888
1261 511 359 3888
2579 4140 1861 2497
3089 3736 2081 2376
2234 1862 1902 2470
4144 386 1862 2470
2703 3949 3294 2431
361 3505 4358 2470
272 1982 3726 3821
933 272 3726 3821
267 3497 1982 3821
267 1257 3497 3821
272 267 1982 3821
383 1257 933 3821
266 1257 383 3821
441 383 933 3821
1701 1902 1673 3392
933 1257 272 3821
4238 1753 1988 4360
272 1257 267 3821
3505 1051 1673 2883
361 1051 3505 2883
441 383 3821 2883
1051 441 1673 2883
1673 441 3821 2883
2470 3906 1688 2037
144 385 4144 2517
1051 361 383 2883
1051 383 441 2883
383 266 3821 2470
3821 266 2883 2470
383 3821 2883 2470
384 383 361 2470
384 361 1156 2470
3433 2151 2081 3604
386 384 1156 2470
383 384 266 2470
1904 3392 1688 3421
384 385 266 2517
800 266 385 2517
385 1246 800 2517
385 144 1246 2517
2037 776 3113 3388
3683 2602 3877 2582
3877 1988 2234 2582
1904 2620 3581 3421
3590 1961 4072 2885
1904 2962 2620 3421
2150 2158 4143 2472
4205 3497 2962 2472
2671 2158 2150 2472
470 555 2179 3526
4205 2671 2150 2472
2054 2234 4360 2582
3683 3877 2054 2582
3118 2985 1944 3579
2985 2830 3796 3923
3196 2054 4360 2582
2580 4360 3536 3604
2983 2985 3433 2081
1790 2580 2151 3604
2151 2580 3536 3604
2234 1988 4360 2582
4098 3804 4366 3508
4225 4140 1893 2497
2720 1673 1838 3116
4007 1861 4321 2310
1111 543 3244 2401
3726 4007 1861 3735
3949 3508 2523 3184
4338 3581 2372 2383
3447 3711 4007 2936
1904 4007 3735 3116
1893 4140 2579 2497
1838 1673 3735 3116
3083 2374 1702 2401
3521 1702 4282 2497
3804 2637 4366 3508
2252 1702 3521 2497
3711 2252 2497 2310
2637 3804 2401 3508
1673 1701 3392 3116
2579 2165 4282 2497
3949 2310 2401 3184
1861 3726 3735 3116
3726 1982 4007 3735
2161 3444 2720 1861
3444 2238 2720 1861
2161 2720 1838 1861
4140 2161 1838 1861
2883 3821 3735 1688
3711 4101 3244 3184
2160 3949 3508 2523
4007 2165 1861 2310
2748 4225 2374 4074
3400 1871 3642 2467
2165 2579 1861 2497
2720 1838 1861 3116
3302 1701 1673 3116
2374 3094 1702 2497
3711 2165 4007 2310
3711 4007 4321 2310
26 1021 1370 2941
2946 2703 3949 3294
3518 2198 3378 2467
3642 265 3906 1688
3839 3474 3170 2391
1110 1111 3804 2401
3744 4365 3842 2065
4007 3711 4321 2936
3440 1111 3244 2401
1702 2374 2497 2401
2637 1111 3440 2401
2252 2497 2310 2401
2252 1702 2497 2401
1904 2620 4120 3581
3374 3581 2012 1998
2448 2015 3647 3923
4101 3244 2523 2150
3711 3447 2523 2936
4101 932 3244 2150
2310 2252 2401 3184
1982 268 4101 2150
1914 1867 4074 2383
2310 4321 4338 2383
2936 2310 4338 2431
2671 232 4205 2150
2158 2160 3440 2523
2903 3590 4072 2885
1762 4340 1799 2937
4143 2160 4120 2424
3744 3431 2650 4106
2497 2374 2310 2401
1110 543 1111 2401
1068 104 3858 2465
949 777 2158 2711
1867 3057 3552 2383
4101 3711 2523 3184
3244 3440 2401 3184
2252 3711 3244 3184
3447 4143 2962 2472
3447 1904 4007 1688
3234 2996 4098 2368
2158 2160 2523 4143
3378 4361 2120 2278
266 3821 2883 1688
2891 1860 2811 2765
4143 3447 2962 2620
2160 2523 4143 4120
1871 4205 3642 2962
4361 2709 2120 2620
3447 1982 4101 2150
541 232 2158 2150
2158 232 2671 2150
541 2158 3440 2150
541 3440 3244 2150
3440 2158 2523 2150
3244 3440 2523 2150
1128 541 932 2150
1128 932 268 2150
232 541 1128 2150
3311 1887 4300 4353
3581 3392 3421 3028
1904 3447 2962 1688
3497 4205 2962 1688
2022 3744 2391 4152
4361 3378 2709 2278
3400 3642 2037 2467
3906 776 2037 3388
1734 1860 2749 4020
2073 4144 2517 3388
2996 3859 3083 2368
3392 2883 3735 1688
1904 3392 3735 1688
4007 1904 3735 1688
2748 2703 3170 2431
2470 2883 2054 1688
4003 3474 3839 4152
2706 4196 3125 3061
2299 4321 4120 3581
2808 4001 2354 1961
3378 4361 2709 2120
265 4205 3497 1688
4205 265 3642 1688
3497 3447 1982 1688
1982 3447 4007 1688
3497 1982 3821 1688
3821 1982 3735 1688
1982 4007 3735 1688
2054 2883 3392 1688
3196 2054 3392 1688
2203 4068 4240 1998
2769 2889 1963 3591
3325 1817 2749 4020
775 3400 3906 2037
776 775 3906 2037
775 776 3400 2037
2737 1776 2033 1696
3215 3832 2811 3677
2372 2196 2650 4106
3083 2703 2374 2431
4321 2238 3581 2383
2915 3683 1701 3028
4349 2322 2437 1762
1762 4340 2937 2547
3311 1926 3507 2555
3410 4024 1700 4328
1944 4141 2838 3621
3790 3798 3938 2643
1926 2643 3311 4300
3507 3892 2974 2356
2438 2476 4300 4353
2643 1799 4284 4300
2299 2453 4204 3294
2138 1674 3104 1751
563 562 1839 3157
3289 2050 3436 3878
3892 4340 3314 1677
3949 2936 4204 2431
3057 3374 3552 2383
4054 2191 3378 1963
1739 3779 3858 2465
3662 3728 2492 2804
2709 3378 3397 1963
4057 2278 3314 1963
1068 221 3779 1739
2671 2158 2472 2226
3790 2315 3622 2643
2985 2015 2451 3579
3914 3067 3677 1696
2749 1734 4020 3769
2012 2372 2476 4106
3396 1860 2891 3150
1998 3581 3421 3028
1914 1682 3337 3956
4321 1904 2936 4120
4360 2582 4096 1790
3177 2424 4353 2974
4001 3633 2354 2429
3314 2356 1961 2889
1701 3683 3392 3028
2238 2915 1701 3028
2440 2022 2650 4152
2299 2424 2117 4353
3540 2280 2971 1675
2238 1701 3116 3028
2703 2946 3839 3294
4349 1762 3027 2937
1871 4054 2472 3397
2962 1871 2472 3397
2523 3447 4143 4120
3447 1904 2620 4120
4143 3447 2620 4120
2299 4204 4338 3294
2299 4338 2372 3294
4338 4321 3581 2383
2238 3374 3581 2383
2401 3949 3508 2368
2996 3083 2401 2368
2996 2401 3508 2368
2124 2009 3657 1990
3540 2124 2270 1901
1887 2453 2065 3657
2270 786 1901 3858
2424 3183 4094 3657
2158 4143 3177 2424
2158 2160 4143 2424
2372 2391 4106 3242
3392 1904 3116 3581
2299 2424 2453 2117
2391 4152 3242 3372
3790 4197 2175 2937
2438 2012 2476 4353
3949 4204 3294 2431
3374 2372 2383 2196
2310 2374 4074 2431
3374 3057 2365 4106
2703 3859 2374 2431
2299 2620 4120 2424
3177 4143 2620 2424
2620 4143 4120 2424
2936 2523 3184 4204
3949 2936 3184 4204
2523 3949 3184 4204
2160 2523 4120 4204
2299 2160 4120 4204
2936 2299 4120 4204
2523 2936 4120 4204
4238 4360 4096 1790
1887 4300 4353 2974
2356 3987 4072 2889
3294 3170 2431 2196
3170 4074 2431 2196
3294 2431 2383 2196
2529 2998 2022 4152
1861 2238 4321 2383
4238 4360 1790 2731
3391 3776 2062 4227
2299 2620 2424 2012
3085 4057 3655 4328
3877 1988 2582 4096
3987 2356 4072 3183
2196 2650 2391 3956
2022 3744 2650 2391
3374 3057 2372 2196
4321 2238 3116 3581
4361 2438 4340 1799
4204 2936 4338 2431
3170 2703 3294 2431
1944 2838 1788 3579
4096 1790 4340 1762
2196 2372 2391 4106
3431 2365 2650 4106
2424 2299 2012 4353
2620 2299 4120 2012
4120 2299 3581 2012
2620 4120 3581 2012
3057 2372 2650 4106
2372 3374 2476 4106
3744 2650 2391 4106
4002 1722 4372 3956
4353 4300 3892 2974
2120 3196 3100 3421
2962 2120 2620 3421
3116 3392 3581 3028
2998 2022 4152 3372
3683 3196 3392 3421
2310 3949 2401 2431
3083 2310 2401 2431
2401 3949 2368 2431
3083 2401 2368 2431
4074 2310 2431 2383
2602 3683 2432 4096
3065 2203 4240 1998
3744 4106 3242 2117
2432 2438 1998 3027
3683 2602 2582 4096
2985 3118 1944 4348
4068 2315 3027 4284
3829 3540 1901 3389
4338 3294 2431 2383
2299 2372 2012 2117
2372 3374 2012 2476
2203 2365 3275 2476
1188 262 1898 2970
3057 4372 2650 3956
2120 4361 2620 2438
4360 3196 2582 1790
2322 2175 3493 2937
3633 3938 3507 2429
1868 2047 1979 2611
2440 2650 2391 4152
2982 1944 2838 3621
3938 3790 1799 2937
4197 3790 3938 2937
4361 2709 2620 2438
4095 3292 1788 3579
3603 3904 2512 3110
3622 4068 3275 2643
3507 1799 4300 3892
4054 2472 3397 2226
2582 3100 4096 1790
2582 3196 3100 1790
2278 2120 3969 1790
3552 2915 2238 1998
2315 3790 3027 4284
3374 3552 2238 1998
3374 2238 3581 1998
2602 3877 2582 4096
1688 3196 2120 3421
2962 1688 2120 3421
2962 1904 1688 3421
3581 2620 2012 3421
2012 2620 2438 3421
2438 2432 1998 3421
2432 2438 3100 3421
2012 2438 1998 3421
3581 2012 1998 3421
3196 3683 2582 3421
2582 3683 3100 3421
3196 2582 3100 3421
3196 2580 2467 1790
2467 2580 3969 1790
3196 2467 2120 1790
2120 2467 3969 1790
1931 3325 2923 4328
3798 3622 1926 2643
2830 1753 3118 2731
4238 1790 3849 2731
2015 2985 3118 3579
3292 1803 1788 3579
2989 3215 2169 2080
4068 3275 2643 4284
2429 2356 2555 4072
2365 4372 3431 2650
3085 4172 1671 4025
2974 3507 2429 2555
2278 4057 4340 2547
4068 2203 3275 4284
1823 4240 1998 3027
4068 4240 1998 4284
4068 2315 3790 2643
2429 1677 1961 3655
4349 4068 2315 3027
1823 4349 2432 3027
3027 1762 1799 2937
2315 4068 3790 4284
4349 3027 1799 2937
3100 4096 4340 1762
4340 2438 3027 1799
3100 2432 4096 1762
4068 1823 4240 4284
2438 2432 3100 3027
2438 3100 4340 3027
3100 2432 1762 3027
4340 3100 1762 3027
2365 3057 2650 4106
3790 4068 2643 4284
3374 2203 2476 4106
3633 2354 2429 2555
1962 3938 4001 1677
2643 1926 3507 4300
3779 1068 3858 2465
3938 3798 1926 2643
2476 2012 4106 2117
2372 2453 3242 2117
2852 3137 3661 2555
4300 1799 4353 3892
2022 3744 4152 3372
2203 2365 2476 4106
3409 3023 3311 2117
2424 2453 2117 1887
2365 3275 2476 4106
3275 3744 2476 4106
2198 3378 2467 1963
2456 4086 3454 1776
2101 2547 3811 3173
3655 4057 1931 4328
3811 2101 3173 1877
4057 3085 2101 4328
4271 1098 2489 3937
1962 4001 4306 1677
2356 3892 1677 2429
990 1172 1042 3769
3454 4115 1678 1776
4172 2983 3433 2752
1860 2752 3396 3164
3849 2101 2331 3433
4051 2729 4320 1848
4086 1757 1776 2033
3162 2409 3839 1675
2946 3839 3294 2391
3409 3023 3315 3311
3374 2203 1998 2476
3275 3409 2643 2476
3842 3904 4119 2065
4119 3904 1675 2065
2440 2146 3474 3956
3170 2196 2391 3956
1682 1914 3170 3956
3474 1682 3170 3956
4219 1914 3337 3956
3987 3055 2885 1739
2438 2012 4284 2476
2012 2372 4106 2117
2117 2424 1887 4353
2299 2453 2372 2117
2421 2453 4094 2009
4002 3057 2196 3956
1722 2440 4372 3956
1914 4002 2196 3956
1722 4002 1914 3956
3057 4002 4372 3956
2191 4054 3397 2226
3540 2421 2124 2009
2191 3987 2356 2889
1800 3904 3627 3110
3474 3170 2391 3956
2650 2440 2391 3956
1722 4219 2146 3956
2146 4219 3337 3956
3474 2146 3337 3956
2391 2440 4152 3956
3474 2391 4152 3956
2440 3474 4152 3956
778 102 777 2711
2476 3409 3311 2117
4106 2372 3242 2117
563 3887 3157 2492
1677 3314 2429 1961
1926 3938 2643 3507
1799 2438 4284 4300
2796 3842 4119 2065
2453 3242 2117 2065
2453 2117 1887 2065
1849 3068 2552 3696
3744 3409 2476 2117
3023 2852 3315 3311
3314 2356 2429 1961
3839 2391 3242 3372
2998 2217 4365 3372
3137 2354 2555 4072
2709 4361 2278 3892
2278 4361 4340 3892
4003 2217 2998 3372
3590 2354 2903 4072
2476 2012 2117 4353
2620 2012 2438 4353
2620 3177 2424 4353
2117 3311 4300 4353
3507 3633 2429 2555
1963 2198 1817 3316
3055 3137 1887 2555
4295 263 2599 2970
4340 1799 2937 1677
1799 2438 4300 4353
686 684 3829 1901
2709 3177 2620 4353
3842 4365 2874 1675
2874 4365 3372 1675
1799 3938 2937 1677
3137 2354 3661 2555
2603 1883 2522 1990
3183 3055 1739 3657
3765 2065 2009 3657
229 228 4271 3663
3842 2874 3904 1675
3590 4295 2599 2970
4094 2421 2009 3657
2065 2453 2009 3657
1887 2065 3765 3657
4365 3242 3372 2065
4365 3372 1675 2065
3842 4365 1675 2065
4300 3507 2974 2555
262 263 4295 2970
3790 1799 2643 3507
3938 3790 2643 3507
3790 3938 1799 3507
2709 2191 2356 3314
2709 3177 4353 2974
2424 1887 4353 3183
2709 2191 3177 3183
4300 3507 3892 2974
3311 2117 1887 4353
641 4236 2029 3547
3177 2191 3397 2226
3507 3892 2356 2429
2421 2946 2453 2009
3779 1739 2124 2465
1742 3050 3789 2670
447 223 3819 1801
3938 1962 4306 1677
2354 2429 2555 4072
2191 3987 2889 3157
4361 2438 1799 3892
1799 2438 4353 3892
4361 2709 2438 3892
2438 2709 4353 3892
2278 2709 3892 3314
4340 2278 3892 3314
4057 2278 4340 3314
3892 2709 2356 3314
562 1212 2769 3157
2808 2354 3590 1961
2158 4143 2472 2226
4340 2937 2547 1677
3055 3137 2555 2885
2356 2974 2429 2555
1887 3311 4300 2555
1188 567 3662 2492
3892 3507 1677 2429
2889 1963 3591 1839
3892 2709 2974 2356
2356 3892 3314 1677
4057 4340 2547 1677
2354 2903 4072 2885
2429 2354 1961 4072
2356 2974 2555 4072
2354 3590 1961 4072
2759 2706 2524 2138
562 2769 3591 3157
2974 3507 2356 2429
2160 2421 2270 4215
3938 4001 1677 2429
3938 3633 4001 2429
3507 3938 1677 2429
3017 2572 2551 2482
2852 3311 1887 2555
1799 4340 3892 1677
3938 1799 3507 1677
3507 1799 3892 1677
785 3506 2711 3411
2356 2974 4072 3183
2354 3633 3661 2555
2567 2852 3661 2555
3633 2567 3661 2555
2567 3633 1926 2555
1926 3633 3507 2555
2852 2567 1926 2555
3315 1926 3311 2555
2852 3315 3311 2555
3315 2852 1926 2555
3177 2158 2424 4094
2424 4353 2974 3183
3137 2354 4072 2885
2555 3137 4072 2885
2354 3137 2903 2885
2160 2637 3508 4215
1898 3590 2885 2129
3887 3987 3157 2492
3183 2191 2226 1739
3177 2424 2974 3183
3137 1898 2885 2129
567 1188 3887 2492
1961 3590 3728 2492
3437 2861 3719 1817
104 3779 3960 2465
786 103 1901 3858
2808 3655 3728 4024
1671 2595 4328 2552
2861 1931 2923 4024
2692 2861 2923 4024
1762 2547 3811 3849
1898 262 2903 2970
3887 3987 3848 3157
4054 2769 3848 3157
562 3591 1839 3157
4054 2191 2769 3157
2752 1860 3396 3150
1887 3055 3183 3657
2946 3540 1675 2009
3591 2889 1839 3157
220 1290 3779 2129
1806 3728 3870 3522
4072 3987 2885 2889
1961 4072 2885 2889
221 220 3779 2129
2160 2421 2424 4094
2603 1290 1898 2129
1188 2129 2492 2970
264 1188 3662 2970
3569 104 3960 2465
1961 3314 2889 1931
2191 4054 2769 1963
2421 4094 2124 3657
3055 1887 3765 3657
2453 4094 2009 3657
779 778 2711 3848
2711 785 3411 3858
3518 4054 3378 1963
2198 3518 3378 1963
2769 562 3591 514
3728 263 3662 2970
2603 1147 3779 3960
4054 3518 2769 1963
3589 2448 3923 3500
2769 2889 3591 3157
2786 3936 2676 4050
3987 2191 3848 3157
1308 512 380 3591
603 3551 1684 2625
1308 562 514 3591
514 512 1308 3591
7 1206 2765 2100
1675 3904 2009 3110
2009 3540 3110 3389
3936 4342 2786 3976
1147 1290 3779 3960
2676 1734 4130 3976
2158 3520 2671 2711
2637 2160 2270 4215
2512 2522 1990 3872
3707 2512 1724 3872
3935 1373 3789 1948
2226 4094 1739 3411
3707 2512 2778 1724
2158 2160 4094 3411
1734 3451 4130 2590
1308 562 3591 1839
228 229 2395 3663
563 567 3887 2492
2158 2226 2711 3411
1185 958 937 3777
941 1172 3451 2676
2672 1692 2677 2346
3520 949 2671 2711
1068 102 778 1739
779 778 1225 2711
1146 1188 1898 2129
2160 2946 2421 4215
1196 686 3829 1901
2637 786 4366 2270
104 1068 3779 2465
2124 2270 1901 3858
2160 2421 3411 2270
3779 1990 3960 2465
3590 1961 2885 2492
1724 2512 1990 3872
2160 3506 2637 2270
1017 1196 2869 1901
1006 1017 2869 1901
4366 2368 4215 2248
3540 3829 1901 2248
2971 3234 1901 2248
3839 3162 1675 2248
3234 4098 4366 2248
1990 3569 3960 2465
4366 2270 1901 2248
2971 3162 3234 2248
2651 3410 1700 2595
3234 2869 3114 1901
2869 1196 3114 1901
2061 3234 3114 1901
2061 3829 3234 1901
1196 3829 2061 1901
1196 2061 3114 1901
786 103 1017 1901
786 1017 1006 1901
103 686 1017 1901
1017 686 1196 1901
103 684 686 1901
3023 2852 1887 3765
2796 3023 4119 3765
1883 2796 4119 3765
3137 2852 3648 3765
3055 3137 3648 3765
1887 2852 2555 3765
3137 1887 2555 3765
2852 3137 2555 3765
2852 3023 2796 3765
2852 2796 1883 3765
778 1739 2711 3848
3707 599 2522 3872
3540 2280 1675 3110
2512 3904 1800 3110
3904 4119 2009 3110
3904 2874 3627 3110
3627 2874 1675 3110
2124 1739 3411 3858
2522 2603 1990 3872
3569 600 1724 3872
3110 3389 1724 1990
1339 1147 2603 3960
2522 2603 3872 3960
3183 2191 1739 3848
1068 102 1739 3858
3987 3887 2129 2492
104 103 3858 2465
3502 2778 2722 1724
4031 2722 2280 1724
2603 3944 1883 1990
2009 2124 3389 1990
600 685 3569 1724
1800 2512 3110 1724
1096 911 3502 1724
2778 1800 2722 1724
3987 3183 1739 3848
3829 2280 3389 1724
1277 684 685 3389
3389 684 3569 2465
4031 3502 2722 1724
599 2522 3872 3960
1961 2808 3655 3728
599 2603 2522 3960
2603 3779 1990 3960
684 685 3389 3569
1739 2226 2711 3848
702 685 104 3569
685 702 600 3569
3887 1188 2129 2492
1990 3569 3872 3960
104 685 684 3569
2722 1800 2280 1724
1277 1097 3829 1724
685 1277 3829 1724
1097 685 1096 1724
1096 600 911 1724
685 600 1096 1724
685 1097 1277 1724
2191 2226 1739 3848
1339 219 3779 3960
3569 702 3872 3960
2603 1990 3872 3960
1068 221 1739 3848
3987 2191 3183 3848
565 563 1839 2804
785 786 3506 3858
3506 786 2270 3858
785 102 103 3858
102 104 103 3858
1068 104 102 3858
785 103 786 3858
778 1068 1739 3848
103 684 1901 2465
1901 684 3389 2465
103 104 684 2465
4342 2692 2923 3410
3520 779 2711 3848
3590 2885 2129 2492
221 3779 1739 3848
2226 3520 2711 3848
4024 1806 3696 2758
779 4054 2769 3848
4054 779 3520 3848
3728 3590 3662 2492
955 565 2804 3899
4054 3520 2226 3848
2191 4054 2226 3848
778 779 566 3848
778 566 221 3848
1185 3777 1742 2625
221 566 1346 3848
778 221 1068 3848
3987 2885 2889 2492
3779 1739 3848 2129
2769 779 3848 3157
562 566 1212 3157
563 566 562 3157
779 1212 566 3157
469 981 1264 3547
642 1264 981 3547
2885 3987 1739 2129
1188 220 3887 2129
3779 3055 1739 2129
4295 3590 2903 2970
1172 1734 3769 2765
3775 3617 3050 2670
263 264 1359 3662
3063 973 2029 3547
1177 1172 941 2786
4198 4020 2317 3306
2651 2595 2097 1720
1839 563 2492 2804
567 264 1188 3662
3590 3662 2492 2970
3317 649 4236 2591
2129 3590 2492 2970
263 264 3662 2970
3987 3887 3848 2129
3590 1898 2903 2970
220 1346 3887 2129
3887 1346 3848 2129
1346 221 3848 2129
1146 220 1188 2129
1146 1290 220 2129
1346 220 221 2129
564 565 1839 2804
264 1359 3662 2804
861 647 364 3870
264 563 3662 2492
567 264 3662 2492
567 563 264 2492
262 1188 264 2970
973 641 2029 3547
264 563 565 2804
1359 264 565 2804
1359 565 820 2804
955 565 564 2804
125 3861 3551 1948
1021 1091 1022 3127
2706 3063 2029 3547
2073 2517 2580 3388
939 603 1684 2625
2595 3410 2960 1720
3012 2629 4100 1985
4271 227 2550 2489
194 117 1780 3053
235 236 1185 3777
2786 1734 2676 3976
4210 1798 4115 4243
3889 1027 3320 2489
3451 237 2676 4130
4130 939 1684 2625
1806 3317 2861 3899
1684 3936 3976 3410
3789 1684 2670 2651
937 938 1185 3777
1839 955 3899 3719
2138 3044 1751 2991
108 927 3612 3992
1734 3451 2676 4130
235 1185 602 2625
2070 2651 1700 2595
3325 1860 2752 2317
955 564 1839 3899
235 4130 3777 2625
641 973 1264 3547
1308 564 1839 3719
3777 3775 1742 2625
1839 564 2804 3899
1172 1734 2786 3769
973 124 3463 3882
3316 2151 3429 2317
955 1333 3437 3719
4057 3085 1677 2101
1671 3068 4188 3499
954 1335 3899 4050
940 1055 649 2591
940 3936 2591 4050
2595 1671 1751 2991
2786 954 3437 4050
954 1333 381 3437
942 2786 2676 4050
954 381 1177 3437
2786 4342 2749 3976
954 955 1333 3437
2726 4020 3769 4198
3617 3775 1692 2941
649 940 2591 4050
1333 955 564 3719
1817 3325 3316 2317
564 380 1333 3719
2982 1671 2456 4298
564 1308 380 3719
1335 650 3899 4050
650 1335 3317 4050
2692 650 3317 4050
3317 649 2591 4050
3936 3317 2591 4050
954 942 1335 4050
1335 942 940 4050
649 1335 940 4050
940 942 939 4050
236 237 3451 4130
940 1055 2591 1684
1860 3325 4020 2317
938 602 2625 3789
132 3822 4339 3555
3999 3555 2363 3256
237 235 939 4130
235 237 236 4130
3551 3789 1948 2415
2965 2608 2623 3717
3748 3246 1793 2558
2729 4051 3986 3613
2395 3153 4196 3061
3830 4032 3452 3912
2186 3952 3517 1850
4024 2552 3131 3696
645 644 643 3935
1373 643 644 3935
644 645 657 3935
3999 2367 3007 3256
124 123 3861 3405
3321 3327 4304 4091
1373 938 643 3935
3999 3555 3256 1991
1510 734 733 4239
1841 2830 3923 3500
959 1288 4223 4112
1684 2651 2415 1992
3117 2938 2471 4067
123 125 3861 3551
3050 1829 3789 2670
4195 3141 1967 3256
3999 2367 3003 3007
2375 2828 3715 3362
4342 3976 3410 1700
3126 3931 4223 4112
3003 3999 2063 3362
2724 356 4071 2301
602 1373 125 3551
1373 602 938 3551
3405 3861 3882 2415
821 861 263 3522
3775 1692 3127 4070
4057 2327 1963 1931
3044 3061 1992 1720
3171 2867 2932 2990
2897 3772 1798 4243
2937 2547 1677 3173
2797 2888 4115 1678
1700 2595 1671 2033
939 2676 4130 1684
1172 991 3451 2765
2073 3736 1956 3691
2861 3728 1931 4024
3471 1919 2704 3982
3624 3454 2482 2623
2670 2070 4088 4086
2676 939 4050 1684
3936 2676 4050 1684
940 3936 4050 1684
939 940 4050 1684
3777 3775 2625 2590
1757 4086 3832 2033
973 3063 3882 2395
940 603 1055 1684
939 603 940 1684
1825 3668 4032 2249
1771 3111 1972 2319
3833 1972 3851 3975
810 1013 2655 3698
1340 3383 3386 2912
3914 3150 3067 1696
4096 4238 1790 3849
3523 1827 3709 2645
1829 3789 2670 2651
2169 3677 2405 3135
2861 1839 3719 1817
4057 3314 3655 1931
4130 3451 3777 2590
1849 2808 1932 3696
1184 551 1879 3758
3357 1676 3734 2018
4086 2070 3832 2033
3861 123 3551 3405
3357 2862 4319 1949
3215 1757 3677 3135
1041 1042 381 3769
2327 4057 2547 2101
2983 2985 3796 2451
3624 2456 4086 3454
2687 1868 4297 3600
2590 3617 4088 2989
2283 343 3296 1947
2580 2517 3113 3388
3314 4057 1963 1931
2625 3775 2670 2590
2198 380 3591 4198
2066 3665 4238 3811
3085 2547 2101 3173
1041 382 6 2726
1829 4006 3789 2570
1757 3215 1882 2672
2595 2070 2456 2033
2220 3273 2437 3811
875 874 3476 2466
2547 4057 1677 2101
3085 2547 1677 2101
657 3935 2105 1948
1373 125 3551 1948
2403 1403 3645 3598
1700 2752 3164 4298
885 1148 884 3963
774 1378 2198 3306
2889 1963 1839 1931
381 1042 1177 3769
1860 2151 2081 2317
2501 2729 2570 3986
4150 3756 2875 1775
1333 381 3437 4198
2726 446 3429 3306
776 1246 144 3388
4065 2672 2405 3346
3067 3914 3992 2100
3396 2033 4298 1696
1734 2989 3832 2811
2283 4065 1692 2080
3976 1734 3832 3164
3264 347 3412 3075
3914 2989 2169 2100
26 1309 2283 2080
3976 2070 1700 3164
3493 2322 2937 3173
3437 1817 2749 2923
2692 3936 2591 3410
3325 1817 1931 2923
2692 3899 4050 2923
1042 1172 2786 3769
1041 382 2726 4198
2692 2861 3899 2923
1806 2692 4236 2758
2590 1734 4088 3976
2070 2590 4088 3976
1700 4172 2145 4298
1684 2670 2070 3976
2070 2670 2590 3976
1684 4130 2625 3976
2625 4130 2590 3976
1684 2625 2670 3976
2670 2625 2590 3976
3591 1963 1817 1931
1963 3591 1839 1931
1839 3591 1817 1931
2889 2861 3728 1931
1961 2889 3728 1931
981 3632 3194 2799
2923 2692 4024 3410
1961 3655 1931 4024
2759 3131 3696 2758
3118 3273 1944 4348
1806 2808 3728 4024
4342 3437 2749 2923
3437 4342 4050 2923
3899 3437 4050 2923
3655 1961 3728 4024
3728 1961 1931 4024
4024 2923 3410 1700
3085 1671 4328 2552
2322 3811 3173 1877
2923 4342 3410 1700
2456 2070 4086 2033
4306 4197 3173 3308
3621 1877 4264 2949
2808 3655 4024 2552
3655 3085 4328 2552
3796 2983 2451 4298
1944 4141 3621 1877
1775 3835 4319 1725
2097 2595 3299 2991
1370 26 2941 2080
3811 3417 4348 1877
1692 4065 4167 2346
3325 2749 2923 1700
2729 2478 4320 1848
1757 3454 2482 2004
4360 1790 2731 3604
2089 1924 3239 3092
1790 4340 1762 3849
3050 1829 2670 1882
3655 1931 4024 4328
4088 3215 1882 4086
2706 3870 3130 2759
2033 1700 3164 4298
3085 4172 2101 4328
2558 374 2945 2260
3451 1734 2765 3223
2989 3914 2169 2811
4115 3772 1788 4243
4210 4115 2482 1776
1829 2670 1882 4086
2456 2070 2097 4086
3273 2066 2437 3811
2808 1806 3728 3696
3938 2937 1677 3173
1203 1205 10 3541
2322 3417 3811 1877
4115 3454 2482 1776
3396 3150 3914 1696
3396 2033 3164 4298
2101 3811 4025 1877
4197 3938 1677 3173
3417 1944 2220 4348
2278 2327 2547 3849
1944 3273 2220 4348
4172 2752 2145 4298
3150 3067 1696 2376
1795 1852 4150 2704
992 850 2396 3015
2070 2670 2651 2097
3215 1757 1882 4086
2670 1829 2651 2097
2097 1882 3624 4086
1757 3215 4088 4086
2973 2473 1681 2514
2101 4172 2331 3433
1790 3849 2731 3433
376 145 2104 3691
1825 2367 3715 3362
2169 2405 3992 2080
2327 2101 3849 3433
2169 4065 2405 2080
1931 3325 4328 2145
3215 3617 4088 1882
3542 3357 3492 1725
2651 2595 2456 2097
741 4030 1821 4311
2305 2097 3624 3299
4210 4115 2551 2482
4182 3666 1847 2845
2572 2849 2551 2482
2050 3713 1713 2781
1717 3531 2797 1678
2982 2838 1788 1678
3617 2670 4088 1882
3617 3050 2670 1882
1829 4051 2097 2305
2670 1829 2097 4086
2049 2482 3438 2608
2611 1942 4000 4110
2014 2623 3717 4110
2888 3017 2551 2482
2797 3531 2888 1678
3529 1965 1866 4018
3811 2101 4025 4348
1700 2070 2033 3164
2169 3215 2811 3677
4115 1788 1776 4243
1757 2737 3677 3135
1671 2595 2456 2033
1205 4251 1956 4335
4210 2897 1798 4243
2752 3433 2151 2081
2811 2891 2765 2100
1700 2070 2595 2033
4100 4210 2737 4243
1214 142 2073 3388
3578 4100 3135 2612
2097 2456 3624 3454
2097 1720 3299 1848
2937 1762 2547 3811
2025 2351 2246 2910
2346 3756 2375 3235
3871 2375 2695 2063
3357 2862 3492 1725
3776 3664 2062 1725
2175 3493 2937 3173
1868 2854 2611 3717
3438 1725 3668 1949
4100 2004 3578 2672
2547 3085 1677 3173
1983 4141 3417 1877
2849 4210 2551 2482
2004 2049 2659 3343
3776 2062 4227 1725
3492 3835 2062 1725
1490 1461 2369 3660
1681 3232 3471 3369
2849 3776 4100 3578
3969 2327 1790 3433
671 1369 2495 4066
1870 3152 3801 2249
4201 2195 4379 1870
3013 1028 3109 3053
2944 1947 2375 3871
3830 3982 3875 2266
4201 1784 2195 1870
2840 1947 4156 3871
3454 4115 2482 1678
3549 3668 1870 3801
1416 1414 3399 2829
3273 3665 3811 4348
4238 1753 4360 2731
2437 3676 1762 3811
2322 2437 1762 3811
3665 1753 4238 2731
3676 4238 1762 3811
3676 2066 4238 3811
2808 1849 4001 2900
4210 4115 1776 4243
2050 3104 3289 3436
1790 2327 3849 3433
3595 1703 2558 2930
347 1165 345 3264
4172 2983 2752 4298
2220 3273 3811 4348
3639 1698 3071 4311
2451 2982 2033 4298
4238 4096 1762 3849
4231 3271 1906 2231
3085 1877 4188 3943
3185 2006 2243 3064
1849 2808 3696 2900
1720 3299 1848 1751
661 4327 2932 2779
3104 2050 3289 1751
3045 2761 3134 1706
3289 3104 1751 3499
3417 2322 3493 1877
3493 2322 3173 1877
2050 1727 3104 3436
3145 4201 2954 1679
1723 3417 3493 4264
1674 2050 3104 1751
223 8 1860 2891
222 1213 561 2214
1793 2405 2612 2930
1817 3437 3769 4198
1790 2278 4340 3849
2838 2982 1788 3579
3454 1757 2482 1776
2982 4172 1671 4298
3396 3796 3150 1696
1703 2894 3595 2558
2101 3811 3849 2331
4172 4025 2983 2451
2327 3433 2752 2145
990 1041 2726 3769
1687 4011 1939 1985
1258 2376 3691 2945
2327 4057 2101 2145
3325 2327 3433 2752
2982 4025 2451 3579
2983 3796 3396 4298
2015 3292 4095 3579
3665 3811 4348 3849
3665 4238 3811 3849
1803 1944 1788 3579
4238 1762 3811 3849
1246 3906 2517 3388
1378 382 4198 3306
2070 3832 2033 3164
3772 4095 1788 3579
2983 2985 2451 2331
4025 2983 2451 2331
1944 4025 3579 2331
2985 1944 3579 2331
3118 2985 2731 2331
3665 3118 2731 2331
3325 2749 1700 3164
830 355 1703 2558
2451 2985 3579 2331
4025 2451 3579 2331
2456 3454 1678 1776
2982 2456 1678 1776
2897 4210 4100 4243
1852 4252 1681 3471
3727 1919 3343 1825
3772 2448 2015 3647
2930 4123 2260 3612
1258 1801 3691 2214
2897 2448 3772 3589
2875 2944 3484 2346
3748 2737 2612 3589
28 1370 2775 2080
1793 3748 2558 2930
3150 3067 2376 2214
4100 1757 2004 2672
4210 1776 2737 4243
2482 4210 1776 4100
1228 727 2788 2639
1776 2482 4100 2004
1757 1776 4100 2004
2985 2731 2331 3433
1753 4360 2731 3604
2737 3677 3135 2612
4100 2629 2737 2612
4065 3215 2405 3135
1757 3215 2672 3135
2448 1841 3923 3500
2073 1801 2151 3736
1860 1734 3164 2811
3215 4088 2989 3832
3748 3595 2558 2930
1700 4172 4328 2145
3325 1700 2752 3164
427 927 926 3612
2983 2985 2331 3433
2327 1963 1931 3316
1734 4088 3976 3832
4172 2982 2451 4298
4172 1700 1671 4298
2752 3396 3164 4298
1788 3579 1776 3647
3579 2451 1776 3647
2774 1429 4318 3211
4123 830 1703 2558
1860 1734 2749 3164
2033 3832 3396 3164
3677 2737 1696 3589
3772 2015 4095 3647
4095 2015 3579 3647
3772 4095 3579 3647
1801 1860 2151 2081
27 108 3612 2080
28 27 2080 2100
2944 2875 3484 3788
2737 1757 3677 1696
1207 1348 3451 3223
1862 4144 2054 3536
2590 3451 4380 3223
27 26 28 2080
991 1207 3451 3223
1692 3215 2775 2080
1862 1753 2230 1956
4011 1703 3595 2899
4065 3215 1692 2080
4100 1757 2672 3135
2983 3433 2752 2081
1733 2899 4071 3995
3037 2639 2301 4382
1703 3595 2899 2930
2737 3677 2612 3589
142 1214 2073 1801
1700 3325 2752 2145
3325 2327 2752 2145
3325 1700 4328 2145
4172 2101 4328 2145
2327 3325 1931 2145
1258 2376 2945 2214
3433 4172 2752 2145
4131 2448 3589 3500
4123 2558 2930 2260
3914 2169 3992 2100
1430 4310 3385 2250
3591 380 3719 4198
4032 4192 2001 2249
2752 1700 2145 4298
1671 1700 2033 4298
2989 2811 2765 2100
27 108 2080 2100
727 91 2788 2126
144 4144 2073 3388
427 426 1065 3612
10 4084 2813 3541
2517 3906 2037 3388
3963 2840 3264 4080
3400 2198 2467 3316
3429 2198 2317 3306
3736 3089 1956 3691
3796 3150 1696 2376
1793 2405 2930 3992
2033 2811 3677 1696
3591 3719 1817 4198
3772 2448 3647 3589
2891 3396 3150 2811
2830 2985 2015 3923
2456 1671 2033 4298
2982 2456 2033 4298
2327 3969 1963 3316
382 446 2726 3306
1469 1501 1430 2250
1771 1825 3715 3362
3612 108 3992 2080
2260 2405 3612 3992
26 2283 2941 2080
2033 2451 4298 1696
3819 3400 2467 3316
776 1214 3113 3388
3647 1696 3589 3923
2731 1790 3433 3604
2151 2752 2081 2317
3325 2327 1931 3316
2899 1733 3346 3995
3150 2891 3067 2214
4380 3617 3223 2941
2580 2517 2037 3113
2462 3465 2357 3760
2580 2037 2467 3113
3264 1947 3075 4156
776 3819 3400 3113
7 6 8 2891
4011 3595 2629 2899
2580 2467 3969 2151
774 2198 3429 3306
93 1131 1947 2126
1963 1817 1931 3316
2580 3969 1790 2151
381 1177 3437 3769
3595 4011 2629 1985
1790 3969 3433 2151
382 2726 4198 3306
3796 3923 3089 3500
222 8 223 2214
2073 2580 3536 3113
2037 3400 2467 3113
142 222 1208 1801
142 1208 1214 1801
1214 1208 447 1801
142 1258 222 1801
222 223 1208 1801
1208 223 447 1801
3067 1696 2376 3500
375 374 2104 2558
142 144 2073 3388
776 144 1214 3388
3150 1860 1801 2081
10 4109 2104 3541
2612 2405 2899 2930
4360 1753 3536 3604
3776 3391 3012 1985
2198 1378 4198 3306
1801 2376 3691 2214
2451 3796 4298 1696
2323 3107 2319 1864
3437 381 3769 4198
3296 4167 2134 1851
1753 1862 2234 3536
2989 3215 3832 2811
3832 3396 3164 2811
3391 1687 1939 1985
2169 3215 3677 3135
2811 3914 3677 1696
1734 3832 3164 2811
1378 380 2198 4198
1757 2033 3677 1696
3067 2169 3677 3992
1342 93 2635 2126
4011 1687 2402 2301
4118 1811 1681 2514
758 1280 757 3075
2435 3280 2846 4174
927 2260 3612 3992
4123 427 3612 1733
1488 2462 3967 3760
3141 3144 2817 2873
2473 2840 3412 3232
2590 3617 2989 3223
3396 3914 2811 1696
3595 2612 2899 2930
108 1065 27 3612
2230 2830 3089 1956
561 377 2945 2214
3796 3089 2376 3500
927 1072 2260 3992
4011 2724 4071 2301
1939 2629 3012 1985
222 223 1801 2214
2448 3647 3589 3923
1776 2737 3647 1696
1776 2451 2033 1696
2451 1776 3647 1696
1168 706 143 4335
1793 2558 2945 2260
3914 2169 3067 3992
2830 3796 3923 3089
2376 3067 3500 2945
2786 1734 2749 3769
4144 2073 2580 3536
2830 1753 2731 3604
3067 1793 3589 3500
2376 2104 3541 3691
2985 2983 3796 2081
1862 4144 3536 4335
2894 375 2104 2558
3396 2752 3150 2081
222 1258 1213 2214
561 8 2891 2100
108 927 1065 3612
2126 3313 4156 2944
1939 3595 2629 1985
3776 3012 4210 1985
4210 3012 4100 1985
3776 4210 4100 1985
2737 4243 3647 3589
4243 3772 3647 3589
3067 3677 1696 3589
2983 2752 3396 2081
1687 4011 1985 3995
223 2891 1801 2214
2629 3748 2737 2612
4084 1956 3541 3691
143 144 1168 4335
2629 3595 2612 2899
3476 2639 4150 3313
2341 1280 3476 3075
4011 2629 1985 2899
1985 2629 2612 2899
4131 2448 3748 3589
2737 2897 4243 3589
2897 3772 4243 3589
1793 2930 2260 3992
2234 2054 4360 3536
428 874 2466 3403
4109 10 2813 3541
1793 3246 3500 2104
2629 3748 2612 2930
2830 3796 3089 2081
1213 1258 2945 2214
3736 2151 3536 3604
3433 1790 2151 3604
2731 3433 2081 3604
2752 1860 3150 2081
3796 3396 3150 2081
2894 4109 3246 2104
1168 4144 1862 4335
3150 3796 2081 2376
2580 2151 3536 3113
1753 2830 2230 1956
1168 144 4144 4335
2930 2405 2260 3992
2054 4144 2580 3536
706 12 143 4335
4360 2054 2580 3536
2813 4084 1841 3541
1841 4084 1956 3541
3089 1841 1956 3541
3595 2629 2612 2930
1703 4123 2558 2930
1753 2234 4360 3536
1696 3067 3589 3500
3796 1696 3923 3500
4251 1862 1956 4335
4123 1703 2899 2930
1841 2230 3089 1956
2580 2467 2151 3113
1753 1862 3536 1956
1203 10 2104 3541
706 1168 1862 4335
1203 145 1205 3541
561 3067 3992 2100
1841 4084 2230 1956
8 561 2891 2214
3246 1841 4131 3500
3246 3748 1793 3500
1793 3748 3589 3500
144 143 2073 4335
3246 4131 3748 3500
3748 4131 3589 3500
4144 2073 3536 4335
2830 1753 3536 1956
1205 1956 3691 4335
4144 144 2073 4335
3736 1801 2376 3691
3089 3736 2376 3691
728 10 4109 2104
376 1203 375 2104
376 375 374 2104
376 145 1203 2104
3748 1793 2612 2930
10 375 1203 2104
374 376 2104 2945
143 1205 3691 4335
728 375 10 2104
1205 4084 3541 3691
4084 1205 1956 3691
142 1258 1801 3691
2073 142 1801 3691
1258 145 376 3691
1205 145 143 3691
142 143 145 3691
142 145 1258 3691
1703 355 2894 2558
1793 3677 2405 3992
377 1213 2945 2214
354 1382 2894 2558
355 354 2894 2558
3595 3246 3748 2558
2558 1793 2930 2260
374 1382 830 2558
1382 355 830 2558
374 375 1382 2558
926 927 4123 3612
1382 354 355 2558
2467 3819 3316 3113
1801 2073 2151 3113
377 376 374 2945
376 377 1213 2945
376 1213 1258 2945
776 3400 2037 3113
427 926 4123 3612
2376 1258 3691 2214
2405 2899 2930 1733
374 377 2945 2260
830 374 2558 2260
926 830 4123 2260
4123 830 2558 2260
222 561 8 2214
1072 926 927 2260
926 1072 374 2260
2376 3067 2945 2214
374 1072 377 2260
830 926 374 2260
223 8 2891 2214
4011 2402 2724 2301
3037 2639 4382 3313
1392 1458 2462 3921
2062 1775 4227 1725
2405 2899 1733 3346
1733 4071 4382 3995
4071 4011 2301 3995
3879 2741 2019 1795
2639 2788 2301 4382
427 1204 90 1733
831 1204 427 1733
1733 4065 3346 3484
4288 2741 1795 2531
90 1342 2635 2126
2126 1852 3075 4156
344 345 346 3264
1072 108 377 3992
561 377 108 3992
927 108 1072 3992
2169 2989 2775 2100
3931 2134 3126 3362
1214 2073 1801 3113
2749 1860 3164 4020
3325 3433 3316 2317
4020 1860 2726 2765
447 1214 1801 3113
1214 447 3819 3113
3819 447 1801 3113
446 774 3429 3306
3215 3617 1882 4070
1214 144 142 3388
6 990 2726 2765
1860 6 2726 2765
4020 2726 2317 3306
446 1378 774 3306
1947 4167 2944 2375
3316 3433 2151 2317
1817 3437 2749 3769
3433 3325 2752 2317
446 6 2726 3429
1860 1801 2151 3429
6 1860 2726 3429
382 1378 446 3306
6 1860 2891 2765
3316 2151 3113 3429
3819 3400 3316 3429
3400 2198 3316 3429
3875 2367 1967 3003
223 446 3819 3429
3433 2752 2151 2317
1734 2989 2811 2765
380 1333 3719 4198
6 223 1860 3429
1860 223 1801 3429
223 3819 1801 3429
1801 3819 3113 3429
2151 1801 3113 3429
1022 1091 1336 3127
774 2198 3400 3429
3819 774 3400 3429
2840 3264 2473 3412
223 6 446 3429
2283 93 1947 4167
3992 2169 2080 2100
3215 4065 2169 2080
1019 3775 4380 2941
3775 3617 4380 2941
680 884 1148 3963
4020 2726 3769 2765
1734 4020 3769 2765
990 7 991 2765
1206 991 7 2765
990 991 1172 2765
6 7 990 2765
1370 1020 4380 2941
1333 380 381 4198
1041 381 382 4198
3810 3999 3007 1991
108 561 3992 2100
3617 3215 2989 2775
3963 3296 3810 2877
1091 26 2283 3127
108 3992 2080 2100
2062 3835 2658 1775
1852 2341 2126 3075
1131 1947 2126 3075
1280 2126 3476 3075
1947 2840 2375 3871
3296 2840 3264 3810
345 344 347 3264
1336 1091 2283 3127
2828 2677 1771 2134
1022 1195 1019 3127
1207 1370 4380 2775
2765 1206 2775 2100
1207 4380 3223 2775
3914 2891 2811 2100
1065 27 3612 2080
1692 2283 2941 3127
1019 3775 2941 3127
3775 1692 2941 3127
4287 1479 3465 2026
1019 1195 3775 3127
1019 1021 1022 3127
2989 3914 2811 2100
2840 3963 3264 3810
1370 1021 1020 2941
1370 2941 2775 2080
1020 1021 1019 2941
2989 2765 3223 2775
428 2205 2466 3260
1148 345 680 3963
3617 2989 3223 2775
3215 3617 1692 2775
1149 1148 885 4158
346 1148 4158 3296
91 1131 2126 3075
972 639 123 3405
27 28 9 2100
2891 3067 2214 2100
1370 1207 28 2775
1206 28 1207 2775
1206 9 28 2775
2775 28 2080 2100
2891 7 2765 2100
2989 2765 2775 2100
3225 885 2877 1991
3067 561 2214 2100
343 1336 2283 3296
26 1370 28 2080
1065 426 1309 2080
3616 118 3822 4339
1206 7 9 2100
8 9 7 2100
108 27 9 2100
561 108 9 2100
561 9 8 2100
3264 345 4080 3412
2625 1684 3789 2415
415 3510 1811 3241
2840 2695 3369 3810
4006 3050 3258 3833
1148 345 3963 3264
4252 4118 2531 1681
3703 3734 2018 2287
3775 3127 1851 3931
4287 4199 3080 2026
415 2973 1811 2514
1336 344 3296 1947
1280 874 2341 2466
3126 2063 2877 1991
4 1502 296 3080
345 3963 3264 4080
757 770 2973 2341
3663 2478 3044 1992
3612 4065 1733 2635
1852 4252 2531 1681
93 1947 4167 2944
1131 344 93 1947
43 1221 2402 3260
3296 346 3264 1947
3756 1852 3313 4156
1228 727 3476 3260
3649 572 4061 3760
91 90 2788 2126
2734 2473 1681 4183
1336 346 4158 3296
3313 2875 2944 3788
254 1117 1780 2873
343 1336 3296 1947
344 346 1336 3296
2341 3412 3075 4156
217 194 1117 1780
842 1024 2734 3080
345 1148 346 3264
1428 1468 2237 3080
344 343 93 1947
1336 343 344 1947
3995 3346 2875 3788
2639 2126 4382 3313
3264 4080 2473 3412
2612 2899 3346 3995
296 3 4 3080
842 3 1024 3080
430 2341 2466 1811
4080 3963 2342 3319
2237 412 4224 2514
461 842 416 2237
3 2734 2237 3080
3963 2840 4080 2473
1851 3775 3931 3532
3578 3776 1985 4227
679 2473 3412 2734
2840 3264 4080 2473
3280 2846 3241 3659
255 3225 3319 2873
1685 4288 4118 4174
1468 3 5 2237
1766 3011 1986 2108
2840 3296 1947 2063
884 255 3225 3319
4231 1891 1906 2559
3 842 461 2237
2357 2342 2817 4061
2973 842 3412 2734
842 3 2734 2237
1468 1428 4287 3080
1919 2659 4227 4319
2973 2341 1811 2531
1733 2635 3484 3788
1024 4199 2734 3080
3141 2817 3256 2873
1502 1468 4287 3080
3321 3327 1740 2187
1115 2873 1896 2896
2017 3645 3269 3598
1468 3 2237 3080
2741 1916 3752 2846
842 1024 679 2734
2741 2846 3403 2531
1502 4 1468 3080
296 1024 3080 3649
574 2462 3006 4061
255 3319 3006 2873
3387 2164 1967 2817
3141 3387 1967 2817
2462 2357 3144 2817
2164 2342 3225 3319
2164 3387 2357 2817
2164 3141 1967 2817
196 2896 2644 3488
3256 2817 3225 2873
916 255 3006 2873
1478 4287 3465 3760
572 575 296 3649
3465 4287 4199 3760
885 1148 3963 2877
296 575 1024 3649
678 1024 575 3649
917 916 3006 2873
3256 254 1780 2873
1733 90 2635 3788
829 831 4123 4071
3350 2656 1685 1795
2357 3387 4199 2026
3756 1852 4156 3232
1085 43 2205 3260
874 430 2341 2466
2724 356 1703 4071
757 1280 874 2341
874 430 757 2341
3412 3264 3075 4156
3264 2840 1947 4156
3132 43 2402 3260
770 757 430 2341
2205 2019 2466 3260
4123 831 1733 4071
2126 2639 3476 3313
3037 3132 2402 2019
1687 3037 2301 4382
2205 2741 3752 3403
93 90 91 2126
2403 3321 3855 2187
3346 1733 3484 3788
2612 1985 2899 3995
1342 90 93 2126
1228 727 2639 3476
2639 1228 3476 3260
2973 842 2734 2514
3037 2332 3132 2019
4065 2405 1733 3346
2402 1221 2724 2301
2639 1228 3260 2301
2205 3132 2019 3260
515 516 2788 2301
2930 4123 1733 4071
3037 2402 2639 2019
4288 4252 4118 2531
2741 2019 1795 2531
1852 4252 1795 2531
2332 3879 3132 2019
356 516 4071 2301
515 2788 4071 2301
2788 1228 2639 2301
2466 2741 3403 2531
2341 2466 1811 2531
2341 1852 2466 2531
875 428 2466 3260
770 2973 2341 1811
1228 516 3260 2301
3756 1852 4150 3313
516 1086 1228 3260
875 727 1228 3260
4310 1811 2846 4118
1086 1221 43 3260
428 875 1085 3260
2402 3037 2639 2301
2402 2639 2019 2301
2019 2639 3260 2301
2402 2019 3260 2301
1086 1221 3260 2301
516 1086 3260 2301
516 356 1221 2301
1221 1086 516 2301
3357 3099 2862 1721
2435 4288 1685 4174
1766 1772 1986 3891
2969 3689 3835 1795
2943 4288 3280 2846
1396 1459 1395 4174
1916 1243 3752 3659
2969 2656 3689 1795
2846 4310 4118 4174
2943 3280 1916 2846
1345 415 430 1811
430 429 1345 1811
430 415 770 1811
2126 3313 2944 3788
4288 2943 2741 2846
1480 1489 3280 3241
3510 415 1811 2250
4310 3385 4118 4174
2741 2943 1916 2846
1480 1481 1430 4310
2019 2741 2466 2531
1501 1480 1430 4310
3391 2062 2658 4227
2774 4118 4318 2250
429 1345 3752 3659
1489 3280 3241 3659
1266 1489 69 3659
3752 1811 2846 3659
2332 3037 3929 1795
2017 3269 3535 4116
3350 2332 3929 1795
3664 3492 2062 1725
1811 1345 3241 3659
2846 1811 3241 3659
1377 1243 69 3659
69 429 1377 3659
1243 1266 69 3659
69 1345 429 3659
430 428 429 3403
1377 429 41 3403
874 428 430 3403
3703 3901 1676 3734
3476 2639 2019 4150
1775 1919 4227 4319
1811 2973 2531 2514
2965 1891 3600 4379
1481 1430 4310 3385
2639 3037 4150 3313
3438 2049 3668 3343
2704 1919 4319 3836
3835 3689 3929 1795
3280 1480 4310 4174
1687 2658 1775 4227
3476 2019 2466 4150
1811 2531 1681 2514
2019 1852 2466 4150
1394 1685 3385 4174
3321 2403 4122 4304
3280 4310 2846 4174
1504 1394 1486 3385
1504 1481 1394 3385
1479 1503 3321 2026
2862 3835 4319 1721
1481 1504 1430 3385
1852 2019 1795 4150
2531 2973 1681 2514
2656 3350 3929 1795
1394 1395 1685 4174
1480 1396 1481 4174
3037 2332 2019 1795
4310 1481 3385 4174
2435 1396 3280 4174
3689 2656 3929 1795
1795 1852 2704 2499
1825 3830 3452 3912
1428 2237 4318 2026
3321 2026 3211 4183
2695 2840 2063 3810
1430 3385 2774 2250
1399 1469 1430 2250
2126 2944 3484 3788
3327 3387 3321 1740
1503 1391 3321 3211
2734 2237 4318 2514
416 412 2237 2514
4118 2774 4318 3211
842 416 2237 2514
1391 1486 1506 4122
2840 3871 3471 2695
2899 4011 4071 3995
2341 3476 2466 4150
1852 2341 2466 4150
2734 4318 2026 4183
1829 3789 2651 4320
4065 2672 3346 3484
1852 2341 4150 3313
2341 3476 4150 3313
2341 1852 2126 3313
1985 4011 2899 3995
2341 2126 3476 3313
3385 4310 4118 2250
2405 2612 2899 3346
1458 1488 2462 3967
4382 4150 3313 2875
759 758 757 3075
3232 2840 3871 3471
1336 2283 3296 1851
1131 91 758 3075
2405 2672 3135 3346
2672 3578 3135 3346
3135 3578 2612 3346
2405 3135 2612 3346
4071 2301 4382 3995
1687 4382 3995 2875
1985 1687 3995 2875
3346 1985 3995 2875
3578 1985 3346 2875
3929 1795 4150 2704
4223 959 4112 3532
2849 3776 2659 4227
758 91 1280 3075
3412 759 2341 3075
2973 2473 3412 3232
3756 1852 3871 3471
1131 347 3264 3075
4065 2635 4167 3484
3235 2875 1775 4227
3037 4150 4382 2875
1687 3037 4382 2875
2659 3578 3235 4227
2658 3835 3929 1775
2875 3756 3235 1775
4150 3756 1775 2704
2672 3578 3346 2346
2840 4156 3232 3871
1417 1403 2403 3598
4167 4065 3484 2346
3578 3346 2346 3235
3037 2658 3929 1775
2659 3438 1725 3343
2849 3776 3578 2659
2875 3756 2944 3235
3578 2875 3235 4227
2658 3037 1687 1775
1685 1394 3385 1855
416 842 2973 2514
4318 2250 1681 2514
1947 2126 3075 2944
3075 2126 4156 2944
1947 3075 4156 2944
1399 2774 4318 2250
415 1811 2250 2514
2473 2734 2026 4183
93 2126 4167 3484
2635 93 4167 3484
93 2635 2126 3484
2695 3982 2773 3003
2973 2341 2531 1681
1852 2341 3232 1681
3510 1811 4310 2250
1501 1469 3510 2250
1485 3269 3598 1855
3387 4199 2026 4183
2635 90 2126 3484
2973 3412 2341 3232
2341 3412 4156 3232
416 415 412 2514
2734 4318 1681 2514
4199 2473 2026 4183
2973 2473 3232 1681
1486 1504 3385 3211
2062 3835 1775 1725
1430 1501 4310 2250
412 415 3510 2250
4182 3106 3377 3853
1428 1503 4318 3211
2237 4224 2250 2514
1429 1399 1430 2774
1504 1429 1430 2774
4310 1811 4118 2250
412 3510 4224 2250
3387 2773 3141 1967
2473 2840 3369 3810
1811 4118 2250 2514
2734 2237 3080 2026
2250 4118 1681 2514
4224 412 2250 2514
3598 2403 1855 3855
3875 3830 2266 2646
415 416 2973 2514
4318 2237 2250 2514
2734 842 2237 2514
1399 1428 2237 4318
1429 1399 2774 4318
4118 3385 2774 3211
1503 1429 1486 3211
3598 3269 4116 1855
412 415 2250 2514
2341 2973 3232 1681
4118 1811 2531 1681
2187 3091 3898 2340
1391 1486 3321 3211
2004 2049 3343 1771
3387 2164 2695 2773
1429 1428 1399 4318
798 1157 2121 3009
1288 1323 1991 4112
2695 3715 3003 2063
1391 1503 1486 3211
1429 1428 4318 3211
2773 3982 2266 2646
3144 2817 3006 4061
1149 1022 4158 1851
3668 1870 3801 2249
2969 3535 4116 1721
3739 3703 3106 3016
3703 2544 3901 2999
987 733 917 3144
3321 1740 4183 1855
1503 1391 1479 3321
2187 2773 2266 2646
2004 3578 2677 2659
1919 3727 3982 3715
2499 2704 1721 3836
3830 3727 3982 2266
3835 3929 1775 2704
2049 3343 1771 3111
2187 3898 2646 2361
2875 2944 2346 3235
1882 2004 2672 2677
3756 2944 2346 2375
1681 4318 4183 1855
2704 3835 2499 1721
2875 1687 1775 4227
1740 3387 2695 2773
194 117 1117 1780
3215 1882 2672 2677
4377 4164 2649 2881
3232 1852 1681 3471
1485 1394 3269 1855
3645 1409 3269 3598
1394 1485 1486 4122
2704 1919 3836 3982
1392 3465 3723 3921
2283 1692 4167 1851
4164 4377 2902 2881
4319 3727 1721 3836
2004 3578 2672 2677
1195 3775 3127 1851
1506 3321 4122 4304
2672 3346 3484 2346
2944 3756 2346 3235
2672 4065 1692 2346
3343 2828 1825 3715
1852 4252 3471 2499
4080 3963 2473 3810
3734 3115 2187 2999
2305 1771 2319 2701
2309 2195 2687 4379
3387 2164 2357 3369
3929 4150 1775 2704
3037 4150 2875 1775
3391 2658 1687 4227
1771 2305 3111 2701
4318 4118 3211 1855
3756 1919 3235 1775
2896 1896 2121 2644
3982 2773 3875 2646
3115 2730 3091 2999
3756 2944 2375 3871
4156 1947 2944 3871
3756 4156 2944 3871
1775 3835 2704 4319
1919 1775 2704 4319
1740 3471 2704 3836
1476 2462 4014 3144
2947 1850 2892 3287
2499 4116 1855 3855
3346 2875 2346 3235
3756 3471 1919 2704
2828 1919 2659 3235
1458 1447 1476 4014
3391 1687 1985 4227
1687 3037 2875 1775
2367 3982 3715 3003
3963 4080 2342 3810
1740 2704 2499 3836
1919 2659 3235 4227
2164 2773 1967 3003
2677 2828 2659 3235
2828 3756 2375 1919
2375 3756 3871 1919
1506 1405 1393 4304
2001 3152 2701 2249
1771 1825 3362 1972
4319 3727 3668 1949
3835 2969 1795 2499
1919 3235 1775 4227
3756 2828 2375 3235
4023 1402 2377 2730
2672 3578 2346 3235
3734 1721 1949 2287
3727 4319 1721 1949
3327 3387 1740 2773
2677 2828 2346 2134
3578 2677 2659 3235
3578 2672 2677 3235
1394 1486 3385 1855
2828 2346 2375 3235
3776 3391 1985 4227
2828 2677 2346 3235
3727 1919 4319 3668
2286 3185 2243 1821
3471 1740 2704 2499
3756 1919 1775 2704
4116 3598 1855 3855
2659 2849 4227 1725
3776 3578 2659 4227
1725 3357 1949 3549
3321 3327 2187 4304
3645 2017 2730 3115
3835 2862 4319 1725
2862 3835 3492 1725
1852 3471 2704 2499
3835 1795 2704 2499
4252 1681 3471 2499
2969 4252 1795 2499
2017 3598 4116 3855
1406 1405 3091 3423
1417 1485 3598 4122
3211 1486 4122 1855
1486 1394 4122 1855
3385 1486 3211 1855
2403 4122 1855 3855
3321 1740 1855 3855
1486 3321 3211 4122
2017 3598 3855 3115
1967 2164 3003 3007
1405 1417 2403 4304
1391 1506 3321 4122
2969 4252 2499 1855
2969 1685 4252 1855
2403 1417 3598 4122
1394 1485 4122 1855
3598 2403 4122 1855
4252 4118 1681 1855
3099 1676 3034 1721
4118 4318 1681 1855
1676 3099 3357 1721
1485 1409 1417 3598
1409 1403 1417 3598
4118 3385 3211 1855
2862 3034 3689 1721
2677 2004 2659 3343
2403 3321 4122 3855
1685 3385 4118 1855
1404 2730 2829 3814
3875 1766 2636 3175
2544 4023 2377 2730
2403 1417 4122 4304
2695 3471 3982 3715
1403 1402 1404 2730
3269 1685 4116 1855
4252 1685 4118 1855
3211 3321 4183 1855
3321 3211 4122 1855
3269 1394 1685 1855
3598 2403 3855 3115
3703 3377 3853 2287
2049 2004 2659 3438
1417 1405 1506 4304
3727 3668 1949 3830
3327 2773 2646 1772
3727 1919 1825 3715
3835 2969 2499 1721
2499 2969 4116 1721
3664 2849 2572 3438
1403 1408 1402 2730
1919 2828 3343 3715
1404 1402 1421 2829
2367 1825 3452 3912
2572 2849 2482 3438
4319 2862 1721 1949
3703 2566 3106 3377
3050 4051 2305 1771
2730 3091 2999 2340
4167 1692 2134 1851
798 734 732 4239
3327 4091 3723 1772
2403 3321 2187 4304
3327 3091 4304 3423
1405 1404 1406 3091
2646 3875 2361 3175
4231 2245 3845 4343
3982 1740 2773 2266
1405 1403 1404 3091
1520 1447 1457 4014
3438 1725 1949 3549
2049 3438 3668 1870
1949 3357 2018 3549
1678 3299 2475 4110
2859 3531 2965 2623
4146 2884 4257 1866
4192 2001 3548 3517
3152 4192 3548 3866
3624 2482 2608 2623
3531 2482 1678 2623
107 105 3058 3737
4379 4201 3152 4343
1771 3343 1825 3111
1919 2828 2659 3343
1400 1447 1446 3584
2305 2049 1771 3111
2493 1782 4192 3363
3703 3901 3734 2999
1313 132 4339 3555
1919 2659 1725 3343
3727 1919 3668 3343
1323 960 1149 4112
1692 2346 2134 4070
1448 1400 1446 3584
1906 1891 3152 2559
1825 2367 3982 3715
4319 1725 3668 3343
1919 4319 3668 3343
4319 1919 1725 3343
4231 3845 3600 4343
2340 3853 3891 2361
3810 3007 3225 1991
3871 2375 1919 3715
3111 2001 2701 2249
2097 2651 1720 4320
1405 2403 3091 4304
2687 2965 3600 4379
3296 2375 2063 2134
2049 3668 3343 3111
3343 3668 1825 3111
3734 3703 3853 2287
3952 2116 3363 3998
1405 1521 4091 3423
3624 2305 2049 1771
3624 2049 2004 1771
3003 2695 2063 3810
195 1120 2121 2644
2473 2164 2342 3810
885 1149 4158 2877
1882 3624 2004 1771
1882 2004 2677 1771
3999 3003 2063 3810
2695 2164 3369 3810
1919 3727 3836 3982
1740 3471 3836 3982
2164 2473 3369 3810
2375 2828 1919 3715
3931 1771 3362 1972
959 1288 1313 4223
3471 2704 3836 3982
2375 3871 2695 3715
3830 1825 3982 3715
3727 3830 3982 3715
3830 3727 1825 3715
3471 3871 1919 3715
3871 3471 2695 3715
3232 2840 3471 3369
3715 2367 3003 3362
3982 3875 2266 2646
1506 1391 3321 4304
1457 1447 1458 4014
3898 2340 3891 2361
1482 798 1400 4239
3013 3560 1864 2105
734 798 2121 4239
1502 297 296 3760
1772 4195 3141 1967
3106 3703 3377 3853
2534 1442 2574 2795
1129 3488 2649 2881
678 745 4080 2342
3327 2187 3898 2646
2817 2342 3319 4061
2183 3349 2954 1679
1766 2902 2636 3175
2108 1697 3009 4047
2773 1772 3141 1967
3727 3836 3982 2266
3833 4006 2319 1864
3111 1825 1972 3107
1391 3321 4304 4091
1393 1520 1457 4091
1406 2340 3891 3423
3855 1721 3115 2266
3723 2357 3144 3921
1336 1022 3127 1851
3258 3126 4223 2363
4006 4051 2319 2909
1115 217 2873 2896
986 1458 987 3967
3225 2817 3319 2873
2473 3232 1681 3369
4014 3723 3144 3921
1458 1476 2462 4014
732 1510 1400 4239
1340 634 3013 3386
948 1313 132 4339
195 196 2644 3488
3321 3327 4091 3723
1740 3855 2187 2266
3327 3387 2773 3723
3836 1740 3982 2266
3387 2164 2773 1967
1442 1495 3360 2795
2357 3387 3723 3141
575 678 3649 2342
1405 1521 1393 4091
4182 2566 1920 1847
2773 3327 3723 1772
1024 4199 3649 2342
2873 3141 1896 2896
3555 2363 3256 1780
1772 1520 4014 3584
3387 3327 3321 3723
2473 1681 4183 3369
1457 1393 4091 3921
4014 1447 1896 3584
117 118 132 4339
734 1115 1896 2896
4223 1288 1991 4112
3387 3321 4183 3723
2357 3387 4183 3723
1391 3321 4091 3723
3321 3465 2026 3723
3465 2357 2026 3723
1391 1392 3465 3723
2026 2357 4183 3723
3321 2026 4183 3723
1479 3465 3321 3723
1391 1479 3321 3723
1479 1391 3465 3723
1393 1391 4091 3723
4199 1024 4080 2342
2773 2646 1772 1967
1772 4014 1896 3584
1391 1393 1392 3723
249 2649 3698 2881
3387 2773 3723 3141
2346 2828 2375 2134
1120 196 2121 2644
2817 2164 3256 3225
4195 3141 2873 2896
2164 2473 2342 3369
2164 3387 2695 3369
3050 1771 3931 3258
1450 1449 1446 1986
1740 4183 3471 3369
1499 1498 2139 4267
3851 2367 3256 1780
29 1227 994 4047
1520 1450 1446 1772
1742 4006 3050 3258
678 1024 3649 2342
3465 2357 3723 3921
3387 1740 2695 3369
217 1115 196 2896
3931 3126 3258 1972
4199 2357 3649 2342
2357 3649 2342 4061
734 196 1115 2896
1520 1457 4091 3921
3465 2462 2357 3921
2357 2462 3144 3921
1392 1457 1458 3921
1393 1457 1392 3921
2473 2840 3232 3369
4183 1681 3471 3369
1026 848 3013 3320
2164 2695 2773 3003
3775 3617 1692 4070
253 885 3225 1991
745 678 575 2342
1488 1478 3465 3760
3296 2063 3810 2877
3296 1851 3126 4112
734 1510 732 4239
3967 2462 4061 3760
3144 2462 2817 4061
247 249 3698 2881
2357 2164 2342 3369
2473 4199 2342 3369
4199 2357 2342 3369
2773 3875 1967 3003
2773 3982 3875 3003
3982 2367 3875 3003
4167 1692 2346 2134
4167 2346 2375 2134
3617 3775 3050 4070
3617 3215 1692 4070
936 948 643 2180
3555 254 3256 1991
1289 254 3555 1991
2001 2609 1978 3548
1022 1336 4158 1851
4158 1336 3296 1851
3050 1771 3258 3833
3999 3126 2363 1991
3999 2063 3126 1991
960 1851 4112 3532
1323 1149 885 4112
3808 2534 2916 2795
2367 1967 3003 3007
2677 1882 1771 4070
3775 3127 3931 4070
2828 1771 3715 3362
2283 1336 3127 1851
3296 2283 4167 1851
2063 3296 2134 1851
3560 2184 3053 2881
3050 3775 3931 4070
1742 3935 4006 2180
3215 1882 2677 4070
3258 4006 3833 2180
1972 3111 3107 2319
1882 3050 1771 4070
2134 2063 3126 3362
1771 2134 3931 3362
2346 2677 2134 4070
2367 3875 1967 4190
2305 1906 3787 2701
2677 1771 2134 4070
1149 960 1195 1851
1149 1195 1022 1851
1692 3215 2677 4070
2134 2063 1851 3126
2063 3810 2877 1991
1851 2134 3931 4070
885 1149 2877 4112
3822 4339 3555 2363
2954 4201 4343 1679
2324 2034 2093 3737
3034 2017 3115 2999
959 1313 936 4223
3999 1972 3851 2363
1697 1505 1986 2108
118 948 4339 2180
1780 3560 2184 3053
3931 1742 4223 3532
3555 3822 2363 1780
2375 2063 2134 3362
2375 3715 2063 3362
1697 4164 2536 4047
1117 3822 3555 1780
3616 3822 3851 2363
3833 3616 3851 2363
3822 3851 2363 1780
4223 4339 2180 2363
3616 3833 2180 2363
3833 3258 2180 2363
643 645 3935 2180
948 645 643 2180
2164 2342 3810 3225
1851 3931 3126 4112
3833 1972 3107 2319
936 1742 4223 2180
936 643 3935 2180
194 1780 3488 3053
1742 936 4223 3532
3931 4223 4112 3532
118 645 948 2180
4158 3296 2877 4112
3999 3126 3362 1972
1771 3931 3258 1972
1825 1771 3111 1972
254 1117 3555 3256
1313 1288 1289 3555
645 3935 2180 2105
1289 132 1313 3555
1198 492 3743 3335
1195 960 958 3532
1440 1449 1515 1986
1442 1495 1516 3360
1825 1972 3107 3975
2323 2035 3986 3613
1452 1442 2534 2795
1684 2651 1992 1720
3889 634 3013 3320
4223 1288 3555 1991
884 885 3963 3225
1505 1449 1986 2108
3258 4223 2180 2363
572 3967 4061 3760
885 1323 2877 1991
1896 2121 2644 2108
3258 3833 1972 2363
1499 1505 1697 3009
2536 2186 2916 3867
1772 1450 1986 3423
3898 2187 2340 2361
2305 2049 3111 2701
573 1488 3967 3760
3775 1742 3931 3532
1780 3822 3560 3053
254 1117 3256 1780
1772 1766 1986 2108
4339 3616 2180 2363
3649 575 2342 4061
3775 958 1742 3532
3256 3225 1991 2873
987 1458 2462 3967
573 574 572 3967
1323 885 2877 4112
1289 1117 132 3555
254 1117 1289 3555
3007 3256 3225 1991
3152 3801 4032 4192
2462 2357 2817 4061
2164 3141 2817 3256
3141 2164 1967 3256
1967 2164 3007 3256
958 937 1742 3532
936 959 4223 3532
1149 4158 2877 4112
1323 1288 959 4112
255 254 3225 2873
2164 3810 3007 3225
3963 1148 3296 2877
3141 4014 3144 1896
1772 4195 1766 2108
572 573 3967 3760
3734 2187 2266 2287
1896 3584 2121 2108
1825 2367 1972 3975
2357 3465 4199 3760
884 255 253 3225
253 885 884 3225
255 254 253 3225
987 574 2462 3006
3007 3999 3256 1991
987 2462 3144 3006
2462 2357 4061 3760
3296 4158 1851 4112
960 1195 1851 3532
2877 3126 1991 4112
1323 2877 1991 4112
1195 958 3775 3532
3126 4223 2363 1991
253 254 1289 1991
1289 1288 253 1991
253 1288 1323 1991
1323 885 253 1991
959 958 960 3532
937 958 959 3532
959 936 937 3532
573 987 574 3967
986 987 573 3967
1488 986 573 3967
1458 986 1488 3967
4195 1772 3141 1896
745 1303 3319 4061
1303 574 3006 4061
745 1303 255 3319
255 884 745 3319
745 884 680 3319
2817 3319 3006 4061
4199 4287 3649 3760
3141 3144 2873 1896
3584 1896 2121 4239
1449 1448 1446 2108
1303 255 3319 3006
1780 4195 2896 3488
3560 3109 2184 2881
574 916 1303 3006
916 574 917 3006
987 917 574 3006
1896 734 2896 4239
1303 916 255 3006
574 572 3967 4061
572 575 3649 4061
575 745 2342 4061
574 1303 575 4061
575 572 574 4061
575 1303 745 4061
4287 1502 3080 3760
1502 296 3080 3760
3080 296 3649 3760
4287 3080 3649 3760
297 1478 1488 3760
296 297 572 3760
1502 1478 297 3760
297 1488 573 3760
572 297 573 3760
254 3256 1991 2873
254 916 217 2873
255 916 254 2873
917 217 916 2873
217 917 1115 2873
254 217 1117 2873
3131 4024 3696 2758
1986 3011 4176 4063
1157 2121 3009 4047
4014 1476 3144 1896
1476 733 3144 1896
917 1115 2873 1896
3144 917 2873 1896
733 917 3144 1896
1505 1496 1697 3360
1496 1499 1697 4267
4195 1896 2896 2644
1697 29 3009 4047
1906 1891 2231 2014
733 734 1115 1896
2140 2534 3808 2795
1447 1510 1476 1896
1449 1450 1515 1986
1115 917 733 1896
1447 1520 1446 3584
196 2896 2121 2644
1697 2536 2916 3033
1120 798 994 2121
1120 994 195 2121
798 1120 734 2121
1120 196 734 2121
994 993 195 2121
1157 994 798 2121
799 732 1400 4239
798 732 799 4239
196 217 2896 3488
1129 194 195 3488
194 196 195 3488
1028 1299 3109 3053
217 196 194 3488
1498 1496 1389 4267
4147 3924 2855 1866
1448 1505 1697 2108
3111 1825 3107 3912
2636 3875 3175 1782
1766 2646 2361 3175
2646 3898 1772 1766
3377 2361 3408 2947
3830 3727 2266 2287
3853 3891 2361 2947
4164 3011 2536 2902
2655 248 2649 3698
2644 4195 1766 4377
2536 4164 2655 4047
2644 4164 1766 2108
2646 1772 1967 1766
3875 2646 1967 1766
1697 3011 4164 2108
2121 2108 3009 4047
3660 1453 3907 2495
3952 3408 2947 2171
29 1157 3009 4047
3833 3851 3560 1864
1446 1450 1986 2108
4195 1896 2644 2108
1449 1440 1516 1986
2902 2186 3517 1850
3703 2018 3377 2287
3152 4151 3866 1679
3584 2121 2108 3009
3952 3408 3363 3517
2644 195 3488 2649
2644 4164 4047 2649
248 945 1013 2655
2636 4377 4190 2184
3975 3851 3560 2184
1888 3975 3560 2184
1340 1014 3109 3698
2501 2489 2729 3986
247 249 2649 3698
3734 3034 3115 2999
848 909 3013 2105
3109 3560 3053 2881
1448 1449 1505 2108
1850 2947 2892 2171
1495 1496 1516 3360
4231 2245 4343 1679
1292 808 3033 3867
3377 4182 3853 2947
1496 1449 1516 3360
1449 1496 1505 3360
1379 586 2338 2787
331 1498 1389 2139
1498 1389 2139 4267
2534 2140 3808 2916
1496 1697 3360 4267
1505 1448 1697 3009
1157 1482 31 3009
29 1157 1523 3009
2186 2916 3867 2787
2536 4164 2902 2655
1198 1014 3698 3335
2489 2550 3663 3667
1850 2186 2892 2916
2139 3808 3033 2795
3743 3284 2723 3767
3284 2609 2116 3548
701 3463 3861 2501
3616 118 2180 2105
1448 1400 3584 3009
1227 993 4047 2649
248 1227 2655 2649
1400 1482 2121 3009
3584 1400 2121 3009
1482 1448 1523 3009
1448 1499 1523 3009
31 1482 1523 3009
3271 1951 2089 3613
1499 1448 1505 3009
195 1129 3488 2649
1482 1400 1448 3009
994 1227 993 4047
994 1157 29 4047
906 1227 29 4047
4188 2002 2900 3943
2655 1227 4047 2649
1888 2323 3107 2001
3551 2625 3789 2415
249 195 993 2649
248 249 993 2649
195 249 1129 2649
248 247 249 2649
1227 248 993 2649
4051 1829 2729 2570
635 1232 634 3889
554 1232 635 3889
3383 3284 2609 2116
1080 1232 554 3889
634 633 635 3889
1056 1218 4196 2688
1027 1232 1080 3889
3085 4188 2900 3943
550 554 553 3239
4164 2902 2655 3109
3013 1340 3386 2912
3107 1888 3975 1864
4271 2501 2489 3663
2536 810 2655 3698
1057 1056 2550 3667
247 1340 3109 3698
1949 3668 3549 3801
1026 1340 634 3013
2186 2536 2902 3335
1972 2367 3851 3975
1026 1028 1340 3013
848 909 1026 3013
1028 1026 119 3013
1026 909 119 3013
1098 227 4271 2489
3851 1780 3560 2184
2902 4377 2636 2184
1888 2636 3975 2184
117 119 3616 3053
3975 2636 4190 2184
1340 1028 247 3109
645 118 909 2105
1028 1299 247 3109
3789 1829 2570 4320
227 228 1098 4271
3109 2902 2184 2881
848 3013 3320 2105
2186 2902 2116 3335
634 3889 3013 3386
945 810 2536 3867
1340 3743 3383 3335
909 848 657 2105
4135 1779 3767 2338
2323 4051 1906 3613
635 633 3743 3386
633 635 3889 3386
1340 633 634 3386
3463 4271 2395 3663
2478 3044 1992 1720
2001 3152 3548 2559
1340 1014 3743 3335
2961 3529 2393 3740
1986 1766 3891 4176
1825 3830 3875 3452
1450 1521 1515 3423
810 1198 3698 3335
2180 4006 1864 2105
1674 3153 2478 3044
3109 2902 3383 1888
3383 3743 3284 3335
2902 3383 2116 3335
1715 2038 3445 2495
1727 1674 2138 3044
1014 3109 3698 3335
4135 2277 4387 3767
2536 810 3698 3335
2902 2536 3698 3335
2140 587 2038 2495
3239 553 3092 2633
1014 1340 3109 3335
3109 1340 3383 3335
2902 3109 3383 3335
3109 2902 3698 3335
4135 1779 2723 3767
492 490 3743 4312
1127 809 3808 2787
2038 2186 2338 2787
2277 482 4387 3767
809 493 3867 2787
494 1219 491 3767
118 645 2180 2105
1727 2138 3061 3044
3861 3463 3882 2415
3833 1771 1972 2319
1766 3875 2636 4190
1967 3875 1766 4190
2636 1782 4192 3452
3851 2367 1780 4190
4182 2947 2171 3287
3327 4304 4091 3423
2266 2187 2646 2361
3529 2961 2056 3740
3107 1888 2001 3912
1782 4032 4192 3452
4377 1766 2636 4190
847 848 3320 2105
2649 3109 3698 2881
1727 2093 2688 3058
4377 1766 2902 2636
2636 3875 1782 3452
2636 3408 3175 3517
909 118 3616 2105
1829 4051 3050 2319
3616 2180 1864 2105
3935 4006 2180 2105
1888 3975 3452 3912
2367 3851 3975 4190
4006 1829 3050 2319
2493 3377 2171 2675
1825 2367 3975 3912
123 124 972 3405
4195 1766 4377 4190
4195 1967 1766 4190
3107 3833 2319 1864
2912 3013 3560 1864
1780 3851 4190 2184
1780 4195 4377 4190
1967 4195 3256 4190
3256 4195 1780 4190
2367 3256 1780 4190
2367 1967 3007 4190
3007 1967 3256 4190
2367 3007 3256 4190
3320 3013 1864 2105
3822 3851 1780 3560
3822 3616 3851 3560
3616 3833 3560 1864
119 909 3616 3053
3833 3107 3975 1864
117 3822 1780 3053
1299 3109 3053 2881
249 1129 2649 2881
2902 4377 2184 2881
1129 1299 3053 2881
3488 2644 2649 2881
2644 3488 4377 2881
1299 247 3109 2881
2644 4377 2649 2881
4164 2902 3109 2881
4377 1780 3053 2881
3861 3551 1948 2415
119 3013 3560 3053
639 972 2591 3405
3289 2539 2002 2949
3861 124 3405 3882
2609 2323 2912 1864
2609 2912 1888 1864
3551 1684 2625 2415
2323 2609 1888 1864
2323 1888 3107 1864
1129 194 3488 3053
3013 3109 2912 3053
2912 3109 3560 3053
3013 2912 3560 3053
1299 119 1129 3053
1129 119 117 3053
1028 119 1299 3053
1129 117 194 3053
1951 2489 2035 3986
1129 249 1299 2881
249 247 1299 2881
2550 3153 2395 3663
2599 2808 3728 3696
1671 3068 3499 2991
556 3556 2179 3526
3354 1912 4036 3338
4036 3185 2754 3338
3153 1727 3061 3044
1713 2307 2781 2779
701 228 3463 4271
641 4236 3547 3130
4006 2105 1948 2035
2501 1948 3937 2035
1098 847 1027 3937
1098 227 2489 3937
3153 1674 1727 3044
2960 3410 2758 1720
2501 3861 1948 2415
1684 3551 3405 2415
972 3405 3882 2029
1098 701 658 2501
3882 2395 2029 1992
2550 4271 2489 3663
639 641 2591 2029
641 972 973 3882
124 973 972 3882
641 1264 642 3547
2049 3668 3111 2249
3320 847 2105 3937
1027 3320 2489 3937
227 1057 2550 2489
3104 3227 3289 3436
2912 3013 1864 2035
4006 1948 2570 2909
2138 3061 3044 1720
1057 229 227 2550
1057 1056 229 2550
3597 3446 3526 2799
1951 3271 2478 3613
1218 229 1056 2550
3320 3013 3386 2035
3063 3882 2395 2029
1868 2611 3600 3717
3045 4306 2002 3308
3870 1806 3130 2758
2924 661 2932 2990
658 2501 1948 3937
847 657 2105 3937
975 3063 2395 4196
1671 3068 2552 4188
972 639 2591 2029
3068 1849 3131 3696
227 1027 2489 3937
861 981 647 3870
3632 3597 3526 2799
975 229 2550 2395
228 3463 4271 2395
228 974 3463 2395
2501 4271 2489 3937
2501 1098 4271 3937
229 975 974 2395
229 974 228 2395
2729 4051 2570 2909
2323 2609 2912 2035
3011 2536 2902 1850
2093 2688 3058 3737
3556 3446 2179 3526
1027 1080 227 2489
227 1080 552 2489
472 470 3632 3526
552 1057 227 2489
2093 3436 2307 2780
1098 658 847 3937
227 1098 1027 3937
657 847 658 3937
981 642 3547 3130
3446 3556 2924 3526
3556 556 2924 3526
1684 2591 3410 2029
1235 471 469 2543
1924 553 3239 2633
556 472 2924 3526
3063 973 3882 2029
811 106 2034 3737
470 556 555 3526
1235 705 471 2543
556 470 472 3526
2097 3299 1751 2991
640 821 3317 3522
4295 364 2599 3522
981 470 647 3194
263 364 4295 3522
3728 263 2970 3522
646 647 470 3194
364 647 646 3194
3463 3882 2415 1992
2395 3063 2029 3061
3405 1684 2415 2029
2910 968 4153 3538
976 1235 3063 4196
975 976 3063 4196
3125 1727 2138 3061
3045 1849 3227 2002
975 1218 1235 4196
1218 705 1235 4196
1164 1163 1251 3354
229 1218 975 4196
975 1235 976 4196
3597 1849 1932 3696
1806 2599 3728 3696
2552 3068 3131 3696
1359 263 3662 3522
1359 3662 2804 3522
2808 2599 2799 3696
3663 1951 2478 2729
2651 1684 3410 1720
2097 4051 4320 1848
1932 2808 2599 2799
1849 2759 3131 3696
3171 2932 2779 2990
642 641 3547 3130
3068 1849 2759 3131
3131 2759 2138 3061
2759 2706 2138 3061
641 639 972 2029
640 1806 4236 3130
640 821 3522 3130
2706 2524 2138 3061
263 861 364 3522
1359 821 263 3522
821 1359 820 3522
2706 2759 3131 3061
2543 2706 3125 2524
640 642 861 3130
861 642 981 3130
640 641 642 3130
821 640 861 3130
4328 4024 2552 2960
321 1167 2471 4067
1700 3410 4328 2960
3410 1700 2595 2960
2595 1700 4328 2960
2692 1806 4024 2758
323 106 1184 4046
2489 1951 2729 3986
2552 3068 2960 3131
4024 2552 2960 3131
2960 4024 3131 2758
4236 2692 2591 2758
3446 3597 1932 2799
2706 3870 2759 2799
981 3194 3870 2799
3632 3526 3194 2799
1932 2599 2179 2799
2706 981 3870 2799
1829 4051 2729 4320
3194 2599 3870 2799
2706 3597 2759 2524
3582 2539 1723 1706
1727 2093 3058 2780
2323 4051 3986 2909
2179 2599 3194 2799
4236 2591 2029 2758
4192 4032 2001 3912
1236 705 3125 3058
3446 1932 2179 2799
3632 2706 3597 2799
3597 2706 2759 2799
3446 2179 3526 2799
3526 2179 3194 2799
3870 2759 3696 2758
1806 3870 3696 2758
4236 2029 3547 2758
4236 3547 3130 2758
2706 2029 3131 2758
2029 2706 3547 2758
3547 2706 3130 2758
3870 3130 2759 2758
3130 2706 2759 2758
2759 2706 3131 2758
3668 1825 3111 2249
2116 2186 3335 2723
3515 3181 2454 1900
3173 3493 1877 3308
2838 1678 3621 2475
3503 3045 1741 3227
1936 1847 2675 2597
1848 2478 2231 3613
3152 2559 4343 1679
1864 3320 2105 2035
2489 2501 3937 2035
3320 3889 2489 2035
3597 2543 2990 2780
3889 3320 3386 2035
2105 3320 3937 2035
2415 3882 2029 1992
1751 1671 3499 2991
3503 2727 2867 1741
1219 4387 3767 2338
3125 1727 3058 2780
3236 2245 2243 1698
3504 3634 1932 1741
3503 3634 2727 1741
3181 4248 2454 1900
1849 3104 3227 3289
2002 4306 3943 3308
2050 1727 3436 3329
2961 3563 3236 2938
2089 3271 1698 2350
2595 1671 3299 1751
1674 1727 2138 3104
2478 3663 2729 1992
1674 1727 2050 3329
1727 1674 2050 3104
2552 3085 4188 2900
2035 2323 3986 2909
3068 1849 2552 2900
4297 1868 2611 3600
2570 2035 3986 2909
4051 1829 2570 2909
2489 2501 2035 3986
3531 2854 1868 3717
2489 1951 3663 2729
2138 3131 3061 1720
2552 1849 3696 2900
3410 1684 2029 1720
1684 2415 2029 1992
2501 2489 3663 2729
2029 2395 3061 1992
2186 2116 1779 2723
1879 3812 3758 3092
3071 1821 4311 3873
551 1057 552 3667
2489 1951 2035 1924
1056 1057 551 3667
2867 3597 3446 2990
3783 2475 2949 3249
3634 1849 1932 1741
3758 2089 3239 3092
3299 1848 1751 2014
2501 1948 2035 2570
3061 2029 1992 1720
1948 2501 2415 2570
4006 3935 3789 2570
3789 3935 1948 2570
3789 1948 2415 2570
4051 2323 3986 3613
2456 1671 1678 3299
2035 2501 2570 3986
2595 1671 2456 3299
1671 4025 3621 4188
3104 1751 3499 2991
2595 2456 2097 3299
2501 2415 2570 1992
3663 2501 2570 1992
2415 2570 1992 4320
2574 1850 2947 3287
2651 3789 2415 4320
2097 2456 3454 3299
610 1879 3873 4046
4006 2319 1864 2909
1829 2651 2097 4320
3882 3463 2395 1992
2395 3463 3663 1992
3463 2501 3663 1992
3153 3663 3044 1992
3153 2395 3663 1992
2395 3153 3061 1992
3061 3153 3044 1992
3861 3463 2415 1992
3463 3861 2501 1992
2501 3861 2415 1992
3131 2960 2758 1720
2029 3131 2758 1720
3131 2029 3061 1720
2319 2323 1864 2909
1864 2323 2035 2909
2729 2570 3986 2909
4051 2729 3986 2909
4051 4006 1829 2909
4006 1864 2035 2909
2034 2324 2093 1900
2351 2710 2819 2812
3668 2049 1870 2249
1677 3085 3655 2900
3783 1717 1983 2475
2808 3655 2552 2900
3624 2482 2049 2608
1906 1891 2014 3787
3106 4182 3016 3853
3299 1848 2014 3787
3531 2965 2623 3717
2014 3299 3787 2623
4192 3152 2001 2249
3357 3734 1949 2018
2351 3182 2812 1713
2266 2646 2287 2361
2017 2377 2730 2999
1870 1891 3152 2249
4280 1920 1847 2845
2047 2256 1979 2611
3236 4030 2243 3064
2256 1868 1979 2611
2256 4297 2611 3845
2256 1966 4297 3845
2231 4231 2245 3845
2854 1942 2611 4110
3600 2611 2014 4110
741 743 3117 2471
3787 2014 2623 3717
1891 4231 2231 3600
1848 2305 1906 3787
2854 1678 2475 4110
2721 1164 3354 2754
2859 2572 2482 2608
3045 2539 3227 1706
2482 2572 3438 2608
1698 4311 3812 2350
1847 3924 2855 2845
3709 1827 3515 2645
1252 3185 3117 3338
1726 3445 1779 2338
554 1080 3889 1924
4311 1879 3812 2350
1779 3998 2805 3740
3386 3889 2035 1924
114 113 115 4329
1133 479 1073 4387
3354 4036 2754 3338
3504 3597 3446 1741
1849 3068 4188 2900
3085 1671 2552 4188
3068 2002 4188 3499
1751 3499 2475 2949
3182 3713 2812 1713
2539 3045 2002 3308
1713 3538 2324 2779
1727 3436 2093 2780
3085 3173 1877 3943
1179 490 4333 2397
3515 1713 3181 1900
4184 2093 3329 1900
2034 2093 4184 1900
1727 4184 4046 2688
811 1349 105 3737
1349 703 105 3058
3104 1741 3436 2307
1713 2324 2307 2779
550 1879 3758 3239
4055 4299 3060 1809
492 3743 3335 2723
4013 1827 3523 2645
2932 661 2779 2990
4055 100 4299 1809
3639 1821 1698 4311
1307 2176 4067 3092
2111 3592 1693 2645
2543 3125 3058 2780
1389 1471 3808 4267
4248 2634 2454 1900
1317 741 867 2471
483 3117 2471 4067
1674 2138 3044 1751
1677 4306 3173 3943
3227 2539 3289 3878
3499 3621 2475 2949
1720 2097 3299 1751
2478 1720 1848 1751
1674 2478 1848 1751
3655 3085 2552 2900
2838 1717 1678 2475
2478 3044 1720 1751
2478 1674 3044 1751
1849 3104 3289 3499
1849 3068 3104 3499
880 80 4248 2454
3289 2002 3499 2949
2808 4001 3655 2900
3634 1849 4306 2900
1849 3634 4001 2900
4001 3634 4306 2900
4001 1677 3655 2900
4001 4306 1677 2900
3104 2138 1751 2991
3068 2138 3104 2991
3068 3104 3499 2991
3068 2960 3131 2991
3068 3131 2138 2991
3131 2960 1720 2991
2138 3131 1720 2991
1677 3085 2900 3943
3085 1677 3173 3943
4313 2351 2761 1706
2554 2854 3783 1942
2539 3582 1723 3928
1693 3078 3249 3928
3227 3289 3436 3878
1983 1717 2838 2475
3943 1877 4264 3308
1983 3621 1877 4264
4188 2002 3943 4264
1877 4188 3943 4264
1912 2176 2938 4067
2200 4197 3045 3308
2539 2002 4264 3308
2200 1723 3493 3308
2002 3943 4264 3308
4197 2200 3493 3308
3173 1877 3943 3308
3493 1723 4264 3308
3523 3709 1693 2645
2050 3515 2389 3329
1693 2047 3249 2389
2067 3181 4055 2454
205 865 880 2634
4306 3173 3943 3308
4197 3493 3173 3308
1962 4306 3045 3308
4197 1962 3045 3308
1962 4197 4306 3308
4299 1713 1809 2910
2286 3961 1821 3515
3289 2539 2949 3249
2047 2554 1693 3249
1693 2554 3783 3249
1278 2067 4055 2454
3713 3515 1713 3181
2047 2854 2554 1942
4030 4036 2243 3064
4248 80 3060 2454
3289 2050 3878 3249
2539 3289 3878 3249
3582 1723 3040 1706
3040 1723 2200 1706
3045 2200 3308 1706
2539 3045 3308 1706
3985 2351 2842 1706
2819 3582 3040 1706
2842 3040 1824 1706
3985 2842 1824 1706
2200 1723 3308 1706
1723 2539 3308 1706
2819 3040 2842 1706
2351 2819 2842 1706
79 866 3961 2634
1674 3249 4000 2389
914 968 3538 2324
4313 3878 3713 2812
2025 3972 3167 1809
4055 3181 3060 2454
2231 1891 3600 2014
1827 78 2396 3961
2687 4297 3845 3600
2854 2611 3717 4110
1167 743 321 2471
2006 2286 3185 2243
3758 2089 1924 3239
3349 2183 4146 1965
3548 2961 2559 1679
4151 3549 1870 3801
2323 2035 3613 1978
2286 1821 3903 3639
4280 3924 1955 2845
1252 992 741 3015
2414 2631 1920 2845
1965 3529 3043 4018
2938 1879 4311 2471
2135 3781 1866 3043
2025 920 1809 2910
3781 4147 1828 1866
4192 2493 3363 3866
3349 1936 2675 2597
3716 851 3910 3015
1847 1936 2855 4257
3349 1936 2597 4257
2231 4231 3845 3600
1848 1906 2231 2014
2965 1891 2608 3717
3438 2049 2608 1870
2305 2097 3299 3787
1784 3357 3542 3549
3299 2097 1848 3787
3531 2859 2482 2623
3787 3624 2608 2623
1879 321 3873 2471
2243 2286 1821 3903
2256 2286 2243 3903
3207 2256 1979 3903
2884 4147 4241 2855
741 3117 4030 2471
4182 1920 3450 2845
3666 4182 3450 2845
2288 1676 2904 2018
3668 3438 1949 3549
3542 3357 1725 3549
1891 3600 2014 3717
2377 2544 2730 2999
1891 2014 3787 3717
3357 4151 2018 3549
1674 1848 2231 2014
1674 2231 4000 2014
4151 2904 3357 2018
2231 2611 4000 2014
2611 2231 3600 2014
2049 1891 3787 2608
4201 4151 1784 1870
2965 1868 3600 3717
3438 3542 1725 3549
4000 1942 2014 4110
3600 2014 3717 4110
2854 2475 1942 4110
2611 3600 3717 4110
3454 3624 3299 2623
3299 3624 3787 2623
3531 2854 3717 4110
3299 1678 2623 4110
1891 3787 2608 3717
2608 3787 2623 3717
2854 3531 1678 4110
1678 3531 2623 4110
2623 3531 3717 4110
3145 2288 2904 2018
4151 3145 2904 2018
1520 1450 1772 3423
3152 2493 3801 4192
2559 3152 3866 1679
4201 3152 4343 1679
3668 3438 3549 1870
2609 3284 1978 3548
1679 3349 2597 2393
1404 1421 1407 3814
3290 624 2878 2815
4379 4201 1870 3152
2608 1891 4379 1870
3115 3091 2187 2999
2636 4192 2001 3452
3542 1784 3549 1870
1784 2904 3357 3549
1516 1442 3360 2574
1891 4379 1870 3152
2323 1906 2001 2559
3145 1936 2288 2675
4201 4151 1870 3152
3952 3408 3517 1850
3901 2544 3686 2999
3637 1784 3542 1870
1784 3637 2195 1870
479 1219 1073 4387
2018 1949 3549 3801
2965 2608 4379 1870
2965 2859 2608 1870
2572 3438 2608 1870
2859 2572 2608 1870
3801 2493 4032 4192
2017 2544 2377 2999
2195 2859 2965 1870
2195 2965 4379 1870
3637 2859 2195 1870
2572 3542 3438 1870
3637 3542 2572 1870
2859 3637 2572 1870
2609 2323 1888 2001
2089 1978 1924 2633
1920 4182 1847 2845
1133 983 4129 1726
1906 2323 2001 2701
1779 2186 2723 2338
1888 2116 2001 3517
2493 1782 4032 4192
2536 810 2723 3867
2902 2186 2116 3517
2902 2636 3175 3517
2566 3703 2018 3377
2544 2017 3722 2999
3722 2017 3686 2999
2544 3722 3686 2999
3686 2017 3034 2999
1676 3686 3034 2999
1676 3034 3734 2999
1404 1406 3091 3814
2730 1404 3091 3814
3830 1825 4032 3912
3727 3836 2266 2287
1422 1522 4316 1765
1808 1422 4233 4316
3739 2544 3901 3016
3703 3739 3901 3016
2544 3703 3901 3016
1955 4262 2845 2369
809 1292 3808 3867
1427 1416 3399 1765
3152 4192 2001 3548
1406 1404 1407 3814
2559 4231 4343 1679
1715 3666 3287 3450
3111 3107 2001 3912
3727 1721 3836 2287
1406 3091 3814 2340
833 851 2396 3015
2999 3016 2829 2340
2730 2999 2829 2340
4032 4192 3452 3912
2187 3734 2999 2340
3830 2493 1782 4032
3734 1949 2018 2287
2367 1825 3875 3452
2361 3408 4176 3175
2636 1888 3975 3452
4304 1405 4091 3423
1521 1520 4091 3423
1949 3727 3830 2287
4051 2305 2319 2701
1891 4379 3152 4343
2186 3952 2116 3517
1441 1461 4233 4316
1766 2361 4176 3175
1847 2171 2675 2597
1416 1427 1522 1765
1450 1515 1986 3423
1986 1515 3891 3423
2186 3952 1850 2892
3898 1772 1766 3891
3377 2340 2287 2361
1721 3734 2266 2287
3836 1721 2266 2287
3898 1772 3891 3423
1772 1986 3891 3423
4147 3924 3290 2427
2636 3975 4190 3452
3011 1766 4176 3175
1515 1440 1986 3891
1986 1516 3360 4063
3360 1516 2574 4063
4176 4063 1850 2947
3327 4091 1772 3423
3091 1405 4304 3423
1406 3091 2340 3423
3898 3327 1772 3423
1407 1406 3814 3891
3814 1406 2340 3891
1407 3814 2340 3891
1891 1906 3152 2701
3383 2902 2116 3517
4176 3011 3175 1850
1440 1515 1407 3891
2947 3666 2171 3287
1521 1406 1515 3423
1515 1406 1407 3423
1521 1405 1406 3423
1520 1521 1450 3423
4063 2574 1850 2947
1920 4182 3450 1765
1697 1505 3360 4063
2038 2140 2534 2916
2056 2330 4135 3740
2361 3891 4176 2947
2574 2947 1808 3287
3011 1697 2536 4063
3808 1292 3033 3867
2493 3377 3363 2171
3830 2493 2018 1782
2018 2493 2287 1782
3830 2018 2287 1782
2049 2305 3787 2701
3975 2367 4190 3452
4231 2245 1679 3563
587 584 2038 2495
2287 3377 2361 1782
3875 3830 2646 1782
2361 3408 3175 1782
2361 3377 3408 1782
3875 2361 3175 1782
2646 2287 2361 1782
3875 2646 2361 1782
2266 3830 2287 1782
3830 2266 2646 1782
2646 2266 2287 1782
1949 3668 3801 4032
3668 1949 3830 4032
2018 1949 3801 4032
2493 2018 3801 4032
3830 1949 2018 4032
2493 3830 2018 4032
3290 1950 1955 2815
3408 4176 1850 2947
2902 3383 1888 3517
2307 3597 2990 2780
3284 2116 3998 3548
1782 4192 3363 3517
2116 3363 3548 3517
3875 3830 1782 3452
1906 1891 3787 2701
1782 3830 4032 3452
3975 2367 3452 3912
2636 1888 3452 3912
1888 2636 2001 3912
2001 2636 3452 3912
1891 2049 3787 2701
2534 1715 2892 3287
4192 2636 2001 3517
2319 2323 2909 2701
4051 2319 2909 2701
2323 4051 2909 2701
3107 2323 2319 2701
3111 3107 2319 2701
3107 3111 2001 2701
2323 3107 2001 2701
3998 2597 2805 3740
2636 1888 2001 3517
2636 2902 1888 3517
3016 3739 2829 1765
3152 1891 2701 2249
2049 3111 2701 2249
1891 2049 2701 2249
2049 1891 1870 2249
3666 1847 4270 2805
1407 1440 3891 1808
3363 3548 3866 2597
3377 3408 1782 3363
2493 3377 1782 3363
2323 2001 1978 2559
4241 3349 4146 4257
1936 4280 1920 1847
25 1423 1082 4066
3363 3866 2675 2597
3271 4231 1906 2559
3271 2323 1978 2559
1978 2001 3548 2559
2559 4231 1679 3563
1966 2183 2245 3064
501 15 3293 3019
1421 1416 1422 1765
2277 2056 4135 4387
2892 3952 3666 2805
2884 2135 1828 1866
2493 3152 3801 3866
1439 2574 1808 4233
1810 1163 2721 2754
481 483 480 2056
4135 2056 3740 4387
1726 1779 4135 4387
3363 4192 3548 3517
2493 3363 3866 2675
2001 2116 3548 3517
3284 2277 1978 2330
3251 2597 2393 3740
2288 2566 2018 2675
2018 2566 3377 2675
2183 1966 2245 1679
2493 2018 3377 2675
4241 4280 1936 2855
3145 2288 2018 2675
4192 3363 3548 3866
3145 3349 1936 2675
1936 2566 2288 2675
2001 1906 2701 2559
3152 2001 2701 2559
1906 3152 2701 2559
1906 2323 3613 2559
3271 1906 3613 2559
2323 3271 3613 2559
3952 2892 3666 2171
1422 3016 2829 1765
2340 1407 3891 1808
4151 2493 3801 3866
3739 3399 2829 1765
4231 1891 3152 4343
3548 2559 3866 1679
2534 1715 3287 4233
2536 3011 4063 1850
3666 4182 2171 3287
1522 1427 4316 1765
1442 2534 2574 4233
4182 1808 3450 1765
1439 1442 1516 2574
4146 3349 1965 4257
1850 2574 2892 3287
1440 1439 1516 2574
1879 3758 3239 3092
2183 1965 2770 2753
3071 610 3873 4046
1164 1294 2721 3043
1462 1463 1461 2369
3175 2902 3517 1850
3408 3175 3517 1850
2961 2183 3563 2393
2186 2038 2892 2916
2916 3808 3033 3867
1440 1439 2574 1808
2892 2947 3666 2171
3408 3952 3363 2171
4182 3016 3853 1808
3853 3891 2947 1808
1463 1514 4262 2369
1422 1407 3814 1808
4182 3016 1808 1765
3363 2493 2171 2675
3377 2566 2171 2675
2038 2186 2892 1779
717 2176 2633 4333
3924 2845 4270 2427
1452 1451 1423 3907
4151 2493 3866 2675
3952 1850 2892 2171
1850 3952 2947 2171
3891 4063 2947 1808
3251 1847 2855 4257
2534 1451 1715 4233
1936 4241 2855 4257
3952 2116 3998 1779
3016 3814 3853 1808
1440 2574 4063 1808
3814 1407 2340 1808
3814 2340 3853 1808
3016 1422 2829 1808
3016 2829 3814 1808
1986 1440 4063 1808
1440 1986 3891 1808
3891 1986 4063 1808
1421 1422 3814 1808
1422 1421 2829 1808
2829 1421 3814 1808
1439 1407 1422 1808
1427 2631 4316 1765
1440 1407 1439 1808
1453 1490 3293 3660
1439 1442 2574 4233
1422 1439 1808 4233
4182 1808 3287 3450
1514 1427 2631 2369
1441 1461 1451 4233
1442 1441 1451 4233
1715 3287 4233 3450
1442 1439 1441 4233
1441 1439 1422 4233
2631 4316 3450 2369
2675 3866 1679 2597
1421 1422 2829 1765
2954 4201 2687 4343
1779 1726 4135 2805
2597 3251 2393 4257
1441 1522 1462 4316
1522 1427 1462 4316
1441 1462 1461 4316
1441 1422 1522 4316
2245 2687 3845 4343
3866 3548 1679 2597
2286 1821 3639 3515
1462 1461 4316 2369
1427 1514 1462 2369
2631 1427 4316 2369
1427 1462 4316 2369
1461 1453 1451 3907
1950 1463 4262 2369
4316 1461 3450 2369
1810 2721 3354 2754
3450 1715 2845 2369
3666 1847 2845 4270
3952 3363 2171 2597
3349 2675 1679 2597
2961 2559 3563 2330
1965 3349 2393 4257
1252 853 3015 2754
2884 4241 4146 4257
1950 3290 2878 2815
3384 1950 2878 2815
3371 2721 4146 2753
1966 2183 2954 1679
1966 2954 4343 1679
2245 1966 4343 1679
3145 3349 2675 1679
3145 4151 4201 1679
2534 3660 3907 2495
1955 1950 2845 2427
671 587 2140 2495
4151 3145 2675 1679
3866 4151 2675 1679
3924 4147 1955 2427
1715 2845 2369 2427
2845 1950 2369 2427
3284 1978 3548 2330
3924 3290 2427 4077
100 1278 2067 4055
116 4129 1726 3529
3998 3952 1779 2805
2892 3445 1779 2805
3924 4280 2855 2845
4147 3781 3290 1866
3924 1726 1866 4018
2961 3548 2559 2330
3271 2231 2743 1698
1193 116 1726 3529
3781 3290 1866 4018
2295 2884 4146 1866
2534 2038 1715 2495
928 1487 3384 3019
1133 114 116 1726
585 114 1133 1726
116 983 1133 1726
48 623 3290 4077
1773 2427 2815 4077
4241 4147 4280 2855
4147 3290 4077 1866
2855 3251 4257 1866
3998 3284 3548 2330
3529 1726 3740 4387
1965 2183 3529 2393
2183 2961 3529 2393
3251 1965 3529 2393
1490 1387 3293 2679
4280 2414 1920 2845
1715 3666 3450 2845
3349 2597 2393 4257
4036 4030 3236 3064
115 116 4329 4018
1251 604 2770 3354
1966 1810 3371 2753
3236 3563 2743 2938
1847 3251 2597 4257
1936 1847 2597 4257
3450 1920 1765 2845
2631 3450 1765 2845
1920 2631 1765 2845
1461 1715 2369 3660
2231 3845 3563 1698
4262 2631 1955 2845
1715 3666 4270 3445
4129 1726 3529 4387
2770 1965 3354 2753
1715 2534 2892 3445
2534 2038 2892 3445
1715 1461 4233 3660
1133 585 1726 4387
4129 481 2056 2770
500 1082 1526 4066
1369 1082 500 4066
1715 2369 3660 2427
2006 1966 2256 2243
1490 1453 1461 3660
2140 671 2495 4066
2038 2534 1715 3445
3924 1847 2855 4270
3251 3924 2855 4270
1138 190 1139 3043
1451 1453 1423 3907
14 15 501 3019
623 15 3384 2815
1461 1451 3660 3907
1773 15 2815 2679
1955 1950 2427 2815
2038 585 1726 4270
3284 3998 1779 4135
3071 1879 4311 2350
3952 1847 2171 2805
1451 1715 4233 3907
14 1473 1387 3019
3998 1779 4135 3740
1487 3384 3019 2679
1453 1461 3660 3907
3563 2961 3236 3064
1193 605 3529 3043
624 623 3384 2815
115 48 3781 4077
1526 1423 3907 4066
1526 3907 2495 4066
25 1082 1081 4066
1715 3660 2495 1773
605 1294 1164 3043
1082 671 1081 4066
1138 1139 3781 3043
2183 1965 3529 2770
1369 1526 2495 4066
3445 1726 1779 2805
4129 3529 2056 4387
1847 3666 2171 2805
1073 585 4387 2338
1218 1236 3125 2688
3592 4013 3523 2645
851 850 853 3015
2634 3515 1900 2500
4030 2243 1821 1698
4311 867 3873 2500
2038 3808 2916 2787
2892 3666 3445 2805
2116 3284 3998 1779
3666 4270 3445 2805
1821 2243 3639 1698
1693 3249 3713 2389
3284 2277 4135 3767
3952 2892 1779 2805
1847 3251 4270 2805
4270 1726 3445 2805
2089 1924 3092 2633
480 4129 2056 4387
2277 1978 2330 4333
3998 3284 2330 4135
3743 2277 3767 4312
480 482 2056 4333
633 635 3743 2397
1726 4135 3740 4387
2534 2574 2892 2795
2330 1978 2743 4333
1978 2089 2743 2633
3889 554 1924 2397
3284 4135 2723 3767
1473 14 3293 3019
2534 1715 3660 2495
2743 2089 3092 2633
3363 3998 2597 2805
3952 3363 2597 2805
3363 3952 3998 2805
833 850 851 3015
551 550 3758 3239
1726 1779 4387 2338
1726 2038 3445 2338
490 633 3743 2397
1978 3386 1924 2397
635 3889 3386 2397
2034 1900 3071 2500
1965 2721 3354 2753
717 484 1307 2176
3153 1727 3667 2688
606 1251 1163 2754
321 743 1317 2471
2721 1810 3354 2753
480 484 717 2176
1912 2961 3236 2938
1779 4135 4387 2338
3386 3889 1924 2397
482 1219 479 4387
482 479 480 4387
3384 15 3019 2815
1248 113 114 4329
2369 1490 3660 2679
741 3015 3185 3117
2427 1773 2815 2679
3781 48 3290 4077
2006 1966 2243 3064
671 1369 672 2495
671 672 584 2495
584 587 671 2495
15 623 113 2815
2038 585 4270 1773
113 115 4329 4077
4270 3924 2427 4077
1912 2183 2753 3064
1965 2721 2770 3354
3290 623 2815 4077
585 1726 4270 1773
585 114 1726 1773
4146 2721 1965 2753
2231 3563 2743 1698
114 1726 1773 4329
3019 3384 2815 2679
3293 15 1773 2679
1490 3293 3660 2679
3660 3293 1773 2679
1950 2427 2815 2679
1248 584 672 1773
1248 114 584 1773
4270 1773 4329 4077
672 501 1248 1773
501 113 1248 1773
3924 4270 4329 4077
113 501 15 1773
584 114 585 1773
115 113 623 4077
115 623 48 4077
2427 3660 1773 2679
2369 3660 2427 2679
1950 2369 2427 2679
1950 1463 2369 2679
1463 1490 2369 2679
1463 1487 1387 2679
1490 1463 1387 2679
605 481 4129 2770
3781 1866 3043 4018
1138 3781 2135 3043
605 1251 3354 3043
605 1164 1251 3043
1294 1139 190 3043
1139 115 3781 4018
3290 3781 4077 4018
1193 1139 3043 4018
604 605 1251 2770
1251 1164 3354 3043
2183 2770 1912 2753
481 604 483 2770
1965 2721 1866 3043
605 604 481 2770
2135 2295 4146 1866
2721 4146 1965 1866
2721 2135 4146 1866
4311 1879 3873 2471
78 849 2396 3961
79 866 992 3961
1965 1726 3529 1866
4077 3924 1866 4018
116 1193 1726 4018
851 3716 2396 3015
4000 1674 2389 3329
1252 853 850 3015
3236 4030 2938 1698
1163 1251 3354 2754
1139 1193 115 4018
116 115 1193 4018
3515 3329 1900 3071
2246 2351 1713 2910
200 2246 4327 3538
2047 3207 1979 3903
851 853 3910 3015
992 2396 3961 1821
2056 2961 2770 1912
2961 2056 2176 1912
611 1317 867 3873
3207 2286 2256 3903
604 483 2770 1912
4299 1713 3060 1809
3015 1252 2754 3338
77 79 1827 2454
481 2056 2770 1912
483 481 2770 1912
481 483 2056 1912
483 480 2056 1912
2056 480 2176 1912
1879 3071 4311 3873
2006 3716 3910 3185
3716 2006 2396 3185
2286 1827 2396 3961
480 484 2176 1912
2396 992 3015 3185
849 992 2396 3961
200 1077 967 2910
2753 1810 4036 3064
3354 1912 2753 4036
3181 3182 4055 3060
79 78 1827 3961
3171 2246 1713 3538
480 483 484 1912
1077 968 2910 3538
1966 1810 2753 3064
3329 4184 1900 3071
4313 2351 2812 1713
2183 2961 3563 3064
2396 992 3185 1821
4248 2634 1900 2500
2634 3515 2454 1900
1810 4036 3185 2754
1810 3354 2753 2754
849 79 992 3961
2245 2183 3563 3064
1810 2753 4036 2754
853 1163 3910 2754
1912 4036 3117 3236
1951 2489 3667 1924
2961 2183 1912 3064
865 866 2634 2500
4030 2938 4311 2471
1251 604 3354 3338
2047 3709 3903 3639
3667 1727 2350 2688
3563 3236 2743 1698
2231 4000 1698 2350
743 742 741 3117
741 742 1252 3117
1879 3812 2350 3758
743 483 742 3117
1821 3639 3071 4311
1912 4036 3236 3064
1315 610 611 3873
4036 3185 3117 4030
4030 3236 2243 1698
78 79 849 3961
2286 3207 3709 3903
920 101 1809 2910
4184 2034 1900 3071
3185 741 3117 4030
867 611 3873 2500
1379 494 2723 2787
2256 2047 1979 3903
482 491 3767 4312
2050 3436 1713 2093
551 550 1879 3758
867 1317 4311 3873
4036 3185 4030 2243
611 610 321 3873
2938 1879 2471 4067
610 2034 3071 3873
3903 4000 3639 1698
2938 1698 4311 3812
743 483 2471 4067
3207 2047 3709 3903
3709 2286 3903 3639
1167 743 2471 4067
3639 4000 2389 3329
1966 2006 1810 3064
1912 2753 4036 3064
553 550 3239 3092
3845 2256 2243 3903
3812 2089 2350 3758
2550 3153 3667 2688
2243 3903 3639 1698
2176 2938 4067 3092
2034 3071 3873 2500
3878 2539 3249 3713
2743 3271 1698 3812
1827 3961 3515 2634
2047 2256 2611 3903
4299 1713 2910 4153
1713 3182 3181 3060
992 741 3185 1821
3185 741 4030 1821
2867 3171 2307 2990
703 661 2924 2990
2067 3592 3252 4055
1727 4184 3329 4046
743 483 3117 2471
100 80 4055 3060
3446 3597 3526 2990
992 867 741 1821
2093 1727 4184 3329
3078 2111 1693 3713
4327 665 3538 2779
472 703 2924 2990
77 80 79 2454
3878 2539 3713 2812
79 880 866 2634
866 880 865 2634
3078 1693 3249 3713
3515 3713 2645 3181
2111 3582 2819 2812
2539 3078 3713 2812
3878 4313 1706 2812
2330 2961 2176 2743
3961 79 2634 2454
3709 2286 3639 3515
3249 2539 3928 3713
3078 3249 3928 3713
2539 3078 3928 3713
2111 3713 3182 2645
2819 3582 1706 2812
3078 2539 3582 2812
3582 2539 1706 2812
205 880 4248 2634
1951 3667 2350 3758
2351 3182 1713 1809
3182 3252 3181 4055
3592 3523 1693 2645
661 1171 665 2779
4030 3117 2938 2471
3592 2067 2645 3181
3713 3182 2645 3181
1713 2351 1809 2910
2286 1827 3961 3515
1827 2286 3709 3515
2324 1713 2307 2781
2050 3436 3878 2781
2093 4184 2688 3737
3227 4313 3878 2781
665 915 3538 2779
3249 2050 3713 2389
80 204 4248 3060
867 741 1821 4311
1779 3284 4135 2723
2047 3709 3639 2389
3182 3252 4055 1809
1171 915 665 2779
1713 2246 2910 3538
1978 3271 2559 2743
100 4055 4299 3060
200 1077 2910 3538
4030 2938 1698 4311
1713 2910 4153 3538
202 200 967 2910
106 610 609 2034
1349 1171 703 2779
204 80 100 3060
101 100 3151 1809
2067 2645 3181 2454
1278 77 2067 2454
100 101 4299 1809
1278 100 80 4055
3171 1713 2781 2779
204 100 4299 3060
77 1278 80 2454
1827 3961 2634 2454
2645 3515 3181 2454
101 967 204 4299
204 967 968 4299
100 101 204 4299
3071 1821 3873 2500
1827 3515 2645 2454
2246 200 2910 3538
3151 100 4055 1809
99 3151 3972 1809
99 101 3151 1809
3182 4055 3060 1809
1713 3182 3060 1809
2710 2351 3167 1809
3972 2710 3167 1809
968 914 4153 2324
3151 2208 3972 1809
2208 3151 3252 1809
2710 3252 3182 1809
2351 2710 3182 1809
2208 2710 3972 1809
2710 2208 3252 1809
1713 4299 3060 4153
920 99 3972 1809
1141 4248 4153 2324
2324 811 2034 3737
105 703 704 3058
3436 1727 2093 3329
99 920 101 1809
4299 204 3060 4153
202 101 920 2910
968 914 1141 4153
1141 204 968 4153
2093 2307 2779 2780
3515 3639 2389 3329
968 4153 3538 2324
1900 3515 3071 2500
811 609 2324 2034
1077 914 968 3538
914 1077 915 3538
665 915 1077 3538
200 665 1077 3538
3060 1713 4153 1900
2038 2186 1779 2338
704 705 1236 3058
106 1184 4046 2688
3878 4313 1713 2781
2324 1713 2093 1900
3181 1713 3060 1900
609 205 4248 1900
3713 3878 1713 2781
3227 3436 2307 2781
4153 1713 2324 1900
4248 3181 3060 1900
661 665 4327 2779
2524 3597 1741 2307
2093 2324 2307 2781
2524 3104 3436 2307
914 811 609 2324
914 915 811 2324
1141 914 609 2324
4184 4046 2688 3737
2743 2089 3812 3092
2050 3878 3713 2781
1317 4311 3873 2471
1315 609 610 2034
609 811 106 2034
321 1317 3873 2471
3812 2089 3758 3092
2938 3812 4067 3092
1674 2050 2389 3329
2050 3515 3329 1900
703 704 3058 2780
2779 2307 2990 2780
2543 704 2990 2780
2536 810 3335 2723
915 811 2324 3737
4313 3171 1713 2781
3436 1713 2093 2781
1198 492 3335 2723
704 2543 3058 2780
1741 3171 3227 2307
1741 3227 3436 2307
1141 609 4248 1900
1315 609 2034 1900
1821 4311 3873 2500
3271 2231 3563 2743
3563 2245 3236 1698
2116 3284 1779 2723
2524 3597 2307 2780
2089 3271 1978 2743
552 3667 1924 3239
2089 1698 3812 2350
743 741 1317 2471
1674 1727 3329 2350
2231 2611 3845 1698
2559 4231 3563 2743
105 1349 3058 3737
2559 3563 2330 2743
1978 2559 2330 2743
3271 4231 2559 2743
4248 3060 4153 1900
4248 4153 2324 1900
3713 2050 1713 1900
2050 3713 3515 1900
3515 3713 1713 1900
1713 2050 2093 1900
2093 2050 3329 1900
205 609 1315 1900
1236 3125 2688 3058
484 2176 1912 4067
3117 1912 3236 2938
4030 3117 3236 2938
992 867 1821 2500
3667 3758 1924 3239
1879 321 2471 4067
1315 4248 1900 2500
2034 1315 1900 2500
866 3961 2634 2500
1879 2938 4311 3812
550 552 554 3239
1167 322 1307 4067
3515 1821 3071 2500
484 1307 2176 4067
551 1056 3667 2688
1821 3515 2634 2500
3961 1821 2634 2500
1315 2034 3873 2500
2938 2743 1698 3812
1727 3153 3125 2688
483 484 1912 4067
3271 2089 1698 3812
2243 3845 3903 1698
3845 2611 3903 1698
1317 611 321 3873
550 551 552 3239
1674 3153 1727 2350
1727 3153 3667 2350
550 1879 3239 3092
554 552 1924 3239
2350 1879 3758 4046
3329 4184 3071 4046
2231 1674 4000 2350
4000 3639 1698 2350
1698 3639 3071 2350
1951 3271 2089 2350
3271 1951 1674 2350
1674 1951 2478 2350
1697 2139 3033 2795
3889 2489 2035 1924
1219 494 1073 2338
585 1726 4387 2338
3153 1674 2478 2350
3889 1080 2489 1924
1080 552 2489 1924
2089 1951 3758 1924
3271 1674 2231 2350
3271 2231 1698 2350
3639 3329 3071 2350
3639 4000 3329 2350
3153 1951 3667 2350
1951 3153 2478 2350
1167 1307 484 4067
1167 484 483 4067
321 322 1167 4067
483 743 1167 4067
611 1315 3873 2500
866 992 3961 2500
3961 992 1821 2500
1315 205 4248 2500
205 865 2634 2500
4248 205 2634 2500
611 867 865 2500
865 867 866 2500
992 866 867 2500
611 865 1315 2500
1315 865 205 2500
915 2324 2779 3737
3758 2350 4046 2688
1951 3667 3758 1924
3613 2089 1978 1924
2035 3613 1978 1924
2035 1951 3986 1924
3986 1951 3613 1924
2035 3986 3613 1924
3445 2038 1779 2338
585 586 2038 2338
1073 494 586 2338
3436 2524 2307 2780
2867 3446 2924 2990
1349 915 2779 3737
3058 2093 3737 2780
1056 2550 3667 2688
1727 2093 4184 2688
1727 3329 2350 4046
323 1184 1879 4046
3329 3071 2350 4046
3071 1879 2350 4046
1080 554 552 1924
554 1179 553 1924
2924 3446 3526 2990
610 323 1879 4046
3743 490 2397 4312
492 2723 3767 4312
323 610 106 4046
550 322 1879 3092
3812 1879 4067 3092
1879 322 4067 3092
322 550 1307 3092
1307 550 553 3092
2723 494 3767 2338
4196 1218 3125 2688
2550 1056 4196 2688
3153 2550 4196 2688
1879 3758 4046 2688
1184 1879 4046 2688
1879 1184 3758 2688
551 3667 3758 2688
1184 551 3758 2688
107 1056 1184 2688
1184 106 107 2688
1218 1056 107 2688
551 1184 1056 2688
1218 107 1236 2688
2034 106 4184 3737
4046 106 2688 3737
704 472 3632 2990
3597 3632 3526 2990
2916 3808 3867 2787
106 107 2688 3737
494 1379 2338 2787
472 2924 3526 2990
3632 472 3526 2990
472 704 703 2990
703 1171 661 2990
2093 2034 4184 3737
105 106 811 3737
1349 811 915 3737
105 107 106 3737
703 2779 2990 2780
1349 3058 3737 2780
1349 703 3058 2780
2779 1349 3737 2780
703 1349 2779 2780
1924 1179 2633 2397
482 2277 4333 4312
3743 3284 3335 2723
493 494 491 2723
493 1379 494 2723
1198 810 493 2723
492 493 491 2723
2186 2723 2338 2787
492 1198 493 2723
2723 2186 3867 2787
1924 3239 3092 2633
1499 905 1697 2139
24 1389 1471 3808
1127 24 2140 3808
635 554 3889 2397
1978 1924 2633 2397
1978 2633 4333 2397
1307 2176 3092 2633
1307 717 2176 2633
553 1307 3092 2633
717 553 1179 2633
3284 3743 3386 2397
1307 553 717 2633
1379 586 494 2338
585 1073 586 2338
2277 3743 2397 4312
906 1227 4047 3033
482 490 491 4312
492 491 490 4312
717 1179 490 4333
717 490 482 4333
480 717 482 4333
2277 1978 4333 2397
2277 3284 1978 2397
2277 3743 3284 2397
635 490 1179 2397
490 635 633 2397
635 1179 554 2397
945 2536 2655 3033
1227 945 2655 3033
2655 2536 4047 3033
1227 2655 4047 3033
810 945 808 3867
1471 1452 2140 2795
24 1389 3808 2139
809 493 808 3867
906 905 332 2139
1697 1499 2139 4267
2536 2916 3033 3867
3360 1697 4063 2795
810 493 2723 3867
1471 1452 2795 4267
809 1292 1127 3808
24 1127 1292 3808
1292 332 24 3808
1697 29 4047 3033
808 945 3033 3867
2186 2536 2723 3867
1471 2140 3808 2795
331 1389 23 2139
332 331 23 2139
23 24 332 2139
1292 906 332 3033
808 906 1292 3033
906 29 905 3033
808 945 906 3033
2186 2038 2916 2787
906 945 1227 3033
2574 4063 1850 2795
1850 4063 2916 2795
2574 1850 2892 2795
2892 1850 2916 2795
1495 1442 1452 2795
809 1379 493 2787
809 1127 1379 2787
1379 1127 586 2787
1389 1452 1471 4267
1499 1496 1498 4267
