# Wavefront .OBJ file for tesselated shape: forearm-1/Racer 999_p05-1 path: D:\OneDrive - Università degli Studi di Parma\Altro\Robot_cadsim\Comau_Racer_7_1.0\cad\Racer 999_p05.SLDPRT

g body_1
v -0.005000 -0.009443 0.033702
v -0.005000 0.000000 0.035000
v 0.002000 0.000000 0.035000
v -0.005000 -0.018185 0.029905
v 0.002000 -0.009443 0.033702
v -0.005000 -0.025579 0.023889
v 0.002000 -0.018185 0.029905
v -0.005000 -0.031076 0.016102
v 0.002000 -0.025579 0.023889
v -0.005000 -0.034268 0.007121
v 0.002000 -0.031076 0.016102
v -0.005000 -0.034918 -0.002388
v 0.002000 -0.034268 0.007121
v -0.005000 -0.032979 -0.011721
v 0.002000 -0.034918 -0.002388
v -0.005000 -0.028594 -0.020184
v 0.002000 -0.032979 -0.011721
v -0.005000 -0.022088 -0.027150
v 0.002000 -0.028594 -0.020184
v -0.005000 -0.013944 -0.032102
v 0.002000 -0.022088 -0.027150
v -0.005000 -0.004766 -0.034674
v 0.002000 -0.013944 -0.032102
v -0.005000 0.004766 -0.034674
v 0.002000 -0.004766 -0.034674
v -0.005000 0.013944 -0.032102
v 0.002000 0.004766 -0.034674
v -0.005000 0.022088 -0.027150
v 0.002000 0.013944 -0.032102
v -0.005000 0.028594 -0.020184
v 0.002000 0.022088 -0.027150
v -0.005000 0.032979 -0.011721
v 0.002000 0.028594 -0.020184
v -0.005000 0.034918 -0.002388
v 0.002000 0.032979 -0.011721
v -0.005000 0.034268 0.007121
v 0.002000 0.034918 -0.002388
v -0.005000 0.031076 0.016102
v 0.002000 0.034268 0.007121
v -0.005000 0.025579 0.023889
v 0.002000 0.031076 0.016102
v -0.005000 0.018185 0.029905
v 0.002000 0.025579 0.023889
v -0.005000 0.009443 0.033702
v 0.002000 0.018185 0.029905
v 0.002000 0.009443 0.033702
v 0.002000 0.034918 -0.002388
v 0.002000 0.032979 -0.011721
v 0.002000 0.017313 -0.004926
v 0.002000 0.034268 0.007121
v 0.002000 0.017923 0.001661
v 0.002000 0.016113 0.008023
v 0.002000 0.013944 -0.032102
v 0.002000 0.004766 -0.034674
v 0.002000 0.003307 -0.017694
v 0.002000 -0.013944 -0.032102
v 0.002000 -0.009476 -0.015304
v 0.002000 -0.003307 -0.017694
v 0.002000 0.018185 0.029905
v 0.002000 0.025579 0.023889
v 0.002000 0.012127 0.013302
v 0.002000 0.028594 -0.020184
v 0.002000 0.014364 -0.010847
v 0.002000 0.022088 -0.027150
v 0.002000 0.009476 -0.015304
v 0.002000 -0.004766 -0.034674
v 0.002000 -0.022088 -0.027150
v 0.002000 -0.028594 -0.020184
v 0.002000 -0.014364 -0.010847
v 0.002000 -0.034918 -0.002388
v 0.002000 -0.017923 0.001661
v 0.002000 -0.017313 -0.004926
v 0.002000 -0.034268 0.007121
v 0.002000 -0.031076 0.016102
v 0.002000 -0.016113 0.008023
v 0.002000 -0.025579 0.023889
v 0.002000 -0.012127 0.013302
v 0.002000 -0.018185 0.029905
v 0.002000 -0.006502 0.016785
v 0.002000 0.006502 0.016785
v 0.002000 0.009443 0.033702
v 0.002000 0.031076 0.016102
v 0.002000 -0.032979 -0.011721
v 0.002000 0.000000 0.018000
v 0.002000 -0.009443 0.033702
v 0.002000 0.000000 0.035000
v 0.002000 -0.006502 0.016785
v 0.002000 0.000000 0.018000
v 0.031000 0.000000 0.018000
v 0.002000 -0.012127 0.013302
v 0.031000 -0.006502 0.016785
v 0.002000 -0.016113 0.008023
v 0.031000 -0.012127 0.013302
v 0.002000 -0.017923 0.001661
v 0.031000 -0.016113 0.008023
v 0.002000 -0.017313 -0.004926
v 0.031000 -0.017923 0.001661
v 0.002000 -0.014364 -0.010847
v 0.031000 -0.017313 -0.004926
v 0.002000 -0.009476 -0.015304
v 0.031000 -0.014364 -0.010847
v 0.002000 -0.003307 -0.017694
v 0.031000 -0.009476 -0.015304
v 0.002000 0.003307 -0.017694
v 0.031000 0.000000 -0.018000
v 0.031000 -0.003307 -0.017694
v 0.002000 0.009476 -0.015304
v 0.031000 0.003307 -0.017694
v 0.002000 0.014364 -0.010847
v 0.031000 0.009476 -0.015304
v 0.002000 0.017313 -0.004926
v 0.031000 0.014364 -0.010847
v 0.002000 0.017923 0.001661
v 0.031000 0.017313 -0.004926
v 0.002000 0.016113 0.008023
v 0.031000 0.017923 0.001661
v 0.002000 0.012127 0.013302
v 0.031000 0.016113 0.008023
v 0.002000 0.006502 0.016785
v 0.031000 0.012127 0.013302
v 0.031000 0.006502 0.016785
v -0.005000 0.032362 -0.026772
v -0.005000 0.024687 -0.033979
v -0.005000 0.022088 -0.027150
v -0.005000 0.015461 -0.039051
v -0.005000 0.013944 -0.032102
v -0.005000 0.010445 0.040680
v -0.005000 0.009443 0.033702
v -0.005000 0.000000 0.035000
v -0.005000 0.020234 0.036805
v -0.005000 0.018185 0.029905
v -0.005000 0.005264 -0.041669
v -0.005000 0.004766 -0.034674
v -0.005000 -0.015461 -0.039051
v -0.005000 -0.013944 -0.032102
v -0.005000 -0.004766 -0.034674
v -0.005000 -0.024687 -0.033979
v -0.005000 -0.022088 -0.027150
v -0.005000 0.028751 0.030617
v -0.005000 0.025579 0.023889
v -0.005000 0.041917 0.002637
v -0.005000 0.034918 -0.002388
v -0.005000 0.034268 0.007121
v -0.005000 0.041256 -0.007870
v -0.005000 0.038003 -0.017883
v -0.005000 0.032979 -0.011721
v -0.005000 0.028594 -0.020184
v -0.005000 -0.005264 -0.041669
v -0.005000 -0.032362 -0.026772
v -0.005000 -0.028594 -0.020184
v -0.005000 0.035462 0.022505
v -0.005000 0.031076 0.016102
v -0.005000 0.039944 0.012979
v -0.005000 -0.038003 -0.017883
v -0.005000 -0.032979 -0.011721
v -0.005000 -0.039944 0.012979
v -0.005000 -0.035462 0.022505
v -0.005000 -0.031076 0.016102
v -0.005000 -0.028751 0.030617
v -0.005000 -0.025579 0.023889
v -0.005000 -0.041917 0.002637
v -0.005000 -0.034268 0.007121
v -0.005000 -0.020234 0.036805
v -0.005000 -0.018185 0.029905
v -0.005000 -0.041256 -0.007870
v -0.005000 -0.034918 -0.002388
v -0.005000 -0.010445 0.040680
v -0.005000 -0.009443 0.033702
v -0.005000 0.000000 0.042000
v 0.031000 0.026102 0.039686
v 0.031000 0.016246 0.044635
v 0.031000 0.006502 0.016785
v 0.031000 0.034550 0.032596
v 0.031000 0.012127 0.013302
v 0.031000 0.016113 0.008023
v 0.031000 0.005514 0.047179
v 0.031000 0.000000 0.018000
v 0.031000 -0.045505 0.013623
v 0.031000 -0.047420 0.002762
v 0.031000 -0.017923 0.001661
v 0.031000 0.000000 -0.047500
v 0.031000 0.010954 -0.046220
v 0.031000 0.003307 -0.017694
v 0.031000 0.021318 -0.042448
v 0.031000 0.009476 -0.015304
v 0.031000 0.030532 -0.036387
v 0.031000 0.038101 -0.028365
v 0.031000 0.014364 -0.010847
v 0.031000 -0.026102 0.039686
v 0.031000 -0.012127 0.013302
v 0.031000 -0.006502 0.016785
v 0.031000 -0.034550 0.032596
v 0.031000 -0.041136 0.023750
v 0.031000 -0.016113 0.008023
v 0.031000 0.043615 -0.018814
v 0.031000 0.017313 -0.004926
v 0.031000 0.045505 0.013623
v 0.031000 0.017923 0.001661
v 0.031000 -0.005514 0.047179
v 0.031000 -0.016246 0.044635
v 0.031000 -0.043615 -0.018814
v 0.031000 -0.038101 -0.028365
v 0.031000 -0.014364 -0.010847
v 0.031000 0.046778 -0.008248
v 0.031000 0.047420 0.002762
v 0.031000 -0.046778 -0.008248
v 0.031000 -0.017313 -0.004926
v 0.031000 0.041136 0.023750
v 0.031000 -0.030532 -0.036387
v 0.031000 -0.009476 -0.015304
v 0.031000 -0.021318 -0.042448
v 0.031000 -0.010954 -0.046220
v 0.031000 -0.003307 -0.017694
v 0.031000 0.000000 -0.018000
v -0.005000 0.000000 0.042000
v 0.000000 0.000000 0.042000
v 0.000000 0.010445 0.040680
v -0.005000 0.010445 0.040680
v 0.000000 0.020234 0.036805
v -0.005000 0.020234 0.036805
v 0.000000 0.028751 0.030617
v -0.005000 0.028751 0.030617
v 0.000000 0.035462 0.022505
v -0.005000 0.035462 0.022505
v 0.000000 0.039944 0.012979
v -0.005000 0.039944 0.012979
v 0.000000 0.041917 0.002637
v -0.005000 0.041917 0.002637
v 0.000000 0.041256 -0.007870
v -0.005000 0.041256 -0.007870
v 0.000000 0.038003 -0.017883
v -0.005000 0.038003 -0.017883
v 0.000000 0.032362 -0.026772
v -0.005000 0.032362 -0.026772
v 0.000000 0.024687 -0.033979
v -0.005000 0.024687 -0.033979
v 0.000000 0.015461 -0.039051
v -0.005000 0.015461 -0.039051
v 0.000000 0.005264 -0.041669
v -0.005000 0.005264 -0.041669
v 0.000000 -0.005264 -0.041669
v -0.005000 -0.005264 -0.041669
v 0.000000 -0.015461 -0.039051
v -0.005000 -0.015461 -0.039051
v 0.000000 -0.024687 -0.033979
v -0.005000 -0.024687 -0.033979
v 0.000000 -0.032362 -0.026772
v -0.005000 -0.032362 -0.026772
v 0.000000 -0.038003 -0.017883
v -0.005000 -0.038003 -0.017883
v 0.000000 -0.041256 -0.007870
v -0.005000 -0.041256 -0.007870
v 0.000000 -0.041917 0.002637
v -0.005000 -0.041917 0.002637
v 0.000000 -0.039944 0.012979
v -0.005000 -0.039944 0.012979
v 0.000000 -0.035462 0.022505
v -0.005000 -0.035462 0.022505
v 0.000000 -0.028751 0.030617
v -0.005000 -0.028751 0.030617
v 0.000000 -0.020234 0.036805
v -0.005000 -0.020234 0.036805
v 0.000000 -0.010445 0.040680
v -0.005000 -0.010445 0.040680
v 0.031000 0.000000 -0.047500
v 0.009000 0.000000 -0.047500
v 0.009000 0.010954 -0.046220
v 0.031000 0.010954 -0.046220
v 0.009000 0.021318 -0.042448
v 0.031000 0.021318 -0.042448
v 0.009000 0.030532 -0.036387
v 0.031000 0.030532 -0.036387
v 0.009000 0.038101 -0.028365
v 0.031000 0.038101 -0.028365
v 0.009000 0.043615 -0.018814
v 0.031000 0.043615 -0.018814
v 0.009000 0.046778 -0.008248
v 0.031000 0.046778 -0.008248
v 0.009000 0.047420 0.002762
v 0.031000 0.047420 0.002762
v 0.009000 0.045505 0.013623
v 0.031000 0.045505 0.013623
v 0.009000 0.041136 0.023750
v 0.031000 0.041136 0.023750
v 0.009000 0.034550 0.032596
v 0.031000 0.034550 0.032596
v 0.009000 0.026102 0.039686
v 0.031000 0.026102 0.039686
v 0.009000 0.016246 0.044635
v 0.031000 0.016246 0.044635
v 0.009000 0.005514 0.047179
v 0.031000 0.005514 0.047179
v 0.009000 -0.005514 0.047179
v 0.031000 -0.005514 0.047179
v 0.009000 -0.016246 0.044635
v 0.031000 -0.016246 0.044635
v 0.009000 -0.026102 0.039686
v 0.031000 -0.026102 0.039686
v 0.009000 -0.034550 0.032596
v 0.031000 -0.034550 0.032596
v 0.009000 -0.041136 0.023750
v 0.031000 -0.041136 0.023750
v 0.009000 -0.045505 0.013623
v 0.031000 -0.045505 0.013623
v 0.009000 -0.047420 0.002762
v 0.031000 -0.047420 0.002762
v 0.009000 -0.046778 -0.008248
v 0.031000 -0.046778 -0.008248
v 0.009000 -0.043615 -0.018814
v 0.031000 -0.043615 -0.018814
v 0.009000 -0.038101 -0.028365
v 0.031000 -0.038101 -0.028365
v 0.009000 -0.030532 -0.036387
v 0.031000 -0.030532 -0.036387
v 0.009000 -0.021318 -0.042448
v 0.031000 -0.021318 -0.042448
v 0.009000 -0.010954 -0.046220
v 0.031000 -0.010954 -0.046220
v 0.009000 0.010582 0.049250
v 0.009000 -0.010582 0.049250
v 0.009000 -0.005514 0.047179
v 0.009000 -0.010582 -0.049945
v 0.009000 0.010582 -0.049945
v 0.009000 0.000000 -0.047500
v 0.009000 0.010954 -0.046220
v 0.009000 -0.050537 0.018250
v 0.009000 -0.049945 0.000000
v 0.009000 -0.047420 0.002762
v 0.009000 -0.049242 0.018250
v 0.009000 -0.045505 0.013623
v 0.009000 -0.041136 0.023750
v 0.009000 -0.047475 0.020018
v 0.009000 -0.048122 0.022433
v 0.009000 -0.047475 0.021312
v 0.009000 -0.035277 0.035277
v 0.009000 -0.049945 0.035277
v 0.009000 -0.049242 0.023080
v 0.009000 -0.048122 0.018897
v 0.009000 -0.050537 0.023080
v 0.009000 -0.049889 -0.018165
v 0.009000 -0.048639 -0.018500
v 0.009000 -0.046778 -0.008248
v 0.009000 -0.049945 -0.035277
v 0.009000 -0.035277 -0.035277
v 0.009000 -0.048639 -0.022830
v 0.009000 -0.038101 -0.028365
v 0.009000 -0.047724 -0.019415
v 0.009000 -0.047724 -0.021915
v 0.009000 -0.043615 -0.018814
v 0.009000 -0.047389 -0.020665
v 0.009000 -0.021318 -0.042448
v 0.009000 -0.020018 -0.047475
v 0.009000 -0.018897 -0.048122
v 0.009000 -0.022433 -0.048122
v 0.009000 -0.021312 -0.047475
v 0.009000 -0.030532 -0.036387
v 0.009000 -0.035277 -0.049945
v 0.009000 -0.023080 -0.049242
v 0.009000 -0.010954 -0.046220
v 0.009000 -0.018250 -0.049242
v 0.009000 -0.023080 -0.050537
v 0.009000 0.035277 -0.049945
v 0.009000 0.035277 -0.035277
v 0.009000 0.022830 -0.048639
v 0.009000 0.030532 -0.036387
v 0.009000 0.018500 -0.048639
v 0.009000 0.019415 -0.047724
v 0.009000 0.021915 -0.047724
v 0.009000 0.021318 -0.042448
v 0.009000 0.018165 -0.049889
v 0.009000 0.020665 -0.047389
v 0.009000 0.043615 -0.018814
v 0.009000 0.047475 -0.020018
v 0.009000 0.048122 -0.018897
v 0.009000 0.038101 -0.028365
v 0.009000 0.047475 -0.021312
v 0.009000 0.050537 -0.018250
v 0.009000 0.049945 0.000000
v 0.009000 0.046778 -0.008248
v 0.009000 0.048122 -0.022433
v 0.009000 0.049945 -0.035277
v 0.009000 0.049242 -0.023080
v 0.009000 0.047420 0.002762
v 0.009000 0.050537 -0.023080
v 0.009000 0.049242 -0.018250
v 0.009000 0.041136 0.023750
v 0.009000 0.045505 0.013623
v 0.009000 0.047724 0.019415
v 0.009000 0.047724 0.021915
v 0.009000 0.034550 0.032596
v 0.009000 0.048639 0.018500
v 0.009000 0.049889 0.018165
v 0.009000 0.049945 0.035277
v 0.009000 0.035277 0.035277
v 0.009000 0.048639 0.022830
v 0.009000 0.047389 0.020665
v 0.009000 0.016246 0.044635
v 0.009000 0.018897 0.048122
v 0.009000 0.018250 0.049242
v 0.009000 0.026102 0.039686
v 0.009000 0.021312 0.047475
v 0.009000 0.020018 0.047475
v 0.009000 0.022433 0.048122
v 0.009000 0.035277 0.049250
v 0.009000 0.023080 0.049242
v 0.009000 -0.026102 0.039686
v 0.009000 -0.021915 0.047724
v 0.009000 -0.022830 0.048639
v 0.009000 -0.035277 0.049250
v 0.009000 -0.020665 0.047389
v 0.009000 -0.016246 0.044635
v 0.009000 -0.019415 0.047724
v 0.009000 -0.018500 0.048639
v 0.009000 0.019850 -0.058736
v 0.009000 0.020665 -0.052389
v 0.009000 0.019415 -0.052055
v 0.009000 0.031060 -0.053659
v 0.009000 0.022830 -0.051139
v 0.009000 0.021915 -0.052055
v 0.009000 0.007858 -0.061500
v 0.009000 0.018500 -0.051139
v 0.009000 0.023165 -0.049889
v 0.009000 0.041046 -0.046467
v 0.009000 0.049415 -0.037445
v 0.009000 0.060060 -0.015388
v 0.009000 0.052304 -0.020018
v 0.009000 0.052304 -0.021312
v 0.009000 0.051657 -0.018897
v 0.009000 0.061916 -0.003222
v 0.009000 0.055838 -0.026947
v 0.009000 0.051657 -0.022433
v 0.009000 0.053036 0.032113
v 0.009000 0.051139 0.022830
v 0.009000 0.052055 0.021915
v 0.009000 0.051139 0.018500
v 0.009000 0.061333 0.009070
v 0.009000 0.058333 0.021005
v 0.009000 0.052389 0.020665
v 0.009000 0.052055 0.019415
v 0.009000 0.049889 0.023165
v 0.009000 0.045648 0.041955
v 0.009000 0.023080 0.050537
v 0.009000 0.025840 0.056359
v 0.009000 0.022433 0.051657
v 0.009000 0.014200 0.060352
v 0.009000 0.020018 0.052304
v 0.009000 0.021312 0.052304
v 0.009000 0.036462 0.050145
v 0.009000 0.018897 0.051657
v 0.009000 0.018250 0.050537
v 0.009000 0.002000 0.060000
v 0.009000 0.001500 0.056598
v 0.009000 0.002598 0.052500
v 0.009000 0.001500 0.051402
v 0.009000 0.003000 0.054000
v 0.009000 0.002598 0.055500
v 0.009000 -0.002000 0.060000
v 0.009000 -0.002598 0.055500
v 0.009000 -0.001500 0.056598
v 0.009000 -0.003000 0.054000
v 0.009000 -0.001500 0.051402
v 0.009000 -0.002598 0.052500
v 0.009000 0.000000 0.051000
v 0.009000 0.000000 0.057000
v 0.009000 -0.014200 0.060352
v 0.009000 0.002000 0.061968
v 0.009000 -0.025840 0.056359
v 0.009000 -0.021915 0.052055
v 0.009000 -0.020665 0.052389
v 0.009000 -0.018500 0.051139
v 0.009000 -0.019415 0.052055
v 0.009000 -0.022830 0.051139
v 0.009000 -0.018165 0.049889
v 0.009000 -0.023165 0.049889
v 0.009000 -0.045648 0.041955
v 0.009000 -0.036462 0.050145
v 0.009000 -0.061333 0.009070
v 0.009000 -0.051657 0.018897
v 0.009000 -0.052304 0.020018
v 0.009000 -0.053036 0.032113
v 0.009000 -0.058333 0.021005
v 0.009000 -0.052304 0.021312
v 0.009000 -0.051657 0.022433
v 0.009000 -0.061916 -0.003222
v 0.009000 -0.051139 -0.018500
v 0.009000 -0.060060 -0.015388
v 0.009000 -0.052389 -0.020665
v 0.009000 -0.052055 -0.019415
v 0.009000 -0.055838 -0.026947
v 0.009000 -0.052055 -0.021915
v 0.009000 -0.049889 -0.023165
v 0.009000 -0.051139 -0.022830
v 0.009000 -0.049415 -0.037445
v 0.009000 -0.041046 -0.046467
v 0.009000 -0.031060 -0.053659
v 0.009000 -0.019850 -0.058736
v 0.009000 -0.021312 -0.052304
v 0.009000 -0.022433 -0.051657
v 0.009000 -0.007858 -0.061500
v 0.009000 -0.018897 -0.051657
v 0.009000 -0.020018 -0.052304
v 0.009000 -0.018250 -0.050537
v 0.009000 -0.003750 -0.061500
v 0.009000 0.000000 -0.059335
v 0.009000 0.003750 -0.061500
v 0.009000 -0.002000 0.061968
v 0.009000 -0.034550 0.032596
v 0.009000 0.005514 0.047179
v 0.000000 0.010582 -0.056945
v 0.000000 -0.010582 -0.056945
v 0.000000 -0.010582 -0.044695
v 0.000000 0.010582 0.054695
v 0.000000 0.010582 0.044695
v 0.000000 0.002598 0.052500
v 0.000000 -0.010582 0.044695
v 0.000000 -0.001500 0.051402
v 0.000000 0.000000 0.051000
v 0.000000 0.001500 0.051402
v 0.000000 -0.002598 0.052500
v 0.000000 -0.010582 0.054695
v 0.000000 -0.003000 0.054000
v 0.000000 -0.018250 -0.050537
v 0.000000 -0.023080 -0.049242
v 0.000000 -0.023080 -0.050537
v 0.000000 -0.031060 -0.053659
v 0.000000 -0.018897 -0.051657
v 0.000000 -0.019850 -0.058736
v 0.000000 -0.020018 -0.052304
v 0.000000 -0.041046 -0.046467
v 0.000000 -0.018250 -0.049242
v 0.000000 -0.018897 -0.048122
v 0.000000 -0.022433 -0.051657
v 0.000000 -0.042832 -0.044826
v 0.000000 -0.022433 -0.048122
v 0.000000 -0.020018 -0.047475
v 0.000000 -0.021312 -0.047475
v 0.000000 -0.021312 -0.052304
v 0.000000 -0.048639 -0.022830
v 0.000000 -0.044915 -0.042739
v 0.000000 -0.049415 -0.037445
v 0.000000 -0.047724 -0.021915
v 0.000000 -0.047389 -0.020665
v 0.000000 -0.049889 -0.023165
v 0.000000 -0.055838 -0.026947
v 0.000000 -0.051139 -0.022830
v 0.000000 -0.060060 -0.015388
v 0.000000 -0.052389 -0.020665
v 0.000000 -0.044695 0.000000
v 0.000000 -0.047724 -0.019415
v 0.000000 -0.052055 -0.021915
v 0.000000 -0.057195 0.000000
v 0.000000 -0.051139 -0.018500
v 0.000000 -0.048639 -0.018500
v 0.000000 -0.052055 -0.019415
v 0.000000 -0.049889 -0.018165
v 0.000000 -0.061916 -0.003222
v 0.000000 -0.061333 0.009070
v 0.000000 -0.044695 0.032582
v 0.000000 -0.047475 0.020018
v 0.000000 -0.050537 0.018250
v 0.000000 -0.058333 0.021005
v 0.000000 -0.052304 0.020018
v 0.000000 -0.051657 0.018897
v 0.000000 -0.049242 0.023080
v 0.000000 -0.050537 0.023080
v 0.000000 -0.053036 0.032113
v 0.000000 -0.045648 0.041955
v 0.000000 -0.047475 0.021312
v 0.000000 -0.049242 0.018250
v 0.000000 -0.051657 0.022433
v 0.000000 -0.048122 0.022433
v 0.000000 -0.048122 0.018897
v 0.000000 -0.052304 0.021312
v 0.000000 -0.042757 0.044898
v 0.000000 -0.021915 0.047724
v 0.000000 -0.020665 0.047389
v 0.000000 -0.022830 0.048639
v 0.000000 -0.036462 0.050145
v 0.000000 -0.019415 0.052055
v 0.000000 -0.020665 0.052389
v 0.000000 -0.018500 0.048639
v 0.000000 -0.018165 0.049889
v 0.000000 -0.023165 0.049889
v 0.000000 -0.018500 0.051139
v 0.000000 -0.019415 0.047724
v 0.000000 -0.025840 0.056359
v 0.000000 -0.022830 0.051139
v 0.000000 -0.021915 0.052055
v 0.000000 -0.002000 0.060000
v 0.000000 -0.001500 0.056598
v 0.000000 -0.002598 0.055500
v 0.000000 0.002000 0.060000
v 0.000000 0.002598 0.055500
v 0.000000 0.000000 0.057000
v 0.000000 0.001500 0.056598
v 0.000000 0.003000 0.054000
v 0.000000 0.014200 0.060352
v 0.000000 -0.014200 0.060352
v 0.000000 -0.002000 0.061968
v 0.000000 0.025840 0.056359
v 0.000000 0.036462 0.050145
v 0.000000 0.023080 0.050537
v 0.000000 0.032582 0.044695
v 0.000000 0.023080 0.049242
v 0.000000 0.018250 0.050537
v 0.000000 0.018250 0.049242
v 0.000000 0.021312 0.052304
v 0.000000 0.020018 0.052304
v 0.000000 0.022433 0.051657
v 0.000000 0.022433 0.048122
v 0.000000 0.020018 0.047475
v 0.000000 0.021312 0.047475
v 0.000000 0.018897 0.051657
v 0.000000 0.018897 0.048122
v 0.000000 0.032582 0.032582
v 0.000000 0.042757 0.044898
v 0.000000 0.045648 0.041955
v 0.000000 0.062000 0.000011
v 0.000000 0.044695 0.000000
v 0.000000 0.049889 0.018165
v 0.000000 0.044695 0.032582
v 0.000000 0.047389 0.020665
v 0.000000 0.053036 0.032113
v 0.000000 0.058333 0.021005
v 0.000000 0.052055 0.021915
v 0.000000 0.051139 0.018500
v 0.000000 0.052055 0.019415
v 0.000000 0.061333 0.009070
v 0.000000 0.048639 0.018500
v 0.000000 0.047724 0.019415
v 0.000000 0.052389 0.020665
v 0.000000 0.047724 0.021915
v 0.000000 0.052728 0.032616
v 0.000000 0.049889 0.023165
v 0.000000 0.048639 0.022830
v 0.000000 0.051139 0.022830
v 0.000000 0.055838 -0.026947
v 0.000000 0.049415 -0.037445
v 0.000000 0.050537 -0.023080
v 0.000000 0.049242 -0.023080
v 0.000000 0.047475 -0.020018
v 0.000000 0.047475 -0.021312
v 0.000000 0.044915 -0.042739
v 0.000000 0.048122 -0.018897
v 0.000000 0.050537 -0.018250
v 0.000000 0.061916 -0.003222
v 0.000000 0.051657 -0.018897
v 0.000000 0.060060 -0.015388
v 0.000000 0.052304 -0.021312
v 0.000000 0.048122 -0.022433
v 0.000000 0.052304 -0.020018
v 0.000000 0.051657 -0.022433
v 0.000000 0.049242 -0.018250
v 0.000000 0.023165 -0.049889
v 0.000000 0.032675 -0.052691
v 0.000000 0.031060 -0.053659
v 0.000000 0.019850 -0.058736
v 0.000000 0.021915 -0.052055
v 0.000000 0.032582 -0.044695
v 0.000000 0.022830 -0.051139
v 0.000000 0.019415 -0.052055
v 0.000000 0.010582 -0.044695
v 0.000000 0.018165 -0.049889
v 0.000000 0.021915 -0.047724
v 0.000000 0.020665 -0.047389
v 0.000000 0.022830 -0.048639
v 0.000000 0.018500 -0.051139
v 0.000000 0.018500 -0.048639
v 0.000000 0.019415 -0.047724
v 0.000000 0.020665 -0.052389
v 0.000000 0.000000 -0.059335
v 0.000000 -0.003750 -0.061500
v 0.000000 0.007858 -0.061500
v 0.000000 0.003750 -0.061500
v 0.000000 -0.028751 0.030617
v 0.000000 -0.044771 0.042890
v 0.000000 -0.020234 0.036805
v 0.000000 -0.010445 0.040680
v 0.000000 -0.039944 0.012979
v 0.000000 -0.035462 0.022505
v 0.000000 -0.032362 -0.026772
v 0.000000 -0.024687 -0.033979
v 0.000000 -0.015461 -0.039051
v 0.000000 -0.038003 -0.017883
v 0.000000 -0.041256 -0.007870
v 0.000000 -0.041917 0.002637
v 0.000000 -0.005264 -0.041669
v 0.000000 0.005264 -0.041669
v 0.000000 0.015461 -0.039051
v 0.000000 0.024687 -0.033979
v 0.000000 0.041256 -0.007870
v 0.000000 0.032362 -0.026772
v 0.000000 0.041046 -0.046467
v 0.000000 0.038003 -0.017883
v 0.000000 0.039944 0.012979
v 0.000000 0.035462 0.022505
v 0.000000 0.041917 0.002637
v 0.000000 0.020234 0.036805
v 0.000000 0.028751 0.030617
v 0.000000 0.000000 0.042000
v 0.000000 0.010445 0.040680
v 0.000000 -0.007858 -0.061500
v 0.000000 0.002000 0.061968
v 0.000000 0.002000 0.061968
v 0.009000 0.002000 0.061968
v 0.009000 0.014200 0.060352
v 0.000000 0.014200 0.060352
v 0.009000 0.025840 0.056359
v 0.000000 0.025840 0.056359
v 0.009000 0.036462 0.050145
v 0.009000 0.045648 0.041955
v 0.000000 0.042757 0.044898
v 0.000000 0.045648 0.041955
v 0.009000 0.053036 0.032113
v 0.000000 0.052728 0.032616
v 0.000000 0.053036 0.032113
v 0.009000 0.058333 0.021005
v 0.000000 0.058333 0.021005
v 0.009000 0.061333 0.009070
v 0.009000 0.061916 -0.003222
v 0.000000 0.062000 0.000011
v 0.000000 0.061916 -0.003222
v 0.009000 0.060060 -0.015388
v 0.000000 0.060060 -0.015388
v 0.009000 0.055838 -0.026947
v 0.000000 0.055838 -0.026947
v 0.009000 0.049415 -0.037445
v 0.009000 0.041046 -0.046467
v 0.000000 0.044915 -0.042739
v 0.000000 0.041046 -0.046467
v 0.009000 0.031060 -0.053659
v 0.000000 0.032675 -0.052691
v 0.000000 0.031060 -0.053659
v 0.009000 0.019850 -0.058736
v 0.000000 0.019850 -0.058736
v 0.009000 0.007858 -0.061500
v 0.000000 0.007858 -0.061500
v 0.000000 0.049415 -0.037445
v 0.000000 0.061333 0.009070
v 0.000000 0.036462 0.050145
v 0.000000 -0.007858 -0.061500
v 0.009000 -0.007858 -0.061500
v 0.009000 -0.019850 -0.058736
v 0.000000 -0.019850 -0.058736
v 0.009000 -0.031060 -0.053659
v 0.000000 -0.031060 -0.053659
v 0.009000 -0.041046 -0.046467
v 0.000000 -0.044915 -0.042739
v 0.000000 -0.042832 -0.044826
v 0.009000 -0.049415 -0.037445
v 0.000000 -0.049415 -0.037445
v 0.009000 -0.055838 -0.026947
v 0.000000 -0.055838 -0.026947
v 0.009000 -0.060060 -0.015388
v 0.000000 -0.060060 -0.015388
v 0.009000 -0.061916 -0.003222
v 0.000000 -0.061916 -0.003222
v 0.009000 -0.061333 0.009070
v 0.000000 -0.061333 0.009070
v 0.009000 -0.058333 0.021005
v 0.000000 -0.058333 0.021005
v 0.009000 -0.053036 0.032113
v 0.000000 -0.053036 0.032113
v 0.009000 -0.045648 0.041955
v 0.000000 -0.042757 0.044898
v 0.000000 -0.044771 0.042890
v 0.009000 -0.036462 0.050145
v 0.000000 -0.036462 0.050145
v 0.009000 -0.025840 0.056359
v 0.000000 -0.025840 0.056359
v 0.009000 -0.014200 0.060352
v 0.000000 -0.014200 0.060352
v 0.009000 -0.002000 0.061968
v 0.000000 -0.002000 0.061968
v 0.000000 -0.045648 0.041955
v 0.000000 -0.041046 -0.046467
v 0.009000 -0.002000 0.060000
v 0.000000 -0.002000 0.060000
v 0.000000 -0.002000 0.061968
v 0.009000 -0.002000 0.061968
v 0.009000 0.002000 0.060000
v 0.000000 0.002000 0.060000
v 0.000000 -0.002000 0.060000
v 0.009000 -0.002000 0.060000
v 0.009000 0.002000 0.060000
v 0.009000 0.002000 0.061968
v 0.000000 0.002000 0.061968
v 0.000000 0.002000 0.060000
v 0.000000 0.000000 -0.059335
v 0.000000 0.003750 -0.061500
v 0.009000 0.003750 -0.061500
v 0.009000 0.000000 -0.059335
v 0.000000 0.007858 -0.061500
v 0.009000 0.007858 -0.061500
v 0.009000 0.003750 -0.061500
v 0.000000 0.003750 -0.061500
v 0.000000 -0.007858 -0.061500
v 0.000000 -0.003750 -0.061500
v 0.009000 -0.003750 -0.061500
v 0.009000 -0.007858 -0.061500
v 0.000000 -0.003750 -0.061500
v 0.000000 0.000000 -0.059335
v 0.009000 0.000000 -0.059335
v 0.009000 -0.003750 -0.061500
v 0.009000 -0.001500 0.051402
v 0.009000 0.000000 0.051000
v 0.000000 0.000000 0.051000
v 0.009000 -0.002598 0.052500
v 0.000000 -0.001500 0.051402
v 0.009000 -0.003000 0.054000
v 0.000000 -0.002598 0.052500
v 0.009000 -0.002598 0.055500
v 0.000000 -0.003000 0.054000
v 0.009000 -0.001500 0.056598
v 0.000000 -0.002598 0.055500
v 0.009000 0.000000 0.057000
v 0.000000 -0.001500 0.056598
v 0.009000 0.001500 0.056598
v 0.000000 0.000000 0.057000
v 0.009000 0.002598 0.055500
v 0.000000 0.001500 0.056598
v 0.009000 0.003000 0.054000
v 0.000000 0.002598 0.055500
v 0.009000 0.002598 0.052500
v 0.000000 0.003000 0.054000
v 0.009000 0.001500 0.051402
v 0.000000 0.002598 0.052500
v 0.000000 0.001500 0.051402
v 0.009000 -0.021915 0.047724
v 0.009000 -0.020665 0.047389
v 0.000000 -0.020665 0.047389
v 0.009000 -0.022830 0.048639
v 0.000000 -0.021915 0.047724
v 0.009000 -0.023165 0.049889
v 0.000000 -0.022830 0.048639
v 0.009000 -0.022830 0.051139
v 0.000000 -0.023165 0.049889
v 0.009000 -0.021915 0.052055
v 0.000000 -0.022830 0.051139
v 0.009000 -0.020665 0.052389
v 0.000000 -0.021915 0.052055
v 0.009000 -0.019415 0.052055
v 0.000000 -0.020665 0.052389
v 0.009000 -0.018500 0.051139
v 0.000000 -0.019415 0.052055
v 0.009000 -0.018165 0.049889
v 0.000000 -0.018500 0.051139
v 0.009000 -0.018500 0.048639
v 0.000000 -0.018165 0.049889
v 0.009000 -0.019415 0.047724
v 0.000000 -0.018500 0.048639
v 0.000000 -0.019415 0.047724
v 0.009000 0.018250 0.049242
v 0.009000 0.018897 0.048122
v 0.000000 0.018897 0.048122
v 0.009000 0.018250 0.050537
v 0.000000 0.018250 0.049242
v 0.009000 0.018897 0.051657
v 0.000000 0.018250 0.050537
v 0.009000 0.020018 0.052304
v 0.000000 0.018897 0.051657
v 0.009000 0.021312 0.052304
v 0.000000 0.020018 0.052304
v 0.009000 0.022433 0.051657
v 0.000000 0.021312 0.052304
v 0.009000 0.023080 0.050537
v 0.000000 0.022433 0.051657
v 0.009000 0.023080 0.049242
v 0.000000 0.023080 0.050537
v 0.009000 0.022433 0.048122
v 0.000000 0.023080 0.049242
v 0.009000 0.021312 0.047475
v 0.000000 0.022433 0.048122
v 0.009000 0.020018 0.047475
v 0.000000 0.021312 0.047475
v 0.000000 0.020018 0.047475
v 0.009000 0.047724 0.021915
v 0.009000 0.047389 0.020665
v 0.000000 0.047389 0.020665
v 0.009000 0.048639 0.022830
v 0.000000 0.047724 0.021915
v 0.009000 0.049889 0.023165
v 0.000000 0.048639 0.022830
v 0.009000 0.051139 0.022830
v 0.000000 0.049889 0.023165
v 0.009000 0.052055 0.021915
v 0.000000 0.051139 0.022830
v 0.009000 0.052389 0.020665
v 0.000000 0.052055 0.021915
v 0.009000 0.052055 0.019415
v 0.000000 0.052389 0.020665
v 0.009000 0.051139 0.018500
v 0.000000 0.052055 0.019415
v 0.009000 0.049889 0.018165
v 0.000000 0.051139 0.018500
v 0.009000 0.048639 0.018500
v 0.000000 0.049889 0.018165
v 0.009000 0.047724 0.019415
v 0.000000 0.048639 0.018500
v 0.000000 0.047724 0.019415
v 0.009000 0.049242 -0.018250
v 0.009000 0.048122 -0.018897
v 0.000000 0.048122 -0.018897
v 0.009000 0.050537 -0.018250
v 0.000000 0.049242 -0.018250
v 0.009000 0.051657 -0.018897
v 0.000000 0.050537 -0.018250
v 0.009000 0.052304 -0.020018
v 0.000000 0.051657 -0.018897
v 0.009000 0.052304 -0.021312
v 0.000000 0.052304 -0.020018
v 0.009000 0.051657 -0.022433
v 0.000000 0.052304 -0.021312
v 0.009000 0.050537 -0.023080
v 0.000000 0.051657 -0.022433
v 0.009000 0.049242 -0.023080
v 0.000000 0.050537 -0.023080
v 0.009000 0.048122 -0.022433
v 0.000000 0.049242 -0.023080
v 0.009000 0.047475 -0.021312
v 0.000000 0.048122 -0.022433
v 0.009000 0.047475 -0.020018
v 0.000000 0.047475 -0.021312
v 0.000000 0.047475 -0.020018
v 0.009000 0.021915 -0.047724
v 0.009000 0.020665 -0.047389
v 0.000000 0.020665 -0.047389
v 0.009000 0.022830 -0.048639
v 0.000000 0.021915 -0.047724
v 0.009000 0.023165 -0.049889
v 0.000000 0.022830 -0.048639
v 0.009000 0.022830 -0.051139
v 0.000000 0.023165 -0.049889
v 0.009000 0.021915 -0.052055
v 0.000000 0.022830 -0.051139
v 0.009000 0.020665 -0.052389
v 0.000000 0.021915 -0.052055
v 0.009000 0.019415 -0.052055
v 0.000000 0.020665 -0.052389
v 0.009000 0.018500 -0.051139
v 0.000000 0.019415 -0.052055
v 0.009000 0.018165 -0.049889
v 0.000000 0.018500 -0.051139
v 0.009000 0.018500 -0.048639
v 0.000000 0.018165 -0.049889
v 0.009000 0.019415 -0.047724
v 0.000000 0.018500 -0.048639
v 0.000000 0.019415 -0.047724
v 0.009000 -0.018250 -0.049242
v 0.009000 -0.018897 -0.048122
v 0.000000 -0.018897 -0.048122
v 0.009000 -0.018250 -0.050537
v 0.000000 -0.018250 -0.049242
v 0.009000 -0.018897 -0.051657
v 0.000000 -0.018250 -0.050537
v 0.009000 -0.020018 -0.052304
v 0.000000 -0.018897 -0.051657
v 0.009000 -0.021312 -0.052304
v 0.000000 -0.020018 -0.052304
v 0.009000 -0.022433 -0.051657
v 0.000000 -0.021312 -0.052304
v 0.009000 -0.023080 -0.050537
v 0.000000 -0.022433 -0.051657
v 0.009000 -0.023080 -0.049242
v 0.000000 -0.023080 -0.050537
v 0.009000 -0.022433 -0.048122
v 0.000000 -0.023080 -0.049242
v 0.009000 -0.021312 -0.047475
v 0.000000 -0.022433 -0.048122
v 0.009000 -0.020018 -0.047475
v 0.000000 -0.021312 -0.047475
v 0.000000 -0.020018 -0.047475
v 0.009000 -0.047724 -0.021915
v 0.009000 -0.047389 -0.020665
v 0.000000 -0.047389 -0.020665
v 0.009000 -0.048639 -0.022830
v 0.000000 -0.047724 -0.021915
v 0.009000 -0.049889 -0.023165
v 0.000000 -0.048639 -0.022830
v 0.009000 -0.051139 -0.022830
v 0.000000 -0.049889 -0.023165
v 0.009000 -0.052055 -0.021915
v 0.000000 -0.051139 -0.022830
v 0.009000 -0.052389 -0.020665
v 0.000000 -0.052055 -0.021915
v 0.009000 -0.052055 -0.019415
v 0.000000 -0.052389 -0.020665
v 0.009000 -0.051139 -0.018500
v 0.000000 -0.052055 -0.019415
v 0.009000 -0.049889 -0.018165
v 0.000000 -0.051139 -0.018500
v 0.009000 -0.048639 -0.018500
v 0.000000 -0.049889 -0.018165
v 0.009000 -0.047724 -0.019415
v 0.000000 -0.048639 -0.018500
v 0.000000 -0.047724 -0.019415
v 0.009000 -0.049242 0.018250
v 0.009000 -0.048122 0.018897
v 0.000000 -0.048122 0.018897
v 0.009000 -0.050537 0.018250
v 0.000000 -0.049242 0.018250
v 0.009000 -0.051657 0.018897
v 0.000000 -0.050537 0.018250
v 0.009000 -0.052304 0.020018
v 0.000000 -0.051657 0.018897
v 0.009000 -0.052304 0.021312
v 0.000000 -0.052304 0.020018
v 0.009000 -0.051657 0.022433
v 0.000000 -0.052304 0.021312
v 0.009000 -0.050537 0.023080
v 0.000000 -0.051657 0.022433
v 0.009000 -0.049242 0.023080
v 0.000000 -0.050537 0.023080
v 0.009000 -0.048122 0.022433
v 0.000000 -0.049242 0.023080
v 0.009000 -0.047475 0.021312
v 0.000000 -0.048122 0.022433
v 0.009000 -0.047475 0.020018
v 0.000000 -0.047475 0.021312
v 0.000000 -0.047475 0.020018
vn 0.000 0.270 -0.963
vn 0.000 0.000 -1.000
vn 0.000 0.000 -1.000
vn 0.000 0.520 -0.854
vn 0.000 0.270 -0.963
vn 0.000 0.731 -0.683
vn 0.000 0.520 -0.854
vn 0.000 0.888 -0.460
vn 0.000 0.731 -0.683
vn 0.000 0.979 -0.203
vn 0.000 0.888 -0.460
vn 0.000 0.998 0.068
vn 0.000 0.979 -0.203
vn 0.000 0.942 0.335
vn 0.000 0.998 0.068
vn 0.000 0.817 0.577
vn 0.000 0.942 0.335
vn 0.000 0.631 0.776
vn 0.000 0.817 0.577
vn 0.000 0.398 0.917
vn 0.000 0.631 0.776
vn 0.000 0.136 0.991
vn 0.000 0.398 0.917
vn 0.000 -0.136 0.991
vn 0.000 0.136 0.991
vn 0.000 -0.398 0.917
vn 0.000 -0.136 0.991
vn 0.000 -0.631 0.776
vn 0.000 -0.398 0.917
vn 0.000 -0.817 0.577
vn 0.000 -0.631 0.776
vn 0.000 -0.942 0.335
vn 0.000 -0.817 0.577
vn 0.000 -0.998 0.068
vn 0.000 -0.942 0.335
vn 0.000 -0.979 -0.203
vn 0.000 -0.998 0.068
vn 0.000 -0.888 -0.460
vn 0.000 -0.979 -0.203
vn 0.000 -0.731 -0.683
vn 0.000 -0.888 -0.460
vn 0.000 -0.520 -0.854
vn 0.000 -0.731 -0.683
vn 0.000 -0.270 -0.963
vn 0.000 -0.520 -0.854
vn 0.000 -0.270 -0.963
vn -1.000 0.000 0.000
vn -1.000 0.000 0.000
vn -1.000 0.000 0.000
vn -1.000 0.000 0.000
vn -1.000 0.000 0.000
vn -1.000 0.000 0.000
vn -1.000 0.000 0.000
vn -1.000 0.000 0.000
vn -1.000 0.000 0.000
vn -1.000 0.000 0.000
vn -1.000 0.000 0.000
vn -1.000 0.000 0.000
vn -1.000 0.000 0.000
vn -1.000 0.000 0.000
vn -1.000 0.000 0.000
vn -1.000 0.000 0.000
vn -1.000 0.000 0.000
vn -1.000 0.000 0.000
vn -1.000 0.000 0.000
vn -1.000 0.000 0.000
vn -1.000 0.000 0.000
vn -1.000 0.000 0.000
vn -1.000 0.000 0.000
vn -1.000 0.000 0.000
vn -1.000 0.000 0.000
vn -1.000 0.000 0.000
vn -1.000 0.000 0.000
vn -1.000 0.000 0.000
vn -1.000 0.000 0.000
vn -1.000 0.000 0.000
vn -1.000 0.000 0.000
vn -1.000 0.000 0.000
vn -1.000 0.000 0.000
vn -1.000 0.000 0.000
vn -1.000 0.000 0.000
vn -1.000 0.000 0.000
vn -1.000 0.000 0.000
vn -1.000 0.000 0.000
vn -1.000 0.000 0.000
vn -1.000 0.000 0.000
vn 0.000 0.361 -0.932
vn 0.000 0.000 -1.000
vn 0.000 0.000 -1.000
vn 0.000 0.674 -0.739
vn 0.000 0.361 -0.932
vn 0.000 0.895 -0.446
vn 0.000 0.674 -0.739
vn 0.000 0.996 -0.092
vn 0.000 0.895 -0.446
vn 0.000 0.962 0.274
vn 0.000 0.996 -0.092
vn 0.000 0.798 0.603
vn 0.000 0.962 0.274
vn 0.000 0.526 0.850
vn 0.000 0.798 0.603
vn 0.000 0.184 0.983
vn 0.000 0.526 0.850
vn 0.000 -0.184 0.983
vn 0.000 0.000 1.000
vn 0.000 0.184 0.983
vn 0.000 -0.526 0.850
vn 0.000 -0.184 0.983
vn 0.000 -0.798 0.603
vn 0.000 -0.526 0.850
vn 0.000 -0.962 0.274
vn 0.000 -0.798 0.603
vn 0.000 -0.996 -0.092
vn 0.000 -0.962 0.274
vn 0.000 -0.895 -0.446
vn 0.000 -0.996 -0.092
vn 0.000 -0.674 -0.739
vn 0.000 -0.895 -0.446
vn 0.000 -0.361 -0.932
vn 0.000 -0.674 -0.739
vn 0.000 -0.361 -0.932
vn -1.000 0.000 0.000
vn -1.000 0.000 0.000
vn -1.000 0.000 0.000
vn -1.000 0.000 0.000
vn -1.000 0.000 0.000
vn -1.000 0.000 0.000
vn -1.000 0.000 0.000
vn -1.000 0.000 0.000
vn -1.000 0.000 0.000
vn -1.000 0.000 0.000
vn -1.000 0.000 0.000
vn -1.000 0.000 0.000
vn -1.000 0.000 0.000
vn -1.000 0.000 0.000
vn -1.000 0.000 0.000
vn -1.000 0.000 0.000
vn -1.000 0.000 0.000
vn -1.000 0.000 0.000
vn -1.000 0.000 0.000
vn -1.000 0.000 0.000
vn -1.000 0.000 0.000
vn -1.000 0.000 0.000
vn -1.000 0.000 0.000
vn -1.000 0.000 0.000
vn -1.000 0.000 0.000
vn -1.000 0.000 0.000
vn -1.000 0.000 0.000
vn -1.000 0.000 0.000
vn -1.000 0.000 0.000
vn -1.000 0.000 0.000
vn -1.000 0.000 0.000
vn -1.000 0.000 0.000
vn -1.000 0.000 0.000
vn -1.000 0.000 0.000
vn -1.000 0.000 0.000
vn -1.000 0.000 0.000
vn -1.000 0.000 0.000
vn -1.000 0.000 0.000
vn -1.000 0.000 0.000
vn -1.000 0.000 0.000
vn -1.000 0.000 0.000
vn -1.000 0.000 0.000
vn -1.000 0.000 0.000
vn -1.000 0.000 0.000
vn -1.000 0.000 0.000
vn -1.000 0.000 0.000
vn -1.000 0.000 0.000
vn -1.000 0.000 0.000
vn 1.000 0.000 0.000
vn 1.000 0.000 0.000
vn 1.000 0.000 0.000
vn 1.000 0.000 0.000
vn 1.000 0.000 0.000
vn 1.000 0.000 0.000
vn 1.000 0.000 0.000
vn 1.000 0.000 0.000
vn 1.000 0.000 0.000
vn 1.000 0.000 0.000
vn 1.000 0.000 0.000
vn 1.000 0.000 0.000
vn 1.000 0.000 0.000
vn 1.000 0.000 0.000
vn 1.000 0.000 0.000
vn 1.000 0.000 0.000
vn 1.000 0.000 0.000
vn 1.000 0.000 0.000
vn 1.000 0.000 0.000
vn 1.000 0.000 0.000
vn 1.000 0.000 0.000
vn 1.000 0.000 0.000
vn 1.000 0.000 0.000
vn 1.000 0.000 0.000
vn 1.000 0.000 0.000
vn 1.000 0.000 0.000
vn 1.000 0.000 0.000
vn 1.000 0.000 0.000
vn 1.000 0.000 0.000
vn 1.000 0.000 0.000
vn 1.000 0.000 0.000
vn 1.000 0.000 0.000
vn 1.000 0.000 0.000
vn 1.000 0.000 0.000
vn 1.000 0.000 0.000
vn 1.000 0.000 0.000
vn 1.000 0.000 0.000
vn 1.000 0.000 0.000
vn 1.000 0.000 0.000
vn 1.000 0.000 0.000
vn 1.000 0.000 0.000
vn 1.000 0.000 0.000
vn 1.000 0.000 0.000
vn 1.000 0.000 0.000
vn 1.000 0.000 0.000
vn 0.000 0.000 1.000
vn 0.000 0.000 1.000
vn 0.000 0.249 0.969
vn 0.000 0.249 0.969
vn 0.000 0.482 0.876
vn 0.000 0.482 0.876
vn 0.000 0.685 0.729
vn 0.000 0.685 0.729
vn 0.000 0.844 0.536
vn 0.000 0.844 0.536
vn 0.000 0.951 0.309
vn 0.000 0.951 0.309
vn 0.000 0.998 0.063
vn 0.000 0.998 0.063
vn 0.000 0.982 -0.187
vn 0.000 0.982 -0.187
vn 0.000 0.905 -0.426
vn 0.000 0.905 -0.426
vn 0.000 0.771 -0.637
vn 0.000 0.771 -0.637
vn 0.000 0.588 -0.809
vn 0.000 0.588 -0.809
vn 0.000 0.368 -0.930
vn 0.000 0.368 -0.930
vn 0.000 0.125 -0.992
vn 0.000 0.125 -0.992
vn 0.000 -0.125 -0.992
vn 0.000 -0.125 -0.992
vn 0.000 -0.368 -0.930
vn 0.000 -0.368 -0.930
vn 0.000 -0.588 -0.809
vn 0.000 -0.588 -0.809
vn 0.000 -0.771 -0.637
vn 0.000 -0.771 -0.637
vn 0.000 -0.905 -0.426
vn 0.000 -0.905 -0.426
vn 0.000 -0.982 -0.187
vn 0.000 -0.982 -0.187
vn 0.000 -0.998 0.063
vn 0.000 -0.998 0.063
vn 0.000 -0.951 0.309
vn 0.000 -0.951 0.309
vn 0.000 -0.844 0.536
vn 0.000 -0.844 0.536
vn 0.000 -0.685 0.729
vn 0.000 -0.685 0.729
vn 0.000 -0.482 0.876
vn 0.000 -0.482 0.876
vn 0.000 -0.249 0.969
vn 0.000 -0.249 0.969
vn 0.000 0.000 -1.000
vn 0.000 0.000 -1.000
vn 0.000 0.231 -0.973
vn 0.000 0.231 -0.973
vn 0.000 0.449 -0.894
vn 0.000 0.449 -0.894
vn 0.000 0.643 -0.766
vn 0.000 0.643 -0.766
vn 0.000 0.802 -0.597
vn 0.000 0.802 -0.597
vn 0.000 0.918 -0.396
vn 0.000 0.918 -0.396
vn 0.000 0.985 -0.174
vn 0.000 0.985 -0.174
vn 0.000 0.998 0.058
vn 0.000 0.998 0.058
vn 0.000 0.958 0.287
vn 0.000 0.958 0.287
vn 0.000 0.866 0.500
vn 0.000 0.866 0.500
vn 0.000 0.727 0.686
vn 0.000 0.727 0.686
vn 0.000 0.550 0.835
vn 0.000 0.550 0.835
vn 0.000 0.342 0.940
vn 0.000 0.342 0.940
vn 0.000 0.116 0.993
vn 0.000 0.116 0.993
vn 0.000 -0.116 0.993
vn 0.000 -0.116 0.993
vn 0.000 -0.342 0.940
vn 0.000 -0.342 0.940
vn 0.000 -0.550 0.835
vn 0.000 -0.550 0.835
vn 0.000 -0.727 0.686
vn 0.000 -0.727 0.686
vn 0.000 -0.866 0.500
vn 0.000 -0.866 0.500
vn 0.000 -0.958 0.287
vn 0.000 -0.958 0.287
vn 0.000 -0.998 0.058
vn 0.000 -0.998 0.058
vn 0.000 -0.985 -0.174
vn 0.000 -0.985 -0.174
vn 0.000 -0.918 -0.396
vn 0.000 -0.918 -0.396
vn 0.000 -0.802 -0.597
vn 0.000 -0.802 -0.597
vn 0.000 -0.643 -0.766
vn 0.000 -0.643 -0.766
vn 0.000 -0.449 -0.894
vn 0.000 -0.449 -0.894
vn 0.000 -0.231 -0.973
vn 0.000 -0.231 -0.973
vn 1.000 0.000 0.000
vn 1.000 0.000 0.000
vn 1.000 0.000 0.000
vn 1.000 0.000 0.000
vn 1.000 0.000 0.000
vn 1.000 0.000 0.000
vn 1.000 0.000 0.000
vn 1.000 0.000 0.000
vn 1.000 0.000 0.000
vn 1.000 0.000 0.000
vn 1.000 0.000 0.000
vn 1.000 0.000 0.000
vn 1.000 0.000 0.000
vn 1.000 0.000 0.000
vn 1.000 0.000 0.000
vn 1.000 0.000 0.000
vn 1.000 0.000 0.000
vn 1.000 0.000 0.000
vn 1.000 0.000 0.000
vn 1.000 0.000 0.000
vn 1.000 0.000 0.000
vn 1.000 0.000 0.000
vn 1.000 0.000 0.000
vn 1.000 0.000 0.000
vn 1.000 0.000 0.000
vn 1.000 0.000 0.000
vn 1.000 0.000 0.000
vn 1.000 0.000 0.000
vn 1.000 0.000 0.000
vn 1.000 0.000 0.000
vn 1.000 0.000 0.000
vn 1.000 0.000 0.000
vn 1.000 0.000 0.000
vn 1.000 0.000 0.000
vn 1.000 0.000 0.000
vn 1.000 0.000 0.000
vn 1.000 0.000 0.000
vn 1.000 0.000 0.000
vn 1.000 0.000 0.000
vn 1.000 0.000 0.000
vn 1.000 0.000 0.000
vn 1.000 0.000 0.000
vn 1.000 0.000 0.000
vn 1.000 0.000 0.000
vn 1.000 0.000 0.000
vn 1.000 0.000 0.000
vn 1.000 0.000 0.000
vn 1.000 0.000 0.000
vn 1.000 0.000 0.000
vn 1.000 0.000 0.000
vn 1.000 0.000 0.000
vn 1.000 0.000 0.000
vn 1.000 0.000 0.000
vn 1.000 0.000 0.000
vn 1.000 0.000 0.000
vn 1.000 0.000 0.000
vn 1.000 0.000 0.000
vn 1.000 0.000 0.000
vn 1.000 0.000 0.000
vn 1.000 0.000 0.000
vn 1.000 0.000 0.000
vn 1.000 0.000 0.000
vn 1.000 0.000 0.000
vn 1.000 0.000 0.000
vn 1.000 0.000 0.000
vn 1.000 0.000 0.000
vn 1.000 0.000 0.000
vn 1.000 0.000 0.000
vn 1.000 0.000 0.000
vn 1.000 0.000 0.000
vn 1.000 0.000 0.000
vn 1.000 0.000 0.000
vn 1.000 0.000 0.000
vn 1.000 0.000 0.000
vn 1.000 0.000 0.000
vn 1.000 0.000 0.000
vn 1.000 0.000 0.000
vn 1.000 0.000 0.000
vn 1.000 0.000 0.000
vn 1.000 0.000 0.000
vn 1.000 0.000 0.000
vn 1.000 0.000 0.000
vn 1.000 0.000 0.000
vn 1.000 0.000 0.000
vn 1.000 0.000 0.000
vn 1.000 0.000 0.000
vn 1.000 0.000 0.000
vn 1.000 0.000 0.000
vn 1.000 0.000 0.000
vn 1.000 0.000 0.000
vn 1.000 0.000 0.000
vn 1.000 0.000 0.000
vn 1.000 0.000 0.000
vn 1.000 0.000 0.000
vn 1.000 0.000 0.000
vn 1.000 0.000 0.000
vn 1.000 0.000 0.000
vn 1.000 0.000 0.000
vn 1.000 0.000 0.000
vn 1.000 0.000 0.000
vn 1.000 0.000 0.000
vn 1.000 0.000 0.000
vn 1.000 0.000 0.000
vn 1.000 0.000 0.000
vn 1.000 0.000 0.000
vn 1.000 0.000 0.000
vn 1.000 0.000 0.000
vn 1.000 0.000 0.000
vn 1.000 0.000 0.000
vn 1.000 0.000 0.000
vn 1.000 0.000 0.000
vn 1.000 0.000 0.000
vn 1.000 0.000 0.000
vn 1.000 0.000 0.000
vn 1.000 0.000 0.000
vn 1.000 0.000 0.000
vn 1.000 0.000 0.000
vn 1.000 0.000 0.000
vn 1.000 0.000 0.000
vn 1.000 0.000 0.000
vn 1.000 0.000 0.000
vn 1.000 0.000 0.000
vn 1.000 0.000 0.000
vn 1.000 0.000 0.000
vn 1.000 0.000 0.000
vn 1.000 0.000 0.000
vn 1.000 0.000 0.000
vn 1.000 0.000 0.000
vn 1.000 0.000 0.000
vn 1.000 0.000 0.000
vn 1.000 0.000 0.000
vn 1.000 0.000 0.000
vn 1.000 0.000 0.000
vn 1.000 0.000 0.000
vn 1.000 0.000 0.000
vn 1.000 0.000 0.000
vn 1.000 0.000 0.000
vn 1.000 0.000 0.000
vn 1.000 0.000 0.000
vn 1.000 0.000 0.000
vn 1.000 0.000 0.000
vn 1.000 0.000 0.000
vn 1.000 0.000 0.000
vn 1.000 0.000 0.000
vn 1.000 0.000 0.000
vn 1.000 0.000 0.000
vn 1.000 0.000 0.000
vn 1.000 0.000 0.000
vn 1.000 0.000 0.000
vn 1.000 0.000 0.000
vn 1.000 0.000 0.000
vn 1.000 0.000 0.000
vn 1.000 0.000 0.000
vn 1.000 0.000 0.000
vn 1.000 0.000 0.000
vn 1.000 0.000 0.000
vn 1.000 0.000 0.000
vn 1.000 0.000 0.000
vn 1.000 0.000 0.000
vn 1.000 0.000 0.000
vn 1.000 0.000 0.000
vn 1.000 0.000 0.000
vn 1.000 0.000 0.000
vn 1.000 0.000 0.000
vn 1.000 0.000 0.000
vn 1.000 0.000 0.000
vn 1.000 0.000 0.000
vn 1.000 0.000 0.000
vn 1.000 0.000 0.000
vn 1.000 0.000 0.000
vn 1.000 0.000 0.000
vn 1.000 0.000 0.000
vn 1.000 0.000 0.000
vn 1.000 0.000 0.000
vn 1.000 0.000 0.000
vn 1.000 0.000 0.000
vn 1.000 0.000 0.000
vn 1.000 0.000 0.000
vn 1.000 0.000 0.000
vn 1.000 0.000 0.000
vn 1.000 0.000 0.000
vn 1.000 0.000 0.000
vn 1.000 0.000 0.000
vn 1.000 0.000 0.000
vn 1.000 0.000 0.000
vn 1.000 0.000 0.000
vn 1.000 0.000 0.000
vn 1.000 0.000 0.000
vn 1.000 0.000 0.000
vn 1.000 0.000 0.000
vn -1.000 0.000 0.000
vn -1.000 0.000 0.000
vn -1.000 0.000 0.000
vn -1.000 0.000 0.000
vn -1.000 0.000 0.000
vn -1.000 0.000 0.000
vn -1.000 0.000 0.000
vn -1.000 0.000 0.000
vn -1.000 0.000 0.000
vn -1.000 0.000 0.000
vn -1.000 0.000 0.000
vn -1.000 0.000 0.000
vn -1.000 0.000 0.000
vn -1.000 0.000 0.000
vn -1.000 0.000 0.000
vn -1.000 0.000 0.000
vn -1.000 0.000 0.000
vn -1.000 0.000 0.000
vn -1.000 0.000 0.000
vn -1.000 0.000 0.000
vn -1.000 0.000 0.000
vn -1.000 0.000 0.000
vn -1.000 0.000 0.000
vn -1.000 0.000 0.000
vn -1.000 0.000 0.000
vn -1.000 0.000 0.000
vn -1.000 0.000 0.000
vn -1.000 0.000 0.000
vn -1.000 0.000 0.000
vn -1.000 0.000 0.000
vn -1.000 0.000 0.000
vn -1.000 0.000 0.000
vn -1.000 0.000 0.000
vn -1.000 0.000 0.000
vn -1.000 0.000 0.000
vn -1.000 0.000 0.000
vn -1.000 0.000 0.000
vn -1.000 0.000 0.000
vn -1.000 0.000 0.000
vn -1.000 0.000 0.000
vn -1.000 0.000 0.000
vn -1.000 0.000 0.000
vn -1.000 0.000 0.000
vn -1.000 0.000 0.000
vn -1.000 0.000 0.000
vn -1.000 0.000 0.000
vn -1.000 0.000 0.000
vn -1.000 0.000 0.000
vn -1.000 0.000 0.000
vn -1.000 0.000 0.000
vn -1.000 0.000 0.000
vn -1.000 0.000 0.000
vn -1.000 0.000 0.000
vn -1.000 0.000 0.000
vn -1.000 0.000 0.000
vn -1.000 0.000 0.000
vn -1.000 0.000 0.000
vn -1.000 0.000 0.000
vn -1.000 0.000 0.000
vn -1.000 0.000 0.000
vn -1.000 0.000 0.000
vn -1.000 0.000 0.000
vn -1.000 0.000 0.000
vn -1.000 0.000 0.000
vn -1.000 0.000 0.000
vn -1.000 0.000 0.000
vn -1.000 0.000 0.000
vn -1.000 0.000 0.000
vn -1.000 0.000 0.000
vn -1.000 0.000 0.000
vn -1.000 0.000 0.000
vn -1.000 0.000 0.000
vn -1.000 0.000 0.000
vn -1.000 0.000 0.000
vn -1.000 0.000 0.000
vn -1.000 0.000 0.000
vn -1.000 0.000 0.000
vn -1.000 0.000 0.000
vn -1.000 0.000 0.000
vn -1.000 0.000 0.000
vn -1.000 0.000 0.000
vn -1.000 0.000 0.000
vn -1.000 0.000 0.000
vn -1.000 0.000 0.000
vn -1.000 0.000 0.000
vn -1.000 0.000 0.000
vn -1.000 0.000 0.000
vn -1.000 0.000 0.000
vn -1.000 0.000 0.000
vn -1.000 0.000 0.000
vn -1.000 0.000 0.000
vn -1.000 0.000 0.000
vn -1.000 0.000 0.000
vn -1.000 0.000 0.000
vn -1.000 0.000 0.000
vn -1.000 0.000 0.000
vn -1.000 0.000 0.000
vn -1.000 0.000 0.000
vn -1.000 0.000 0.000
vn -1.000 0.000 0.000
vn -1.000 0.000 0.000
vn -1.000 0.000 0.000
vn -1.000 0.000 0.000
vn -1.000 0.000 0.000
vn -1.000 0.000 0.000
vn -1.000 0.000 0.000
vn -1.000 0.000 0.000
vn -1.000 0.000 0.000
vn -1.000 0.000 0.000
vn -1.000 0.000 0.000
vn -1.000 0.000 0.000
vn -1.000 0.000 0.000
vn -1.000 0.000 0.000
vn -1.000 0.000 0.000
vn -1.000 0.000 0.000
vn -1.000 0.000 0.000
vn -1.000 0.000 0.000
vn -1.000 0.000 0.000
vn -1.000 0.000 0.000
vn -1.000 0.000 0.000
vn -1.000 0.000 0.000
vn -1.000 0.000 0.000
vn -1.000 0.000 0.000
vn -1.000 0.000 0.000
vn -1.000 0.000 0.000
vn -1.000 0.000 0.000
vn -1.000 0.000 0.000
vn -1.000 0.000 0.000
vn -1.000 0.000 0.000
vn -1.000 0.000 0.000
vn -1.000 0.000 0.000
vn -1.000 0.000 0.000
vn -1.000 0.000 0.000
vn -1.000 0.000 0.000
vn -1.000 0.000 0.000
vn -1.000 0.000 0.000
vn -1.000 0.000 0.000
vn -1.000 0.000 0.000
vn -1.000 0.000 0.000
vn -1.000 0.000 0.000
vn -1.000 0.000 0.000
vn -1.000 0.000 0.000
vn -1.000 0.000 0.000
vn -1.000 0.000 0.000
vn -1.000 0.000 0.000
vn -1.000 0.000 0.000
vn -1.000 0.000 0.000
vn -1.000 0.000 0.000
vn -1.000 0.000 0.000
vn -1.000 0.000 0.000
vn -1.000 0.000 0.000
vn -1.000 0.000 0.000
vn -1.000 0.000 0.000
vn -1.000 0.000 0.000
vn -1.000 0.000 0.000
vn -1.000 0.000 0.000
vn -1.000 0.000 0.000
vn -1.000 0.000 0.000
vn -1.000 0.000 0.000
vn -1.000 0.000 0.000
vn -1.000 0.000 0.000
vn -1.000 0.000 0.000
vn -1.000 0.000 0.000
vn -1.000 0.000 0.000
vn -1.000 0.000 0.000
vn -1.000 0.000 0.000
vn -1.000 0.000 0.000
vn -1.000 0.000 0.000
vn -1.000 0.000 0.000
vn -1.000 0.000 0.000
vn -1.000 0.000 0.000
vn -1.000 0.000 0.000
vn -1.000 0.000 0.000
vn -1.000 0.000 0.000
vn -1.000 0.000 0.000
vn -1.000 0.000 0.000
vn -1.000 0.000 0.000
vn -1.000 0.000 0.000
vn -1.000 0.000 0.000
vn -1.000 0.000 0.000
vn -1.000 0.000 0.000
vn -1.000 0.000 0.000
vn -1.000 0.000 0.000
vn -1.000 0.000 0.000
vn -1.000 0.000 0.000
vn -1.000 0.000 0.000
vn -1.000 0.000 0.000
vn -1.000 0.000 0.000
vn -1.000 0.000 0.000
vn -1.000 0.000 0.000
vn -1.000 0.000 0.000
vn -1.000 0.000 0.000
vn -1.000 0.000 0.000
vn -1.000 0.000 0.000
vn -1.000 0.000 0.000
vn 0.000 0.032 0.999
vn 0.000 0.032 0.999
vn 0.000 0.229 0.973
vn 0.000 0.229 0.973
vn 0.000 0.417 0.909
vn 0.000 0.417 0.909
vn 0.000 0.588 0.809
vn 0.000 0.736 0.677
vn 0.000 0.690 0.724
vn 0.000 0.736 0.677
vn 0.000 0.855 0.518
vn 0.000 0.850 0.526
vn 0.000 0.855 0.518
vn 0.000 0.941 0.339
vn 0.000 0.941 0.339
vn 0.000 0.989 0.146
vn 0.000 0.999 -0.052
vn 0.000 1.000 0.000
vn 0.000 0.999 -0.052
vn 0.000 0.969 -0.248
vn 0.000 0.969 -0.248
vn 0.000 0.901 -0.435
vn 0.000 0.901 -0.435
vn 0.000 0.797 -0.604
vn 0.000 0.662 -0.749
vn 0.000 0.724 -0.689
vn 0.000 0.662 -0.749
vn 0.000 0.501 -0.865
vn 0.000 0.527 -0.850
vn 0.000 0.501 -0.865
vn 0.000 0.320 -0.947
vn 0.000 0.320 -0.947
vn 0.000 0.127 -0.992
vn 0.000 0.127 -0.992
vn 0.000 0.797 -0.604
vn 0.000 0.989 0.146
vn 0.000 0.588 0.809
vn 0.000 -0.127 -0.992
vn 0.000 -0.127 -0.992
vn 0.000 -0.320 -0.947
vn 0.000 -0.320 -0.947
vn 0.000 -0.501 -0.865
vn 0.000 -0.501 -0.865
vn 0.000 -0.662 -0.749
vn 0.000 -0.724 -0.689
vn 0.000 -0.691 -0.723
vn 0.000 -0.797 -0.604
vn 0.000 -0.797 -0.604
vn 0.000 -0.901 -0.435
vn 0.000 -0.901 -0.435
vn 0.000 -0.969 -0.248
vn 0.000 -0.969 -0.248
vn 0.000 -0.999 -0.052
vn 0.000 -0.999 -0.052
vn 0.000 -0.989 0.146
vn 0.000 -0.989 0.146
vn 0.000 -0.941 0.339
vn 0.000 -0.941 0.339
vn 0.000 -0.855 0.518
vn 0.000 -0.855 0.518
vn 0.000 -0.736 0.677
vn 0.000 -0.690 0.724
vn 0.000 -0.722 0.692
vn 0.000 -0.588 0.809
vn 0.000 -0.588 0.809
vn 0.000 -0.417 0.909
vn 0.000 -0.417 0.909
vn 0.000 -0.229 0.973
vn 0.000 -0.229 0.973
vn 0.000 -0.032 0.999
vn 0.000 -0.032 0.999
vn 0.000 -0.736 0.677
vn 0.000 -0.662 -0.749
vn 0.000 1.000 0.000
vn 0.000 1.000 0.000
vn 0.000 1.000 0.000
vn 0.000 1.000 0.000
vn 0.000 0.000 1.000
vn 0.000 0.000 1.000
vn 0.000 0.000 1.000
vn 0.000 0.000 1.000
vn 0.000 -1.000 0.000
vn 0.000 -1.000 0.000
vn 0.000 -1.000 0.000
vn 0.000 -1.000 0.000
vn 0.000 -0.500 -0.866
vn 0.000 -0.500 -0.866
vn 0.000 -0.500 -0.866
vn 0.000 -0.500 -0.866
vn 0.000 0.000 -1.000
vn 0.000 0.000 -1.000
vn 0.000 0.000 -1.000
vn 0.000 0.000 -1.000
vn 0.000 0.000 -1.000
vn 0.000 0.000 -1.000
vn 0.000 0.000 -1.000
vn 0.000 0.000 -1.000
vn 0.000 0.500 -0.866
vn 0.000 0.500 -0.866
vn 0.000 0.500 -0.866
vn 0.000 0.500 -0.866
vn 0.000 0.500 0.866
vn 0.000 0.000 1.000
vn 0.000 0.000 1.000
vn 0.000 0.866 0.500
vn 0.000 0.500 0.866
vn 0.000 1.000 0.000
vn 0.000 0.866 0.500
vn 0.000 0.866 -0.500
vn 0.000 1.000 0.000
vn 0.000 0.500 -0.866
vn 0.000 0.866 -0.500
vn 0.000 0.000 -1.000
vn 0.000 0.500 -0.866
vn 0.000 -0.500 -0.866
vn 0.000 0.000 -1.000
vn 0.000 -0.866 -0.500
vn 0.000 -0.500 -0.866
vn 0.000 -1.000 0.000
vn 0.000 -0.866 -0.500
vn 0.000 -0.866 0.500
vn 0.000 -1.000 0.000
vn 0.000 -0.500 0.866
vn 0.000 -0.866 0.500
vn 0.000 -0.500 0.866
vn 0.000 0.500 0.866
vn 0.000 0.000 1.000
vn 0.000 0.000 1.000
vn 0.000 0.866 0.500
vn 0.000 0.500 0.866
vn 0.000 1.000 0.000
vn 0.000 0.866 0.500
vn 0.000 0.866 -0.500
vn 0.000 1.000 0.000
vn 0.000 0.500 -0.866
vn 0.000 0.866 -0.500
vn 0.000 0.000 -1.000
vn 0.000 0.500 -0.866
vn 0.000 -0.500 -0.866
vn 0.000 0.000 -1.000
vn 0.000 -0.866 -0.500
vn 0.000 -0.500 -0.866
vn 0.000 -1.000 0.000
vn 0.000 -0.866 -0.500
vn 0.000 -0.866 0.500
vn 0.000 -1.000 0.000
vn 0.000 -0.500 0.866
vn 0.000 -0.866 0.500
vn 0.000 -0.500 0.866
vn 0.000 0.966 0.259
vn 0.000 0.707 0.707
vn 0.000 0.707 0.707
vn 0.000 0.966 -0.259
vn 0.000 0.966 0.259
vn 0.000 0.707 -0.707
vn 0.000 0.966 -0.259
vn 0.000 0.259 -0.966
vn 0.000 0.707 -0.707
vn 0.000 -0.259 -0.966
vn 0.000 0.259 -0.966
vn 0.000 -0.707 -0.707
vn 0.000 -0.259 -0.966
vn 0.000 -0.966 -0.259
vn 0.000 -0.707 -0.707
vn 0.000 -0.966 0.259
vn 0.000 -0.966 -0.259
vn 0.000 -0.707 0.707
vn 0.000 -0.966 0.259
vn 0.000 -0.259 0.966
vn 0.000 -0.707 0.707
vn 0.000 0.259 0.966
vn 0.000 -0.259 0.966
vn 0.000 0.259 0.966
vn 0.000 0.866 -0.500
vn 0.000 1.000 0.000
vn 0.000 1.000 0.000
vn 0.000 0.500 -0.866
vn 0.000 0.866 -0.500
vn 0.000 0.000 -1.000
vn 0.000 0.500 -0.866
vn 0.000 -0.500 -0.866
vn 0.000 0.000 -1.000
vn 0.000 -0.866 -0.500
vn 0.000 -0.500 -0.866
vn 0.000 -1.000 0.000
vn 0.000 -0.866 -0.500
vn 0.000 -0.866 0.500
vn 0.000 -1.000 0.000
vn 0.000 -0.500 0.866
vn 0.000 -0.866 0.500
vn 0.000 0.000 1.000
vn 0.000 -0.500 0.866
vn 0.000 0.500 0.866
vn 0.000 0.000 1.000
vn 0.000 0.866 0.500
vn 0.000 0.500 0.866
vn 0.000 0.866 0.500
vn 0.000 0.259 -0.966
vn 0.000 0.707 -0.707
vn 0.000 0.707 -0.707
vn 0.000 -0.259 -0.966
vn 0.000 0.259 -0.966
vn 0.000 -0.707 -0.707
vn 0.000 -0.259 -0.966
vn 0.000 -0.966 -0.259
vn 0.000 -0.707 -0.707
vn 0.000 -0.966 0.259
vn 0.000 -0.966 -0.259
vn 0.000 -0.707 0.707
vn 0.000 -0.966 0.259
vn 0.000 -0.259 0.966
vn 0.000 -0.707 0.707
vn 0.000 0.259 0.966
vn 0.000 -0.259 0.966
vn 0.000 0.707 0.707
vn 0.000 0.259 0.966
vn 0.000 0.966 0.259
vn 0.000 0.707 0.707
vn 0.000 0.966 -0.259
vn 0.000 0.966 0.259
vn 0.000 0.966 -0.259
vn 0.000 -0.500 -0.866
vn 0.000 0.000 -1.000
vn 0.000 0.000 -1.000
vn 0.000 -0.866 -0.500
vn 0.000 -0.500 -0.866
vn 0.000 -1.000 0.000
vn 0.000 -0.866 -0.500
vn 0.000 -0.866 0.500
vn 0.000 -1.000 0.000
vn 0.000 -0.500 0.866
vn 0.000 -0.866 0.500
vn 0.000 0.000 1.000
vn 0.000 -0.500 0.866
vn 0.000 0.500 0.866
vn 0.000 0.000 1.000
vn 0.000 0.866 0.500
vn 0.000 0.500 0.866
vn 0.000 1.000 0.000
vn 0.000 0.866 0.500
vn 0.000 0.866 -0.500
vn 0.000 1.000 0.000
vn 0.000 0.500 -0.866
vn 0.000 0.866 -0.500
vn 0.000 0.500 -0.866
vn 0.000 -0.966 -0.259
vn 0.000 -0.707 -0.707
vn 0.000 -0.707 -0.707
vn 0.000 -0.966 0.259
vn 0.000 -0.966 -0.259
vn 0.000 -0.707 0.707
vn 0.000 -0.966 0.259
vn 0.000 -0.259 0.966
vn 0.000 -0.707 0.707
vn 0.000 0.259 0.966
vn 0.000 -0.259 0.966
vn 0.000 0.707 0.707
vn 0.000 0.259 0.966
vn 0.000 0.966 0.259
vn 0.000 0.707 0.707
vn 0.000 0.966 -0.259
vn 0.000 0.966 0.259
vn 0.000 0.707 -0.707
vn 0.000 0.966 -0.259
vn 0.000 0.259 -0.966
vn 0.000 0.707 -0.707
vn 0.000 -0.259 -0.966
vn 0.000 0.259 -0.966
vn 0.000 -0.259 -0.966
vn 0.000 -0.866 0.500
vn 0.000 -1.000 0.000
vn 0.000 -1.000 0.000
vn 0.000 -0.500 0.866
vn 0.000 -0.866 0.500
vn 0.000 0.000 1.000
vn 0.000 -0.500 0.866
vn 0.000 0.500 0.866
vn 0.000 0.000 1.000
vn 0.000 0.866 0.500
vn 0.000 0.500 0.866
vn 0.000 1.000 0.000
vn 0.000 0.866 0.500
vn 0.000 0.866 -0.500
vn 0.000 1.000 0.000
vn 0.000 0.500 -0.866
vn 0.000 0.866 -0.500
vn 0.000 0.000 -1.000
vn 0.000 0.500 -0.866
vn 0.000 -0.500 -0.866
vn 0.000 0.000 -1.000
vn 0.000 -0.866 -0.500
vn 0.000 -0.500 -0.866
vn 0.000 -0.866 -0.500
vn 0.000 -0.259 0.966
vn 0.000 -0.707 0.707
vn 0.000 -0.707 0.707
vn 0.000 0.259 0.966
vn 0.000 -0.259 0.966
vn 0.000 0.707 0.707
vn 0.000 0.259 0.966
vn 0.000 0.966 0.259
vn 0.000 0.707 0.707
vn 0.000 0.966 -0.259
vn 0.000 0.966 0.259
vn 0.000 0.707 -0.707
vn 0.000 0.966 -0.259
vn 0.000 0.259 -0.966
vn 0.000 0.707 -0.707
vn 0.000 -0.259 -0.966
vn 0.000 0.259 -0.966
vn 0.000 -0.707 -0.707
vn 0.000 -0.259 -0.966
vn 0.000 -0.966 -0.259
vn 0.000 -0.707 -0.707
vn 0.000 -0.966 0.259
vn 0.000 -0.966 -0.259
vn 0.000 -0.966 0.259
vt -0.2732 0.0050 0
vt 0.0000 0.0050 0
vt 0.0000 -0.0020 0
vt -0.5464 0.0050 0
vt -0.2732 -0.0020 0
vt 5.4636 0.0050 0
vt -0.5464 -0.0020 0
vt 5.1905 0.0050 0
vt 5.4636 -0.0020 0
vt 4.9173 0.0050 0
vt 5.1905 -0.0020 0
vt 4.6441 0.0050 0
vt 4.9173 -0.0020 0
vt 4.3709 0.0050 0
vt 4.6441 -0.0020 0
vt 4.0977 0.0050 0
vt 4.3709 -0.0020 0
vt 3.8245 0.0050 0
vt 4.0977 -0.0020 0
vt 3.5514 0.0050 0
vt 3.8245 -0.0020 0
vt 3.2782 0.0050 0
vt 3.5514 -0.0020 0
vt 3.0050 0.0050 0
vt 3.2782 -0.0020 0
vt 2.7318 0.0050 0
vt 3.0050 -0.0020 0
vt 2.4586 0.0050 0
vt 2.7318 -0.0020 0
vt 2.1855 0.0050 0
vt 2.4586 -0.0020 0
vt 1.9123 0.0050 0
vt 2.1855 -0.0020 0
vt 1.6391 0.0050 0
vt 1.9123 -0.0020 0
vt 1.3659 0.0050 0
vt 1.6391 -0.0020 0
vt 1.0927 0.0050 0
vt 1.3659 -0.0020 0
vt 0.8195 0.0050 0
vt 1.0927 -0.0020 0
vt 0.5464 0.0050 0
vt 0.8195 -0.0020 0
vt 0.2732 0.0050 0
vt 0.5464 -0.0020 0
vt 0.2732 -0.0020 0
vt 0.0024 -0.0001 0
vt 0.0117 -0.0020 0
vt 0.0049 -0.0177 0
vt -0.0071 -0.0007 0
vt -0.0017 -0.0171 0
vt -0.0080 -0.0189 0
vt 0.0321 -0.0211 0
vt 0.0347 -0.0302 0
vt 0.0177 -0.0317 0
vt 0.0321 -0.0489 0
vt 0.0153 -0.0445 0
vt 0.0177 -0.0383 0
vt -0.0299 -0.0168 0
vt -0.0239 -0.0094 0
vt -0.0133 -0.0229 0
vt 0.0202 -0.0064 0
vt 0.0108 -0.0206 0
vt 0.0271 -0.0129 0
vt 0.0153 -0.0255 0
vt 0.0347 -0.0398 0
vt 0.0271 -0.0571 0
vt 0.0202 -0.0636 0
vt 0.0108 -0.0494 0
vt 0.0024 -0.0699 0
vt -0.0017 -0.0529 0
vt 0.0049 -0.0523 0
vt -0.0071 -0.0693 0
vt -0.0161 -0.0661 0
vt -0.0080 -0.0511 0
vt -0.0239 -0.0606 0
vt -0.0133 -0.0471 0
vt -0.0299 -0.0532 0
vt -0.0168 -0.0415 0
vt -0.0168 -0.0285 0
vt -0.0337 -0.0256 0
vt -0.0161 -0.0039 0
vt 0.0117 -0.0680 0
vt -0.0180 -0.0350 0
vt -0.0337 -0.0444 0
vt -0.0350 -0.0350 0
vt 5.9136 -0.0020 0
vt 6.2832 -0.0020 0
vt 6.2832 -0.0310 0
vt 5.5440 -0.0020 0
vt 5.9136 -0.0310 0
vt 5.1744 -0.0020 0
vt 5.5440 -0.0310 0
vt 4.8048 -0.0020 0
vt 5.1744 -0.0310 0
vt 4.4352 -0.0020 0
vt 4.8048 -0.0310 0
vt 4.0656 -0.0020 0
vt 4.4352 -0.0310 0
vt 3.6960 -0.0020 0
vt 4.0656 -0.0310 0
vt 3.3264 -0.0020 0
vt 3.6960 -0.0310 0
vt 2.9568 -0.0020 0
vt 3.1416 -0.0310 0
vt 3.3264 -0.0310 0
vt 2.5872 -0.0020 0
vt 2.9568 -0.0310 0
vt 2.2176 -0.0020 0
vt 2.5872 -0.0310 0
vt 1.8480 -0.0020 0
vt 2.2176 -0.0310 0
vt 1.4784 -0.0020 0
vt 1.8480 -0.0310 0
vt 1.1088 -0.0020 0
vt 1.4784 -0.0310 0
vt 0.7392 -0.0020 0
vt 1.1088 -0.0310 0
vt 0.3696 -0.0020 0
vt 0.7392 -0.0310 0
vt 0.3696 -0.0310 0
vt -0.0268 -0.0096 0
vt -0.0340 -0.0173 0
vt -0.0271 -0.0199 0
vt -0.0391 -0.0265 0
vt -0.0321 -0.0281 0
vt 0.0407 -0.0316 0
vt 0.0337 -0.0326 0
vt 0.0350 -0.0420 0
vt 0.0368 -0.0218 0
vt 0.0299 -0.0238 0
vt -0.0417 -0.0367 0
vt -0.0347 -0.0372 0
vt -0.0391 -0.0575 0
vt -0.0321 -0.0559 0
vt -0.0347 -0.0468 0
vt -0.0340 -0.0667 0
vt -0.0271 -0.0641 0
vt 0.0306 -0.0132 0
vt 0.0239 -0.0164 0
vt 0.0026 -0.0001 0
vt -0.0024 -0.0071 0
vt 0.0071 -0.0077 0
vt -0.0079 -0.0007 0
vt -0.0179 -0.0040 0
vt -0.0117 -0.0090 0
vt -0.0202 -0.0134 0
vt -0.0417 -0.0473 0
vt -0.0268 -0.0744 0
vt -0.0202 -0.0706 0
vt 0.0225 -0.0065 0
vt 0.0161 -0.0109 0
vt 0.0130 -0.0021 0
vt -0.0179 -0.0800 0
vt -0.0117 -0.0750 0
vt 0.0130 -0.0819 0
vt 0.0225 -0.0775 0
vt 0.0161 -0.0731 0
vt 0.0306 -0.0708 0
vt 0.0239 -0.0676 0
vt 0.0026 -0.0839 0
vt 0.0071 -0.0763 0
vt 0.0368 -0.0622 0
vt 0.0299 -0.0602 0
vt -0.0079 -0.0833 0
vt -0.0024 -0.0769 0
vt 0.0407 -0.0524 0
vt 0.0337 -0.0514 0
vt 0.0420 -0.0420 0
vt -0.0397 -0.0039 0
vt -0.0446 -0.0138 0
vt -0.0168 -0.0235 0
vt -0.0326 0.0046 0
vt -0.0133 -0.0179 0
vt -0.0080 -0.0139 0
vt -0.0472 -0.0245 0
vt -0.0180 -0.0300 0
vt -0.0136 -0.0755 0
vt -0.0028 -0.0774 0
vt -0.0017 -0.0479 0
vt 0.0475 -0.0300 0
vt 0.0462 -0.0190 0
vt 0.0177 -0.0267 0
vt 0.0424 -0.0087 0
vt 0.0153 -0.0205 0
vt 0.0364 0.0005 0
vt 0.0284 0.0081 0
vt 0.0108 -0.0156 0
vt -0.0397 -0.0561 0
vt -0.0133 -0.0421 0
vt -0.0168 -0.0365 0
vt -0.0326 -0.0646 0
vt -0.0238 -0.0711 0
vt -0.0080 -0.0461 0
vt 0.0188 0.0136 0
vt 0.0049 -0.0127 0
vt -0.0136 0.0155 0
vt -0.0017 -0.0121 0
vt -0.0472 -0.0355 0
vt -0.0446 -0.0462 0
vt 0.0188 -0.0736 0
vt 0.0284 -0.0681 0
vt 0.0108 -0.0444 0
vt 0.0082 0.0168 0
vt -0.0028 0.0174 0
vt 0.0082 -0.0768 0
vt 0.0049 -0.0473 0
vt -0.0238 0.0111 0
vt 0.0364 -0.0605 0
vt 0.0153 -0.0395 0
vt 0.0424 -0.0513 0
vt 0.0462 -0.0410 0
vt 0.0177 -0.0333 0
vt 0.0180 -0.0300 0
vt 6.2832 0.0050 0
vt 6.2832 0.0000 0
vt 6.5345 0.0000 0
vt 6.5345 0.0050 0
vt 6.7858 0.0000 0
vt 6.7858 0.0050 0
vt 0.7540 0.0000 0
vt 0.7540 0.0050 0
vt 1.0053 0.0000 0
vt 1.0053 0.0050 0
vt 1.2566 0.0000 0
vt 1.2566 0.0050 0
vt 1.5080 0.0000 0
vt 1.5080 0.0050 0
vt 1.7593 0.0000 0
vt 1.7593 0.0050 0
vt 2.0106 0.0000 0
vt 2.0106 0.0050 0
vt 2.2619 0.0000 0
vt 2.2619 0.0050 0
vt 2.5133 0.0000 0
vt 2.5133 0.0050 0
vt 2.7646 0.0000 0
vt 2.7646 0.0050 0
vt 3.0159 0.0000 0
vt 3.0159 0.0050 0
vt 3.2673 0.0000 0
vt 3.2673 0.0050 0
vt 3.5186 0.0000 0
vt 3.5186 0.0050 0
vt 3.7699 0.0000 0
vt 3.7699 0.0050 0
vt 4.0212 0.0000 0
vt 4.0212 0.0050 0
vt 4.2726 0.0000 0
vt 4.2726 0.0050 0
vt 4.5239 0.0000 0
vt 4.5239 0.0050 0
vt 4.7752 0.0000 0
vt 4.7752 0.0050 0
vt 5.0265 0.0000 0
vt 5.0265 0.0050 0
vt 5.2779 0.0000 0
vt 5.2779 0.0050 0
vt 5.5292 0.0000 0
vt 5.5292 0.0050 0
vt 5.7805 0.0000 0
vt 5.7805 0.0050 0
vt 6.0319 0.0000 0
vt 6.0319 0.0050 0
vt 6.2832 0.1564 0
vt 6.2832 0.1344 0
vt 6.5159 0.1344 0
vt 6.5159 0.1564 0
vt 6.7486 0.1344 0
vt 6.7486 0.1564 0
vt 0.6981 0.1344 0
vt 0.6981 0.1564 0
vt 0.9308 0.1344 0
vt 0.9308 0.1564 0
vt 1.1636 0.1344 0
vt 1.1636 0.1564 0
vt 1.3963 0.1344 0
vt 1.3963 0.1564 0
vt 1.6290 0.1344 0
vt 1.6290 0.1564 0
vt 1.8617 0.1344 0
vt 1.8617 0.1564 0
vt 2.0944 0.1344 0
vt 2.0944 0.1564 0
vt 2.3271 0.1344 0
vt 2.3271 0.1564 0
vt 2.5598 0.1344 0
vt 2.5598 0.1564 0
vt 2.7925 0.1344 0
vt 2.7925 0.1564 0
vt 3.0252 0.1344 0
vt 3.0252 0.1564 0
vt 3.2579 0.1344 0
vt 3.2579 0.1564 0
vt 3.4907 0.1344 0
vt 3.4907 0.1564 0
vt 3.7234 0.1344 0
vt 3.7234 0.1564 0
vt 3.9561 0.1344 0
vt 3.9561 0.1564 0
vt 4.1888 0.1344 0
vt 4.1888 0.1564 0
vt 4.4215 0.1344 0
vt 4.4215 0.1564 0
vt 4.6542 0.1344 0
vt 4.6542 0.1564 0
vt 4.8869 0.1344 0
vt 4.8869 0.1564 0
vt 5.1196 0.1344 0
vt 5.1196 0.1564 0
vt 5.3523 0.1344 0
vt 5.3523 0.1564 0
vt 5.5851 0.1344 0
vt 5.5851 0.1564 0
vt 5.8178 0.1344 0
vt 5.8178 0.1564 0
vt 6.0505 0.1344 0
vt 6.0505 0.1564 0
vt -0.0493 -0.0514 0
vt -0.0493 -0.0726 0
vt -0.0472 -0.0675 0
vt 0.0499 -0.0726 0
vt 0.0499 -0.0514 0
vt 0.0475 -0.0620 0
vt 0.0462 -0.0510 0
vt -0.0183 -0.1125 0
vt 0.0000 -0.1119 0
vt -0.0028 -0.1094 0
vt -0.0183 -0.1112 0
vt -0.0136 -0.1075 0
vt -0.0238 -0.1031 0
vt -0.0200 -0.1095 0
vt -0.0224 -0.1101 0
vt -0.0213 -0.1095 0
vt -0.0353 -0.0973 0
vt -0.0353 -0.1119 0
vt -0.0231 -0.1112 0
vt -0.0189 -0.1101 0
vt -0.0231 -0.1125 0
vt 0.0182 -0.1119 0
vt 0.0185 -0.1106 0
vt 0.0082 -0.1088 0
vt 0.0353 -0.1119 0
vt 0.0353 -0.0973 0
vt 0.0228 -0.1106 0
vt 0.0284 -0.1001 0
vt 0.0194 -0.1097 0
vt 0.0219 -0.1097 0
vt 0.0188 -0.1056 0
vt 0.0207 -0.1094 0
vt 0.0424 -0.0833 0
vt 0.0475 -0.0820 0
vt 0.0481 -0.0809 0
vt 0.0481 -0.0844 0
vt 0.0475 -0.0833 0
vt 0.0364 -0.0925 0
vt 0.0499 -0.0973 0
vt 0.0492 -0.0851 0
vt 0.0462 -0.0730 0
vt 0.0492 -0.0803 0
vt 0.0505 -0.0851 0
vt 0.0499 -0.0267 0
vt 0.0353 -0.0267 0
vt 0.0486 -0.0392 0
vt 0.0364 -0.0315 0
vt 0.0486 -0.0435 0
vt 0.0477 -0.0426 0
vt 0.0477 -0.0401 0
vt 0.0424 -0.0407 0
vt 0.0499 -0.0438 0
vt 0.0474 -0.0413 0
vt 0.0188 -0.0184 0
vt 0.0200 -0.0145 0
vt 0.0189 -0.0139 0
vt 0.0284 -0.0239 0
vt 0.0213 -0.0145 0
vt 0.0183 -0.0115 0
vt 0.0000 -0.0121 0
vt 0.0082 -0.0152 0
vt 0.0224 -0.0139 0
vt 0.0353 -0.0121 0
vt 0.0231 -0.0128 0
vt -0.0028 -0.0146 0
vt 0.0231 -0.0115 0
vt 0.0183 -0.0128 0
vt -0.0238 -0.0209 0
vt -0.0136 -0.0165 0
vt -0.0194 -0.0143 0
vt -0.0219 -0.0143 0
vt -0.0326 -0.0274 0
vt -0.0185 -0.0134 0
vt -0.0182 -0.0121 0
vt -0.0353 -0.0121 0
vt -0.0353 -0.0267 0
vt -0.0228 -0.0134 0
vt -0.0207 -0.0146 0
vt -0.0446 -0.0458 0
vt -0.0481 -0.0431 0
vt -0.0492 -0.0437 0
vt -0.0397 -0.0359 0
vt -0.0475 -0.0407 0
vt -0.0475 -0.0420 0
vt -0.0481 -0.0396 0
vt -0.0493 -0.0267 0
vt -0.0492 -0.0389 0
vt -0.0397 -0.0881 0
vt -0.0477 -0.0839 0
vt -0.0486 -0.0848 0
vt -0.0493 -0.0973 0
vt -0.0474 -0.0827 0
vt -0.0446 -0.0782 0
vt -0.0477 -0.0814 0
vt -0.0486 -0.0805 0
vt 0.0587 -0.0421 0
vt 0.0524 -0.0413 0
vt 0.0521 -0.0426 0
vt 0.0537 -0.0309 0
vt 0.0511 -0.0392 0
vt 0.0521 -0.0401 0
vt 0.0615 -0.0541 0
vt 0.0511 -0.0435 0
vt 0.0499 -0.0388 0
vt 0.0465 -0.0210 0
vt 0.0374 -0.0126 0
vt 0.0154 -0.0019 0
vt 0.0200 -0.0097 0
vt 0.0213 -0.0097 0
vt 0.0189 -0.0103 0
vt 0.0032 -0.0001 0
vt 0.0269 -0.0062 0
vt 0.0224 -0.0103 0
vt -0.0321 -0.0090 0
vt -0.0228 -0.0109 0
vt -0.0219 -0.0099 0
vt -0.0185 -0.0109 0
vt -0.0091 -0.0007 0
vt -0.0210 -0.0037 0
vt -0.0207 -0.0096 0
vt -0.0194 -0.0099 0
vt -0.0232 -0.0121 0
vt -0.0420 -0.0164 0
vt -0.0505 -0.0389 0
vt -0.0564 -0.0362 0
vt -0.0517 -0.0396 0
vt -0.0604 -0.0478 0
vt -0.0523 -0.0420 0
vt -0.0523 -0.0407 0
vt -0.0501 -0.0255 0
vt -0.0517 -0.0431 0
vt -0.0505 -0.0437 0
vt -0.0600 -0.0600 0
vt -0.0566 -0.0605 0
vt -0.0525 -0.0594 0
vt -0.0514 -0.0605 0
vt -0.0540 -0.0590 0
vt -0.0555 -0.0594 0
vt -0.0600 -0.0640 0
vt -0.0555 -0.0646 0
vt -0.0566 -0.0635 0
vt -0.0540 -0.0650 0
vt -0.0514 -0.0635 0
vt -0.0525 -0.0646 0
vt -0.0510 -0.0620 0
vt -0.0570 -0.0620 0
vt -0.0604 -0.0762 0
vt -0.0620 -0.0600 0
vt -0.0564 -0.0878 0
vt -0.0521 -0.0839 0
vt -0.0524 -0.0827 0
vt -0.0511 -0.0805 0
vt -0.0521 -0.0814 0
vt -0.0511 -0.0848 0
vt -0.0499 -0.0802 0
vt -0.0499 -0.0852 0
vt -0.0420 -0.1076 0
vt -0.0501 -0.0985 0
vt -0.0091 -0.1233 0
vt -0.0189 -0.1137 0
vt -0.0200 -0.1143 0
vt -0.0321 -0.1150 0
vt -0.0210 -0.1203 0
vt -0.0213 -0.1143 0
vt -0.0224 -0.1137 0
vt 0.0032 -0.1239 0
vt 0.0185 -0.1131 0
vt 0.0154 -0.1221 0
vt 0.0207 -0.1144 0
vt 0.0194 -0.1141 0
vt 0.0269 -0.1178 0
vt 0.0219 -0.1141 0
vt 0.0232 -0.1119 0
vt 0.0228 -0.1131 0
vt 0.0374 -0.1114 0
vt 0.0465 -0.1030 0
vt 0.0537 -0.0931 0
vt 0.0587 -0.0819 0
vt 0.0523 -0.0833 0
vt 0.0517 -0.0844 0
vt 0.0615 -0.0699 0
vt 0.0517 -0.0809 0
vt 0.0523 -0.0820 0
vt 0.0505 -0.0803 0
vt 0.0615 -0.0658 0
vt 0.0593 -0.0620 0
vt 0.0615 -0.0583 0
vt -0.0620 -0.0640 0
vt -0.0326 -0.0966 0
vt -0.0472 -0.0565 0
vt -0.0569 -0.0314 0
vt -0.0569 -0.0526 0
vt -0.0447 -0.0526 0
vt 0.0547 -0.0314 0
vt 0.0447 -0.0314 0
vt 0.0525 -0.0394 0
vt 0.0447 -0.0526 0
vt 0.0514 -0.0435 0
vt 0.0510 -0.0420 0
vt 0.0514 -0.0405 0
vt 0.0525 -0.0446 0
vt 0.0547 -0.0526 0
vt 0.0540 -0.0450 0
vt -0.0505 -0.0603 0
vt -0.0492 -0.0651 0
vt -0.0505 -0.0651 0
vt -0.0537 -0.0731 0
vt -0.0517 -0.0609 0
vt -0.0587 -0.0619 0
vt -0.0523 -0.0620 0
vt -0.0465 -0.0830 0
vt -0.0492 -0.0603 0
vt -0.0481 -0.0609 0
vt -0.0517 -0.0644 0
vt -0.0448 -0.0848 0
vt -0.0481 -0.0644 0
vt -0.0475 -0.0620 0
vt -0.0475 -0.0633 0
vt -0.0523 -0.0633 0
vt -0.0228 -0.0906 0
vt -0.0427 -0.0869 0
vt -0.0374 -0.0914 0
vt -0.0219 -0.0897 0
vt -0.0207 -0.0894 0
vt -0.0232 -0.0919 0
vt -0.0269 -0.0978 0
vt -0.0228 -0.0931 0
vt -0.0154 -0.1021 0
vt -0.0207 -0.0944 0
vt 0.0000 -0.0867 0
vt -0.0194 -0.0897 0
vt -0.0219 -0.0941 0
vt 0.0000 -0.0992 0
vt -0.0185 -0.0931 0
vt -0.0185 -0.0906 0
vt -0.0194 -0.0941 0
vt -0.0182 -0.0919 0
vt -0.0032 -0.1039 0
vt 0.0091 -0.1033 0
vt 0.0326 -0.0867 0
vt 0.0200 -0.0895 0
vt 0.0183 -0.0925 0
vt 0.0210 -0.1003 0
vt 0.0200 -0.0943 0
vt 0.0189 -0.0937 0
vt 0.0231 -0.0912 0
vt 0.0231 -0.0925 0
vt 0.0321 -0.0950 0
vt 0.0420 -0.0876 0
vt 0.0213 -0.0895 0
vt 0.0183 -0.0912 0
vt 0.0224 -0.0937 0
vt 0.0224 -0.0901 0
vt 0.0189 -0.0901 0
vt 0.0213 -0.0943 0
vt 0.0449 -0.0848 0
vt 0.0477 -0.0639 0
vt 0.0474 -0.0627 0
vt 0.0486 -0.0648 0
vt 0.0501 -0.0785 0
vt 0.0521 -0.0614 0
vt 0.0524 -0.0627 0
vt 0.0486 -0.0605 0
vt 0.0499 -0.0602 0
vt 0.0499 -0.0652 0
vt 0.0511 -0.0605 0
vt 0.0477 -0.0614 0
vt 0.0564 -0.0678 0
vt 0.0511 -0.0648 0
vt 0.0521 -0.0639 0
vt 0.0600 -0.0440 0
vt 0.0566 -0.0435 0
vt 0.0555 -0.0446 0
vt 0.0600 -0.0400 0
vt 0.0555 -0.0394 0
vt 0.0570 -0.0420 0
vt 0.0566 -0.0405 0
vt 0.0540 -0.0390 0
vt 0.0604 -0.0278 0
vt 0.0604 -0.0562 0
vt 0.0620 -0.0440 0
vt 0.0564 -0.0162 0
vt 0.0501 -0.0055 0
vt 0.0505 -0.0189 0
vt 0.0447 -0.0094 0
vt 0.0492 -0.0189 0
vt 0.0505 -0.0237 0
vt 0.0492 -0.0237 0
vt 0.0523 -0.0207 0
vt 0.0523 -0.0220 0
vt 0.0517 -0.0196 0
vt 0.0481 -0.0196 0
vt 0.0475 -0.0220 0
vt 0.0475 -0.0207 0
vt 0.0517 -0.0231 0
vt 0.0481 -0.0231 0
vt 0.0326 -0.0094 0
vt 0.0449 0.0008 0
vt 0.0420 0.0036 0
vt 0.0000 0.0200 0
vt 0.0000 0.0027 0
vt 0.0182 0.0079 0
vt 0.0326 0.0027 0
vt 0.0207 0.0054 0
vt 0.0321 0.0110 0
vt 0.0210 0.0163 0
vt 0.0219 0.0101 0
vt 0.0185 0.0091 0
vt 0.0194 0.0101 0
vt 0.0091 0.0193 0
vt 0.0185 0.0066 0
vt 0.0194 0.0057 0
vt 0.0207 0.0104 0
vt 0.0219 0.0057 0
vt 0.0326 0.0107 0
vt 0.0232 0.0079 0
vt 0.0228 0.0066 0
vt 0.0228 0.0091 0
vt -0.0269 0.0138 0
vt -0.0374 0.0074 0
vt -0.0231 0.0085 0
vt -0.0231 0.0072 0
vt -0.0200 0.0055 0
vt -0.0213 0.0055 0
vt -0.0427 0.0029 0
vt -0.0189 0.0061 0
vt -0.0183 0.0085 0
vt -0.0032 0.0199 0
vt -0.0189 0.0097 0
vt -0.0154 0.0181 0
vt -0.0213 0.0103 0
vt -0.0224 0.0061 0
vt -0.0200 0.0103 0
vt -0.0224 0.0097 0
vt -0.0183 0.0072 0
vt -0.0499 -0.0188 0
vt -0.0527 -0.0093 0
vt -0.0537 -0.0109 0
vt -0.0587 -0.0221 0
vt -0.0521 -0.0201 0
vt -0.0447 -0.0094 0
vt -0.0511 -0.0192 0
vt -0.0521 -0.0226 0
vt -0.0447 -0.0314 0
vt -0.0499 -0.0238 0
vt -0.0477 -0.0201 0
vt -0.0474 -0.0213 0
vt -0.0486 -0.0192 0
vt -0.0511 -0.0235 0
vt -0.0486 -0.0235 0
vt -0.0477 -0.0226 0
vt -0.0524 -0.0213 0
vt -0.0593 -0.0420 0
vt -0.0615 -0.0458 0
vt -0.0615 -0.0341 0
vt -0.0615 -0.0383 0
vt 0.0306 -0.0708 0
vt 0.0429 -0.0868 0
vt 0.0368 -0.0622 0
vt 0.0407 -0.0524 0
vt 0.0130 -0.0819 0
vt 0.0225 -0.0775 0
vt -0.0268 -0.0744 0
vt -0.0340 -0.0667 0
vt -0.0391 -0.0575 0
vt -0.0179 -0.0800 0
vt -0.0079 -0.0833 0
vt 0.0026 -0.0839 0
vt -0.0417 -0.0473 0
vt -0.0417 -0.0367 0
vt -0.0391 -0.0265 0
vt -0.0340 -0.0173 0
vt -0.0079 -0.0007 0
vt -0.0268 -0.0096 0
vt -0.0465 -0.0010 0
vt -0.0179 -0.0040 0
vt 0.0130 -0.0021 0
vt 0.0225 -0.0065 0
vt 0.0026 -0.0001 0
vt 0.0368 -0.0218 0
vt 0.0306 -0.0132 0
vt 0.0420 -0.0420 0
vt 0.0407 -0.0316 0
vt -0.0615 -0.0499 0
vt 0.0620 -0.0400 0
vt 0.0323 0.0000 0
vt 0.0323 -0.0090 0
vt 0.2311 -0.0090 0
vt 0.2311 0.0000 0
vt 0.4299 -0.0090 0
vt 0.4299 0.0000 0
vt 0.6287 -0.0090 0
vt 0.8275 -0.0090 0
vt 0.7610 0.0000 0
vt 0.8275 0.0000 0
vt 1.0263 -0.0090 0
vt 1.0168 0.0000 0
vt 1.0263 0.0000 0
vt 1.2252 -0.0090 0
vt 1.2252 0.0000 0
vt 1.4240 -0.0090 0
vt 1.6228 -0.0090 0
vt 1.5706 0.0000 0
vt 1.6228 0.0000 0
vt 1.8216 -0.0090 0
vt 1.8216 0.0000 0
vt 2.0204 -0.0090 0
vt 2.0204 0.0000 0
vt 2.2192 -0.0090 0
vt 2.4181 -0.0090 0
vt 2.3314 0.0000 0
vt 2.4181 0.0000 0
vt 2.6169 -0.0090 0
vt 2.5865 0.0000 0
vt 2.6169 0.0000 0
vt 2.8157 -0.0090 0
vt 2.8157 0.0000 0
vt 3.0145 -0.0090 0
vt 3.0145 0.0000 0
vt 2.2192 0.0000 0
vt 1.4240 0.0000 0
vt 0.6287 0.0000 0
vt 3.2687 0.0000 0
vt 3.2687 -0.0090 0
vt 3.4675 -0.0090 0
vt 3.4675 0.0000 0
vt 3.6663 -0.0090 0
vt 3.6663 0.0000 0
vt 3.8651 -0.0090 0
vt 3.9518 0.0000 0
vt 3.9042 0.0000 0
vt 4.0639 -0.0090 0
vt 4.0639 0.0000 0
vt 4.2628 -0.0090 0
vt 4.2628 0.0000 0
vt 4.4616 -0.0090 0
vt 4.4616 0.0000 0
vt 4.6604 -0.0090 0
vt 4.6604 0.0000 0
vt 4.8592 -0.0090 0
vt 4.8592 0.0000 0
vt 5.0580 -0.0090 0
vt 5.0580 0.0000 0
vt 5.2568 -0.0090 0
vt 5.2568 0.0000 0
vt 5.4557 -0.0090 0
vt 5.5222 0.0000 0
vt 5.4763 0.0000 0
vt 5.6545 -0.0090 0
vt 5.6545 0.0000 0
vt 5.8533 -0.0090 0
vt 5.8533 0.0000 0
vt 6.0521 -0.0090 0
vt 6.0521 0.0000 0
vt 6.2509 -0.0090 0
vt 6.2509 0.0000 0
vt 5.4557 0.0000 0
vt 3.8651 0.0000 0
vt 0.0100 -0.0220 0
vt 0.0100 -0.0310 0
vt 0.0080 -0.0310 0
vt 0.0080 -0.0220 0
vt 0.0220 0.0000 0
vt 0.0310 0.0000 0
vt 0.0310 -0.0040 0
vt 0.0220 -0.0040 0
vt -0.0100 -0.0220 0
vt -0.0080 -0.0220 0
vt -0.0080 -0.0310 0
vt -0.0100 -0.0310 0
vt 0.0043 0.0050 0
vt 0.0000 0.0050 0
vt 0.0000 0.0140 0
vt 0.0043 0.0140 0
vt 0.0050 -0.0256 0
vt 0.0140 -0.0256 0
vt 0.0140 -0.0297 0
vt 0.0050 -0.0297 0
vt 0.0041 0.0050 0
vt 0.0000 0.0050 0
vt 0.0000 0.0140 0
vt 0.0041 0.0140 0
vt 0.0043 0.0050 0
vt 0.0000 0.0050 0
vt 0.0000 0.0140 0
vt 0.0043 0.0140 0
vt -0.5236 0.0000 0
vt 0.0000 0.0000 0
vt 0.0000 -0.0090 0
vt 5.2360 0.0000 0
vt -0.5236 -0.0090 0
vt 4.7124 0.0000 0
vt 5.2360 -0.0090 0
vt 4.1888 0.0000 0
vt 4.7124 -0.0090 0
vt 3.6652 0.0000 0
vt 4.1888 -0.0090 0
vt 3.1416 0.0000 0
vt 3.6652 -0.0090 0
vt 2.6180 0.0000 0
vt 3.1416 -0.0090 0
vt 2.0944 0.0000 0
vt 2.6180 -0.0090 0
vt 1.5708 0.0000 0
vt 2.0944 -0.0090 0
vt 1.0472 0.0000 0
vt 1.5708 -0.0090 0
vt 0.5236 0.0000 0
vt 1.0472 -0.0090 0
vt 0.5236 -0.0090 0
vt -0.5236 0.0000 0
vt 0.0000 0.0000 0
vt 0.0000 -0.0090 0
vt -1.0472 0.0000 0
vt -0.5236 -0.0090 0
vt 4.7124 0.0000 0
vt -1.0472 -0.0090 0
vt 4.1888 0.0000 0
vt 4.7124 -0.0090 0
vt 3.6652 0.0000 0
vt 4.1888 -0.0090 0
vt 3.1416 0.0000 0
vt 3.6652 -0.0090 0
vt 2.6180 0.0000 0
vt 3.1416 -0.0090 0
vt 2.0944 0.0000 0
vt 2.6180 -0.0090 0
vt 1.5708 0.0000 0
vt 2.0944 -0.0090 0
vt 1.0472 0.0000 0
vt 1.5708 -0.0090 0
vt 0.5236 0.0000 0
vt 1.0472 -0.0090 0
vt 0.5236 -0.0090 0
vt -0.5236 0.0000 0
vt 0.0000 0.0000 0
vt 0.0000 -0.0090 0
vt -1.0472 0.0000 0
vt -0.5236 -0.0090 0
vt 4.7124 0.0000 0
vt -1.0472 -0.0090 0
vt 4.1888 0.0000 0
vt 4.7124 -0.0090 0
vt 3.6652 0.0000 0
vt 4.1888 -0.0090 0
vt 3.1416 0.0000 0
vt 3.6652 -0.0090 0
vt 2.6180 0.0000 0
vt 3.1416 -0.0090 0
vt 2.0944 0.0000 0
vt 2.6180 -0.0090 0
vt 1.5708 0.0000 0
vt 2.0944 -0.0090 0
vt 1.0472 0.0000 0
vt 1.5708 -0.0090 0
vt 0.5236 0.0000 0
vt 1.0472 -0.0090 0
vt 0.5236 -0.0090 0
vt -0.5236 0.0000 0
vt 0.0000 0.0000 0
vt 0.0000 -0.0090 0
vt -1.0472 0.0000 0
vt -0.5236 -0.0090 0
vt 4.7124 0.0000 0
vt -1.0472 -0.0090 0
vt 4.1888 0.0000 0
vt 4.7124 -0.0090 0
vt 3.6652 0.0000 0
vt 4.1888 -0.0090 0
vt 3.1416 0.0000 0
vt 3.6652 -0.0090 0
vt 2.6180 0.0000 0
vt 3.1416 -0.0090 0
vt 2.0944 0.0000 0
vt 2.6180 -0.0090 0
vt 1.5708 0.0000 0
vt 2.0944 -0.0090 0
vt 1.0472 0.0000 0
vt 1.5708 -0.0090 0
vt 0.5236 0.0000 0
vt 1.0472 -0.0090 0
vt 0.5236 -0.0090 0
vt -0.5236 0.0000 0
vt 0.0000 0.0000 0
vt 0.0000 -0.0090 0
vt -1.0472 0.0000 0
vt -0.5236 -0.0090 0
vt 4.7124 0.0000 0
vt -1.0472 -0.0090 0
vt 4.1888 0.0000 0
vt 4.7124 -0.0090 0
vt 3.6652 0.0000 0
vt 4.1888 -0.0090 0
vt 3.1416 0.0000 0
vt 3.6652 -0.0090 0
vt 2.6180 0.0000 0
vt 3.1416 -0.0090 0
vt 2.0944 0.0000 0
vt 2.6180 -0.0090 0
vt 1.5708 0.0000 0
vt 2.0944 -0.0090 0
vt 1.0472 0.0000 0
vt 1.5708 -0.0090 0
vt 0.5236 0.0000 0
vt 1.0472 -0.0090 0
vt 0.5236 -0.0090 0
vt -0.5236 0.0000 0
vt 0.0000 0.0000 0
vt 0.0000 -0.0090 0
vt -1.0472 0.0000 0
vt -0.5236 -0.0090 0
vt 4.7124 0.0000 0
vt -1.0472 -0.0090 0
vt 4.1888 0.0000 0
vt 4.7124 -0.0090 0
vt 3.6652 0.0000 0
vt 4.1888 -0.0090 0
vt 3.1416 0.0000 0
vt 3.6652 -0.0090 0
vt 2.6180 0.0000 0
vt 3.1416 -0.0090 0
vt 2.0944 0.0000 0
vt 2.6180 -0.0090 0
vt 1.5708 0.0000 0
vt 2.0944 -0.0090 0
vt 1.0472 0.0000 0
vt 1.5708 -0.0090 0
vt 0.5236 0.0000 0
vt 1.0472 -0.0090 0
vt 0.5236 -0.0090 0
vt -0.5236 0.0000 0
vt 0.0000 0.0000 0
vt 0.0000 -0.0090 0
vt -1.0472 0.0000 0
vt -0.5236 -0.0090 0
vt 4.7124 0.0000 0
vt -1.0472 -0.0090 0
vt 4.1888 0.0000 0
vt 4.7124 -0.0090 0
vt 3.6652 0.0000 0
vt 4.1888 -0.0090 0
vt 3.1416 0.0000 0
vt 3.6652 -0.0090 0
vt 2.6180 0.0000 0
vt 3.1416 -0.0090 0
vt 2.0944 0.0000 0
vt 2.6180 -0.0090 0
vt 1.5708 0.0000 0
vt 2.0944 -0.0090 0
vt 1.0472 0.0000 0
vt 1.5708 -0.0090 0
vt 0.5236 0.0000 0
vt 1.0472 -0.0090 0
vt 0.5236 -0.0090 0
vt -0.5236 0.0000 0
vt 0.0000 0.0000 0
vt 0.0000 -0.0090 0
vt -1.0472 0.0000 0
vt -0.5236 -0.0090 0
vt 4.7124 0.0000 0
vt -1.0472 -0.0090 0
vt 4.1888 0.0000 0
vt 4.7124 -0.0090 0
vt 3.6652 0.0000 0
vt 4.1888 -0.0090 0
vt 3.1416 0.0000 0
vt 3.6652 -0.0090 0
vt 2.6180 0.0000 0
vt 3.1416 -0.0090 0
vt 2.0944 0.0000 0
vt 2.6180 -0.0090 0
vt 1.5708 0.0000 0
vt 2.0944 -0.0090 0
vt 1.0472 0.0000 0
vt 1.5708 -0.0090 0
vt 0.5236 0.0000 0
vt 1.0472 -0.0090 0
vt 0.5236 -0.0090 0
vt -0.5236 0.0000 0
vt 0.0000 0.0000 0
vt 0.0000 -0.0090 0
vt -1.0472 0.0000 0
vt -0.5236 -0.0090 0
vt 4.7124 0.0000 0
vt -1.0472 -0.0090 0
vt 4.1888 0.0000 0
vt 4.7124 -0.0090 0
vt 3.6652 0.0000 0
vt 4.1888 -0.0090 0
vt 3.1416 0.0000 0
vt 3.6652 -0.0090 0
vt 2.6180 0.0000 0
vt 3.1416 -0.0090 0
vt 2.0944 0.0000 0
vt 2.6180 -0.0090 0
vt 1.5708 0.0000 0
vt 2.0944 -0.0090 0
vt 1.0472 0.0000 0
vt 1.5708 -0.0090 0
vt 0.5236 0.0000 0
vt 1.0472 -0.0090 0
vt 0.5236 -0.0090 0
f 706/706/706 704/704/704 705/705/705
f 704/704/704 706/706/706 707/707/707
f 707/707/707 708/708/708 709/709/709
f 709/709/709 710/710/710 740/740/740
f 710/710/710 712/712/712 740/740/740
f 711/711/711 715/715/715 713/713/713
f 716/716/716 717/717/717 718/718/718
f 718/718/718 719/719/719 739/739/739
f 719/719/719 721/721/721 739/739/739
f 722/722/722 723/723/723 724/724/724
f 724/724/724 725/725/725 726/726/726
f 726/726/726 727/727/727 738/738/738
f 727/727/727 729/729/729 738/738/738
f 728/728/728 732/732/732 730/730/730
f 733/733/733 734/734/734 735/735/735
f 735/735/735 736/736/736 737/737/737
f 736/736/736 735/735/735 734/734/734
f 734/734/734 733/733/733 731/731/731
f 732/732/732 731/731/731 733/733/733
f 732/732/732 728/728/728 731/731/731
f 729/729/729 728/728/728 730/730/730
f 729/729/729 727/727/727 728/728/728
f 725/725/725 724/724/724 723/723/723
f 723/723/723 722/722/722 720/720/720
f 721/721/721 720/720/720 722/722/722
f 721/721/721 719/719/719 720/720/720
f 719/719/719 718/718/718 717/717/717
f 717/717/717 716/716/716 714/714/714
f 715/715/715 714/714/714 716/716/716
f 715/715/715 711/711/711 714/714/714
f 712/712/712 711/711/711 713/713/713
f 712/712/712 710/710/710 711/711/711
f 710/710/710 709/709/709 708/708/708
f 708/708/708 707/707/707 706/706/706
f 727/727/727 726/726/726 725/725/725
f 3/3/3 1/1/1 2/2/2
f 5/5/5 4/4/4 1/1/1
f 7/7/7 6/6/6 4/4/4
f 9/9/9 8/8/8 6/6/6
f 11/11/11 10/10/10 8/8/8
f 13/13/13 12/12/12 10/10/10
f 15/15/15 14/14/14 12/12/12
f 17/17/17 16/16/16 14/14/14
f 19/19/19 18/18/18 16/16/16
f 21/21/21 20/20/20 18/18/18
f 23/23/23 22/22/22 20/20/20
f 25/25/25 24/24/24 22/22/22
f 27/27/27 26/26/26 24/24/24
f 29/29/29 28/28/28 26/26/26
f 31/31/31 30/30/30 28/28/28
f 33/33/33 32/32/32 30/30/30
f 35/35/35 34/34/34 32/32/32
f 37/37/37 36/36/36 34/34/34
f 39/39/39 38/38/38 36/36/36
f 41/41/41 40/40/40 38/38/38
f 43/43/43 42/42/42 40/40/40
f 45/45/45 44/44/44 42/42/42
f 46/46/46 2/2/2 44/44/44
f 2/2/2 46/46/46 3/3/3
f 44/44/44 45/45/45 46/46/46
f 42/42/42 43/43/43 45/45/45
f 40/40/40 41/41/41 43/43/43
f 38/38/38 39/39/39 41/41/41
f 36/36/36 37/37/37 39/39/39
f 34/34/34 35/35/35 37/37/37
f 32/32/32 33/33/33 35/35/35
f 30/30/30 31/31/31 33/33/33
f 28/28/28 29/29/29 31/31/31
f 26/26/26 27/27/27 29/29/29
f 24/24/24 25/25/25 27/27/27
f 22/22/22 23/23/23 25/25/25
f 20/20/20 21/21/21 23/23/23
f 18/18/18 19/19/19 21/21/21
f 16/16/16 17/17/17 19/19/19
f 14/14/14 15/15/15 17/17/17
f 12/12/12 13/13/13 15/15/15
f 10/10/10 11/11/11 13/13/13
f 8/8/8 9/9/9 11/11/11
f 6/6/6 7/7/7 9/9/9
f 4/4/4 5/5/5 7/7/7
f 1/1/1 3/3/3 5/5/5
f 100/100/100 101/101/101 103/103/103
f 102/102/102 103/103/103 106/106/106
f 104/104/104 105/105/105 108/108/108
f 107/107/107 108/108/108 110/110/110
f 109/109/109 110/110/110 112/112/112
f 111/111/111 112/112/112 114/114/114
f 113/113/113 114/114/114 116/116/116
f 115/115/115 116/116/116 118/118/118
f 117/117/117 118/118/118 120/120/120
f 119/119/119 120/120/120 121/121/121
f 88/88/88 121/121/121 89/89/89
f 121/121/121 88/88/88 119/119/119
f 98/98/98 99/99/99 101/101/101
f 120/120/120 119/119/119 117/117/117
f 118/118/118 117/117/117 115/115/115
f 116/116/116 115/115/115 113/113/113
f 114/114/114 113/113/113 111/111/111
f 112/112/112 111/111/111 109/109/109
f 110/110/110 109/109/109 107/107/107
f 108/108/108 107/107/107 104/104/104
f 105/105/105 102/102/102 106/106/106
f 105/105/105 104/104/104 102/102/102
f 103/103/103 102/102/102 100/100/100
f 101/101/101 100/100/100 98/98/98
f 99/99/99 98/98/98 96/96/96
f 97/97/97 96/96/96 94/94/94
f 95/95/95 94/94/94 92/92/92
f 93/93/93 92/92/92 90/90/90
f 91/91/91 90/90/90 87/87/87
f 89/89/89 87/87/87 88/88/88
f 96/96/96 97/97/97 99/99/99
f 94/94/94 95/95/95 97/97/97
f 92/92/92 93/93/93 95/95/95
f 90/90/90 91/91/91 93/93/93
f 87/87/87 89/89/89 91/91/91
f 81/81/81 84/84/84 86/86/86
f 83/83/83 69/69/69 68/68/68
f 85/85/85 84/84/84 79/79/79
f 50/50/50 52/52/52 82/82/82
f 84/84/84 85/85/85 86/86/86
f 59/59/59 61/61/61 80/80/80
f 79/79/79 78/78/78 85/85/85
f 71/71/71 70/70/70 73/73/73
f 73/73/73 75/75/75 71/71/71
f 57/57/57 56/56/56 67/67/67
f 64/64/64 63/63/63 62/62/62
f 60/60/60 52/52/52 61/61/61
f 84/84/84 81/81/81 80/80/80
f 78/78/78 77/77/77 76/76/76
f 76/76/76 75/75/75 74/74/74
f 70/70/70 72/72/72 83/83/83
f 69/69/69 83/83/83 72/72/72
f 67/67/67 69/69/69 57/57/57
f 55/55/55 66/66/66 58/58/58
f 53/53/53 55/55/55 65/65/65
f 48/48/48 63/63/63 49/49/49
f 52/52/52 60/60/60 82/82/82
f 59/59/59 80/80/80 81/81/81
f 77/77/77 78/78/78 79/79/79
f 75/75/75 76/76/76 77/77/77
f 75/75/75 73/73/73 74/74/74
f 72/72/72 70/70/70 71/71/71
f 69/69/69 67/67/67 68/68/68
f 56/56/56 58/58/58 66/66/66
f 53/53/53 65/65/65 64/64/64
f 63/63/63 64/64/64 65/65/65
f 63/63/63 48/48/48 62/62/62
f 47/47/47 49/49/49 51/51/51
f 61/61/61 59/59/59 60/60/60
f 58/58/58 56/56/56 57/57/57
f 55/55/55 53/53/53 54/54/54
f 47/47/47 51/51/51 50/50/50
f 52/52/52 50/50/50 51/51/51
f 49/49/49 47/47/47 48/48/48
f 66/66/66 55/55/55 54/54/54
f 134/134/134 136/136/136 148/148/148
f 155/155/155 165/165/165 166/166/166
f 161/161/161 166/166/166 165/165/165
f 159/159/159 164/164/164 160/160/160
f 153/153/153 152/152/152 151/151/151
f 144/144/144 146/146/146 142/142/142
f 161/161/161 162/162/162 166/166/166
f 163/163/163 168/168/168 164/164/164
f 129/129/129 167/167/167 169/169/169
f 165/165/165 155/155/155 154/154/154
f 167/167/167 129/129/129 168/168/168
f 156/156/156 158/158/158 162/162/162
f 127/127/127 129/129/129 169/169/169
f 164/164/164 159/159/159 163/163/163
f 157/157/157 160/160/160 158/158/158
f 162/162/162 161/161/161 156/156/156
f 154/154/154 150/150/150 149/149/149
f 122/122/122 124/124/124 147/147/147
f 142/142/142 141/141/141 144/144/144
f 151/151/151 140/140/140 139/139/139
f 160/160/160 157/157/157 159/159/159
f 158/158/158 156/156/156 157/157/157
f 150/150/150 154/154/154 155/155/155
f 149/149/149 138/138/138 137/137/137
f 132/132/132 136/136/136 133/133/133
f 145/145/145 147/147/147 146/146/146
f 128/128/128 130/130/130 131/131/131
f 141/141/141 143/143/143 153/153/153
f 152/152/152 153/153/153 143/143/143
f 140/140/140 151/151/151 152/152/152
f 139/139/139 131/131/131 130/130/130
f 138/138/138 149/149/149 150/150/150
f 137/137/137 135/135/135 134/134/134
f 136/136/136 132/132/132 148/148/148
f 125/125/125 133/133/133 126/126/126
f 147/147/147 145/145/145 122/122/122
f 146/146/146 144/144/144 145/145/145
f 143/143/143 141/141/141 142/142/142
f 131/131/131 139/139/139 140/140/140
f 130/130/130 128/128/128 127/127/127
f 135/135/135 137/137/137 138/138/138
f 136/136/136 134/134/134 135/135/135
f 133/133/133 125/125/125 132/132/132
f 123/123/123 126/126/126 124/124/124
f 129/129/129 127/127/127 128/128/128
f 126/126/126 123/123/123 125/125/125
f 124/124/124 122/122/122 123/123/123
f 168/168/168 163/163/163 167/167/167
f 213/213/213 211/211/211 212/212/212
f 213/213/213 181/181/181 214/214/214
f 204/204/204 198/198/198 196/196/196
f 206/206/206 180/180/180 179/179/179
f 209/209/209 203/203/203 202/202/202
f 181/181/181 213/213/213 212/212/212
f 173/173/173 175/175/175 208/208/208
f 211/211/211 213/213/213 210/210/210
f 210/210/210 209/209/209 211/211/211
f 181/181/181 183/183/183 214/214/214
f 203/203/203 209/209/209 210/210/210
f 201/201/201 203/203/203 207/207/207
f 190/190/190 189/189/189 192/192/192
f 175/175/175 197/197/197 208/208/208
f 196/196/196 195/195/195 204/204/204
f 201/201/201 207/207/207 206/206/206
f 180/180/180 206/206/206 207/207/207
f 192/192/192 194/194/194 190/190/190
f 199/199/199 191/191/191 177/177/177
f 197/197/197 198/198/198 205/205/205
f 198/198/198 204/204/204 205/205/205
f 195/195/195 188/188/188 187/187/187
f 186/186/186 188/188/188 185/185/185
f 203/203/203 201/201/201 202/202/202
f 178/178/178 180/180/180 194/194/194
f 189/189/189 191/191/191 200/200/200
f 191/191/191 199/199/199 200/200/200
f 177/177/177 176/176/176 199/199/199
f 198/198/198 197/197/197 175/175/175
f 188/188/188 195/195/195 196/196/196
f 186/186/186 185/185/185 184/184/184
f 178/178/178 194/194/194 193/193/193
f 194/194/194 192/192/192 193/193/193
f 191/191/191 189/189/189 190/190/190
f 176/176/176 172/172/172 171/171/171
f 170/170/170 172/172/172 174/174/174
f 188/188/188 186/186/186 187/187/187
f 183/183/183 184/184/184 185/185/185
f 183/183/183 181/181/181 182/182/182
f 180/180/180 178/178/178 179/179/179
f 172/172/172 176/176/176 177/177/177
f 170/170/170 174/174/174 173/173/173
f 175/175/175 173/173/173 174/174/174
f 172/172/172 170/170/170 171/171/171
f 184/184/184 183/183/183 182/182/182
f 356/356/356 346/346/346 344/344/344
f 331/331/331 507/507/507 335/335/335
f 319/319/319 321/321/321 508/508/508
f 400/400/400 390/390/390 394/394/394
f 375/375/375 365/365/365 363/363/363
f 322/322/322 324/324/324 359/359/359
f 326/326/326 328/328/328 329/329/329
f 343/343/343 345/345/345 491/491/491
f 322/322/322 360/360/360 502/502/502
f 362/362/362 364/364/364 422/422/422
f 377/377/377 379/379/379 385/385/385
f 393/393/393 395/395/395 440/440/440
f 397/397/397 319/319/319 508/508/508
f 406/406/406 335/335/335 507/507/507
f 323/323/323 421/421/421 370/370/370
f 417/417/417 423/423/423 362/362/362
f 363/363/363 424/424/424 381/381/381
f 424/424/424 430/430/430 381/381/381
f 430/430/430 384/384/384 381/381/381
f 435/435/435 378/378/378 429/429/429
f 432/432/432 441/441/441 393/393/393
f 394/394/394 441/441/441 404/404/404
f 441/441/441 448/448/448 404/404/404
f 442/442/442 404/404/404 448/448/448
f 465/465/465 457/457/457 506/506/506
f 320/320/320 473/473/473 413/413/413
f 467/467/467 476/476/476 409/409/409
f 335/335/335 475/475/475 336/336/336
f 475/475/475 480/480/480 336/336/336
f 339/339/339 480/480/480 483/483/483
f 327/327/327 485/485/485 340/340/340
f 489/489/489 493/493/493 343/343/343
f 344/344/344 494/494/494 357/357/357
f 494/494/494 495/495/495 357/357/357
f 361/361/361 495/495/495 498/498/498
f 323/323/323 505/505/505 420/420/420
f 322/322/322 504/504/504 323/323/323
f 322/322/322 503/503/503 504/504/504
f 505/505/505 323/323/323 504/504/504
f 503/503/503 322/322/322 499/499/499
f 499/499/499 501/501/501 496/496/496
f 499/499/499 502/502/502 500/500/500
f 497/497/497 496/496/496 501/501/501
f 502/502/502 499/499/499 322/322/322
f 501/501/501 499/499/499 500/500/500
f 496/496/496 498/498/498 495/495/495
f 498/498/498 496/496/496 497/497/497
f 495/495/495 361/361/361 357/357/357
f 344/344/344 493/493/493 494/494/494
f 493/493/493 344/344/344 343/343/343
f 489/489/489 492/492/492 490/490/490
f 343/343/343 492/492/492 489/489/489
f 485/485/485 486/486/486 488/488/488
f 492/492/492 343/343/343 491/491/491
f 489/489/489 487/487/487 486/486/486
f 485/485/485 327/327/327 484/484/484
f 487/487/487 489/489/489 490/490/490
f 488/488/488 486/486/486 487/487/487
f 486/486/486 485/485/485 484/484/484
f 481/481/481 479/479/479 482/482/482
f 327/327/327 477/477/477 484/484/484
f 481/481/481 483/483/483 480/480/480
f 477/477/477 326/326/326 478/478/478
f 477/477/477 479/479/479 481/481/481
f 483/483/483 481/481/481 482/482/482
f 480/480/480 339/339/339 336/336/336
f 326/326/326 477/477/477 327/327/327
f 479/479/479 477/477/477 478/478/478
f 475/475/475 409/409/409 476/476/476
f 321/321/321 319/319/319 320/320/320
f 324/324/324 322/322/322 323/323/323
f 324/324/324 323/323/323 325/325/325
f 328/328/328 326/326/326 327/327/327
f 330/330/330 329/329/329 328/328/328
f 332/332/332 330/330/330 331/331/331
f 331/331/331 333/333/333 334/334/334
f 337/337/337 335/335/335 336/336/336
f 329/329/329 330/330/330 338/338/338
f 332/332/332 331/331/331 334/334/334
f 335/335/335 337/337/337 333/333/333
f 330/330/330 332/332/332 338/338/338
f 337/337/337 336/336/336 339/339/339
f 333/333/333 331/331/331 335/335/335
f 342/342/342 340/340/340 341/341/341
f 345/345/345 343/343/343 344/344/344
f 346/346/346 345/345/345 344/344/344
f 347/347/347 342/342/342 341/341/341
f 340/340/340 342/342/342 327/327/327
f 345/345/345 346/346/346 348/348/348
f 350/350/350 346/346/346 349/349/349
f 327/327/327 342/342/342 328/328/328
f 346/346/346 350/350/350 348/348/348
f 342/342/342 347/347/347 349/349/349
f 349/349/349 347/347/347 350/350/350
f 353/353/353 351/351/351 352/352/352
f 351/351/351 354/354/354 355/355/355
f 352/352/352 351/351/351 355/355/355
f 354/354/354 351/351/351 356/356/356
f 358/358/358 344/344/344 357/357/357
f 360/360/360 322/322/322 359/359/359
f 354/354/354 356/356/356 344/344/344
f 358/358/358 357/357/357 361/361/361
f 360/360/360 359/359/359 353/353/353
f 344/344/344 358/358/358 354/354/354
f 351/351/351 353/353/353 359/359/359
f 364/364/364 362/362/362 363/363/363
f 365/365/365 364/364/364 363/363/363
f 367/367/367 325/325/325 366/366/366
f 364/364/364 365/365/365 368/368/368
f 369/369/369 368/368/368 365/365/365
f 325/325/325 367/367/367 369/369/369
f 370/370/370 325/325/325 323/323/323
f 368/368/368 369/369/369 371/371/371
f 325/325/325 370/370/370 366/366/366
f 369/369/369 367/367/367 371/371/371
f 374/374/374 372/372/372 373/373/373
f 376/376/376 372/372/372 375/375/375
f 379/379/379 377/377/377 378/378/378
f 372/372/372 376/376/376 373/373/373
f 375/375/375 380/380/380 376/376/376
f 382/382/382 363/363/363 381/381/381
f 379/379/379 378/378/378 383/383/383
f 380/380/380 375/375/375 363/363/363
f 382/382/382 381/381/381 384/384/384
f 385/385/385 379/379/379 374/374/374
f 363/363/363 382/382/382 380/380/380
f 372/372/372 374/374/374 379/379/379
f 388/388/388 386/386/386 387/387/387
f 386/386/386 389/389/389 390/390/390
f 388/388/388 387/387/387 391/391/391
f 387/387/387 392/392/392 391/391/391
f 395/395/395 393/393/393 394/394/394
f 390/390/390 395/395/395 394/394/394
f 386/386/386 388/388/388 396/396/396
f 392/392/392 387/387/387 383/383/383
f 395/395/395 390/390/390 389/389/389
f 392/392/392 383/383/383 378/378/378
f 389/389/389 386/386/386 396/396/396
f 399/399/399 397/397/397 398/398/398
f 402/402/402 400/400/400 401/401/401
f 400/400/400 403/403/403 401/401/401
f 397/397/397 399/399/399 319/319/319
f 403/403/403 400/400/400 394/394/394
f 405/405/405 394/394/394 404/404/404
f 398/398/398 397/397/397 402/402/402
f 394/394/394 405/405/405 403/403/403
f 400/400/400 402/402/402 397/397/397
f 408/408/408 406/406/406 407/407/407
f 406/406/406 409/409/409 335/335/335
f 406/406/406 408/408/408 409/409/409
f 407/407/407 406/406/406 410/410/410
f 410/410/410 411/411/411 412/412/412
f 413/413/413 411/411/411 320/320/320
f 411/411/411 410/410/410 406/406/406
f 320/320/320 411/411/411 321/321/321
f 411/411/411 413/413/413 412/412/412
f 416/416/416 414/414/414 415/415/415
f 419/419/419 417/417/417 418/418/418
f 421/421/421 323/323/323 420/420/420
f 414/414/414 416/416/416 420/420/420
f 417/417/417 419/419/419 414/414/414
f 417/417/417 422/422/422 418/418/418
f 420/420/420 416/416/416 421/421/421
f 422/422/422 417/417/417 362/362/362
f 414/414/414 419/419/419 415/415/415
f 424/424/424 363/363/363 423/423/423
f 423/423/423 363/363/363 362/362/362
f 427/427/427 425/425/425 426/426/426
f 425/425/425 428/428/428 426/426/426
f 377/377/377 429/429/429 378/378/378
f 425/425/425 427/427/427 430/430/430
f 429/429/429 377/377/377 428/428/428
f 384/384/384 430/430/430 431/431/431
f 428/428/428 425/425/425 429/429/429
f 430/430/430 427/427/427 431/431/431
f 434/434/434 432/432/432 433/433/433
f 378/378/378 435/435/435 392/392/392
f 436/436/436 435/435/435 429/429/429
f 439/439/439 437/437/437 438/438/438
f 432/432/432 434/434/434 437/437/437
f 435/435/435 436/436/436 439/439/439
f 437/437/437 434/434/434 438/438/438
f 437/437/437 439/439/439 436/436/436
f 432/432/432 440/440/440 433/433/433
f 440/440/440 432/432/432 393/393/393
f 441/441/441 394/394/394 393/393/393
f 404/404/404 442/442/442 405/405/405
f 442/442/442 443/443/443 444/444/444
f 447/447/447 445/445/445 446/446/446
f 443/443/443 442/442/442 448/448/448
f 446/446/446 445/445/445 449/449/449
f 450/450/450 445/445/445 319/319/319
f 444/444/444 443/443/443 447/447/447
f 445/445/445 450/450/450 449/449/449
f 445/445/445 447/447/447 443/443/443
f 450/450/450 319/319/319 399/399/399
f 452/452/452 445/445/445 451/451/451
f 454/454/454 319/319/319 453/453/453
f 455/455/455 319/319/319 445/445/445
f 445/445/445 452/452/452 456/456/456
f 459/459/459 457/457/457 458/458/458
f 458/458/458 320/320/320 460/460/460
f 462/462/462 320/320/320 461/461/461
f 463/463/463 320/320/320 319/319/319
f 319/319/319 455/455/455 453/453/453
f 452/452/452 451/451/451 464/464/464
f 320/320/320 458/458/458 457/457/457
f 320/320/320 463/463/463 461/461/461
f 445/445/445 456/456/456 455/455/455
f 457/457/457 465/465/465 320/320/320
f 320/320/320 462/462/462 460/460/460
f 464/464/464 451/451/451 459/459/459
f 457/457/457 459/459/459 451/451/451
f 451/451/451 445/445/445 466/466/466
f 319/319/319 454/454/454 463/463/463
f 469/469/469 467/467/467 468/468/468
f 470/470/470 320/320/320 465/465/465
f 471/471/471 465/465/465 469/469/469
f 468/468/468 467/467/467 472/472/472
f 320/320/320 470/470/470 473/473/473
f 467/467/467 469/469/469 465/465/465
f 472/472/472 409/409/409 474/474/474
f 465/465/465 471/471/471 470/470/470
f 474/474/474 409/409/409 408/408/408
f 409/409/409 472/472/472 467/467/467
f 409/409/409 475/475/475 335/335/335
f 771/771/771 770/770/770 769/769/769
f 741/741/741 743/743/743 744/744/744
f 744/744/744 745/745/745 746/746/746
f 746/746/746 747/747/747 776/776/776
f 747/747/747 749/749/749 776/776/776
f 751/751/751 752/752/752 753/753/753
f 753/753/753 754/754/754 755/755/755
f 755/755/755 756/756/756 757/757/757
f 757/757/757 758/758/758 759/759/759
f 759/759/759 760/760/760 761/761/761
f 761/761/761 762/762/762 763/763/763
f 763/763/763 764/764/764 775/775/775
f 764/764/764 766/766/766 775/775/775
f 768/768/768 769/769/769 770/770/770
f 770/770/770 771/771/771 772/772/772
f 772/772/772 773/773/773 774/774/774
f 773/773/773 772/772/772 771/771/771
f 743/743/743 741/741/741 742/742/742
f 769/769/769 768/768/768 767/767/767
f 767/767/767 765/765/765 764/764/764
f 765/765/765 767/767/767 768/768/768
f 766/766/766 764/764/764 765/765/765
f 764/764/764 763/763/763 762/762/762
f 762/762/762 761/761/761 760/760/760
f 760/760/760 759/759/759 758/758/758
f 758/758/758 757/757/757 756/756/756
f 756/756/756 755/755/755 754/754/754
f 754/754/754 753/753/753 752/752/752
f 752/752/752 751/751/751 750/750/750
f 750/750/750 748/748/748 747/747/747
f 748/748/748 750/750/750 751/751/751
f 749/749/749 747/747/747 748/748/748
f 747/747/747 746/746/746 745/745/745
f 745/745/745 744/744/744 743/743/743
f 662/662/662 688/688/688 689/689/689
f 512/512/512 514/514/514 596/596/596
f 702/702/702 527/527/527 510/510/510
f 511/511/511 531/531/531 535/535/535
f 548/548/548 553/553/553 555/555/555
f 546/546/546 556/556/556 551/551/551
f 551/551/551 557/557/557 561/561/561
f 564/564/564 558/558/558 571/571/571
f 567/567/567 676/676/676 558/558/558
f 520/520/520 580/580/580 586/586/586
f 586/586/586 598/598/598 520/520/520
f 597/597/597 592/592/592 703/703/703
f 597/597/597 600/600/600 512/512/512
f 600/600/600 609/609/609 607/607/607
f 601/601/601 616/616/616 603/603/603
f 615/615/615 617/617/617 621/621/621
f 617/617/617 633/633/633 621/621/621
f 634/634/634 623/623/623 636/636/636
f 645/645/645 646/646/646 647/647/647
f 693/693/693 655/655/655 659/659/659
f 659/659/659 665/665/665 662/662/662
f 657/657/657 673/673/673 509/509/509
f 510/510/510 672/672/672 702/702/702
f 675/675/675 676/676/676 574/574/574
f 548/548/548 679/679/679 686/686/686
f 533/533/533 683/683/683 511/511/511
f 659/659/659 690/690/690 692/692/692
f 619/619/619 691/691/691 697/697/697
f 621/621/621 696/696/696 615/615/615
f 696/696/696 699/699/699 615/615/615
f 513/513/513 698/698/698 701/701/701
f 515/515/515 700/700/700 678/678/678
f 700/700/700 513/513/513 701/701/701
f 700/700/700 515/515/515 513/513/513
f 698/698/698 615/615/615 699/699/699
f 511/511/511 509/509/509 510/510/510
f 514/514/514 512/512/512 513/513/513
f 517/517/517 515/515/515 516/516/516
f 514/514/514 513/513/513 518/518/518
f 516/516/516 515/515/515 519/519/519
f 519/519/519 520/520/520 521/521/521
f 518/518/518 513/513/513 517/517/517
f 520/520/520 519/519/519 515/515/515
f 515/515/515 517/517/517 513/513/513
f 522/522/522 511/511/511 510/510/510
f 525/525/525 523/523/523 524/524/524
f 522/522/522 510/510/510 526/526/526
f 528/528/528 510/510/510 527/527/527
f 523/523/523 525/525/525 529/529/529
f 531/531/531 511/511/511 530/530/530
f 510/510/510 528/528/528 526/526/526
f 532/532/532 527/527/527 525/525/525
f 523/523/523 533/533/533 534/534/534
f 536/536/536 511/511/511 535/535/535
f 511/511/511 522/522/522 530/530/530
f 527/527/527 532/532/532 537/537/537
f 523/523/523 529/529/529 533/533/533
f 511/511/511 536/536/536 533/533/533
f 527/527/527 537/537/537 528/528/528
f 533/533/533 536/536/536 534/534/534
f 525/525/525 524/524/524 532/532/532
f 540/540/540 538/538/538 539/539/539
f 542/542/542 539/539/539 541/541/541
f 538/538/538 540/540/540 543/543/543
f 539/539/539 538/538/538 541/541/541
f 545/545/545 540/540/540 544/544/544
f 547/547/547 544/544/544 546/546/546
f 549/549/549 548/548/548 542/542/542
f 540/540/540 545/545/545 543/543/543
f 544/544/544 547/547/547 550/550/550
f 552/552/552 546/546/546 551/551/551
f 548/548/548 549/549/549 553/553/553
f 544/544/544 550/550/550 545/545/545
f 546/546/546 552/552/552 554/554/554
f 555/555/555 551/551/551 548/548/548
f 539/539/539 542/542/542 548/548/548
f 551/551/551 555/555/555 552/552/552
f 546/546/546 554/554/554 547/547/547
f 557/557/557 551/551/551 556/556/556
f 559/559/559 558/558/558 548/548/548
f 560/560/560 548/548/548 551/551/551
f 563/563/563 561/561/561 562/562/562
f 566/566/566 564/564/564 565/565/565
f 558/558/558 564/564/564 567/567/567
f 558/558/558 559/559/559 568/568/568
f 548/548/548 560/560/560 569/569/569
f 561/561/561 563/563/563 551/551/551
f 570/570/570 561/561/561 566/566/566
f 564/564/564 566/566/566 567/567/567
f 558/558/558 568/568/568 571/571/571
f 548/548/548 569/569/569 572/572/572
f 562/562/562 561/561/561 573/573/573
f 566/566/566 565/565/565 570/570/570
f 548/548/548 572/572/572 559/559/559
f 561/561/561 570/570/570 573/573/573
f 551/551/551 563/563/563 560/560/560
f 576/576/576 574/574/574 575/575/575
f 575/575/575 574/574/574 577/577/577
f 578/578/578 577/577/577 574/574/574
f 580/580/580 520/520/520 579/579/579
f 582/582/582 515/515/515 581/581/581
f 577/577/577 578/578/578 583/583/583
f 579/579/579 520/520/520 584/584/584
f 581/581/581 515/515/515 585/585/585
f 574/574/574 576/576/576 515/515/515
f 587/587/587 578/578/578 586/586/586
f 584/584/584 520/520/520 582/582/582
f 515/515/515 576/576/576 585/585/585
f 587/587/587 586/586/586 588/588/588
f 515/515/515 582/582/582 520/520/520
f 588/588/588 586/586/586 580/580/580
f 578/578/578 587/587/587 583/583/583
f 591/591/591 589/589/589 590/590/590
f 593/593/593 592/592/592 512/512/512
f 589/589/589 591/591/591 520/520/520
f 594/594/594 589/589/589 592/592/592
f 592/592/592 593/593/593 595/595/595
f 589/589/589 594/594/594 590/590/590
f 593/593/593 512/512/512 596/596/596
f 592/592/592 597/597/597 512/512/512
f 592/592/592 595/595/595 594/594/594
f 520/520/520 591/591/591 521/521/521
f 589/589/589 598/598/598 599/599/599
f 598/598/598 589/589/589 520/520/520
f 602/602/602 600/600/600 601/601/601
f 604/604/604 601/601/601 603/603/603
f 606/606/606 512/512/512 605/605/605
f 608/608/608 600/600/600 607/607/607
f 600/600/600 602/602/602 609/609/609
f 604/604/604 603/603/603 610/610/610
f 612/612/612 513/513/513 611/611/611
f 605/605/605 512/512/512 613/613/613
f 600/600/600 608/608/608 512/512/512
f 601/601/601 604/604/604 602/602/602
f 513/513/513 612/612/612 603/603/603
f 614/614/614 513/513/513 606/606/606
f 512/512/512 608/608/608 613/613/613
f 603/603/603 612/612/612 610/610/610
f 512/512/512 606/606/606 513/513/513
f 513/513/513 614/614/614 611/611/611
f 617/617/617 615/615/615 616/616/616
f 616/616/616 615/615/615 603/603/603
f 620/620/620 618/618/618 619/619/619
f 622/622/622 619/619/619 621/621/621
f 625/625/625 623/623/623 624/624/624
f 628/628/628 626/626/626 627/627/627
f 620/620/620 619/619/619 629/629/629
f 619/619/619 622/622/622 630/630/630
f 625/625/625 624/624/624 631/631/631
f 627/627/627 624/624/624 628/628/628
f 618/618/618 620/620/620 626/626/626
f 622/622/622 621/621/621 632/632/632
f 624/624/624 627/627/627 631/631/631
f 619/619/619 630/630/630 629/629/629
f 634/634/634 621/621/621 633/633/633
f 626/626/626 628/628/628 618/618/618
f 621/621/621 634/634/634 635/635/635
f 623/623/623 634/634/634 633/633/633
f 621/621/621 635/635/635 632/632/632
f 623/623/623 625/625/625 636/636/636
f 639/639/639 637/637/637 638/638/638
f 638/638/638 640/640/640 639/639/639
f 642/642/642 619/619/619 641/641/641
f 640/640/640 638/638/638 643/643/643
f 641/641/641 619/619/619 644/644/644
f 646/646/646 645/645/645 618/618/618
f 648/648/648 647/647/647 646/646/646
f 649/649/649 648/648/648 637/637/637
f 640/640/640 643/643/643 650/650/650
f 619/619/619 642/642/642 643/643/643
f 645/645/645 619/619/619 618/618/618
f 647/647/647 648/648/648 651/651/651
f 649/649/649 637/637/637 652/652/652
f 643/643/643 642/642/642 650/650/650
f 619/619/619 645/645/645 653/653/653
f 648/648/648 649/649/649 651/651/651
f 619/619/619 653/653/653 644/644/644
f 637/637/637 639/639/639 652/652/652
f 656/656/656 654/654/654 655/655/655
f 658/658/658 656/656/656 657/657/657
f 654/654/654 659/659/659 655/655/655
f 656/656/656 658/658/658 660/660/660
f 654/654/654 656/656/656 660/660/660
f 661/661/661 657/657/657 509/509/509
f 663/663/663 509/509/509 662/662/662
f 665/665/665 659/659/659 664/664/664
f 659/659/659 654/654/654 666/666/666
f 661/661/661 509/509/509 667/667/667
f 663/663/663 662/662/662 668/668/668
f 659/659/659 666/666/666 664/664/664
f 509/509/509 663/663/663 667/667/667
f 669/669/669 662/662/662 665/665/665
f 658/658/658 657/657/657 670/670/670
f 662/662/662 669/669/669 668/668/668
f 657/657/657 661/661/661 670/670/670
f 672/672/672 510/510/510 671/671/671
f 671/671/671 510/510/510 509/509/509
f 674/674/674 509/509/509 673/673/673
f 509/509/509 674/674/674 671/671/671
f 676/676/676 675/675/675 558/558/558
f 675/675/675 574/574/574 677/677/677
f 677/677/677 515/515/515 678/678/678
f 515/515/515 677/677/677 574/574/574
f 679/679/679 548/548/548 558/558/558
f 679/679/679 558/558/558 680/680/680
f 680/680/680 558/558/558 675/675/675
f 533/533/533 681/681/681 682/682/682
f 683/683/683 533/533/533 682/682/682
f 681/681/681 539/539/539 684/684/684
f 681/681/681 533/533/533 539/539/539
f 684/684/684 539/539/539 685/685/685
f 685/685/685 548/548/548 686/686/686
f 548/548/548 685/685/685 539/539/539
f 687/687/687 662/662/662 511/511/511
f 662/662/662 687/687/687 688/688/688
f 687/687/687 511/511/511 683/683/683
f 689/689/689 659/659/659 662/662/662
f 659/659/659 689/689/689 690/690/690
f 691/691/691 619/619/619 643/643/643
f 693/693/693 692/692/692 643/643/643
f 691/691/691 643/643/643 694/694/694
f 692/692/692 693/693/693 659/659/659
f 643/643/643 692/692/692 694/694/694
f 696/696/696 621/621/621 695/695/695
f 695/695/695 619/619/619 697/697/697
f 619/619/619 695/695/695 621/621/621
f 698/698/698 513/513/513 603/603/603
f 615/615/615 698/698/698 603/603/603
f 509/509/509 511/511/511 662/662/662
f 242/242/242 243/243/243 244/244/244
f 240/240/240 241/241/241 242/242/242
f 238/238/238 239/239/239 240/240/240
f 236/236/236 237/237/237 238/238/238
f 234/234/234 235/235/235 236/236/236
f 232/232/232 233/233/233 234/234/234
f 230/230/230 231/231/231 232/232/232
f 228/228/228 229/229/229 230/230/230
f 246/246/246 247/247/247 248/248/248
f 226/226/226 227/227/227 228/228/228
f 224/224/224 225/225/225 226/226/226
f 222/222/222 223/223/223 224/224/224
f 220/220/220 221/221/221 222/222/222
f 218/218/218 219/219/219 220/220/220
f 215/215/215 217/217/217 218/218/218
f 253/253/253 252/252/252 251/251/251
f 251/251/251 250/250/250 249/249/249
f 249/249/249 248/248/248 247/247/247
f 247/247/247 246/246/246 245/245/245
f 245/245/245 244/244/244 243/243/243
f 243/243/243 242/242/242 241/241/241
f 241/241/241 240/240/240 239/239/239
f 239/239/239 238/238/238 237/237/237
f 237/237/237 236/236/236 235/235/235
f 235/235/235 234/234/234 233/233/233
f 233/233/233 232/232/232 231/231/231
f 231/231/231 230/230/230 229/229/229
f 229/229/229 228/228/228 227/227/227
f 227/227/227 226/226/226 225/225/225
f 225/225/225 224/224/224 223/223/223
f 223/223/223 222/222/222 221/221/221
f 221/221/221 220/220/220 219/219/219
f 219/219/219 218/218/218 217/217/217
f 217/217/217 215/215/215 216/216/216
f 244/244/244 245/245/245 246/246/246
f 255/255/255 254/254/254 253/253/253
f 248/248/248 249/249/249 250/250/250
f 250/250/250 251/251/251 252/252/252
f 252/252/252 253/253/253 254/254/254
f 254/254/254 255/255/255 256/256/256
f 256/256/256 257/257/257 258/258/258
f 258/258/258 259/259/259 260/260/260
f 260/260/260 261/261/261 262/262/262
f 262/262/262 263/263/263 264/264/264
f 264/264/264 216/216/216 215/215/215
f 216/216/216 264/264/264 263/263/263
f 263/263/263 262/262/262 261/261/261
f 261/261/261 260/260/260 259/259/259
f 259/259/259 258/258/258 257/257/257
f 257/257/257 256/256/256 255/255/255
f 777/777/777 779/779/779 780/780/780
f 779/779/779 777/777/777 778/778/778
f 781/781/781 783/783/783 784/784/784
f 783/783/783 781/781/781 782/782/782
f 785/785/785 787/787/787 788/788/788
f 787/787/787 785/785/785 786/786/786
f 791/791/791 789/789/789 790/790/790
f 789/789/789 791/791/791 792/792/792
f 793/793/793 795/795/795 796/796/796
f 795/795/795 793/793/793 794/794/794
f 797/797/797 799/799/799 800/800/800
f 799/799/799 797/797/797 798/798/798
f 803/803/803 801/801/801 802/802/802
f 801/801/801 803/803/803 804/804/804
f 807/807/807 805/805/805 806/806/806
f 809/809/809 808/808/808 805/805/805
f 811/811/811 810/810/810 808/808/808
f 813/813/813 812/812/812 810/810/810
f 815/815/815 814/814/814 812/812/812
f 817/817/817 816/816/816 814/814/814
f 819/819/819 818/818/818 816/816/816
f 821/821/821 820/820/820 818/818/818
f 823/823/823 822/822/822 820/820/820
f 825/825/825 824/824/824 822/822/822
f 827/827/827 826/826/826 824/824/824
f 808/808/808 809/809/809 811/811/811
f 810/810/810 811/811/811 813/813/813
f 812/812/812 813/813/813 815/815/815
f 814/814/814 815/815/815 817/817/817
f 816/816/816 817/817/817 819/819/819
f 818/818/818 819/819/819 821/821/821
f 820/820/820 821/821/821 823/823/823
f 822/822/822 823/823/823 825/825/825
f 824/824/824 825/825/825 827/827/827
f 826/826/826 827/827/827 828/828/828
f 806/806/806 828/828/828 807/807/807
f 828/828/828 806/806/806 826/826/826
f 805/805/805 807/807/807 809/809/809
f 831/831/831 829/829/829 830/830/830
f 833/833/833 832/832/832 829/829/829
f 835/835/835 834/834/834 832/832/832
f 837/837/837 836/836/836 834/834/834
f 839/839/839 838/838/838 836/836/836
f 841/841/841 840/840/840 838/838/838
f 843/843/843 842/842/842 840/840/840
f 845/845/845 844/844/844 842/842/842
f 847/847/847 846/846/846 844/844/844
f 849/849/849 848/848/848 846/846/846
f 851/851/851 850/850/850 848/848/848
f 852/852/852 830/830/830 850/850/850
f 830/830/830 852/852/852 831/831/831
f 850/850/850 851/851/851 852/852/852
f 848/848/848 849/849/849 851/851/851
f 846/846/846 847/847/847 849/849/849
f 844/844/844 845/845/845 847/847/847
f 842/842/842 843/843/843 845/845/845
f 840/840/840 841/841/841 843/843/843
f 838/838/838 839/839/839 841/841/841
f 836/836/836 837/837/837 839/839/839
f 834/834/834 835/835/835 837/837/837
f 832/832/832 833/833/833 835/835/835
f 829/829/829 831/831/831 833/833/833
f 867/867/867 866/866/866 864/864/864
f 870/870/870 871/871/871 873/873/873
f 872/872/872 873/873/873 875/875/875
f 874/874/874 875/875/875 876/876/876
f 854/854/854 876/876/876 855/855/855
f 876/876/876 854/854/854 874/874/874
f 875/875/875 874/874/874 872/872/872
f 873/873/873 872/872/872 870/870/870
f 871/871/871 870/870/870 868/868/868
f 869/869/869 868/868/868 866/866/866
f 865/865/865 864/864/864 862/862/862
f 863/863/863 862/862/862 860/860/860
f 861/861/861 860/860/860 858/858/858
f 859/859/859 858/858/858 856/856/856
f 857/857/857 856/856/856 853/853/853
f 855/855/855 853/853/853 854/854/854
f 866/866/866 867/867/867 869/869/869
f 864/864/864 865/865/865 867/867/867
f 862/862/862 863/863/863 865/865/865
f 860/860/860 861/861/861 863/863/863
f 858/858/858 859/859/859 861/861/861
f 856/856/856 857/857/857 859/859/859
f 853/853/853 855/855/855 857/857/857
f 868/868/868 869/869/869 871/871/871
f 880/880/880 881/881/881 883/883/883
f 882/882/882 883/883/883 885/885/885
f 884/884/884 885/885/885 887/887/887
f 886/886/886 887/887/887 889/889/889
f 888/888/888 889/889/889 891/891/891
f 890/890/890 891/891/891 893/893/893
f 892/892/892 893/893/893 895/895/895
f 894/894/894 895/895/895 897/897/897
f 896/896/896 897/897/897 899/899/899
f 898/898/898 899/899/899 900/900/900
f 878/878/878 900/900/900 879/879/879
f 877/877/877 879/879/879 881/881/881
f 899/899/899 898/898/898 896/896/896
f 897/897/897 896/896/896 894/894/894
f 895/895/895 894/894/894 892/892/892
f 893/893/893 892/892/892 890/890/890
f 891/891/891 890/890/890 888/888/888
f 889/889/889 888/888/888 886/886/886
f 887/887/887 886/886/886 884/884/884
f 885/885/885 884/884/884 882/882/882
f 883/883/883 882/882/882 880/880/880
f 881/881/881 880/880/880 877/877/877
f 879/879/879 877/877/877 878/878/878
f 900/900/900 878/878/878 898/898/898
f 905/905/905 904/904/904 901/901/901
f 907/907/907 906/906/906 904/904/904
f 909/909/909 908/908/908 906/906/906
f 911/911/911 910/910/910 908/908/908
f 913/913/913 912/912/912 910/910/910
f 915/915/915 914/914/914 912/912/912
f 917/917/917 916/916/916 914/914/914
f 919/919/919 918/918/918 916/916/916
f 921/921/921 920/920/920 918/918/918
f 923/923/923 922/922/922 920/920/920
f 924/924/924 902/902/902 922/922/922
f 902/902/902 924/924/924 903/903/903
f 912/912/912 913/913/913 915/915/915
f 922/922/922 923/923/923 924/924/924
f 920/920/920 921/921/921 923/923/923
f 918/918/918 919/919/919 921/921/921
f 916/916/916 917/917/917 919/919/919
f 901/901/901 903/903/903 905/905/905
f 904/904/904 905/905/905 907/907/907
f 906/906/906 907/907/907 909/909/909
f 908/908/908 909/909/909 911/911/911
f 910/910/910 911/911/911 913/913/913
f 903/903/903 901/901/901 902/902/902
f 914/914/914 915/915/915 917/917/917
f 927/927/927 925/925/925 926/926/926
f 929/929/929 928/928/928 925/925/925
f 931/931/931 930/930/930 928/928/928
f 933/933/933 932/932/932 930/930/930
f 935/935/935 934/934/934 932/932/932
f 937/937/937 936/936/936 934/934/934
f 939/939/939 938/938/938 936/936/936
f 941/941/941 940/940/940 938/938/938
f 943/943/943 942/942/942 940/940/940
f 945/945/945 944/944/944 942/942/942
f 947/947/947 946/946/946 944/944/944
f 948/948/948 926/926/926 946/946/946
f 926/926/926 948/948/948 927/927/927
f 946/946/946 947/947/947 948/948/948
f 944/944/944 945/945/945 947/947/947
f 942/942/942 943/943/943 945/945/945
f 940/940/940 941/941/941 943/943/943
f 938/938/938 939/939/939 941/941/941
f 936/936/936 937/937/937 939/939/939
f 934/934/934 935/935/935 937/937/937
f 932/932/932 933/933/933 935/935/935
f 930/930/930 931/931/931 933/933/933
f 928/928/928 929/929/929 931/931/931
f 925/925/925 927/927/927 929/929/929
f 951/951/951 949/949/949 950/950/950
f 953/953/953 952/952/952 949/949/949
f 955/955/955 954/954/954 952/952/952
f 957/957/957 956/956/956 954/954/954
f 959/959/959 958/958/958 956/956/956
f 961/961/961 960/960/960 958/958/958
f 963/963/963 962/962/962 960/960/960
f 965/965/965 964/964/964 962/962/962
f 967/967/967 966/966/966 964/964/964
f 969/969/969 968/968/968 966/966/966
f 971/971/971 970/970/970 968/968/968
f 972/972/972 950/950/950 970/970/970
f 950/950/950 972/972/972 951/951/951
f 970/970/970 971/971/971 972/972/972
f 968/968/968 969/969/969 971/971/971
f 966/966/966 967/967/967 969/969/969
f 964/964/964 965/965/965 967/967/967
f 949/949/949 951/951/951 953/953/953
f 952/952/952 953/953/953 955/955/955
f 954/954/954 955/955/955 957/957/957
f 956/956/956 957/957/957 959/959/959
f 958/958/958 959/959/959 961/961/961
f 960/960/960 961/961/961 963/963/963
f 962/962/962 963/963/963 965/965/965
f 976/976/976 977/977/977 979/979/979
f 977/977/977 976/976/976 973/973/973
f 979/979/979 978/978/978 976/976/976
f 981/981/981 980/980/980 978/978/978
f 983/983/983 982/982/982 980/980/980
f 985/985/985 984/984/984 982/982/982
f 987/987/987 986/986/986 984/984/984
f 989/989/989 988/988/988 986/986/986
f 991/991/991 990/990/990 988/988/988
f 993/993/993 992/992/992 990/990/990
f 995/995/995 994/994/994 992/992/992
f 996/996/996 974/974/974 994/994/994
f 974/974/974 996/996/996 975/975/975
f 994/994/994 995/995/995 996/996/996
f 992/992/992 993/993/993 995/995/995
f 990/990/990 991/991/991 993/993/993
f 988/988/988 989/989/989 991/991/991
f 986/986/986 987/987/987 989/989/989
f 984/984/984 985/985/985 987/987/987
f 982/982/982 983/983/983 985/985/985
f 980/980/980 981/981/981 983/983/983
f 978/978/978 979/979/979 981/981/981
f 973/973/973 975/975/975 977/977/977
f 975/975/975 973/973/973 974/974/974
f 1000/1000/1000 1001/1001/1001 1003/1003/1003
f 1001/1001/1001 1000/1000/1000 997/997/997
f 1003/1003/1003 1002/1002/1002 1000/1000/1000
f 1005/1005/1005 1004/1004/1004 1002/1002/1002
f 1007/1007/1007 1006/1006/1006 1004/1004/1004
f 1009/1009/1009 1008/1008/1008 1006/1006/1006
f 1011/1011/1011 1010/1010/1010 1008/1008/1008
f 1013/1013/1013 1012/1012/1012 1010/1010/1010
f 1015/1015/1015 1014/1014/1014 1012/1012/1012
f 1017/1017/1017 1016/1016/1016 1014/1014/1014
f 1019/1019/1019 1018/1018/1018 1016/1016/1016
f 1020/1020/1020 998/998/998 1018/1018/1018
f 998/998/998 1020/1020/1020 999/999/999
f 1018/1018/1018 1019/1019/1019 1020/1020/1020
f 1016/1016/1016 1017/1017/1017 1019/1019/1019
f 1014/1014/1014 1015/1015/1015 1017/1017/1017
f 1012/1012/1012 1013/1013/1013 1015/1015/1015
f 1010/1010/1010 1011/1011/1011 1013/1013/1013
f 1008/1008/1008 1009/1009/1009 1011/1011/1011
f 1006/1006/1006 1007/1007/1007 1009/1009/1009
f 1004/1004/1004 1005/1005/1005 1007/1007/1007
f 1002/1002/1002 1003/1003/1003 1005/1005/1005
f 999/999/999 997/997/997 998/998/998
f 997/997/997 999/999/999 1001/1001/1001
f 267/267/267 265/265/265 266/266/266
f 269/269/269 268/268/268 267/267/267
f 271/271/271 270/270/270 269/269/269
f 273/273/273 272/272/272 271/271/271
f 275/275/275 274/274/274 273/273/273
f 277/277/277 276/276/276 275/275/275
f 279/279/279 278/278/278 277/277/277
f 281/281/281 280/280/280 279/279/279
f 283/283/283 282/282/282 281/281/281
f 285/285/285 284/284/284 283/283/283
f 287/287/287 286/286/286 285/285/285
f 289/289/289 288/288/288 287/287/287
f 291/291/291 290/290/290 289/289/289
f 293/293/293 292/292/292 291/291/291
f 295/295/295 294/294/294 293/293/293
f 297/297/297 296/296/296 295/295/295
f 299/299/299 298/298/298 297/297/297
f 301/301/301 300/300/300 299/299/299
f 303/303/303 302/302/302 301/301/301
f 305/305/305 304/304/304 303/303/303
f 307/307/307 306/306/306 305/305/305
f 309/309/309 308/308/308 307/307/307
f 311/311/311 310/310/310 309/309/309
f 313/313/313 312/312/312 311/311/311
f 315/315/315 314/314/314 313/313/313
f 317/317/317 316/316/316 315/315/315
f 266/266/266 318/318/318 317/317/317
f 318/318/318 266/266/266 265/265/265
f 316/316/316 317/317/317 318/318/318
f 314/314/314 315/315/315 316/316/316
f 312/312/312 313/313/313 314/314/314
f 310/310/310 311/311/311 312/312/312
f 308/308/308 309/309/309 310/310/310
f 306/306/306 307/307/307 308/308/308
f 304/304/304 305/305/305 306/306/306
f 302/302/302 303/303/303 304/304/304
f 300/300/300 301/301/301 302/302/302
f 298/298/298 299/299/299 300/300/300
f 296/296/296 297/297/297 298/298/298
f 294/294/294 295/295/295 296/296/296
f 292/292/292 293/293/293 294/294/294
f 290/290/290 291/291/291 292/292/292
f 288/288/288 289/289/289 290/290/290
f 286/286/286 287/287/287 288/288/288
f 284/284/284 285/285/285 286/286/286
f 282/282/282 283/283/283 284/284/284
f 280/280/280 281/281/281 282/282/282
f 278/278/278 279/279/279 280/280/280
f 276/276/276 277/277/277 278/278/278
f 274/274/274 275/275/275 276/276/276
f 272/272/272 273/273/273 274/274/274
f 270/270/270 271/271/271 272/272/272
f 268/268/268 269/269/269 270/270/270
f 265/265/265 267/267/267 268/268/268
