# Wavefront .OBJ file for tesselated shape: shoulder-1/Racer 999_PMPMP0000030245-1 path: D:\OneDrive - Università degli Studi di Parma\Altro\Robot_cadsim\Comau_Racer_7_1.0\cad\Racer 999_PMPMP0000030245.sldprt

g body_1
v 0.000000 0.000000 0.016250
v 0.062785 0.016823 0.016250
v 0.056292 0.032500 0.016250
v 0.045962 0.045962 0.016250
v 0.032500 0.056292 0.016250
v 0.016823 0.062785 0.016250
v 0.000000 0.065000 0.016250
v -0.016823 0.062785 0.016250
v -0.032500 0.056292 0.016250
v -0.045962 0.045962 0.016250
v -0.056292 0.032500 0.016250
v -0.062785 0.016823 0.016250
v -0.065000 0.000000 0.016250
v -0.062785 -0.016823 0.016250
v -0.056292 -0.032500 0.016250
v -0.045962 -0.045962 0.016250
v -0.032500 -0.056292 0.016250
v -0.016823 -0.062785 0.016250
v 0.000000 -0.065000 0.016250
v 0.016823 -0.062785 0.016250
v 0.032500 -0.056292 0.016250
v 0.045962 -0.045962 0.016250
v 0.056292 -0.032500 0.016250
v 0.062785 -0.016823 0.016250
v 0.065000 0.000000 0.016250
v 0.065000 0.000000 0.016250
v 0.065000 0.000000 0.012750
v 0.062785 0.016823 0.012750
v 0.062785 0.016823 0.016250
v 0.056292 0.032500 0.012750
v 0.056292 0.032500 0.016250
v 0.045962 0.045962 0.012750
v 0.045962 0.045962 0.016250
v 0.032500 0.056292 0.012750
v 0.032500 0.056292 0.016250
v 0.016823 0.062785 0.012750
v 0.016823 0.062785 0.016250
v 0.000000 0.065000 0.012750
v 0.000000 0.065000 0.016250
v -0.016823 0.062785 0.012750
v -0.016823 0.062785 0.016250
v -0.032500 0.056292 0.012750
v -0.032500 0.056292 0.016250
v -0.045962 0.045962 0.012750
v -0.045962 0.045962 0.016250
v -0.056292 0.032500 0.012750
v -0.056292 0.032500 0.016250
v -0.062785 0.016823 0.012750
v -0.062785 0.016823 0.016250
v -0.065000 0.000000 0.012750
v -0.065000 0.000000 0.016250
v -0.062785 -0.016823 0.012750
v -0.062785 -0.016823 0.016250
v -0.056292 -0.032500 0.012750
v -0.056292 -0.032500 0.016250
v -0.045962 -0.045962 0.012750
v -0.045962 -0.045962 0.016250
v -0.032500 -0.056292 0.012750
v -0.032500 -0.056292 0.016250
v -0.016823 -0.062785 0.012750
v -0.016823 -0.062785 0.016250
v 0.000000 -0.065000 0.012750
v 0.000000 -0.065000 0.016250
v 0.016823 -0.062785 0.012750
v 0.016823 -0.062785 0.016250
v 0.032500 -0.056292 0.012750
v 0.032500 -0.056292 0.016250
v 0.045962 -0.045962 0.012750
v 0.045962 -0.045962 0.016250
v 0.056292 -0.032500 0.012750
v 0.056292 -0.032500 0.016250
v 0.062785 -0.016823 0.012750
v 0.062785 -0.016823 0.016250
v 0.000000 -0.071000 0.012750
v 0.053140 -0.061336 0.012750
v 0.016823 -0.062785 0.012750
v 0.052336 -0.058336 0.012750
v 0.032500 -0.056292 0.012750
v 0.061336 -0.053140 0.012750
v 0.062785 -0.016823 0.012750
v 0.056292 -0.032500 0.012750
v 0.071000 0.000000 0.012750
v 0.065000 0.000000 0.012750
v 0.045962 -0.045962 0.012750
v 0.055336 -0.053140 0.012750
v 0.053140 -0.055336 0.012750
v 0.055336 -0.063532 0.012750
v 0.059000 -0.071000 0.012750
v 0.058336 -0.064336 0.012750
v 0.065000 -0.069392 0.012750
v 0.061336 -0.063532 0.012750
v 0.069392 -0.065000 0.012750
v 0.063532 -0.061336 0.012750
v 0.071000 -0.059000 0.012750
v 0.064336 -0.058336 0.012750
v 0.000000 -0.065000 0.012750
v 0.063532 -0.055336 0.012750
v 0.058336 -0.052336 0.012750
v -0.071000 -0.059000 0.012750
v -0.069392 -0.065000 0.012750
v -0.063532 -0.061336 0.012750
v -0.065000 -0.069392 0.012750
v -0.061336 -0.063532 0.012750
v -0.064336 -0.058336 0.012750
v -0.063532 -0.055336 0.012750
v -0.059000 -0.071000 0.012750
v -0.058336 -0.064336 0.012750
v -0.055336 -0.063532 0.012750
v -0.053140 -0.061336 0.012750
v -0.016823 -0.062785 0.012750
v -0.032500 -0.056292 0.012750
v -0.071000 0.000000 0.012750
v -0.061336 -0.053140 0.012750
v -0.062785 -0.016823 0.012750
v -0.058336 -0.052336 0.012750
v -0.056292 -0.032500 0.012750
v -0.055336 -0.053140 0.012750
v -0.052336 -0.058336 0.012750
v -0.045962 -0.045962 0.012750
v -0.053140 -0.055336 0.012750
v -0.065000 0.000000 0.012750
v -0.059000 0.071000 0.012750
v -0.065000 0.069392 0.012750
v -0.061336 0.063532 0.012750
v -0.069392 0.065000 0.012750
v -0.063532 0.061336 0.012750
v -0.061336 0.053140 0.012750
v -0.062785 0.016823 0.012750
v -0.056292 0.032500 0.012750
v -0.045962 0.045962 0.012750
v -0.055336 0.053140 0.012750
v -0.058336 0.064336 0.012750
v -0.055336 0.063532 0.012750
v -0.053140 0.055336 0.012750
v -0.032500 0.056292 0.012750
v -0.052336 0.058336 0.012750
v 0.000000 0.071000 0.012750
v -0.053140 0.061336 0.012750
v -0.016823 0.062785 0.012750
v -0.071000 0.059000 0.012750
v -0.064336 0.058336 0.012750
v -0.063532 0.055336 0.012750
v -0.058336 0.052336 0.012750
v 0.053140 0.061336 0.012750
v 0.016823 0.062785 0.012750
v 0.032500 0.056292 0.012750
v 0.000000 0.065000 0.012750
v 0.045962 0.045962 0.012750
v 0.053140 0.055336 0.012750
v 0.059000 0.071000 0.012750
v 0.058336 0.064336 0.012750
v 0.061336 0.063532 0.012750
v 0.055336 0.063532 0.012750
v 0.052336 0.058336 0.012750
v 0.056292 0.032500 0.012750
v 0.058336 0.052336 0.012750
v 0.055336 0.053140 0.012750
v 0.065000 0.069392 0.012750
v 0.063532 0.061336 0.012750
v 0.061336 0.053140 0.012750
v 0.062785 0.016823 0.012750
v 0.063532 0.055336 0.012750
v 0.071000 0.059000 0.012750
v 0.069392 0.065000 0.012750
v 0.064336 0.058336 0.012750
v 0.071000 0.059000 0.012750
v 0.071000 0.059000 0.000750
v 0.069392 0.065000 0.000750
v 0.069392 0.065000 0.012750
v 0.065000 0.069392 0.000750
v 0.065000 0.069392 0.012750
v 0.059000 0.071000 0.000750
v 0.059000 0.071000 0.012750
v 0.063532 0.055336 0.012750
v 0.064336 0.058336 0.012750
v 0.064336 0.058336 0.000750
v 0.061336 0.053140 0.012750
v 0.063532 0.055336 0.000750
v 0.058336 0.052336 0.012750
v 0.061336 0.053140 0.000750
v 0.055336 0.053140 0.012750
v 0.058336 0.052336 0.000750
v 0.053140 0.055336 0.012750
v 0.055336 0.053140 0.000750
v 0.052336 0.058336 0.012750
v 0.053140 0.055336 0.000750
v 0.053140 0.061336 0.012750
v 0.052336 0.058336 0.000750
v 0.055336 0.063532 0.012750
v 0.053140 0.061336 0.000750
v 0.058336 0.064336 0.012750
v 0.055336 0.063532 0.000750
v 0.061336 0.063532 0.012750
v 0.058336 0.064336 0.000750
v 0.063532 0.061336 0.012750
v 0.061336 0.063532 0.000750
v 0.063532 0.061336 0.000750
v 0.059000 -0.071000 0.012750
v 0.059000 -0.071000 0.000750
v 0.065000 -0.069392 0.000750
v 0.065000 -0.069392 0.012750
v 0.069392 -0.065000 0.000750
v 0.069392 -0.065000 0.012750
v 0.071000 -0.059000 0.000750
v 0.071000 -0.059000 0.012750
v 0.063532 -0.061336 0.012750
v 0.064336 -0.058336 0.012750
v 0.064336 -0.058336 0.000750
v 0.061336 -0.063532 0.012750
v 0.063532 -0.061336 0.000750
v 0.058336 -0.064336 0.012750
v 0.061336 -0.063532 0.000750
v 0.055336 -0.063532 0.012750
v 0.058336 -0.064336 0.000750
v 0.053140 -0.061336 0.012750
v 0.055336 -0.063532 0.000750
v 0.052336 -0.058336 0.012750
v 0.053140 -0.061336 0.000750
v 0.053140 -0.055336 0.012750
v 0.052336 -0.058336 0.000750
v 0.055336 -0.053140 0.012750
v 0.053140 -0.055336 0.000750
v 0.058336 -0.052336 0.012750
v 0.055336 -0.053140 0.000750
v 0.061336 -0.053140 0.012750
v 0.058336 -0.052336 0.000750
v 0.063532 -0.055336 0.012750
v 0.061336 -0.053140 0.000750
v 0.063532 -0.055336 0.000750
v -0.059000 0.071000 0.012750
v -0.059000 0.071000 0.000750
v -0.065000 0.069392 0.000750
v -0.065000 0.069392 0.012750
v -0.069392 0.065000 0.000750
v -0.069392 0.065000 0.012750
v -0.071000 0.059000 0.000750
v -0.071000 0.059000 0.012750
v -0.053140 0.055336 0.012750
v -0.052336 0.058336 0.012750
v -0.052336 0.058336 0.000750
v -0.055336 0.053140 0.012750
v -0.053140 0.055336 0.000750
v -0.058336 0.052336 0.012750
v -0.055336 0.053140 0.000750
v -0.061336 0.053140 0.012750
v -0.058336 0.052336 0.000750
v -0.063532 0.055336 0.012750
v -0.061336 0.053140 0.000750
v -0.064336 0.058336 0.012750
v -0.063532 0.055336 0.000750
v -0.063532 0.061336 0.012750
v -0.064336 0.058336 0.000750
v -0.061336 0.063532 0.012750
v -0.063532 0.061336 0.000750
v -0.058336 0.064336 0.012750
v -0.061336 0.063532 0.000750
v -0.055336 0.063532 0.012750
v -0.058336 0.064336 0.000750
v -0.053140 0.061336 0.012750
v -0.055336 0.063532 0.000750
v -0.053140 0.061336 0.000750
v -0.071000 -0.059000 0.012750
v -0.071000 -0.059000 0.000750
v -0.069392 -0.065000 0.000750
v -0.069392 -0.065000 0.012750
v -0.065000 -0.069392 0.000750
v -0.065000 -0.069392 0.012750
v -0.059000 -0.071000 0.000750
v -0.059000 -0.071000 0.012750
v -0.053140 -0.061336 0.012750
v -0.052336 -0.058336 0.012750
v -0.052336 -0.058336 0.000750
v -0.055336 -0.063532 0.012750
v -0.053140 -0.061336 0.000750
v -0.058336 -0.064336 0.012750
v -0.055336 -0.063532 0.000750
v -0.061336 -0.063532 0.012750
v -0.058336 -0.064336 0.000750
v -0.063532 -0.061336 0.012750
v -0.061336 -0.063532 0.000750
v -0.064336 -0.058336 0.012750
v -0.063532 -0.061336 0.000750
v -0.063532 -0.055336 0.012750
v -0.064336 -0.058336 0.000750
v -0.061336 -0.053140 0.012750
v -0.063532 -0.055336 0.000750
v -0.058336 -0.052336 0.012750
v -0.061336 -0.053140 0.000750
v -0.055336 -0.053140 0.012750
v -0.058336 -0.052336 0.000750
v -0.053140 -0.055336 0.012750
v -0.055336 -0.053140 0.000750
v -0.053140 -0.055336 0.000750
v -0.042000 0.071000 -0.185250
v 0.000000 0.071000 0.012750
v 0.042000 0.071000 0.000750
v -0.042000 0.071000 0.000750
v 0.059000 0.071000 0.012750
v 0.059000 0.071000 0.000750
v -0.059000 0.071000 0.012750
v 0.042000 0.071000 -0.185250
v -0.059000 0.071000 0.000750
v -0.042000 0.063630 -0.185250
v -0.042000 0.063630 0.000750
v -0.042000 0.071000 0.000750
v -0.042000 0.071000 -0.185250
v -0.065000 0.069392 0.000750
v -0.061336 0.063532 0.000750
v -0.063532 0.061336 0.000750
v -0.059000 0.071000 0.000750
v -0.058336 0.064336 0.000750
v -0.053140 0.061336 0.000750
v -0.042000 0.071000 0.000750
v -0.042000 0.063630 0.000750
v -0.046425 0.053950 0.000750
v -0.053140 0.055336 0.000750
v -0.052336 0.058336 0.000750
v -0.055336 0.063532 0.000750
v -0.053950 0.046425 0.000750
v -0.055336 0.053140 0.000750
v -0.063630 0.042000 0.000750
v -0.058336 0.052336 0.000750
v -0.061336 0.053140 0.000750
v -0.071000 0.042000 0.000750
v -0.063532 0.055336 0.000750
v -0.071000 0.059000 0.000750
v -0.064336 0.058336 0.000750
v -0.069392 0.065000 0.000750
v -0.071000 0.042000 -0.185250
v -0.071000 0.042000 0.000750
v -0.063630 0.042000 0.000750
v -0.063630 0.042000 -0.185250
v -0.053950 0.046425 -0.185250
v -0.063630 0.042000 -0.185250
v -0.063630 0.042000 0.000750
v -0.046425 0.053950 -0.185250
v -0.053950 0.046425 0.000750
v -0.042000 0.063630 -0.185250
v -0.046425 0.053950 0.000750
v -0.042000 0.063630 0.000750
v -0.071000 -0.042000 -0.185250
v -0.071000 0.000000 0.012750
v -0.071000 0.042000 0.000750
v -0.071000 -0.042000 0.000750
v -0.071000 0.059000 0.012750
v -0.071000 0.059000 0.000750
v -0.071000 -0.059000 0.012750
v -0.071000 0.042000 -0.185250
v -0.071000 -0.059000 0.000750
v 0.042000 0.063630 -0.185250
v 0.042000 0.071000 -0.185250
v 0.042000 0.071000 0.000750
v 0.042000 0.063630 0.000750
v 0.059000 0.071000 0.000750
v 0.058336 0.064336 0.000750
v 0.055336 0.063532 0.000750
v 0.065000 0.069392 0.000750
v 0.061336 0.063532 0.000750
v 0.069392 0.065000 0.000750
v 0.063532 0.061336 0.000750
v 0.071000 0.059000 0.000750
v 0.064336 0.058336 0.000750
v 0.071000 0.042000 0.000750
v 0.063532 0.055336 0.000750
v 0.053950 0.046425 0.000750
v 0.055336 0.053140 0.000750
v 0.058336 0.052336 0.000750
v 0.046425 0.053950 0.000750
v 0.053140 0.055336 0.000750
v 0.053140 0.061336 0.000750
v 0.052336 0.058336 0.000750
v 0.042000 0.063630 0.000750
v 0.061336 0.053140 0.000750
v 0.063630 0.042000 0.000750
v 0.042000 0.071000 0.000750
v 0.046425 0.053950 -0.185250
v 0.042000 0.063630 -0.185250
v 0.042000 0.063630 0.000750
v 0.053950 0.046425 -0.185250
v 0.046425 0.053950 0.000750
v 0.063630 0.042000 -0.185250
v 0.053950 0.046425 0.000750
v 0.063630 0.042000 0.000750
v 0.063630 0.042000 -0.185250
v 0.063630 0.042000 0.000750
v 0.071000 0.042000 0.000750
v 0.071000 0.042000 -0.185250
v -0.071000 -0.042000 -0.185250
v -0.063630 -0.042000 -0.185250
v -0.063630 -0.042000 0.000750
v -0.071000 -0.042000 0.000750
v -0.053140 -0.061336 0.000750
v -0.052336 -0.058336 0.000750
v -0.042000 -0.063630 0.000750
v -0.059000 -0.071000 0.000750
v -0.058336 -0.064336 0.000750
v -0.055336 -0.063532 0.000750
v -0.065000 -0.069392 0.000750
v -0.061336 -0.063532 0.000750
v -0.069392 -0.065000 0.000750
v -0.063532 -0.061336 0.000750
v -0.071000 -0.059000 0.000750
v -0.064336 -0.058336 0.000750
v -0.046425 -0.053950 0.000750
v -0.042000 -0.071000 0.000750
v -0.061336 -0.053140 0.000750
v -0.071000 -0.042000 0.000750
v -0.063630 -0.042000 0.000750
v -0.053950 -0.046425 0.000750
v -0.055336 -0.053140 0.000750
v -0.058336 -0.052336 0.000750
v -0.053140 -0.055336 0.000750
v -0.063532 -0.055336 0.000750
v -0.046425 -0.053950 -0.185250
v -0.042000 -0.063630 -0.185250
v -0.042000 -0.063630 0.000750
v -0.053950 -0.046425 -0.185250
v -0.046425 -0.053950 0.000750
v -0.063630 -0.042000 -0.185250
v -0.053950 -0.046425 0.000750
v -0.063630 -0.042000 0.000750
v -0.042000 -0.071000 -0.185250
v -0.042000 -0.071000 0.000750
v -0.042000 -0.063630 0.000750
v -0.042000 -0.063630 -0.185250
v 0.042000 -0.071000 -0.185250
v 0.000000 -0.071000 0.012750
v -0.042000 -0.071000 0.000750
v 0.059000 -0.071000 0.012750
v 0.042000 -0.071000 0.000750
v -0.042000 -0.071000 -0.185250
v -0.059000 -0.071000 0.012750
v -0.059000 -0.071000 0.000750
v 0.059000 -0.071000 0.000750
v 0.042000 -0.063630 -0.185250
v 0.042000 -0.063630 0.000750
v 0.042000 -0.071000 0.000750
v 0.042000 -0.071000 -0.185250
v -0.053950 0.046425 -0.185250
v -0.046425 0.053950 -0.185250
v 0.053950 -0.046425 -0.185250
v 0.046425 -0.053950 -0.185250
v -0.063630 0.042000 -0.185250
v 0.042000 -0.063630 -0.185250
v 0.063630 -0.042000 -0.185250
v -0.042000 0.063630 -0.185250
v 0.042000 -0.071000 -0.185250
v -0.042000 -0.071000 -0.185250
v -0.042000 -0.063630 -0.185250
v 0.046425 0.053950 -0.185250
v 0.053950 0.046425 -0.185250
v -0.042000 0.071000 -0.185250
v 0.042000 0.071000 -0.185250
v 0.042000 0.063630 -0.185250
v 0.071000 0.042000 -0.185250
v 0.071000 -0.042000 -0.185250
v -0.046425 -0.053950 -0.185250
v 0.063630 0.042000 -0.185250
v -0.071000 -0.042000 -0.185250
v -0.071000 0.042000 -0.185250
v -0.053950 -0.046425 -0.185250
v -0.063630 -0.042000 -0.185250
v 0.071000 -0.059000 0.000750
v 0.064336 -0.058336 0.000750
v 0.063532 -0.055336 0.000750
v 0.069392 -0.065000 0.000750
v 0.063532 -0.061336 0.000750
v 0.065000 -0.069392 0.000750
v 0.061336 -0.063532 0.000750
v 0.059000 -0.071000 0.000750
v 0.058336 -0.064336 0.000750
v 0.042000 -0.071000 0.000750
v 0.055336 -0.063532 0.000750
v 0.053140 -0.061336 0.000750
v 0.042000 -0.063630 0.000750
v 0.053950 -0.046425 0.000750
v 0.055336 -0.053140 0.000750
v 0.053140 -0.055336 0.000750
v 0.063630 -0.042000 0.000750
v 0.058336 -0.052336 0.000750
v 0.061336 -0.053140 0.000750
v 0.052336 -0.058336 0.000750
v 0.046425 -0.053950 0.000750
v 0.071000 -0.042000 0.000750
v 0.063630 -0.042000 -0.185250
v 0.071000 -0.042000 -0.185250
v 0.071000 -0.042000 0.000750
v 0.063630 -0.042000 0.000750
v 0.053950 -0.046425 -0.185250
v 0.063630 -0.042000 -0.185250
v 0.063630 -0.042000 0.000750
v 0.046425 -0.053950 -0.185250
v 0.053950 -0.046425 0.000750
v 0.042000 -0.063630 -0.185250
v 0.046425 -0.053950 0.000750
v 0.042000 -0.063630 0.000750
v 0.071000 -0.007485 -0.173850
v 0.071000 0.042000 -0.185250
v 0.071000 0.009650 -0.175100
v 0.071000 0.030350 -0.175100
v 0.071000 -0.042000 -0.185250
v 0.071000 -0.009650 -0.175100
v 0.071000 0.031307 -0.174910
v 0.071000 -0.030350 -0.175100
v 0.071000 0.032118 -0.174368
v 0.071000 0.042000 0.000750
v 0.071000 -0.008400 -0.149735
v 0.071000 -0.007485 -0.150650
v 0.071000 0.000000 0.012750
v 0.071000 -0.009650 -0.149400
v 0.071000 -0.042000 0.000750
v 0.071000 -0.032850 -0.172600
v 0.071000 -0.032850 -0.151900
v 0.071000 -0.008400 -0.174765
v 0.071000 0.007150 -0.151900
v 0.071000 -0.007150 -0.151900
v 0.071000 -0.007150 -0.172600
v 0.071000 0.008693 -0.174910
v 0.071000 0.009650 -0.149400
v 0.071000 -0.030350 -0.149400
v 0.071000 -0.032660 -0.173557
v 0.071000 -0.031307 -0.174910
v 0.071000 0.007340 -0.173557
v 0.071000 0.007150 -0.172600
v 0.071000 0.007882 -0.174368
v 0.071000 0.032850 -0.151900
v 0.071000 0.031600 -0.149735
v 0.071000 0.032515 -0.150650
v 0.071000 0.030350 -0.149400
v 0.071000 -0.031600 -0.149735
v 0.071000 -0.032118 -0.174368
v 0.071000 0.032660 -0.173557
v 0.071000 0.032850 -0.172600
v 0.071000 -0.032515 -0.150650
v 0.071000 0.007485 -0.150650
v 0.071000 0.008400 -0.149735
v 0.071000 0.059000 0.012750
v 0.071000 -0.059000 0.012750
v 0.071000 -0.059000 0.000750
v 0.071000 0.059000 0.000750
v 0.071000 0.032850 -0.172600
v 0.073500 0.032850 -0.172600
v 0.073500 0.032660 -0.173557
v 0.071000 0.032660 -0.173557
v 0.073500 0.032118 -0.174368
v 0.071000 0.032118 -0.174368
v 0.073500 0.031307 -0.174910
v 0.071000 0.031307 -0.174910
v 0.073500 0.030350 -0.175100
v 0.071000 0.030350 -0.175100
v 0.073500 0.030350 -0.175100
v 0.073500 0.009650 -0.175100
v 0.071000 0.009650 -0.175100
v 0.071000 0.030350 -0.175100
v 0.071000 0.009650 -0.175100
v 0.073500 0.009650 -0.175100
v 0.073500 0.008693 -0.174910
v 0.071000 0.008693 -0.174910
v 0.073500 0.007882 -0.174368
v 0.071000 0.007882 -0.174368
v 0.073500 0.007340 -0.173557
v 0.071000 0.007340 -0.173557
v 0.073500 0.007150 -0.172600
v 0.071000 0.007150 -0.172600
v 0.073500 0.007150 -0.172600
v 0.073500 0.007150 -0.151900
v 0.071000 0.007150 -0.151900
v 0.071000 0.007150 -0.172600
v 0.071000 0.007150 -0.151900
v 0.073500 0.007150 -0.151900
v 0.073500 0.007485 -0.150650
v 0.071000 0.007485 -0.150650
v 0.073500 0.008400 -0.149735
v 0.071000 0.008400 -0.149735
v 0.073500 0.009650 -0.149400
v 0.071000 0.009650 -0.149400
v 0.071000 0.009650 -0.149400
v 0.073500 0.009650 -0.149400
v 0.073500 0.030350 -0.149400
v 0.071000 0.030350 -0.149400
v 0.071000 0.030350 -0.149400
v 0.073500 0.030350 -0.149400
v 0.073500 0.031600 -0.149735
v 0.071000 0.031600 -0.149735
v 0.073500 0.032515 -0.150650
v 0.071000 0.032515 -0.150650
v 0.073500 0.032850 -0.151900
v 0.071000 0.032850 -0.151900
v 0.073500 0.032850 -0.151900
v 0.073500 0.032850 -0.172600
v 0.071000 0.032850 -0.172600
v 0.071000 0.032850 -0.151900
v 0.073500 0.030392 -0.168250
v 0.073500 0.032118 -0.174368
v 0.073500 0.032660 -0.173557
v 0.073500 0.030350 -0.149400
v 0.073500 0.009650 -0.149400
v 0.073500 0.020000 -0.150250
v 0.073500 0.009608 -0.156250
v 0.073500 0.008400 -0.149735
v 0.073500 0.007485 -0.150650
v 0.073500 0.014000 -0.151858
v 0.073500 0.009608 -0.168250
v 0.073500 0.007150 -0.172600
v 0.073500 0.007340 -0.173557
v 0.073500 0.009650 -0.175100
v 0.073500 0.030350 -0.175100
v 0.073500 0.020000 -0.174250
v 0.073500 0.031307 -0.174910
v 0.073500 0.026000 -0.172642
v 0.073500 0.030392 -0.156250
v 0.073500 0.031600 -0.149735
v 0.073500 0.032850 -0.151900
v 0.073500 0.032515 -0.150650
v 0.073500 0.008693 -0.174910
v 0.073500 0.007882 -0.174368
v 0.073500 0.007150 -0.151900
v 0.073500 0.032850 -0.172600
v 0.073500 0.026000 -0.151858
v 0.073500 0.014000 -0.172642
v 0.073500 0.008000 -0.162250
v 0.073500 0.032000 -0.162250
v 0.073500 -0.030350 -0.149400
v 0.073500 -0.009650 -0.149400
v 0.071000 -0.009650 -0.149400
v 0.071000 -0.030350 -0.149400
v 0.071000 -0.009650 -0.149400
v 0.073500 -0.009650 -0.149400
v 0.073500 -0.008400 -0.149735
v 0.071000 -0.008400 -0.149735
v 0.073500 -0.007485 -0.150650
v 0.071000 -0.007485 -0.150650
v 0.073500 -0.007150 -0.151900
v 0.071000 -0.007150 -0.151900
v 0.073500 -0.007150 -0.151900
v 0.073500 -0.007150 -0.172600
v 0.071000 -0.007150 -0.172600
v 0.071000 -0.007150 -0.151900
v 0.071000 -0.007150 -0.172600
v 0.073500 -0.007150 -0.172600
v 0.073500 -0.007485 -0.173850
v 0.071000 -0.007485 -0.173850
v 0.073500 -0.008400 -0.174765
v 0.071000 -0.008400 -0.174765
v 0.073500 -0.009650 -0.175100
v 0.071000 -0.009650 -0.175100
v 0.071000 -0.009650 -0.175100
v 0.073500 -0.009650 -0.175100
v 0.073500 -0.030350 -0.175100
v 0.071000 -0.030350 -0.175100
v 0.071000 -0.030350 -0.175100
v 0.073500 -0.030350 -0.175100
v 0.073500 -0.031307 -0.174910
v 0.071000 -0.031307 -0.174910
v 0.073500 -0.032118 -0.174368
v 0.071000 -0.032118 -0.174368
v 0.073500 -0.032660 -0.173557
v 0.071000 -0.032660 -0.173557
v 0.073500 -0.032850 -0.172600
v 0.071000 -0.032850 -0.172600
v 0.073500 -0.032850 -0.172600
v 0.073500 -0.032850 -0.151900
v 0.071000 -0.032850 -0.151900
v 0.071000 -0.032850 -0.172600
v 0.071000 -0.032850 -0.151900
v 0.073500 -0.032850 -0.151900
v 0.073500 -0.032515 -0.150650
v 0.071000 -0.032515 -0.150650
v 0.073500 -0.031600 -0.149735
v 0.071000 -0.031600 -0.149735
v 0.073500 -0.030350 -0.149400
v 0.071000 -0.030350 -0.149400
v 0.073500 -0.009650 -0.149400
v 0.073500 -0.030350 -0.149400
v 0.073500 -0.020000 -0.150250
v 0.073500 -0.030392 -0.156250
v 0.073500 -0.031600 -0.149735
v 0.073500 -0.032515 -0.150650
v 0.073500 -0.026000 -0.151858
v 0.073500 -0.030392 -0.168250
v 0.073500 -0.032850 -0.172600
v 0.073500 -0.032660 -0.173557
v 0.073500 -0.030350 -0.175100
v 0.073500 -0.009650 -0.175100
v 0.073500 -0.020000 -0.174250
v 0.073500 -0.009608 -0.168250
v 0.073500 -0.008400 -0.174765
v 0.073500 -0.007485 -0.173850
v 0.073500 -0.014000 -0.172642
v 0.073500 -0.009608 -0.156250
v 0.073500 -0.008400 -0.149735
v 0.073500 -0.007150 -0.151900
v 0.073500 -0.007485 -0.150650
v 0.073500 -0.031307 -0.174910
v 0.073500 -0.032118 -0.174368
v 0.073500 -0.032850 -0.151900
v 0.073500 -0.007150 -0.172600
v 0.073500 -0.014000 -0.151858
v 0.073500 -0.026000 -0.172642
v 0.073500 -0.032000 -0.162250
v 0.073500 -0.008000 -0.162250
v 0.073500 0.020000 -0.174250
v 0.073500 0.026000 -0.172642
v 0.077923 0.023190 -0.173818
v 0.079070 0.026000 -0.172642
v 0.077500 0.020000 -0.174250
v 0.077922 0.016811 -0.173819
v 0.073500 0.014000 -0.172642
v 0.073500 0.009608 -0.168250
v 0.081500 0.010945 -0.170124
v 0.081905 0.010592 -0.169699
v 0.079129 0.013896 -0.172581
v 0.073500 0.008000 -0.162250
v 0.086776 0.008117 -0.163919
v 0.087139 0.008031 -0.163119
v 0.085786 0.008409 -0.165357
v 0.083583 0.009415 -0.167904
v 0.083268 0.009605 -0.168246
v 0.083655 0.009374 -0.156675
v 0.083278 0.009599 -0.156264
v 0.087288 0.008000 -0.162250
v 0.087137 0.008032 -0.161375
v 0.085511 0.008507 -0.158799
v 0.073500 0.009608 -0.156250
v 0.081500 0.010945 -0.154376
v 0.079070 0.014000 -0.151858
v 0.081905 0.010592 -0.154801
v 0.073500 0.020000 -0.150250
v 0.073500 0.014000 -0.151858
v 0.077923 0.016810 -0.150682
v 0.077500 0.020000 -0.150250
v 0.077922 0.023189 -0.150681
v 0.073500 0.026000 -0.151858
v 0.073500 0.030392 -0.156250
v 0.081500 0.029055 -0.154376
v 0.081905 0.029408 -0.154801
v 0.079129 0.026104 -0.151919
v 0.073500 0.032000 -0.162250
v 0.085795 0.031594 -0.159155
v 0.087147 0.031970 -0.161407
v 0.083583 0.030585 -0.156596
v 0.083268 0.030395 -0.156254
v 0.083604 0.030597 -0.167881
v 0.083264 0.030392 -0.168250
v 0.087283 0.031999 -0.162396
v 0.086838 0.031899 -0.163804
v 0.086036 0.031673 -0.165031
v 0.073500 0.030392 -0.168250
v 0.081500 0.029055 -0.170124
v 0.081905 0.029408 -0.169699
v 0.073500 -0.008000 -0.162250
v 0.086776 -0.008116 -0.160583
v 0.087140 -0.008031 -0.161384
v 0.085788 -0.008408 -0.159146
v 0.083583 -0.009415 -0.156596
v 0.073500 -0.009608 -0.156250
v 0.083270 -0.009604 -0.156256
v 0.083598 -0.009407 -0.167888
v 0.083264 -0.009608 -0.168250
v 0.087288 -0.008000 -0.162250
v 0.087138 -0.008032 -0.163121
v 0.085513 -0.008506 -0.165698
v 0.073500 -0.009608 -0.168250
v 0.081032 -0.011395 -0.170613
v 0.079070 -0.014000 -0.172642
v 0.073500 -0.020000 -0.174250
v 0.073500 -0.014000 -0.172642
v 0.077923 -0.016810 -0.173818
v 0.077500 -0.020000 -0.174250
v 0.077922 -0.023189 -0.173819
v 0.073500 -0.026000 -0.172642
v 0.073500 -0.030392 -0.168250
v 0.079129 -0.026104 -0.172581
v 0.081034 -0.028608 -0.170611
v 0.073500 -0.032000 -0.162250
v 0.086776 -0.031883 -0.163919
v 0.087139 -0.031969 -0.163119
v 0.085788 -0.031592 -0.165354
v 0.083583 -0.030585 -0.167904
v 0.083272 -0.030397 -0.168242
v 0.083598 -0.030593 -0.156612
v 0.083264 -0.030392 -0.156250
v 0.087288 -0.032000 -0.162250
v 0.087138 -0.031968 -0.161378
v 0.085515 -0.031495 -0.158804
v 0.073500 -0.030392 -0.156250
v 0.081028 -0.028602 -0.153883
v 0.079070 -0.026000 -0.151858
v 0.073500 -0.020000 -0.150250
v 0.073500 -0.026000 -0.151858
v 0.077923 -0.023190 -0.150682
v 0.077500 -0.020000 -0.150250
v 0.077922 -0.016811 -0.150681
v 0.073500 -0.014000 -0.151858
v 0.079129 -0.013896 -0.151919
v 0.081500 -0.010945 -0.154376
v 0.100298 0.026229 -0.138100
v 0.098124 0.028940 -0.171480
v 0.095792 0.030657 -0.169431
v 0.100298 0.026229 -0.173489
v 0.095792 0.030657 -0.138100
v 0.091455 0.032131 -0.166489
v 0.089678 0.032250 -0.166131
v 0.093041 0.031800 -0.167338
v 0.095792 0.009343 -0.138100
v 0.091463 0.007870 -0.166492
v 0.093777 0.008431 -0.167842
v 0.089678 0.007750 -0.138100
v 0.089678 0.007750 -0.166131
v 0.100298 0.013771 -0.138100
v 0.095786 0.009340 -0.169426
v 0.098130 0.011065 -0.171485
v 0.077940 0.016745 -0.174681
v 0.077922 0.016811 -0.173819
v 0.077500 0.020000 -0.174250
v 0.079129 0.013896 -0.173558
v 0.079129 0.013896 -0.172581
v 0.079129 0.026104 -0.173558
v 0.077942 0.023262 -0.174679
v 0.077923 0.023190 -0.173818
v 0.077500 0.020000 -0.175100
v 0.083591 0.030589 -0.169530
v 0.081905 0.029408 -0.169699
v 0.083264 0.030392 -0.168250
v 0.081376 0.028940 -0.171480
v 0.081500 0.029055 -0.170124
v 0.079070 0.026000 -0.172642
v 0.089678 0.032250 -0.138100
v 0.085795 0.031594 -0.159155
v 0.083583 0.030585 -0.156596
v 0.087147 0.031970 -0.161407
v 0.087283 0.031999 -0.162396
v 0.085601 0.031526 -0.167931
v 0.083604 0.030597 -0.167881
v 0.086036 0.031673 -0.165031
v 0.087904 0.032110 -0.166548
v 0.086838 0.031899 -0.163804
v 0.083583 0.030585 -0.138100
v 0.081500 0.029055 -0.154376
v 0.079129 0.026104 -0.151919
v 0.083268 0.030395 -0.156254
v 0.081905 0.029408 -0.154801
v 0.079129 0.026104 -0.138100
v 0.077922 0.023189 -0.150681
v 0.077500 0.020000 -0.150250
v 0.079129 0.013896 -0.138100
v 0.077500 0.020000 -0.138100
v 0.077923 0.016810 -0.150682
v 0.083583 0.009415 -0.138100
v 0.081905 0.010592 -0.154801
v 0.083278 0.009599 -0.156264
v 0.081500 0.010945 -0.154376
v 0.079070 0.014000 -0.151858
v 0.087139 0.008031 -0.163119
v 0.086776 0.008117 -0.163919
v 0.087288 0.008000 -0.162250
v 0.086332 0.008237 -0.167422
v 0.085786 0.008409 -0.165357
v 0.083583 0.009415 -0.167904
v 0.083583 0.009415 -0.169536
v 0.087906 0.007890 -0.166547
v 0.087137 0.008032 -0.161375
v 0.083655 0.009374 -0.156675
v 0.085511 0.008507 -0.158799
v 0.081370 0.011065 -0.171485
v 0.081905 0.010592 -0.169699
v 0.083268 0.009605 -0.168246
v 0.081500 0.010945 -0.170124
v 0.100298 0.013771 -0.173489
v 0.101212 0.014671 -0.138100
v 0.100298 0.013771 -0.138100
v 0.100298 0.013771 -0.173489
v 0.100688 0.014272 -0.173753
v 0.102451 0.015000 -0.138100
v 0.101212 0.014671 -0.173943
v 0.101806 0.014915 -0.174051
v 0.102451 0.015000 -0.174087
v 0.102451 0.015000 -0.138100
v 0.102451 0.015000 -0.174087
v 0.102500 0.015000 -0.174087
v 0.102500 0.015000 -0.138100
v 0.088578 0.010149 -0.170501
v 0.091463 0.007870 -0.166492
v 0.089678 0.007750 -0.166131
v 0.093777 0.008431 -0.167842
v 0.095786 0.009340 -0.169426
v 0.087906 0.007890 -0.166547
v 0.086332 0.008237 -0.167422
v 0.083583 0.009415 -0.169536
v 0.081370 0.011065 -0.171485
v 0.098130 0.011065 -0.171485
v 0.102500 0.016745 -0.174681
v 0.077500 0.020000 -0.175100
v 0.077942 0.023262 -0.174679
v 0.077940 0.016745 -0.174681
v 0.090858 0.029813 -0.170546
v 0.087904 0.032110 -0.166548
v 0.089678 0.032250 -0.166131
v 0.085601 0.031526 -0.167931
v 0.083591 0.030589 -0.169530
v 0.091455 0.032131 -0.166489
v 0.093041 0.031800 -0.167338
v 0.095792 0.030657 -0.169431
v 0.098124 0.028940 -0.171480
v 0.081376 0.028940 -0.171480
v 0.102500 0.023262 -0.174679
v 0.101806 0.025085 -0.174051
v 0.102451 0.025000 -0.174087
v 0.101212 0.025329 -0.173943
v 0.100687 0.025728 -0.173752
v 0.089120 0.024783 -0.174177
v 0.079129 0.026104 -0.173558
v 0.100298 0.026229 -0.173489
v 0.089119 0.015221 -0.174178
v 0.079129 0.013896 -0.173558
v 0.100688 0.014272 -0.173753
v 0.100298 0.013771 -0.173489
v 0.101212 0.014671 -0.173943
v 0.101806 0.014915 -0.174051
v 0.102500 0.015000 -0.174087
v 0.102451 0.015000 -0.174087
v 0.102500 0.025000 -0.174087
v 0.102500 0.025000 -0.138100
v 0.102500 0.025000 -0.174087
v 0.102451 0.025000 -0.174087
v 0.102451 0.025000 -0.138100
v 0.102500 0.015000 -0.138100
v 0.102500 0.023262 -0.174679
v 0.102500 0.025000 -0.174087
v 0.102500 0.015000 -0.174087
v 0.102500 0.016745 -0.174681
v 0.102500 0.025000 -0.138100
v 0.102451 0.025000 -0.138100
v 0.101806 0.025085 -0.174051
v 0.101212 0.025329 -0.173943
v 0.102451 0.025000 -0.174087
v 0.101212 0.025329 -0.138100
v 0.100687 0.025728 -0.173752
v 0.100298 0.026229 -0.173489
v 0.100298 0.026229 -0.138100
v 0.100298 0.026229 -0.138100
v 0.095792 0.030657 -0.138100
v 0.095400 0.029786 -0.138100
v 0.089678 0.032250 -0.138100
v 0.089750 0.031300 -0.138100
v 0.102500 0.025000 -0.138100
v 0.102451 0.025000 -0.138100
v 0.101050 0.020000 -0.138100
v 0.083583 0.030585 -0.138100
v 0.084100 0.029786 -0.138100
v 0.079129 0.026104 -0.138100
v 0.079964 0.025650 -0.138100
v 0.077500 0.020000 -0.138100
v 0.078450 0.020000 -0.138100
v 0.083583 0.009415 -0.138100
v 0.084100 0.010214 -0.138100
v 0.079964 0.014350 -0.138100
v 0.089678 0.007750 -0.138100
v 0.089750 0.008700 -0.138100
v 0.095792 0.009343 -0.138100
v 0.095400 0.010214 -0.138100
v 0.100298 0.013771 -0.138100
v 0.099536 0.014350 -0.138100
v 0.101212 0.014671 -0.138100
v 0.102451 0.015000 -0.138100
v 0.099536 0.025650 -0.138100
v 0.101212 0.025329 -0.138100
v 0.102500 0.015000 -0.138100
v 0.079129 0.013896 -0.138100
v 0.101050 0.020000 -0.127000
v 0.101050 0.020000 -0.138100
v 0.099536 0.025650 -0.138100
v 0.099536 0.025650 -0.127000
v 0.095400 0.029786 -0.138100
v 0.095400 0.029786 -0.127000
v 0.089750 0.031300 -0.138100
v 0.089750 0.031300 -0.127000
v 0.084100 0.029786 -0.138100
v 0.084100 0.029786 -0.127000
v 0.079964 0.025650 -0.138100
v 0.079964 0.025650 -0.127000
v 0.078450 0.020000 -0.138100
v 0.078450 0.020000 -0.127000
v 0.079964 0.014350 -0.138100
v 0.079964 0.014350 -0.127000
v 0.084100 0.010214 -0.138100
v 0.084100 0.010214 -0.127000
v 0.089750 0.008700 -0.138100
v 0.089750 0.008700 -0.127000
v 0.095400 0.010214 -0.138100
v 0.095400 0.010214 -0.127000
v 0.099536 0.014350 -0.138100
v 0.099536 0.014350 -0.127000
v 0.079964 0.025650 -0.127000
v 0.078450 0.020000 -0.127000
v 0.079000 0.020000 -0.127000
v 0.079964 0.014350 -0.127000
v 0.080440 0.014625 -0.127000
v 0.084100 0.010214 -0.127000
v 0.084375 0.010690 -0.127000
v 0.095400 0.029786 -0.127000
v 0.089750 0.031300 -0.127000
v 0.089750 0.030750 -0.127000
v 0.084100 0.029786 -0.127000
v 0.084375 0.029310 -0.127000
v 0.089750 0.008700 -0.127000
v 0.089750 0.009250 -0.127000
v 0.099536 0.025650 -0.127000
v 0.095125 0.029310 -0.127000
v 0.080440 0.025375 -0.127000
v 0.099060 0.025375 -0.127000
v 0.100500 0.020000 -0.127000
v 0.095400 0.010214 -0.127000
v 0.095125 0.010690 -0.127000
v 0.099536 0.014350 -0.127000
v 0.099060 0.014625 -0.127000
v 0.101050 0.020000 -0.127000
v 0.100500 0.020000 -0.121500
v 0.100500 0.020000 -0.127000
v 0.099060 0.025375 -0.127000
v 0.099060 0.025375 -0.121500
v 0.095125 0.029310 -0.127000
v 0.095125 0.029310 -0.121500
v 0.089750 0.030750 -0.127000
v 0.089750 0.030750 -0.121500
v 0.084375 0.029310 -0.127000
v 0.084375 0.029310 -0.121500
v 0.080440 0.025375 -0.127000
v 0.080440 0.025375 -0.121500
v 0.079000 0.020000 -0.127000
v 0.079000 0.020000 -0.121500
v 0.080440 0.014625 -0.127000
v 0.080440 0.014625 -0.121500
v 0.084375 0.010690 -0.127000
v 0.084375 0.010690 -0.121500
v 0.089750 0.009250 -0.127000
v 0.089750 0.009250 -0.121500
v 0.095125 0.010690 -0.127000
v 0.095125 0.010690 -0.121500
v 0.099060 0.014625 -0.127000
v 0.099060 0.014625 -0.121500
v 0.089750 0.030750 -0.121500
v 0.084375 0.029310 -0.121500
v 0.085200 0.027881 -0.121500
v 0.080440 0.025375 -0.121500
v 0.081869 0.024550 -0.121500
v 0.095125 0.029310 -0.121500
v 0.094300 0.027881 -0.121500
v 0.097631 0.024550 -0.121500
v 0.089750 0.029100 -0.121500
v 0.079000 0.020000 -0.121500
v 0.080650 0.020000 -0.121500
v 0.084375 0.010690 -0.121500
v 0.085200 0.012119 -0.121500
v 0.081869 0.015450 -0.121500
v 0.089750 0.009250 -0.121500
v 0.089750 0.010900 -0.121500
v 0.099060 0.014625 -0.121500
v 0.097631 0.015450 -0.121500
v 0.094300 0.012119 -0.121500
v 0.100500 0.020000 -0.121500
v 0.098850 0.020000 -0.121500
v 0.080440 0.014625 -0.121500
v 0.095125 0.010690 -0.121500
v 0.099060 0.025375 -0.121500
v 0.081869 0.015450 -0.130500
v 0.080650 0.020000 -0.130500
v 0.080650 0.020000 -0.121500
v 0.085200 0.012119 -0.130500
v 0.081869 0.015450 -0.121500
v 0.089750 0.010900 -0.130500
v 0.085200 0.012119 -0.121500
v 0.094300 0.012119 -0.130500
v 0.089750 0.010900 -0.121500
v 0.097631 0.015450 -0.130500
v 0.094300 0.012119 -0.121500
v 0.098850 0.020000 -0.130500
v 0.097631 0.015450 -0.121500
v 0.097631 0.024550 -0.130500
v 0.098850 0.020000 -0.121500
v 0.094300 0.027881 -0.130500
v 0.097631 0.024550 -0.121500
v 0.089750 0.029100 -0.130500
v 0.094300 0.027881 -0.121500
v 0.085200 0.027881 -0.130500
v 0.089750 0.029100 -0.121500
v 0.081869 0.024550 -0.130500
v 0.085200 0.027881 -0.121500
v 0.081869 0.024550 -0.121500
v 0.089750 0.020000 -0.130500
v 0.081869 0.015450 -0.130500
v 0.085200 0.012119 -0.130500
v 0.089750 0.010900 -0.130500
v 0.094300 0.012119 -0.130500
v 0.097631 0.015450 -0.130500
v 0.098850 0.020000 -0.130500
v 0.097631 0.024550 -0.130500
v 0.094300 0.027881 -0.130500
v 0.089750 0.029100 -0.130500
v 0.085200 0.027881 -0.130500
v 0.081869 0.024550 -0.130500
v 0.080650 0.020000 -0.130500
v 0.100298 -0.013771 -0.138100
v 0.098119 -0.011054 -0.171475
v 0.095792 -0.009343 -0.169431
v 0.100298 -0.013771 -0.173489
v 0.095792 -0.009343 -0.138100
v 0.091454 -0.007869 -0.166488
v 0.089678 -0.007750 -0.166131
v 0.093039 -0.008200 -0.167337
v 0.095792 -0.030657 -0.138100
v 0.091460 -0.032130 -0.166491
v 0.093771 -0.031571 -0.167838
v 0.089678 -0.032250 -0.138100
v 0.089678 -0.032250 -0.166131
v 0.100298 -0.026229 -0.138100
v 0.095786 -0.030660 -0.169426
v 0.098118 -0.028946 -0.171474
v 0.079129 -0.013896 -0.138100
v 0.077922 -0.016811 -0.150681
v 0.077500 -0.020000 -0.150250
v 0.079129 -0.013896 -0.151919
v 0.079129 -0.026104 -0.138100
v 0.077500 -0.020000 -0.138100
v 0.077923 -0.023190 -0.150682
v 0.083583 -0.030585 -0.138100
v 0.081028 -0.028602 -0.153883
v 0.083264 -0.030392 -0.156250
v 0.079070 -0.026000 -0.151858
v 0.087139 -0.031969 -0.163119
v 0.086776 -0.031883 -0.163919
v 0.087288 -0.032000 -0.162250
v 0.086325 -0.031761 -0.167426
v 0.085788 -0.031592 -0.165354
v 0.083583 -0.030585 -0.167904
v 0.083583 -0.030585 -0.169536
v 0.087903 -0.032110 -0.166548
v 0.087138 -0.031968 -0.161378
v 0.083598 -0.030593 -0.156612
v 0.085515 -0.031495 -0.158804
v 0.081382 -0.028946 -0.171474
v 0.081034 -0.028608 -0.170611
v 0.079129 -0.026104 -0.172581
v 0.083272 -0.030397 -0.168242
v 0.077942 -0.023262 -0.174679
v 0.077922 -0.023189 -0.173819
v 0.077500 -0.020000 -0.174250
v 0.079129 -0.026104 -0.173558
v 0.079129 -0.013896 -0.173558
v 0.077942 -0.016738 -0.174679
v 0.077923 -0.016810 -0.173818
v 0.077500 -0.020000 -0.175100
v 0.081032 -0.011395 -0.170613
v 0.083264 -0.009608 -0.168250
v 0.083591 -0.009411 -0.169530
v 0.081381 -0.011054 -0.171475
v 0.079070 -0.014000 -0.172642
v 0.089678 -0.007750 -0.138100
v 0.085788 -0.008408 -0.159146
v 0.083583 -0.009415 -0.156596
v 0.086776 -0.008116 -0.160583
v 0.087140 -0.008031 -0.161384
v 0.087288 -0.008000 -0.162250
v 0.087138 -0.008032 -0.163121
v 0.085603 -0.008473 -0.167930
v 0.083598 -0.009407 -0.167888
v 0.085513 -0.008506 -0.165698
v 0.087900 -0.007891 -0.166549
v 0.083583 -0.009415 -0.138100
v 0.081500 -0.010945 -0.154376
v 0.083270 -0.009604 -0.156256
v 0.100298 -0.026229 -0.173489
v 0.101212 -0.025329 -0.138100
v 0.100298 -0.026229 -0.138100
v 0.100298 -0.026229 -0.173489
v 0.100688 -0.025728 -0.173753
v 0.102451 -0.025000 -0.138100
v 0.101212 -0.025329 -0.173943
v 0.101806 -0.025085 -0.174051
v 0.102451 -0.025000 -0.174087
v 0.102451 -0.025000 -0.138100
v 0.102451 -0.025000 -0.174087
v 0.102500 -0.025000 -0.174087
v 0.102500 -0.025000 -0.138100
v 0.088584 -0.029856 -0.170495
v 0.091460 -0.032130 -0.166491
v 0.089678 -0.032250 -0.166131
v 0.093771 -0.031571 -0.167838
v 0.095786 -0.030660 -0.169426
v 0.087903 -0.032110 -0.166548
v 0.086325 -0.031761 -0.167426
v 0.083583 -0.030585 -0.169536
v 0.081382 -0.028946 -0.171474
v 0.098118 -0.028946 -0.171474
v 0.102500 -0.016738 -0.174679
v 0.102500 -0.023262 -0.174679
v 0.077942 -0.023262 -0.174679
v 0.077500 -0.020000 -0.175100
v 0.090855 -0.010184 -0.170543
v 0.087900 -0.007891 -0.166549
v 0.089678 -0.007750 -0.166131
v 0.085603 -0.008473 -0.167930
v 0.083591 -0.009411 -0.169530
v 0.091454 -0.007869 -0.166488
v 0.093039 -0.008200 -0.167337
v 0.095792 -0.009343 -0.169431
v 0.098119 -0.011054 -0.171475
v 0.081381 -0.011054 -0.171475
v 0.101806 -0.014915 -0.174051
v 0.102451 -0.015000 -0.174087
v 0.077942 -0.016738 -0.174679
v 0.101212 -0.014671 -0.173943
v 0.100687 -0.014272 -0.173752
v 0.089120 -0.015217 -0.174177
v 0.079129 -0.013896 -0.173558
v 0.100298 -0.013771 -0.173489
v 0.089120 -0.024783 -0.174177
v 0.079129 -0.026104 -0.173558
v 0.100688 -0.025728 -0.173753
v 0.100298 -0.026229 -0.173489
v 0.101212 -0.025329 -0.173943
v 0.101806 -0.025085 -0.174051
v 0.102500 -0.025000 -0.174087
v 0.102451 -0.025000 -0.174087
v 0.102500 -0.015000 -0.174087
v 0.102500 -0.015000 -0.138100
v 0.102500 -0.015000 -0.174087
v 0.102451 -0.015000 -0.174087
v 0.102451 -0.015000 -0.138100
v 0.102500 -0.015000 -0.138100
v 0.102500 -0.023262 -0.174679
v 0.102500 -0.016738 -0.174679
v 0.102500 -0.025000 -0.138100
v 0.102500 -0.025000 -0.174087
v 0.102500 -0.015000 -0.174087
v 0.102451 -0.015000 -0.138100
v 0.101806 -0.014915 -0.174051
v 0.101212 -0.014671 -0.173943
v 0.102451 -0.015000 -0.174087
v 0.101212 -0.014671 -0.138100
v 0.100687 -0.014272 -0.173752
v 0.100298 -0.013771 -0.173489
v 0.100298 -0.013771 -0.138100
v 0.089678 -0.007750 -0.138100
v 0.083583 -0.009415 -0.138100
v 0.084075 -0.010171 -0.138100
v 0.079129 -0.013896 -0.138100
v 0.079921 -0.014325 -0.138100
v 0.079129 -0.026104 -0.138100
v 0.079921 -0.025675 -0.138100
v 0.078400 -0.020000 -0.138100
v 0.083583 -0.030585 -0.138100
v 0.084075 -0.029829 -0.138100
v 0.102500 -0.015000 -0.138100
v 0.102451 -0.015000 -0.138100
v 0.101100 -0.020000 -0.138100
v 0.095792 -0.009343 -0.138100
v 0.089750 -0.008650 -0.138100
v 0.089678 -0.032250 -0.138100
v 0.089750 -0.031350 -0.138100
v 0.095792 -0.030657 -0.138100
v 0.095425 -0.029829 -0.138100
v 0.100298 -0.026229 -0.138100
v 0.099579 -0.025675 -0.138100
v 0.101212 -0.025329 -0.138100
v 0.102451 -0.025000 -0.138100
v 0.099579 -0.014325 -0.138100
v 0.101212 -0.014671 -0.138100
v 0.102500 -0.025000 -0.138100
v 0.100298 -0.013771 -0.138100
v 0.095425 -0.010171 -0.138100
v 0.077500 -0.020000 -0.138100
v 0.101100 -0.020000 -0.121900
v 0.101100 -0.020000 -0.138100
v 0.099579 -0.014325 -0.138100
v 0.099579 -0.014325 -0.121900
v 0.095425 -0.010171 -0.138100
v 0.095425 -0.010171 -0.121900
v 0.089750 -0.008650 -0.138100
v 0.089750 -0.008650 -0.121900
v 0.084075 -0.010171 -0.138100
v 0.084075 -0.010171 -0.121900
v 0.079921 -0.014325 -0.138100
v 0.079921 -0.014325 -0.121900
v 0.078400 -0.020000 -0.138100
v 0.078400 -0.020000 -0.121900
v 0.079921 -0.025675 -0.138100
v 0.079921 -0.025675 -0.121900
v 0.084075 -0.029829 -0.138100
v 0.084075 -0.029829 -0.121900
v 0.089750 -0.031350 -0.138100
v 0.089750 -0.031350 -0.121900
v 0.095425 -0.029829 -0.138100
v 0.095425 -0.029829 -0.121900
v 0.099579 -0.025675 -0.138100
v 0.099579 -0.025675 -0.121900
v 0.084075 -0.010171 -0.121900
v 0.079921 -0.014325 -0.121900
v 0.081523 -0.015250 -0.121900
v 0.078400 -0.020000 -0.121900
v 0.080250 -0.020000 -0.121900
v 0.079921 -0.025675 -0.121900
v 0.081523 -0.024750 -0.121900
v 0.084075 -0.029829 -0.121900
v 0.085000 -0.028227 -0.121900
v 0.095425 -0.010171 -0.121900
v 0.089750 -0.008650 -0.121900
v 0.089750 -0.010500 -0.121900
v 0.085000 -0.011773 -0.121900
v 0.089750 -0.031350 -0.121900
v 0.089750 -0.029500 -0.121900
v 0.095425 -0.029829 -0.121900
v 0.094500 -0.028227 -0.121900
v 0.099579 -0.025675 -0.121900
v 0.097977 -0.024750 -0.121900
v 0.101100 -0.020000 -0.121900
v 0.099250 -0.020000 -0.121900
v 0.099579 -0.014325 -0.121900
v 0.097977 -0.015250 -0.121900
v 0.094500 -0.011773 -0.121900
v 0.097977 -0.024750 -0.121900
v 0.099250 -0.020000 -0.121900
v 0.099250 -0.020000 -0.129900
v 0.094500 -0.028227 -0.121900
v 0.097977 -0.024750 -0.129900
v 0.089750 -0.029500 -0.121900
v 0.094500 -0.028227 -0.129900
v 0.085000 -0.028227 -0.121900
v 0.089750 -0.029500 -0.129900
v 0.081523 -0.024750 -0.121900
v 0.085000 -0.028227 -0.129900
v 0.080250 -0.020000 -0.121900
v 0.081523 -0.024750 -0.129900
v 0.081523 -0.015250 -0.121900
v 0.080250 -0.020000 -0.129900
v 0.085000 -0.011773 -0.121900
v 0.081523 -0.015250 -0.129900
v 0.089750 -0.010500 -0.121900
v 0.085000 -0.011773 -0.129900
v 0.094500 -0.011773 -0.121900
v 0.089750 -0.010500 -0.129900
v 0.097977 -0.015250 -0.121900
v 0.094500 -0.011773 -0.129900
v 0.097977 -0.015250 -0.129900
v 0.089750 -0.020000 -0.129900
v 0.081523 -0.024750 -0.129900
v 0.085000 -0.028227 -0.129900
v 0.089750 -0.029500 -0.129900
v 0.094500 -0.028227 -0.129900
v 0.097977 -0.024750 -0.129900
v 0.099250 -0.020000 -0.129900
v 0.097977 -0.015250 -0.129900
v 0.094500 -0.011773 -0.129900
v 0.089750 -0.010500 -0.129900
v 0.085000 -0.011773 -0.129900
v 0.081523 -0.015250 -0.129900
v 0.080250 -0.020000 -0.129900
vn 0.000 0.000 1.000
vn 0.000 0.000 1.000
vn 0.000 0.000 1.000
vn 0.000 0.000 1.000
vn 0.000 0.000 1.000
vn 0.000 0.000 1.000
vn 0.000 0.000 1.000
vn 0.000 0.000 1.000
vn 0.000 0.000 1.000
vn 0.000 0.000 1.000
vn 0.000 0.000 1.000
vn 0.000 0.000 1.000
vn 0.000 0.000 1.000
vn 0.000 0.000 1.000
vn 0.000 0.000 1.000
vn 0.000 0.000 1.000
vn 0.000 0.000 1.000
vn 0.000 0.000 1.000
vn 0.000 0.000 1.000
vn 0.000 0.000 1.000
vn 0.000 0.000 1.000
vn 0.000 0.000 1.000
vn 0.000 0.000 1.000
vn 0.000 0.000 1.000
vn 0.000 0.000 1.000
vn 1.000 0.000 0.000
vn 1.000 0.000 0.000
vn 0.966 0.259 0.000
vn 0.966 0.259 0.000
vn 0.866 0.500 0.000
vn 0.866 0.500 0.000
vn 0.707 0.707 0.000
vn 0.707 0.707 0.000
vn 0.500 0.866 0.000
vn 0.500 0.866 0.000
vn 0.259 0.966 0.000
vn 0.259 0.966 0.000
vn 0.000 1.000 0.000
vn 0.000 1.000 0.000
vn -0.259 0.966 0.000
vn -0.259 0.966 0.000
vn -0.500 0.866 0.000
vn -0.500 0.866 0.000
vn -0.707 0.707 0.000
vn -0.707 0.707 0.000
vn -0.866 0.500 0.000
vn -0.866 0.500 0.000
vn -0.966 0.259 0.000
vn -0.966 0.259 0.000
vn -1.000 0.000 0.000
vn -1.000 0.000 0.000
vn -0.966 -0.259 0.000
vn -0.966 -0.259 0.000
vn -0.866 -0.500 0.000
vn -0.866 -0.500 0.000
vn -0.707 -0.707 0.000
vn -0.707 -0.707 0.000
vn -0.500 -0.866 0.000
vn -0.500 -0.866 0.000
vn -0.259 -0.966 0.000
vn -0.259 -0.966 0.000
vn 0.000 -1.000 0.000
vn 0.000 -1.000 0.000
vn 0.259 -0.966 0.000
vn 0.259 -0.966 0.000
vn 0.500 -0.866 0.000
vn 0.500 -0.866 0.000
vn 0.707 -0.707 0.000
vn 0.707 -0.707 0.000
vn 0.866 -0.500 0.000
vn 0.866 -0.500 0.000
vn 0.966 -0.259 0.000
vn 0.966 -0.259 0.000
vn 0.000 0.000 1.000
vn 0.000 0.000 1.000
vn 0.000 0.000 1.000
vn 0.000 0.000 1.000
vn 0.000 0.000 1.000
vn 0.000 0.000 1.000
vn 0.000 0.000 1.000
vn 0.000 0.000 1.000
vn 0.000 0.000 1.000
vn 0.000 0.000 1.000
vn 0.000 0.000 1.000
vn 0.000 0.000 1.000
vn 0.000 0.000 1.000
vn 0.000 0.000 1.000
vn 0.000 0.000 1.000
vn 0.000 0.000 1.000
vn 0.000 0.000 1.000
vn 0.000 0.000 1.000
vn 0.000 0.000 1.000
vn 0.000 0.000 1.000
vn 0.000 0.000 1.000
vn 0.000 0.000 1.000
vn 0.000 0.000 1.000
vn 0.000 0.000 1.000
vn 0.000 0.000 1.000
vn 0.000 0.000 1.000
vn 0.000 0.000 1.000
vn 0.000 0.000 1.000
vn 0.000 0.000 1.000
vn 0.000 0.000 1.000
vn 0.000 0.000 1.000
vn 0.000 0.000 1.000
vn 0.000 0.000 1.000
vn 0.000 0.000 1.000
vn 0.000 0.000 1.000
vn 0.000 0.000 1.000
vn 0.000 0.000 1.000
vn 0.000 0.000 1.000
vn 0.000 0.000 1.000
vn 0.000 0.000 1.000
vn 0.000 0.000 1.000
vn 0.000 0.000 1.000
vn 0.000 0.000 1.000
vn 0.000 0.000 1.000
vn 0.000 0.000 1.000
vn 0.000 0.000 1.000
vn 0.000 0.000 1.000
vn 0.000 0.000 1.000
vn 0.000 0.000 1.000
vn 0.000 0.000 1.000
vn 0.000 0.000 1.000
vn 0.000 0.000 1.000
vn 0.000 0.000 1.000
vn 0.000 0.000 1.000
vn 0.000 0.000 1.000
vn 0.000 0.000 1.000
vn 0.000 0.000 1.000
vn 0.000 0.000 1.000
vn 0.000 0.000 1.000
vn 0.000 0.000 1.000
vn 0.000 0.000 1.000
vn 0.000 0.000 1.000
vn 0.000 0.000 1.000
vn 0.000 0.000 1.000
vn 0.000 0.000 1.000
vn 0.000 0.000 1.000
vn 0.000 0.000 1.000
vn 0.000 0.000 1.000
vn 0.000 0.000 1.000
vn 0.000 0.000 1.000
vn 0.000 0.000 1.000
vn 0.000 0.000 1.000
vn 0.000 0.000 1.000
vn 0.000 0.000 1.000
vn 0.000 0.000 1.000
vn 0.000 0.000 1.000
vn 0.000 0.000 1.000
vn 0.000 0.000 1.000
vn 0.000 0.000 1.000
vn 0.000 0.000 1.000
vn 0.000 0.000 1.000
vn 0.000 0.000 1.000
vn 0.000 0.000 1.000
vn 0.000 0.000 1.000
vn 0.000 0.000 1.000
vn 0.000 0.000 1.000
vn 0.000 0.000 1.000
vn 0.000 0.000 1.000
vn 0.000 0.000 1.000
vn 0.000 0.000 1.000
vn 0.000 0.000 1.000
vn 0.000 0.000 1.000
vn 1.000 0.000 0.000
vn 1.000 0.000 0.000
vn 0.866 0.500 0.000
vn 0.866 0.500 0.000
vn 0.500 0.866 0.000
vn 0.500 0.866 0.000
vn 0.000 1.000 0.000
vn 0.000 1.000 0.000
vn -0.866 0.500 0.000
vn -1.000 0.000 0.000
vn -1.000 0.000 0.000
vn -0.500 0.866 0.000
vn -0.866 0.500 0.000
vn 0.000 1.000 0.000
vn -0.500 0.866 0.000
vn 0.500 0.866 0.000
vn 0.000 1.000 0.000
vn 0.866 0.500 0.000
vn 0.500 0.866 0.000
vn 1.000 0.000 0.000
vn 0.866 0.500 0.000
vn 0.866 -0.500 0.000
vn 1.000 0.000 0.000
vn 0.500 -0.866 0.000
vn 0.866 -0.500 0.000
vn 0.000 -1.000 0.000
vn 0.500 -0.866 0.000
vn -0.500 -0.866 0.000
vn 0.000 -1.000 0.000
vn -0.866 -0.500 0.000
vn -0.500 -0.866 0.000
vn -0.866 -0.500 0.000
vn 0.000 -1.000 0.000
vn 0.000 -1.000 0.000
vn 0.500 -0.866 0.000
vn 0.500 -0.866 0.000
vn 0.866 -0.500 0.000
vn 0.866 -0.500 0.000
vn 1.000 0.000 0.000
vn 1.000 0.000 0.000
vn -0.866 0.500 0.000
vn -1.000 0.000 0.000
vn -1.000 0.000 0.000
vn -0.500 0.866 0.000
vn -0.866 0.500 0.000
vn 0.000 1.000 0.000
vn -0.500 0.866 0.000
vn 0.500 0.866 0.000
vn 0.000 1.000 0.000
vn 0.866 0.500 0.000
vn 0.500 0.866 0.000
vn 1.000 0.000 0.000
vn 0.866 0.500 0.000
vn 0.866 -0.500 0.000
vn 1.000 0.000 0.000
vn 0.500 -0.866 0.000
vn 0.866 -0.500 0.000
vn 0.000 -1.000 0.000
vn 0.500 -0.866 0.000
vn -0.500 -0.866 0.000
vn 0.000 -1.000 0.000
vn -0.866 -0.500 0.000
vn -0.500 -0.866 0.000
vn -0.866 -0.500 0.000
vn 0.000 1.000 0.000
vn 0.000 1.000 0.000
vn -0.500 0.866 0.000
vn -0.500 0.866 0.000
vn -0.866 0.500 0.000
vn -0.866 0.500 0.000
vn -1.000 0.000 0.000
vn -1.000 0.000 0.000
vn -0.866 0.500 0.000
vn -1.000 0.000 0.000
vn -1.000 0.000 0.000
vn -0.500 0.866 0.000
vn -0.866 0.500 0.000
vn 0.000 1.000 0.000
vn -0.500 0.866 0.000
vn 0.500 0.866 0.000
vn 0.000 1.000 0.000
vn 0.866 0.500 0.000
vn 0.500 0.866 0.000
vn 1.000 0.000 0.000
vn 0.866 0.500 0.000
vn 0.866 -0.500 0.000
vn 1.000 0.000 0.000
vn 0.500 -0.866 0.000
vn 0.866 -0.500 0.000
vn 0.000 -1.000 0.000
vn 0.500 -0.866 0.000
vn -0.500 -0.866 0.000
vn 0.000 -1.000 0.000
vn -0.866 -0.500 0.000
vn -0.500 -0.866 0.000
vn -0.866 -0.500 0.000
vn -1.000 0.000 0.000
vn -1.000 0.000 0.000
vn -0.866 -0.500 0.000
vn -0.866 -0.500 0.000
vn -0.500 -0.866 0.000
vn -0.500 -0.866 0.000
vn 0.000 -1.000 0.000
vn 0.000 -1.000 0.000
vn -0.866 0.500 0.000
vn -1.000 0.000 0.000
vn -1.000 0.000 0.000
vn -0.500 0.866 0.000
vn -0.866 0.500 0.000
vn 0.000 1.000 0.000
vn -0.500 0.866 0.000
vn 0.500 0.866 0.000
vn 0.000 1.000 0.000
vn 0.866 0.500 0.000
vn 0.500 0.866 0.000
vn 1.000 0.000 0.000
vn 0.866 0.500 0.000
vn 0.866 -0.500 0.000
vn 1.000 0.000 0.000
vn 0.500 -0.866 0.000
vn 0.866 -0.500 0.000
vn 0.000 -1.000 0.000
vn 0.500 -0.866 0.000
vn -0.500 -0.866 0.000
vn 0.000 -1.000 0.000
vn -0.866 -0.500 0.000
vn -0.500 -0.866 0.000
vn -0.866 -0.500 0.000
vn 0.000 1.000 0.000
vn 0.000 1.000 0.000
vn 0.000 1.000 0.000
vn 0.000 1.000 0.000
vn 0.000 1.000 0.000
vn 0.000 1.000 0.000
vn 0.000 1.000 0.000
vn 0.000 1.000 0.000
vn 0.000 1.000 0.000
vn -1.000 0.000 0.000
vn -1.000 0.000 0.000
vn -1.000 0.000 0.000
vn -1.000 0.000 0.000
vn 0.000 0.000 -1.000
vn 0.000 0.000 -1.000
vn 0.000 0.000 -1.000
vn 0.000 0.000 -1.000
vn 0.000 0.000 -1.000
vn 0.000 0.000 -1.000
vn 0.000 0.000 -1.000
vn 0.000 0.000 -1.000
vn 0.000 0.000 -1.000
vn 0.000 0.000 -1.000
vn 0.000 0.000 -1.000
vn 0.000 0.000 -1.000
vn 0.000 0.000 -1.000
vn 0.000 0.000 -1.000
vn 0.000 0.000 -1.000
vn 0.000 0.000 -1.000
vn 0.000 0.000 -1.000
vn 0.000 0.000 -1.000
vn 0.000 0.000 -1.000
vn 0.000 0.000 -1.000
vn 0.000 0.000 -1.000
vn 0.000 0.000 -1.000
vn 0.000 1.000 0.000
vn 0.000 1.000 0.000
vn 0.000 1.000 0.000
vn 0.000 1.000 0.000
vn -0.570 0.821 0.000
vn -0.248 0.969 0.000
vn -0.248 0.969 0.000
vn -0.821 0.570 0.000
vn -0.570 0.821 0.000
vn -0.969 0.248 0.000
vn -0.821 0.570 0.000
vn -0.969 0.248 0.000
vn -1.000 0.000 0.000
vn -1.000 0.000 0.000
vn -1.000 0.000 0.000
vn -1.000 0.000 0.000
vn -1.000 0.000 0.000
vn -1.000 0.000 0.000
vn -1.000 0.000 0.000
vn -1.000 0.000 0.000
vn -1.000 0.000 0.000
vn 1.000 0.000 0.000
vn 1.000 0.000 0.000
vn 1.000 0.000 0.000
vn 1.000 0.000 0.000
vn 0.000 0.000 -1.000
vn 0.000 0.000 -1.000
vn 0.000 0.000 -1.000
vn 0.000 0.000 -1.000
vn 0.000 0.000 -1.000
vn 0.000 0.000 -1.000
vn 0.000 0.000 -1.000
vn 0.000 0.000 -1.000
vn 0.000 0.000 -1.000
vn 0.000 0.000 -1.000
vn 0.000 0.000 -1.000
vn 0.000 0.000 -1.000
vn 0.000 0.000 -1.000
vn 0.000 0.000 -1.000
vn 0.000 0.000 -1.000
vn 0.000 0.000 -1.000
vn 0.000 0.000 -1.000
vn 0.000 0.000 -1.000
vn 0.000 0.000 -1.000
vn 0.000 0.000 -1.000
vn 0.000 0.000 -1.000
vn 0.000 0.000 -1.000
vn 0.821 0.570 0.000
vn 0.969 0.248 0.000
vn 0.969 0.248 0.000
vn 0.570 0.821 0.000
vn 0.821 0.570 0.000
vn 0.248 0.969 0.000
vn 0.570 0.821 0.000
vn 0.248 0.969 0.000
vn 0.000 1.000 0.000
vn 0.000 1.000 0.000
vn 0.000 1.000 0.000
vn 0.000 1.000 0.000
vn 0.000 -1.000 0.000
vn 0.000 -1.000 0.000
vn 0.000 -1.000 0.000
vn 0.000 -1.000 0.000
vn 0.000 0.000 -1.000
vn 0.000 0.000 -1.000
vn 0.000 0.000 -1.000
vn 0.000 0.000 -1.000
vn 0.000 0.000 -1.000
vn 0.000 0.000 -1.000
vn 0.000 0.000 -1.000
vn 0.000 0.000 -1.000
vn 0.000 0.000 -1.000
vn 0.000 0.000 -1.000
vn 0.000 0.000 -1.000
vn 0.000 0.000 -1.000
vn 0.000 0.000 -1.000
vn 0.000 0.000 -1.000
vn 0.000 0.000 -1.000
vn 0.000 0.000 -1.000
vn 0.000 0.000 -1.000
vn 0.000 0.000 -1.000
vn 0.000 0.000 -1.000
vn 0.000 0.000 -1.000
vn 0.000 0.000 -1.000
vn 0.000 0.000 -1.000
vn -0.821 -0.570 0.000
vn -0.969 -0.248 0.000
vn -0.969 -0.248 0.000
vn -0.570 -0.821 0.000
vn -0.821 -0.570 0.000
vn -0.248 -0.969 0.000
vn -0.570 -0.821 0.000
vn -0.248 -0.969 0.000
vn -1.000 0.000 0.000
vn -1.000 0.000 0.000
vn -1.000 0.000 0.000
vn -1.000 0.000 0.000
vn 0.000 -1.000 0.000
vn 0.000 -1.000 0.000
vn 0.000 -1.000 0.000
vn 0.000 -1.000 0.000
vn 0.000 -1.000 0.000
vn 0.000 -1.000 0.000
vn 0.000 -1.000 0.000
vn 0.000 -1.000 0.000
vn 0.000 -1.000 0.000
vn 1.000 0.000 0.000
vn 1.000 0.000 0.000
vn 1.000 0.000 0.000
vn 1.000 0.000 0.000
vn 0.000 0.000 -1.000
vn 0.000 0.000 -1.000
vn 0.000 0.000 -1.000
vn 0.000 0.000 -1.000
vn 0.000 0.000 -1.000
vn 0.000 0.000 -1.000
vn 0.000 0.000 -1.000
vn 0.000 0.000 -1.000
vn 0.000 0.000 -1.000
vn 0.000 0.000 -1.000
vn 0.000 0.000 -1.000
vn 0.000 0.000 -1.000
vn 0.000 0.000 -1.000
vn 0.000 0.000 -1.000
vn 0.000 0.000 -1.000
vn 0.000 0.000 -1.000
vn 0.000 0.000 -1.000
vn 0.000 0.000 -1.000
vn 0.000 0.000 -1.000
vn 0.000 0.000 -1.000
vn 0.000 0.000 -1.000
vn 0.000 0.000 -1.000
vn 0.000 0.000 -1.000
vn 0.000 0.000 -1.000
vn 0.000 0.000 -1.000
vn 0.000 0.000 -1.000
vn 0.000 0.000 -1.000
vn 0.000 0.000 -1.000
vn 0.000 0.000 -1.000
vn 0.000 0.000 -1.000
vn 0.000 0.000 -1.000
vn 0.000 0.000 -1.000
vn 0.000 0.000 -1.000
vn 0.000 0.000 -1.000
vn 0.000 0.000 -1.000
vn 0.000 0.000 -1.000
vn 0.000 0.000 -1.000
vn 0.000 0.000 -1.000
vn 0.000 0.000 -1.000
vn 0.000 0.000 -1.000
vn 0.000 0.000 -1.000
vn 0.000 0.000 -1.000
vn 0.000 0.000 -1.000
vn 0.000 0.000 -1.000
vn 0.000 0.000 -1.000
vn 0.000 0.000 -1.000
vn 0.000 -1.000 0.000
vn 0.000 -1.000 0.000
vn 0.000 -1.000 0.000
vn 0.000 -1.000 0.000
vn 0.570 -0.821 0.000
vn 0.248 -0.969 0.000
vn 0.248 -0.969 0.000
vn 0.821 -0.570 0.000
vn 0.570 -0.821 0.000
vn 0.969 -0.248 0.000
vn 0.821 -0.570 0.000
vn 0.969 -0.248 0.000
vn 1.000 0.000 0.000
vn 1.000 0.000 0.000
vn 1.000 0.000 0.000
vn 1.000 0.000 0.000
vn 1.000 0.000 0.000
vn 1.000 0.000 0.000
vn 1.000 0.000 0.000
vn 1.000 0.000 0.000
vn 1.000 0.000 0.000
vn 1.000 0.000 0.000
vn 1.000 0.000 0.000
vn 1.000 0.000 0.000
vn 1.000 0.000 0.000
vn 1.000 0.000 0.000
vn 1.000 0.000 0.000
vn 1.000 0.000 0.000
vn 1.000 0.000 0.000
vn 1.000 0.000 0.000
vn 1.000 0.000 0.000
vn 1.000 0.000 0.000
vn 1.000 0.000 0.000
vn 1.000 0.000 0.000
vn 1.000 0.000 0.000
vn 1.000 0.000 0.000
vn 1.000 0.000 0.000
vn 1.000 0.000 0.000
vn 1.000 0.000 0.000
vn 1.000 0.000 0.000
vn 1.000 0.000 0.000
vn 1.000 0.000 0.000
vn 1.000 0.000 0.000
vn 1.000 0.000 0.000
vn 1.000 0.000 0.000
vn 1.000 0.000 0.000
vn 1.000 0.000 0.000
vn 1.000 0.000 0.000
vn 1.000 0.000 0.000
vn 1.000 0.000 0.000
vn 1.000 0.000 0.000
vn 1.000 0.000 0.000
vn 1.000 0.000 0.000
vn 1.000 0.000 0.000
vn 1.000 0.000 0.000
vn 1.000 0.000 0.000
vn 0.000 1.000 0.000
vn 0.000 1.000 0.000
vn 0.000 0.924 -0.383
vn 0.000 0.924 -0.383
vn 0.000 0.707 -0.707
vn 0.000 0.707 -0.707
vn 0.000 0.383 -0.924
vn 0.000 0.383 -0.924
vn 0.000 0.000 -1.000
vn 0.000 0.000 -1.000
vn 0.000 0.000 -1.000
vn 0.000 0.000 -1.000
vn 0.000 0.000 -1.000
vn 0.000 0.000 -1.000
vn 0.000 0.000 -1.000
vn 0.000 0.000 -1.000
vn 0.000 -0.383 -0.924
vn 0.000 -0.383 -0.924
vn 0.000 -0.707 -0.707
vn 0.000 -0.707 -0.707
vn 0.000 -0.924 -0.383
vn 0.000 -0.924 -0.383
vn 0.000 -1.000 0.000
vn 0.000 -1.000 0.000
vn 0.000 -1.000 0.000
vn 0.000 -1.000 0.000
vn 0.000 -1.000 0.000
vn 0.000 -1.000 0.000
vn 0.000 -1.000 0.000
vn 0.000 -1.000 0.000
vn 0.000 -0.866 0.500
vn 0.000 -0.866 0.500
vn 0.000 -0.500 0.866
vn 0.000 -0.500 0.866
vn 0.000 0.000 1.000
vn 0.000 0.000 1.000
vn 0.000 0.000 1.000
vn 0.000 0.000 1.000
vn 0.000 0.000 1.000
vn 0.000 0.000 1.000
vn 0.000 0.000 1.000
vn 0.000 0.000 1.000
vn 0.000 0.500 0.866
vn 0.000 0.500 0.866
vn 0.000 0.866 0.500
vn 0.000 0.866 0.500
vn 0.000 1.000 0.000
vn 0.000 1.000 0.000
vn 0.000 1.000 0.000
vn 0.000 1.000 0.000
vn 0.000 1.000 0.000
vn 0.000 1.000 0.000
vn 1.000 0.000 0.000
vn 1.000 0.000 0.000
vn 1.000 0.000 0.000
vn 1.000 0.000 0.000
vn 1.000 0.000 0.000
vn 1.000 0.000 0.000
vn 1.000 0.000 0.000
vn 1.000 0.000 0.000
vn 1.000 0.000 0.000
vn 1.000 0.000 0.000
vn 1.000 0.000 0.000
vn 1.000 0.000 0.000
vn 1.000 0.000 0.000
vn 1.000 0.000 0.000
vn 1.000 0.000 0.000
vn 1.000 0.000 0.000
vn 1.000 0.000 0.000
vn 1.000 0.000 0.000
vn 1.000 0.000 0.000
vn 1.000 0.000 0.000
vn 1.000 0.000 0.000
vn 1.000 0.000 0.000
vn 1.000 0.000 0.000
vn 1.000 0.000 0.000
vn 1.000 0.000 0.000
vn 1.000 0.000 0.000
vn 1.000 0.000 0.000
vn 1.000 0.000 0.000
vn 1.000 0.000 0.000
vn 1.000 0.000 0.000
vn 0.000 0.000 1.000
vn 0.000 0.000 1.000
vn 0.000 0.000 1.000
vn 0.000 0.000 1.000
vn 0.000 0.000 1.000
vn 0.000 0.000 1.000
vn 0.000 0.500 0.866
vn 0.000 0.500 0.866
vn 0.000 0.866 0.500
vn 0.000 0.866 0.500
vn 0.000 1.000 0.000
vn 0.000 1.000 0.000
vn 0.000 1.000 0.000
vn 0.000 1.000 0.000
vn 0.000 1.000 0.000
vn 0.000 1.000 0.000
vn 0.000 1.000 0.000
vn 0.000 1.000 0.000
vn 0.000 0.866 -0.500
vn 0.000 0.866 -0.500
vn 0.000 0.500 -0.866
vn 0.000 0.500 -0.866
vn 0.000 0.000 -1.000
vn 0.000 0.000 -1.000
vn 0.000 0.000 -1.000
vn 0.000 0.000 -1.000
vn 0.000 0.000 -1.000
vn 0.000 0.000 -1.000
vn 0.000 0.000 -1.000
vn 0.000 0.000 -1.000
vn 0.000 -0.383 -0.924
vn 0.000 -0.383 -0.924
vn 0.000 -0.707 -0.707
vn 0.000 -0.707 -0.707
vn 0.000 -0.924 -0.383
vn 0.000 -0.924 -0.383
vn 0.000 -1.000 0.000
vn 0.000 -1.000 0.000
vn 0.000 -1.000 0.000
vn 0.000 -1.000 0.000
vn 0.000 -1.000 0.000
vn 0.000 -1.000 0.000
vn 0.000 -1.000 0.000
vn 0.000 -1.000 0.000
vn 0.000 -0.866 0.500
vn 0.000 -0.866 0.500
vn 0.000 -0.500 0.866
vn 0.000 -0.500 0.866
vn 0.000 0.000 1.000
vn 0.000 0.000 1.000
vn 1.000 0.000 0.000
vn 1.000 0.000 0.000
vn 1.000 0.000 0.000
vn 1.000 0.000 0.000
vn 1.000 0.000 0.000
vn 1.000 0.000 0.000
vn 1.000 0.000 0.000
vn 1.000 0.000 0.000
vn 1.000 0.000 0.000
vn 1.000 0.000 0.000
vn 1.000 0.000 0.000
vn 1.000 0.000 0.000
vn 1.000 0.000 0.000
vn 1.000 0.000 0.000
vn 1.000 0.000 0.000
vn 1.000 0.000 0.000
vn 1.000 0.000 0.000
vn 1.000 0.000 0.000
vn 1.000 0.000 0.000
vn 1.000 0.000 0.000
vn 1.000 0.000 0.000
vn 1.000 0.000 0.000
vn 1.000 0.000 0.000
vn 1.000 0.000 0.000
vn 1.000 0.000 0.000
vn 1.000 0.000 0.000
vn 1.000 0.000 0.000
vn 1.000 0.000 0.000
vn 1.000 0.000 0.000
vn 0.000 0.000 -1.000
vn 0.000 0.500 -0.866
vn 0.000 0.266 -0.964
vn 0.000 0.500 -0.866
vn 0.000 0.000 -1.000
vn 0.000 -0.266 -0.964
vn 0.000 -0.500 -0.866
vn 0.000 -0.866 -0.500
vn 0.000 -0.755 -0.656
vn 0.000 -0.784 -0.621
vn 0.000 -0.509 -0.861
vn 0.000 -1.000 0.000
vn 0.000 -0.990 -0.139
vn 0.000 -0.997 -0.072
vn 0.000 -0.966 -0.259
vn 0.000 -0.882 -0.471
vn 0.000 -0.866 -0.500
vn 0.000 -0.886 0.465
vn 0.000 -0.867 0.499
vn 0.000 -1.000 0.000
vn 0.000 -0.997 0.073
vn 0.000 -0.958 0.288
vn 0.000 -0.866 0.500
vn 0.000 -0.755 0.656
vn 0.000 -0.500 0.866
vn 0.000 -0.784 0.621
vn 0.000 0.000 1.000
vn 0.000 -0.500 0.866
vn 0.000 -0.266 0.964
vn 0.000 0.000 1.000
vn 0.000 0.266 0.964
vn 0.000 0.500 0.866
vn 0.000 0.866 0.500
vn 0.000 0.755 0.656
vn 0.000 0.784 0.621
vn 0.000 0.509 0.861
vn 0.000 1.000 0.000
vn 0.000 0.966 0.258
vn 0.000 0.998 0.070
vn 0.000 0.882 0.471
vn 0.000 0.866 0.500
vn 0.000 0.883 -0.469
vn 0.000 0.866 -0.500
vn 0.000 1.000 -0.012
vn 0.000 0.992 -0.130
vn 0.000 0.973 -0.232
vn 0.000 0.866 -0.500
vn 0.000 0.755 -0.656
vn 0.000 0.784 -0.621
vn 0.000 1.000 0.000
vn 0.000 0.990 0.139
vn 0.000 0.997 0.072
vn 0.000 0.966 0.259
vn 0.000 0.882 0.471
vn 0.000 0.866 0.500
vn 0.000 0.866 0.500
vn 0.000 0.883 -0.470
vn 0.000 0.866 -0.500
vn 0.000 1.000 0.000
vn 0.000 0.997 -0.073
vn 0.000 0.958 -0.287
vn 0.000 0.866 -0.500
vn 0.000 0.717 -0.697
vn 0.000 0.500 -0.866
vn 0.000 0.000 -1.000
vn 0.000 0.500 -0.866
vn 0.000 0.266 -0.964
vn 0.000 0.000 -1.000
vn 0.000 -0.266 -0.964
vn 0.000 -0.500 -0.866
vn 0.000 -0.866 -0.500
vn 0.000 -0.509 -0.861
vn 0.000 -0.717 -0.697
vn 0.000 -1.000 0.000
vn 0.000 -0.990 -0.139
vn 0.000 -0.997 -0.072
vn 0.000 -0.966 -0.259
vn 0.000 -0.882 -0.471
vn 0.000 -0.866 -0.499
vn 0.000 -0.883 0.470
vn 0.000 -0.866 0.500
vn 0.000 -1.000 0.000
vn 0.000 -0.997 0.073
vn 0.000 -0.958 0.287
vn 0.000 -0.866 0.500
vn 0.000 -0.717 0.697
vn 0.000 -0.500 0.866
vn 0.000 0.000 1.000
vn 0.000 -0.500 0.866
vn 0.000 -0.266 0.964
vn 0.000 0.000 1.000
vn 0.000 0.266 0.964
vn 0.000 0.500 0.866
vn 0.000 0.509 0.861
vn 0.000 0.755 0.656
vn 0.861 0.508 0.000
vn 0.684 0.730 0.000
vn 0.493 0.870 0.000
vn 0.861 0.508 0.000
vn 0.493 0.870 0.000
vn 0.139 0.990 0.000
vn -0.006 1.000 0.000
vn 0.269 0.963 0.000
vn 0.493 -0.870 0.000
vn 0.140 -0.990 0.000
vn 0.329 -0.944 0.000
vn -0.006 -1.000 0.000
vn -0.006 -1.000 0.000
vn 0.861 -0.508 0.000
vn 0.493 -0.870 0.000
vn 0.684 -0.729 0.000
vn -0.964 -0.266 0.000
vn -0.966 -0.260 0.000
vn -1.000 0.000 0.000
vn -0.867 -0.498 0.000
vn -0.867 -0.498 0.000
vn -0.867 0.498 0.000
vn -0.964 0.266 0.000
vn -0.965 0.260 0.000
vn -1.000 0.000 0.000
vn -0.503 0.864 0.000
vn -0.640 0.768 0.000
vn -0.529 0.848 0.000
vn -0.684 0.730 0.000
vn -0.673 0.739 0.000
vn -0.872 0.490 0.000
vn -0.006 1.000 0.000
vn -0.323 0.946 0.000
vn -0.503 0.864 0.000
vn -0.212 0.977 0.000
vn -0.201 0.980 0.000
vn -0.339 0.941 0.000
vn -0.502 0.865 0.000
vn -0.303 0.953 0.000
vn -0.151 0.989 0.000
vn -0.238 0.971 0.000
vn -0.503 0.864 0.000
vn -0.673 0.739 0.000
vn -0.867 0.498 0.000
vn -0.529 0.849 0.000
vn -0.640 0.768 0.000
vn -0.867 0.498 0.000
vn -0.966 0.260 0.000
vn -1.000 0.000 0.000
vn -0.867 -0.498 0.000
vn -1.000 0.000 0.000
vn -0.965 -0.260 0.000
vn -0.503 -0.864 0.000
vn -0.640 -0.768 0.000
vn -0.528 -0.849 0.000
vn -0.673 -0.739 0.000
vn -0.872 -0.490 0.000
vn -0.213 -0.977 0.000
vn -0.243 -0.970 0.000
vn -0.201 -0.980 0.000
vn -0.279 -0.960 0.000
vn -0.324 -0.946 0.000
vn -0.503 -0.864 0.000
vn -0.503 -0.864 0.000
vn -0.151 -0.989 0.000
vn -0.213 -0.977 0.000
vn -0.498 -0.867 0.000
vn -0.346 -0.938 0.000
vn -0.684 -0.729 0.000
vn -0.640 -0.768 0.000
vn -0.529 -0.849 0.000
vn -0.673 -0.739 0.000
vn 0.861 -0.508 0.000
vn 0.496 -0.868 0.000
vn 0.861 -0.508 0.000
vn 0.861 -0.508 0.000
vn 0.705 -0.709 0.000
vn 0.000 -1.000 0.000
vn 0.496 -0.868 0.000
vn 0.258 -0.966 0.000
vn 0.000 -1.000 0.000
vn 0.000 -1.000 0.000
vn 0.000 -1.000 0.000
vn 0.000 -1.000 0.000
vn 0.000 -1.000 0.000
vn 0.000 -0.767 -0.642
vn 0.000 -0.944 -0.330
vn 0.000 -0.953 -0.302
vn 0.000 -0.900 -0.435
vn 0.000 -0.830 -0.558
vn 0.000 -0.942 -0.334
vn 0.000 -0.915 -0.402
vn 0.000 -0.824 -0.567
vn 0.000 -0.695 -0.719
vn 0.000 -0.695 -0.719
vn 0.000 -0.253 -0.967
vn 0.000 0.000 -1.000
vn 0.000 0.254 -0.967
vn 0.000 -0.253 -0.967
vn 0.000 0.764 -0.646
vn 0.000 0.942 -0.334
vn 0.000 0.953 -0.302
vn 0.000 0.897 -0.442
vn 0.000 0.824 -0.567
vn 0.000 0.944 -0.330
vn 0.000 0.918 -0.396
vn 0.000 0.829 -0.559
vn 0.000 0.696 -0.718
vn 0.000 0.696 -0.718
vn 0.000 0.254 -0.967
vn 0.000 0.396 -0.918
vn 0.000 0.389 -0.921
vn 0.000 0.415 -0.910
vn 0.000 0.446 -0.895
vn 0.000 0.372 -0.928
vn 0.000 0.475 -0.880
vn 0.000 0.485 -0.875
vn 0.000 -0.372 -0.928
vn 0.000 -0.475 -0.880
vn 0.000 -0.446 -0.895
vn 0.000 -0.485 -0.875
vn 0.000 -0.415 -0.910
vn 0.000 -0.396 -0.918
vn 0.000 -0.389 -0.921
vn 0.000 -0.389 -0.921
vn 0.000 0.389 -0.921
vn 0.000 1.000 0.000
vn 0.000 1.000 0.000
vn 0.000 1.000 0.000
vn 0.000 1.000 0.000
vn 1.000 0.000 0.000
vn 1.000 0.000 0.000
vn 1.000 0.000 0.000
vn 1.000 0.000 0.000
vn 1.000 0.000 0.000
vn 1.000 0.000 0.000
vn 0.000 1.000 0.000
vn 0.258 0.966 0.000
vn 0.496 0.868 0.000
vn 0.000 1.000 0.000
vn 0.496 0.868 0.000
vn 0.706 0.709 0.000
vn 0.861 0.508 0.000
vn 0.861 0.508 0.000
vn 0.000 0.000 1.000
vn 0.000 0.000 1.000
vn 0.000 0.000 1.000
vn 0.000 0.000 1.000
vn 0.000 0.000 1.000
vn 0.000 0.000 1.000
vn 0.000 0.000 1.000
vn 0.000 0.000 1.000
vn 0.000 0.000 1.000
vn 0.000 0.000 1.000
vn 0.000 0.000 1.000
vn 0.000 0.000 1.000
vn 0.000 0.000 1.000
vn 0.000 0.000 1.000
vn 0.000 0.000 1.000
vn 0.000 0.000 1.000
vn 0.000 0.000 1.000
vn 0.000 0.000 1.000
vn 0.000 0.000 1.000
vn 0.000 0.000 1.000
vn 0.000 0.000 1.000
vn 0.000 0.000 1.000
vn 0.000 0.000 1.000
vn 0.000 0.000 1.000
vn 0.000 0.000 1.000
vn 0.000 0.000 1.000
vn 0.000 0.000 1.000
vn 0.000 0.000 1.000
vn 0.000 0.000 1.000
vn 1.000 0.000 0.000
vn 1.000 0.000 0.000
vn 0.866 0.500 0.000
vn 0.866 0.500 0.000
vn 0.500 0.866 0.000
vn 0.500 0.866 0.000
vn 0.000 1.000 0.000
vn 0.000 1.000 0.000
vn -0.500 0.866 0.000
vn -0.500 0.866 0.000
vn -0.866 0.500 0.000
vn -0.866 0.500 0.000
vn -1.000 0.000 0.000
vn -1.000 0.000 0.000
vn -0.866 -0.500 0.000
vn -0.866 -0.500 0.000
vn -0.500 -0.866 0.000
vn -0.500 -0.866 0.000
vn 0.000 -1.000 0.000
vn 0.000 -1.000 0.000
vn 0.500 -0.866 0.000
vn 0.500 -0.866 0.000
vn 0.866 -0.500 0.000
vn 0.866 -0.500 0.000
vn 0.000 0.000 1.000
vn 0.000 0.000 1.000
vn 0.000 0.000 1.000
vn 0.000 0.000 1.000
vn 0.000 0.000 1.000
vn 0.000 0.000 1.000
vn 0.000 0.000 1.000
vn 0.000 0.000 1.000
vn 0.000 0.000 1.000
vn 0.000 0.000 1.000
vn 0.000 0.000 1.000
vn 0.000 0.000 1.000
vn 0.000 0.000 1.000
vn 0.000 0.000 1.000
vn 0.000 0.000 1.000
vn 0.000 0.000 1.000
vn 0.000 0.000 1.000
vn 0.000 0.000 1.000
vn 0.000 0.000 1.000
vn 0.000 0.000 1.000
vn 0.000 0.000 1.000
vn 0.000 0.000 1.000
vn 0.000 0.000 1.000
vn 0.000 0.000 1.000
vn 1.000 0.000 0.000
vn 1.000 0.000 0.000
vn 0.866 0.500 0.000
vn 0.866 0.500 0.000
vn 0.500 0.866 0.000
vn 0.500 0.866 0.000
vn 0.000 1.000 0.000
vn 0.000 1.000 0.000
vn -0.500 0.866 0.000
vn -0.500 0.866 0.000
vn -0.866 0.500 0.000
vn -0.866 0.500 0.000
vn -1.000 0.000 0.000
vn -1.000 0.000 0.000
vn -0.866 -0.500 0.000
vn -0.866 -0.500 0.000
vn -0.500 -0.866 0.000
vn -0.500 -0.866 0.000
vn 0.000 -1.000 0.000
vn 0.000 -1.000 0.000
vn 0.500 -0.866 0.000
vn 0.500 -0.866 0.000
vn 0.866 -0.500 0.000
vn 0.866 -0.500 0.000
vn 0.000 0.000 1.000
vn 0.000 0.000 1.000
vn 0.000 0.000 1.000
vn 0.000 0.000 1.000
vn 0.000 0.000 1.000
vn 0.000 0.000 1.000
vn 0.000 0.000 1.000
vn 0.000 0.000 1.000
vn 0.000 0.000 1.000
vn 0.000 0.000 1.000
vn 0.000 0.000 1.000
vn 0.000 0.000 1.000
vn 0.000 0.000 1.000
vn 0.000 0.000 1.000
vn 0.000 0.000 1.000
vn 0.000 0.000 1.000
vn 0.000 0.000 1.000
vn 0.000 0.000 1.000
vn 0.000 0.000 1.000
vn 0.000 0.000 1.000
vn 0.000 0.000 1.000
vn 0.000 0.000 1.000
vn 0.000 0.000 1.000
vn 0.000 0.000 1.000
vn 0.866 0.500 0.000
vn 1.000 0.000 0.000
vn 1.000 0.000 0.000
vn 0.500 0.866 0.000
vn 0.866 0.500 0.000
vn 0.000 1.000 0.000
vn 0.500 0.866 0.000
vn -0.500 0.866 0.000
vn 0.000 1.000 0.000
vn -0.866 0.500 0.000
vn -0.500 0.866 0.000
vn -1.000 0.000 0.000
vn -0.866 0.500 0.000
vn -0.866 -0.500 0.000
vn -1.000 0.000 0.000
vn -0.500 -0.866 0.000
vn -0.866 -0.500 0.000
vn 0.000 -1.000 0.000
vn -0.500 -0.866 0.000
vn 0.500 -0.866 0.000
vn 0.000 -1.000 0.000
vn 0.866 -0.500 0.000
vn 0.500 -0.866 0.000
vn 0.866 -0.500 0.000
vn 0.000 0.000 1.000
vn 0.000 0.000 1.000
vn 0.000 0.000 1.000
vn 0.000 0.000 1.000
vn 0.000 0.000 1.000
vn 0.000 0.000 1.000
vn 0.000 0.000 1.000
vn 0.000 0.000 1.000
vn 0.000 0.000 1.000
vn 0.000 0.000 1.000
vn 0.000 0.000 1.000
vn 0.000 0.000 1.000
vn 0.000 0.000 1.000
vn 0.861 0.508 0.000
vn 0.683 0.730 0.000
vn 0.493 0.870 0.000
vn 0.861 0.508 0.000
vn 0.493 0.870 0.000
vn 0.139 0.990 0.000
vn -0.006 1.000 0.000
vn 0.268 0.963 0.000
vn 0.493 -0.870 0.000
vn 0.140 -0.990 0.000
vn 0.328 -0.945 0.000
vn -0.006 -1.000 0.000
vn -0.006 -1.000 0.000
vn 0.861 -0.508 0.000
vn 0.493 -0.870 0.000
vn 0.683 -0.730 0.000
vn -0.867 0.498 0.000
vn -0.966 0.260 0.000
vn -1.000 0.000 0.000
vn -0.867 0.498 0.000
vn -0.867 -0.498 0.000
vn -1.000 0.000 0.000
vn -0.965 -0.260 0.000
vn -0.503 -0.864 0.000
vn -0.712 -0.702 0.000
vn -0.529 -0.848 0.000
vn -0.872 -0.490 0.000
vn -0.213 -0.977 0.000
vn -0.243 -0.970 0.000
vn -0.201 -0.980 0.000
vn -0.280 -0.960 0.000
vn -0.323 -0.946 0.000
vn -0.503 -0.864 0.000
vn -0.503 -0.864 0.000
vn -0.151 -0.989 0.000
vn -0.213 -0.977 0.000
vn -0.502 -0.865 0.000
vn -0.346 -0.938 0.000
vn -0.683 -0.730 0.000
vn -0.711 -0.703 0.000
vn -0.867 -0.498 0.000
vn -0.529 -0.849 0.000
vn -0.964 -0.266 0.000
vn -0.966 -0.260 0.000
vn -1.000 0.000 0.000
vn -0.867 -0.498 0.000
vn -0.867 0.498 0.000
vn -0.964 0.266 0.000
vn -0.965 0.260 0.000
vn -1.000 0.000 0.000
vn -0.712 0.702 0.000
vn -0.529 0.848 0.000
vn -0.503 0.864 0.000
vn -0.683 0.730 0.000
vn -0.872 0.490 0.000
vn -0.006 1.000 0.000
vn -0.323 0.946 0.000
vn -0.503 0.864 0.000
vn -0.243 0.970 0.000
vn -0.213 0.977 0.000
vn -0.201 0.980 0.000
vn -0.213 0.977 0.000
vn -0.339 0.941 0.000
vn -0.502 0.865 0.000
vn -0.346 0.938 0.000
vn -0.151 0.989 0.000
vn -0.503 0.864 0.000
vn -0.673 0.739 0.000
vn -0.529 0.849 0.000
vn 0.861 -0.508 0.000
vn 0.496 -0.868 0.000
vn 0.861 -0.508 0.000
vn 0.861 -0.508 0.000
vn 0.705 -0.709 0.000
vn 0.000 -1.000 0.000
vn 0.496 -0.868 0.000
vn 0.258 -0.966 0.000
vn 0.000 -1.000 0.000
vn 0.000 -1.000 0.000
vn 0.000 -1.000 0.000
vn 0.000 -1.000 0.000
vn 0.000 -1.000 0.000
vn 0.000 -0.767 -0.642
vn 0.000 -0.944 -0.330
vn 0.000 -0.953 -0.302
vn 0.000 -0.901 -0.435
vn 0.000 -0.830 -0.558
vn 0.000 -0.942 -0.334
vn 0.000 -0.915 -0.403
vn 0.000 -0.824 -0.567
vn 0.000 -0.696 -0.718
vn 0.000 -0.696 -0.718
vn 0.000 0.254 -0.967
vn 0.000 -0.254 -0.967
vn 0.000 -0.254 -0.967
vn 0.000 0.000 -1.000
vn 0.000 0.764 -0.645
vn 0.000 0.942 -0.335
vn 0.000 0.953 -0.302
vn 0.000 0.897 -0.442
vn 0.000 0.824 -0.567
vn 0.000 0.944 -0.330
vn 0.000 0.918 -0.396
vn 0.000 0.829 -0.559
vn 0.000 0.696 -0.718
vn 0.000 0.696 -0.718
vn 0.000 0.396 -0.918
vn 0.000 0.389 -0.921
vn 0.000 0.254 -0.967
vn 0.000 0.415 -0.910
vn 0.000 0.446 -0.895
vn 0.000 0.372 -0.928
vn 0.000 0.475 -0.880
vn 0.000 0.485 -0.875
vn 0.000 -0.372 -0.928
vn 0.000 -0.475 -0.880
vn 0.000 -0.446 -0.895
vn 0.000 -0.485 -0.875
vn 0.000 -0.415 -0.910
vn 0.000 -0.396 -0.918
vn 0.000 -0.389 -0.921
vn 0.000 -0.389 -0.921
vn 0.000 0.389 -0.921
vn 0.000 1.000 0.000
vn 0.000 1.000 0.000
vn 0.000 1.000 0.000
vn 0.000 1.000 0.000
vn 1.000 0.000 0.000
vn 1.000 0.000 0.000
vn 1.000 0.000 0.000
vn 1.000 0.000 0.000
vn 1.000 0.000 0.000
vn 1.000 0.000 0.000
vn 0.000 1.000 0.000
vn 0.258 0.966 0.000
vn 0.496 0.868 0.000
vn 0.000 1.000 0.000
vn 0.496 0.868 0.000
vn 0.706 0.709 0.000
vn 0.861 0.508 0.000
vn 0.861 0.508 0.000
vn 0.000 0.000 1.000
vn 0.000 0.000 1.000
vn 0.000 0.000 1.000
vn 0.000 0.000 1.000
vn 0.000 0.000 1.000
vn 0.000 0.000 1.000
vn 0.000 0.000 1.000
vn 0.000 0.000 1.000
vn 0.000 0.000 1.000
vn 0.000 0.000 1.000
vn 0.000 0.000 1.000
vn 0.000 0.000 1.000
vn 0.000 0.000 1.000
vn 0.000 0.000 1.000
vn 0.000 0.000 1.000
vn 0.000 0.000 1.000
vn 0.000 0.000 1.000
vn 0.000 0.000 1.000
vn 0.000 0.000 1.000
vn 0.000 0.000 1.000
vn 0.000 0.000 1.000
vn 0.000 0.000 1.000
vn 0.000 0.000 1.000
vn 0.000 0.000 1.000
vn 0.000 0.000 1.000
vn 0.000 0.000 1.000
vn 0.000 0.000 1.000
vn 0.000 0.000 1.000
vn 0.000 0.000 1.000
vn 1.000 0.000 0.000
vn 1.000 0.000 0.000
vn 0.866 0.500 0.000
vn 0.866 0.500 0.000
vn 0.500 0.866 0.000
vn 0.500 0.866 0.000
vn 0.000 1.000 0.000
vn 0.000 1.000 0.000
vn -0.500 0.866 0.000
vn -0.500 0.866 0.000
vn -0.866 0.500 0.000
vn -0.866 0.500 0.000
vn -1.000 0.000 0.000
vn -1.000 0.000 0.000
vn -0.866 -0.500 0.000
vn -0.866 -0.500 0.000
vn -0.500 -0.866 0.000
vn -0.500 -0.866 0.000
vn 0.000 -1.000 0.000
vn 0.000 -1.000 0.000
vn 0.500 -0.866 0.000
vn 0.500 -0.866 0.000
vn 0.866 -0.500 0.000
vn 0.866 -0.500 0.000
vn 0.000 0.000 1.000
vn 0.000 0.000 1.000
vn 0.000 0.000 1.000
vn 0.000 0.000 1.000
vn 0.000 0.000 1.000
vn 0.000 0.000 1.000
vn 0.000 0.000 1.000
vn 0.000 0.000 1.000
vn 0.000 0.000 1.000
vn 0.000 0.000 1.000
vn 0.000 0.000 1.000
vn 0.000 0.000 1.000
vn 0.000 0.000 1.000
vn 0.000 0.000 1.000
vn 0.000 0.000 1.000
vn 0.000 0.000 1.000
vn 0.000 0.000 1.000
vn 0.000 0.000 1.000
vn 0.000 0.000 1.000
vn 0.000 0.000 1.000
vn 0.000 0.000 1.000
vn 0.000 0.000 1.000
vn 0.000 0.000 1.000
vn 0.000 0.000 1.000
vn -0.866 0.500 0.000
vn -1.000 0.000 0.000
vn -1.000 0.000 0.000
vn -0.500 0.866 0.000
vn -0.866 0.500 0.000
vn 0.000 1.000 0.000
vn -0.500 0.866 0.000
vn 0.500 0.866 0.000
vn 0.000 1.000 0.000
vn 0.866 0.500 0.000
vn 0.500 0.866 0.000
vn 1.000 0.000 0.000
vn 0.866 0.500 0.000
vn 0.866 -0.500 0.000
vn 1.000 0.000 0.000
vn 0.500 -0.866 0.000
vn 0.866 -0.500 0.000
vn 0.000 -1.000 0.000
vn 0.500 -0.866 0.000
vn -0.500 -0.866 0.000
vn 0.000 -1.000 0.000
vn -0.866 -0.500 0.000
vn -0.500 -0.866 0.000
vn -0.866 -0.500 0.000
vn 0.000 0.000 1.000
vn 0.000 0.000 1.000
vn 0.000 0.000 1.000
vn 0.000 0.000 1.000
vn 0.000 0.000 1.000
vn 0.000 0.000 1.000
vn 0.000 0.000 1.000
vn 0.000 0.000 1.000
vn 0.000 0.000 1.000
vn 0.000 0.000 1.000
vn 0.000 0.000 1.000
vn 0.000 0.000 1.000
vn 0.000 0.000 1.000
vt 0.0000 0.0000 0
vt 0.0628 0.0168 0
vt 0.0563 0.0325 0
vt 0.0460 0.0460 0
vt 0.0325 0.0563 0
vt 0.0168 0.0628 0
vt 0.0000 0.0650 0
vt -0.0168 0.0628 0
vt -0.0325 0.0563 0
vt -0.0460 0.0460 0
vt -0.0563 0.0325 0
vt -0.0628 0.0168 0
vt -0.0650 0.0000 0
vt -0.0628 -0.0168 0
vt -0.0563 -0.0325 0
vt -0.0460 -0.0460 0
vt -0.0325 -0.0563 0
vt -0.0168 -0.0628 0
vt 0.0000 -0.0650 0
vt 0.0168 -0.0628 0
vt 0.0325 -0.0563 0
vt 0.0460 -0.0460 0
vt 0.0563 -0.0325 0
vt 0.0628 -0.0168 0
vt 0.0650 0.0000 0
vt 6.2832 0.0300 0
vt 6.2832 0.0265 0
vt 6.5450 0.0265 0
vt 6.5450 0.0300 0
vt 6.8068 0.0265 0
vt 6.8068 0.0300 0
vt 0.7854 0.0265 0
vt 0.7854 0.0300 0
vt 1.0472 0.0265 0
vt 1.0472 0.0300 0
vt 1.3090 0.0265 0
vt 1.3090 0.0300 0
vt 1.5708 0.0265 0
vt 1.5708 0.0300 0
vt 1.8326 0.0265 0
vt 1.8326 0.0300 0
vt 2.0944 0.0265 0
vt 2.0944 0.0300 0
vt 2.3562 0.0265 0
vt 2.3562 0.0300 0
vt 2.6180 0.0265 0
vt 2.6180 0.0300 0
vt 2.8798 0.0265 0
vt 2.8798 0.0300 0
vt 3.1416 0.0265 0
vt 3.1416 0.0300 0
vt 3.4034 0.0265 0
vt 3.4034 0.0300 0
vt 3.6652 0.0265 0
vt 3.6652 0.0300 0
vt 3.9270 0.0265 0
vt 3.9270 0.0300 0
vt 4.1888 0.0265 0
vt 4.1888 0.0300 0
vt 4.4506 0.0265 0
vt 4.4506 0.0300 0
vt 4.7124 0.0265 0
vt 4.7124 0.0300 0
vt 4.9742 0.0265 0
vt 4.9742 0.0300 0
vt 5.2360 0.0265 0
vt 5.2360 0.0300 0
vt 5.4978 0.0265 0
vt 5.4978 0.0300 0
vt 5.7596 0.0265 0
vt 5.7596 0.0300 0
vt 6.0214 0.0265 0
vt 6.0214 0.0300 0
vt 0.0000 -0.1541 0
vt -0.0531 -0.1444 0
vt -0.0168 -0.1459 0
vt -0.0523 -0.1414 0
vt -0.0325 -0.1394 0
vt -0.0613 -0.1362 0
vt -0.0628 -0.0999 0
vt -0.0563 -0.1156 0
vt -0.0710 -0.0831 0
vt -0.0650 -0.0831 0
vt -0.0460 -0.1290 0
vt -0.0553 -0.1362 0
vt -0.0531 -0.1384 0
vt -0.0553 -0.1466 0
vt -0.0590 -0.1541 0
vt -0.0583 -0.1474 0
vt -0.0650 -0.1525 0
vt -0.0613 -0.1466 0
vt -0.0694 -0.1481 0
vt -0.0635 -0.1444 0
vt -0.0710 -0.1421 0
vt -0.0643 -0.1414 0
vt 0.0000 -0.1481 0
vt -0.0635 -0.1384 0
vt -0.0583 -0.1354 0
vt 0.0710 -0.1421 0
vt 0.0694 -0.1481 0
vt 0.0635 -0.1444 0
vt 0.0650 -0.1525 0
vt 0.0613 -0.1466 0
vt 0.0643 -0.1414 0
vt 0.0635 -0.1384 0
vt 0.0590 -0.1541 0
vt 0.0583 -0.1474 0
vt 0.0553 -0.1466 0
vt 0.0531 -0.1444 0
vt 0.0168 -0.1459 0
vt 0.0325 -0.1394 0
vt 0.0710 -0.0831 0
vt 0.0613 -0.1362 0
vt 0.0628 -0.0999 0
vt 0.0583 -0.1354 0
vt 0.0563 -0.1156 0
vt 0.0553 -0.1362 0
vt 0.0523 -0.1414 0
vt 0.0460 -0.1290 0
vt 0.0531 -0.1384 0
vt 0.0650 -0.0831 0
vt 0.0590 -0.0121 0
vt 0.0650 -0.0137 0
vt 0.0613 -0.0195 0
vt 0.0694 -0.0181 0
vt 0.0635 -0.0217 0
vt 0.0613 -0.0299 0
vt 0.0628 -0.0662 0
vt 0.0563 -0.0506 0
vt 0.0460 -0.0371 0
vt 0.0553 -0.0299 0
vt 0.0583 -0.0187 0
vt 0.0553 -0.0195 0
vt 0.0531 -0.0277 0
vt 0.0325 -0.0268 0
vt 0.0523 -0.0247 0
vt 0.0000 -0.0121 0
vt 0.0531 -0.0217 0
vt 0.0168 -0.0203 0
vt 0.0710 -0.0241 0
vt 0.0643 -0.0247 0
vt 0.0635 -0.0277 0
vt 0.0583 -0.0307 0
vt -0.0531 -0.0217 0
vt -0.0168 -0.0203 0
vt -0.0325 -0.0268 0
vt 0.0000 -0.0181 0
vt -0.0460 -0.0371 0
vt -0.0531 -0.0277 0
vt -0.0590 -0.0121 0
vt -0.0583 -0.0187 0
vt -0.0613 -0.0195 0
vt -0.0553 -0.0195 0
vt -0.0523 -0.0247 0
vt -0.0563 -0.0506 0
vt -0.0583 -0.0307 0
vt -0.0553 -0.0299 0
vt -0.0650 -0.0137 0
vt -0.0635 -0.0217 0
vt -0.0613 -0.0299 0
vt -0.0628 -0.0662 0
vt -0.0635 -0.0277 0
vt -0.0710 -0.0241 0
vt -0.0694 -0.0181 0
vt -0.0643 -0.0247 0
vt 0.0000 0.0128 0
vt 0.0000 0.0008 0
vt 0.5236 0.0008 0
vt 0.5236 0.0128 0
vt 1.0472 0.0008 0
vt 1.0472 0.0128 0
vt 1.5708 0.0008 0
vt 1.5708 0.0128 0
vt -0.5236 0.0000 0
vt 0.0000 0.0000 0
vt 0.0000 -0.0120 0
vt -1.0472 0.0000 0
vt -0.5236 -0.0120 0
vt 4.7124 0.0000 0
vt -1.0472 -0.0120 0
vt 4.1888 0.0000 0
vt 4.7124 -0.0120 0
vt 3.6652 0.0000 0
vt 4.1888 -0.0120 0
vt 3.1416 0.0000 0
vt 3.6652 -0.0120 0
vt 2.6180 0.0000 0
vt 3.1416 -0.0120 0
vt 2.0944 0.0000 0
vt 2.6180 -0.0120 0
vt 1.5708 0.0000 0
vt 2.0944 -0.0120 0
vt 1.0472 0.0000 0
vt 1.5708 -0.0120 0
vt 0.5236 0.0000 0
vt 1.0472 -0.0120 0
vt 0.5236 -0.0120 0
vt 4.7124 0.0128 0
vt 4.7124 0.0008 0
vt 5.2360 0.0008 0
vt 5.2360 0.0128 0
vt 5.7596 0.0008 0
vt 5.7596 0.0128 0
vt 6.2832 0.0008 0
vt 6.2832 0.0128 0
vt -0.5236 0.0000 0
vt 0.0000 0.0000 0
vt 0.0000 -0.0120 0
vt -1.0472 0.0000 0
vt -0.5236 -0.0120 0
vt 4.7124 0.0000 0
vt -1.0472 -0.0120 0
vt 4.1888 0.0000 0
vt 4.7124 -0.0120 0
vt 3.6652 0.0000 0
vt 4.1888 -0.0120 0
vt 3.1416 0.0000 0
vt 3.6652 -0.0120 0
vt 2.6180 0.0000 0
vt 3.1416 -0.0120 0
vt 2.0944 0.0000 0
vt 2.6180 -0.0120 0
vt 1.5708 0.0000 0
vt 2.0944 -0.0120 0
vt 1.0472 0.0000 0
vt 1.5708 -0.0120 0
vt 0.5236 0.0000 0
vt 1.0472 -0.0120 0
vt 0.5236 -0.0120 0
vt 1.5708 0.0128 0
vt 1.5708 0.0007 0
vt 2.0944 0.0007 0
vt 2.0944 0.0128 0
vt 2.6180 0.0007 0
vt 2.6180 0.0128 0
vt 3.1416 0.0007 0
vt 3.1416 0.0128 0
vt -0.5236 0.0000 0
vt 0.0000 0.0000 0
vt 0.0000 -0.0120 0
vt -1.0472 0.0000 0
vt -0.5236 -0.0120 0
vt 4.7124 0.0000 0
vt -1.0472 -0.0120 0
vt 4.1888 0.0000 0
vt 4.7124 -0.0120 0
vt 3.6652 0.0000 0
vt 4.1888 -0.0120 0
vt 3.1416 0.0000 0
vt 3.6652 -0.0120 0
vt 2.6180 0.0000 0
vt 3.1416 -0.0120 0
vt 2.0944 0.0000 0
vt 2.6180 -0.0120 0
vt 1.5708 0.0000 0
vt 2.0944 -0.0120 0
vt 1.0472 0.0000 0
vt 1.5708 -0.0120 0
vt 0.5236 0.0000 0
vt 1.0472 -0.0120 0
vt 0.5236 -0.0120 0
vt 3.1416 0.0128 0
vt 3.1416 0.0008 0
vt 3.6652 0.0008 0
vt 3.6652 0.0128 0
vt 4.1888 0.0008 0
vt 4.1888 0.0128 0
vt 4.7124 0.0008 0
vt 4.7124 0.0128 0
vt -0.5236 0.0000 0
vt 0.0000 0.0000 0
vt 0.0000 -0.0120 0
vt -1.0472 0.0000 0
vt -0.5236 -0.0120 0
vt 4.7124 0.0000 0
vt -1.0472 -0.0120 0
vt 4.1888 0.0000 0
vt 4.7124 -0.0120 0
vt 3.6652 0.0000 0
vt 4.1888 -0.0120 0
vt 3.1416 0.0000 0
vt 3.6652 -0.0120 0
vt 2.6180 0.0000 0
vt 3.1416 -0.0120 0
vt 2.0944 0.0000 0
vt 2.6180 -0.0120 0
vt 1.5708 0.0000 0
vt 2.0944 -0.0120 0
vt 1.0472 0.0000 0
vt 1.5708 -0.0120 0
vt 0.5236 0.0000 0
vt 1.0472 -0.0120 0
vt 0.5236 -0.0120 0
vt -0.2153 0.0290 0
vt -0.0173 0.0710 0
vt -0.0293 0.1130 0
vt -0.0293 0.0290 0
vt -0.0173 0.1300 0
vt -0.0293 0.1300 0
vt -0.0173 0.0120 0
vt -0.2153 0.1130 0
vt -0.0293 0.0120 0
vt -0.2380 -0.0054 0
vt -0.0520 -0.0054 0
vt -0.0520 0.0020 0
vt -0.2380 0.0020 0
vt -0.0650 -0.0154 0
vt -0.0613 -0.0212 0
vt -0.0635 -0.0234 0
vt -0.0590 -0.0138 0
vt -0.0583 -0.0204 0
vt -0.0531 -0.0234 0
vt -0.0420 -0.0138 0
vt -0.0420 -0.0211 0
vt -0.0464 -0.0308 0
vt -0.0531 -0.0294 0
vt -0.0523 -0.0264 0
vt -0.0553 -0.0212 0
vt -0.0540 -0.0383 0
vt -0.0553 -0.0316 0
vt -0.0636 -0.0428 0
vt -0.0583 -0.0324 0
vt -0.0613 -0.0316 0
vt -0.0710 -0.0428 0
vt -0.0635 -0.0294 0
vt -0.0710 -0.0258 0
vt -0.0643 -0.0264 0
vt -0.0694 -0.0198 0
vt -0.2380 -0.0074 0
vt -0.0520 -0.0074 0
vt -0.0520 0.0000 0
vt -0.2380 0.0000 0
vt 4.1053 0.0060 0
vt 4.4620 0.0060 0
vt 4.4620 -0.1800 0
vt 3.7487 0.0060 0
vt 4.1053 -0.1800 0
vt 3.3920 0.0060 0
vt 3.7487 -0.1800 0
vt 3.3920 -0.1800 0
vt -0.2153 0.0290 0
vt -0.0173 0.0710 0
vt -0.0293 0.1130 0
vt -0.0293 0.0290 0
vt -0.0173 0.1300 0
vt -0.0293 0.1300 0
vt -0.0173 0.0120 0
vt -0.2153 0.1130 0
vt -0.0293 0.0120 0
vt 0.2380 0.0000 0
vt 0.2380 0.0074 0
vt 0.0520 0.0074 0
vt 0.0520 0.0000 0
vt 0.0590 -0.0138 0
vt 0.0583 -0.0204 0
vt 0.0553 -0.0212 0
vt 0.0650 -0.0154 0
vt 0.0613 -0.0212 0
vt 0.0694 -0.0198 0
vt 0.0635 -0.0234 0
vt 0.0710 -0.0258 0
vt 0.0643 -0.0264 0
vt 0.0710 -0.0428 0
vt 0.0635 -0.0294 0
vt 0.0540 -0.0383 0
vt 0.0553 -0.0316 0
vt 0.0583 -0.0324 0
vt 0.0464 -0.0308 0
vt 0.0531 -0.0294 0
vt 0.0531 -0.0234 0
vt 0.0523 -0.0264 0
vt 0.0420 -0.0211 0
vt 0.0613 -0.0316 0
vt 0.0636 -0.0428 0
vt 0.0420 -0.0138 0
vt 5.6761 0.2380 0
vt 6.0328 0.2380 0
vt 6.0328 0.0520 0
vt 5.3195 0.2380 0
vt 5.6761 0.0520 0
vt 4.9628 0.2380 0
vt 5.3195 0.0520 0
vt 4.9628 0.0520 0
vt -0.2380 -0.0054 0
vt -0.0520 -0.0054 0
vt -0.0520 0.0020 0
vt -0.2380 0.0020 0
vt 0.2380 -0.0020 0
vt 0.2380 0.0054 0
vt 0.0520 0.0054 0
vt 0.0520 -0.0020 0
vt -0.0531 -0.1461 0
vt -0.0523 -0.1431 0
vt -0.0420 -0.1484 0
vt -0.0590 -0.1558 0
vt -0.0583 -0.1491 0
vt -0.0553 -0.1483 0
vt -0.0650 -0.1541 0
vt -0.0613 -0.1483 0
vt -0.0694 -0.1498 0
vt -0.0635 -0.1461 0
vt -0.0710 -0.1438 0
vt -0.0643 -0.1431 0
vt -0.0464 -0.1387 0
vt -0.0420 -0.1558 0
vt -0.0613 -0.1379 0
vt -0.0710 -0.1268 0
vt -0.0636 -0.1268 0
vt -0.0540 -0.1312 0
vt -0.0553 -0.1379 0
vt -0.0583 -0.1371 0
vt -0.0531 -0.1401 0
vt -0.0635 -0.1401 0
vt 2.5345 0.2380 0
vt 2.8912 0.2380 0
vt 2.8912 0.0520 0
vt 2.1779 0.2380 0
vt 2.5345 0.0520 0
vt 1.8212 0.2380 0
vt 2.1779 0.0520 0
vt 1.8212 0.0520 0
vt -0.2380 -0.0074 0
vt -0.0520 -0.0074 0
vt -0.0520 0.0000 0
vt -0.2380 0.0000 0
vt 0.2380 0.0820 0
vt 0.0400 0.0400 0
vt 0.0520 -0.0020 0
vt 0.0400 0.0990 0
vt 0.0520 0.0820 0
vt 0.2380 -0.0020 0
vt 0.0400 -0.0190 0
vt 0.0520 -0.0190 0
vt 0.0520 0.0990 0
vt 0.2380 0.0054 0
vt 0.0520 0.0054 0
vt 0.0520 -0.0020 0
vt 0.2380 -0.0020 0
vt 0.0540 0.0464 0
vt 0.0464 0.0540 0
vt -0.0540 -0.0464 0
vt -0.0464 -0.0540 0
vt 0.0636 0.0420 0
vt -0.0420 -0.0636 0
vt -0.0636 -0.0420 0
vt 0.0420 0.0636 0
vt -0.0420 -0.0710 0
vt 0.0420 -0.0710 0
vt 0.0420 -0.0636 0
vt -0.0464 0.0540 0
vt -0.0540 0.0464 0
vt 0.0420 0.0710 0
vt -0.0420 0.0710 0
vt -0.0420 0.0636 0
vt -0.0710 0.0420 0
vt -0.0710 -0.0420 0
vt 0.0464 -0.0540 0
vt -0.0636 0.0420 0
vt 0.0710 -0.0420 0
vt 0.0710 0.0420 0
vt 0.0540 -0.0464 0
vt 0.0636 -0.0420 0
vt 0.0710 -0.1438 0
vt 0.0643 -0.1431 0
vt 0.0635 -0.1401 0
vt 0.0694 -0.1498 0
vt 0.0635 -0.1461 0
vt 0.0650 -0.1541 0
vt 0.0613 -0.1483 0
vt 0.0590 -0.1558 0
vt 0.0583 -0.1491 0
vt 0.0420 -0.1558 0
vt 0.0553 -0.1483 0
vt 0.0531 -0.1461 0
vt 0.0420 -0.1484 0
vt 0.0540 -0.1312 0
vt 0.0553 -0.1379 0
vt 0.0531 -0.1401 0
vt 0.0636 -0.1268 0
vt 0.0583 -0.1371 0
vt 0.0613 -0.1379 0
vt 0.0523 -0.1431 0
vt 0.0464 -0.1387 0
vt 0.0710 -0.1268 0
vt 0.2380 0.0000 0
vt 0.2380 0.0074 0
vt 0.0520 0.0074 0
vt 0.0520 0.0000 0
vt 0.9637 0.2380 0
vt 1.3204 0.2380 0
vt 1.3204 0.0520 0
vt 0.6071 0.2380 0
vt 0.9637 0.0520 0
vt 0.2504 0.2380 0
vt 0.6071 0.0520 0
vt 0.2504 0.0520 0
vt 0.2039 -0.0785 0
vt 0.2153 -0.0290 0
vt 0.2051 -0.0614 0
vt 0.2051 -0.0407 0
vt 0.2153 -0.1130 0
vt 0.2051 -0.0807 0
vt 0.2049 -0.0397 0
vt 0.2051 -0.1014 0
vt 0.2044 -0.0389 0
vt 0.0293 -0.0290 0
vt 0.1797 -0.0794 0
vt 0.1807 -0.0785 0
vt 0.0173 -0.0710 0
vt 0.1794 -0.0807 0
vt 0.0293 -0.1130 0
vt 0.2026 -0.1039 0
vt 0.1819 -0.1039 0
vt 0.2048 -0.0794 0
vt 0.1819 -0.0639 0
vt 0.1819 -0.0782 0
vt 0.2026 -0.0782 0
vt 0.2049 -0.0623 0
vt 0.1794 -0.0614 0
vt 0.1794 -0.1014 0
vt 0.2036 -0.1037 0
vt 0.2049 -0.1023 0
vt 0.2036 -0.0637 0
vt 0.2026 -0.0639 0
vt 0.2044 -0.0631 0
vt 0.1819 -0.0382 0
vt 0.1797 -0.0394 0
vt 0.1807 -0.0385 0
vt 0.1794 -0.0407 0
vt 0.1797 -0.1026 0
vt 0.2044 -0.1031 0
vt 0.2036 -0.0383 0
vt 0.2026 -0.0382 0
vt 0.1807 -0.1035 0
vt 0.1807 -0.0635 0
vt 0.1797 -0.0626 0
vt 0.0173 -0.0120 0
vt 0.0173 -0.1300 0
vt 0.0293 -0.1300 0
vt 0.0292 -0.0120 0
vt 1.5708 0.0025 0
vt 1.5708 0.0000 0
vt 1.9635 0.0000 0
vt 1.9635 0.0025 0
vt 2.3562 0.0000 0
vt 2.3562 0.0025 0
vt 2.7489 0.0000 0
vt 2.7489 0.0025 0
vt 3.1416 0.0000 0
vt 3.1416 0.0025 0
vt 0.0000 0.0104 0
vt 0.0000 -0.0104 0
vt 0.0025 -0.0104 0
vt 0.0025 0.0104 0
vt 3.1416 0.0025 0
vt 3.1416 0.0000 0
vt 3.5343 0.0000 0
vt 3.5343 0.0025 0
vt 3.9270 0.0000 0
vt 3.9270 0.0025 0
vt 4.3197 0.0000 0
vt 4.3197 0.0025 0
vt 4.7124 0.0000 0
vt 4.7124 0.0025 0
vt 0.0207 0.0000 0
vt 0.0000 0.0000 0
vt 0.0000 -0.0025 0
vt 0.0207 -0.0025 0
vt 4.7124 0.0025 0
vt 4.7124 0.0000 0
vt 5.2360 0.0000 0
vt 5.2360 0.0025 0
vt 5.7596 0.0000 0
vt 5.7596 0.0025 0
vt 6.2832 0.0000 0
vt 6.2832 0.0025 0
vt -0.0025 -0.0207 0
vt 0.0000 -0.0207 0
vt 0.0000 0.0000 0
vt -0.0025 0.0000 0
vt 0.0000 0.0025 0
vt 0.0000 0.0000 0
vt 0.5236 0.0000 0
vt 0.5236 0.0025 0
vt 1.0472 0.0000 0
vt 1.0472 0.0025 0
vt 1.5708 0.0000 0
vt 1.5708 0.0025 0
vt 0.0207 0.0000 0
vt 0.0000 0.0000 0
vt 0.0000 -0.0025 0
vt 0.0207 -0.0025 0
vt 0.0060 0.0104 0
vt 0.0121 0.0121 0
vt 0.0113 0.0127 0
vt -0.0129 0.0104 0
vt -0.0129 -0.0104 0
vt -0.0120 0.0000 0
vt -0.0060 -0.0104 0
vt -0.0125 -0.0116 0
vt -0.0116 -0.0125 0
vt -0.0104 -0.0060 0
vt 0.0060 -0.0104 0
vt 0.0104 -0.0129 0
vt 0.0113 -0.0127 0
vt 0.0129 -0.0104 0
vt 0.0129 0.0104 0
vt 0.0120 0.0000 0
vt 0.0127 0.0113 0
vt 0.0104 0.0060 0
vt -0.0060 0.0104 0
vt -0.0125 0.0116 0
vt -0.0104 0.0129 0
vt -0.0116 0.0125 0
vt 0.0127 -0.0113 0
vt 0.0121 -0.0121 0
vt -0.0104 -0.0129 0
vt 0.0104 0.0129 0
vt -0.0104 0.0060 0
vt 0.0104 -0.0060 0
vt 0.0000 -0.0120 0
vt 0.0000 0.0120 0
vt 0.0000 -0.0207 0
vt 0.0000 0.0000 0
vt -0.0025 0.0000 0
vt -0.0025 -0.0207 0
vt 0.0000 0.0025 0
vt 0.0000 0.0000 0
vt 0.5236 0.0000 0
vt 0.5236 0.0025 0
vt 1.0472 0.0000 0
vt 1.0472 0.0025 0
vt 1.5708 0.0000 0
vt 1.5708 0.0025 0
vt 0.0207 0.0000 0
vt 0.0000 0.0000 0
vt 0.0000 -0.0025 0
vt 0.0207 -0.0025 0
vt 1.5708 0.0025 0
vt 1.5708 0.0000 0
vt 2.0944 0.0000 0
vt 2.0944 0.0025 0
vt 2.6180 0.0000 0
vt 2.6180 0.0025 0
vt 3.1416 0.0000 0
vt 3.1416 0.0025 0
vt 0.0025 0.0104 0
vt 0.0000 0.0104 0
vt 0.0000 -0.0104 0
vt 0.0025 -0.0104 0
vt 3.1416 0.0025 0
vt 3.1416 0.0000 0
vt 3.5343 0.0000 0
vt 3.5343 0.0025 0
vt 3.9270 0.0000 0
vt 3.9270 0.0025 0
vt 4.3197 0.0000 0
vt 4.3197 0.0025 0
vt 4.7124 0.0000 0
vt 4.7124 0.0025 0
vt 0.0207 0.0000 0
vt 0.0000 0.0000 0
vt 0.0000 -0.0025 0
vt 0.0207 -0.0025 0
vt 4.7124 0.0025 0
vt 4.7124 0.0000 0
vt 5.2360 0.0000 0
vt 5.2360 0.0025 0
vt 5.7596 0.0000 0
vt 5.7596 0.0025 0
vt 6.2832 0.0000 0
vt 6.2832 0.0025 0
vt -0.0129 0.0104 0
vt -0.0129 -0.0104 0
vt -0.0120 0.0000 0
vt -0.0060 -0.0104 0
vt -0.0125 -0.0116 0
vt -0.0116 -0.0125 0
vt -0.0104 -0.0060 0
vt 0.0060 -0.0104 0
vt 0.0104 -0.0129 0
vt 0.0113 -0.0127 0
vt 0.0129 -0.0104 0
vt 0.0129 0.0104 0
vt 0.0120 0.0000 0
vt 0.0060 0.0104 0
vt 0.0125 0.0116 0
vt 0.0116 0.0125 0
vt 0.0104 0.0060 0
vt -0.0060 0.0104 0
vt -0.0125 0.0116 0
vt -0.0104 0.0129 0
vt -0.0116 0.0125 0
vt 0.0127 -0.0113 0
vt 0.0121 -0.0121 0
vt -0.0104 -0.0129 0
vt 0.0104 0.0129 0
vt -0.0104 0.0060 0
vt 0.0104 -0.0060 0
vt 0.0000 -0.0120 0
vt 0.0000 0.0120 0
vt 6.2832 0.0000 0
vt 6.8068 0.0000 0
vt 6.5523 0.0044 0
vt 6.8068 0.0056 0
vt 6.2832 0.0040 0
vt 6.0142 0.0044 0
vt 5.7596 0.0000 0
vt 5.2360 0.0000 0
vt 5.4281 0.0080 0
vt 5.3821 0.0084 0
vt 5.7495 0.0056 0
vt 4.7124 0.0000 0
vt 4.8519 0.0133 0
vt 4.7849 0.0136 0
vt 4.9743 0.0123 0
vt 5.2030 0.0101 0
vt 5.2356 0.0098 0
vt 4.2292 0.0102 0
vt 4.1902 0.0098 0
vt 4.7124 0.0138 0
vt 4.6394 0.0136 0
vt 4.4207 0.0120 0
vt 4.1888 0.0000 0
vt 3.9967 0.0080 0
vt 3.6652 0.0056 0
vt 4.0427 0.0084 0
vt 3.1416 0.0000 0
vt 3.6652 0.0000 0
vt 3.4107 0.0044 0
vt 3.1416 0.0040 0
vt 2.8726 0.0044 0
vt 2.6180 0.0000 0
vt 2.0944 0.0000 0
vt 2.2865 0.0080 0
vt 2.2405 0.0084 0
vt 2.6079 0.0056 0
vt 1.5708 0.0000 0
vt 1.8317 0.0123 0
vt 1.6411 0.0136 0
vt 2.0614 0.0101 0
vt 2.0940 0.0098 0
vt 1.0824 0.0101 0
vt 1.0472 0.0098 0
vt 1.5587 0.0138 0
vt 1.4409 0.0133 0
vt 1.3370 0.0125 0
vt 1.0472 0.0000 0
vt 7.1383 0.0080 0
vt 7.1843 0.0084 0
vt 7.8540 0.0000 0
vt 1.7102 0.0133 0
vt 1.6430 0.0136 0
vt 1.8324 0.0123 0
vt 2.0614 0.0101 0
vt 2.0944 0.0000 0
vt 2.0939 0.0098 0
vt 1.0817 0.0101 0
vt 1.0472 0.0098 0
vt 7.8540 0.0138 0
vt 7.7813 0.0136 0
vt 7.5625 0.0120 0
vt 1.0472 0.0000 0
vt 7.0828 0.0075 0
vt 6.8068 0.0056 0
vt 6.2832 0.0000 0
vt 6.8068 0.0000 0
vt 6.5523 0.0044 0
vt 6.2832 0.0040 0
vt 6.0142 0.0044 0
vt 5.7596 0.0000 0
vt 5.2360 0.0000 0
vt 5.7495 0.0056 0
vt 5.4832 0.0075 0
vt 4.7124 0.0000 0
vt 4.8519 0.0133 0
vt 4.7848 0.0136 0
vt 4.9741 0.0123 0
vt 5.2030 0.0101 0
vt 5.2353 0.0098 0
vt 4.2233 0.0101 0
vt 4.1888 0.0098 0
vt 4.7124 0.0138 0
vt 4.6397 0.0136 0
vt 4.4212 0.0120 0
vt 4.1888 0.0000 0
vt 3.9408 0.0075 0
vt 3.6652 0.0056 0
vt 3.1416 0.0000 0
vt 3.6652 0.0000 0
vt 3.4107 0.0044 0
vt 3.1416 0.0040 0
vt 2.8726 0.0044 0
vt 2.6180 0.0000 0
vt 2.6079 0.0056 0
vt 2.2865 0.0080 0
vt 0.5334 0.0370 0
vt 0.8181 0.0036 0
vt 1.0550 0.0057 0
vt 0.5334 0.0016 0
vt 1.0550 0.0370 0
vt 1.4311 0.0086 0
vt 1.5767 0.0090 0
vt 1.2988 0.0078 0
vt 5.2281 0.0370 0
vt 4.8527 0.0086 0
vt 5.0473 0.0073 0
vt 4.7065 0.0370 0
vt 4.7065 0.0090 0
vt 5.7498 0.0370 0
vt 5.2276 0.0057 0
vt 5.4657 0.0036 0
vt 3.4105 0.0004 0
vt 3.4049 0.0013 0
vt 3.1416 0.0009 0
vt 3.6632 0.0015 0
vt 3.6632 0.0025 0
vt 2.6200 0.0015 0
vt 2.8720 0.0004 0
vt 2.8781 0.0013 0
vt 3.1416 0.0000 0
vt 2.0976 0.0056 0
vt 2.2659 0.0054 0
vt 2.1287 0.0069 0
vt 2.3235 0.0036 0
vt 2.3097 0.0050 0
vt 2.6297 0.0025 0
vt 1.5767 0.0370 0
vt 1.8995 0.0159 0
vt 2.0983 0.0185 0
vt 1.7849 0.0137 0
vt 1.7735 0.0127 0
vt 1.9163 0.0072 0
vt 2.0964 0.0072 0
vt 1.8788 0.0101 0
vt 1.7221 0.0086 0
vt 1.8108 0.0113 0
vt 2.0983 0.0370 0
vt 2.3097 0.0207 0
vt 2.6200 0.0232 0
vt 2.1284 0.0188 0
vt 2.2659 0.0203 0
vt 2.6200 0.0370 0
vt 2.8782 0.0244 0
vt 3.1416 0.0249 0
vt 3.6632 0.0370 0
vt 3.1416 0.0370 0
vt 3.4050 0.0244 0
vt 4.1849 0.0370 0
vt 4.0173 0.0203 0
vt 4.1557 0.0188 0
vt 3.9735 0.0207 0
vt 3.6534 0.0232 0
vt 4.4976 0.0120 0
vt 4.4671 0.0112 0
vt 4.5100 0.0129 0
vt 4.4296 0.0077 0
vt 4.3828 0.0097 0
vt 4.1849 0.0072 0
vt 4.1849 0.0056 0
vt 4.5613 0.0086 0
vt 4.4974 0.0137 0
vt 4.1916 0.0184 0
vt 4.3590 0.0163 0
vt 3.9590 0.0036 0
vt 4.0173 0.0054 0
vt 4.1548 0.0069 0
vt 3.9735 0.0050 0
vt 5.7498 0.0016 0
vt 2.0895 0.0370 0
vt 2.6082 0.0370 0
vt 2.6082 0.0016 0
vt 2.3536 0.0013 0
vt 1.5708 0.0370 0
vt 2.0895 0.0012 0
vt 1.8315 0.0010 0
vt 1.5708 0.0010 0
vt -0.0370 0.0000 0
vt -0.0010 0.0000 0
vt -0.0010 0.0000 0
vt -0.0370 0.0000 0
vt 4.0152 0.0139 0
vt 4.3760 0.0110 0
vt 4.4055 0.0128 0
vt 4.2621 0.0087 0
vt 4.1199 0.0067 0
vt 4.3715 0.0146 0
vt 4.2982 0.0162 0
vt 4.1095 0.0189 0
vt 3.9105 0.0211 0
vt 3.9105 0.0044 0
vt 3.3977 0.0000 0
vt 3.1416 0.0250 0
vt 2.8849 0.0246 0
vt 3.3977 0.0246 0
vt 2.2726 0.0116 0
vt 1.9118 0.0146 0
vt 1.8776 0.0128 0
vt 2.0287 0.0169 0
vt 2.1731 0.0189 0
vt 1.9070 0.0110 0
vt 1.9779 0.0095 0
vt 2.1637 0.0067 0
vt 2.3721 0.0044 0
vt 2.3721 0.0211 0
vt 2.8849 0.0000 0
vt 2.7348 0.0007 0
vt 2.7419 0.0000 0
vt 2.7140 0.0013 0
vt 2.6795 0.0018 0
vt 2.7602 0.0134 0
vt 2.6466 0.0234 0
vt 2.6355 0.0022 0
vt 3.5227 0.0134 0
vt 3.6366 0.0234 0
vt 3.6036 0.0018 0
vt 3.6477 0.0022 0
vt 3.5692 0.0013 0
vt 3.5484 0.0007 0
vt 3.5413 0.0000 0
vt 3.5413 0.0000 0
vt 2.7419 0.0000 0
vt 0.0370 0.0016 0
vt 0.0010 0.0016 0
vt 0.0010 0.0015 0
vt 0.0370 0.0015 0
vt -0.0370 -0.0100 0
vt -0.0004 -0.0017 0
vt -0.0010 0.0000 0
vt -0.0010 -0.0100 0
vt -0.0004 -0.0083 0
vt -0.0370 0.0000 0
vt 4.7124 -0.0370 0
vt 4.9734 -0.0010 0
vt 5.2311 -0.0012 0
vt 4.7124 -0.0010 0
vt 5.2311 -0.0370 0
vt 5.4956 -0.0013 0
vt 5.7498 -0.0016 0
vt 5.7498 -0.0370 0
vt -0.0105 0.0062 0
vt -0.0060 0.0107 0
vt -0.0057 0.0098 0
vt 0.0001 0.0122 0
vt 0.0000 0.0113 0
vt -0.0128 0.0050 0
vt -0.0127 0.0050 0
vt -0.0113 0.0000 0
vt 0.0062 0.0106 0
vt 0.0057 0.0098 0
vt 0.0106 0.0061 0
vt 0.0098 0.0057 0
vt 0.0123 0.0000 0
vt 0.0113 0.0000 0
vt 0.0062 -0.0106 0
vt 0.0057 -0.0098 0
vt 0.0098 -0.0057 0
vt 0.0001 -0.0122 0
vt 0.0000 -0.0113 0
vt -0.0060 -0.0107 0
vt -0.0057 -0.0098 0
vt -0.0105 -0.0062 0
vt -0.0098 -0.0057 0
vt -0.0115 -0.0053 0
vt -0.0127 -0.0050 0
vt -0.0098 0.0057 0
vt -0.0115 0.0053 0
vt -0.0128 -0.0050 0
vt 0.0106 -0.0061 0
vt 6.2832 0.0070 0
vt 6.2832 -0.0041 0
vt 6.8068 -0.0041 0
vt 6.8068 0.0070 0
vt 1.0472 -0.0041 0
vt 1.0472 0.0070 0
vt 1.5708 -0.0041 0
vt 1.5708 0.0070 0
vt 2.0944 -0.0041 0
vt 2.0944 0.0070 0
vt 2.6180 -0.0041 0
vt 2.6180 0.0070 0
vt 3.1416 -0.0041 0
vt 3.1416 0.0070 0
vt 3.6652 -0.0041 0
vt 3.6652 0.0070 0
vt 4.1888 -0.0041 0
vt 4.1888 0.0070 0
vt 4.7124 -0.0041 0
vt 4.7124 0.0070 0
vt 5.2360 -0.0041 0
vt 5.2360 0.0070 0
vt 5.7596 -0.0041 0
vt 5.7596 0.0070 0
vt 0.0098 0.0057 0
vt 0.0113 0.0000 0
vt 0.0108 0.0000 0
vt 0.0098 -0.0057 0
vt 0.0093 -0.0054 0
vt 0.0057 -0.0098 0
vt 0.0054 -0.0093 0
vt -0.0057 0.0098 0
vt 0.0000 0.0113 0
vt 0.0000 0.0108 0
vt 0.0057 0.0098 0
vt 0.0054 0.0093 0
vt 0.0000 -0.0113 0
vt 0.0000 -0.0108 0
vt -0.0098 0.0057 0
vt -0.0054 0.0093 0
vt 0.0093 0.0054 0
vt -0.0093 0.0054 0
vt -0.0108 0.0000 0
vt -0.0057 -0.0098 0
vt -0.0054 -0.0093 0
vt -0.0098 -0.0057 0
vt -0.0093 -0.0054 0
vt -0.0113 0.0000 0
vt 6.2832 0.0055 0
vt 6.2832 0.0000 0
vt 6.8068 0.0000 0
vt 6.8068 0.0055 0
vt 7.3304 0.0000 0
vt 7.3304 0.0055 0
vt 1.5708 0.0000 0
vt 1.5708 0.0055 0
vt 2.0944 0.0000 0
vt 2.0944 0.0055 0
vt 2.6180 0.0000 0
vt 2.6180 0.0055 0
vt 3.1416 0.0000 0
vt 3.1416 0.0055 0
vt 3.6652 0.0000 0
vt 3.6652 0.0055 0
vt 4.1888 0.0000 0
vt 4.1888 0.0055 0
vt 4.7124 0.0000 0
vt 4.7124 0.0055 0
vt 5.2360 0.0000 0
vt 5.2360 0.0055 0
vt 5.7596 0.0000 0
vt 5.7596 0.0055 0
vt 0.0000 0.0108 0
vt 0.0054 0.0093 0
vt 0.0046 0.0079 0
vt 0.0093 0.0054 0
vt 0.0079 0.0046 0
vt -0.0054 0.0093 0
vt -0.0046 0.0079 0
vt -0.0079 0.0046 0
vt 0.0000 0.0091 0
vt 0.0108 0.0000 0
vt 0.0091 0.0000 0
vt 0.0054 -0.0093 0
vt 0.0046 -0.0079 0
vt 0.0079 -0.0046 0
vt 0.0000 -0.0108 0
vt 0.0000 -0.0091 0
vt -0.0093 -0.0054 0
vt -0.0079 -0.0046 0
vt -0.0046 -0.0079 0
vt -0.0108 0.0000 0
vt -0.0091 0.0000 0
vt 0.0093 -0.0054 0
vt -0.0054 -0.0093 0
vt -0.0093 0.0054 0
vt -0.5236 0.0090 0
vt 0.0000 0.0090 0
vt 0.0000 0.0000 0
vt -1.0472 0.0090 0
vt -0.5236 0.0000 0
vt 4.7124 0.0090 0
vt -1.0472 0.0000 0
vt 4.1888 0.0090 0
vt 4.7124 0.0000 0
vt 3.6652 0.0090 0
vt 4.1888 0.0000 0
vt 3.1416 0.0090 0
vt 3.6652 0.0000 0
vt 2.6180 0.0090 0
vt 3.1416 0.0000 0
vt 2.0944 0.0090 0
vt 2.6180 0.0000 0
vt 1.5708 0.0090 0
vt 2.0944 0.0000 0
vt 1.0472 0.0090 0
vt 1.5708 0.0000 0
vt 0.5236 0.0090 0
vt 1.0472 0.0000 0
vt 0.5236 0.0000 0
vt 0.0000 0.0000 0
vt 0.0079 -0.0046 0
vt 0.0046 -0.0079 0
vt 0.0000 -0.0091 0
vt -0.0046 -0.0079 0
vt -0.0079 -0.0046 0
vt -0.0091 0.0000 0
vt -0.0079 0.0046 0
vt -0.0046 0.0079 0
vt 0.0000 0.0091 0
vt 0.0046 0.0079 0
vt 0.0079 0.0046 0
vt 0.0091 0.0000 0
vt 0.5334 0.0370 0
vt 0.8187 0.0036 0
vt 1.0550 0.0057 0
vt 0.5334 0.0016 0
vt 1.0550 0.0370 0
vt 1.4313 0.0086 0
vt 1.5767 0.0090 0
vt 1.2990 0.0078 0
vt 5.2281 0.0370 0
vt 4.8524 0.0086 0
vt 5.0468 0.0073 0
vt 4.7065 0.0370 0
vt 4.7065 0.0090 0
vt 5.7498 0.0370 0
vt 5.2276 0.0057 0
vt 5.4644 0.0036 0
vt 2.6200 0.0370 0
vt 2.8782 0.0244 0
vt 3.1416 0.0249 0
vt 2.6200 0.0232 0
vt 3.6632 0.0370 0
vt 3.1416 0.0370 0
vt 3.4050 0.0244 0
vt 4.1849 0.0370 0
vt 3.9201 0.0212 0
vt 4.1545 0.0188 0
vt 3.6534 0.0232 0
vt 4.4976 0.0120 0
vt 4.4671 0.0112 0
vt 4.5100 0.0128 0
vt 4.4290 0.0077 0
vt 4.3830 0.0097 0
vt 4.1849 0.0072 0
vt 4.1849 0.0056 0
vt 4.5610 0.0086 0
vt 4.4975 0.0137 0
vt 4.1863 0.0185 0
vt 4.3594 0.0163 0
vt 3.9603 0.0036 0
vt 3.9208 0.0045 0
vt 3.6632 0.0025 0
vt 4.1551 0.0069 0
vt 3.4112 0.0004 0
vt 3.4049 0.0013 0
vt 3.1416 0.0009 0
vt 3.6632 0.0015 0
vt 2.6200 0.0015 0
vt 2.8720 0.0004 0
vt 2.8781 0.0013 0
vt 3.1416 0.0000 0
vt 2.3627 0.0045 0
vt 2.1287 0.0069 0
vt 2.0976 0.0056 0
vt 2.3229 0.0036 0
vt 2.6297 0.0025 0
vt 1.5767 0.0370 0
vt 1.9001 0.0160 0
vt 2.0983 0.0185 0
vt 1.8160 0.0145 0
vt 1.7855 0.0137 0
vt 1.7732 0.0129 0
vt 1.7857 0.0120 0
vt 1.9162 0.0072 0
vt 2.0969 0.0072 0
vt 1.9240 0.0094 0
vt 1.7224 0.0086 0
vt 2.0983 0.0370 0
vt 2.3097 0.0207 0
vt 2.1282 0.0188 0
vt 5.7498 0.0016 0
vt 2.0895 0.0370 0
vt 2.6082 0.0370 0
vt 2.6082 0.0016 0
vt 2.3536 0.0013 0
vt 1.5708 0.0370 0
vt 2.0895 0.0012 0
vt 1.8315 0.0010 0
vt 1.5708 0.0010 0
vt 0.0000 0.0015 0
vt 0.0360 0.0015 0
vt 0.0360 0.0016 0
vt 0.0000 0.0016 0
vt 4.0158 0.0139 0
vt 4.3761 0.0110 0
vt 4.4055 0.0128 0
vt 4.2625 0.0087 0
vt 4.1199 0.0067 0
vt 4.3714 0.0146 0
vt 4.2978 0.0162 0
vt 4.1095 0.0189 0
vt 3.9117 0.0211 0
vt 3.9117 0.0044 0
vt 2.8849 0.0000 0
vt 3.3983 0.0000 0
vt 3.3983 0.0246 0
vt 3.1416 0.0250 0
vt 2.2723 0.0116 0
vt 1.9119 0.0146 0
vt 1.8776 0.0128 0
vt 2.0286 0.0169 0
vt 2.1731 0.0189 0
vt 1.9069 0.0110 0
vt 1.9778 0.0095 0
vt 2.1637 0.0067 0
vt 2.3715 0.0044 0
vt 2.3715 0.0211 0
vt 2.7348 0.0007 0
vt 2.7419 0.0000 0
vt 2.8849 0.0246 0
vt 2.7140 0.0013 0
vt 2.6795 0.0018 0
vt 2.7602 0.0134 0
vt 2.6466 0.0234 0
vt 2.6355 0.0022 0
vt 3.5230 0.0134 0
vt 3.6366 0.0234 0
vt 3.6036 0.0018 0
vt 3.6477 0.0022 0
vt 3.5692 0.0013 0
vt 3.5484 0.0007 0
vt 3.5413 0.0000 0
vt 3.5413 0.0000 0
vt 2.7419 0.0000 0
vt 0.0000 0.0000 0
vt -0.0360 0.0000 0
vt -0.0360 0.0000 0
vt 0.0000 0.0000 0
vt 0.0000 0.0100 0
vt 0.0366 0.0017 0
vt 0.0366 0.0083 0
vt 0.0000 0.0000 0
vt 0.0360 0.0000 0
vt 0.0360 0.0100 0
vt 4.7124 -0.0370 0
vt 4.9734 -0.0010 0
vt 5.2311 -0.0012 0
vt 4.7124 -0.0010 0
vt 5.2311 -0.0370 0
vt 5.4956 -0.0013 0
vt 5.7498 -0.0016 0
vt 5.7498 -0.0370 0
vt 0.0001 0.0122 0
vt 0.0062 0.0106 0
vt 0.0057 0.0098 0
vt 0.0106 0.0061 0
vt 0.0098 0.0057 0
vt 0.0106 -0.0061 0
vt 0.0098 -0.0057 0
vt 0.0114 0.0000 0
vt 0.0062 -0.0106 0
vt 0.0057 -0.0098 0
vt -0.0128 0.0050 0
vt -0.0127 0.0050 0
vt -0.0114 0.0000 0
vt -0.0060 0.0107 0
vt 0.0000 0.0114 0
vt 0.0001 -0.0122 0
vt 0.0000 -0.0114 0
vt -0.0060 -0.0107 0
vt -0.0057 -0.0098 0
vt -0.0105 -0.0062 0
vt -0.0098 -0.0057 0
vt -0.0115 -0.0053 0
vt -0.0127 -0.0050 0
vt -0.0098 0.0057 0
vt -0.0115 0.0053 0
vt -0.0128 -0.0050 0
vt -0.0105 0.0062 0
vt -0.0057 0.0098 0
vt 0.0123 0.0000 0
vt 6.2832 0.0090 0
vt 6.2832 -0.0072 0
vt 6.8068 -0.0072 0
vt 6.8068 0.0090 0
vt 1.0472 -0.0072 0
vt 1.0472 0.0090 0
vt 1.5708 -0.0072 0
vt 1.5708 0.0090 0
vt 2.0944 -0.0072 0
vt 2.0944 0.0090 0
vt 2.6180 -0.0072 0
vt 2.6180 0.0090 0
vt 3.1416 -0.0072 0
vt 3.1416 0.0090 0
vt 3.6652 -0.0072 0
vt 3.6652 0.0090 0
vt 4.1888 -0.0072 0
vt 4.1888 0.0090 0
vt 4.7124 -0.0072 0
vt 4.7124 0.0090 0
vt 5.2360 -0.0072 0
vt 5.2360 0.0090 0
vt 5.7596 -0.0072 0
vt 5.7596 0.0090 0
vt 0.0057 0.0098 0
vt 0.0098 0.0057 0
vt 0.0082 0.0048 0
vt 0.0114 0.0000 0
vt 0.0095 0.0000 0
vt 0.0098 -0.0057 0
vt 0.0082 -0.0048 0
vt 0.0057 -0.0098 0
vt 0.0048 -0.0082 0
vt -0.0057 0.0098 0
vt 0.0000 0.0114 0
vt 0.0000 0.0095 0
vt 0.0048 0.0082 0
vt 0.0000 -0.0114 0
vt 0.0000 -0.0095 0
vt -0.0057 -0.0098 0
vt -0.0048 -0.0082 0
vt -0.0098 -0.0057 0
vt -0.0082 -0.0048 0
vt -0.0114 0.0000 0
vt -0.0095 0.0000 0
vt -0.0098 0.0057 0
vt -0.0082 0.0048 0
vt -0.0048 0.0082 0
vt -0.5236 0.0483 0
vt 0.0000 0.0483 0
vt 0.0000 0.0403 0
vt 5.2360 0.0483 0
vt -0.5236 0.0403 0
vt 4.7124 0.0483 0
vt 5.2360 0.0403 0
vt 4.1888 0.0483 0
vt 4.7124 0.0403 0
vt 3.6652 0.0483 0
vt 4.1888 0.0403 0
vt 3.1416 0.0483 0
vt 3.6652 0.0403 0
vt 2.6180 0.0483 0
vt 3.1416 0.0403 0
vt 2.0944 0.0483 0
vt 2.6180 0.0403 0
vt 1.5708 0.0483 0
vt 2.0944 0.0403 0
vt 1.0472 0.0483 0
vt 1.5708 0.0403 0
vt 0.5236 0.0483 0
vt 1.0472 0.0403 0
vt 0.5236 0.0403 0
vt 0.0000 0.0000 0
vt 0.0082 -0.0048 0
vt 0.0048 -0.0082 0
vt 0.0000 -0.0095 0
vt -0.0048 -0.0082 0
vt -0.0082 -0.0048 0
vt -0.0095 0.0000 0
vt -0.0082 0.0048 0
vt -0.0048 0.0082 0
vt 0.0000 0.0095 0
vt 0.0048 0.0082 0
vt 0.0082 0.0048 0
vt 0.0095 0.0000 0
f 135/135/135 134/134/134 130/130/130
f 127/127/127 129/129/129 143/143/143
f 142/142/142 140/140/140 112/112/112
f 126/126/126 140/140/140 141/141/141
f 122/122/122 124/124/124 132/132/132
f 135/135/135 138/138/138 136/136/136
f 139/139/139 137/137/137 138/138/138
f 134/134/134 135/135/135 136/136/136
f 131/131/131 130/130/130 134/134/134
f 112/112/112 128/128/128 127/127/127
f 123/123/123 126/126/126 124/124/124
f 133/133/133 122/122/122 132/132/132
f 131/131/131 129/129/129 130/130/130
f 128/128/128 112/112/112 121/121/121
f 129/129/129 127/127/127 128/128/128
f 126/126/126 123/123/123 125/125/125
f 124/124/124 122/122/122 123/123/123
f 112/112/112 114/114/114 121/121/121
f 99/99/99 105/105/105 112/112/112
f 119/119/119 117/117/117 120/120/120
f 74/74/74 109/109/109 108/108/108
f 113/113/113 112/112/112 105/105/105
f 116/116/116 117/117/117 119/119/119
f 120/120/120 111/111/111 119/119/119
f 109/109/109 111/111/111 118/118/118
f 106/106/106 103/103/103 102/102/102
f 113/113/113 116/116/116 114/114/114
f 117/117/117 116/116/116 115/115/115
f 74/74/74 110/110/110 109/109/109
f 140/140/140 126/126/126 125/125/125
f 99/99/99 101/101/101 104/104/104
f 116/116/116 113/113/113 115/115/115
f 114/114/114 112/112/112 113/113/113
f 110/110/110 74/74/74 96/96/96
f 111/111/111 109/109/109 110/110/110
f 138/138/138 135/135/135 139/139/139
f 103/103/103 106/106/106 107/107/107
f 102/102/102 101/101/101 100/100/100
f 105/105/105 99/99/99 104/104/104
f 101/101/101 102/102/102 103/103/103
f 101/101/101 99/99/99 100/100/100
f 81/81/81 85/85/85 98/98/98
f 88/88/88 87/87/87 74/74/74
f 82/82/82 79/79/79 97/97/97
f 90/90/90 93/93/93 91/91/91
f 78/78/78 86/86/86 84/84/84
f 79/79/79 81/81/81 98/98/98
f 97/97/97 94/94/94 82/82/82
f 94/94/94 93/93/93 92/92/92
f 88/88/88 91/91/91 89/89/89
f 74/74/74 76/76/76 96/96/96
f 85/85/85 84/84/84 86/86/86
f 82/82/82 80/80/80 79/79/79
f 93/93/93 94/94/94 95/95/95
f 93/93/93 90/90/90 92/92/92
f 91/91/91 88/88/88 90/90/90
f 146/146/146 144/144/144 145/145/145
f 145/145/145 137/137/137 147/147/147
f 137/137/137 145/145/145 144/144/144
f 149/149/149 146/146/146 148/148/148
f 152/152/152 150/150/150 151/151/151
f 153/153/153 150/150/150 137/137/137
f 87/87/87 88/88/88 89/89/89
f 75/75/75 74/74/74 87/87/87
f 86/86/86 78/78/78 77/77/77
f 85/85/85 81/81/81 84/84/84
f 80/80/80 82/82/82 83/83/83
f 81/81/81 79/79/79 80/80/80
f 75/75/75 78/78/78 76/76/76
f 78/78/78 75/75/75 77/77/77
f 76/76/76 74/74/74 75/75/75
f 122/122/122 133/133/133 137/137/137
f 140/140/140 142/142/142 141/141/141
f 129/129/129 131/131/131 143/143/143
f 137/137/137 133/133/133 138/138/138
f 108/108/108 106/106/106 74/74/74
f 112/112/112 127/127/127 142/142/142
f 146/146/146 149/149/149 154/154/154
f 157/157/157 155/155/155 156/156/156
f 159/159/159 158/158/158 152/152/152
f 150/150/150 153/153/153 151/151/151
f 144/144/144 146/146/146 154/154/154
f 155/155/155 157/157/157 148/148/148
f 161/161/161 82/82/82 160/160/160
f 155/155/155 160/160/160 156/156/156
f 150/150/150 152/152/152 158/158/158
f 148/148/148 157/157/157 149/149/149
f 160/160/160 155/155/155 161/161/161
f 137/137/137 144/144/144 153/153/153
f 160/160/160 82/82/82 162/162/162
f 159/159/159 163/163/163 164/164/164
f 82/82/82 161/161/161 83/83/83
f 94/94/94 97/97/97 95/95/95
f 111/111/111 120/120/120 118/118/118
f 137/137/137 139/139/139 147/147/147
f 163/163/163 159/159/159 165/165/165
f 163/163/163 162/162/162 82/82/82
f 162/162/162 163/163/163 165/165/165
f 106/106/106 108/108/108 107/107/107
f 158/158/158 159/159/159 164/164/164
f 803/803/803 831/831/831 828/828/828
f 801/801/801 803/803/803 828/828/828
f 805/805/805 807/807/807 811/811/811
f 810/810/810 812/812/812 869/869/869
f 813/813/813 815/815/815 821/821/821
f 818/818/818 820/820/820 827/827/827
f 822/822/822 824/824/824 834/834/834
f 828/828/828 830/830/830 838/838/838
f 838/838/838 840/840/840 843/843/843
f 843/843/843 845/845/845 847/847/847
f 846/846/846 848/848/848 853/853/853
f 849/849/849 851/851/851 863/863/863
f 809/809/809 855/855/855 861/861/861
f 817/817/817 865/865/865 868/868/868
f 865/865/865 866/866/866 868/868/868
f 860/860/860 867/867/867 866/866/866
f 867/867/867 860/860/860 859/859/859
f 866/866/866 865/865/865 860/860/860
f 865/865/865 817/817/817 816/816/816
f 808/808/808 864/864/864 862/862/862
f 808/808/808 863/863/863 864/864/864
f 863/863/863 808/808/808 849/849/849
f 809/809/809 862/862/862 856/856/856
f 862/862/862 809/809/809 808/808/808
f 858/858/858 857/857/857 861/861/861
f 799/799/799 797/797/797 798/798/798
f 798/798/798 797/797/797 800/800/800
f 803/803/803 801/801/801 802/802/802
f 804/804/804 801/801/801 799/799/799
f 801/801/801 804/804/804 802/802/802
f 807/807/807 805/805/805 806/806/806
f 809/809/809 805/805/805 808/808/808
f 805/805/805 809/809/809 806/806/806
f 811/811/811 810/810/810 805/805/805
f 810/810/810 811/811/811 812/812/812
f 815/815/815 813/813/813 814/814/814
f 816/816/816 814/814/814 813/813/813
f 814/814/814 816/816/816 817/817/817
f 820/820/820 818/818/818 819/819/819
f 815/815/815 819/819/819 821/821/821
f 819/819/819 815/815/815 820/820/820
f 824/824/824 822/822/822 823/823/823
f 823/823/823 825/825/825 826/826/826
f 825/825/825 823/823/823 822/822/822
f 825/825/825 827/827/827 826/826/826
f 827/827/827 825/825/825 818/818/818
f 830/830/830 828/828/828 829/829/829
f 829/829/829 828/828/828 831/831/831
f 831/831/831 803/803/803 832/832/832
f 797/797/797 799/799/799 801/801/801
f 834/834/834 833/833/833 822/822/822
f 833/833/833 835/835/835 836/836/836
f 833/833/833 834/834/834 835/835/835
f 837/837/837 803/803/803 836/836/836
f 803/803/803 837/837/837 832/832/832
f 836/836/836 835/835/835 837/837/837
f 840/840/840 838/838/838 839/839/839
f 841/841/841 838/838/838 830/830/830
f 838/838/838 841/841/841 842/842/842
f 838/838/838 842/842/842 839/839/839
f 845/845/845 843/843/843 844/844/844
f 844/844/844 843/843/843 840/840/840
f 845/845/845 846/846/846 847/847/847
f 846/846/846 845/845/845 848/848/848
f 851/851/851 849/849/849 850/850/850
f 850/850/850 849/849/849 852/852/852
f 853/853/853 849/849/849 846/846/846
f 849/849/849 853/853/853 852/852/852
f 855/855/855 809/809/809 854/854/854
f 854/854/854 809/809/809 856/856/856
f 859/859/859 857/857/857 858/858/858
f 857/857/857 859/859/859 860/860/860
f 858/858/858 861/861/861 855/855/855
f 621/621/621 617/617/617 604/604/604
f 595/595/595 593/593/593 594/594/594
f 598/598/598 596/596/596 597/597/597
f 601/601/601 599/599/599 600/600/600
f 597/597/597 599/599/599 602/602/602
f 605/605/605 603/603/603 604/604/604
f 608/608/608 606/606/606 607/607/607
f 594/594/594 593/593/593 609/609/609
f 607/607/607 593/593/593 610/610/610
f 596/596/596 611/611/611 612/612/612
f 614/614/614 611/611/611 613/613/613
f 598/598/598 597/597/597 602/602/602
f 599/599/599 597/597/597 600/600/600
f 606/606/606 603/603/603 615/615/615
f 603/603/603 605/605/605 616/616/616
f 608/608/608 607/607/607 610/610/610
f 593/593/593 607/607/607 609/609/609
f 599/599/599 601/601/601 617/617/617
f 603/603/603 616/616/616 615/615/615
f 593/593/593 595/595/595 618/618/618
f 596/596/596 598/598/598 619/619/619
f 606/606/606 608/608/608 620/620/620
f 611/611/611 596/596/596 619/619/619
f 611/611/611 614/614/614 612/612/612
f 603/603/603 606/606/606 620/620/620
f 622/622/622 618/618/618 613/613/613
f 613/613/613 611/611/611 622/622/622
f 604/604/604 603/603/603 621/621/621
f 618/618/618 622/622/622 593/593/593
f 617/617/617 621/621/621 599/599/599
f 1116/1116/1116 1117/1117/1117 1118/1118/1118
f 1121/1121/1121 1119/1119/1119 1120/1120/1120
f 1120/1120/1120 1119/1119/1119 1122/1122/1122
f 1103/1103/1103 1105/1105/1105 1107/1107/1107
f 1107/1107/1107 1109/1109/1109 1158/1158/1158
f 1111/1111/1111 1113/1113/1113 1117/1117/1117
f 1116/1116/1116 1118/1118/1118 1172/1172/1172
f 1119/1119/1119 1121/1121/1121 1124/1124/1124
f 1123/1123/1123 1125/1125/1125 1129/1129/1129
f 1126/1126/1126 1128/1128/1128 1139/1139/1139
f 1115/1115/1115 1131/1131/1131 1137/1137/1137
f 1117/1117/1117 1116/1116/1116 1111/1111/1111
f 1145/1145/1145 1147/1147/1147 1152/1152/1152
f 1149/1149/1149 1151/1151/1151 1157/1157/1157
f 1155/1155/1155 1154/1154/1154 1166/1166/1166
f 1158/1158/1158 1160/1160/1160 1169/1169/1169
f 1169/1169/1169 1122/1122/1122 1119/1119/1119
f 1169/1169/1169 1171/1171/1171 1170/1170/1170
f 1171/1171/1171 1169/1169/1169 1160/1160/1160
f 1109/1109/1109 1107/1107/1107 1108/1108/1108
f 1122/1122/1122 1169/1169/1169 1170/1170/1170
f 1168/1168/1168 1167/1167/1167 1164/1164/1164
f 1168/1168/1168 1164/1164/1164 1109/1109/1109
f 1165/1165/1165 1166/1166/1166 1167/1167/1167
f 1111/1111/1111 1115/1115/1115 1112/1112/1112
f 1115/1115/1115 1111/1111/1111 1114/1114/1114
f 1113/1113/1113 1111/1111/1111 1112/1112/1112
f 1107/1107/1107 1110/1110/1110 1108/1108/1108
f 1141/1141/1141 1143/1143/1143 1148/1148/1148
f 1110/1110/1110 1107/1107/1107 1105/1105/1105
f 1165/1165/1165 1167/1167/1167 1168/1168/1168
f 1166/1166/1166 1165/1165/1165 1155/1155/1155
f 1163/1163/1163 1109/1109/1109 1164/1164/1164
f 1121/1121/1121 1123/1123/1123 1124/1124/1124
f 1104/1104/1104 1103/1103/1103 1106/1106/1106
f 1105/1105/1105 1103/1103/1103 1104/1104/1104
f 1109/1109/1109 1162/1162/1162 1158/1158/1158
f 1162/1162/1162 1109/1109/1109 1163/1163/1163
f 1161/1161/1161 1158/1158/1158 1162/1162/1162
f 1159/1159/1159 1158/1158/1158 1161/1161/1161
f 1123/1123/1123 1121/1121/1121 1125/1125/1125
f 1128/1128/1128 1126/1126/1126 1127/1127/1127
f 1129/1129/1129 1126/1126/1126 1123/1123/1123
f 1126/1126/1126 1129/1129/1129 1127/1127/1127
f 1131/1131/1131 1115/1115/1115 1130/1130/1130
f 1130/1130/1130 1115/1115/1115 1132/1132/1132
f 1135/1135/1135 1133/1133/1133 1134/1134/1134
f 1133/1133/1133 1135/1135/1135 1136/1136/1136
f 1134/1134/1134 1137/1137/1137 1131/1131/1131
f 1134/1134/1134 1133/1133/1133 1137/1137/1137
f 1138/1138/1138 1115/1115/1115 1114/1114/1114
f 1115/1115/1115 1138/1138/1138 1132/1132/1132
f 1139/1139/1139 1114/1114/1114 1126/1126/1126
f 1114/1114/1114 1139/1139/1139 1140/1140/1140
f 1114/1114/1114 1140/1140/1140 1138/1138/1138
f 1143/1143/1143 1141/1141/1141 1142/1142/1142
f 1136/1136/1136 1142/1142/1142 1141/1141/1141
f 1144/1144/1144 1136/1136/1136 1135/1135/1135
f 1142/1142/1142 1136/1136/1136 1144/1144/1144
f 1147/1147/1147 1145/1145/1145 1146/1146/1146
f 1148/1148/1148 1146/1146/1146 1145/1145/1145
f 1146/1146/1146 1148/1148/1148 1143/1143/1143
f 1151/1151/1151 1149/1149/1149 1150/1150/1150
f 1147/1147/1147 1150/1150/1150 1152/1152/1152
f 1150/1150/1150 1147/1147/1147 1151/1151/1151
f 1155/1155/1155 1153/1153/1153 1154/1154/1154
f 1153/1153/1153 1155/1155/1155 1156/1156/1156
f 1160/1160/1160 1158/1158/1158 1159/1159/1159
f 1157/1157/1157 1156/1156/1156 1149/1149/1149
f 1156/1156/1156 1157/1157/1157 1153/1153/1153
f 682/682/682 680/680/680 681/681/681
f 685/685/685 683/683/683 684/684/684
f 688/688/688 686/686/686 687/687/687
f 684/684/684 686/686/686 689/689/689
f 673/673/673 690/690/690 691/691/691
f 693/693/693 690/690/690 692/692/692
f 675/675/675 674/674/674 679/679/679
f 676/676/676 674/674/674 677/677/677
f 683/683/683 680/680/680 694/694/694
f 680/680/680 682/682/682 695/695/695
f 685/685/685 684/684/684 689/689/689
f 686/686/686 684/684/684 687/687/687
f 690/690/690 693/693/693 691/691/691
f 676/676/676 678/678/678 696/696/696
f 680/680/680 695/695/695 694/694/694
f 686/686/686 688/688/688 697/697/697
f 673/673/673 675/675/675 698/698/698
f 683/683/683 685/685/685 699/699/699
f 690/690/690 673/673/673 698/698/698
f 700/700/700 696/696/696 681/681/681
f 680/680/680 683/683/683 699/699/699
f 701/701/701 697/697/697 692/692/692
f 696/696/696 700/700/700 676/676/676
f 697/697/697 701/701/701 686/686/686
f 681/681/681 680/680/680 700/700/700
f 692/692/692 690/690/690 701/701/701
f 678/678/678 676/676/676 677/677/677
f 675/675/675 673/673/673 674/674/674
f 674/674/674 676/676/676 679/679/679
f 360/360/360 361/361/361 362/362/362
f 360/360/360 357/357/357 359/359/359
f 354/354/354 358/358/358 355/355/355
f 358/358/358 354/354/354 357/357/357
f 356/356/356 354/354/354 355/355/355
f 367/367/367 365/365/365 366/366/366
f 366/366/366 368/368/368 369/369/369
f 372/372/372 370/370/370 371/371/371
f 357/357/357 360/360/360 358/358/358
f 361/361/361 364/364/364 362/362/362
f 374/374/374 373/373/373 363/363/363
f 368/368/368 366/366/366 365/365/365
f 370/370/370 372/372/372 375/375/375
f 363/363/363 373/373/373 364/364/364
f 365/365/365 367/367/367 374/374/374
f 354/354/354 356/356/356 375/375/375
f 368/368/368 371/371/371 369/369/369
f 373/373/373 374/374/374 367/367/367
f 361/361/361 360/360/360 359/359/359
f 370/370/370 375/375/375 356/356/356
f 371/371/371 368/368/368 372/372/372
f 364/364/364 361/361/361 363/363/363
f 467/467/467 463/463/463 466/466/466
f 463/463/463 467/467/467 464/464/464
f 467/467/467 468/468/468 469/469/469
f 469/469/469 470/470/470 471/471/471
f 473/473/473 470/470/470 472/472/472
f 468/468/468 467/467/467 466/466/466
f 470/470/470 473/473/473 471/471/471
f 475/475/475 474/474/474 472/472/472
f 478/478/478 476/476/476 477/477/477
f 480/480/480 476/476/476 479/479/479
f 479/479/479 481/481/481 480/480/480
f 470/470/470 469/469/469 468/468/468
f 474/474/474 475/475/475 482/482/482
f 482/482/482 483/483/483 478/478/478
f 476/476/476 480/480/480 477/477/477
f 481/481/481 484/484/484 465/465/465
f 472/472/472 474/474/474 473/473/473
f 476/476/476 478/478/478 483/483/483
f 463/463/463 465/465/465 484/484/484
f 481/481/481 479/479/479 484/484/484
f 483/483/483 482/482/482 475/475/475
f 465/465/465 463/463/463 464/464/464
f 407/407/407 406/406/406 413/413/413
f 395/395/395 397/397/397 405/405/405
f 404/404/404 410/410/410 409/409/409
f 406/406/406 408/408/408 411/411/411
f 413/413/413 402/402/402 407/407/407
f 398/398/398 401/401/401 399/399/399
f 392/392/392 394/394/394 405/405/405
f 410/410/410 404/404/404 412/412/412
f 404/404/404 393/393/393 412/412/412
f 402/402/402 413/413/413 403/403/403
f 394/394/394 392/392/392 393/393/393
f 397/397/397 395/395/395 396/396/396
f 399/399/399 395/395/395 398/398/398
f 401/401/401 398/398/398 400/400/400
f 401/401/401 402/402/402 403/403/403
f 393/393/393 404/404/404 394/394/394
f 392/392/392 405/405/405 397/397/397
f 395/395/395 399/399/399 396/396/396
f 402/402/402 401/401/401 400/400/400
f 408/408/408 406/406/406 407/407/407
f 411/411/411 409/409/409 410/410/410
f 409/409/409 411/411/411 408/408/408
f 313/313/313 312/312/312 318/318/318
f 321/321/321 323/323/323 322/322/322
f 315/315/315 320/320/320 316/316/316
f 323/323/323 324/324/324 325/325/325
f 323/323/323 321/321/321 324/324/324
f 325/325/325 326/326/326 327/327/327
f 309/309/309 326/326/326 328/328/328
f 326/326/326 325/325/325 324/324/324
f 307/307/307 309/309/309 328/328/328
f 326/326/326 309/309/309 327/327/327
f 322/322/322 319/319/319 321/321/321
f 320/320/320 315/315/315 319/319/319
f 312/312/312 314/314/314 317/317/317
f 310/310/310 318/318/318 311/311/311
f 315/315/315 317/317/317 314/314/314
f 318/318/318 310/310/310 313/313/313
f 310/310/310 308/308/308 307/307/307
f 317/317/317 315/315/315 316/316/316
f 314/314/314 312/312/312 313/313/313
f 308/308/308 310/310/310 311/311/311
f 309/309/309 307/307/307 308/308/308
f 319/319/319 322/322/322 320/320/320
f 880/880/880 878/878/878 879/879/879
f 878/878/878 880/880/880 881/881/881
f 925/925/925 923/923/923 924/924/924
f 923/923/923 925/925/925 926/926/926
f 931/931/931 927/927/927 930/930/930
f 929/929/929 927/927/927 928/928/928
f 927/927/927 931/931/931 928/928/928
f 927/927/927 929/929/929 932/932/932
f 1183/1183/1183 1181/1181/1181 1182/1182/1182
f 1181/1181/1181 1183/1183/1183 1184/1184/1184
f 1226/1226/1226 1228/1228/1228 1229/1229/1229
f 1228/1228/1228 1226/1226/1226 1227/1227/1227
f 1232/1232/1232 1230/1230/1230 1231/1231/1231
f 1234/1234/1234 1230/1230/1230 1233/1233/1233
f 1230/1230/1230 1232/1232/1232 1235/1235/1235
f 1230/1230/1230 1234/1234/1234 1231/1231/1231
f 872/872/872 870/870/870 871/871/871
f 875/875/875 874/874/874 870/870/870
f 874/874/874 875/875/875 876/876/876
f 874/874/874 876/876/876 877/877/877
f 870/870/870 873/873/873 875/875/875
f 870/870/870 872/872/872 873/873/873
f 948/948/948 947/947/947 967/967/967
f 946/946/946 948/948/948 968/968/968
f 967/967/967 966/966/966 948/948/948
f 964/964/964 963/963/963 962/962/962
f 965/965/965 948/948/948 964/964/964
f 961/961/961 962/962/962 963/963/963
f 959/959/959 960/960/960 961/961/961
f 956/956/956 958/958/958 959/959/959
f 957/957/957 955/955/955 956/956/956
f 944/944/944 950/950/950 945/945/945
f 952/952/952 949/949/949 951/951/951
f 950/950/950 944/944/944 949/949/949
f 942/942/942 945/945/945 943/943/943
f 948/948/948 946/946/946 947/947/947
f 945/945/945 942/942/942 944/944/944
f 943/943/943 941/941/941 942/942/942
f 955/955/955 957/957/957 969/969/969
f 948/948/948 965/965/965 968/968/968
f 941/941/941 943/943/943 966/966/966
f 951/951/951 954/954/954 952/952/952
f 954/954/954 969/969/969 957/957/957
f 958/958/958 956/956/956 955/955/955
f 962/962/962 961/961/961 960/960/960
f 954/954/954 951/951/951 953/953/953
f 949/949/949 952/952/952 950/950/950
f 960/960/960 959/959/959 958/958/958
f 969/969/969 954/954/954 953/953/953
f 966/966/966 967/967/967 941/941/941
f 963/963/963 964/964/964 948/948/948
f 933/933/933 935/935/935 937/937/937
f 938/938/938 937/937/937 935/935/935
f 939/939/939 937/937/937 938/938/938
f 934/934/934 933/933/933 936/936/936
f 935/935/935 933/933/933 934/934/934
f 937/937/937 939/939/939 940/940/940
f 882/882/882 884/884/884 887/887/887
f 892/892/892 894/894/894 906/906/906
f 908/908/908 906/906/906 907/907/907
f 909/909/909 906/906/906 894/894/894
f 911/911/911 910/910/910 894/894/894
f 912/912/912 911/911/911 894/894/894
f 911/911/911 904/904/904 913/913/913
f 904/904/904 911/911/911 905/905/905
f 911/911/911 912/912/912 905/905/905
f 910/910/910 911/911/911 913/913/913
f 894/894/894 910/910/910 909/909/909
f 906/906/906 909/909/909 907/907/907
f 914/914/914 891/891/891 890/890/890
f 915/915/915 914/914/914 890/890/890
f 914/914/914 915/915/915 895/895/895
f 914/914/914 916/916/916 917/917/917
f 916/916/916 914/914/914 895/895/895
f 916/916/916 895/895/895 918/918/918
f 918/918/918 892/892/892 919/919/919
f 892/892/892 918/918/918 895/895/895
f 921/921/921 892/892/892 920/920/920
f 892/892/892 921/921/921 919/919/919
f 891/891/891 914/914/914 917/917/917
f 906/906/906 908/908/908 922/922/922
f 896/896/896 898/898/898 901/901/901
f 884/884/884 882/882/882 883/883/883
f 883/883/883 882/882/882 885/885/885
f 885/885/885 882/882/882 886/886/886
f 888/888/888 882/882/882 887/887/887
f 882/882/882 888/888/888 889/889/889
f 882/882/882 889/889/889 890/890/890
f 882/882/882 891/891/891 886/886/886
f 891/891/891 882/882/882 890/890/890
f 894/894/894 892/892/892 893/893/893
f 893/893/893 892/892/892 895/895/895
f 898/898/898 896/896/896 897/897/897
f 897/897/897 896/896/896 899/899/899
f 899/899/899 896/896/896 900/900/900
f 902/902/902 896/896/896 901/901/901
f 896/896/896 902/902/902 903/903/903
f 896/896/896 903/903/903 904/904/904
f 896/896/896 905/905/905 900/900/900
f 905/905/905 896/896/896 904/904/904
f 1173/1173/1173 1176/1176/1176 1178/1178/1178
f 1177/1177/1177 1179/1179/1179 1180/1180/1180
f 1177/1177/1177 1178/1178/1178 1179/1179/1179
f 1175/1175/1175 1173/1173/1173 1174/1174/1174
f 1173/1173/1173 1175/1175/1175 1176/1176/1176
f 1178/1178/1178 1177/1177/1177 1173/1173/1173
f 1257/1257/1257 1258/1258/1258 1271/1271/1271
f 1249/1249/1249 1251/1251/1251 1272/1272/1272
f 1256/1256/1256 1266/1266/1266 1269/1269/1269
f 1270/1270/1270 1271/1271/1271 1267/1267/1267
f 1256/1256/1256 1255/1255/1255 1268/1268/1268
f 1267/1267/1267 1268/1268/1268 1270/1270/1270
f 1259/1259/1259 1253/1253/1253 1252/1252/1252
f 1251/1251/1251 1247/1247/1247 1272/1272/1272
f 1244/1244/1244 1246/1246/1246 1258/1258/1258
f 1271/1271/1271 1270/1270/1270 1257/1257/1257
f 1261/1261/1261 1260/1260/1260 1259/1259/1259
f 1247/1247/1247 1251/1251/1251 1248/1248/1248
f 1264/1264/1264 1265/1265/1265 1256/1256/1256
f 1246/1246/1246 1244/1244/1244 1245/1245/1245
f 1248/1248/1248 1245/1245/1245 1247/1247/1247
f 1251/1251/1251 1249/1249/1249 1250/1250/1250
f 1250/1250/1250 1252/1252/1252 1253/1253/1253
f 1256/1256/1256 1254/1254/1254 1255/1255/1255
f 1258/1258/1258 1257/1257/1257 1244/1244/1244
f 1245/1245/1245 1248/1248/1248 1246/1246/1246
f 1252/1252/1252 1250/1250/1250 1249/1249/1249
f 1253/1253/1253 1259/1259/1259 1260/1260/1260
f 1260/1260/1260 1261/1261/1261 1262/1262/1262
f 1262/1262/1262 1263/1263/1263 1264/1264/1264
f 1266/1266/1266 1256/1256/1256 1265/1265/1265
f 1265/1265/1265 1264/1264/1264 1263/1263/1263
f 1268/1268/1268 1267/1267/1267 1256/1256/1256
f 1254/1254/1254 1256/1256/1256 1269/1269/1269
f 1263/1263/1263 1262/1262/1262 1261/1261/1261
f 1241/1241/1241 1240/1240/1240 1238/1238/1238
f 1242/1242/1242 1240/1240/1240 1241/1241/1241
f 1237/1237/1237 1236/1236/1236 1239/1239/1239
f 1238/1238/1238 1236/1236/1236 1237/1237/1237
f 1236/1236/1236 1238/1238/1238 1240/1240/1240
f 1240/1240/1240 1242/1242/1242 1243/1243/1243
f 1199/1199/1199 1201/1201/1201 1204/1204/1204
f 1195/1195/1195 1210/1210/1210 1225/1225/1225
f 1185/1185/1185 1187/1187/1187 1190/1190/1190
f 1194/1194/1194 1217/1217/1217 1220/1220/1220
f 1195/1195/1195 1198/1198/1198 1211/1211/1211
f 1187/1187/1187 1185/1185/1185 1186/1186/1186
f 1186/1186/1186 1185/1185/1185 1188/1188/1188
f 1188/1188/1188 1185/1185/1185 1189/1189/1189
f 1191/1191/1191 1185/1185/1185 1190/1190/1190
f 1185/1185/1185 1191/1191/1191 1192/1192/1192
f 1185/1185/1185 1192/1192/1192 1193/1193/1193
f 1185/1185/1185 1194/1194/1194 1189/1189/1189
f 1194/1194/1194 1185/1185/1185 1193/1193/1193
f 1197/1197/1197 1195/1195/1195 1196/1196/1196
f 1195/1195/1195 1197/1197/1197 1198/1198/1198
f 1201/1201/1201 1199/1199/1199 1200/1200/1200
f 1200/1200/1200 1199/1199/1199 1202/1202/1202
f 1202/1202/1202 1199/1199/1199 1203/1203/1203
f 1205/1205/1205 1199/1199/1199 1204/1204/1204
f 1199/1199/1199 1205/1205/1205 1206/1206/1206
f 1199/1199/1199 1206/1206/1206 1207/1207/1207
f 1196/1196/1196 1224/1224/1224 1222/1222/1222
f 1224/1224/1224 1196/1196/1196 1223/1223/1223
f 1196/1196/1196 1221/1221/1221 1197/1197/1197
f 1221/1221/1221 1196/1196/1196 1222/1222/1222
f 1219/1219/1219 1197/1197/1197 1221/1221/1221
f 1219/1219/1219 1217/1217/1217 1197/1197/1197
f 1217/1217/1217 1219/1219/1219 1220/1220/1220
f 1217/1217/1217 1218/1218/1218 1197/1197/1197
f 1218/1218/1218 1217/1217/1217 1193/1193/1193
f 1217/1217/1217 1194/1194/1194 1193/1193/1193
f 1195/1195/1195 1212/1212/1212 1209/1209/1209
f 1211/1211/1211 1213/1213/1213 1212/1212/1212
f 1213/1213/1213 1214/1214/1214 1216/1216/1216
f 1214/1214/1214 1215/1215/1215 1208/1208/1208
f 1207/1207/1207 1214/1214/1214 1208/1208/1208
f 1214/1214/1214 1207/1207/1207 1216/1216/1216
f 1215/1215/1215 1214/1214/1214 1211/1211/1211
f 1214/1214/1214 1213/1213/1213 1211/1211/1211
f 1212/1212/1212 1195/1195/1195 1211/1211/1211
f 1210/1210/1210 1195/1195/1195 1209/1209/1209
f 1208/1208/1208 1199/1199/1199 1207/1207/1207
f 1199/1199/1199 1208/1208/1208 1203/1203/1203
f 704/704/704 702/702/702 703/703/703
f 704/704/704 703/703/703 705/705/705
f 707/707/707 702/702/702 706/706/706
f 702/702/702 707/707/707 708/708/708
f 711/711/711 709/709/709 710/710/710
f 712/712/712 709/709/709 708/708/708
f 709/709/709 712/712/712 710/710/710
f 715/715/715 713/713/713 714/714/714
f 714/714/714 713/713/713 716/716/716
f 716/716/716 713/713/713 717/717/717
f 718/718/718 713/713/713 709/709/709
f 713/713/713 718/718/718 717/717/717
f 720/720/720 713/713/713 719/719/719
f 722/722/722 713/713/713 721/721/721
f 713/713/713 722/722/722 723/723/723
f 713/713/713 723/723/723 719/719/719
f 726/726/726 724/724/724 725/725/725
f 727/727/727 724/724/724 720/720/720
f 724/724/724 727/727/727 725/725/725
f 730/730/730 728/728/728 729/729/729
f 730/730/730 729/729/729 726/726/726
f 732/732/732 728/728/728 731/731/731
f 728/728/728 732/732/732 733/733/733
f 736/736/736 734/734/734 735/735/735
f 737/737/737 734/734/734 733/733/733
f 734/734/734 737/737/737 735/735/735
f 740/740/740 738/738/738 739/739/739
f 739/739/739 738/738/738 741/741/741
f 742/742/742 738/738/738 734/734/734
f 738/738/738 742/742/742 741/741/741
f 744/744/744 738/738/738 743/743/743
f 746/746/746 738/738/738 745/745/745
f 738/738/738 746/746/746 747/747/747
f 738/738/738 747/747/747 743/743/743
f 705/705/705 748/748/748 749/749/749
f 750/750/750 748/748/748 744/744/744
f 748/748/748 750/750/750 749/749/749
f 748/748/748 705/705/705 703/703/703
f 738/738/738 744/744/744 748/748/748
f 738/738/738 740/740/740 745/745/745
f 734/734/734 736/736/736 742/742/742
f 733/733/733 732/732/732 737/737/737
f 728/728/728 730/730/730 731/731/731
f 724/724/724 726/726/726 729/729/729
f 713/713/713 720/720/720 724/724/724
f 713/713/713 715/715/715 721/721/721
f 709/709/709 711/711/711 718/718/718
f 702/702/702 704/704/704 706/706/706
f 708/708/708 707/707/707 712/712/712
f 751/751/751 753/753/753 760/760/760
f 751/751/751 759/759/759 763/763/763
f 763/763/763 765/765/765 767/767/767
f 766/766/766 768/768/768 769/769/769
f 771/771/771 770/770/770 773/773/773
f 772/772/772 774/774/774 780/780/780
f 775/775/775 777/777/777 783/783/783
f 775/775/775 782/782/782 786/786/786
f 786/786/786 788/788/788 790/790/790
f 753/753/753 751/751/751 752/752/752
f 754/754/754 751/751/751 755/755/755
f 757/757/757 751/751/751 756/756/756
f 751/751/751 757/757/757 755/755/755
f 759/759/759 751/751/751 758/758/758
f 761/761/761 751/751/751 760/760/760
f 789/789/789 791/791/791 792/792/792
f 794/794/794 793/793/793 795/795/795
f 756/756/756 796/796/796 757/757/757
f 756/756/756 795/795/795 796/796/796
f 795/795/795 756/756/756 794/794/794
f 789/789/789 793/793/793 794/794/794
f 793/793/793 789/789/789 792/792/792
f 791/791/791 790/790/790 788/788/788
f 791/791/791 789/789/789 790/790/790
f 787/787/787 786/786/786 782/782/782
f 788/788/788 786/786/786 787/787/787
f 775/775/775 785/785/785 781/781/781
f 775/775/775 784/784/784 785/785/785
f 784/784/784 775/775/775 783/783/783
f 782/782/782 775/775/775 781/781/781
f 775/775/775 780/780/780 779/779/779
f 780/780/780 775/775/775 772/772/772
f 778/778/778 775/775/775 779/779/779
f 776/776/776 775/775/775 778/778/778
f 777/777/777 775/775/775 776/776/776
f 772/772/772 773/773/773 774/774/774
f 773/773/773 772/772/772 771/771/771
f 766/766/766 770/770/770 771/771/771
f 770/770/770 766/766/766 769/769/769
f 751/751/751 761/761/761 762/762/762
f 751/751/751 762/762/762 758/758/758
f 765/765/765 763/763/763 764/764/764
f 764/764/764 763/763/763 759/759/759
f 768/768/768 766/766/766 767/767/767
f 768/768/768 767/767/767 765/765/765
f 752/752/752 751/751/751 754/754/754
f 331/331/331 329/329/329 330/330/330
f 329/329/329 331/331/331 332/332/332
f 305/305/305 303/303/303 304/304/304
f 303/303/303 305/305/305 306/306/306
f 337/337/337 336/336/336 333/333/333
f 339/339/339 338/338/338 336/336/336
f 338/338/338 339/339/339 340/340/340
f 336/336/336 337/337/337 339/339/339
f 333/333/333 335/335/335 337/337/337
f 335/335/335 333/333/333 334/334/334
f 352/352/352 350/350/350 351/351/351
f 350/350/350 352/352/352 353/353/353
f 378/378/378 376/376/376 377/377/377
f 379/379/379 380/380/380 382/382/382
f 376/376/376 378/378/378 380/380/380
f 382/382/382 381/381/381 379/379/379
f 380/380/380 379/379/379 376/376/376
f 381/381/381 382/382/382 383/383/383
f 384/384/384 386/386/386 387/387/387
f 386/386/386 384/384/384 385/385/385
f 545/545/545 544/544/544 543/543/543
f 546/546/546 547/547/547 548/548/548
f 543/543/543 541/541/541 542/542/542
f 547/547/547 546/546/546 545/545/545
f 549/549/549 548/548/548 547/547/547
f 548/548/548 549/549/549 550/550/550
f 544/544/544 545/545/545 546/546/546
f 541/541/541 543/543/543 544/544/544
f 553/553/553 551/551/551 552/552/552
f 551/551/551 553/553/553 554/554/554
f 555/555/555 557/557/557 558/558/558
f 557/557/557 555/555/555 556/556/556
f 559/559/559 558/558/558 557/557/557
f 561/561/561 560/560/560 559/559/559
f 563/563/563 562/562/562 561/561/561
f 562/562/562 563/563/563 564/564/564
f 560/560/560 561/561/561 562/562/562
f 558/558/558 559/559/559 560/560/560
f 567/567/567 565/565/565 566/566/566
f 565/565/565 567/567/567 568/568/568
f 569/569/569 571/571/571 572/572/572
f 571/571/571 569/569/569 570/570/570
f 573/573/573 572/572/572 571/571/571
f 575/575/575 574/574/574 573/573/573
f 574/574/574 575/575/575 576/576/576
f 572/572/572 573/573/573 574/574/574
f 579/579/579 577/577/577 578/578/578
f 577/577/577 579/579/579 580/580/580
f 586/586/586 587/587/587 588/588/588
f 583/583/583 581/581/581 582/582/582
f 585/585/585 584/584/584 583/583/583
f 587/587/587 586/586/586 585/585/585
f 581/581/581 583/583/583 584/584/584
f 584/584/584 585/585/585 586/586/586
f 591/591/591 589/589/589 590/590/590
f 589/589/589 591/591/591 592/592/592
f 623/623/623 625/625/625 626/626/626
f 625/625/625 623/623/623 624/624/624
f 627/627/627 629/629/629 630/630/630
f 629/629/629 627/627/627 628/628/628
f 633/633/633 632/632/632 631/631/631
f 632/632/632 633/633/633 634/634/634
f 631/631/631 630/630/630 629/629/629
f 630/630/630 631/631/631 632/632/632
f 637/637/637 635/635/635 636/636/636
f 635/635/635 637/637/637 638/638/638
f 645/645/645 644/644/644 643/643/643
f 641/641/641 639/639/639 640/640/640
f 643/643/643 642/642/642 641/641/641
f 642/642/642 643/643/643 644/644/644
f 644/644/644 645/645/645 646/646/646
f 639/639/639 641/641/641 642/642/642
f 647/647/647 649/649/649 650/650/650
f 649/649/649 647/647/647 648/648/648
f 659/659/659 658/658/658 657/657/657
f 653/653/653 651/651/651 652/652/652
f 655/655/655 654/654/654 653/653/653
f 657/657/657 656/656/656 655/655/655
f 651/651/651 653/653/653 654/654/654
f 658/658/658 659/659/659 660/660/660
f 656/656/656 657/657/657 658/658/658
f 654/654/654 655/655/655 656/656/656
f 663/663/663 661/661/661 662/662/662
f 661/661/661 663/663/663 664/664/664
f 668/668/668 669/669/669 670/670/670
f 669/669/669 668/668/668 667/667/667
f 671/671/671 670/670/670 669/669/669
f 670/670/670 671/671/671 672/672/672
f 665/665/665 667/667/667 668/668/668
f 667/667/667 665/665/665 666/666/666
f 300/300/300 297/297/297 302/302/302
f 294/294/294 296/296/296 301/301/301
f 296/296/296 294/294/294 295/295/295
f 298/298/298 296/296/296 295/295/295
f 297/297/297 300/300/300 295/295/295
f 296/296/296 298/298/298 299/299/299
f 295/295/295 294/294/294 297/297/297
f 343/343/343 341/341/341 342/342/342
f 342/342/342 341/341/341 344/344/344
f 343/343/343 345/345/345 346/346/346
f 344/344/344 347/347/347 342/342/342
f 347/347/347 344/344/344 349/349/349
f 345/345/345 343/343/343 342/342/342
f 341/341/341 343/343/343 348/348/348
f 388/388/388 390/390/390 391/391/391
f 390/390/390 388/388/388 389/389/389
f 487/487/487 485/485/485 486/486/486
f 485/485/485 487/487/487 488/488/488
f 508/508/508 506/506/506 507/507/507
f 499/499/499 497/497/497 498/498/498
f 499/499/499 498/498/498 500/500/500
f 537/537/537 506/506/506 540/540/540
f 538/538/538 511/511/511 509/509/509
f 511/511/511 538/538/538 539/539/539
f 508/508/508 536/536/536 519/519/519
f 502/502/502 501/501/501 498/498/498
f 506/506/506 537/537/537 509/509/509
f 516/516/516 535/535/535 536/536/536
f 536/536/536 508/508/508 516/516/516
f 516/516/516 515/515/515 535/535/535
f 511/511/511 513/513/513 534/534/534
f 497/497/497 525/525/525 523/523/523
f 514/514/514 498/498/498 497/497/497
f 506/506/506 510/510/510 507/507/507
f 498/498/498 533/533/533 532/532/532
f 523/523/523 517/517/517 497/497/497
f 501/501/501 531/531/531 521/521/521
f 530/530/530 511/511/511 534/534/534
f 506/506/506 529/529/529 527/527/527
f 498/498/498 526/526/526 533/533/533
f 505/505/505 498/498/498 532/532/532
f 515/515/515 517/517/517 524/524/524
f 501/501/501 522/522/522 531/531/531
f 501/501/501 513/513/513 511/511/511
f 520/520/520 511/511/511 530/530/530
f 506/506/506 519/519/519 529/529/529
f 528/528/528 506/506/506 527/527/527
f 526/526/526 498/498/498 506/506/506
f 497/497/497 518/518/518 525/525/525
f 524/524/524 517/517/517 523/523/523
f 501/501/501 504/504/504 522/522/522
f 512/512/512 501/501/501 521/521/521
f 510/510/510 511/511/511 520/520/520
f 506/506/506 508/508/508 519/519/519
f 497/497/497 499/499/499 518/518/518
f 517/517/517 515/515/515 516/516/516
f 502/502/502 498/498/498 514/514/514
f 513/513/513 501/501/501 512/512/512
f 511/511/511 510/510/510 509/509/509
f 510/510/510 506/506/506 509/509/509
f 506/506/506 528/528/528 526/526/526
f 503/503/503 498/498/498 505/505/505
f 501/501/501 502/502/502 504/504/504
f 500/500/500 498/498/498 503/503/503
f 416/416/416 414/414/414 415/415/415
f 418/418/418 417/417/417 414/414/414
f 420/420/420 419/419/419 417/417/417
f 417/417/417 418/418/418 420/420/420
f 419/419/419 420/420/420 421/421/421
f 414/414/414 416/416/416 418/418/418
f 422/422/422 424/424/424 425/425/425
f 424/424/424 422/422/422 423/423/423
f 493/493/493 492/492/492 489/489/489
f 495/495/495 494/494/494 492/492/492
f 494/494/494 495/495/495 496/496/496
f 492/492/492 493/493/493 495/495/495
f 489/489/489 491/491/491 493/493/493
f 491/491/491 489/489/489 490/490/490
f 437/437/437 435/435/435 436/436/436
f 435/435/435 437/437/437 438/438/438
f 427/427/427 426/426/426 430/430/430
f 430/430/430 429/429/429 427/427/427
f 428/428/428 426/426/426 427/427/427
f 432/432/432 428/428/428 427/427/427
f 429/429/429 430/430/430 434/434/434
f 428/428/428 432/432/432 433/433/433
f 426/426/426 428/428/428 431/431/431
f 171/171/171 172/172/172 173/173/173
f 166/166/166 168/168/168 169/169/169
f 170/170/170 169/169/169 168/168/168
f 168/168/168 166/166/166 167/167/167
f 169/169/169 170/170/170 171/171/171
f 172/172/172 171/171/171 170/170/170
f 201/201/201 202/202/202 203/203/203
f 202/202/202 201/201/201 200/200/200
f 204/204/204 203/203/203 202/202/202
f 198/198/198 200/200/200 201/201/201
f 203/203/203 204/204/204 205/205/205
f 200/200/200 198/198/198 199/199/199
f 236/236/236 235/235/235 234/234/234
f 235/235/235 236/236/236 237/237/237
f 233/233/233 234/234/234 235/235/235
f 230/230/230 232/232/232 233/233/233
f 232/232/232 230/230/230 231/231/231
f 234/234/234 233/233/233 232/232/232
f 265/265/265 266/266/266 267/267/267
f 267/267/267 268/268/268 269/269/269
f 268/268/268 267/267/267 266/266/266
f 266/266/266 265/265/265 264/264/264
f 264/264/264 262/262/262 263/263/263
f 262/262/262 264/264/264 265/265/265
f 1/1/1 3/3/3 4/4/4
f 1/1/1 4/4/4 5/5/5
f 1/1/1 5/5/5 6/6/6
f 1/1/1 6/6/6 7/7/7
f 1/1/1 7/7/7 8/8/8
f 1/1/1 8/8/8 9/9/9
f 1/1/1 9/9/9 10/10/10
f 1/1/1 10/10/10 11/11/11
f 1/1/1 11/11/11 12/12/12
f 1/1/1 12/12/12 13/13/13
f 1/1/1 13/13/13 14/14/14
f 1/1/1 14/14/14 15/15/15
f 1/1/1 15/15/15 16/16/16
f 1/1/1 16/16/16 17/17/17
f 1/1/1 17/17/17 18/18/18
f 1/1/1 18/18/18 19/19/19
f 1/1/1 19/19/19 20/20/20
f 1/1/1 20/20/20 21/21/21
f 1/1/1 21/21/21 22/22/22
f 1/1/1 22/22/22 23/23/23
f 1/1/1 23/23/23 24/24/24
f 1/1/1 25/25/25 2/2/2
f 3/3/3 1/1/1 2/2/2
f 1/1/1 24/24/24 25/25/25
f 28/28/28 26/26/26 27/27/27
f 30/30/30 29/29/29 28/28/28
f 32/32/32 31/31/31 30/30/30
f 34/34/34 33/33/33 32/32/32
f 36/36/36 35/35/35 34/34/34
f 38/38/38 37/37/37 36/36/36
f 40/40/40 39/39/39 38/38/38
f 42/42/42 41/41/41 40/40/40
f 44/44/44 43/43/43 42/42/42
f 46/46/46 45/45/45 44/44/44
f 48/48/48 47/47/47 46/46/46
f 50/50/50 49/49/49 48/48/48
f 52/52/52 51/51/51 50/50/50
f 54/54/54 53/53/53 52/52/52
f 56/56/56 55/55/55 54/54/54
f 58/58/58 57/57/57 56/56/56
f 60/60/60 59/59/59 58/58/58
f 62/62/62 61/61/61 60/60/60
f 64/64/64 63/63/63 62/62/62
f 66/66/66 65/65/65 64/64/64
f 68/68/68 67/67/67 66/66/66
f 70/70/70 69/69/69 68/68/68
f 72/72/72 71/71/71 70/70/70
f 27/27/27 73/73/73 72/72/72
f 73/73/73 27/27/27 26/26/26
f 71/71/71 72/72/72 73/73/73
f 69/69/69 70/70/70 71/71/71
f 67/67/67 68/68/68 69/69/69
f 65/65/65 66/66/66 67/67/67
f 63/63/63 64/64/64 65/65/65
f 61/61/61 62/62/62 63/63/63
f 59/59/59 60/60/60 61/61/61
f 57/57/57 58/58/58 59/59/59
f 55/55/55 56/56/56 57/57/57
f 53/53/53 54/54/54 55/55/55
f 51/51/51 52/52/52 53/53/53
f 49/49/49 50/50/50 51/51/51
f 47/47/47 48/48/48 49/49/49
f 45/45/45 46/46/46 47/47/47
f 43/43/43 44/44/44 45/45/45
f 41/41/41 42/42/42 43/43/43
f 39/39/39 40/40/40 41/41/41
f 37/37/37 38/38/38 39/39/39
f 35/35/35 36/36/36 37/37/37
f 33/33/33 34/34/34 35/35/35
f 31/31/31 32/32/32 33/33/33
f 29/29/29 30/30/30 31/31/31
f 26/26/26 28/28/28 29/29/29
f 459/459/459 443/443/443 462/462/462
f 443/443/443 461/461/461 462/462/462
f 455/455/455 445/445/445 458/458/458
f 443/443/443 457/457/457 461/461/461
f 443/443/443 459/459/459 460/460/460
f 445/445/445 451/451/451 458/458/458
f 447/447/447 449/449/449 444/444/444
f 457/457/457 443/443/443 449/449/449
f 450/450/450 445/445/445 454/454/454
f 445/445/445 455/455/455 456/456/456
f 446/446/446 453/453/453 454/454/454
f 445/445/445 446/446/446 454/454/454
f 453/453/453 446/446/446 452/452/452
f 451/451/451 445/445/445 450/450/450
f 443/443/443 444/444/444 449/449/449
f 449/449/449 447/447/447 448/448/448
f 439/439/439 441/441/441 442/442/442
f 446/446/446 445/445/445 440/440/440
f 441/441/441 440/440/440 445/445/445
f 444/444/444 443/443/443 442/442/442
f 439/439/439 442/442/442 443/443/443
f 441/441/441 439/439/439 440/440/440
f 1274/1274/1274 1296/1296/1296 1295/1295/1295
f 1294/1294/1294 1295/1295/1295 1296/1296/1296
f 1292/1292/1292 1293/1293/1293 1294/1294/1294
f 1290/1290/1290 1291/1291/1291 1292/1292/1292
f 1288/1288/1288 1289/1289/1289 1290/1290/1290
f 1286/1286/1286 1287/1287/1287 1288/1288/1288
f 1284/1284/1284 1285/1285/1285 1286/1286/1286
f 1282/1282/1282 1283/1283/1283 1284/1284/1284
f 1280/1280/1280 1281/1281/1281 1282/1282/1282
f 1278/1278/1278 1279/1279/1279 1280/1280/1280
f 1276/1276/1276 1277/1277/1277 1278/1278/1278
f 1273/1273/1273 1275/1275/1275 1276/1276/1276
f 1295/1295/1295 1294/1294/1294 1293/1293/1293
f 1293/1293/1293 1292/1292/1292 1291/1291/1291
f 1291/1291/1291 1290/1290/1290 1289/1289/1289
f 1289/1289/1289 1288/1288/1288 1287/1287/1287
f 1287/1287/1287 1286/1286/1286 1285/1285/1285
f 1285/1285/1285 1284/1284/1284 1283/1283/1283
f 1283/1283/1283 1282/1282/1282 1281/1281/1281
f 1281/1281/1281 1280/1280/1280 1279/1279/1279
f 1279/1279/1279 1278/1278/1278 1277/1277/1277
f 1277/1277/1277 1276/1276/1276 1275/1275/1275
f 1275/1275/1275 1273/1273/1273 1274/1274/1274
f 1296/1296/1296 1274/1274/1274 1273/1273/1273
f 1297/1297/1297 1299/1299/1299 1309/1309/1309
f 1311/1311/1311 1312/1312/1312 1313/1313/1313
f 1305/1305/1305 1310/1310/1310 1311/1311/1311
f 1302/1302/1302 1301/1301/1301 1300/1300/1300
f 1307/1307/1307 1309/1309/1309 1308/1308/1308
f 1304/1304/1304 1303/1303/1303 1302/1302/1302
f 1298/1298/1298 1301/1301/1301 1299/1299/1299
f 1309/1309/1309 1307/1307/1307 1297/1297/1297
f 1308/1308/1308 1306/1306/1306 1307/1307/1307
f 1303/1303/1303 1304/1304/1304 1305/1305/1305
f 1301/1301/1301 1302/1302/1302 1303/1303/1303
f 1301/1301/1301 1298/1298/1298 1300/1300/1300
f 1313/1313/1313 1314/1314/1314 1315/1315/1315
f 1315/1315/1315 1316/1316/1316 1317/1317/1317
f 1319/1319/1319 1316/1316/1316 1318/1318/1318
f 1320/1320/1320 1318/1318/1318 1306/1306/1306
f 1310/1310/1310 1305/1305/1305 1304/1304/1304
f 1316/1316/1316 1315/1315/1315 1314/1314/1314
f 1318/1318/1318 1320/1320/1320 1319/1319/1319
f 1314/1314/1314 1313/1313/1313 1312/1312/1312
f 1306/1306/1306 1308/1308/1308 1320/1320/1320
f 1316/1316/1316 1319/1319/1319 1317/1317/1317
f 1299/1299/1299 1297/1297/1297 1298/1298/1298
f 1312/1312/1312 1311/1311/1311 1310/1310/1310
f 1325/1325/1325 1324/1324/1324 1321/1321/1321
f 1321/1321/1321 1323/1323/1323 1325/1325/1325
f 1324/1324/1324 1325/1325/1325 1327/1327/1327
f 1326/1326/1326 1327/1327/1327 1329/1329/1329
f 1328/1328/1328 1329/1329/1329 1331/1331/1331
f 1330/1330/1330 1331/1331/1331 1333/1333/1333
f 1332/1332/1332 1333/1333/1333 1335/1335/1335
f 1334/1334/1334 1335/1335/1335 1337/1337/1337
f 1336/1336/1336 1337/1337/1337 1339/1339/1339
f 1338/1338/1338 1339/1339/1339 1341/1341/1341
f 1340/1340/1340 1341/1341/1341 1343/1343/1343
f 1342/1342/1342 1343/1343/1343 1344/1344/1344
f 1322/1322/1322 1344/1344/1344 1323/1323/1323
f 1344/1344/1344 1322/1322/1322 1342/1342/1342
f 1343/1343/1343 1342/1342/1342 1340/1340/1340
f 1341/1341/1341 1340/1340/1340 1338/1338/1338
f 1339/1339/1339 1338/1338/1338 1336/1336/1336
f 1337/1337/1337 1336/1336/1336 1334/1334/1334
f 1335/1335/1335 1334/1334/1334 1332/1332/1332
f 1333/1333/1333 1332/1332/1332 1330/1330/1330
f 1331/1331/1331 1330/1330/1330 1328/1328/1328
f 1329/1329/1329 1328/1328/1328 1326/1326/1326
f 1327/1327/1327 1326/1326/1326 1324/1324/1324
f 1323/1323/1323 1321/1321/1321 1322/1322/1322
f 1345/1345/1345 1356/1356/1356 1357/1357/1357
f 1345/1345/1345 1355/1355/1355 1356/1356/1356
f 1345/1345/1345 1354/1354/1354 1355/1355/1355
f 1345/1345/1345 1353/1353/1353 1354/1354/1354
f 1345/1345/1345 1352/1352/1352 1353/1353/1353
f 1345/1345/1345 1351/1351/1351 1352/1352/1352
f 1345/1345/1345 1350/1350/1350 1351/1351/1351
f 1345/1345/1345 1349/1349/1349 1350/1350/1350
f 1345/1345/1345 1348/1348/1348 1349/1349/1349
f 1345/1345/1345 1347/1347/1347 1348/1348/1348
f 1347/1347/1347 1345/1345/1345 1346/1346/1346
f 1345/1345/1345 1357/1357/1357 1346/1346/1346
f 174/174/174 176/176/176 178/178/178
f 177/177/177 178/178/178 180/180/180
f 179/179/179 180/180/180 182/182/182
f 181/181/181 182/182/182 184/184/184
f 183/183/183 184/184/184 186/186/186
f 185/185/185 186/186/186 188/188/188
f 187/187/187 188/188/188 190/190/190
f 189/189/189 190/190/190 192/192/192
f 191/191/191 192/192/192 194/194/194
f 193/193/193 194/194/194 196/196/196
f 195/195/195 196/196/196 197/197/197
f 197/197/197 175/175/175 195/195/195
f 194/194/194 193/193/193 191/191/191
f 192/192/192 191/191/191 189/189/189
f 190/190/190 189/189/189 187/187/187
f 188/188/188 187/187/187 185/185/185
f 186/186/186 185/185/185 183/183/183
f 184/184/184 183/183/183 181/181/181
f 182/182/182 181/181/181 179/179/179
f 180/180/180 179/179/179 177/177/177
f 178/178/178 177/177/177 174/174/174
f 176/176/176 174/174/174 175/175/175
f 196/196/196 195/195/195 193/193/193
f 175/175/175 197/197/197 176/176/176
f 238/238/238 240/240/240 242/242/242
f 240/240/240 238/238/238 239/239/239
f 242/242/242 241/241/241 238/238/238
f 244/244/244 243/243/243 241/241/241
f 246/246/246 245/245/245 243/243/243
f 248/248/248 247/247/247 245/245/245
f 250/250/250 249/249/249 247/247/247
f 252/252/252 251/251/251 249/249/249
f 254/254/254 253/253/253 251/251/251
f 256/256/256 255/255/255 253/253/253
f 241/241/241 242/242/242 244/244/244
f 258/258/258 257/257/257 255/255/255
f 260/260/260 259/259/259 257/257/257
f 261/261/261 239/239/239 259/259/259
f 239/239/239 261/261/261 240/240/240
f 259/259/259 260/260/260 261/261/261
f 257/257/257 258/258/258 260/260/260
f 255/255/255 256/256/256 258/258/258
f 253/253/253 254/254/254 256/256/256
f 251/251/251 252/252/252 254/254/254
f 249/249/249 250/250/250 252/252/252
f 247/247/247 248/248/248 250/250/250
f 245/245/245 246/246/246 248/248/248
f 243/243/243 244/244/244 246/246/246
f 270/270/270 272/272/272 274/274/274
f 272/272/272 270/270/270 271/271/271
f 274/274/274 273/273/273 270/270/270
f 276/276/276 275/275/275 273/273/273
f 278/278/278 277/277/277 275/275/275
f 280/280/280 279/279/279 277/277/277
f 282/282/282 281/281/281 279/279/279
f 284/284/284 283/283/283 281/281/281
f 286/286/286 285/285/285 283/283/283
f 288/288/288 287/287/287 285/285/285
f 292/292/292 291/291/291 289/289/289
f 293/293/293 271/271/271 291/291/291
f 271/271/271 293/293/293 272/272/272
f 291/291/291 292/292/292 293/293/293
f 289/289/289 290/290/290 292/292/292
f 287/287/287 288/288/288 290/290/290
f 285/285/285 286/286/286 288/288/288
f 283/283/283 284/284/284 286/286/286
f 281/281/281 282/282/282 284/284/284
f 279/279/279 280/280/280 282/282/282
f 277/277/277 278/278/278 280/280/280
f 275/275/275 276/276/276 278/278/278
f 273/273/273 274/274/274 276/276/276
f 290/290/290 289/289/289 287/287/287
f 209/209/209 210/210/210 212/212/212
f 211/211/211 212/212/212 214/214/214
f 213/213/213 214/214/214 216/216/216
f 215/215/215 216/216/216 218/218/218
f 217/217/217 218/218/218 220/220/220
f 219/219/219 220/220/220 222/222/222
f 221/221/221 222/222/222 224/224/224
f 223/223/223 224/224/224 226/226/226
f 225/225/225 226/226/226 228/228/228
f 227/227/227 228/228/228 229/229/229
f 207/207/207 229/229/229 208/208/208
f 229/229/229 207/207/207 227/227/227
f 228/228/228 227/227/227 225/225/225
f 226/226/226 225/225/225 223/223/223
f 224/224/224 223/223/223 221/221/221
f 222/222/222 221/221/221 219/219/219
f 220/220/220 219/219/219 217/217/217
f 218/218/218 217/217/217 215/215/215
f 216/216/216 215/215/215 213/213/213
f 214/214/214 213/213/213 211/211/211
f 212/212/212 211/211/211 209/209/209
f 208/208/208 206/206/206 207/207/207
f 210/210/210 209/209/209 206/206/206
f 206/206/206 208/208/208 210/210/210
f 1090/1090/1090 1093/1093/1093 1094/1094/1094
f 1090/1090/1090 1094/1094/1094 1095/1095/1095
f 1090/1090/1090 1095/1095/1095 1096/1096/1096
f 1090/1090/1090 1096/1096/1096 1097/1097/1097
f 1090/1090/1090 1097/1097/1097 1098/1098/1098
f 1090/1090/1090 1098/1098/1098 1099/1099/1099
f 1090/1090/1090 1099/1099/1099 1100/1100/1100
f 1090/1090/1090 1100/1100/1100 1101/1101/1101
f 1090/1090/1090 1101/1101/1101 1102/1102/1102
f 1090/1090/1090 1102/1102/1102 1091/1091/1091
f 1092/1092/1092 1090/1090/1090 1091/1091/1091
f 1090/1090/1090 1092/1092/1092 1093/1093/1093
f 1084/1084/1084 1083/1083/1083 1081/1081/1081
f 1083/1083/1083 1084/1084/1084 1086/1086/1086
f 1081/1081/1081 1082/1082/1082 1084/1084/1084
f 1079/1079/1079 1080/1080/1080 1082/1082/1082
f 1077/1077/1077 1078/1078/1078 1080/1080/1080
f 1075/1075/1075 1076/1076/1076 1078/1078/1078
f 1073/1073/1073 1074/1074/1074 1076/1076/1076
f 1071/1071/1071 1072/1072/1072 1074/1074/1074
f 1069/1069/1069 1070/1070/1070 1072/1072/1072
f 1066/1066/1066 1068/1068/1068 1070/1070/1070
f 1087/1087/1087 1088/1088/1088 1089/1089/1089
f 1067/1067/1067 1089/1089/1089 1068/1068/1068
f 1089/1089/1089 1067/1067/1067 1087/1087/1087
f 1088/1088/1088 1087/1087/1087 1085/1085/1085
f 1086/1086/1086 1085/1085/1085 1083/1083/1083
f 1085/1085/1085 1086/1086/1086 1088/1088/1088
f 1082/1082/1082 1081/1081/1081 1079/1079/1079
f 1080/1080/1080 1079/1079/1079 1077/1077/1077
f 1078/1078/1078 1077/1077/1077 1075/1075/1075
f 1076/1076/1076 1075/1075/1075 1073/1073/1073
f 1074/1074/1074 1073/1073/1073 1071/1071/1071
f 1072/1072/1072 1071/1071/1071 1069/1069/1069
f 1070/1070/1070 1069/1069/1069 1066/1066/1066
f 1068/1068/1068 1066/1066/1066 1067/1067/1067
f 1047/1047/1047 1049/1049/1049 1065/1065/1065
f 1064/1064/1064 1057/1057/1057 1056/1056/1056
f 1063/1063/1063 1052/1052/1052 1051/1051/1051
f 1065/1065/1065 1062/1062/1062 1061/1061/1061
f 1058/1058/1058 1060/1060/1060 1064/1064/1064
f 1053/1053/1053 1055/1055/1055 1063/1063/1063
f 1042/1042/1042 1044/1044/1044 1050/1050/1050
f 1062/1062/1062 1065/1065/1065 1049/1049/1049
f 1061/1061/1061 1059/1059/1059 1058/1058/1058
f 1057/1057/1057 1064/1064/1064 1060/1060/1060
f 1056/1056/1056 1054/1054/1054 1053/1053/1053
f 1052/1052/1052 1063/1063/1063 1055/1055/1055
f 1045/1045/1045 1052/1052/1052 1046/1046/1046
f 1042/1042/1042 1048/1048/1048 1047/1047/1047
f 1059/1059/1059 1061/1061/1061 1062/1062/1062
f 1060/1060/1060 1058/1058/1058 1059/1059/1059
f 1054/1054/1054 1056/1056/1056 1057/1057/1057
f 1055/1055/1055 1053/1053/1053 1054/1054/1054
f 1052/1052/1052 1045/1045/1045 1051/1051/1051
f 1043/1043/1043 1046/1046/1046 1044/1044/1044
f 1048/1048/1048 1042/1042/1042 1050/1050/1050
f 1049/1049/1049 1047/1047/1047 1048/1048/1048
f 1046/1046/1046 1043/1043/1043 1045/1045/1045
f 1044/1044/1044 1042/1042/1042 1043/1043/1043
f 1025/1025/1025 1026/1026/1026 1027/1027/1027
f 1027/1027/1027 1028/1028/1028 1029/1029/1029
f 1029/1029/1029 1030/1030/1030 1031/1031/1031
f 1031/1031/1031 1032/1032/1032 1033/1033/1033
f 1033/1033/1033 1034/1034/1034 1035/1035/1035
f 1035/1035/1035 1036/1036/1036 1037/1037/1037
f 1037/1037/1037 1038/1038/1038 1039/1039/1039
f 1039/1039/1039 1040/1040/1040 1041/1041/1041
f 1041/1041/1041 1019/1019/1019 1018/1018/1018
f 1019/1019/1019 1041/1041/1041 1040/1040/1040
f 1040/1040/1040 1039/1039/1039 1038/1038/1038
f 1038/1038/1038 1037/1037/1037 1036/1036/1036
f 1036/1036/1036 1035/1035/1035 1034/1034/1034
f 1034/1034/1034 1033/1033/1033 1032/1032/1032
f 1032/1032/1032 1031/1031/1031 1030/1030/1030
f 1030/1030/1030 1029/1029/1029 1028/1028/1028
f 1028/1028/1028 1027/1027/1027 1026/1026/1026
f 1026/1026/1026 1025/1025/1025 1024/1024/1024
f 1024/1024/1024 1023/1023/1023 1022/1022/1022
f 1022/1022/1022 1021/1021/1021 1020/1020/1020
f 1020/1020/1020 1018/1018/1018 1019/1019/1019
f 1021/1021/1021 1022/1022/1022 1023/1023/1023
f 1018/1018/1018 1020/1020/1020 1021/1021/1021
f 1023/1023/1023 1024/1024/1024 1025/1025/1025
f 1004/1004/1004 1010/1010/1010 1005/1005/1005
f 1016/1016/1016 1017/1017/1017 1012/1012/1012
f 1014/1014/1014 1015/1015/1015 1016/1016/1016
f 1013/1013/1013 1007/1007/1007 1006/1006/1006
f 1008/1008/1008 1009/1009/1009 1011/1011/1011
f 1007/1007/1007 1013/1013/1013 1014/1014/1014
f 994/994/994 996/996/996 1010/1010/1010
f 1001/1001/1001 1003/1003/1003 1009/1009/1009
f 1012/1012/1012 1008/1008/1008 1011/1011/1011
f 1006/1006/1006 1000/1000/1000 999/999/999
f 1010/1010/1010 1004/1004/1004 994/994/994
f 1002/1002/1002 1005/1005/1005 1003/1003/1003
f 1009/1009/1009 1008/1008/1008 1001/1001/1001
f 1000/1000/1000 1006/1006/1006 1007/1007/1007
f 999/999/999 998/998/998 997/997/997
f 1005/1005/1005 1002/1002/1002 1004/1004/1004
f 1003/1003/1003 1001/1001/1001 1002/1002/1002
f 998/998/998 999/999/999 1000/1000/1000
f 995/995/995 998/998/998 996/996/996
f 998/998/998 995/995/995 997/997/997
f 996/996/996 994/994/994 995/995/995
f 1015/1015/1015 1014/1014/1014 1013/1013/1013
f 1017/1017/1017 1016/1016/1016 1015/1015/1015
f 1008/1008/1008 1012/1012/1012 1017/1017/1017
f 975/975/975 976/976/976 977/977/977
f 979/979/979 980/980/980 981/981/981
f 981/981/981 982/982/982 983/983/983
f 983/983/983 984/984/984 985/985/985
f 985/985/985 986/986/986 987/987/987
f 987/987/987 988/988/988 989/989/989
f 989/989/989 990/990/990 991/991/991
f 991/991/991 992/992/992 993/993/993
f 993/993/993 971/971/971 970/970/970
f 971/971/971 993/993/993 992/992/992
f 992/992/992 991/991/991 990/990/990
f 990/990/990 989/989/989 988/988/988
f 988/988/988 987/987/987 986/986/986
f 986/986/986 985/985/985 984/984/984
f 984/984/984 983/983/983 982/982/982
f 982/982/982 981/981/981 980/980/980
f 980/980/980 979/979/979 978/978/978
f 978/978/978 977/977/977 976/976/976
f 976/976/976 975/975/975 974/974/974
f 974/974/974 973/973/973 972/972/972
f 972/972/972 970/970/970 971/971/971
f 973/973/973 974/974/974 975/975/975
f 970/970/970 972/972/972 973/973/973
f 977/977/977 978/978/978 979/979/979
