# Wavefront .OBJ file for tesselated shape: elbow-1/Racer 999_PMPMP0000030247-1 path: D:\OneDrive - Università degli Studi di Parma\Altro\Robot_cadsim\Comau_Racer_7_1.0\cad\Racer 999_PMPMP0000030247.sldprt

g body_1
v 0.000000 0.000000 0.002500
v -0.027193 -0.004099 0.002500
v -0.024777 -0.011932 0.002500
v -0.020159 -0.018705 0.002500
v -0.013750 -0.023816 0.002500
v -0.006119 -0.026811 0.002500
v 0.002055 -0.027423 0.002500
v 0.010047 -0.025599 0.002500
v 0.017146 -0.021500 0.002500
v 0.022722 -0.015491 0.002500
v 0.026278 -0.008106 0.002500
v 0.027500 0.000000 0.002500
v 0.026278 0.008106 0.002500
v 0.022722 0.015491 0.002500
v 0.017146 0.021500 0.002500
v 0.010047 0.025599 0.002500
v 0.002055 0.027423 0.002500
v -0.006119 0.026811 0.002500
v -0.013750 0.023816 0.002500
v -0.020159 0.018705 0.002500
v -0.024777 0.011932 0.002500
v -0.027193 0.004099 0.002500
v -0.027500 0.000000 0.002500
v 0.027500 0.000000 0.002500
v 0.027500 0.000000 0.000000
v 0.026278 0.008106 0.000000
v 0.026278 0.008106 0.002500
v 0.022722 0.015491 0.000000
v 0.022722 0.015491 0.002500
v 0.017146 0.021500 0.000000
v 0.017146 0.021500 0.002500
v 0.010047 0.025599 0.000000
v 0.010047 0.025599 0.002500
v 0.002055 0.027423 0.000000
v -0.006119 0.026811 0.002500
v 0.002055 0.027423 0.002500
v -0.000017 0.027500 0.000000
v -0.006119 0.026811 0.000000
v -0.013750 0.023816 0.000000
v -0.013750 0.023816 0.002500
v -0.020159 0.018705 0.000000
v -0.020159 0.018705 0.002500
v -0.024777 0.011932 0.000000
v -0.024777 0.011932 0.002500
v -0.027193 0.004099 0.000000
v -0.027193 -0.004099 0.002500
v -0.027500 0.000000 0.002500
v -0.027500 0.000000 0.000000
v -0.027193 0.004099 0.002500
v -0.027193 -0.004099 0.000000
v -0.024777 -0.011932 0.000000
v -0.024777 -0.011932 0.002500
v -0.020159 -0.018705 0.000000
v -0.020159 -0.018705 0.002500
v -0.013750 -0.023816 0.000000
v -0.013750 -0.023816 0.002500
v -0.006119 -0.026811 0.000000
v -0.006119 -0.026811 0.002500
v -0.000017 -0.027500 0.000000
v 0.002055 -0.027423 0.002500
v 0.002055 -0.027423 0.000000
v 0.010047 -0.025599 0.000000
v 0.010047 -0.025599 0.002500
v 0.017146 -0.021500 0.000000
v 0.017146 -0.021500 0.002500
v 0.022722 -0.015491 0.000000
v 0.022722 -0.015491 0.002500
v 0.026278 -0.008106 0.000000
v 0.026278 -0.008106 0.002500
v 0.027126 -0.030052 0.000000
v 0.010047 -0.025599 0.000000
v 0.002055 -0.027423 0.000000
v 0.027518 -0.028589 0.000000
v 0.017146 -0.021500 0.000000
v 0.000000 -0.037500 0.000000
v 0.027518 -0.031515 0.000000
v 0.029962 -0.037500 0.000000
v 0.028589 -0.032586 0.000000
v 0.030052 -0.027126 0.000000
v 0.026278 -0.008106 0.000000
v 0.022722 -0.015491 0.000000
v 0.037500 0.000000 0.000000
v 0.027500 0.000000 0.000000
v 0.028589 -0.027518 0.000000
v -0.000017 -0.027500 0.000000
v 0.037500 -0.029962 0.000000
v 0.032586 -0.031515 0.000000
v 0.031515 -0.032586 0.000000
v 0.030052 -0.032978 0.000000
v 0.032978 -0.030052 0.000000
v 0.031515 -0.027518 0.000000
v 0.032586 -0.028589 0.000000
v -0.030052 -0.027126 0.000000
v -0.024777 -0.011932 0.000000
v -0.027193 -0.004099 0.000000
v -0.028589 -0.027518 0.000000
v -0.020159 -0.018705 0.000000
v -0.037500 0.000000 0.000000
v -0.031515 -0.027518 0.000000
v -0.027518 -0.028589 0.000000
v -0.027500 0.000000 0.000000
v -0.037500 -0.029962 0.000000
v -0.032586 -0.028589 0.000000
v -0.032586 -0.031515 0.000000
v -0.032978 -0.030052 0.000000
v -0.029962 -0.037500 0.000000
v -0.031515 -0.032586 0.000000
v -0.027126 -0.030052 0.000000
v -0.006119 -0.026811 0.000000
v -0.013750 -0.023816 0.000000
v -0.030052 -0.032978 0.000000
v -0.027518 -0.031515 0.000000
v -0.028589 -0.032586 0.000000
v 0.000000 0.037500 0.000000
v -0.027518 0.031515 0.000000
v -0.027126 0.030052 0.000000
v -0.029962 0.037500 0.000000
v -0.028589 0.032586 0.000000
v -0.037500 0.029962 0.000000
v -0.032586 0.031515 0.000000
v -0.031515 0.032586 0.000000
v -0.031515 0.027518 0.000000
v -0.032586 0.028589 0.000000
v -0.030052 0.032978 0.000000
v -0.032978 0.030052 0.000000
v -0.030052 0.027126 0.000000
v -0.024777 0.011932 0.000000
v -0.020159 0.018705 0.000000
v -0.028589 0.027518 0.000000
v -0.027193 0.004099 0.000000
v -0.013750 0.023816 0.000000
v -0.027518 0.028589 0.000000
v -0.006119 0.026811 0.000000
v -0.000017 0.027500 0.000000
v 0.027126 0.030052 0.000000
v 0.010047 0.025599 0.000000
v 0.017146 0.021500 0.000000
v 0.002055 0.027423 0.000000
v 0.022722 0.015491 0.000000
v 0.028589 0.027518 0.000000
v 0.030052 0.027126 0.000000
v 0.027518 0.031515 0.000000
v 0.028589 0.032586 0.000000
v 0.027518 0.028589 0.000000
v 0.026278 0.008106 0.000000
v 0.031515 0.027518 0.000000
v 0.037500 0.029962 0.000000
v 0.032586 0.028589 0.000000
v 0.029962 0.037500 0.000000
v 0.030052 0.032978 0.000000
v 0.031515 0.032586 0.000000
v 0.032586 0.031515 0.000000
v 0.032978 0.030052 0.000000
v 0.037500 -0.029962 -0.008000
v 0.037500 0.000000 -0.008000
v 0.037500 0.000000 0.000000
v 0.037500 0.029962 0.000000
v 0.037500 0.029962 -0.008000
v 0.037500 -0.029962 0.000000
v 0.037500 0.029962 0.000000
v 0.037500 0.029962 -0.008000
v 0.029962 0.037500 -0.008000
v 0.029962 0.037500 0.000000
v 0.029962 0.037500 0.000000
v 0.029962 0.037500 -0.008000
v 0.000000 0.037500 -0.008000
v -0.029962 0.037500 -0.008000
v -0.029962 0.037500 0.000000
v 0.000000 0.037500 0.000000
v -0.029962 0.037500 0.000000
v -0.029962 0.037500 -0.008000
v -0.037500 0.029962 -0.008000
v -0.037500 0.029962 0.000000
v -0.037500 0.029962 -0.008000
v -0.037500 0.000000 -0.008000
v -0.037500 0.000000 0.000000
v -0.037500 -0.029962 0.000000
v -0.037500 -0.029962 -0.008000
v -0.037500 0.029962 0.000000
v -0.037500 -0.029962 0.000000
v -0.037500 -0.029962 -0.008000
v -0.029962 -0.037500 -0.008000
v -0.029962 -0.037500 0.000000
v -0.029962 -0.037500 -0.008000
v 0.000000 -0.037500 -0.008000
v 0.000000 -0.037500 0.000000
v 0.029962 -0.037500 0.000000
v 0.029962 -0.037500 -0.008000
v -0.029962 -0.037500 0.000000
v 0.029962 -0.037500 0.000000
v 0.029962 -0.037500 -0.008000
v 0.037500 -0.029962 -0.008000
v 0.037500 -0.029962 0.000000
v 0.032586 -0.031515 0.000000
v 0.032978 -0.030052 0.000000
v 0.032978 -0.030052 -0.008000
v 0.031515 -0.032586 0.000000
v 0.032586 -0.031515 -0.008000
v 0.030052 -0.032978 0.000000
v 0.031515 -0.032586 -0.008000
v 0.028589 -0.032586 0.000000
v 0.030052 -0.032978 -0.008000
v 0.027518 -0.031515 0.000000
v 0.028589 -0.032586 -0.008000
v 0.027126 -0.030052 0.000000
v 0.027518 -0.031515 -0.008000
v 0.027518 -0.028589 0.000000
v 0.027126 -0.030052 -0.008000
v 0.028589 -0.027518 0.000000
v 0.027518 -0.028589 -0.008000
v 0.030052 -0.027126 0.000000
v 0.028589 -0.027518 -0.008000
v 0.031515 -0.027518 0.000000
v 0.030052 -0.027126 -0.008000
v 0.032586 -0.028589 0.000000
v 0.031515 -0.027518 -0.008000
v 0.032586 -0.028589 -0.008000
v -0.027518 0.028589 0.000000
v -0.027126 0.030052 0.000000
v -0.027126 0.030052 -0.008000
v -0.028589 0.027518 0.000000
v -0.027518 0.028589 -0.008000
v -0.030052 0.027126 0.000000
v -0.028589 0.027518 -0.008000
v -0.031515 0.027518 0.000000
v -0.030052 0.027126 -0.008000
v -0.032586 0.028589 0.000000
v -0.031515 0.027518 -0.008000
v -0.032978 0.030052 0.000000
v -0.032586 0.028589 -0.008000
v -0.032586 0.031515 0.000000
v -0.032978 0.030052 -0.008000
v -0.031515 0.032586 0.000000
v -0.032586 0.031515 -0.008000
v -0.030052 0.032978 0.000000
v -0.031515 0.032586 -0.008000
v -0.028589 0.032586 0.000000
v -0.030052 0.032978 -0.008000
v -0.027518 0.031515 0.000000
v -0.028589 0.032586 -0.008000
v -0.027518 0.031515 -0.008000
v 0.032586 0.028589 0.000000
v 0.032978 0.030052 0.000000
v 0.032978 0.030052 -0.008000
v 0.031515 0.027518 0.000000
v 0.032586 0.028589 -0.008000
v 0.030052 0.027126 0.000000
v 0.031515 0.027518 -0.008000
v 0.028589 0.027518 0.000000
v 0.030052 0.027126 -0.008000
v 0.027518 0.028589 0.000000
v 0.028589 0.027518 -0.008000
v 0.027126 0.030052 0.000000
v 0.027518 0.028589 -0.008000
v 0.027518 0.031515 0.000000
v 0.027126 0.030052 -0.008000
v 0.028589 0.032586 0.000000
v 0.027518 0.031515 -0.008000
v 0.030052 0.032978 0.000000
v 0.028589 0.032586 -0.008000
v 0.031515 0.032586 0.000000
v 0.030052 0.032978 -0.008000
v 0.032586 0.031515 0.000000
v 0.031515 0.032586 -0.008000
v 0.032586 0.031515 -0.008000
v -0.027518 -0.031515 0.000000
v -0.027126 -0.030052 0.000000
v -0.027126 -0.030052 -0.008000
v -0.028589 -0.032586 0.000000
v -0.027518 -0.031515 -0.008000
v -0.030052 -0.032978 0.000000
v -0.028589 -0.032586 -0.008000
v -0.031515 -0.032586 0.000000
v -0.030052 -0.032978 -0.008000
v -0.032586 -0.031515 0.000000
v -0.031515 -0.032586 -0.008000
v -0.032978 -0.030052 0.000000
v -0.032586 -0.031515 -0.008000
v -0.032586 -0.028589 0.000000
v -0.032978 -0.030052 -0.008000
v -0.031515 -0.027518 0.000000
v -0.032586 -0.028589 -0.008000
v -0.030052 -0.027126 0.000000
v -0.031515 -0.027518 -0.008000
v -0.028589 -0.027518 0.000000
v -0.030052 -0.027126 -0.008000
v -0.027518 -0.028589 0.000000
v -0.028589 -0.027518 -0.008000
v -0.027518 -0.028589 -0.008000
v -0.037500 0.029962 -0.008000
v -0.029962 0.037500 -0.008000
v -0.031515 0.032586 -0.008000
v -0.021500 0.035000 -0.008000
v -0.028589 0.032586 -0.008000
v -0.032586 0.031515 -0.008000
v -0.027518 0.031515 -0.008000
v -0.021500 0.031500 -0.008000
v -0.027126 0.030052 -0.008000
v -0.024429 0.024429 -0.008000
v -0.027673 0.022261 -0.008000
v -0.028589 0.027518 -0.008000
v -0.032978 0.030052 -0.008000
v -0.032586 0.028589 -0.008000
v -0.030052 0.032978 -0.008000
v -0.027518 0.028589 -0.008000
v -0.022261 0.027673 -0.008000
v -0.031500 0.021500 -0.008000
v -0.030052 0.027126 -0.008000
v -0.035000 0.021500 -0.008000
v -0.031515 0.027518 -0.008000
v -0.037500 0.000000 -0.008000
v 0.000000 0.037500 -0.008000
v 0.000000 0.035000 -0.008000
v -0.028589 -0.027518 -0.008000
v -0.031500 -0.021500 -0.008000
v -0.027673 -0.022261 -0.008000
v -0.022261 -0.027673 -0.008000
v -0.021500 -0.031500 -0.008000
v -0.027126 -0.030052 -0.008000
v -0.021500 -0.035000 -0.008000
v -0.027518 -0.031515 -0.008000
v -0.035000 -0.021500 -0.008000
v -0.024429 -0.024429 -0.008000
v -0.027518 -0.028589 -0.008000
v -0.029962 -0.037500 -0.008000
v -0.037500 -0.029962 -0.008000
v -0.032586 -0.031515 -0.008000
v -0.028589 -0.032586 -0.008000
v -0.030052 -0.032978 -0.008000
v -0.031515 -0.032586 -0.008000
v -0.032586 -0.028589 -0.008000
v -0.031515 -0.027518 -0.008000
v -0.030052 -0.027126 -0.008000
v 0.000000 -0.037500 -0.008000
v -0.032978 -0.030052 -0.008000
v -0.035000 0.000000 -0.008000
v 0.037500 -0.029962 -0.008000
v 0.032978 -0.030052 -0.008000
v 0.032586 -0.028589 -0.008000
v 0.029962 -0.037500 -0.008000
v 0.031515 -0.032586 -0.008000
v 0.022261 -0.027673 -0.008000
v 0.027518 -0.028589 -0.008000
v 0.027126 -0.030052 -0.008000
v 0.024429 -0.024429 -0.008000
v 0.028589 -0.027518 -0.008000
v 0.035000 -0.021500 -0.008000
v 0.032586 -0.031515 -0.008000
v 0.021500 -0.035000 -0.008000
v 0.028589 -0.032586 -0.008000
v 0.021500 -0.031500 -0.008000
v 0.027673 -0.022261 -0.008000
v 0.031500 -0.021500 -0.008000
v 0.030052 -0.027126 -0.008000
v 0.031515 -0.027518 -0.008000
v 0.030052 -0.032978 -0.008000
v 0.027518 -0.031515 -0.008000
v 0.000000 -0.035000 -0.008000
v 0.037500 0.000000 -0.008000
v 0.024429 0.024429 -0.008000
v 0.022261 0.027673 -0.008000
v 0.027518 0.028589 -0.008000
v 0.021500 0.031500 -0.008000
v 0.027126 0.030052 -0.008000
v 0.029962 0.037500 -0.008000
v 0.030052 0.032978 -0.008000
v 0.028589 0.032586 -0.008000
v 0.037500 0.029962 -0.008000
v 0.035000 0.021500 -0.008000
v 0.032586 0.028589 -0.008000
v 0.028589 0.027518 -0.008000
v 0.027673 0.022261 -0.008000
v 0.021500 0.035000 -0.008000
v 0.027518 0.031515 -0.008000
v 0.031515 0.032586 -0.008000
v 0.032586 0.031515 -0.008000
v 0.032978 0.030052 -0.008000
v 0.031500 0.021500 -0.008000
v 0.030052 0.027126 -0.008000
v 0.031515 0.027518 -0.008000
v 0.035000 0.000000 -0.008000
v 0.035000 -0.021500 -0.008000
v 0.031500 -0.021500 -0.008000
v 0.031500 -0.021500 -0.088500
v 0.035000 -0.021500 -0.088500
v 0.027673 -0.022261 -0.088500
v 0.031500 -0.021500 -0.088500
v 0.031500 -0.021500 -0.008000
v 0.024429 -0.024429 -0.088500
v 0.027673 -0.022261 -0.008000
v 0.022261 -0.027673 -0.088500
v 0.024429 -0.024429 -0.008000
v 0.021500 -0.031500 -0.088500
v 0.022261 -0.027673 -0.008000
v 0.021500 -0.031500 -0.008000
v 0.021500 -0.035000 -0.088500
v 0.021500 -0.031500 -0.088500
v 0.021500 -0.031500 -0.008000
v 0.021500 -0.035000 -0.008000
v -0.021500 -0.035000 -0.008000
v -0.021500 -0.031500 -0.008000
v -0.021500 -0.031500 -0.088500
v -0.021500 -0.035000 -0.088500
v -0.022261 -0.027673 -0.088500
v -0.021500 -0.031500 -0.088500
v -0.021500 -0.031500 -0.008000
v -0.024429 -0.024429 -0.088500
v -0.022261 -0.027673 -0.008000
v -0.027673 -0.022261 -0.088500
v -0.024429 -0.024429 -0.008000
v -0.031500 -0.021500 -0.088500
v -0.027673 -0.022261 -0.008000
v -0.031500 -0.021500 -0.008000
v -0.035000 -0.021500 -0.088500
v -0.031500 -0.021500 -0.088500
v -0.031500 -0.021500 -0.008000
v -0.035000 -0.021500 -0.008000
v -0.035000 0.021500 -0.008000
v -0.031500 0.021500 -0.008000
v -0.031500 0.021500 -0.088500
v -0.035000 0.021500 -0.088500
v -0.027673 0.022261 -0.088500
v -0.031500 0.021500 -0.088500
v -0.031500 0.021500 -0.008000
v -0.024429 0.024429 -0.088500
v -0.027673 0.022261 -0.008000
v -0.022261 0.027673 -0.088500
v -0.024429 0.024429 -0.008000
v -0.021500 0.031500 -0.088500
v -0.022261 0.027673 -0.008000
v -0.021500 0.031500 -0.008000
v -0.021500 0.035000 -0.088500
v -0.021500 0.031500 -0.088500
v -0.021500 0.031500 -0.008000
v -0.021500 0.035000 -0.008000
v 0.035000 0.021500 -0.088500
v 0.031500 0.021500 -0.088500
v 0.031500 0.021500 -0.008000
v 0.035000 0.021500 -0.008000
v 0.022261 0.027673 -0.088500
v 0.021500 0.031500 -0.088500
v 0.021500 0.031500 -0.008000
v 0.024429 0.024429 -0.088500
v 0.022261 0.027673 -0.008000
v 0.027673 0.022261 -0.088500
v 0.024429 0.024429 -0.008000
v 0.031500 0.021500 -0.088500
v 0.027673 0.022261 -0.008000
v 0.031500 0.021500 -0.008000
v 0.021500 0.035000 -0.008000
v 0.021500 0.031500 -0.008000
v 0.021500 0.031500 -0.088500
v 0.021500 0.035000 -0.088500
v 0.024429 -0.024429 -0.088500
v 0.025670 -0.027500 -0.088500
v 0.027500 -0.025670 -0.088500
v 0.022261 -0.027673 -0.088500
v 0.021500 -0.031500 -0.088500
v 0.025000 -0.030000 -0.088500
v 0.025000 -0.035000 -0.088500
v 0.035000 -0.025000 -0.088500
v 0.035000 -0.021500 -0.088500
v 0.031500 -0.021500 -0.088500
v 0.027673 -0.022261 -0.088500
v 0.030000 -0.025000 -0.088500
v 0.021500 -0.035000 -0.088500
v 0.030000 -0.025000 -0.088500
v 0.030000 -0.025000 -0.113000
v 0.035000 -0.025000 -0.113000
v 0.035000 -0.025000 -0.088500
v 0.025670 -0.027500 -0.088500
v 0.025000 -0.030000 -0.088500
v 0.025000 -0.030000 -0.113000
v 0.027500 -0.025670 -0.088500
v 0.025670 -0.027500 -0.113000
v 0.030000 -0.025000 -0.088500
v 0.027500 -0.025670 -0.113000
v 0.030000 -0.025000 -0.113000
v 0.025000 -0.035000 -0.088500
v 0.025000 -0.035000 -0.113000
v 0.025000 -0.030000 -0.113000
v 0.025000 -0.030000 -0.088500
v 0.035000 0.021500 -0.088500
v 0.035000 0.021500 -0.008000
v 0.035000 0.000000 -0.008000
v 0.035000 -0.021500 -0.088500
v 0.035000 0.025000 -0.113000
v 0.035000 0.025000 -0.088500
v 0.035000 -0.025000 -0.113000
v 0.035000 -0.021500 -0.008000
v 0.035000 -0.025000 -0.088500
v 0.030000 -0.025000 -0.113000
v 0.030000 -0.024563 -0.118000
v 0.034563 -0.024563 -0.118000
v 0.035000 -0.025000 -0.113000
v 0.035000 0.025000 -0.113000
v 0.035000 -0.025000 -0.113000
v 0.034563 -0.024563 -0.118000
v 0.034563 0.024563 -0.118000
v 0.035000 0.025000 -0.088500
v 0.035000 0.025000 -0.113000
v 0.030000 0.025000 -0.113000
v 0.030000 0.025000 -0.088500
v 0.025000 0.035000 -0.088500
v 0.021500 0.035000 -0.088500
v 0.021500 0.031500 -0.088500
v 0.022261 0.027673 -0.088500
v 0.025670 0.027500 -0.088500
v 0.025000 0.030000 -0.088500
v 0.024429 0.024429 -0.088500
v 0.027673 0.022261 -0.088500
v 0.027500 0.025670 -0.088500
v 0.031500 0.021500 -0.088500
v 0.030000 0.025000 -0.088500
v 0.035000 0.025000 -0.088500
v 0.035000 0.021500 -0.088500
v 0.025000 0.030000 -0.088500
v 0.025000 0.030000 -0.113000
v 0.025000 0.035000 -0.113000
v 0.025000 0.035000 -0.088500
v 0.027500 0.025670 -0.088500
v 0.030000 0.025000 -0.088500
v 0.030000 0.025000 -0.113000
v 0.025670 0.027500 -0.088500
v 0.027500 0.025670 -0.113000
v 0.025000 0.030000 -0.088500
v 0.025670 0.027500 -0.113000
v 0.025000 0.030000 -0.113000
v 0.030000 0.025000 -0.113000
v 0.035000 0.025000 -0.113000
v 0.034563 0.024563 -0.118000
v 0.030000 0.024563 -0.118000
v -0.021500 -0.035000 -0.088500
v 0.021500 -0.035000 -0.088500
v 0.000000 -0.035000 -0.008000
v 0.021500 -0.035000 -0.008000
v 0.025000 -0.035000 -0.113000
v 0.025000 -0.035000 -0.088500
v -0.025000 -0.035000 -0.113000
v -0.021500 -0.035000 -0.008000
v -0.025000 -0.035000 -0.088500
v 0.025000 -0.030000 -0.113000
v 0.025000 -0.035000 -0.113000
v 0.024825 -0.034825 -0.115000
v 0.024825 -0.030000 -0.115000
v 0.027281 -0.025291 -0.118000
v 0.030000 -0.024563 -0.118000
v 0.030000 -0.025000 -0.113000
v 0.025000 -0.030000 -0.113000
v 0.024825 -0.030000 -0.115000
v 0.025469 -0.027500 -0.115000
v 0.025670 -0.027500 -0.113000
v 0.025317 -0.027238 -0.118000
v 0.027500 -0.025670 -0.113000
v 0.021500 -0.027500 -0.115000
v 0.021500 -0.027238 -0.118000
v 0.025317 -0.027238 -0.118000
v 0.025469 -0.027500 -0.115000
v 0.024825 -0.034825 -0.115000
v 0.018500 -0.034825 -0.115000
v 0.018500 -0.030500 -0.115000
v 0.024825 -0.030000 -0.115000
v 0.018902 -0.029000 -0.115000
v 0.020000 -0.027902 -0.115000
v 0.021500 -0.027500 -0.115000
v 0.025469 -0.027500 -0.115000
v 0.018238 -0.030500 -0.118000
v 0.018675 -0.028869 -0.118000
v 0.018902 -0.029000 -0.115000
v 0.019869 -0.027675 -0.118000
v 0.020000 -0.027902 -0.115000
v 0.021500 -0.027238 -0.118000
v 0.021500 -0.027500 -0.115000
v 0.018500 -0.030500 -0.115000
v 0.018500 -0.030500 -0.115000
v 0.018500 -0.034825 -0.115000
v 0.018238 -0.034563 -0.118000
v 0.018238 -0.030500 -0.118000
v -0.024429 -0.024429 -0.088500
v -0.026464 -0.026464 -0.088500
v -0.025381 -0.028087 -0.088500
v -0.027673 -0.022261 -0.088500
v -0.028087 -0.025381 -0.088500
v -0.031500 -0.021500 -0.088500
v -0.030000 -0.025000 -0.088500
v -0.035000 -0.025000 -0.088500
v -0.025000 -0.035000 -0.088500
v -0.021500 -0.035000 -0.088500
v -0.021500 -0.031500 -0.088500
v -0.022261 -0.027673 -0.088500
v -0.025000 -0.030000 -0.088500
v -0.035000 -0.021500 -0.088500
v -0.025000 -0.030000 -0.088500
v -0.025000 -0.030000 -0.113000
v -0.025000 -0.035000 -0.113000
v -0.025000 -0.035000 -0.088500
v -0.030000 -0.025000 -0.113000
v -0.027500 -0.025670 -0.113000
v -0.028087 -0.025381 -0.088500
v -0.026464 -0.026464 -0.088500
v -0.026464 -0.026464 -0.113000
v -0.025670 -0.027500 -0.113000
v -0.025000 -0.030000 -0.113000
v -0.025000 -0.030000 -0.088500
v -0.025381 -0.028087 -0.088500
v -0.030000 -0.025000 -0.088500
v -0.035000 -0.025000 -0.088500
v -0.035000 -0.025000 -0.113000
v -0.030000 -0.025000 -0.113000
v -0.030000 -0.025000 -0.088500
v -0.030000 -0.025000 -0.113000
v -0.035000 -0.025000 -0.113000
v -0.034563 -0.024563 -0.118000
v -0.030000 -0.024563 -0.118000
v -0.035000 0.021500 -0.088500
v -0.035000 -0.021500 -0.088500
v -0.035000 0.000000 -0.008000
v -0.035000 -0.021500 -0.008000
v -0.035000 -0.025000 -0.113000
v -0.035000 -0.025000 -0.088500
v -0.035000 0.025000 -0.113000
v -0.035000 0.021500 -0.008000
v -0.035000 0.025000 -0.088500
v -0.035000 -0.025000 -0.113000
v -0.035000 0.025000 -0.113000
v -0.034563 0.024563 -0.118000
v -0.034563 -0.024563 -0.118000
v -0.030000 0.025000 -0.088500
v -0.030000 0.025000 -0.113000
v -0.035000 0.025000 -0.113000
v -0.035000 0.025000 -0.088500
v -0.035000 0.025000 -0.088500
v -0.035000 0.021500 -0.088500
v -0.031500 0.021500 -0.088500
v -0.027673 0.022261 -0.088500
v -0.027500 0.025670 -0.088500
v -0.030000 0.025000 -0.088500
v -0.024429 0.024429 -0.088500
v -0.022261 0.027673 -0.088500
v -0.025670 0.027500 -0.088500
v -0.021500 0.031500 -0.088500
v -0.025000 0.030000 -0.088500
v -0.025000 0.035000 -0.088500
v -0.021500 0.035000 -0.088500
v -0.025670 0.027500 -0.088500
v -0.025000 0.030000 -0.088500
v -0.025000 0.030000 -0.113000
v -0.027500 0.025670 -0.088500
v -0.025670 0.027500 -0.113000
v -0.030000 0.025000 -0.088500
v -0.027500 0.025670 -0.113000
v -0.030000 0.025000 -0.113000
v -0.030000 0.025000 -0.113000
v -0.030000 0.024563 -0.118000
v -0.034563 0.024563 -0.118000
v -0.035000 0.025000 -0.113000
v -0.025000 0.035000 -0.088500
v -0.025000 0.035000 -0.113000
v -0.025000 0.030000 -0.113000
v -0.025000 0.030000 -0.088500
v -0.025000 -0.030000 -0.113000
v -0.024825 -0.030000 -0.115000
v -0.024825 -0.034825 -0.115000
v -0.025000 -0.035000 -0.113000
v 0.025000 -0.035000 -0.113000
v -0.018500 -0.034825 -0.115000
v 0.018500 -0.034825 -0.115000
v -0.018238 -0.034563 -0.118000
v 0.018238 -0.034563 -0.118000
v -0.025000 -0.035000 -0.113000
v -0.024825 -0.034825 -0.115000
v 0.024825 -0.034825 -0.115000
v -0.030000 -0.024563 -0.118000
v -0.027281 -0.025291 -0.118000
v -0.027500 -0.025670 -0.113000
v -0.025317 -0.027238 -0.118000
v -0.026464 -0.026464 -0.113000
v -0.025670 -0.027500 -0.113000
v -0.025000 -0.030000 -0.113000
v -0.025469 -0.027500 -0.115000
v -0.024825 -0.030000 -0.115000
v -0.030000 -0.025000 -0.113000
v -0.024825 -0.030000 -0.115000
v -0.020352 -0.027728 -0.115000
v -0.019379 -0.028379 -0.115000
v -0.021500 -0.027500 -0.115000
v -0.024825 -0.034825 -0.115000
v -0.018500 -0.030500 -0.115000
v -0.025469 -0.027500 -0.115000
v -0.018728 -0.029352 -0.115000
v -0.018500 -0.034825 -0.115000
v -0.018500 -0.030500 -0.115000
v -0.018238 -0.030500 -0.118000
v -0.018238 -0.034563 -0.118000
v -0.018500 -0.034825 -0.115000
v -0.021500 -0.027238 -0.118000
v -0.020252 -0.027486 -0.118000
v -0.020352 -0.027728 -0.115000
v -0.019193 -0.028193 -0.118000
v -0.019379 -0.028379 -0.115000
v -0.018486 -0.029252 -0.118000
v -0.018728 -0.029352 -0.115000
v -0.018238 -0.030500 -0.118000
v -0.018500 -0.030500 -0.115000
v -0.021500 -0.027500 -0.115000
v -0.021500 -0.027500 -0.115000
v -0.025469 -0.027500 -0.115000
v -0.025317 -0.027238 -0.118000
v -0.021500 -0.027238 -0.118000
v -0.027281 0.025291 -0.118000
v -0.030000 0.024563 -0.118000
v -0.030000 0.025000 -0.113000
v -0.025000 0.030000 -0.113000
v -0.024825 0.030000 -0.115000
v -0.025469 0.027500 -0.115000
v -0.025670 0.027500 -0.113000
v -0.025317 0.027238 -0.118000
v -0.027500 0.025670 -0.113000
v -0.025000 0.030000 -0.113000
v -0.025000 0.035000 -0.113000
v -0.024825 0.034825 -0.115000
v -0.024825 0.030000 -0.115000
v 0.025000 0.030000 -0.113000
v 0.024825 0.030000 -0.115000
v 0.024825 0.034825 -0.115000
v 0.025000 0.035000 -0.113000
v 0.030000 0.024563 -0.118000
v 0.027281 0.025291 -0.118000
v 0.027500 0.025670 -0.113000
v 0.025317 0.027238 -0.118000
v 0.025670 0.027500 -0.113000
v 0.025000 0.030000 -0.113000
v 0.025469 0.027500 -0.115000
v 0.024825 0.030000 -0.115000
v 0.030000 0.025000 -0.113000
v -0.021500 0.027500 -0.115000
v -0.021500 0.027238 -0.118000
v -0.025317 0.027238 -0.118000
v -0.025469 0.027500 -0.115000
v -0.024825 0.034825 -0.115000
v -0.018500 0.034825 -0.115000
v -0.018500 0.030500 -0.115000
v -0.024825 0.030000 -0.115000
v -0.018902 0.029000 -0.115000
v -0.020000 0.027902 -0.115000
v -0.021500 0.027500 -0.115000
v -0.025469 0.027500 -0.115000
v -0.018500 0.030500 -0.115000
v -0.018500 0.034825 -0.115000
v -0.018238 0.034563 -0.118000
v -0.018238 0.030500 -0.118000
v -0.018238 0.030500 -0.118000
v -0.018675 0.028869 -0.118000
v -0.018902 0.029000 -0.115000
v -0.019869 0.027675 -0.118000
v -0.020000 0.027902 -0.115000
v -0.021500 0.027238 -0.118000
v -0.021500 0.027500 -0.115000
v -0.018500 0.030500 -0.115000
v 0.021500 0.027500 -0.115000
v 0.025469 0.027500 -0.115000
v 0.025317 0.027238 -0.118000
v 0.021500 0.027238 -0.118000
v -0.027281 0.025291 -0.118000
v -0.021500 -0.027238 -0.118000
v -0.025317 -0.027238 -0.118000
v -0.020252 -0.027486 -0.118000
v -0.034563 0.024563 -0.118000
v -0.030000 0.024563 -0.118000
v -0.030000 -0.024563 -0.118000
v -0.019193 -0.028193 -0.118000
v 0.018238 -0.034563 -0.118000
v -0.018486 -0.029252 -0.118000
v -0.034563 -0.024563 -0.118000
v -0.018238 -0.034563 -0.118000
v -0.018238 -0.030500 -0.118000
v 0.034563 -0.024563 -0.118000
v 0.030000 -0.024563 -0.118000
v 0.030000 0.024563 -0.118000
v 0.019869 -0.027675 -0.118000
v 0.021500 0.027238 -0.118000
v 0.025317 0.027238 -0.118000
v -0.018675 0.028869 -0.118000
v -0.018238 0.030500 -0.118000
v 0.018675 -0.028869 -0.118000
v -0.019869 0.027675 -0.118000
v -0.025317 0.027238 -0.118000
v -0.027281 -0.025291 -0.118000
v 0.027281 0.025291 -0.118000
v 0.027281 -0.025291 -0.118000
v 0.025317 -0.027238 -0.118000
v 0.034563 0.024563 -0.118000
v 0.020252 0.027486 -0.118000
v -0.018238 0.034563 -0.118000
v 0.018486 0.029252 -0.118000
v 0.019193 0.028193 -0.118000
v 0.018238 0.034563 -0.118000
v 0.018238 0.030500 -0.118000
v 0.018238 -0.030500 -0.118000
v -0.021500 0.027238 -0.118000
v 0.021500 -0.027238 -0.118000
v 0.024825 0.030000 -0.115000
v 0.020352 0.027728 -0.115000
v 0.019379 0.028379 -0.115000
v 0.021500 0.027500 -0.115000
v 0.024825 0.034825 -0.115000
v 0.018500 0.030500 -0.115000
v 0.025469 0.027500 -0.115000
v 0.018728 0.029352 -0.115000
v 0.018500 0.034825 -0.115000
v 0.021500 0.027238 -0.118000
v 0.020252 0.027486 -0.118000
v 0.020352 0.027728 -0.115000
v 0.019193 0.028193 -0.118000
v 0.019379 0.028379 -0.115000
v 0.018486 0.029252 -0.118000
v 0.018728 0.029352 -0.115000
v 0.018238 0.030500 -0.118000
v 0.018500 0.030500 -0.115000
v 0.021500 0.027500 -0.115000
v 0.018500 0.030500 -0.115000
v 0.018238 0.030500 -0.118000
v 0.018238 0.034563 -0.118000
v 0.018500 0.034825 -0.115000
v -0.024825 0.034825 -0.115000
v -0.025000 0.035000 -0.113000
v -0.021500 0.035000 -0.113000
v 0.018500 0.034825 -0.115000
v -0.018500 0.034825 -0.115000
v 0.018238 0.034563 -0.118000
v 0.024825 0.034825 -0.115000
v 0.021500 0.035000 -0.113000
v -0.018238 0.034563 -0.118000
v 0.025000 0.035000 -0.113000
v -0.021500 0.035000 -0.088500
v -0.021500 0.035000 -0.008000
v 0.000000 0.035000 -0.008000
v 0.021500 0.035000 -0.088500
v -0.025000 0.035000 -0.113000
v -0.025000 0.035000 -0.088500
v -0.021500 0.035000 -0.089000
v 0.021500 0.035000 -0.089000
v 0.025000 0.035000 -0.113000
v 0.021500 0.035000 -0.113000
v 0.025000 0.035000 -0.088500
v -0.021500 0.035000 -0.113000
v 0.021500 0.035000 -0.008000
v -0.021500 0.037000 -0.113000
v 0.021500 0.037000 -0.113000
v 0.021500 0.035000 -0.113000
v -0.021500 0.035000 -0.113000
v -0.021500 0.037000 -0.089000
v -0.021500 0.037000 -0.113000
v -0.021500 0.035000 -0.113000
v -0.021500 0.035000 -0.089000
v 0.021500 0.035000 -0.113000
v 0.021500 0.037000 -0.113000
v 0.021500 0.037000 -0.089000
v 0.021500 0.035000 -0.089000
v -0.021500 0.037000 -0.089000
v 0.021500 0.037000 -0.089000
v 0.021500 0.037012 -0.089000
v 0.021500 0.035000 -0.089000
v -0.021500 0.035000 -0.089000
v -0.021500 0.037012 -0.089000
v 0.021500 0.037012 -0.089000
v 0.021500 0.037012 -0.089000
v -0.021500 0.037012 -0.089000
v -0.021500 0.037012 -0.089000
v -0.021500 0.037000 -0.089000
v -0.021500 0.037012 -0.089000
v -0.021500 0.037012 -0.089000
v 0.021500 0.037012 -0.089000
v 0.021500 0.037012 -0.089000
v 0.021500 0.037000 -0.089000
v -0.028753 0.037000 -0.112853
v -0.030000 0.037000 -0.111000
v -0.029846 0.037000 -0.111770
v -0.029408 0.037000 -0.112421
v -0.021500 0.037000 -0.089000
v -0.030000 0.037000 -0.089000
v -0.028000 0.037000 -0.113000
v -0.021500 0.037000 -0.113000
v -0.030000 0.037000 -0.089000
v -0.030000 0.037012 -0.089000
v -0.030000 0.037001 -0.111000
v -0.030000 0.037000 -0.111000
v -0.029408 0.037000 -0.112421
v -0.028753 0.037000 -0.112853
v -0.028753 0.037000 -0.112853
v -0.029846 0.037000 -0.111770
v -0.029846 0.037001 -0.111770
v -0.030000 0.037000 -0.111000
v -0.030000 0.037001 -0.111000
v -0.029408 0.037000 -0.112421
v -0.028000 0.037000 -0.113000
v -0.030000 0.037012 -0.089000
v -0.030000 0.037000 -0.113000
v -0.030000 0.037001 -0.111000
v -0.030000 0.037012 -0.089000
v -0.029846 0.037001 -0.111770
v -0.029408 0.037000 -0.112421
v -0.028000 0.037000 -0.113000
v -0.028753 0.037000 -0.112853
v 0.028753 0.037000 -0.112853
v 0.029408 0.037000 -0.112421
v 0.029846 0.037000 -0.111770
v 0.021500 0.037000 -0.089000
v 0.028000 0.037000 -0.113000
v 0.030000 0.037000 -0.111000
v 0.021500 0.037000 -0.113000
v 0.030000 0.037000 -0.089000
v 0.030000 0.037000 -0.089000
v 0.030000 0.037000 -0.111000
v 0.030000 0.037001 -0.111000
v 0.030000 0.037012 -0.089000
v 0.029408 0.037000 -0.112421
v 0.029408 0.037000 -0.112421
v 0.028753 0.037000 -0.112853
v 0.029846 0.037000 -0.111770
v 0.030000 0.037000 -0.111000
v 0.029846 0.037001 -0.111770
v 0.030000 0.037001 -0.111000
v 0.028753 0.037000 -0.112853
v 0.028000 0.037000 -0.113000
v 0.030000 0.037000 -0.113000
v 0.030000 0.037012 -0.089000
v 0.030000 0.037001 -0.111000
v 0.030000 0.037012 -0.089000
v 0.029846 0.037001 -0.111770
v 0.029408 0.037000 -0.112421
v 0.028753 0.037000 -0.112853
v 0.028000 0.037000 -0.113000
v -0.030000 0.048704 -0.112796
v 0.030000 0.048704 -0.112796
v 0.021500 0.037000 -0.113000
v -0.021500 0.037000 -0.113000
v 0.028000 0.037000 -0.113000
v 0.030000 0.037000 -0.113000
v -0.028000 0.037000 -0.113000
v -0.030000 0.037000 -0.113000
v 0.030000 0.037012 -0.089000
v 0.030000 0.048704 -0.112796
v 0.030000 0.063500 -0.098000
v 0.030000 0.037000 -0.113000
v 0.030000 0.063500 -0.089463
v -0.030000 0.037012 -0.089000
v -0.030000 0.063500 -0.089463
v -0.030000 0.063500 -0.098000
v -0.030000 0.048704 -0.112796
v -0.030000 0.037000 -0.113000
v -0.030000 0.063500 -0.098000
v -0.030000 0.063500 -0.089463
v 0.030000 0.063500 -0.089463
v 0.030000 0.063500 -0.098000
v 0.030000 0.048704 -0.112796
v -0.030000 0.048704 -0.112796
v -0.030000 0.063500 -0.098000
v 0.030000 0.063500 -0.098000
v -0.003817 0.059743 -0.089397
v -0.003625 0.050000 -0.089227
v 0.003625 0.050000 -0.089227
v -0.003817 0.040257 -0.089057
v 0.003817 0.040257 -0.089057
v 0.003817 0.059743 -0.089397
v -0.004228 0.061201 -0.089422
v -0.004228 0.038799 -0.089031
v 0.004228 0.038799 -0.089031
v 0.030000 0.063500 -0.089463
v -0.005299 0.062272 -0.089441
v 0.006757 0.062683 -0.089448
v 0.004228 0.061201 -0.089422
v -0.030000 0.063500 -0.089463
v -0.030000 0.037012 -0.089000
v -0.029375 0.050000 -0.089227
v 0.016500 0.062875 -0.089452
v 0.005299 0.037728 -0.089013
v -0.029183 0.040257 -0.089057
v 0.030000 0.037012 -0.089000
v 0.029183 0.059743 -0.089397
v 0.026243 0.062683 -0.089448
v 0.005299 0.062272 -0.089441
v -0.029183 0.059743 -0.089397
v 0.028772 0.061201 -0.089422
v -0.016500 0.062875 -0.089452
v -0.028772 0.038799 -0.089031
v -0.030000 0.037012 -0.089000
v -0.006757 0.037317 -0.089006
v 0.021500 0.037012 -0.089000
v 0.016500 0.037125 -0.089002
v 0.027701 0.062272 -0.089441
v -0.005299 0.037728 -0.089013
v -0.026243 0.062683 -0.089448
v -0.027701 0.037728 -0.089013
v -0.026243 0.037317 -0.089006
v -0.021500 0.037012 -0.089000
v -0.016500 0.037125 -0.089002
v 0.006757 0.037317 -0.089006
v -0.006757 0.062683 -0.089448
v -0.028772 0.061201 -0.089422
v -0.027701 0.062272 -0.089441
v 0.030000 0.037012 -0.089000
v 0.029375 0.050000 -0.089227
v 0.027701 0.037728 -0.089013
v 0.030000 0.037000 -0.089000
v 0.029183 0.040257 -0.089057
v 0.026243 0.037317 -0.089006
v 0.028772 0.038799 -0.089031
v -0.021500 0.037000 -0.089000
v 0.021500 0.037000 -0.089000
v -0.030000 0.037000 -0.089000
v 0.006757 0.062683 -0.086000
v 0.006757 0.062683 -0.089448
v 0.005299 0.062272 -0.089441
v 0.005299 0.062272 -0.086000
v 0.004228 0.061201 -0.089422
v 0.004228 0.061201 -0.086000
v 0.003817 0.059743 -0.089397
v 0.003817 0.059743 -0.086000
v 0.003817 0.059743 -0.086000
v 0.003817 0.059743 -0.089397
v 0.003625 0.050000 -0.089227
v 0.003625 0.050000 -0.086000
v 0.003625 0.050000 -0.086000
v 0.003625 0.050000 -0.089227
v 0.003817 0.040257 -0.089057
v 0.003817 0.040257 -0.086000
v 0.028772 0.061201 -0.086000
v 0.029183 0.059743 -0.086000
v 0.029183 0.059743 -0.089397
v 0.027701 0.062272 -0.086000
v 0.028772 0.061201 -0.089422
v 0.026243 0.062683 -0.086000
v 0.027701 0.062272 -0.089441
v 0.026243 0.062683 -0.089448
v 0.016500 0.062875 -0.086000
v 0.026243 0.062683 -0.086000
v 0.026243 0.062683 -0.089448
v 0.016500 0.062875 -0.089452
v 0.016500 0.062875 -0.086000
v 0.016500 0.062875 -0.089452
v 0.006757 0.062683 -0.089448
v 0.006757 0.062683 -0.086000
v 0.003817 0.040257 -0.086000
v 0.003817 0.040257 -0.089057
v 0.004228 0.038799 -0.089031
v 0.004228 0.038799 -0.086000
v 0.005299 0.037728 -0.089013
v 0.005299 0.037728 -0.086000
v 0.006757 0.037317 -0.089006
v 0.006757 0.037317 -0.086000
v 0.006757 0.037317 -0.086000
v 0.006757 0.037317 -0.089006
v 0.016500 0.037125 -0.089002
v 0.016500 0.037125 -0.086000
v 0.026243 0.037317 -0.086000
v 0.016500 0.037125 -0.086000
v 0.016500 0.037125 -0.089002
v 0.026243 0.037317 -0.089006
v 0.027701 0.037728 -0.086000
v 0.026243 0.037317 -0.086000
v 0.026243 0.037317 -0.089006
v 0.028772 0.038799 -0.086000
v 0.027701 0.037728 -0.089013
v 0.029183 0.040257 -0.086000
v 0.028772 0.038799 -0.089031
v 0.029183 0.040257 -0.089057
v 0.029375 0.050000 -0.086000
v 0.029183 0.040257 -0.086000
v 0.029183 0.040257 -0.089057
v 0.029375 0.050000 -0.089227
v 0.029183 0.059743 -0.086000
v 0.029375 0.050000 -0.086000
v 0.029375 0.050000 -0.089227
v 0.029183 0.059743 -0.089397
v 0.008197 0.054881 -0.086000
v 0.005299 0.062272 -0.086000
v 0.004228 0.061201 -0.086000
v 0.011706 0.058391 -0.086000
v 0.006757 0.062683 -0.086000
v 0.024803 0.054881 -0.086000
v 0.027701 0.062272 -0.086000
v 0.026243 0.062683 -0.086000
v 0.029183 0.059743 -0.086000
v 0.028772 0.061201 -0.086000
v 0.016500 0.062875 -0.086000
v 0.016500 0.059675 -0.086000
v 0.021294 0.058391 -0.086000
v 0.003625 0.050000 -0.086000
v 0.006913 0.050088 -0.086000
v 0.003817 0.059743 -0.086000
v 0.003817 0.040257 -0.086000
v 0.008197 0.045294 -0.086000
v 0.016500 0.037125 -0.086000
v 0.016500 0.040500 -0.086000
v 0.011706 0.041784 -0.086000
v 0.026243 0.037317 -0.086000
v 0.021294 0.041784 -0.086000
v 0.028772 0.038799 -0.086000
v 0.029183 0.040257 -0.086000
v 0.027701 0.037728 -0.086000
v 0.004228 0.038799 -0.086000
v 0.005299 0.037728 -0.086000
v 0.024803 0.045294 -0.086000
v 0.029375 0.050000 -0.086000
v 0.026088 0.050088 -0.086000
v 0.006757 0.037317 -0.086000
v -0.004228 0.061201 -0.086000
v -0.003817 0.059743 -0.086000
v -0.003817 0.059743 -0.089397
v -0.005299 0.062272 -0.086000
v -0.004228 0.061201 -0.089422
v -0.006757 0.062683 -0.086000
v -0.005299 0.062272 -0.089441
v -0.006757 0.062683 -0.089448
v -0.003625 0.050000 -0.086000
v -0.003817 0.040257 -0.086000
v -0.003817 0.040257 -0.089057
v -0.003625 0.050000 -0.089227
v -0.003817 0.059743 -0.086000
v -0.003625 0.050000 -0.086000
v -0.003625 0.050000 -0.089227
v -0.003817 0.059743 -0.089397
v -0.016500 0.062875 -0.086000
v -0.006757 0.062683 -0.086000
v -0.006757 0.062683 -0.089448
v -0.016500 0.062875 -0.089452
v -0.016500 0.062875 -0.086000
v -0.016500 0.062875 -0.089452
v -0.026243 0.062683 -0.089448
v -0.026243 0.062683 -0.086000
v -0.026243 0.062683 -0.086000
v -0.026243 0.062683 -0.089448
v -0.027701 0.062272 -0.089441
v -0.027701 0.062272 -0.086000
v -0.028772 0.061201 -0.089422
v -0.028772 0.061201 -0.086000
v -0.029183 0.059743 -0.089397
v -0.029183 0.059743 -0.086000
v -0.029183 0.059743 -0.086000
v -0.029183 0.059743 -0.089397
v -0.029375 0.050000 -0.089227
v -0.029375 0.050000 -0.086000
v -0.029375 0.050000 -0.086000
v -0.029375 0.050000 -0.089227
v -0.029183 0.040257 -0.089057
v -0.029183 0.040257 -0.086000
v -0.029183 0.040257 -0.086000
v -0.029183 0.040257 -0.089057
v -0.028772 0.038799 -0.089031
v -0.028772 0.038799 -0.086000
v -0.027701 0.037728 -0.089013
v -0.027701 0.037728 -0.086000
v -0.026243 0.037317 -0.089006
v -0.026243 0.037317 -0.086000
v -0.026243 0.037317 -0.086000
v -0.026243 0.037317 -0.089006
v -0.016500 0.037125 -0.089002
v -0.016500 0.037125 -0.086000
v -0.006757 0.037317 -0.086000
v -0.016500 0.037125 -0.086000
v -0.016500 0.037125 -0.089002
v -0.006757 0.037317 -0.089006
v -0.005299 0.037728 -0.086000
v -0.006757 0.037317 -0.086000
v -0.006757 0.037317 -0.089006
v -0.004228 0.038799 -0.086000
v -0.005299 0.037728 -0.089013
v -0.003817 0.040257 -0.086000
v -0.004228 0.038799 -0.089031
v -0.003817 0.040257 -0.089057
v -0.011706 0.058391 -0.086000
v -0.004228 0.061201 -0.086000
v -0.005299 0.062272 -0.086000
v -0.008197 0.054881 -0.086000
v -0.003817 0.059743 -0.086000
v -0.016500 0.062875 -0.086000
v -0.016500 0.059675 -0.086000
v -0.026243 0.062683 -0.086000
v -0.021294 0.058391 -0.086000
v -0.028772 0.061201 -0.086000
v -0.029183 0.059743 -0.086000
v -0.027701 0.062272 -0.086000
v -0.006757 0.062683 -0.086000
v -0.029375 0.050000 -0.086000
v -0.026088 0.050088 -0.086000
v -0.024803 0.054881 -0.086000
v -0.029183 0.040257 -0.086000
v -0.024803 0.045294 -0.086000
v -0.016500 0.037125 -0.086000
v -0.016500 0.040500 -0.086000
v -0.021294 0.041784 -0.086000
v -0.006757 0.037317 -0.086000
v -0.011706 0.041784 -0.086000
v -0.004228 0.038799 -0.086000
v -0.003817 0.040257 -0.086000
v -0.005299 0.037728 -0.086000
v -0.003625 0.050000 -0.086000
v -0.028772 0.038799 -0.086000
v -0.027701 0.037728 -0.086000
v -0.008197 0.045294 -0.086000
v -0.006913 0.050088 -0.086000
v -0.026243 0.037317 -0.086000
v -0.026088 0.050088 -0.086000
v -0.026088 0.050088 -0.050200
v -0.024803 0.054881 -0.050200
v -0.024803 0.054881 -0.086000
v -0.021294 0.058391 -0.050200
v -0.021294 0.058391 -0.086000
v -0.016500 0.059675 -0.050200
v -0.008197 0.054881 -0.086000
v -0.008197 0.054881 -0.050200
v -0.006913 0.050088 -0.050200
v -0.006913 0.050088 -0.086000
v -0.008197 0.045294 -0.050200
v -0.008197 0.045294 -0.086000
v -0.011706 0.041784 -0.050200
v -0.011706 0.041784 -0.086000
v -0.016500 0.040500 -0.050200
v -0.016500 0.040500 -0.086000
v -0.021294 0.041784 -0.050200
v -0.021294 0.041784 -0.086000
v -0.024803 0.045294 -0.050200
v -0.024803 0.045294 -0.086000
v -0.011706 0.058391 -0.086000
v -0.016500 0.059675 -0.086000
v -0.015219 0.059589 -0.065800
v -0.015219 0.059589 -0.060800
v -0.011706 0.058391 -0.050200
v -0.011706 0.058391 -0.060800
v -0.011500 0.058268 -0.060800
v -0.011500 0.058268 -0.065800
v -0.011706 0.058391 -0.065800
v -0.015219 0.059589 -0.065800
v -0.015219 0.059589 -0.060800
v -0.011500 0.058823 -0.060800
v -0.011500 0.058823 -0.065800
v -0.011500 0.058823 -0.065800
v -0.011500 0.058823 -0.060800
v -0.011500 0.058268 -0.060800
v -0.011500 0.058268 -0.065800
v -0.011500 0.058823 -0.060800
v -0.015219 0.059589 -0.060800
v -0.011706 0.058391 -0.060800
v -0.011500 0.058268 -0.060800
v -0.011500 0.058823 -0.065800
v -0.011500 0.058268 -0.065800
v -0.011706 0.058391 -0.065800
v -0.015219 0.059589 -0.065800
v -0.016500 0.040500 -0.050200
v -0.011706 0.041784 -0.050200
v -0.012250 0.042639 -0.050200
v -0.008197 0.045294 -0.050200
v -0.009139 0.045750 -0.050200
v -0.024803 0.054881 -0.050200
v -0.023861 0.054250 -0.050200
v -0.020750 0.057361 -0.050200
v -0.026088 0.050088 -0.050200
v -0.025000 0.050000 -0.050200
v -0.024803 0.045294 -0.050200
v -0.023861 0.045750 -0.050200
v -0.021294 0.041784 -0.050200
v -0.020750 0.042639 -0.050200
v -0.016500 0.041500 -0.050200
v -0.006913 0.050088 -0.050200
v -0.008197 0.054881 -0.050200
v -0.009139 0.054250 -0.050200
v -0.011706 0.058391 -0.050200
v -0.012250 0.057361 -0.050200
v -0.016500 0.059675 -0.050200
v -0.016500 0.058500 -0.050200
v -0.021294 0.058391 -0.050200
v -0.008000 0.050000 -0.050200
v -0.025000 0.050000 -0.050200
v -0.025000 0.050000 -0.047700
v -0.023861 0.054250 -0.047700
v -0.023861 0.054250 -0.050200
v -0.020750 0.057361 -0.047700
v -0.020750 0.057361 -0.050200
v -0.016500 0.058500 -0.047700
v -0.016500 0.058500 -0.050200
v -0.012250 0.057361 -0.047700
v -0.012250 0.057361 -0.050200
v -0.009139 0.054250 -0.047700
v -0.009139 0.054250 -0.050200
v -0.008000 0.050000 -0.047700
v -0.008000 0.050000 -0.050200
v -0.009139 0.045750 -0.047700
v -0.009139 0.045750 -0.050200
v -0.012250 0.042639 -0.047700
v -0.012250 0.042639 -0.050200
v -0.016500 0.041500 -0.047700
v -0.016500 0.041500 -0.050200
v -0.020750 0.042639 -0.047700
v -0.020750 0.042639 -0.050200
v -0.023861 0.045750 -0.047700
v -0.023861 0.045750 -0.050200
v -0.011800 0.058141 -0.047700
v -0.008359 0.054700 -0.047700
v -0.009139 0.054250 -0.047700
v -0.007100 0.050000 -0.047700
v -0.008000 0.050000 -0.047700
v -0.008359 0.045300 -0.047700
v -0.011800 0.041859 -0.047700
v -0.012250 0.042639 -0.047700
v -0.016500 0.040600 -0.047700
v -0.016500 0.041500 -0.047700
v -0.024641 0.054700 -0.047700
v -0.023861 0.054250 -0.047700
v -0.025000 0.050000 -0.047700
v -0.021200 0.058141 -0.047700
v -0.020750 0.057361 -0.047700
v -0.016500 0.059400 -0.047700
v -0.016500 0.058500 -0.047700
v -0.012250 0.057361 -0.047700
v -0.009139 0.045750 -0.047700
v -0.021200 0.041859 -0.047700
v -0.020750 0.042639 -0.047700
v -0.024641 0.045300 -0.047700
v -0.023861 0.045750 -0.047700
v -0.025900 0.050000 -0.047700
v -0.025900 0.050000 -0.047700
v -0.025900 0.050000 -0.037000
v -0.024641 0.054700 -0.037000
v -0.024641 0.054700 -0.047700
v -0.021200 0.058141 -0.037000
v -0.021200 0.058141 -0.047700
v -0.016500 0.059400 -0.037000
v -0.016500 0.059400 -0.047700
v -0.011800 0.058141 -0.037000
v -0.011800 0.058141 -0.047700
v -0.008359 0.054700 -0.037000
v -0.008359 0.054700 -0.047700
v -0.007100 0.050000 -0.037000
v -0.007100 0.050000 -0.047700
v -0.008359 0.045300 -0.037000
v -0.008359 0.045300 -0.047700
v -0.011800 0.041859 -0.037000
v -0.011800 0.041859 -0.047700
v -0.016500 0.040600 -0.037000
v -0.016500 0.040600 -0.047700
v -0.021200 0.041859 -0.037000
v -0.021200 0.041859 -0.047700
v -0.024641 0.045300 -0.037000
v -0.024641 0.045300 -0.047700
v -0.011800 0.058141 -0.037000
v -0.013375 0.055413 -0.037000
v -0.011087 0.053125 -0.037000
v -0.016500 0.059400 -0.037000
v -0.016500 0.056250 -0.037000
v -0.021200 0.058141 -0.037000
v -0.019625 0.055413 -0.037000
v -0.024641 0.054700 -0.037000
v -0.021913 0.053125 -0.037000
v -0.025900 0.050000 -0.037000
v -0.022750 0.050000 -0.037000
v -0.024641 0.045300 -0.037000
v -0.021913 0.046875 -0.037000
v -0.016500 0.040600 -0.037000
v -0.016500 0.043750 -0.037000
v -0.019625 0.044587 -0.037000
v -0.011800 0.041859 -0.037000
v -0.013375 0.044587 -0.037000
v -0.008359 0.054700 -0.037000
v -0.010250 0.050000 -0.037000
v -0.008359 0.045300 -0.037000
v -0.011087 0.046875 -0.037000
v -0.021200 0.041859 -0.037000
v -0.007100 0.050000 -0.037000
v -0.021913 0.046875 -0.047700
v -0.022750 0.050000 -0.047700
v -0.022750 0.050000 -0.037000
v -0.019625 0.044587 -0.047700
v -0.021913 0.046875 -0.037000
v -0.016500 0.043750 -0.047700
v -0.019625 0.044587 -0.037000
v -0.013375 0.044587 -0.047700
v -0.016500 0.043750 -0.037000
v -0.011087 0.046875 -0.047700
v -0.013375 0.044587 -0.037000
v -0.010250 0.050000 -0.047700
v -0.011087 0.046875 -0.037000
v -0.011087 0.053125 -0.047700
v -0.010250 0.050000 -0.037000
v -0.013375 0.055413 -0.047700
v -0.011087 0.053125 -0.037000
v -0.016500 0.056250 -0.047700
v -0.013375 0.055413 -0.037000
v -0.019625 0.055413 -0.047700
v -0.016500 0.056250 -0.037000
v -0.021913 0.053125 -0.047700
v -0.019625 0.055413 -0.037000
v -0.021913 0.053125 -0.037000
v -0.023500 0.050000 -0.047700
v -0.022562 0.053500 -0.047700
v -0.021913 0.053125 -0.047700
v -0.020000 0.056062 -0.047700
v -0.019625 0.055413 -0.047700
v -0.016500 0.057000 -0.047700
v -0.016500 0.056250 -0.047700
v -0.013000 0.056062 -0.047700
v -0.013375 0.055413 -0.047700
v -0.010438 0.053500 -0.047700
v -0.011087 0.053125 -0.047700
v -0.009500 0.050000 -0.047700
v -0.010250 0.050000 -0.047700
v -0.010438 0.046500 -0.047700
v -0.011087 0.046875 -0.047700
v -0.013000 0.043938 -0.047700
v -0.013375 0.044587 -0.047700
v -0.016500 0.043000 -0.047700
v -0.016500 0.043750 -0.047700
v -0.020000 0.043938 -0.047700
v -0.019625 0.044587 -0.047700
v -0.022562 0.046500 -0.047700
v -0.021913 0.046875 -0.047700
v -0.022750 0.050000 -0.047700
v -0.022562 0.046500 -0.050200
v -0.023500 0.050000 -0.050200
v -0.023500 0.050000 -0.047700
v -0.020000 0.043938 -0.050200
v -0.022562 0.046500 -0.047700
v -0.016500 0.043000 -0.050200
v -0.020000 0.043938 -0.047700
v -0.013000 0.043938 -0.050200
v -0.016500 0.043000 -0.047700
v -0.010438 0.046500 -0.050200
v -0.013000 0.043938 -0.047700
v -0.009500 0.050000 -0.050200
v -0.010438 0.046500 -0.047700
v -0.010438 0.053500 -0.050200
v -0.009500 0.050000 -0.047700
v -0.013000 0.056062 -0.050200
v -0.010438 0.053500 -0.047700
v -0.016500 0.057000 -0.050200
v -0.013000 0.056062 -0.047700
v -0.020000 0.056062 -0.050200
v -0.016500 0.057000 -0.047700
v -0.022562 0.053500 -0.050200
v -0.020000 0.056062 -0.047700
v -0.022562 0.053500 -0.047700
v -0.016500 0.050000 -0.050200
v -0.010438 0.053500 -0.050200
v -0.013000 0.056062 -0.050200
v -0.016500 0.057000 -0.050200
v -0.020000 0.056062 -0.050200
v -0.022562 0.053500 -0.050200
v -0.023500 0.050000 -0.050200
v -0.022562 0.046500 -0.050200
v -0.020000 0.043938 -0.050200
v -0.016500 0.043000 -0.050200
v -0.013000 0.043938 -0.050200
v -0.010438 0.046500 -0.050200
v -0.009500 0.050000 -0.050200
v 0.006913 0.050088 -0.086000
v 0.006913 0.050088 -0.050200
v 0.008197 0.054881 -0.050200
v 0.008197 0.054881 -0.086000
v 0.011706 0.058391 -0.050200
v 0.011706 0.058391 -0.086000
v 0.016500 0.059675 -0.050200
v 0.024803 0.054881 -0.086000
v 0.024803 0.054881 -0.050200
v 0.026088 0.050088 -0.050200
v 0.026088 0.050088 -0.086000
v 0.024803 0.045294 -0.050200
v 0.024803 0.045294 -0.086000
v 0.021294 0.041784 -0.050200
v 0.021294 0.041784 -0.086000
v 0.016500 0.040500 -0.050200
v 0.016500 0.040500 -0.086000
v 0.011706 0.041784 -0.050200
v 0.011706 0.041784 -0.086000
v 0.008197 0.045294 -0.050200
v 0.008197 0.045294 -0.086000
v 0.021294 0.058391 -0.086000
v 0.016500 0.059675 -0.086000
v 0.017781 0.059589 -0.065800
v 0.017781 0.059589 -0.060800
v 0.021294 0.058391 -0.050200
v 0.021294 0.058391 -0.060800
v 0.021500 0.058268 -0.060800
v 0.021500 0.058268 -0.065800
v 0.021294 0.058391 -0.065800
v 0.017781 0.059589 -0.065800
v 0.017781 0.059589 -0.060800
v 0.021500 0.058823 -0.060800
v 0.021500 0.058823 -0.065800
v 0.021500 0.058823 -0.065800
v 0.021500 0.058823 -0.060800
v 0.021500 0.058268 -0.060800
v 0.021500 0.058268 -0.065800
v 0.021500 0.058823 -0.060800
v 0.017781 0.059589 -0.060800
v 0.021294 0.058391 -0.060800
v 0.021500 0.058268 -0.060800
v 0.021500 0.058823 -0.065800
v 0.021500 0.058268 -0.065800
v 0.021294 0.058391 -0.065800
v 0.017781 0.059589 -0.065800
v 0.008197 0.054881 -0.050200
v 0.009139 0.054250 -0.050200
v 0.012250 0.057361 -0.050200
v 0.006913 0.050088 -0.050200
v 0.008000 0.050000 -0.050200
v 0.008197 0.045294 -0.050200
v 0.009139 0.045750 -0.050200
v 0.011706 0.041784 -0.050200
v 0.012250 0.042639 -0.050200
v 0.016500 0.040500 -0.050200
v 0.021294 0.041784 -0.050200
v 0.020750 0.042639 -0.050200
v 0.024803 0.045294 -0.050200
v 0.023861 0.045750 -0.050200
v 0.021294 0.058391 -0.050200
v 0.016500 0.059675 -0.050200
v 0.016500 0.058500 -0.050200
v 0.011706 0.058391 -0.050200
v 0.016500 0.041500 -0.050200
v 0.026088 0.050088 -0.050200
v 0.025000 0.050000 -0.050200
v 0.024803 0.054881 -0.050200
v 0.023861 0.054250 -0.050200
v 0.020750 0.057361 -0.050200
v 0.008000 0.050000 -0.050200
v 0.008000 0.050000 -0.047700
v 0.009139 0.054250 -0.047700
v 0.009139 0.054250 -0.050200
v 0.012250 0.057361 -0.047700
v 0.012250 0.057361 -0.050200
v 0.016500 0.058500 -0.047700
v 0.016500 0.058500 -0.050200
v 0.020750 0.057361 -0.047700
v 0.020750 0.057361 -0.050200
v 0.023861 0.054250 -0.047700
v 0.023861 0.054250 -0.050200
v 0.025000 0.050000 -0.047700
v 0.025000 0.050000 -0.050200
v 0.023861 0.045750 -0.047700
v 0.023861 0.045750 -0.050200
v 0.020750 0.042639 -0.047700
v 0.020750 0.042639 -0.050200
v 0.016500 0.041500 -0.047700
v 0.016500 0.041500 -0.050200
v 0.012250 0.042639 -0.047700
v 0.012250 0.042639 -0.050200
v 0.009139 0.045750 -0.047700
v 0.009139 0.045750 -0.050200
v 0.024641 0.054700 -0.047700
v 0.025900 0.050000 -0.047700
v 0.025000 0.050000 -0.047700
v 0.024641 0.045300 -0.047700
v 0.023861 0.045750 -0.047700
v 0.021200 0.041859 -0.047700
v 0.020750 0.042639 -0.047700
v 0.016500 0.040600 -0.047700
v 0.016500 0.041500 -0.047700
v 0.021200 0.058141 -0.047700
v 0.023861 0.054250 -0.047700
v 0.011800 0.041859 -0.047700
v 0.012250 0.042639 -0.047700
v 0.008359 0.054700 -0.047700
v 0.009139 0.054250 -0.047700
v 0.008000 0.050000 -0.047700
v 0.011800 0.058141 -0.047700
v 0.012250 0.057361 -0.047700
v 0.016500 0.059400 -0.047700
v 0.016500 0.058500 -0.047700
v 0.020750 0.057361 -0.047700
v 0.008359 0.045300 -0.047700
v 0.009139 0.045750 -0.047700
v 0.007100 0.050000 -0.047700
v 0.007100 0.050000 -0.047700
v 0.007100 0.050000 -0.037000
v 0.008359 0.054700 -0.037000
v 0.008359 0.054700 -0.047700
v 0.011800 0.058141 -0.037000
v 0.011800 0.058141 -0.047700
v 0.016500 0.059400 -0.037000
v 0.016500 0.059400 -0.047700
v 0.021200 0.058141 -0.037000
v 0.021200 0.058141 -0.047700
v 0.024641 0.054700 -0.037000
v 0.024641 0.054700 -0.047700
v 0.025900 0.050000 -0.037000
v 0.025900 0.050000 -0.047700
v 0.024641 0.045300 -0.037000
v 0.024641 0.045300 -0.047700
v 0.021200 0.041859 -0.037000
v 0.021200 0.041859 -0.047700
v 0.016500 0.040600 -0.037000
v 0.016500 0.040600 -0.047700
v 0.011800 0.041859 -0.037000
v 0.011800 0.041859 -0.047700
v 0.008359 0.045300 -0.037000
v 0.008359 0.045300 -0.047700
v 0.021200 0.058141 -0.037000
v 0.019625 0.055413 -0.037000
v 0.021913 0.053125 -0.037000
v 0.016500 0.059400 -0.037000
v 0.016500 0.056250 -0.037000
v 0.011800 0.058141 -0.037000
v 0.013375 0.055413 -0.037000
v 0.008359 0.054700 -0.037000
v 0.011087 0.053125 -0.037000
v 0.007100 0.050000 -0.037000
v 0.010250 0.050000 -0.037000
v 0.008359 0.045300 -0.037000
v 0.011087 0.046875 -0.037000
v 0.011800 0.041859 -0.037000
v 0.013375 0.044587 -0.037000
v 0.016500 0.040600 -0.037000
v 0.016500 0.043750 -0.037000
v 0.021200 0.041859 -0.037000
v 0.019625 0.044587 -0.037000
v 0.024641 0.045300 -0.037000
v 0.021913 0.046875 -0.037000
v 0.025900 0.050000 -0.037000
v 0.022750 0.050000 -0.037000
v 0.024641 0.054700 -0.037000
v 0.011087 0.046875 -0.047700
v 0.010250 0.050000 -0.047700
v 0.010250 0.050000 -0.037000
v 0.013375 0.044587 -0.047700
v 0.011087 0.046875 -0.037000
v 0.016500 0.043750 -0.047700
v 0.013375 0.044587 -0.037000
v 0.019625 0.044587 -0.047700
v 0.016500 0.043750 -0.037000
v 0.021913 0.046875 -0.047700
v 0.019625 0.044587 -0.037000
v 0.022750 0.050000 -0.047700
v 0.021913 0.046875 -0.037000
v 0.021913 0.053125 -0.047700
v 0.022750 0.050000 -0.037000
v 0.019625 0.055413 -0.047700
v 0.021913 0.053125 -0.037000
v 0.016500 0.056250 -0.047700
v 0.019625 0.055413 -0.037000
v 0.013375 0.055413 -0.047700
v 0.016500 0.056250 -0.037000
v 0.011087 0.053125 -0.047700
v 0.013375 0.055413 -0.037000
v 0.011087 0.053125 -0.037000
v 0.010438 0.053500 -0.047700
v 0.013000 0.056062 -0.047700
v 0.013375 0.055413 -0.047700
v 0.016500 0.057000 -0.047700
v 0.016500 0.056250 -0.047700
v 0.020000 0.056062 -0.047700
v 0.019625 0.055413 -0.047700
v 0.022562 0.053500 -0.047700
v 0.021913 0.053125 -0.047700
v 0.023500 0.050000 -0.047700
v 0.022750 0.050000 -0.047700
v 0.022562 0.046500 -0.047700
v 0.021913 0.046875 -0.047700
v 0.009500 0.050000 -0.047700
v 0.011087 0.053125 -0.047700
v 0.020000 0.043938 -0.047700
v 0.019625 0.044587 -0.047700
v 0.016500 0.043000 -0.047700
v 0.016500 0.043750 -0.047700
v 0.013000 0.043938 -0.047700
v 0.013375 0.044587 -0.047700
v 0.010438 0.046500 -0.047700
v 0.011087 0.046875 -0.047700
v 0.010250 0.050000 -0.047700
v 0.010438 0.046500 -0.050200
v 0.009500 0.050000 -0.050200
v 0.009500 0.050000 -0.047700
v 0.013000 0.043938 -0.050200
v 0.010438 0.046500 -0.047700
v 0.016500 0.043000 -0.050200
v 0.013000 0.043938 -0.047700
v 0.020000 0.043938 -0.050200
v 0.016500 0.043000 -0.047700
v 0.022562 0.046500 -0.050200
v 0.020000 0.043938 -0.047700
v 0.023500 0.050000 -0.050200
v 0.022562 0.046500 -0.047700
v 0.022562 0.053500 -0.050200
v 0.023500 0.050000 -0.047700
v 0.020000 0.056062 -0.050200
v 0.022562 0.053500 -0.047700
v 0.016500 0.057000 -0.050200
v 0.020000 0.056062 -0.047700
v 0.013000 0.056062 -0.050200
v 0.016500 0.057000 -0.047700
v 0.010438 0.053500 -0.050200
v 0.013000 0.056062 -0.047700
v 0.010438 0.053500 -0.047700
v 0.016500 0.050000 -0.050200
v 0.022562 0.053500 -0.050200
v 0.020000 0.056062 -0.050200
v 0.016500 0.057000 -0.050200
v 0.013000 0.056062 -0.050200
v 0.010438 0.053500 -0.050200
v 0.009500 0.050000 -0.050200
v 0.010438 0.046500 -0.050200
v 0.013000 0.043938 -0.050200
v 0.016500 0.043000 -0.050200
v 0.020000 0.043938 -0.050200
v 0.022562 0.046500 -0.050200
v 0.023500 0.050000 -0.050200
vn 0.000 0.000 1.000
vn 0.000 0.000 1.000
vn 0.000 0.000 1.000
vn 0.000 0.000 1.000
vn 0.000 0.000 1.000
vn 0.000 0.000 1.000
vn 0.000 0.000 1.000
vn 0.000 0.000 1.000
vn 0.000 0.000 1.000
vn 0.000 0.000 1.000
vn 0.000 0.000 1.000
vn 0.000 0.000 1.000
vn 0.000 0.000 1.000
vn 0.000 0.000 1.000
vn 0.000 0.000 1.000
vn 0.000 0.000 1.000
vn 0.000 0.000 1.000
vn 0.000 0.000 1.000
vn 0.000 0.000 1.000
vn 0.000 0.000 1.000
vn 0.000 0.000 1.000
vn 0.000 0.000 1.000
vn 0.000 0.000 1.000
vn 1.000 0.000 0.000
vn 1.000 0.000 0.000
vn 0.956 0.295 0.000
vn 0.956 0.295 0.000
vn 0.826 0.563 0.000
vn 0.826 0.563 0.000
vn 0.623 0.782 0.000
vn 0.623 0.782 0.000
vn 0.365 0.931 0.000
vn 0.365 0.931 0.000
vn 0.075 0.997 0.000
vn -0.223 0.975 0.000
vn 0.075 0.997 0.000
vn -0.001 1.000 0.000
vn -0.223 0.975 0.000
vn -0.500 0.866 0.000
vn -0.500 0.866 0.000
vn -0.733 0.680 0.000
vn -0.733 0.680 0.000
vn -0.901 0.434 0.000
vn -0.901 0.434 0.000
vn -0.989 0.149 0.000
vn -0.989 -0.149 0.000
vn -1.000 0.000 0.000
vn -1.000 0.000 0.000
vn -0.989 0.149 0.000
vn -0.989 -0.149 0.000
vn -0.901 -0.434 0.000
vn -0.901 -0.434 0.000
vn -0.733 -0.680 0.000
vn -0.733 -0.680 0.000
vn -0.500 -0.866 0.000
vn -0.500 -0.866 0.000
vn -0.223 -0.975 0.000
vn -0.223 -0.975 0.000
vn -0.001 -1.000 0.000
vn 0.075 -0.997 0.000
vn 0.075 -0.997 0.000
vn 0.365 -0.931 0.000
vn 0.365 -0.931 0.000
vn 0.623 -0.782 0.000
vn 0.623 -0.782 0.000
vn 0.826 -0.563 0.000
vn 0.826 -0.563 0.000
vn 0.956 -0.295 0.000
vn 0.956 -0.295 0.000
vn 0.000 0.000 1.000
vn 0.000 0.000 1.000
vn 0.000 0.000 1.000
vn 0.000 0.000 1.000
vn 0.000 0.000 1.000
vn 0.000 0.000 1.000
vn 0.000 0.000 1.000
vn 0.000 0.000 1.000
vn 0.000 0.000 1.000
vn 0.000 0.000 1.000
vn 0.000 0.000 1.000
vn 0.000 0.000 1.000
vn 0.000 0.000 1.000
vn 0.000 0.000 1.000
vn 0.000 0.000 1.000
vn 0.000 0.000 1.000
vn 0.000 0.000 1.000
vn 0.000 0.000 1.000
vn 0.000 0.000 1.000
vn 0.000 0.000 1.000
vn 0.000 0.000 1.000
vn 0.000 0.000 1.000
vn 0.000 0.000 1.000
vn 0.000 0.000 1.000
vn 0.000 0.000 1.000
vn 0.000 0.000 1.000
vn 0.000 0.000 1.000
vn 0.000 0.000 1.000
vn 0.000 0.000 1.000
vn 0.000 0.000 1.000
vn 0.000 0.000 1.000
vn 0.000 0.000 1.000
vn 0.000 0.000 1.000
vn 0.000 0.000 1.000
vn 0.000 0.000 1.000
vn 0.000 0.000 1.000
vn 0.000 0.000 1.000
vn 0.000 0.000 1.000
vn 0.000 0.000 1.000
vn 0.000 0.000 1.000
vn 0.000 0.000 1.000
vn 0.000 0.000 1.000
vn 0.000 0.000 1.000
vn 0.000 0.000 1.000
vn 0.000 0.000 1.000
vn 0.000 0.000 1.000
vn 0.000 0.000 1.000
vn 0.000 0.000 1.000
vn 0.000 0.000 1.000
vn 0.000 0.000 1.000
vn 0.000 0.000 1.000
vn 0.000 0.000 1.000
vn 0.000 0.000 1.000
vn 0.000 0.000 1.000
vn 0.000 0.000 1.000
vn 0.000 0.000 1.000
vn 0.000 0.000 1.000
vn 0.000 0.000 1.000
vn 0.000 0.000 1.000
vn 0.000 0.000 1.000
vn 0.000 0.000 1.000
vn 0.000 0.000 1.000
vn 0.000 0.000 1.000
vn 0.000 0.000 1.000
vn 0.000 0.000 1.000
vn 0.000 0.000 1.000
vn 0.000 0.000 1.000
vn 0.000 0.000 1.000
vn 0.000 0.000 1.000
vn 0.000 0.000 1.000
vn 0.000 0.000 1.000
vn 0.000 0.000 1.000
vn 0.000 0.000 1.000
vn 0.000 0.000 1.000
vn 0.000 0.000 1.000
vn 0.000 0.000 1.000
vn 0.000 0.000 1.000
vn 0.000 0.000 1.000
vn 0.000 0.000 1.000
vn 0.000 0.000 1.000
vn 0.000 0.000 1.000
vn 0.000 0.000 1.000
vn 0.000 0.000 1.000
vn 0.000 0.000 1.000
vn 1.000 0.000 0.000
vn 1.000 0.000 0.000
vn 1.000 0.000 0.000
vn 1.000 0.000 0.000
vn 1.000 0.000 0.000
vn 1.000 0.000 0.000
vn 0.781 0.624 0.000
vn 0.781 0.624 0.000
vn 0.624 0.781 0.000
vn 0.624 0.781 0.000
vn 0.000 1.000 0.000
vn 0.000 1.000 0.000
vn 0.000 1.000 0.000
vn 0.000 1.000 0.000
vn 0.000 1.000 0.000
vn 0.000 1.000 0.000
vn -0.624 0.781 0.000
vn -0.624 0.781 0.000
vn -0.781 0.624 0.000
vn -0.781 0.624 0.000
vn -1.000 0.000 0.000
vn -1.000 0.000 0.000
vn -1.000 0.000 0.000
vn -1.000 0.000 0.000
vn -1.000 0.000 0.000
vn -1.000 0.000 0.000
vn -0.781 -0.624 0.000
vn -0.781 -0.624 0.000
vn -0.624 -0.781 0.000
vn -0.624 -0.781 0.000
vn 0.000 -1.000 0.000
vn 0.000 -1.000 0.000
vn 0.000 -1.000 0.000
vn 0.000 -1.000 0.000
vn 0.000 -1.000 0.000
vn 0.000 -1.000 0.000
vn 0.624 -0.781 0.000
vn 0.624 -0.781 0.000
vn 0.781 -0.624 0.000
vn 0.781 -0.624 0.000
vn -0.866 0.500 0.000
vn -1.000 0.000 0.000
vn -1.000 0.000 0.000
vn -0.500 0.866 0.000
vn -0.866 0.500 0.000
vn 0.000 1.000 0.000
vn -0.500 0.866 0.000
vn 0.500 0.866 0.000
vn 0.000 1.000 0.000
vn 0.866 0.500 0.000
vn 0.500 0.866 0.000
vn 1.000 0.000 0.000
vn 0.866 0.500 0.000
vn 0.866 -0.500 0.000
vn 1.000 0.000 0.000
vn 0.500 -0.866 0.000
vn 0.866 -0.500 0.000
vn 0.000 -1.000 0.000
vn 0.500 -0.866 0.000
vn -0.500 -0.866 0.000
vn 0.000 -1.000 0.000
vn -0.866 -0.500 0.000
vn -0.500 -0.866 0.000
vn -0.866 -0.500 0.000
vn -0.866 0.500 0.000
vn -1.000 0.000 0.000
vn -1.000 0.000 0.000
vn -0.500 0.866 0.000
vn -0.866 0.500 0.000
vn 0.000 1.000 0.000
vn -0.500 0.866 0.000
vn 0.500 0.866 0.000
vn 0.000 1.000 0.000
vn 0.866 0.500 0.000
vn 0.500 0.866 0.000
vn 1.000 0.000 0.000
vn 0.866 0.500 0.000
vn 0.866 -0.500 0.000
vn 1.000 0.000 0.000
vn 0.500 -0.866 0.000
vn 0.866 -0.500 0.000
vn 0.000 -1.000 0.000
vn 0.500 -0.866 0.000
vn -0.500 -0.866 0.000
vn 0.000 -1.000 0.000
vn -0.866 -0.500 0.000
vn -0.500 -0.866 0.000
vn -0.866 -0.500 0.000
vn -0.866 0.500 0.000
vn -1.000 0.000 0.000
vn -1.000 0.000 0.000
vn -0.500 0.866 0.000
vn -0.866 0.500 0.000
vn 0.000 1.000 0.000
vn -0.500 0.866 0.000
vn 0.500 0.866 0.000
vn 0.000 1.000 0.000
vn 0.866 0.500 0.000
vn 0.500 0.866 0.000
vn 1.000 0.000 0.000
vn 0.866 0.500 0.000
vn 0.866 -0.500 0.000
vn 1.000 0.000 0.000
vn 0.500 -0.866 0.000
vn 0.866 -0.500 0.000
vn 0.000 -1.000 0.000
vn 0.500 -0.866 0.000
vn -0.500 -0.866 0.000
vn 0.000 -1.000 0.000
vn -0.866 -0.500 0.000
vn -0.500 -0.866 0.000
vn -0.866 -0.500 0.000
vn -0.866 0.500 0.000
vn -1.000 0.000 0.000
vn -1.000 0.000 0.000
vn -0.500 0.866 0.000
vn -0.866 0.500 0.000
vn 0.000 1.000 0.000
vn -0.500 0.866 0.000
vn 0.500 0.866 0.000
vn 0.000 1.000 0.000
vn 0.866 0.500 0.000
vn 0.500 0.866 0.000
vn 1.000 0.000 0.000
vn 0.866 0.500 0.000
vn 0.866 -0.500 0.000
vn 1.000 0.000 0.000
vn 0.500 -0.866 0.000
vn 0.866 -0.500 0.000
vn 0.000 -1.000 0.000
vn 0.500 -0.866 0.000
vn -0.500 -0.866 0.000
vn 0.000 -1.000 0.000
vn -0.866 -0.500 0.000
vn -0.500 -0.866 0.000
vn -0.866 -0.500 0.000
vn 0.000 0.000 -1.000
vn 0.000 0.000 -1.000
vn 0.000 0.000 -1.000
vn 0.000 0.000 -1.000
vn 0.000 0.000 -1.000
vn 0.000 0.000 -1.000
vn 0.000 0.000 -1.000
vn 0.000 0.000 -1.000
vn 0.000 0.000 -1.000
vn 0.000 0.000 -1.000
vn 0.000 0.000 -1.000
vn 0.000 0.000 -1.000
vn 0.000 0.000 -1.000
vn 0.000 0.000 -1.000
vn 0.000 0.000 -1.000
vn 0.000 0.000 -1.000
vn 0.000 0.000 -1.000
vn 0.000 0.000 -1.000
vn 0.000 0.000 -1.000
vn 0.000 0.000 -1.000
vn 0.000 0.000 -1.000
vn 0.000 0.000 -1.000
vn 0.000 0.000 -1.000
vn 0.000 0.000 -1.000
vn 0.000 0.000 -1.000
vn 0.000 0.000 -1.000
vn 0.000 0.000 -1.000
vn 0.000 0.000 -1.000
vn 0.000 0.000 -1.000
vn 0.000 0.000 -1.000
vn 0.000 0.000 -1.000
vn 0.000 0.000 -1.000
vn 0.000 0.000 -1.000
vn 0.000 0.000 -1.000
vn 0.000 0.000 -1.000
vn 0.000 0.000 -1.000
vn 0.000 0.000 -1.000
vn 0.000 0.000 -1.000
vn 0.000 0.000 -1.000
vn 0.000 0.000 -1.000
vn 0.000 0.000 -1.000
vn 0.000 0.000 -1.000
vn 0.000 0.000 -1.000
vn 0.000 0.000 -1.000
vn 0.000 0.000 -1.000
vn 0.000 0.000 -1.000
vn 0.000 0.000 -1.000
vn 0.000 0.000 -1.000
vn 0.000 0.000 -1.000
vn 0.000 0.000 -1.000
vn 0.000 0.000 -1.000
vn 0.000 0.000 -1.000
vn 0.000 0.000 -1.000
vn 0.000 0.000 -1.000
vn 0.000 0.000 -1.000
vn 0.000 0.000 -1.000
vn 0.000 0.000 -1.000
vn 0.000 0.000 -1.000
vn 0.000 0.000 -1.000
vn 0.000 0.000 -1.000
vn 0.000 0.000 -1.000
vn 0.000 0.000 -1.000
vn 0.000 0.000 -1.000
vn 0.000 0.000 -1.000
vn 0.000 0.000 -1.000
vn 0.000 0.000 -1.000
vn 0.000 0.000 -1.000
vn 0.000 0.000 -1.000
vn 0.000 0.000 -1.000
vn 0.000 0.000 -1.000
vn 0.000 0.000 -1.000
vn 0.000 0.000 -1.000
vn 0.000 0.000 -1.000
vn 0.000 0.000 -1.000
vn 0.000 0.000 -1.000
vn 0.000 0.000 -1.000
vn 0.000 0.000 -1.000
vn 0.000 0.000 -1.000
vn 0.000 0.000 -1.000
vn 0.000 0.000 -1.000
vn 0.000 0.000 -1.000
vn 0.000 0.000 -1.000
vn 0.000 0.000 -1.000
vn 0.000 0.000 -1.000
vn 0.000 0.000 -1.000
vn 0.000 0.000 -1.000
vn 0.000 0.000 -1.000
vn 0.000 0.000 -1.000
vn 0.000 0.000 -1.000
vn 0.000 0.000 -1.000
vn 0.000 0.000 -1.000
vn 0.000 0.000 -1.000
vn 0.000 -1.000 0.000
vn 0.000 -1.000 0.000
vn 0.000 -1.000 0.000
vn 0.000 -1.000 0.000
vn 0.383 -0.924 0.000
vn 0.000 -1.000 0.000
vn 0.000 -1.000 0.000
vn 0.707 -0.707 0.000
vn 0.383 -0.924 0.000
vn 0.924 -0.383 0.000
vn 0.707 -0.707 0.000
vn 1.000 0.000 0.000
vn 0.924 -0.383 0.000
vn 1.000 0.000 0.000
vn 1.000 0.000 0.000
vn 1.000 0.000 0.000
vn 1.000 0.000 0.000
vn 1.000 0.000 0.000
vn -1.000 0.000 0.000
vn -1.000 0.000 0.000
vn -1.000 0.000 0.000
vn -1.000 0.000 0.000
vn -0.924 -0.383 0.000
vn -1.000 0.000 0.000
vn -1.000 0.000 0.000
vn -0.707 -0.707 0.000
vn -0.924 -0.383 0.000
vn -0.383 -0.924 0.000
vn -0.707 -0.707 0.000
vn 0.000 -1.000 0.000
vn -0.383 -0.924 0.000
vn 0.000 -1.000 0.000
vn 0.000 -1.000 0.000
vn 0.000 -1.000 0.000
vn 0.000 -1.000 0.000
vn 0.000 -1.000 0.000
vn 0.000 1.000 0.000
vn 0.000 1.000 0.000
vn 0.000 1.000 0.000
vn 0.000 1.000 0.000
vn -0.383 0.924 0.000
vn 0.000 1.000 0.000
vn 0.000 1.000 0.000
vn -0.707 0.707 0.000
vn -0.383 0.924 0.000
vn -0.924 0.383 0.000
vn -0.707 0.707 0.000
vn -1.000 0.000 0.000
vn -0.924 0.383 0.000
vn -1.000 0.000 0.000
vn -1.000 0.000 0.000
vn -1.000 0.000 0.000
vn -1.000 0.000 0.000
vn -1.000 0.000 0.000
vn 0.000 1.000 0.000
vn 0.000 1.000 0.000
vn 0.000 1.000 0.000
vn 0.000 1.000 0.000
vn 0.924 0.383 0.000
vn 1.000 0.000 0.000
vn 1.000 0.000 0.000
vn 0.707 0.707 0.000
vn 0.924 0.383 0.000
vn 0.383 0.924 0.000
vn 0.707 0.707 0.000
vn 0.000 1.000 0.000
vn 0.383 0.924 0.000
vn 0.000 1.000 0.000
vn 1.000 0.000 0.000
vn 1.000 0.000 0.000
vn 1.000 0.000 0.000
vn 1.000 0.000 0.000
vn 0.000 0.000 1.000
vn 0.000 0.000 1.000
vn 0.000 0.000 1.000
vn 0.000 0.000 1.000
vn 0.000 0.000 1.000
vn 0.000 0.000 1.000
vn 0.000 0.000 1.000
vn 0.000 0.000 1.000
vn 0.000 0.000 1.000
vn 0.000 0.000 1.000
vn 0.000 0.000 1.000
vn 0.000 0.000 1.000
vn 0.000 0.000 1.000
vn 0.000 -1.000 0.000
vn 0.000 -1.000 0.000
vn 0.000 -1.000 0.000
vn 0.000 -1.000 0.000
vn 0.866 -0.500 0.000
vn 1.000 0.000 0.000
vn 1.000 0.000 0.000
vn 0.500 -0.866 0.000
vn 0.866 -0.500 0.000
vn 0.000 -1.000 0.000
vn 0.500 -0.866 0.000
vn 0.000 -1.000 0.000
vn 1.000 0.000 0.000
vn 1.000 0.000 0.000
vn 1.000 0.000 0.000
vn 1.000 0.000 0.000
vn 1.000 0.000 0.000
vn 1.000 0.000 0.000
vn 1.000 0.000 0.000
vn 1.000 0.000 0.000
vn 1.000 0.000 0.000
vn 1.000 0.000 0.000
vn 1.000 0.000 0.000
vn 1.000 0.000 0.000
vn 1.000 0.000 0.000
vn 0.000 -0.996 -0.087
vn 0.000 -0.996 -0.087
vn 0.000 -0.996 -0.087
vn 0.000 -0.996 -0.087
vn 0.996 0.000 -0.087
vn 0.996 0.000 -0.087
vn 0.996 0.000 -0.087
vn 0.996 0.000 -0.087
vn 0.000 1.000 0.000
vn 0.000 1.000 0.000
vn 0.000 1.000 0.000
vn 0.000 1.000 0.000
vn 0.000 0.000 1.000
vn 0.000 0.000 1.000
vn 0.000 0.000 1.000
vn 0.000 0.000 1.000
vn 0.000 0.000 1.000
vn 0.000 0.000 1.000
vn 0.000 0.000 1.000
vn 0.000 0.000 1.000
vn 0.000 0.000 1.000
vn 0.000 0.000 1.000
vn 0.000 0.000 1.000
vn 0.000 0.000 1.000
vn 0.000 0.000 1.000
vn 1.000 0.000 0.000
vn 1.000 0.000 0.000
vn 1.000 0.000 0.000
vn 1.000 0.000 0.000
vn 0.500 0.866 0.000
vn 0.000 1.000 0.000
vn 0.000 1.000 0.000
vn 0.866 0.500 0.000
vn 0.500 0.866 0.000
vn 1.000 0.000 0.000
vn 0.866 0.500 0.000
vn 1.000 0.000 0.000
vn 0.000 0.996 -0.087
vn 0.000 0.996 -0.087
vn 0.000 0.996 -0.087
vn 0.000 0.996 -0.087
vn 0.000 -1.000 0.000
vn 0.000 -1.000 0.000
vn 0.000 -1.000 0.000
vn 0.000 -1.000 0.000
vn 0.000 -1.000 0.000
vn 0.000 -1.000 0.000
vn 0.000 -1.000 0.000
vn 0.000 -1.000 0.000
vn 0.000 -1.000 0.000
vn 0.996 0.000 -0.087
vn 0.996 0.000 -0.087
vn 0.996 0.000 -0.087
vn 0.996 0.000 -0.087
vn 0.498 -0.863 -0.087
vn 0.000 -0.996 -0.087
vn 0.000 -0.996 -0.087
vn 0.996 0.000 -0.087
vn 0.996 0.000 -0.087
vn 0.872 -0.481 -0.087
vn 0.863 -0.498 -0.087
vn 0.858 -0.506 -0.087
vn 0.498 -0.863 -0.087
vn 0.000 -0.996 -0.087
vn 0.000 -0.996 -0.087
vn 0.000 -0.996 -0.087
vn 0.000 -0.996 -0.087
vn 0.000 0.000 -1.000
vn 0.000 0.000 -1.000
vn 0.000 0.000 -1.000
vn 0.000 0.000 -1.000
vn 0.000 0.000 -1.000
vn 0.000 0.000 -1.000
vn 0.000 0.000 -1.000
vn 0.000 0.000 -1.000
vn 0.996 0.000 -0.087
vn 0.863 -0.498 -0.087
vn 0.863 -0.498 -0.087
vn 0.498 -0.863 -0.087
vn 0.498 -0.863 -0.087
vn 0.000 -0.996 -0.087
vn 0.000 -0.996 -0.087
vn 0.996 0.000 -0.087
vn 0.996 0.000 -0.087
vn 0.996 0.000 -0.087
vn 0.996 0.000 -0.087
vn 0.996 0.000 -0.087
vn 0.000 0.000 1.000
vn 0.000 0.000 1.000
vn 0.000 0.000 1.000
vn 0.000 0.000 1.000
vn 0.000 0.000 1.000
vn 0.000 0.000 1.000
vn 0.000 0.000 1.000
vn 0.000 0.000 1.000
vn 0.000 0.000 1.000
vn 0.000 0.000 1.000
vn 0.000 0.000 1.000
vn 0.000 0.000 1.000
vn 0.000 0.000 1.000
vn 0.000 0.000 1.000
vn -1.000 0.000 0.000
vn -1.000 0.000 0.000
vn -1.000 0.000 0.000
vn -1.000 0.000 0.000
vn 0.000 -1.000 0.000
vn -0.500 -0.866 0.000
vn -0.383 -0.924 0.000
vn -0.707 -0.707 0.000
vn -0.707 -0.707 0.000
vn -0.866 -0.500 0.000
vn -1.000 0.000 0.000
vn -1.000 0.000 0.000
vn -0.924 -0.383 0.000
vn 0.000 -1.000 0.000
vn 0.000 -1.000 0.000
vn 0.000 -1.000 0.000
vn 0.000 -1.000 0.000
vn 0.000 -1.000 0.000
vn 0.000 -0.996 -0.087
vn 0.000 -0.996 -0.087
vn 0.000 -0.996 -0.087
vn 0.000 -0.996 -0.087
vn -1.000 0.000 0.000
vn -1.000 0.000 0.000
vn -1.000 0.000 0.000
vn -1.000 0.000 0.000
vn -1.000 0.000 0.000
vn -1.000 0.000 0.000
vn -1.000 0.000 0.000
vn -1.000 0.000 0.000
vn -1.000 0.000 0.000
vn -0.996 0.000 -0.087
vn -0.996 0.000 -0.087
vn -0.996 0.000 -0.087
vn -0.996 0.000 -0.087
vn 0.000 1.000 0.000
vn 0.000 1.000 0.000
vn 0.000 1.000 0.000
vn 0.000 1.000 0.000
vn 0.000 0.000 1.000
vn 0.000 0.000 1.000
vn 0.000 0.000 1.000
vn 0.000 0.000 1.000
vn 0.000 0.000 1.000
vn 0.000 0.000 1.000
vn 0.000 0.000 1.000
vn 0.000 0.000 1.000
vn 0.000 0.000 1.000
vn 0.000 0.000 1.000
vn 0.000 0.000 1.000
vn 0.000 0.000 1.000
vn 0.000 0.000 1.000
vn -0.866 0.500 0.000
vn -1.000 0.000 0.000
vn -1.000 0.000 0.000
vn -0.500 0.866 0.000
vn -0.866 0.500 0.000
vn 0.000 1.000 0.000
vn -0.500 0.866 0.000
vn 0.000 1.000 0.000
vn 0.000 0.996 -0.087
vn 0.000 0.996 -0.087
vn 0.000 0.996 -0.087
vn 0.000 0.996 -0.087
vn -1.000 0.000 0.000
vn -1.000 0.000 0.000
vn -1.000 0.000 0.000
vn -1.000 0.000 0.000
vn -0.996 0.000 -0.087
vn -0.996 0.000 -0.087
vn -0.996 0.000 -0.087
vn -0.996 0.000 -0.087
vn 0.000 -0.996 -0.087
vn 0.000 -0.996 -0.087
vn 0.000 -0.996 -0.087
vn 0.000 -0.996 -0.087
vn 0.000 -0.996 -0.087
vn 0.000 -0.996 -0.087
vn 0.000 -0.996 -0.087
vn 0.000 -0.996 -0.087
vn 0.000 -0.996 -0.087
vn -0.498 -0.863 -0.087
vn -0.498 -0.863 -0.087
vn -0.858 -0.506 -0.087
vn -0.704 -0.704 -0.087
vn -0.863 -0.498 -0.087
vn -0.996 0.000 -0.087
vn -0.872 -0.481 -0.087
vn -0.996 0.000 -0.087
vn 0.000 -0.996 -0.087
vn 0.000 0.000 -1.000
vn 0.000 0.000 -1.000
vn 0.000 0.000 -1.000
vn 0.000 0.000 -1.000
vn 0.000 0.000 -1.000
vn 0.000 0.000 -1.000
vn 0.000 0.000 -1.000
vn 0.000 0.000 -1.000
vn 0.000 0.000 -1.000
vn -0.996 0.000 -0.087
vn -0.996 0.000 -0.087
vn -0.996 0.000 -0.087
vn -0.996 0.000 -0.087
vn 0.000 -0.996 -0.087
vn -0.381 -0.920 -0.087
vn -0.381 -0.920 -0.087
vn -0.704 -0.704 -0.087
vn -0.704 -0.704 -0.087
vn -0.920 -0.381 -0.087
vn -0.920 -0.381 -0.087
vn -0.996 0.000 -0.087
vn -0.996 0.000 -0.087
vn 0.000 -0.996 -0.087
vn 0.000 -0.996 -0.087
vn 0.000 -0.996 -0.087
vn 0.000 -0.996 -0.087
vn 0.000 -0.996 -0.087
vn -0.498 0.863 -0.087
vn 0.000 0.996 -0.087
vn 0.000 0.996 -0.087
vn -0.996 0.000 -0.087
vn -0.996 0.000 -0.087
vn -0.872 0.481 -0.087
vn -0.863 0.498 -0.087
vn -0.858 0.506 -0.087
vn -0.498 0.863 -0.087
vn -0.996 0.000 -0.087
vn -0.996 0.000 -0.087
vn -0.996 0.000 -0.087
vn -0.996 0.000 -0.087
vn 0.996 0.000 -0.087
vn 0.996 0.000 -0.087
vn 0.996 0.000 -0.087
vn 0.996 0.000 -0.087
vn 0.000 0.996 -0.087
vn 0.498 0.863 -0.087
vn 0.498 0.863 -0.087
vn 0.858 0.506 -0.087
vn 0.863 0.498 -0.087
vn 0.996 0.000 -0.087
vn 0.872 0.481 -0.087
vn 0.996 0.000 -0.087
vn 0.000 0.996 -0.087
vn 0.000 0.996 -0.087
vn 0.000 0.996 -0.087
vn 0.000 0.996 -0.087
vn 0.000 0.996 -0.087
vn 0.000 0.000 -1.000
vn 0.000 0.000 -1.000
vn 0.000 0.000 -1.000
vn 0.000 0.000 -1.000
vn 0.000 0.000 -1.000
vn 0.000 0.000 -1.000
vn 0.000 0.000 -1.000
vn 0.000 0.000 -1.000
vn -0.996 0.000 -0.087
vn -0.996 0.000 -0.087
vn -0.996 0.000 -0.087
vn -0.996 0.000 -0.087
vn -0.996 0.000 -0.087
vn -0.863 0.498 -0.087
vn -0.863 0.498 -0.087
vn -0.498 0.863 -0.087
vn -0.498 0.863 -0.087
vn 0.000 0.996 -0.087
vn 0.000 0.996 -0.087
vn -0.996 0.000 -0.087
vn 0.000 0.996 -0.087
vn 0.000 0.996 -0.087
vn 0.000 0.996 -0.087
vn 0.000 0.996 -0.087
vn 0.000 0.000 -1.000
vn 0.000 0.000 -1.000
vn 0.000 0.000 -1.000
vn 0.000 0.000 -1.000
vn 0.000 0.000 -1.000
vn 0.000 0.000 -1.000
vn 0.000 0.000 -1.000
vn 0.000 0.000 -1.000
vn 0.000 0.000 -1.000
vn 0.000 0.000 -1.000
vn 0.000 0.000 -1.000
vn 0.000 0.000 -1.000
vn 0.000 0.000 -1.000
vn 0.000 0.000 -1.000
vn 0.000 0.000 -1.000
vn 0.000 0.000 -1.000
vn 0.000 0.000 -1.000
vn 0.000 0.000 -1.000
vn 0.000 0.000 -1.000
vn 0.000 0.000 -1.000
vn 0.000 0.000 -1.000
vn 0.000 0.000 -1.000
vn 0.000 0.000 -1.000
vn 0.000 0.000 -1.000
vn 0.000 0.000 -1.000
vn 0.000 0.000 -1.000
vn 0.000 0.000 -1.000
vn 0.000 0.000 -1.000
vn 0.000 0.000 -1.000
vn 0.000 0.000 -1.000
vn 0.000 0.000 -1.000
vn 0.000 0.000 -1.000
vn 0.000 0.000 -1.000
vn 0.000 0.000 -1.000
vn 0.000 0.000 -1.000
vn 0.000 0.000 -1.000
vn 0.000 0.000 -1.000
vn 0.000 0.000 -1.000
vn 0.000 0.000 -1.000
vn 0.000 0.000 -1.000
vn 0.000 0.000 -1.000
vn 0.000 0.000 -1.000
vn 0.000 0.000 -1.000
vn 0.000 0.000 -1.000
vn 0.000 0.000 -1.000
vn 0.000 0.000 -1.000
vn 0.000 0.000 -1.000
vn 0.000 0.996 -0.087
vn 0.381 0.920 -0.087
vn 0.381 0.920 -0.087
vn 0.704 0.704 -0.087
vn 0.704 0.704 -0.087
vn 0.920 0.381 -0.087
vn 0.920 0.381 -0.087
vn 0.996 0.000 -0.087
vn 0.996 0.000 -0.087
vn 0.000 0.996 -0.087
vn 0.996 0.000 -0.087
vn 0.996 0.000 -0.087
vn 0.996 0.000 -0.087
vn 0.996 0.000 -0.087
vn 0.000 0.996 -0.087
vn 0.000 0.996 -0.087
vn 0.000 0.996 -0.087
vn 0.000 0.996 -0.087
vn 0.000 0.996 -0.087
vn 0.000 0.996 -0.087
vn 0.000 0.996 -0.087
vn 0.000 0.996 -0.087
vn 0.000 0.996 -0.087
vn 0.000 0.996 -0.087
vn 0.000 1.000 0.000
vn 0.000 1.000 0.000
vn 0.000 1.000 0.000
vn 0.000 1.000 0.000
vn 0.000 1.000 0.000
vn 0.000 1.000 0.000
vn 0.000 1.000 0.000
vn 0.000 1.000 0.000
vn 0.000 1.000 0.000
vn 0.000 1.000 0.000
vn 0.000 1.000 0.000
vn 0.000 1.000 0.000
vn 0.000 1.000 0.000
vn 0.000 0.000 -1.000
vn 0.000 0.000 -1.000
vn 0.000 0.000 -1.000
vn 0.000 0.000 -1.000
vn -1.000 0.000 0.000
vn -1.000 0.000 0.000
vn -1.000 0.000 0.000
vn -1.000 0.000 0.000
vn 1.000 0.000 0.000
vn 1.000 0.000 0.000
vn 1.000 0.000 0.000
vn 1.000 0.000 0.000
vn 0.000 0.000 1.000
vn 0.000 0.000 1.000
vn 0.000 0.000 1.000
vn 0.000 0.000 1.000
vn 0.000 0.000 1.000
vn 0.000 0.000 1.000
vn 0.000 0.996 -0.087
vn 0.000 0.996 -0.087
vn 0.000 0.996 -0.087
vn 0.000 0.996 -0.087
vn -1.000 0.000 0.000
vn -1.000 0.000 0.000
vn -1.000 0.000 0.000
vn 1.000 0.000 0.000
vn 1.000 0.000 0.000
vn 1.000 0.000 0.000
vn 0.000 -1.000 0.000
vn 0.000 -1.000 0.000
vn 0.000 -1.000 0.000
vn 0.000 -1.000 0.000
vn 0.000 -1.000 0.000
vn 0.000 -1.000 0.000
vn 0.000 -1.000 0.000
vn 0.000 -1.000 0.000
vn -1.000 0.017 0.000
vn -1.000 0.017 0.000
vn -1.000 0.017 0.000
vn -1.000 0.017 0.000
vn -0.704 0.025 -0.710
vn -0.376 0.023 -0.926
vn -0.376 0.023 -0.926
vn -0.923 0.023 -0.385
vn -0.923 0.023 -0.385
vn -1.000 0.017 0.000
vn -1.000 0.017 0.000
vn -0.704 0.025 -0.710
vn 0.000 0.017 -1.000
vn 0.000 -1.000 0.001
vn 0.000 -1.000 0.001
vn 0.000 -1.000 0.001
vn 0.000 -1.000 0.001
vn 0.000 -1.000 0.001
vn 0.000 -1.000 0.001
vn 0.000 -1.000 0.001
vn 0.000 -1.000 0.001
vn 0.000 -1.000 0.000
vn 0.000 -1.000 0.000
vn 0.000 -1.000 0.000
vn 0.000 -1.000 0.000
vn 0.000 -1.000 0.000
vn 0.000 -1.000 0.000
vn 0.000 -1.000 0.000
vn 0.000 -1.000 0.000
vn 1.000 0.017 0.000
vn 1.000 0.017 0.000
vn 1.000 0.017 0.000
vn 1.000 0.017 0.000
vn 0.704 0.025 -0.710
vn 0.704 0.025 -0.710
vn 0.376 0.023 -0.926
vn 0.923 0.023 -0.385
vn 1.000 0.017 0.000
vn 0.923 0.023 -0.385
vn 1.000 0.017 0.000
vn 0.376 0.023 -0.926
vn 0.000 0.017 -1.000
vn 0.000 -1.000 0.001
vn 0.000 -1.000 0.001
vn 0.000 -1.000 0.001
vn 0.000 -1.000 0.001
vn 0.000 -1.000 0.001
vn 0.000 -1.000 0.001
vn 0.000 -1.000 0.001
vn 0.000 -1.000 0.001
vn 0.000 0.017 -1.000
vn 0.000 0.017 -1.000
vn 0.000 0.017 -1.000
vn 0.000 0.017 -1.000
vn 0.000 0.017 -1.000
vn 0.000 0.017 -1.000
vn 0.000 0.017 -1.000
vn 0.000 0.017 -1.000
vn 1.000 0.000 0.000
vn 1.000 0.000 0.000
vn 1.000 0.000 0.000
vn 1.000 0.000 0.000
vn 1.000 0.000 0.000
vn -1.000 0.000 0.000
vn -1.000 0.000 0.000
vn -1.000 0.000 0.000
vn -1.000 0.000 0.000
vn -1.000 0.000 0.000
vn 0.000 1.000 0.000
vn 0.000 1.000 0.000
vn 0.000 1.000 0.000
vn 0.000 1.000 0.000
vn 0.000 0.707 -0.707
vn 0.000 0.707 -0.707
vn 0.000 0.707 -0.707
vn 0.000 0.707 -0.707
vn 0.000 0.017 1.000
vn 0.000 0.017 1.000
vn 0.000 0.017 1.000
vn 0.000 0.017 1.000
vn 0.000 0.017 1.000
vn 0.000 0.017 1.000
vn 0.000 0.017 1.000
vn 0.000 0.017 1.000
vn 0.000 0.017 1.000
vn 0.000 0.017 1.000
vn 0.000 0.017 1.000
vn 0.000 0.017 1.000
vn 0.000 0.017 1.000
vn 0.000 0.017 1.000
vn 0.000 0.017 1.000
vn 0.000 0.017 1.000
vn 0.000 0.017 1.000
vn 0.000 0.017 1.000
vn 0.000 0.017 1.000
vn 0.000 0.017 1.000
vn 0.000 0.017 1.000
vn 0.000 0.017 1.000
vn 0.000 0.017 1.000
vn 0.000 0.017 1.000
vn 0.000 0.017 1.000
vn 0.000 0.017 1.000
vn 0.000 0.017 1.000
vn 0.000 0.017 1.000
vn 0.000 0.017 1.000
vn 0.000 0.017 1.000
vn 0.000 0.017 1.000
vn 0.000 0.017 1.000
vn 0.000 0.017 1.000
vn 0.000 0.017 1.000
vn 0.000 0.017 1.000
vn 0.000 0.017 1.000
vn 0.000 0.017 1.000
vn 0.000 0.017 1.000
vn 0.000 0.017 1.000
vn 0.000 0.017 1.000
vn 0.000 0.017 1.000
vn 0.000 0.017 1.000
vn 0.000 0.017 1.000
vn 0.000 0.017 1.000
vn 0.000 0.017 1.000
vn 0.000 0.017 1.000
vn 0.000 0.017 1.000
vn 0.000 0.017 1.000
vn 0.000 0.017 1.000
vn 0.000 0.017 1.000
vn 0.000 0.017 1.000
vn 0.000 0.017 1.000
vn -0.020 1.000 0.000
vn -0.020 1.000 0.000
vn -0.506 0.863 0.000
vn -0.506 0.863 0.000
vn -0.863 0.506 0.000
vn -0.863 0.506 0.000
vn -1.000 0.020 0.000
vn -1.000 0.020 0.000
vn -1.000 0.020 0.000
vn -1.000 0.020 0.000
vn -1.000 0.020 0.000
vn -1.000 0.020 0.000
vn -1.000 -0.020 0.000
vn -1.000 -0.020 0.000
vn -1.000 -0.020 0.000
vn -1.000 -0.020 0.000
vn 0.863 0.506 0.000
vn 1.000 0.020 0.000
vn 1.000 0.020 0.000
vn 0.506 0.863 0.000
vn 0.863 0.506 0.000
vn 0.020 1.000 0.000
vn 0.506 0.863 0.000
vn 0.020 1.000 0.000
vn 0.020 1.000 0.000
vn 0.020 1.000 0.000
vn 0.020 1.000 0.000
vn 0.020 1.000 0.000
vn -0.020 1.000 0.000
vn -0.020 1.000 0.000
vn -0.020 1.000 0.000
vn -0.020 1.000 0.000
vn -1.000 -0.020 0.000
vn -1.000 -0.020 0.000
vn -0.863 -0.506 0.000
vn -0.863 -0.506 0.000
vn -0.506 -0.863 0.000
vn -0.506 -0.863 0.000
vn -0.020 -1.000 0.000
vn -0.020 -1.000 0.000
vn -0.020 -1.000 0.000
vn -0.020 -1.000 0.000
vn -0.020 -1.000 0.000
vn -0.020 -1.000 0.000
vn 0.020 -1.000 0.000
vn 0.020 -1.000 0.000
vn 0.020 -1.000 0.000
vn 0.020 -1.000 0.000
vn 0.506 -0.863 0.000
vn 0.020 -1.000 0.000
vn 0.020 -1.000 0.000
vn 0.863 -0.506 0.000
vn 0.506 -0.863 0.000
vn 1.000 -0.020 0.000
vn 0.863 -0.506 0.000
vn 1.000 -0.020 0.000
vn 1.000 -0.020 0.000
vn 1.000 -0.020 0.000
vn 1.000 -0.020 0.000
vn 1.000 -0.020 0.000
vn 1.000 0.020 0.000
vn 1.000 0.020 0.000
vn 1.000 0.020 0.000
vn 1.000 0.020 0.000
vn 0.000 0.000 1.000
vn 0.000 0.000 1.000
vn 0.000 0.000 1.000
vn 0.000 0.000 1.000
vn 0.000 0.000 1.000
vn 0.000 0.000 1.000
vn 0.000 0.000 1.000
vn 0.000 0.000 1.000
vn 0.000 0.000 1.000
vn 0.000 0.000 1.000
vn 0.000 0.000 1.000
vn 0.000 0.000 1.000
vn 0.000 0.000 1.000
vn 0.000 0.000 1.000
vn 0.000 0.000 1.000
vn 0.000 0.000 1.000
vn 0.000 0.000 1.000
vn 0.000 0.000 1.000
vn 0.000 0.000 1.000
vn 0.000 0.000 1.000
vn 0.000 0.000 1.000
vn 0.000 0.000 1.000
vn 0.000 0.000 1.000
vn 0.000 0.000 1.000
vn 0.000 0.000 1.000
vn 0.000 0.000 1.000
vn 0.000 0.000 1.000
vn 0.000 0.000 1.000
vn 0.000 0.000 1.000
vn 0.000 0.000 1.000
vn 0.000 0.000 1.000
vn 0.000 0.000 1.000
vn 0.863 0.506 0.000
vn 1.000 0.020 0.000
vn 1.000 0.020 0.000
vn 0.506 0.863 0.000
vn 0.863 0.506 0.000
vn 0.020 1.000 0.000
vn 0.506 0.863 0.000
vn 0.020 1.000 0.000
vn 1.000 -0.020 0.000
vn 1.000 -0.020 0.000
vn 1.000 -0.020 0.000
vn 1.000 -0.020 0.000
vn 1.000 0.020 0.000
vn 1.000 0.020 0.000
vn 1.000 0.020 0.000
vn 1.000 0.020 0.000
vn 0.020 1.000 0.000
vn 0.020 1.000 0.000
vn 0.020 1.000 0.000
vn 0.020 1.000 0.000
vn -0.020 1.000 0.000
vn -0.020 1.000 0.000
vn -0.020 1.000 0.000
vn -0.020 1.000 0.000
vn -0.020 1.000 0.000
vn -0.020 1.000 0.000
vn -0.506 0.863 0.000
vn -0.506 0.863 0.000
vn -0.863 0.506 0.000
vn -0.863 0.506 0.000
vn -1.000 0.020 0.000
vn -1.000 0.020 0.000
vn -1.000 0.020 0.000
vn -1.000 0.020 0.000
vn -1.000 0.020 0.000
vn -1.000 0.020 0.000
vn -1.000 -0.020 0.000
vn -1.000 -0.020 0.000
vn -1.000 -0.020 0.000
vn -1.000 -0.020 0.000
vn -1.000 -0.020 0.000
vn -1.000 -0.020 0.000
vn -0.863 -0.506 0.000
vn -0.863 -0.506 0.000
vn -0.506 -0.863 0.000
vn -0.506 -0.863 0.000
vn -0.020 -1.000 0.000
vn -0.020 -1.000 0.000
vn -0.020 -1.000 0.000
vn -0.020 -1.000 0.000
vn -0.020 -1.000 0.000
vn -0.020 -1.000 0.000
vn 0.020 -1.000 0.000
vn 0.020 -1.000 0.000
vn 0.020 -1.000 0.000
vn 0.020 -1.000 0.000
vn 0.506 -0.863 0.000
vn 0.020 -1.000 0.000
vn 0.020 -1.000 0.000
vn 0.863 -0.506 0.000
vn 0.506 -0.863 0.000
vn 1.000 -0.020 0.000
vn 0.863 -0.506 0.000
vn 1.000 -0.020 0.000
vn 0.000 0.000 1.000
vn 0.000 0.000 1.000
vn 0.000 0.000 1.000
vn 0.000 0.000 1.000
vn 0.000 0.000 1.000
vn 0.000 0.000 1.000
vn 0.000 0.000 1.000
vn 0.000 0.000 1.000
vn 0.000 0.000 1.000
vn 0.000 0.000 1.000
vn 0.000 0.000 1.000
vn 0.000 0.000 1.000
vn 0.000 0.000 1.000
vn 0.000 0.000 1.000
vn 0.000 0.000 1.000
vn 0.000 0.000 1.000
vn 0.000 0.000 1.000
vn 0.000 0.000 1.000
vn 0.000 0.000 1.000
vn 0.000 0.000 1.000
vn 0.000 0.000 1.000
vn 0.000 0.000 1.000
vn 0.000 0.000 1.000
vn 0.000 0.000 1.000
vn 0.000 0.000 1.000
vn 0.000 0.000 1.000
vn 0.000 0.000 1.000
vn 0.000 0.000 1.000
vn 0.000 0.000 1.000
vn 0.000 0.000 1.000
vn 0.000 0.000 1.000
vn 0.000 0.000 1.000
vn -1.000 0.000 0.000
vn -1.000 0.000 0.000
vn -0.866 0.500 0.000
vn -0.866 0.500 0.000
vn -0.500 0.866 0.000
vn -0.500 0.866 0.000
vn 0.000 1.000 0.000
vn 0.866 0.500 0.000
vn 0.866 0.500 0.000
vn 1.000 0.000 0.000
vn 1.000 0.000 0.000
vn 0.866 -0.500 0.000
vn 0.866 -0.500 0.000
vn 0.500 -0.866 0.000
vn 0.500 -0.866 0.000
vn 0.000 -1.000 0.000
vn 0.000 -1.000 0.000
vn -0.500 -0.866 0.000
vn -0.500 -0.866 0.000
vn -0.866 -0.500 0.000
vn -0.866 -0.500 0.000
vn 0.500 0.866 0.000
vn 0.000 1.000 0.000
vn 0.134 0.991 0.000
vn 0.134 0.991 0.000
vn 0.500 0.866 0.000
vn 0.500 0.866 0.000
vn 0.522 0.853 0.000
vn 0.522 0.853 0.000
vn 0.500 0.866 0.000
vn 0.043 0.999 0.000
vn 0.043 0.999 0.000
vn 0.355 0.935 0.000
vn 0.355 0.935 0.000
vn 1.000 0.000 0.000
vn 1.000 0.000 0.000
vn 1.000 0.000 0.000
vn 1.000 0.000 0.000
vn 0.000 0.000 1.000
vn 0.000 0.000 1.000
vn 0.000 0.000 1.000
vn 0.000 0.000 1.000
vn 0.000 0.000 -1.000
vn 0.000 0.000 -1.000
vn 0.000 0.000 -1.000
vn 0.000 0.000 -1.000
vn 0.000 0.000 1.000
vn 0.000 0.000 1.000
vn 0.000 0.000 1.000
vn 0.000 0.000 1.000
vn 0.000 0.000 1.000
vn 0.000 0.000 1.000
vn 0.000 0.000 1.000
vn 0.000 0.000 1.000
vn 0.000 0.000 1.000
vn 0.000 0.000 1.000
vn 0.000 0.000 1.000
vn 0.000 0.000 1.000
vn 0.000 0.000 1.000
vn 0.000 0.000 1.000
vn 0.000 0.000 1.000
vn 0.000 0.000 1.000
vn 0.000 0.000 1.000
vn 0.000 0.000 1.000
vn 0.000 0.000 1.000
vn 0.000 0.000 1.000
vn 0.000 0.000 1.000
vn 0.000 0.000 1.000
vn 0.000 0.000 1.000
vn 0.000 0.000 1.000
vn -1.000 0.000 0.000
vn -1.000 0.000 0.000
vn -0.866 0.500 0.000
vn -0.866 0.500 0.000
vn -0.500 0.866 0.000
vn -0.500 0.866 0.000
vn 0.000 1.000 0.000
vn 0.000 1.000 0.000
vn 0.500 0.866 0.000
vn 0.500 0.866 0.000
vn 0.866 0.500 0.000
vn 0.866 0.500 0.000
vn 1.000 0.000 0.000
vn 1.000 0.000 0.000
vn 0.866 -0.500 0.000
vn 0.866 -0.500 0.000
vn 0.500 -0.866 0.000
vn 0.500 -0.866 0.000
vn 0.000 -1.000 0.000
vn 0.000 -1.000 0.000
vn -0.500 -0.866 0.000
vn -0.500 -0.866 0.000
vn -0.866 -0.500 0.000
vn -0.866 -0.500 0.000
vn 0.000 0.000 -1.000
vn 0.000 0.000 -1.000
vn 0.000 0.000 -1.000
vn 0.000 0.000 -1.000
vn 0.000 0.000 -1.000
vn 0.000 0.000 -1.000
vn 0.000 0.000 -1.000
vn 0.000 0.000 -1.000
vn 0.000 0.000 -1.000
vn 0.000 0.000 -1.000
vn 0.000 0.000 -1.000
vn 0.000 0.000 -1.000
vn 0.000 0.000 -1.000
vn 0.000 0.000 -1.000
vn 0.000 0.000 -1.000
vn 0.000 0.000 -1.000
vn 0.000 0.000 -1.000
vn 0.000 0.000 -1.000
vn 0.000 0.000 -1.000
vn 0.000 0.000 -1.000
vn 0.000 0.000 -1.000
vn 0.000 0.000 -1.000
vn 0.000 0.000 -1.000
vn 0.000 0.000 -1.000
vn -1.000 0.000 0.000
vn -1.000 0.000 0.000
vn -0.866 0.500 0.000
vn -0.866 0.500 0.000
vn -0.500 0.866 0.000
vn -0.500 0.866 0.000
vn 0.000 1.000 0.000
vn 0.000 1.000 0.000
vn 0.500 0.866 0.000
vn 0.500 0.866 0.000
vn 0.866 0.500 0.000
vn 0.866 0.500 0.000
vn 1.000 0.000 0.000
vn 1.000 0.000 0.000
vn 0.866 -0.500 0.000
vn 0.866 -0.500 0.000
vn 0.500 -0.866 0.000
vn 0.500 -0.866 0.000
vn 0.000 -1.000 0.000
vn 0.000 -1.000 0.000
vn -0.500 -0.866 0.000
vn -0.500 -0.866 0.000
vn -0.866 -0.500 0.000
vn -0.866 -0.500 0.000
vn 0.000 0.000 1.000
vn 0.000 0.000 1.000
vn 0.000 0.000 1.000
vn 0.000 0.000 1.000
vn 0.000 0.000 1.000
vn 0.000 0.000 1.000
vn 0.000 0.000 1.000
vn 0.000 0.000 1.000
vn 0.000 0.000 1.000
vn 0.000 0.000 1.000
vn 0.000 0.000 1.000
vn 0.000 0.000 1.000
vn 0.000 0.000 1.000
vn 0.000 0.000 1.000
vn 0.000 0.000 1.000
vn 0.000 0.000 1.000
vn 0.000 0.000 1.000
vn 0.000 0.000 1.000
vn 0.000 0.000 1.000
vn 0.000 0.000 1.000
vn 0.000 0.000 1.000
vn 0.000 0.000 1.000
vn 0.000 0.000 1.000
vn 0.000 0.000 1.000
vn 0.866 0.500 0.000
vn 1.000 0.000 0.000
vn 1.000 0.000 0.000
vn 0.500 0.866 0.000
vn 0.866 0.500 0.000
vn 0.000 1.000 0.000
vn 0.500 0.866 0.000
vn -0.500 0.866 0.000
vn 0.000 1.000 0.000
vn -0.866 0.500 0.000
vn -0.500 0.866 0.000
vn -1.000 0.000 0.000
vn -0.866 0.500 0.000
vn -0.866 -0.500 0.000
vn -1.000 0.000 0.000
vn -0.500 -0.866 0.000
vn -0.866 -0.500 0.000
vn 0.000 -1.000 0.000
vn -0.500 -0.866 0.000
vn 0.500 -0.866 0.000
vn 0.000 -1.000 0.000
vn 0.866 -0.500 0.000
vn 0.500 -0.866 0.000
vn 0.866 -0.500 0.000
vn 0.000 0.000 -1.000
vn 0.000 0.000 -1.000
vn 0.000 0.000 -1.000
vn 0.000 0.000 -1.000
vn 0.000 0.000 -1.000
vn 0.000 0.000 -1.000
vn 0.000 0.000 -1.000
vn 0.000 0.000 -1.000
vn 0.000 0.000 -1.000
vn 0.000 0.000 -1.000
vn 0.000 0.000 -1.000
vn 0.000 0.000 -1.000
vn 0.000 0.000 -1.000
vn 0.000 0.000 -1.000
vn 0.000 0.000 -1.000
vn 0.000 0.000 -1.000
vn 0.000 0.000 -1.000
vn 0.000 0.000 -1.000
vn 0.000 0.000 -1.000
vn 0.000 0.000 -1.000
vn 0.000 0.000 -1.000
vn 0.000 0.000 -1.000
vn 0.000 0.000 -1.000
vn 0.000 0.000 -1.000
vn 0.866 0.500 0.000
vn 1.000 0.000 0.000
vn 1.000 0.000 0.000
vn 0.500 0.866 0.000
vn 0.866 0.500 0.000
vn 0.000 1.000 0.000
vn 0.500 0.866 0.000
vn -0.500 0.866 0.000
vn 0.000 1.000 0.000
vn -0.866 0.500 0.000
vn -0.500 0.866 0.000
vn -1.000 0.000 0.000
vn -0.866 0.500 0.000
vn -0.866 -0.500 0.000
vn -1.000 0.000 0.000
vn -0.500 -0.866 0.000
vn -0.866 -0.500 0.000
vn 0.000 -1.000 0.000
vn -0.500 -0.866 0.000
vn 0.500 -0.866 0.000
vn 0.000 -1.000 0.000
vn 0.866 -0.500 0.000
vn 0.500 -0.866 0.000
vn 0.866 -0.500 0.000
vn 0.000 0.000 1.000
vn 0.000 0.000 1.000
vn 0.000 0.000 1.000
vn 0.000 0.000 1.000
vn 0.000 0.000 1.000
vn 0.000 0.000 1.000
vn 0.000 0.000 1.000
vn 0.000 0.000 1.000
vn 0.000 0.000 1.000
vn 0.000 0.000 1.000
vn 0.000 0.000 1.000
vn 0.000 0.000 1.000
vn 0.000 0.000 1.000
vn -1.000 0.000 0.000
vn -1.000 0.000 0.000
vn -0.866 0.500 0.000
vn -0.866 0.500 0.000
vn -0.500 0.866 0.000
vn -0.500 0.866 0.000
vn 0.000 1.000 0.000
vn 0.866 0.500 0.000
vn 0.866 0.500 0.000
vn 1.000 0.000 0.000
vn 1.000 0.000 0.000
vn 0.866 -0.500 0.000
vn 0.866 -0.500 0.000
vn 0.500 -0.866 0.000
vn 0.500 -0.866 0.000
vn 0.000 -1.000 0.000
vn 0.000 -1.000 0.000
vn -0.500 -0.866 0.000
vn -0.500 -0.866 0.000
vn -0.866 -0.500 0.000
vn -0.866 -0.500 0.000
vn 0.500 0.866 0.000
vn 0.000 1.000 0.000
vn 0.134 0.991 0.000
vn 0.134 0.991 0.000
vn 0.500 0.866 0.000
vn 0.500 0.866 0.000
vn 0.522 0.853 0.000
vn 0.522 0.853 0.000
vn 0.500 0.866 0.000
vn 0.043 0.999 0.000
vn 0.043 0.999 0.000
vn 0.355 0.935 0.000
vn 0.355 0.935 0.000
vn 1.000 0.000 0.000
vn 1.000 0.000 0.000
vn 1.000 0.000 0.000
vn 1.000 0.000 0.000
vn 0.000 0.000 1.000
vn 0.000 0.000 1.000
vn 0.000 0.000 1.000
vn 0.000 0.000 1.000
vn 0.000 0.000 -1.000
vn 0.000 0.000 -1.000
vn 0.000 0.000 -1.000
vn 0.000 0.000 -1.000
vn 0.000 0.000 1.000
vn 0.000 0.000 1.000
vn 0.000 0.000 1.000
vn 0.000 0.000 1.000
vn 0.000 0.000 1.000
vn 0.000 0.000 1.000
vn 0.000 0.000 1.000
vn 0.000 0.000 1.000
vn 0.000 0.000 1.000
vn 0.000 0.000 1.000
vn 0.000 0.000 1.000
vn 0.000 0.000 1.000
vn 0.000 0.000 1.000
vn 0.000 0.000 1.000
vn 0.000 0.000 1.000
vn 0.000 0.000 1.000
vn 0.000 0.000 1.000
vn 0.000 0.000 1.000
vn 0.000 0.000 1.000
vn 0.000 0.000 1.000
vn 0.000 0.000 1.000
vn 0.000 0.000 1.000
vn 0.000 0.000 1.000
vn 0.000 0.000 1.000
vn -1.000 0.000 0.000
vn -1.000 0.000 0.000
vn -0.866 0.500 0.000
vn -0.866 0.500 0.000
vn -0.500 0.866 0.000
vn -0.500 0.866 0.000
vn 0.000 1.000 0.000
vn 0.000 1.000 0.000
vn 0.500 0.866 0.000
vn 0.500 0.866 0.000
vn 0.866 0.500 0.000
vn 0.866 0.500 0.000
vn 1.000 0.000 0.000
vn 1.000 0.000 0.000
vn 0.866 -0.500 0.000
vn 0.866 -0.500 0.000
vn 0.500 -0.866 0.000
vn 0.500 -0.866 0.000
vn 0.000 -1.000 0.000
vn 0.000 -1.000 0.000
vn -0.500 -0.866 0.000
vn -0.500 -0.866 0.000
vn -0.866 -0.500 0.000
vn -0.866 -0.500 0.000
vn 0.000 0.000 -1.000
vn 0.000 0.000 -1.000
vn 0.000 0.000 -1.000
vn 0.000 0.000 -1.000
vn 0.000 0.000 -1.000
vn 0.000 0.000 -1.000
vn 0.000 0.000 -1.000
vn 0.000 0.000 -1.000
vn 0.000 0.000 -1.000
vn 0.000 0.000 -1.000
vn 0.000 0.000 -1.000
vn 0.000 0.000 -1.000
vn 0.000 0.000 -1.000
vn 0.000 0.000 -1.000
vn 0.000 0.000 -1.000
vn 0.000 0.000 -1.000
vn 0.000 0.000 -1.000
vn 0.000 0.000 -1.000
vn 0.000 0.000 -1.000
vn 0.000 0.000 -1.000
vn 0.000 0.000 -1.000
vn 0.000 0.000 -1.000
vn 0.000 0.000 -1.000
vn 0.000 0.000 -1.000
vn -1.000 0.000 0.000
vn -1.000 0.000 0.000
vn -0.866 0.500 0.000
vn -0.866 0.500 0.000
vn -0.500 0.866 0.000
vn -0.500 0.866 0.000
vn 0.000 1.000 0.000
vn 0.000 1.000 0.000
vn 0.500 0.866 0.000
vn 0.500 0.866 0.000
vn 0.866 0.500 0.000
vn 0.866 0.500 0.000
vn 1.000 0.000 0.000
vn 1.000 0.000 0.000
vn 0.866 -0.500 0.000
vn 0.866 -0.500 0.000
vn 0.500 -0.866 0.000
vn 0.500 -0.866 0.000
vn 0.000 -1.000 0.000
vn 0.000 -1.000 0.000
vn -0.500 -0.866 0.000
vn -0.500 -0.866 0.000
vn -0.866 -0.500 0.000
vn -0.866 -0.500 0.000
vn 0.000 0.000 1.000
vn 0.000 0.000 1.000
vn 0.000 0.000 1.000
vn 0.000 0.000 1.000
vn 0.000 0.000 1.000
vn 0.000 0.000 1.000
vn 0.000 0.000 1.000
vn 0.000 0.000 1.000
vn 0.000 0.000 1.000
vn 0.000 0.000 1.000
vn 0.000 0.000 1.000
vn 0.000 0.000 1.000
vn 0.000 0.000 1.000
vn 0.000 0.000 1.000
vn 0.000 0.000 1.000
vn 0.000 0.000 1.000
vn 0.000 0.000 1.000
vn 0.000 0.000 1.000
vn 0.000 0.000 1.000
vn 0.000 0.000 1.000
vn 0.000 0.000 1.000
vn 0.000 0.000 1.000
vn 0.000 0.000 1.000
vn 0.000 0.000 1.000
vn 0.866 0.500 0.000
vn 1.000 0.000 0.000
vn 1.000 0.000 0.000
vn 0.500 0.866 0.000
vn 0.866 0.500 0.000
vn 0.000 1.000 0.000
vn 0.500 0.866 0.000
vn -0.500 0.866 0.000
vn 0.000 1.000 0.000
vn -0.866 0.500 0.000
vn -0.500 0.866 0.000
vn -1.000 0.000 0.000
vn -0.866 0.500 0.000
vn -0.866 -0.500 0.000
vn -1.000 0.000 0.000
vn -0.500 -0.866 0.000
vn -0.866 -0.500 0.000
vn 0.000 -1.000 0.000
vn -0.500 -0.866 0.000
vn 0.500 -0.866 0.000
vn 0.000 -1.000 0.000
vn 0.866 -0.500 0.000
vn 0.500 -0.866 0.000
vn 0.866 -0.500 0.000
vn 0.000 0.000 -1.000
vn 0.000 0.000 -1.000
vn 0.000 0.000 -1.000
vn 0.000 0.000 -1.000
vn 0.000 0.000 -1.000
vn 0.000 0.000 -1.000
vn 0.000 0.000 -1.000
vn 0.000 0.000 -1.000
vn 0.000 0.000 -1.000
vn 0.000 0.000 -1.000
vn 0.000 0.000 -1.000
vn 0.000 0.000 -1.000
vn 0.000 0.000 -1.000
vn 0.000 0.000 -1.000
vn 0.000 0.000 -1.000
vn 0.000 0.000 -1.000
vn 0.000 0.000 -1.000
vn 0.000 0.000 -1.000
vn 0.000 0.000 -1.000
vn 0.000 0.000 -1.000
vn 0.000 0.000 -1.000
vn 0.000 0.000 -1.000
vn 0.000 0.000 -1.000
vn 0.000 0.000 -1.000
vn 0.866 0.500 0.000
vn 1.000 0.000 0.000
vn 1.000 0.000 0.000
vn 0.500 0.866 0.000
vn 0.866 0.500 0.000
vn 0.000 1.000 0.000
vn 0.500 0.866 0.000
vn -0.500 0.866 0.000
vn 0.000 1.000 0.000
vn -0.866 0.500 0.000
vn -0.500 0.866 0.000
vn -1.000 0.000 0.000
vn -0.866 0.500 0.000
vn -0.866 -0.500 0.000
vn -1.000 0.000 0.000
vn -0.500 -0.866 0.000
vn -0.866 -0.500 0.000
vn 0.000 -1.000 0.000
vn -0.500 -0.866 0.000
vn 0.500 -0.866 0.000
vn 0.000 -1.000 0.000
vn 0.866 -0.500 0.000
vn 0.500 -0.866 0.000
vn 0.866 -0.500 0.000
vn 0.000 0.000 1.000
vn 0.000 0.000 1.000
vn 0.000 0.000 1.000
vn 0.000 0.000 1.000
vn 0.000 0.000 1.000
vn 0.000 0.000 1.000
vn 0.000 0.000 1.000
vn 0.000 0.000 1.000
vn 0.000 0.000 1.000
vn 0.000 0.000 1.000
vn 0.000 0.000 1.000
vn 0.000 0.000 1.000
vn 0.000 0.000 1.000
vt 0.0000 -0.0255 0
vt 0.0272 -0.0296 0
vt 0.0248 -0.0374 0
vt 0.0202 -0.0442 0
vt 0.0138 -0.0493 0
vt 0.0061 -0.0523 0
vt -0.0021 -0.0529 0
vt -0.0100 -0.0511 0
vt -0.0171 -0.0470 0
vt -0.0227 -0.0410 0
vt -0.0263 -0.0336 0
vt -0.0275 -0.0255 0
vt -0.0263 -0.0174 0
vt -0.0227 -0.0100 0
vt -0.0171 -0.0040 0
vt -0.0100 0.0001 0
vt -0.0021 0.0019 0
vt 0.0061 0.0013 0
vt 0.0138 -0.0017 0
vt 0.0202 -0.0068 0
vt 0.0248 -0.0136 0
vt 0.0272 -0.0214 0
vt 0.0275 -0.0255 0
vt 6.2832 0.0013 0
vt 0.0000 -0.0013 0
vt 6.5824 -0.0013 0
vt 6.5824 0.0013 0
vt 0.5984 -0.0013 0
vt 0.5984 0.0013 0
vt 0.8976 -0.0013 0
vt 0.8976 0.0013 0
vt 1.1968 -0.0013 0
vt 1.1968 0.0013 0
vt 1.4960 -0.0013 0
vt 1.7952 0.0013 0
vt 1.4960 0.0013 0
vt 1.5714 -0.0013 0
vt 1.7952 -0.0013 0
vt 2.0944 -0.0013 0
vt 2.0944 0.0013 0
vt 2.3936 -0.0013 0
vt 2.3936 0.0013 0
vt 2.6928 -0.0013 0
vt 2.6928 0.0013 0
vt 2.9920 -0.0013 0
vt 3.2912 0.0013 0
vt 3.1416 0.0013 0
vt 3.1416 -0.0013 0
vt 2.9920 0.0013 0
vt 3.2912 -0.0013 0
vt 3.5904 -0.0013 0
vt 3.5904 0.0013 0
vt 3.8896 -0.0013 0
vt 3.8896 0.0013 0
vt 4.1888 -0.0013 0
vt 4.1888 0.0013 0
vt 4.4880 -0.0013 0
vt 4.4880 0.0013 0
vt 4.7118 -0.0013 0
vt 4.7872 0.0013 0
vt 4.7872 -0.0013 0
vt 5.0864 -0.0013 0
vt 5.0864 0.0013 0
vt 5.3856 -0.0013 0
vt 5.3856 0.0013 0
vt 5.6848 -0.0013 0
vt 5.6848 0.0013 0
vt 5.9840 -0.0013 0
vt 5.9840 0.0013 0
vt -0.0271 -0.0701 0
vt -0.0100 -0.0656 0
vt -0.0021 -0.0674 0
vt -0.0275 -0.0686 0
vt -0.0171 -0.0615 0
vt 0.0000 -0.0775 0
vt -0.0275 -0.0715 0
vt -0.0300 -0.0775 0
vt -0.0286 -0.0726 0
vt -0.0301 -0.0671 0
vt -0.0263 -0.0481 0
vt -0.0227 -0.0555 0
vt -0.0375 -0.0400 0
vt -0.0275 -0.0400 0
vt -0.0286 -0.0675 0
vt 0.0000 -0.0675 0
vt -0.0375 -0.0700 0
vt -0.0326 -0.0715 0
vt -0.0315 -0.0726 0
vt -0.0301 -0.0730 0
vt -0.0330 -0.0701 0
vt -0.0315 -0.0675 0
vt -0.0326 -0.0686 0
vt 0.0301 -0.0671 0
vt 0.0248 -0.0519 0
vt 0.0272 -0.0441 0
vt 0.0286 -0.0675 0
vt 0.0202 -0.0587 0
vt 0.0375 -0.0400 0
vt 0.0315 -0.0675 0
vt 0.0275 -0.0686 0
vt 0.0275 -0.0400 0
vt 0.0375 -0.0700 0
vt 0.0326 -0.0686 0
vt 0.0326 -0.0715 0
vt 0.0330 -0.0701 0
vt 0.0300 -0.0775 0
vt 0.0315 -0.0726 0
vt 0.0271 -0.0701 0
vt 0.0061 -0.0668 0
vt 0.0138 -0.0638 0
vt 0.0301 -0.0730 0
vt 0.0275 -0.0715 0
vt 0.0286 -0.0726 0
vt 0.0000 -0.0025 0
vt 0.0275 -0.0085 0
vt 0.0271 -0.0099 0
vt 0.0300 -0.0025 0
vt 0.0286 -0.0074 0
vt 0.0375 -0.0100 0
vt 0.0326 -0.0085 0
vt 0.0315 -0.0074 0
vt 0.0315 -0.0125 0
vt 0.0326 -0.0114 0
vt 0.0301 -0.0070 0
vt 0.0330 -0.0099 0
vt 0.0301 -0.0129 0
vt 0.0248 -0.0281 0
vt 0.0202 -0.0213 0
vt 0.0286 -0.0125 0
vt 0.0272 -0.0359 0
vt 0.0138 -0.0162 0
vt 0.0275 -0.0114 0
vt 0.0061 -0.0132 0
vt 0.0000 -0.0125 0
vt -0.0271 -0.0099 0
vt -0.0100 -0.0144 0
vt -0.0171 -0.0185 0
vt -0.0021 -0.0126 0
vt -0.0227 -0.0245 0
vt -0.0286 -0.0125 0
vt -0.0301 -0.0129 0
vt -0.0275 -0.0085 0
vt -0.0286 -0.0074 0
vt -0.0275 -0.0114 0
vt -0.0263 -0.0319 0
vt -0.0315 -0.0125 0
vt -0.0375 -0.0100 0
vt -0.0326 -0.0114 0
vt -0.0300 -0.0025 0
vt -0.0301 -0.0070 0
vt -0.0315 -0.0074 0
vt -0.0326 -0.0085 0
vt -0.0330 -0.0099 0
vt -0.0050 -0.0599 0
vt -0.0050 -0.0300 0
vt -0.0130 -0.0300 0
vt -0.0130 0.0000 0
vt -0.0050 0.0000 0
vt -0.0130 -0.0599 0
vt 0.6741 0.0130 0
vt 0.6741 0.0050 0
vt 0.8967 0.0050 0
vt 0.8967 0.0130 0
vt 0.0130 0.0599 0
vt 0.0050 0.0599 0
vt 0.0050 0.0300 0
vt 0.0050 0.0000 0
vt 0.0130 0.0000 0
vt 0.0130 0.0300 0
vt 2.2449 0.0130 0
vt 2.2449 0.0050 0
vt 2.4675 0.0050 0
vt 2.4675 0.0130 0
vt 0.0050 0.0599 0
vt 0.0050 0.0300 0
vt 0.0130 0.0300 0
vt 0.0130 0.0000 0
vt 0.0050 0.0000 0
vt 0.0130 0.0599 0
vt 3.8157 0.0130 0
vt 3.8157 0.0050 0
vt 4.0383 0.0050 0
vt 4.0383 0.0130 0
vt -0.0050 -0.0599 0
vt -0.0050 -0.0300 0
vt -0.0130 -0.0300 0
vt -0.0130 0.0000 0
vt -0.0050 0.0000 0
vt -0.0130 -0.0599 0
vt 5.3865 0.0130 0
vt 5.3865 0.0050 0
vt 5.6091 0.0050 0
vt 5.6091 0.0130 0
vt -0.5236 0.1141 0
vt 0.0000 0.1141 0
vt 0.0000 0.1061 0
vt -1.0472 0.1141 0
vt -0.5236 0.1061 0
vt 4.7124 0.1141 0
vt -1.0472 0.1061 0
vt 4.1888 0.1141 0
vt 4.7124 0.1061 0
vt 3.6652 0.1141 0
vt 4.1888 0.1061 0
vt 3.1416 0.1141 0
vt 3.6652 0.1061 0
vt 2.6180 0.1141 0
vt 3.1416 0.1061 0
vt 2.0944 0.1141 0
vt 2.6180 0.1061 0
vt 1.5708 0.1141 0
vt 2.0944 0.1061 0
vt 1.0472 0.1141 0
vt 1.5708 0.1061 0
vt 0.5236 0.1141 0
vt 1.0472 0.1061 0
vt 0.5236 0.1061 0
vt -0.5236 0.1141 0
vt 0.0000 0.1141 0
vt 0.0000 0.1061 0
vt -1.0472 0.1141 0
vt -0.5236 0.1061 0
vt 4.7124 0.1141 0
vt -1.0472 0.1061 0
vt 4.1888 0.1141 0
vt 4.7124 0.1061 0
vt 3.6652 0.1141 0
vt 4.1888 0.1061 0
vt 3.1416 0.1141 0
vt 3.6652 0.1061 0
vt 2.6180 0.1141 0
vt 3.1416 0.1061 0
vt 2.0944 0.1141 0
vt 2.6180 0.1061 0
vt 1.5708 0.1141 0
vt 2.0944 0.1061 0
vt 1.0472 0.1141 0
vt 1.5708 0.1061 0
vt 0.5236 0.1141 0
vt 1.0472 0.1061 0
vt 0.5236 0.1061 0
vt -0.5236 0.1141 0
vt 0.0000 0.1141 0
vt 0.0000 0.1061 0
vt -1.0472 0.1141 0
vt -0.5236 0.1061 0
vt 4.7124 0.1141 0
vt -1.0472 0.1061 0
vt 4.1888 0.1141 0
vt 4.7124 0.1061 0
vt 3.6652 0.1141 0
vt 4.1888 0.1061 0
vt 3.1416 0.1141 0
vt 3.6652 0.1061 0
vt 2.6180 0.1141 0
vt 3.1416 0.1061 0
vt 2.0944 0.1141 0
vt 2.6180 0.1061 0
vt 1.5708 0.1141 0
vt 2.0944 0.1061 0
vt 1.0472 0.1141 0
vt 1.5708 0.1061 0
vt 0.5236 0.1141 0
vt 1.0472 0.1061 0
vt 0.5236 0.1061 0
vt -0.5236 0.1141 0
vt 0.0000 0.1141 0
vt 0.0000 0.1061 0
vt -1.0472 0.1141 0
vt -0.5236 0.1061 0
vt 4.7124 0.1141 0
vt -1.0472 0.1061 0
vt 4.1888 0.1141 0
vt 4.7124 0.1061 0
vt 3.6652 0.1141 0
vt 4.1888 0.1061 0
vt 3.1416 0.1141 0
vt 3.6652 0.1061 0
vt 2.6180 0.1141 0
vt 3.1416 0.1061 0
vt 2.0944 0.1141 0
vt 2.6180 0.1061 0
vt 1.5708 0.1141 0
vt 2.0944 0.1061 0
vt 1.0472 0.1141 0
vt 1.5708 0.1061 0
vt 0.5236 0.1141 0
vt 1.0472 0.1061 0
vt 0.5236 0.1061 0
vt -0.0375 -0.0120 0
vt -0.0300 -0.0045 0
vt -0.0315 -0.0094 0
vt -0.0215 -0.0070 0
vt -0.0286 -0.0094 0
vt -0.0326 -0.0105 0
vt -0.0275 -0.0105 0
vt -0.0215 -0.0105 0
vt -0.0271 -0.0119 0
vt -0.0244 -0.0176 0
vt -0.0277 -0.0197 0
vt -0.0286 -0.0145 0
vt -0.0330 -0.0119 0
vt -0.0326 -0.0134 0
vt -0.0301 -0.0090 0
vt -0.0275 -0.0134 0
vt -0.0223 -0.0143 0
vt -0.0315 -0.0205 0
vt -0.0301 -0.0149 0
vt -0.0350 -0.0205 0
vt -0.0315 -0.0145 0
vt -0.0375 -0.0420 0
vt 0.0000 -0.0045 0
vt 0.0000 -0.0070 0
vt -0.0286 -0.0695 0
vt -0.0315 -0.0635 0
vt -0.0277 -0.0643 0
vt -0.0223 -0.0697 0
vt -0.0215 -0.0735 0
vt -0.0271 -0.0721 0
vt -0.0215 -0.0770 0
vt -0.0275 -0.0735 0
vt -0.0350 -0.0635 0
vt -0.0244 -0.0664 0
vt -0.0275 -0.0706 0
vt -0.0300 -0.0795 0
vt -0.0375 -0.0720 0
vt -0.0326 -0.0735 0
vt -0.0286 -0.0746 0
vt -0.0301 -0.0750 0
vt -0.0315 -0.0746 0
vt -0.0326 -0.0706 0
vt -0.0315 -0.0695 0
vt -0.0301 -0.0691 0
vt 0.0000 -0.0795 0
vt -0.0330 -0.0721 0
vt -0.0350 -0.0420 0
vt 0.0375 -0.0720 0
vt 0.0330 -0.0721 0
vt 0.0326 -0.0706 0
vt 0.0300 -0.0795 0
vt 0.0315 -0.0746 0
vt 0.0223 -0.0697 0
vt 0.0275 -0.0706 0
vt 0.0271 -0.0721 0
vt 0.0244 -0.0664 0
vt 0.0286 -0.0695 0
vt 0.0350 -0.0635 0
vt 0.0326 -0.0735 0
vt 0.0215 -0.0770 0
vt 0.0286 -0.0746 0
vt 0.0215 -0.0735 0
vt 0.0277 -0.0643 0
vt 0.0315 -0.0635 0
vt 0.0301 -0.0691 0
vt 0.0315 -0.0695 0
vt 0.0301 -0.0750 0
vt 0.0275 -0.0735 0
vt 0.0000 -0.0770 0
vt 0.0375 -0.0420 0
vt 0.0244 -0.0176 0
vt 0.0223 -0.0143 0
vt 0.0275 -0.0134 0
vt 0.0215 -0.0105 0
vt 0.0271 -0.0119 0
vt 0.0300 -0.0045 0
vt 0.0301 -0.0090 0
vt 0.0286 -0.0094 0
vt 0.0375 -0.0120 0
vt 0.0350 -0.0205 0
vt 0.0326 -0.0134 0
vt 0.0286 -0.0145 0
vt 0.0277 -0.0197 0
vt 0.0215 -0.0070 0
vt 0.0275 -0.0105 0
vt 0.0315 -0.0094 0
vt 0.0326 -0.0105 0
vt 0.0330 -0.0119 0
vt 0.0315 -0.0205 0
vt 0.0301 -0.0149 0
vt 0.0315 -0.0145 0
vt 0.0350 -0.0420 0
vt -0.0705 0.0035 0
vt -0.0705 0.0000 0
vt 0.0100 0.0000 0
vt 0.0100 0.0035 0
vt 1.1781 0.0100 0
vt 1.5708 0.0100 0
vt 1.5708 -0.0705 0
vt 0.7854 0.0100 0
vt 1.1781 -0.0705 0
vt 0.3927 0.0100 0
vt 0.7854 -0.0705 0
vt 0.0000 0.0100 0
vt 0.3927 -0.0705 0
vt 0.0000 -0.0705 0
vt 0.0100 0.0000 0
vt 0.0100 0.0035 0
vt -0.0705 0.0035 0
vt -0.0705 0.0000 0
vt 0.0705 -0.0035 0
vt 0.0705 0.0000 0
vt -0.0100 0.0000 0
vt -0.0100 -0.0035 0
vt 2.7489 0.0100 0
vt 3.1416 0.0100 0
vt 3.1416 -0.0705 0
vt 2.3562 0.0100 0
vt 2.7489 -0.0705 0
vt 1.9635 0.0100 0
vt 2.3562 -0.0705 0
vt 1.5708 0.0100 0
vt 1.9635 -0.0705 0
vt 1.5708 -0.0705 0
vt 0.0100 0.0000 0
vt 0.0100 0.0035 0
vt -0.0705 0.0035 0
vt -0.0705 0.0000 0
vt 0.0705 -0.0035 0
vt 0.0705 0.0000 0
vt -0.0100 0.0000 0
vt -0.0100 -0.0035 0
vt 4.3197 0.0100 0
vt 4.7124 0.0100 0
vt 4.7124 -0.0705 0
vt 3.9270 0.0100 0
vt 4.3197 -0.0705 0
vt 3.5343 0.0100 0
vt 3.9270 -0.0705 0
vt 3.1416 0.0100 0
vt 3.5343 -0.0705 0
vt 3.1416 -0.0705 0
vt -0.0100 0.0000 0
vt -0.0100 -0.0035 0
vt 0.0705 -0.0035 0
vt 0.0705 0.0000 0
vt -0.0100 0.0000 0
vt -0.0100 -0.0035 0
vt 0.0705 -0.0035 0
vt 0.0705 0.0000 0
vt 5.8905 0.0100 0
vt 0.0000 0.0100 0
vt 0.0000 -0.0705 0
vt 5.4978 0.0100 0
vt 5.8905 -0.0705 0
vt 5.1051 0.0100 0
vt 5.4978 -0.0705 0
vt 4.7124 0.0100 0
vt 5.1051 -0.0705 0
vt 4.7124 -0.0705 0
vt -0.0705 0.0035 0
vt -0.0705 0.0000 0
vt 0.0100 0.0000 0
vt 0.0100 0.0035 0
vt -0.0244 -0.0639 0
vt -0.0257 -0.0670 0
vt -0.0275 -0.0652 0
vt -0.0223 -0.0672 0
vt -0.0215 -0.0710 0
vt -0.0250 -0.0695 0
vt -0.0250 -0.0745 0
vt -0.0350 -0.0645 0
vt -0.0350 -0.0610 0
vt -0.0315 -0.0610 0
vt -0.0277 -0.0618 0
vt -0.0300 -0.0645 0
vt -0.0215 -0.0745 0
vt -0.0352 -0.0050 0
vt -0.0107 -0.0050 0
vt -0.0107 0.0000 0
vt -0.0352 0.0000 0
vt 2.6180 0.0352 0
vt 3.1416 0.0352 0
vt 3.1416 0.0107 0
vt 2.0944 0.0352 0
vt 2.6180 0.0107 0
vt 1.5708 0.0352 0
vt 2.0944 0.0107 0
vt 1.5708 0.0107 0
vt -0.0352 -0.0050 0
vt -0.0107 -0.0050 0
vt -0.0107 0.0000 0
vt -0.0352 0.0000 0
vt 0.0100 0.0430 0
vt -0.0705 0.0430 0
vt -0.0705 0.0215 0
vt 0.0100 0.0000 0
vt 0.0345 0.0465 0
vt 0.0100 0.0465 0
vt 0.0345 -0.0035 0
vt -0.0705 0.0000 0
vt 0.0100 -0.0035 0
vt 0.0000 -0.0050 0
vt 0.0050 -0.0050 0
vt 0.0050 -0.0004 0
vt 0.0000 0.0000 0
vt 0.0000 0.0465 0
vt 0.0000 -0.0035 0
vt 0.0050 -0.0031 0
vt 0.0050 0.0461 0
vt 0.0352 0.0050 0
vt 0.0107 0.0050 0
vt 0.0107 0.0000 0
vt 0.0352 0.0000 0
vt -0.0250 -0.0045 0
vt -0.0215 -0.0045 0
vt -0.0215 -0.0080 0
vt -0.0223 -0.0118 0
vt -0.0257 -0.0120 0
vt -0.0250 -0.0095 0
vt -0.0244 -0.0151 0
vt -0.0277 -0.0172 0
vt -0.0275 -0.0138 0
vt -0.0315 -0.0180 0
vt -0.0300 -0.0145 0
vt -0.0350 -0.0145 0
vt -0.0350 -0.0180 0
vt -0.0352 -0.0050 0
vt -0.0107 -0.0050 0
vt -0.0107 0.0000 0
vt -0.0352 0.0000 0
vt 4.1888 0.0352 0
vt 4.7124 0.0352 0
vt 4.7124 0.0107 0
vt 3.6652 0.0352 0
vt 4.1888 0.0107 0
vt 3.1416 0.0352 0
vt 3.6652 0.0107 0
vt 3.1416 0.0107 0
vt 0.0000 0.0000 0
vt 0.0000 0.0050 0
vt -0.0050 0.0046 0
vt -0.0050 0.0000 0
vt 0.0100 0.0000 0
vt 0.0100 0.0430 0
vt -0.0705 0.0215 0
vt -0.0705 0.0430 0
vt 0.0345 0.0465 0
vt 0.0100 0.0465 0
vt 0.0345 -0.0035 0
vt -0.0705 0.0000 0
vt 0.0100 -0.0035 0
vt 0.0000 0.0000 0
vt 0.0000 -0.0050 0
vt 0.0020 -0.0048 0
vt 0.0020 0.0000 0
vt 1.0472 0.0050 0
vt 1.5708 0.0050 0
vt 1.5708 0.0000 0
vt 0.0000 0.0000 0
vt 0.0000 0.0020 0
vt 0.5042 0.0020 0
vt 0.5236 0.0000 0
vt 0.5329 0.0050 0
vt 1.0472 0.0000 0
vt 0.0000 0.0000 0
vt 0.0030 0.0000 0
vt 0.0030 0.0038 0
vt 0.0000 0.0040 0
vt -0.0028 -0.0035 0
vt 0.0036 -0.0035 0
vt 0.0036 0.0009 0
vt -0.0028 0.0014 0
vt 0.0032 0.0024 0
vt 0.0021 0.0034 0
vt 0.0006 0.0039 0
vt -0.0034 0.0039 0
vt 0.0000 0.0030 0
vt 0.5236 0.0030 0
vt 0.5236 0.0000 0
vt 1.0472 0.0030 0
vt 1.0472 0.0000 0
vt 1.5708 0.0030 0
vt 1.5708 0.0000 0
vt 0.0000 0.0000 0
vt 0.0000 0.0043 0
vt 0.0000 0.0000 0
vt 0.0030 0.0003 0
vt 0.0030 0.0043 0
vt 0.0244 -0.0639 0
vt 0.0265 -0.0660 0
vt 0.0254 -0.0676 0
vt 0.0277 -0.0618 0
vt 0.0281 -0.0649 0
vt 0.0315 -0.0610 0
vt 0.0300 -0.0645 0
vt 0.0350 -0.0645 0
vt 0.0250 -0.0745 0
vt 0.0215 -0.0745 0
vt 0.0215 -0.0710 0
vt 0.0223 -0.0672 0
vt 0.0250 -0.0695 0
vt 0.0350 -0.0610 0
vt 0.0352 0.0050 0
vt 0.0107 0.0050 0
vt 0.0107 0.0000 0
vt 0.0352 0.0000 0
vt 1.5708 0.0107 0
vt 1.0472 0.0107 0
vt 1.1781 0.0352 0
vt 0.7854 0.0352 0
vt 0.7854 0.0107 0
vt 0.5236 0.0107 0
vt 0.0000 0.0107 0
vt 0.0000 0.0352 0
vt 0.3927 0.0352 0
vt 1.5708 0.0352 0
vt -0.0352 -0.0050 0
vt -0.0107 -0.0050 0
vt -0.0107 0.0000 0
vt -0.0352 0.0000 0
vt 0.0000 0.0000 0
vt 0.0000 -0.0050 0
vt 0.0050 -0.0046 0
vt 0.0050 0.0000 0
vt -0.0100 0.0000 0
vt -0.0100 -0.0430 0
vt 0.0705 -0.0215 0
vt 0.0705 -0.0430 0
vt -0.0345 -0.0465 0
vt -0.0100 -0.0465 0
vt -0.0345 0.0035 0
vt 0.0705 0.0000 0
vt -0.0100 0.0035 0
vt 0.0000 -0.0465 0
vt 0.0000 0.0035 0
vt -0.0050 0.0031 0
vt -0.0050 -0.0461 0
vt 0.0352 0.0050 0
vt 0.0107 0.0050 0
vt 0.0107 0.0000 0
vt 0.0352 0.0000 0
vt 0.0350 -0.0145 0
vt 0.0350 -0.0180 0
vt 0.0315 -0.0180 0
vt 0.0277 -0.0172 0
vt 0.0275 -0.0138 0
vt 0.0300 -0.0145 0
vt 0.0244 -0.0151 0
vt 0.0223 -0.0118 0
vt 0.0257 -0.0120 0
vt 0.0215 -0.0080 0
vt 0.0250 -0.0095 0
vt 0.0250 -0.0045 0
vt 0.0215 -0.0045 0
vt 5.7596 0.0352 0
vt 0.0000 0.0352 0
vt 0.0000 0.0107 0
vt 5.2360 0.0352 0
vt 5.7596 0.0107 0
vt 4.7124 0.0352 0
vt 5.2360 0.0107 0
vt 4.7124 0.0107 0
vt 0.0000 0.0050 0
vt -0.0050 0.0050 0
vt -0.0050 0.0004 0
vt 0.0000 0.0000 0
vt 0.0352 0.0050 0
vt 0.0107 0.0050 0
vt 0.0107 0.0000 0
vt 0.0352 0.0000 0
vt 0.0000 0.0050 0
vt -0.0020 0.0050 0
vt -0.0020 0.0002 0
vt 0.0000 0.0000 0
vt 0.0000 0.0465 0
vt 0.0020 0.0030 0
vt 0.0020 0.0400 0
vt 0.0050 0.0033 0
vt 0.0050 0.0397 0
vt 0.0000 -0.0035 0
vt 0.0020 -0.0033 0
vt 0.0020 0.0463 0
vt 1.5708 0.0050 0
vt 2.0944 0.0050 0
vt 2.0944 0.0000 0
vt 2.6087 0.0050 0
vt 2.3562 0.0000 0
vt 2.6180 0.0000 0
vt 3.1416 0.0000 0
vt 2.6374 0.0020 0
vt 3.1416 0.0020 0
vt 1.5708 0.0000 0
vt 0.0469 0.0014 0
vt 0.0424 0.0036 0
vt 0.0414 0.0030 0
vt 0.0436 0.0039 0
vt 0.0469 -0.0035 0
vt 0.0406 0.0009 0
vt 0.0475 0.0039 0
vt 0.0408 0.0020 0
vt 0.0406 -0.0035 0
vt 0.0000 0.0000 0
vt -0.0030 0.0000 0
vt -0.0030 -0.0041 0
vt 0.0000 -0.0043 0
vt 1.5708 0.0030 0
vt 1.9635 0.0030 0
vt 1.9635 0.0000 0
vt 2.3562 0.0030 0
vt 2.3562 0.0000 0
vt 2.7489 0.0030 0
vt 2.7489 0.0000 0
vt 3.1416 0.0030 0
vt 3.1416 0.0000 0
vt 1.5708 0.0000 0
vt 0.0000 0.0040 0
vt 0.0000 0.0000 0
vt 0.0030 0.0002 0
vt 0.0030 0.0040 0
vt 4.1888 0.0050 0
vt 4.7124 0.0050 0
vt 4.7124 0.0000 0
vt 3.1416 0.0000 0
vt 3.1416 0.0020 0
vt 3.6458 0.0020 0
vt 3.6652 0.0000 0
vt 3.6745 0.0050 0
vt 4.1888 0.0000 0
vt 0.0000 0.0000 0
vt 0.0000 0.0050 0
vt -0.0020 0.0048 0
vt -0.0020 0.0000 0
vt 0.0000 -0.0050 0
vt 0.0020 -0.0050 0
vt 0.0020 -0.0002 0
vt 0.0000 0.0000 0
vt 4.7124 0.0050 0
vt 5.2360 0.0050 0
vt 5.2360 0.0000 0
vt 5.7503 0.0050 0
vt 5.7596 0.0000 0
vt 0.0000 0.0000 0
vt 5.7790 0.0020 0
vt 0.0000 0.0020 0
vt 4.7124 0.0000 0
vt 0.0000 0.0000 0
vt -0.0030 0.0000 0
vt -0.0030 -0.0038 0
vt 0.0000 -0.0040 0
vt 0.0469 0.0662 0
vt 0.0406 0.0662 0
vt 0.0406 0.0619 0
vt 0.0469 0.0614 0
vt 0.0410 0.0604 0
vt 0.0421 0.0593 0
vt 0.0436 0.0589 0
vt 0.0475 0.0589 0
vt 0.0000 -0.0043 0
vt 0.0000 0.0000 0
vt -0.0030 -0.0003 0
vt -0.0030 -0.0043 0
vt 3.1416 0.0030 0
vt 3.6652 0.0030 0
vt 3.6652 0.0000 0
vt 4.1888 0.0030 0
vt 4.1888 0.0000 0
vt 4.7124 0.0030 0
vt 4.7124 0.0000 0
vt 3.1416 0.0000 0
vt 0.0000 -0.0040 0
vt 0.0000 0.0000 0
vt -0.0030 -0.0002 0
vt -0.0030 -0.0040 0
vt 0.0273 0.0253 0
vt 0.0215 -0.0272 0
vt 0.0253 -0.0272 0
vt 0.0203 -0.0275 0
vt 0.0346 0.0246 0
vt 0.0300 0.0246 0
vt 0.0300 -0.0246 0
vt 0.0192 -0.0282 0
vt -0.0182 -0.0346 0
vt 0.0185 -0.0293 0
vt 0.0346 -0.0246 0
vt 0.0182 -0.0346 0
vt 0.0182 -0.0305 0
vt -0.0346 -0.0246 0
vt -0.0300 -0.0246 0
vt -0.0300 0.0246 0
vt -0.0199 -0.0277 0
vt -0.0215 0.0272 0
vt -0.0253 0.0272 0
vt 0.0187 0.0289 0
vt 0.0182 0.0305 0
vt -0.0187 -0.0289 0
vt 0.0199 0.0277 0
vt 0.0253 0.0272 0
vt 0.0273 -0.0253 0
vt -0.0273 0.0253 0
vt -0.0273 -0.0253 0
vt -0.0253 -0.0272 0
vt -0.0346 0.0246 0
vt -0.0203 0.0275 0
vt 0.0182 0.0346 0
vt -0.0185 0.0293 0
vt -0.0192 0.0282 0
vt -0.0182 0.0346 0
vt -0.0182 0.0305 0
vt -0.0182 -0.0305 0
vt 0.0215 0.0272 0
vt -0.0215 -0.0272 0
vt -0.0028 0.0614 0
vt 0.0017 0.0591 0
vt 0.0027 0.0597 0
vt 0.0006 0.0589 0
vt -0.0028 0.0662 0
vt 0.0036 0.0619 0
vt -0.0034 0.0589 0
vt 0.0033 0.0607 0
vt 0.0036 0.0662 0
vt 4.7124 0.0030 0
vt 5.1051 0.0030 0
vt 5.1051 0.0000 0
vt 5.4978 0.0030 0
vt 5.4978 0.0000 0
vt 5.8905 0.0030 0
vt 5.8905 0.0000 0
vt 0.0000 0.0030 0
vt 0.0000 0.0000 0
vt 4.7124 0.0000 0
vt 0.0000 0.0000 0
vt 0.0030 0.0000 0
vt 0.0030 0.0041 0
vt 0.0000 0.0043 0
vt -0.0020 -0.0463 0
vt 0.0000 -0.0465 0
vt 0.0000 -0.0430 0
vt -0.0020 -0.0030 0
vt -0.0020 -0.0400 0
vt -0.0050 -0.0033 0
vt -0.0020 0.0033 0
vt 0.0000 0.0000 0
vt -0.0050 -0.0397 0
vt 0.0000 0.0035 0
vt -0.0100 -0.0430 0
vt 0.0705 -0.0430 0
vt 0.0705 -0.0215 0
vt -0.0100 0.0000 0
vt -0.0345 -0.0465 0
vt -0.0100 -0.0465 0
vt -0.0105 -0.0430 0
vt -0.0105 0.0000 0
vt -0.0345 0.0035 0
vt -0.0345 0.0000 0
vt -0.0100 0.0035 0
vt -0.0345 -0.0430 0
vt 0.0705 0.0000 0
vt 0.0430 0.0000 0
vt 0.0000 0.0000 0
vt 0.0000 -0.0020 0
vt 0.0430 -0.0020 0
vt 0.0240 0.0000 0
vt 0.0000 0.0000 0
vt 0.0000 -0.0020 0
vt 0.0240 -0.0020 0
vt 0.0240 -0.0020 0
vt 0.0240 0.0000 0
vt 0.0000 0.0000 0
vt 0.0000 -0.0020 0
vt 0.0000 0.0000 0
vt 0.0430 0.0000 0
vt 0.0430 0.0000 0
vt 0.0430 -0.0020 0
vt 0.0000 -0.0020 0
vt 0.0000 0.0000 0
vt 0.0231 -0.0035 0
vt 0.0231 -0.0035 0
vt 0.0231 -0.0465 0
vt 0.0231 -0.0465 0
vt -0.0483 0.0000 0
vt -0.0483 0.0000 0
vt -0.0483 0.0000 0
vt 0.0483 0.0240 0
vt 0.0483 0.0240 0
vt 0.0483 0.0240 0
vt -0.0119 -0.0288 0
vt -0.0100 -0.0300 0
vt -0.0108 -0.0298 0
vt -0.0114 -0.0294 0
vt 0.0120 -0.0215 0
vt 0.0120 -0.0300 0
vt -0.0120 -0.0280 0
vt -0.0120 -0.0215 0
vt 0.0000 0.0000 0
vt 0.0000 0.0000 0
vt 0.0000 -0.0220 0
vt 0.0000 -0.0220 0
vt 5.4932 -0.0002 0
vt 5.0982 -0.0002 0
vt 5.0982 -0.0002 0
vt 5.8882 -0.0002 0
vt 5.8882 -0.0002 0
vt 6.2832 -0.0002 0
vt 6.2832 -0.0002 0
vt 5.4932 -0.0002 0
vt 4.7127 -0.0002 0
vt 0.0240 -0.0600 0
vt 0.0000 -0.0600 0
vt 0.0020 -0.0600 0
vt 0.0240 -0.0600 0
vt 0.0012 -0.0598 0
vt 0.0006 -0.0594 0
vt 0.0000 -0.0580 0
vt 0.0001 -0.0588 0
vt -0.0119 0.0288 0
vt -0.0114 0.0294 0
vt -0.0108 0.0298 0
vt 0.0120 0.0215 0
vt -0.0120 0.0280 0
vt -0.0100 0.0300 0
vt -0.0120 0.0215 0
vt 0.0120 0.0300 0
vt 0.0000 0.0240 0
vt 0.0000 0.0020 0
vt 0.0000 0.0020 0
vt 0.0000 0.0240 0
vt 2.3611 -0.0005 0
vt 2.3611 -0.0005 0
vt 2.7560 -0.0005 0
vt 1.9661 -0.0005 0
vt 1.5711 -0.0005 0
vt 1.9661 -0.0005 0
vt 1.5711 -0.0005 0
vt 2.7560 -0.0005 0
vt 3.1416 -0.0005 0
vt 0.0000 0.0000 0
vt 0.0240 0.0000 0
vt 0.0020 0.0000 0
vt 0.0240 0.0000 0
vt 0.0012 -0.0002 0
vt 0.0006 -0.0006 0
vt 0.0001 -0.0012 0
vt 0.0000 -0.0020 0
vt 0.0117 0.0000 0
vt 0.0117 0.0600 0
vt 0.0000 0.0515 0
vt 0.0000 0.0085 0
vt 0.0000 0.0580 0
vt 0.0000 0.0600 0
vt 0.0000 0.0020 0
vt 0.0000 0.0000 0
vt 0.0000 0.0000 0
vt 0.0238 0.0117 0
vt 0.0090 0.0265 0
vt 0.0240 0.0000 0
vt 0.0005 0.0265 0
vt 0.0000 0.0000 0
vt 0.0005 0.0265 0
vt 0.0090 0.0265 0
vt 0.0238 0.0117 0
vt 0.0240 0.0000 0
vt 0.0030 -0.0300 0
vt 0.0115 -0.0300 0
vt 0.0115 0.0300 0
vt 0.0030 0.0300 0
vt -0.0150 0.0300 0
vt -0.0150 -0.0300 0
vt 0.0059 -0.0300 0
vt 0.0059 0.0300 0
vt -0.0227 -0.0338 0
vt -0.0130 -0.0336 0
vt -0.0130 -0.0264 0
vt -0.0033 -0.0338 0
vt -0.0033 -0.0262 0
vt -0.0227 -0.0262 0
vt -0.0242 -0.0342 0
vt -0.0018 -0.0342 0
vt -0.0018 -0.0258 0
vt -0.0265 0.0000 0
vt -0.0253 -0.0353 0
vt -0.0257 -0.0232 0
vt -0.0242 -0.0258 0
vt -0.0265 -0.0600 0
vt 0.0000 -0.0600 0
vt -0.0130 -0.0594 0
vt -0.0259 -0.0135 0
vt -0.0007 -0.0247 0
vt -0.0033 -0.0592 0
vt 0.0000 0.0000 0
vt -0.0227 -0.0008 0
vt -0.0257 -0.0038 0
vt -0.0253 -0.0247 0
vt -0.0227 -0.0592 0
vt -0.0242 -0.0012 0
vt -0.0259 -0.0465 0
vt -0.0018 -0.0588 0
vt 0.0000 -0.0600 0
vt -0.0003 -0.0368 0
vt 0.0000 -0.0085 0
vt -0.0001 -0.0135 0
vt -0.0253 -0.0023 0
vt -0.0007 -0.0353 0
vt -0.0257 -0.0562 0
vt -0.0007 -0.0577 0
vt -0.0003 -0.0562 0
vt 0.0000 -0.0515 0
vt -0.0001 -0.0465 0
vt -0.0003 -0.0232 0
vt -0.0257 -0.0368 0
vt -0.0242 -0.0588 0
vt -0.0253 -0.0577 0
vt 0.0000 0.0000 0
vt -0.0130 -0.0006 0
vt -0.0007 -0.0023 0
vt 0.0000 0.0000 0
vt -0.0033 -0.0008 0
vt -0.0003 -0.0038 0
vt -0.0018 -0.0012 0
vt 0.0000 -0.0515 0
vt 0.0000 -0.0085 0
vt 0.0000 -0.0600 0
vt 1.5905 0.0030 0
vt 1.5905 -0.0004 0
vt 2.1010 -0.0004 0
vt 2.1010 0.0030 0
vt 2.6114 -0.0004 0
vt 2.6114 0.0030 0
vt 3.1219 -0.0004 0
vt 3.1219 0.0030 0
vt -0.0097 0.0030 0
vt -0.0097 -0.0004 0
vt 0.0000 -0.0002 0
vt 0.0000 0.0030 0
vt -0.0097 0.0030 0
vt -0.0097 -0.0002 0
vt 0.0000 -0.0001 0
vt 0.0000 0.0030 0
vt 0.5302 0.0030 0
vt 0.0197 0.0030 0
vt 0.0197 -0.0004 0
vt 1.0406 0.0030 0
vt 0.5302 -0.0004 0
vt 1.5511 0.0030 0
vt 1.0406 -0.0004 0
vt 1.5511 -0.0004 0
vt 0.0000 0.0030 0
vt -0.0097 0.0030 0
vt -0.0097 -0.0004 0
vt 0.0000 -0.0005 0
vt -0.0097 0.0030 0
vt -0.0097 -0.0005 0
vt 0.0000 -0.0004 0
vt 0.0000 0.0030 0
vt 3.1613 0.0030 0
vt 3.1613 -0.0001 0
vt 3.6718 0.0000 0
vt 3.6718 0.0030 0
vt 4.1822 0.0000 0
vt 4.1822 0.0030 0
vt 4.6927 0.0000 0
vt 4.6927 0.0030 0
vt -0.0097 0.0030 0
vt -0.0097 0.0000 0
vt 0.0000 0.0000 0
vt 0.0000 0.0030 0
vt 0.0000 0.0030 0
vt -0.0097 0.0030 0
vt -0.0097 0.0000 0
vt 0.0000 0.0000 0
vt 5.2426 0.0030 0
vt 4.7321 0.0030 0
vt 4.7321 0.0000 0
vt 5.7530 0.0030 0
vt 5.2426 0.0000 0
vt 6.2635 0.0030 0
vt 5.7530 0.0000 0
vt 6.2635 -0.0001 0
vt 0.0000 0.0030 0
vt -0.0097 0.0030 0
vt -0.0097 -0.0001 0
vt 0.0000 -0.0002 0
vt 0.0000 0.0030 0
vt -0.0097 0.0030 0
vt -0.0097 -0.0002 0
vt 0.0000 -0.0004 0
vt -0.0145 0.0111 0
vt -0.0174 0.0185 0
vt -0.0185 0.0174 0
vt -0.0110 0.0146 0
vt -0.0159 0.0189 0
vt 0.0021 0.0111 0
vt 0.0050 0.0185 0
vt 0.0036 0.0189 0
vt 0.0065 0.0159 0
vt 0.0061 0.0174 0
vt -0.0062 0.0191 0
vt -0.0062 0.0159 0
vt -0.0014 0.0146 0
vt -0.0191 0.0062 0
vt -0.0158 0.0063 0
vt -0.0189 0.0159 0
vt -0.0189 -0.0036 0
vt -0.0145 0.0015 0
vt -0.0062 -0.0067 0
vt -0.0062 -0.0033 0
vt -0.0110 -0.0020 0
vt 0.0036 -0.0065 0
vt -0.0014 -0.0020 0
vt 0.0061 -0.0050 0
vt 0.0065 -0.0036 0
vt 0.0050 -0.0061 0
vt -0.0185 -0.0050 0
vt -0.0174 -0.0061 0
vt 0.0021 0.0015 0
vt 0.0067 0.0062 0
vt 0.0034 0.0063 0
vt -0.0159 -0.0065 0
vt 0.5302 0.0030 0
vt 0.0197 0.0030 0
vt 0.0197 -0.0004 0
vt 1.0406 0.0030 0
vt 0.5302 -0.0004 0
vt 1.5511 0.0030 0
vt 1.0406 -0.0004 0
vt 1.5511 -0.0004 0
vt 0.0000 0.0030 0
vt -0.0097 0.0030 0
vt -0.0097 -0.0001 0
vt 0.0000 -0.0002 0
vt 0.0000 0.0030 0
vt -0.0097 0.0030 0
vt -0.0097 -0.0002 0
vt 0.0000 -0.0004 0
vt 0.0000 0.0030 0
vt -0.0097 0.0030 0
vt -0.0097 -0.0004 0
vt 0.0000 -0.0005 0
vt -0.0097 0.0030 0
vt -0.0097 -0.0005 0
vt 0.0000 -0.0004 0
vt 0.0000 0.0030 0
vt 1.5905 0.0030 0
vt 1.5905 -0.0004 0
vt 2.1010 -0.0004 0
vt 2.1010 0.0030 0
vt 2.6114 -0.0004 0
vt 2.6114 0.0030 0
vt 3.1219 -0.0004 0
vt 3.1219 0.0030 0
vt -0.0097 0.0030 0
vt -0.0097 -0.0004 0
vt 0.0000 -0.0002 0
vt 0.0000 0.0030 0
vt -0.0097 0.0030 0
vt -0.0097 -0.0002 0
vt 0.0000 -0.0001 0
vt 0.0000 0.0030 0
vt 3.1613 0.0030 0
vt 3.1613 -0.0001 0
vt 3.6718 0.0000 0
vt 3.6718 0.0030 0
vt 4.1822 0.0000 0
vt 4.1822 0.0030 0
vt 4.6927 0.0000 0
vt 4.6927 0.0030 0
vt -0.0097 0.0030 0
vt -0.0097 0.0000 0
vt 0.0000 0.0000 0
vt 0.0000 0.0030 0
vt 0.0000 0.0030 0
vt -0.0097 0.0030 0
vt -0.0097 0.0000 0
vt 0.0000 0.0000 0
vt 5.2426 0.0030 0
vt 4.7321 0.0030 0
vt 4.7321 0.0000 0
vt 5.7530 0.0030 0
vt 5.2426 0.0000 0
vt 6.2635 0.0030 0
vt 5.7530 0.0000 0
vt 6.2635 -0.0001 0
vt -0.0014 0.0146 0
vt 0.0061 0.0174 0
vt 0.0050 0.0185 0
vt 0.0021 0.0111 0
vt 0.0065 0.0159 0
vt -0.0062 0.0191 0
vt -0.0062 0.0159 0
vt -0.0159 0.0189 0
vt -0.0110 0.0146 0
vt -0.0185 0.0174 0
vt -0.0189 0.0159 0
vt -0.0174 0.0185 0
vt 0.0036 0.0189 0
vt -0.0191 0.0062 0
vt -0.0158 0.0063 0
vt -0.0145 0.0111 0
vt -0.0189 -0.0036 0
vt -0.0145 0.0015 0
vt -0.0062 -0.0067 0
vt -0.0062 -0.0033 0
vt -0.0110 -0.0020 0
vt 0.0036 -0.0065 0
vt -0.0014 -0.0020 0
vt 0.0061 -0.0050 0
vt 0.0065 -0.0036 0
vt 0.0050 -0.0061 0
vt 0.0067 0.0062 0
vt -0.0185 -0.0050 0
vt -0.0174 -0.0061 0
vt 0.0021 0.0015 0
vt 0.0034 0.0063 0
vt -0.0159 -0.0065 0
vt 0.0000 0.0629 0
vt 0.0000 0.0271 0
vt 0.5236 0.0271 0
vt 0.5236 0.0629 0
vt 1.0472 0.0271 0
vt 1.0472 0.0629 0
vt 1.5708 0.0271 0
vt 2.6180 0.0629 0
vt 2.6180 0.0271 0
vt 3.1416 0.0271 0
vt 3.1416 0.0629 0
vt 3.6652 0.0271 0
vt 3.6652 0.0629 0
vt 4.1888 0.0271 0
vt 4.1888 0.0629 0
vt 4.7124 0.0271 0
vt 4.7124 0.0629 0
vt 5.2360 0.0271 0
vt 5.2360 0.0629 0
vt 5.7596 0.0271 0
vt 5.7596 0.0629 0
vt 2.0944 0.0629 0
vt 1.5708 0.0629 0
vt 1.7049 0.0427 0
vt 1.7049 0.0377 0
vt 2.0944 0.0271 0
vt 2.0944 0.0377 0
vt 2.1194 0.0377 0
vt 2.1194 0.0427 0
vt 2.0944 0.0427 0
vt 1.6138 0.0050 0
vt 1.6138 0.0000 0
vt 1.9341 0.0000 0
vt 1.9341 0.0050 0
vt 0.0050 0.0000 0
vt 0.0000 0.0000 0
vt 0.0000 -0.0006 0
vt 0.0050 -0.0006 0
vt 0.0050 -0.0001 0
vt 0.0013 0.0006 0
vt 0.0048 -0.0006 0
vt 0.0050 -0.0007 0
vt -0.0037 -0.0003 0
vt -0.0037 -0.0009 0
vt -0.0035 -0.0008 0
vt 0.0000 0.0004 0
vt 0.0000 -0.0185 0
vt 0.0048 -0.0172 0
vt 0.0043 -0.0163 0
vt 0.0083 -0.0137 0
vt 0.0074 -0.0132 0
vt -0.0083 -0.0041 0
vt -0.0074 -0.0047 0
vt -0.0043 -0.0016 0
vt -0.0096 -0.0089 0
vt -0.0085 -0.0090 0
vt -0.0083 -0.0137 0
vt -0.0074 -0.0132 0
vt -0.0048 -0.0172 0
vt -0.0042 -0.0163 0
vt 0.0000 -0.0175 0
vt 0.0096 -0.0089 0
vt 0.0083 -0.0041 0
vt 0.0074 -0.0047 0
vt 0.0048 -0.0006 0
vt 0.0043 -0.0016 0
vt 0.0000 0.0007 0
vt 0.0000 -0.0004 0
vt -0.0048 -0.0006 0
vt 0.0085 -0.0089 0
vt 0.0000 0.0013 0
vt 0.0000 -0.0013 0
vt 6.8068 -0.0013 0
vt 6.8068 0.0013 0
vt 7.3304 -0.0013 0
vt 7.3304 0.0013 0
vt 1.5708 -0.0013 0
vt 1.5708 0.0013 0
vt 2.0944 -0.0013 0
vt 2.0944 0.0013 0
vt 2.6180 -0.0013 0
vt 2.6180 0.0013 0
vt 3.1416 -0.0013 0
vt 3.1416 0.0013 0
vt 3.6652 -0.0013 0
vt 3.6652 0.0013 0
vt 4.1888 -0.0013 0
vt 4.1888 0.0013 0
vt 4.7124 -0.0013 0
vt 4.7124 0.0013 0
vt 5.2360 -0.0013 0
vt 5.2360 0.0013 0
vt 5.7596 -0.0013 0
vt 5.7596 0.0013 0
vt -0.0047 -0.0008 0
vt -0.0081 -0.0043 0
vt -0.0074 -0.0047 0
vt -0.0094 -0.0089 0
vt -0.0085 -0.0089 0
vt -0.0081 -0.0137 0
vt -0.0047 -0.0171 0
vt -0.0043 -0.0163 0
vt 0.0000 -0.0184 0
vt 0.0000 -0.0175 0
vt 0.0081 -0.0043 0
vt 0.0074 -0.0047 0
vt 0.0085 -0.0090 0
vt 0.0047 -0.0008 0
vt 0.0043 -0.0016 0
vt 0.0000 0.0004 0
vt 0.0000 -0.0004 0
vt -0.0043 -0.0016 0
vt -0.0074 -0.0132 0
vt 0.0047 -0.0171 0
vt 0.0042 -0.0163 0
vt 0.0081 -0.0137 0
vt 0.0074 -0.0132 0
vt 0.0094 -0.0090 0
vt 0.0000 0.0049 0
vt 6.2832 -0.0059 0
vt 6.8068 -0.0059 0
vt 6.8068 0.0049 0
vt 1.0472 -0.0059 0
vt 1.0472 0.0049 0
vt 1.5708 -0.0059 0
vt 1.5708 0.0049 0
vt 2.0944 -0.0059 0
vt 2.0944 0.0049 0
vt 2.6180 -0.0059 0
vt 2.6180 0.0049 0
vt 3.1416 -0.0059 0
vt 3.1416 0.0049 0
vt 3.6652 -0.0059 0
vt 3.6652 0.0049 0
vt 4.1888 -0.0059 0
vt 4.1888 0.0049 0
vt 4.7124 -0.0059 0
vt 4.7124 0.0049 0
vt 5.2360 -0.0059 0
vt 5.2360 0.0049 0
vt 5.7596 -0.0059 0
vt 5.7596 0.0049 0
vt 0.0047 0.0008 0
vt 0.0031 -0.0019 0
vt 0.0054 -0.0042 0
vt 0.0000 0.0021 0
vt 0.0000 -0.0011 0
vt -0.0047 0.0008 0
vt -0.0031 -0.0019 0
vt -0.0081 -0.0026 0
vt -0.0054 -0.0042 0
vt -0.0094 -0.0073 0
vt -0.0063 -0.0073 0
vt -0.0081 -0.0120 0
vt -0.0054 -0.0105 0
vt 0.0000 -0.0167 0
vt 0.0000 -0.0136 0
vt -0.0031 -0.0127 0
vt 0.0047 -0.0155 0
vt 0.0031 -0.0127 0
vt 0.0081 -0.0026 0
vt 0.0063 -0.0073 0
vt 0.0081 -0.0120 0
vt 0.0054 -0.0105 0
vt -0.0047 -0.0155 0
vt 0.0094 -0.0073 0
vt -0.5236 0.0103 0
vt 0.0000 0.0103 0
vt 0.0000 -0.0004 0
vt -1.0472 0.0103 0
vt 5.7596 -0.0004 0
vt 4.7124 0.0103 0
vt 5.2360 -0.0004 0
vt 4.1888 0.0103 0
vt 4.7124 -0.0004 0
vt 3.6652 0.0103 0
vt 4.1888 -0.0004 0
vt 3.1416 0.0103 0
vt 3.6652 -0.0004 0
vt 2.6180 0.0103 0
vt 3.1416 -0.0004 0
vt 2.0944 0.0103 0
vt 2.6180 -0.0004 0
vt 1.5708 0.0103 0
vt 2.0944 -0.0004 0
vt 1.0472 0.0103 0
vt 1.5708 -0.0004 0
vt 0.5236 0.0103 0
vt 1.0472 -0.0004 0
vt 0.5236 -0.0004 0
vt 0.0070 0.0000 0
vt 0.0061 0.0035 0
vt 0.0054 0.0031 0
vt 0.0035 0.0061 0
vt 0.0031 0.0054 0
vt 0.0000 0.0070 0
vt 0.0000 0.0063 0
vt -0.0035 0.0061 0
vt -0.0031 0.0054 0
vt -0.0061 0.0035 0
vt -0.0054 0.0031 0
vt -0.0070 0.0000 0
vt -0.0062 0.0000 0
vt -0.0061 -0.0035 0
vt -0.0054 -0.0031 0
vt -0.0035 -0.0061 0
vt -0.0031 -0.0054 0
vt 0.0000 -0.0070 0
vt 0.0000 -0.0063 0
vt 0.0035 -0.0061 0
vt 0.0031 -0.0054 0
vt 0.0061 -0.0035 0
vt 0.0054 -0.0031 0
vt 0.0063 0.0000 0
vt -0.5236 0.0027 0
vt 0.0000 0.0027 0
vt 0.0000 0.0002 0
vt 5.2360 0.0027 0
vt -0.5236 0.0002 0
vt 4.7124 0.0027 0
vt 5.2360 0.0002 0
vt 4.1888 0.0027 0
vt 4.7124 0.0002 0
vt 3.6652 0.0027 0
vt 4.1888 0.0002 0
vt 3.1416 0.0027 0
vt 3.6652 0.0002 0
vt 2.6180 0.0027 0
vt 3.1416 0.0002 0
vt 2.0944 0.0027 0
vt 2.6180 0.0002 0
vt 1.5708 0.0027 0
vt 2.0944 0.0002 0
vt 1.0472 0.0027 0
vt 1.5708 0.0002 0
vt 0.5236 0.0027 0
vt 1.0472 0.0002 0
vt 0.5236 0.0002 0
vt -0.0330 -0.0090 0
vt -0.0269 -0.0055 0
vt -0.0295 -0.0029 0
vt -0.0330 -0.0020 0
vt -0.0365 -0.0029 0
vt -0.0391 -0.0055 0
vt -0.0400 -0.0090 0
vt -0.0391 -0.0125 0
vt -0.0365 -0.0150 0
vt -0.0330 -0.0160 0
vt -0.0295 -0.0150 0
vt -0.0269 -0.0125 0
vt -0.0260 -0.0090 0
vt 0.0000 0.0629 0
vt 0.0000 0.0271 0
vt 0.5236 0.0271 0
vt 0.5236 0.0629 0
vt 1.0472 0.0271 0
vt 1.0472 0.0629 0
vt 1.5708 0.0271 0
vt 2.6180 0.0629 0
vt 2.6180 0.0271 0
vt 3.1416 0.0271 0
vt 3.1416 0.0629 0
vt 3.6652 0.0271 0
vt 3.6652 0.0629 0
vt 4.1888 0.0271 0
vt 4.1888 0.0629 0
vt 4.7124 0.0271 0
vt 4.7124 0.0629 0
vt 5.2360 0.0271 0
vt 5.2360 0.0629 0
vt 5.7596 0.0271 0
vt 5.7596 0.0629 0
vt 2.0944 0.0629 0
vt 1.5708 0.0629 0
vt 1.7049 0.0427 0
vt 1.7049 0.0377 0
vt 2.0944 0.0271 0
vt 2.0944 0.0377 0
vt 2.1194 0.0377 0
vt 2.1194 0.0427 0
vt 2.0944 0.0427 0
vt 1.6138 0.0050 0
vt 1.6138 0.0000 0
vt 1.9341 0.0000 0
vt 1.9341 0.0050 0
vt 0.0050 0.0000 0
vt 0.0000 0.0000 0
vt 0.0000 -0.0006 0
vt 0.0050 -0.0006 0
vt 0.0050 -0.0001 0
vt 0.0013 0.0006 0
vt 0.0048 -0.0006 0
vt 0.0050 -0.0007 0
vt -0.0037 -0.0003 0
vt -0.0037 -0.0009 0
vt -0.0035 -0.0008 0
vt 0.0000 0.0004 0
vt -0.0083 -0.0041 0
vt -0.0074 -0.0047 0
vt -0.0043 -0.0016 0
vt -0.0096 -0.0089 0
vt -0.0085 -0.0090 0
vt -0.0083 -0.0137 0
vt -0.0074 -0.0132 0
vt -0.0048 -0.0172 0
vt -0.0042 -0.0163 0
vt 0.0000 -0.0185 0
vt 0.0048 -0.0172 0
vt 0.0043 -0.0163 0
vt 0.0083 -0.0137 0
vt 0.0074 -0.0132 0
vt 0.0048 -0.0006 0
vt 0.0000 0.0007 0
vt 0.0000 -0.0004 0
vt -0.0048 -0.0006 0
vt 0.0000 -0.0175 0
vt 0.0096 -0.0089 0
vt 0.0085 -0.0089 0
vt 0.0083 -0.0041 0
vt 0.0074 -0.0047 0
vt 0.0043 -0.0016 0
vt 0.0000 0.0013 0
vt 0.0000 -0.0013 0
vt 6.8068 -0.0013 0
vt 6.8068 0.0013 0
vt 7.3304 -0.0013 0
vt 7.3304 0.0013 0
vt 1.5708 -0.0013 0
vt 1.5708 0.0013 0
vt 2.0944 -0.0013 0
vt 2.0944 0.0013 0
vt 2.6180 -0.0013 0
vt 2.6180 0.0013 0
vt 3.1416 -0.0013 0
vt 3.1416 0.0013 0
vt 3.6652 -0.0013 0
vt 3.6652 0.0013 0
vt 4.1888 -0.0013 0
vt 4.1888 0.0013 0
vt 4.7124 -0.0013 0
vt 4.7124 0.0013 0
vt 5.2360 -0.0013 0
vt 5.2360 0.0013 0
vt 5.7596 -0.0013 0
vt 5.7596 0.0013 0
vt -0.0081 -0.0043 0
vt -0.0094 -0.0089 0
vt -0.0085 -0.0089 0
vt -0.0081 -0.0137 0
vt -0.0074 -0.0132 0
vt -0.0047 -0.0171 0
vt -0.0043 -0.0163 0
vt 0.0000 -0.0184 0
vt 0.0000 -0.0175 0
vt -0.0047 -0.0008 0
vt -0.0074 -0.0047 0
vt 0.0047 -0.0171 0
vt 0.0042 -0.0163 0
vt 0.0081 -0.0043 0
vt 0.0074 -0.0047 0
vt 0.0085 -0.0090 0
vt 0.0047 -0.0008 0
vt 0.0043 -0.0016 0
vt 0.0000 0.0004 0
vt 0.0000 -0.0004 0
vt -0.0043 -0.0016 0
vt 0.0081 -0.0137 0
vt 0.0074 -0.0132 0
vt 0.0094 -0.0090 0
vt 0.0000 0.0049 0
vt 6.2832 -0.0059 0
vt 6.8068 -0.0059 0
vt 6.8068 0.0049 0
vt 1.0472 -0.0059 0
vt 1.0472 0.0049 0
vt 1.5708 -0.0059 0
vt 1.5708 0.0049 0
vt 2.0944 -0.0059 0
vt 2.0944 0.0049 0
vt 2.6180 -0.0059 0
vt 2.6180 0.0049 0
vt 3.1416 -0.0059 0
vt 3.1416 0.0049 0
vt 3.6652 -0.0059 0
vt 3.6652 0.0049 0
vt 4.1888 -0.0059 0
vt 4.1888 0.0049 0
vt 4.7124 -0.0059 0
vt 4.7124 0.0049 0
vt 5.2360 -0.0059 0
vt 5.2360 0.0049 0
vt 5.7596 -0.0059 0
vt 5.7596 0.0049 0
vt 0.0047 0.0008 0
vt 0.0031 -0.0019 0
vt 0.0054 -0.0042 0
vt 0.0000 0.0021 0
vt 0.0000 -0.0011 0
vt -0.0047 0.0008 0
vt -0.0031 -0.0019 0
vt -0.0081 -0.0026 0
vt -0.0054 -0.0042 0
vt -0.0094 -0.0073 0
vt -0.0063 -0.0073 0
vt -0.0081 -0.0120 0
vt -0.0054 -0.0105 0
vt -0.0047 -0.0155 0
vt -0.0031 -0.0127 0
vt 0.0000 -0.0167 0
vt 0.0000 -0.0136 0
vt 0.0047 -0.0155 0
vt 0.0031 -0.0127 0
vt 0.0081 -0.0120 0
vt 0.0054 -0.0105 0
vt 0.0094 -0.0073 0
vt 0.0063 -0.0073 0
vt 0.0081 -0.0026 0
vt -0.5236 0.0103 0
vt 0.0000 0.0103 0
vt 0.0000 -0.0004 0
vt -1.0472 0.0103 0
vt 5.7596 -0.0004 0
vt 4.7124 0.0103 0
vt 5.2360 -0.0004 0
vt 4.1888 0.0103 0
vt 4.7124 -0.0004 0
vt 3.6652 0.0103 0
vt 4.1888 -0.0004 0
vt 3.1416 0.0103 0
vt 3.6652 -0.0004 0
vt 2.6180 0.0103 0
vt 3.1416 -0.0004 0
vt 2.0944 0.0103 0
vt 2.6180 -0.0004 0
vt 1.5708 0.0103 0
vt 2.0944 -0.0004 0
vt 1.0472 0.0103 0
vt 1.5708 -0.0004 0
vt 0.5236 0.0103 0
vt 1.0472 -0.0004 0
vt 0.5236 -0.0004 0
vt 0.0061 0.0035 0
vt 0.0035 0.0061 0
vt 0.0031 0.0054 0
vt 0.0000 0.0070 0
vt 0.0000 0.0063 0
vt -0.0035 0.0061 0
vt -0.0031 0.0054 0
vt -0.0061 0.0035 0
vt -0.0054 0.0031 0
vt -0.0070 0.0000 0
vt -0.0062 0.0000 0
vt -0.0061 -0.0035 0
vt -0.0054 -0.0031 0
vt 0.0070 0.0000 0
vt 0.0054 0.0031 0
vt -0.0035 -0.0061 0
vt -0.0031 -0.0054 0
vt 0.0000 -0.0070 0
vt 0.0000 -0.0063 0
vt 0.0035 -0.0061 0
vt 0.0031 -0.0054 0
vt 0.0061 -0.0035 0
vt 0.0054 -0.0031 0
vt 0.0063 0.0000 0
vt -0.5236 0.0027 0
vt 0.0000 0.0027 0
vt 0.0000 0.0002 0
vt 5.2360 0.0027 0
vt -0.5236 0.0002 0
vt 4.7124 0.0027 0
vt 5.2360 0.0002 0
vt 4.1888 0.0027 0
vt 4.7124 0.0002 0
vt 3.6652 0.0027 0
vt 4.1888 0.0002 0
vt 3.1416 0.0027 0
vt 3.6652 0.0002 0
vt 2.6180 0.0027 0
vt 3.1416 0.0002 0
vt 2.0944 0.0027 0
vt 2.6180 0.0002 0
vt 1.5708 0.0027 0
vt 2.0944 0.0002 0
vt 1.0472 0.0027 0
vt 1.5708 0.0002 0
vt 0.5236 0.0027 0
vt 1.0472 0.0002 0
vt 0.5236 0.0002 0
vt 0.0000 -0.0090 0
vt 0.0061 -0.0055 0
vt 0.0035 -0.0029 0
vt 0.0000 -0.0020 0
vt -0.0035 -0.0029 0
vt -0.0061 -0.0055 0
vt -0.0070 -0.0090 0
vt -0.0061 -0.0125 0
vt -0.0035 -0.0150 0
vt 0.0000 -0.0160 0
vt 0.0035 -0.0150 0
vt 0.0061 -0.0125 0
vt 0.0070 -0.0090 0
f 1101/1101/1101 1098/1098/1098 1097/1097/1097
f 1078/1078/1078 1076/1076/1076 1077/1077/1077
f 1080/1080/1080 1076/1076/1076 1079/1079/1079
f 1083/1083/1083 1081/1081/1081 1082/1082/1082
f 1085/1085/1085 1081/1081/1081 1084/1084/1084
f 1088/1088/1088 1086/1086/1086 1087/1087/1087
f 1079/1079/1079 1086/1086/1086 1080/1080/1080
f 1076/1076/1076 1080/1080/1080 1077/1077/1077
f 1076/1076/1076 1089/1089/1089 1090/1090/1090
f 1081/1081/1081 1085/1085/1085 1082/1082/1082
f 1086/1086/1086 1079/1079/1079 1087/1087/1087
f 1089/1089/1089 1076/1076/1076 1091/1091/1091
f 1093/1093/1093 1089/1089/1089 1092/1092/1092
f 1096/1096/1096 1094/1094/1094 1095/1095/1095
f 1098/1098/1098 1094/1094/1094 1097/1097/1097
f 1100/1100/1100 1098/1098/1098 1099/1099/1099
f 1105/1105/1105 1081/1081/1081 1106/1106/1106
f 1086/1086/1086 1088/1088/1088 1083/1083/1083
f 1089/1089/1089 1093/1093/1093 1090/1090/1090
f 1103/1103/1103 1096/1096/1096 1102/1102/1102
f 1092/1092/1092 1096/1096/1096 1093/1093/1093
f 1094/1094/1094 1098/1098/1098 1095/1095/1095
f 1098/1098/1098 1101/1101/1101 1099/1099/1099
f 1076/1076/1076 1078/1078/1078 1091/1091/1091
f 1096/1096/1096 1092/1092/1092 1102/1102/1102
f 1098/1098/1098 1100/1100/1100 1104/1104/1104
f 1104/1104/1104 1105/1105/1105 1106/1106/1106
f 1096/1096/1096 1103/1103/1103 1107/1107/1107
f 1105/1105/1105 1104/1104/1104 1100/1100/1100
f 1081/1081/1081 1105/1105/1105 1084/1084/1084
f 1094/1094/1094 1096/1096/1096 1107/1107/1107
f 1081/1081/1081 1083/1083/1083 1088/1088/1088
f 1198/1198/1198 1175/1175/1175 1202/1202/1202
f 1174/1174/1174 1172/1172/1172 1173/1173/1173
f 1176/1176/1176 1172/1172/1172 1175/1175/1175
f 1172/1172/1172 1177/1177/1177 1178/1178/1178
f 1180/1180/1180 1177/1177/1177 1179/1179/1179
f 1172/1172/1172 1176/1176/1176 1173/1173/1173
f 1177/1177/1177 1180/1180/1180 1178/1178/1178
f 1182/1182/1182 1180/1180/1180 1181/1181/1181
f 1183/1183/1183 1180/1180/1180 1179/1179/1179
f 1177/1177/1177 1172/1172/1172 1184/1184/1184
f 1180/1180/1180 1183/1183/1183 1181/1181/1181
f 1187/1187/1187 1185/1185/1185 1186/1186/1186
f 1189/1189/1189 1185/1185/1185 1188/1188/1188
f 1180/1180/1180 1182/1182/1182 1187/1187/1187
f 1185/1185/1185 1189/1189/1189 1186/1186/1186
f 1192/1192/1192 1190/1190/1190 1191/1191/1191
f 1194/1194/1194 1190/1190/1190 1193/1193/1193
f 1196/1196/1196 1194/1194/1194 1195/1195/1195
f 1197/1197/1197 1194/1194/1194 1193/1193/1193
f 1175/1175/1175 1198/1198/1198 1176/1176/1176
f 1185/1185/1185 1187/1187/1187 1182/1182/1182
f 1200/1200/1200 1192/1192/1192 1199/1199/1199
f 1188/1188/1188 1192/1192/1192 1189/1189/1189
f 1190/1190/1190 1194/1194/1194 1191/1191/1191
f 1194/1194/1194 1197/1197/1197 1195/1195/1195
f 1172/1172/1172 1174/1174/1174 1184/1184/1184
f 1192/1192/1192 1188/1188/1188 1199/1199/1199
f 1194/1194/1194 1196/1196/1196 1201/1201/1201
f 1201/1201/1201 1198/1198/1198 1202/1202/1202
f 1192/1192/1192 1200/1200/1200 1203/1203/1203
f 1198/1198/1198 1201/1201/1201 1196/1196/1196
f 1190/1190/1190 1192/1192/1192 1203/1203/1203
f 893/893/893 892/892/892 891/891/891
f 892/892/892 893/893/893 894/894/894
f 888/888/888 891/891/891 892/892/892
f 891/891/891 888/888/888 895/895/895
f 888/888/888 890/890/890 895/895/895
f 896/896/896 890/890/890 889/889/889
f 890/890/890 888/888/888 889/889/889
f 925/925/925 924/924/924 919/919/919
f 922/922/922 921/921/921 920/920/920
f 917/917/917 920/920/920 918/918/918
f 919/919/919 917/917/917 918/918/918
f 920/920/920 917/917/917 922/922/922
f 917/917/917 919/919/919 924/924/924
f 921/921/921 922/922/922 923/923/923
f 886/886/886 884/884/884 885/885/885
f 884/884/884 886/886/886 887/887/887
f 913/913/913 915/915/915 916/916/916
f 915/915/915 913/913/913 914/914/914
f 1012/1012/1012 1014/1014/1014 1015/1015/1015
f 1015/1015/1015 1016/1016/1016 1017/1017/1017
f 1017/1017/1017 1018/1018/1018 1019/1019/1019
f 1016/1016/1016 1015/1015/1015 1014/1014/1014
f 1014/1014/1014 1012/1012/1012 1013/1013/1013
f 1018/1018/1018 1017/1017/1017 1016/1016/1016
f 1022/1022/1022 1020/1020/1020 1021/1021/1021
f 1020/1020/1020 1022/1022/1022 1023/1023/1023
f 1024/1024/1024 1026/1026/1026 1027/1027/1027
f 1026/1026/1026 1024/1024/1024 1025/1025/1025
f 1112/1112/1112 1111/1111/1111 1108/1108/1108
f 1114/1114/1114 1113/1113/1113 1111/1111/1111
f 1111/1111/1111 1112/1112/1112 1114/1114/1114
f 1110/1110/1110 1108/1108/1108 1109/1109/1109
f 1113/1113/1113 1114/1114/1114 1115/1115/1115
f 1108/1108/1108 1110/1110/1110 1112/1112/1112
f 1118/1118/1118 1116/1116/1116 1117/1117/1117
f 1116/1116/1116 1118/1118/1118 1119/1119/1119
f 1120/1120/1120 1122/1122/1122 1123/1123/1123
f 1122/1122/1122 1120/1120/1120 1121/1121/1121
f 802/802/802 804/804/804 809/809/809
f 807/807/807 802/802/802 809/809/809
f 806/806/806 807/807/807 810/810/810
f 805/805/805 802/802/802 808/808/808
f 807/807/807 806/806/806 802/802/802
f 803/803/803 802/802/802 805/805/805
f 804/804/804 802/802/802 803/803/803
f 564/564/564 562/562/562 563/563/563
f 559/559/559 561/561/561 562/562/562
f 562/562/562 564/564/564 565/565/565
f 562/562/562 565/565/565 566/566/566
f 562/562/562 561/561/561 563/563/563
f 561/561/561 559/559/559 560/560/560
f 683/683/683 685/685/685 690/690/690
f 687/687/687 688/688/688 691/691/691
f 688/688/688 683/683/683 690/690/690
f 686/686/686 683/683/683 689/689/689
f 688/688/688 687/687/687 683/683/683
f 684/684/684 683/683/683 686/686/686
f 685/685/685 683/683/683 684/684/684
f 743/743/743 746/746/746 747/747/747
f 743/743/743 745/745/745 746/746/746
f 740/740/740 742/742/742 743/743/743
f 745/745/745 743/743/743 744/744/744
f 742/742/742 740/740/740 741/741/741
f 743/743/743 742/742/742 744/744/744
f 850/850/850 848/848/848 849/849/849
f 848/848/848 850/850/850 851/851/851
f 457/457/457 459/459/459 455/455/455
f 455/455/455 454/454/454 457/457/457
f 461/461/461 463/463/463 465/465/465
f 464/464/464 465/465/465 463/463/463
f 460/460/460 458/458/458 466/466/466
f 454/454/454 456/456/456 464/464/464
f 465/465/465 464/464/464 456/456/456
f 458/458/458 460/460/460 459/459/459
f 463/463/463 461/461/461 462/462/462
f 456/456/456 454/454/454 455/455/455
f 459/459/459 457/457/457 458/458/458
f 581/581/581 579/579/579 580/580/580
f 579/579/579 581/581/581 590/590/590
f 582/582/582 585/585/585 583/583/583
f 590/590/590 591/591/591 589/589/589
f 586/586/586 584/584/584 592/592/592
f 579/579/579 583/583/583 580/580/580
f 591/591/591 590/590/590 581/581/581
f 589/589/589 587/587/587 588/588/588
f 584/584/584 586/586/586 585/585/585
f 585/585/585 582/582/582 584/584/584
f 583/583/583 579/579/579 582/582/582
f 587/587/587 589/589/589 591/591/591
f 637/637/637 635/635/635 636/636/636
f 640/640/640 638/638/638 639/639/639
f 632/632/632 634/634/634 637/637/637
f 639/639/639 642/642/642 640/640/640
f 643/643/643 641/641/641 644/644/644
f 638/638/638 640/640/640 636/636/636
f 641/641/641 643/643/643 642/642/642
f 642/642/642 639/639/639 641/641/641
f 638/638/638 636/636/636 635/635/635
f 635/635/635 637/637/637 634/634/634
f 634/634/634 632/632/632 633/633/633
f 360/360/360 371/371/371 372/372/372
f 370/370/370 368/368/368 369/369/369
f 367/367/367 365/365/365 366/366/366
f 364/364/364 361/361/361 363/363/363
f 334/334/334 349/349/349 340/340/340
f 347/347/347 359/359/359 337/337/337
f 349/349/349 334/334/334 358/358/358
f 361/361/361 364/364/364 362/362/362
f 374/374/374 373/373/373 367/367/367
f 366/366/366 365/365/365 375/375/375
f 375/375/375 368/368/368 376/376/376
f 362/362/362 360/360/360 361/361/361
f 380/380/380 378/378/378 379/379/379
f 347/347/347 339/339/339 355/355/355
f 349/349/349 357/357/357 350/350/350
f 352/352/352 354/354/354 346/346/346
f 357/357/357 349/349/349 344/344/344
f 340/340/340 356/356/356 341/341/341
f 353/353/353 355/355/355 354/354/354
f 346/346/346 345/345/345 352/352/352
f 379/379/379 372/372/372 371/371/371
f 364/364/364 363/363/363 373/373/373
f 365/365/365 367/367/367 373/373/373
f 368/368/368 377/377/377 376/376/376
f 378/378/378 380/380/380 369/369/369
f 360/360/360 362/362/362 371/371/371
f 340/340/340 350/350/350 356/356/356
f 337/337/337 348/348/348 338/338/338
f 355/355/355 353/353/353 347/347/347
f 354/354/354 352/352/352 353/353/353
f 345/345/345 343/343/343 342/342/342
f 351/351/351 344/344/344 349/349/349
f 350/350/350 340/340/340 349/349/349
f 337/337/337 341/341/341 348/348/348
f 337/337/337 339/339/339 347/347/347
f 343/343/343 345/345/345 346/346/346
f 344/344/344 342/342/342 343/343/343
f 342/342/342 344/344/344 351/351/351
f 368/368/368 370/370/370 377/377/377
f 341/341/341 337/337/337 340/340/340
f 339/339/339 337/337/337 338/338/338
f 368/368/368 375/375/375 365/365/365
f 372/372/372 379/379/379 378/378/378
f 373/373/373 312/312/312 365/365/365
f 369/369/369 380/380/380 370/370/370
f 373/373/373 374/374/374 364/364/364
f 369/369/369 359/359/359 381/381/381
f 359/359/359 369/369/369 368/368/368
f 312/312/312 373/373/373 313/313/313
f 359/359/359 347/347/347 381/381/381
f 334/334/334 320/320/320 358/358/358
f 311/311/311 309/309/309 336/336/336
f 328/328/328 325/325/325 329/329/329
f 317/317/317 319/319/319 324/324/324
f 325/325/325 330/330/330 329/329/329
f 331/331/331 326/326/326 322/322/322
f 325/325/325 328/328/328 320/320/320
f 321/321/321 320/320/320 328/328/328
f 323/323/323 324/324/324 314/314/314
f 327/327/327 325/325/325 326/326/326
f 318/318/318 321/321/321 319/319/319
f 324/324/324 323/323/323 317/317/317
f 315/315/315 314/314/314 322/322/322
f 321/321/321 318/318/318 320/320/320
f 319/319/319 317/317/317 318/318/318
f 316/316/316 314/314/314 315/315/315
f 312/312/312 293/293/293 291/291/291
f 293/293/293 312/312/312 313/313/313
f 290/290/290 295/295/295 302/302/302
f 299/299/299 301/301/301 305/305/305
f 309/309/309 311/311/311 290/290/290
f 307/307/307 310/310/310 308/308/308
f 306/306/306 298/298/298 297/297/297
f 309/309/309 303/303/303 310/310/310
f 300/300/300 308/308/308 301/301/301
f 298/298/298 306/306/306 305/305/305
f 291/291/291 294/294/294 304/304/304
f 290/290/290 303/303/303 309/309/309
f 310/310/310 307/307/307 309/309/309
f 308/308/308 300/300/300 307/307/307
f 299/299/299 305/305/305 306/306/306
f 297/297/297 296/296/296 293/293/293
f 292/292/292 291/291/291 304/304/304
f 303/303/303 290/290/290 302/302/302
f 301/301/301 299/299/299 300/300/300
f 296/296/296 297/297/297 298/298/298
f 294/294/294 293/293/293 296/296/296
f 290/290/290 292/292/292 295/295/295
f 294/294/294 291/291/291 293/293/293
f 331/331/331 322/322/322 332/332/332
f 333/333/333 322/322/322 314/314/314
f 320/320/320 334/334/334 325/325/325
f 327/327/327 326/326/326 335/335/335
f 322/322/322 333/333/333 332/332/332
f 322/322/322 311/311/311 336/336/336
f 314/314/314 316/316/316 323/323/323
f 311/311/311 322/322/322 326/326/326
f 326/326/326 331/331/331 335/335/335
f 292/292/292 290/290/290 291/291/291
f 325/325/325 327/327/327 330/330/330
f 514/514/514 511/511/511 513/513/513
f 513/513/513 515/515/515 514/514/514
f 510/510/510 512/512/512 508/508/508
f 515/515/515 513/513/513 516/516/516
f 506/506/506 504/504/504 505/505/505
f 509/509/509 507/507/507 508/508/508
f 511/511/511 514/514/514 512/512/512
f 504/504/504 506/506/506 509/509/509
f 507/507/507 509/509/509 506/506/506
f 512/512/512 510/510/510 511/511/511
f 510/510/510 508/508/508 507/507/507
f 969/969/969 999/999/999 970/970/970
f 979/979/979 980/980/980 1002/1002/1002
f 980/980/980 969/969/969 984/984/984
f 971/971/971 970/970/970 982/982/982
f 973/973/973 975/975/975 983/983/983
f 966/966/966 972/972/972 982/982/982
f 969/969/969 976/976/976 981/981/981
f 980/980/980 979/979/979 969/969/969
f 975/975/975 974/974/974 978/978/978
f 968/968/968 967/967/967 977/977/977
f 989/989/989 1005/1005/1005 990/990/990
f 1002/1002/1002 1004/1004/1004 1005/1005/1005
f 966/966/966 982/982/982 970/970/970
f 971/971/971 969/969/969 970/970/970
f 964/964/964 963/963/963 967/967/967
f 964/964/964 967/967/967 968/968/968
f 960/960/960 962/962/962 965/965/965
f 960/960/960 965/965/965 966/966/966
f 963/963/963 962/962/962 961/961/961
f 962/962/962 963/963/963 964/964/964
f 962/962/962 960/960/960 961/961/961
f 985/985/985 969/969/969 973/973/973
f 969/969/969 971/971/971 976/976/976
f 978/978/978 974/974/974 986/986/986
f 1007/1007/1007 1005/1005/1005 1004/1004/1004
f 1002/1002/1002 1003/1003/1003 1006/1006/1006
f 975/975/975 973/973/973 974/974/974
f 987/987/987 986/986/986 974/974/974
f 990/990/990 988/988/988 989/989/989
f 984/984/984 969/969/969 991/991/991
f 977/977/977 967/967/967 992/992/992
f 985/985/985 973/973/973 993/993/993
f 986/986/986 987/987/987 994/994/994
f 996/996/996 995/995/995 987/987/987
f 997/997/997 989/989/989 988/988/988
f 973/973/973 1000/1000/1000 1001/1001/1001
f 988/988/988 990/990/990 998/998/998
f 969/969/969 981/981/981 991/991/991
f 969/969/969 985/985/985 999/999/999
f 973/973/973 983/983/983 1000/1000/1000
f 995/995/995 996/996/996 997/997/997
f 988/988/988 998/998/998 992/992/992
f 977/977/977 992/992/992 998/998/998
f 993/993/993 973/973/973 1001/1001/1001
f 1009/1009/1009 987/987/987 1011/1011/1011
f 1005/1005/1005 989/989/989 1010/1010/1010
f 1005/1005/1005 1007/1007/1007 990/990/990
f 987/987/987 1009/1009/1009 996/996/996
f 1004/1004/1004 1002/1002/1002 1008/1008/1008
f 989/989/989 997/997/997 996/996/996
f 1002/1002/1002 1006/1006/1006 1008/1008/1008
f 987/987/987 995/995/995 994/994/994
f 966/966/966 965/965/965 972/972/972
f 1003/1003/1003 1002/1002/1002 980/980/980
f 141/141/141 139/139/139 145/145/145
f 137/137/137 140/140/140 144/144/144
f 135/135/135 114/114/114 134/134/134
f 143/143/143 114/114/114 142/142/142
f 139/139/139 141/141/141 140/140/140
f 140/140/140 137/137/137 139/139/139
f 141/141/141 82/82/82 146/146/146
f 138/138/138 135/135/135 134/134/134
f 137/137/137 135/135/135 136/136/136
f 116/116/116 133/133/133 134/134/134
f 116/116/116 131/131/131 133/133/133
f 148/148/148 82/82/82 147/147/147
f 150/150/150 149/149/149 143/143/143
f 114/114/114 135/135/135 142/142/142
f 141/141/141 145/145/145 83/83/83
f 82/82/82 148/148/148 146/146/146
f 151/151/151 147/147/147 149/149/149
f 114/114/114 143/143/143 149/149/149
f 127/127/127 129/129/129 126/126/126
f 131/131/131 116/116/116 132/132/132
f 128/128/128 132/132/132 129/129/129
f 119/119/119 123/123/123 125/125/125
f 132/132/132 128/128/128 131/131/131
f 126/126/126 130/130/130 127/127/127
f 98/98/98 126/126/126 122/122/122
f 117/117/117 121/121/121 124/124/124
f 130/130/130 126/126/126 101/101/101
f 129/129/129 127/127/127 128/128/128
f 126/126/126 98/98/98 101/101/101
f 74/74/74 70/70/70 73/73/73
f 98/98/98 123/123/123 119/119/119
f 120/120/120 119/119/119 125/125/125
f 118/118/118 117/117/117 124/124/124
f 82/82/82 141/141/141 83/83/83
f 147/147/147 151/151/151 152/152/152
f 135/135/135 137/137/137 144/144/144
f 149/149/149 150/150/150 151/151/151
f 148/148/148 147/147/147 153/153/153
f 147/147/147 152/152/152 153/153/153
f 114/114/114 116/116/116 134/134/134
f 108/108/108 110/110/110 100/100/100
f 86/86/86 92/92/92 90/90/90
f 135/135/135 138/138/138 136/136/136
f 72/72/72 70/70/70 71/71/71
f 123/123/123 98/98/98 122/122/122
f 117/117/117 120/120/120 121/121/121
f 114/114/114 118/118/118 115/115/115
f 120/120/120 117/117/117 119/119/119
f 118/118/118 114/114/114 117/117/117
f 116/116/116 114/114/114 115/115/115
f 106/106/106 104/104/104 102/102/102
f 75/75/75 113/113/113 106/106/106
f 97/97/97 100/100/100 110/110/110
f 75/75/75 108/108/108 112/112/112
f 111/111/111 106/106/106 113/113/113
f 70/70/70 75/75/75 76/76/76
f 78/78/78 75/75/75 77/77/77
f 81/81/81 79/79/79 80/80/80
f 70/70/70 74/74/74 71/71/71
f 75/75/75 78/78/78 76/76/76
f 79/79/79 82/82/82 83/83/83
f 80/80/80 79/79/79 83/83/83
f 84/84/84 74/74/74 73/73/73
f 75/75/75 70/70/70 85/85/85
f 88/88/88 86/86/86 87/87/87
f 79/79/79 81/81/81 84/84/84
f 70/70/70 72/72/72 85/85/85
f 89/89/89 77/77/77 88/88/88
f 87/87/87 86/86/86 90/90/90
f 92/92/92 82/82/82 91/91/91
f 74/74/74 84/84/84 81/81/81
f 86/86/86 88/88/88 77/77/77
f 82/82/82 92/92/92 86/86/86
f 77/77/77 89/89/89 78/78/78
f 82/82/82 79/79/79 91/91/91
f 95/95/95 93/93/93 94/94/94
f 96/96/96 94/94/94 93/93/93
f 94/94/94 96/96/96 97/97/97
f 93/93/93 98/98/98 99/99/99
f 100/100/100 97/97/97 96/96/96
f 98/98/98 93/93/93 101/101/101
f 103/103/103 98/98/98 102/102/102
f 105/105/105 102/102/102 104/104/104
f 104/104/104 106/106/106 107/107/107
f 110/110/110 108/108/108 109/109/109
f 93/93/93 95/95/95 101/101/101
f 102/102/102 105/105/105 103/103/103
f 107/107/107 106/106/106 111/111/111
f 113/113/113 75/75/75 112/112/112
f 108/108/108 75/75/75 85/85/85
f 109/109/109 108/108/108 85/85/85
f 98/98/98 103/103/103 99/99/99
f 156/156/156 154/154/154 155/155/155
f 154/154/154 156/156/156 159/159/159
f 157/157/157 155/155/155 158/158/158
f 155/155/155 157/157/157 156/156/156
f 160/160/160 162/162/162 163/163/163
f 162/162/162 160/160/160 161/161/161
f 166/166/166 164/164/164 165/165/165
f 164/164/164 166/166/166 169/169/169
f 167/167/167 169/169/169 166/166/166
f 169/169/169 167/167/167 168/168/168
f 170/170/170 172/172/172 173/173/173
f 172/172/172 170/170/170 171/171/171
f 177/177/177 175/175/175 178/178/178
f 175/175/175 177/177/177 176/176/176
f 174/174/174 176/176/176 179/179/179
f 176/176/176 174/174/174 175/175/175
f 182/182/182 180/180/180 181/181/181
f 180/180/180 182/182/182 183/183/183
f 184/184/184 186/186/186 189/189/189
f 187/187/187 185/185/185 188/188/188
f 185/185/185 187/187/187 186/186/186
f 186/186/186 184/184/184 185/185/185
f 192/192/192 190/190/190 191/191/191
f 190/190/190 192/192/192 193/193/193
f 384/384/384 382/382/382 383/383/383
f 382/382/382 384/384/384 385/385/385
f 386/386/386 388/388/388 390/390/390
f 388/388/388 386/386/386 387/387/387
f 390/390/390 389/389/389 386/386/386
f 392/392/392 391/391/391 389/389/389
f 394/394/394 393/393/393 391/391/391
f 393/393/393 394/394/394 395/395/395
f 391/391/391 392/392/392 394/394/394
f 389/389/389 390/390/390 392/392/392
f 398/398/398 396/396/396 397/397/397
f 396/396/396 398/398/398 399/399/399
f 402/402/402 400/400/400 401/401/401
f 400/400/400 402/402/402 403/403/403
f 404/404/404 406/406/406 408/408/408
f 409/409/409 410/410/410 412/412/412
f 411/411/411 412/412/412 413/413/413
f 406/406/406 404/404/404 405/405/405
f 408/408/408 407/407/407 404/404/404
f 410/410/410 409/409/409 407/407/407
f 412/412/412 411/411/411 409/409/409
f 407/407/407 408/408/408 410/410/410
f 414/414/414 416/416/416 417/417/417
f 416/416/416 414/414/414 415/415/415
f 420/420/420 418/418/418 419/419/419
f 418/418/418 420/420/420 421/421/421
f 426/426/426 425/425/425 422/422/422
f 425/425/425 426/426/426 428/428/428
f 427/427/427 428/428/428 430/430/430
f 429/429/429 430/430/430 431/431/431
f 424/424/424 422/422/422 423/423/423
f 430/430/430 429/429/429 427/427/427
f 428/428/428 427/427/427 425/425/425
f 422/422/422 424/424/424 426/426/426
f 434/434/434 432/432/432 433/433/433
f 432/432/432 434/434/434 435/435/435
f 438/438/438 436/436/436 437/437/437
f 436/436/436 438/438/438 439/439/439
f 440/440/440 442/442/442 444/444/444
f 443/443/443 444/444/444 446/446/446
f 442/442/442 440/440/440 441/441/441
f 444/444/444 443/443/443 440/440/440
f 446/446/446 445/445/445 443/443/443
f 448/448/448 447/447/447 445/445/445
f 447/447/447 448/448/448 449/449/449
f 445/445/445 446/446/446 448/448/448
f 450/450/450 452/452/452 453/453/453
f 452/452/452 450/450/450 451/451/451
f 517/517/517 519/519/519 520/520/520
f 519/519/519 517/517/517 518/518/518
f 524/524/524 525/525/525 527/527/527
f 527/527/527 526/526/526 524/524/524
f 523/523/523 521/521/521 522/522/522
f 525/525/525 524/524/524 521/521/521
f 526/526/526 527/527/527 528/528/528
f 521/521/521 523/523/523 525/525/525
f 500/500/500 502/502/502 503/503/503
f 502/502/502 500/500/500 501/501/501
f 483/483/483 485/485/485 486/486/486
f 483/483/483 487/487/487 488/488/488
f 486/486/486 489/489/489 487/487/487
f 487/487/487 483/483/483 486/486/486
f 486/486/486 485/485/485 490/490/490
f 489/489/489 486/486/486 491/491/491
f 485/485/485 483/483/483 484/484/484
f 469/469/469 467/467/467 468/468/468
f 467/467/467 469/469/469 470/470/470
f 474/474/474 475/475/475 477/477/477
f 471/471/471 473/473/473 475/475/475
f 476/476/476 477/477/477 478/478/478
f 477/477/477 476/476/476 474/474/474
f 473/473/473 471/471/471 472/472/472
f 475/475/475 474/474/474 471/471/471
f 481/481/481 479/479/479 480/480/480
f 479/479/479 481/481/481 482/482/482
f 534/534/534 537/537/537 538/538/538
f 535/535/535 533/533/533 534/534/534
f 537/537/537 534/534/534 533/533/533
f 533/533/533 535/535/535 540/540/540
f 539/539/539 533/533/533 541/541/541
f 533/533/533 539/539/539 537/537/537
f 535/535/535 534/534/534 536/536/536
f 595/595/595 593/593/593 594/594/594
f 593/593/593 595/595/595 596/596/596
f 600/600/600 598/598/598 601/601/601
f 597/597/597 599/599/599 606/606/606
f 599/599/599 597/597/597 598/598/598
f 598/598/598 600/600/600 599/599/599
f 602/602/602 600/600/600 601/601/601
f 605/605/605 603/603/603 604/604/604
f 603/603/603 605/605/605 602/602/602
f 600/600/600 602/602/602 605/605/605
f 609/609/609 607/607/607 608/608/608
f 607/607/607 609/609/609 610/610/610
f 621/621/621 615/615/615 623/623/623
f 615/615/615 617/617/617 622/622/622
f 619/619/619 616/616/616 615/615/615
f 615/615/615 621/621/621 619/619/619
f 616/616/616 619/619/619 620/620/620
f 617/617/617 616/616/616 618/618/618
f 617/617/617 615/615/615 616/616/616
f 630/630/630 628/628/628 629/629/629
f 628/628/628 630/630/630 631/631/631
f 645/645/645 647/647/647 649/649/649
f 648/648/648 649/649/649 651/651/651
f 650/650/650 651/651/651 652/652/652
f 651/651/651 650/650/650 648/648/648
f 649/649/649 648/648/648 645/645/645
f 647/647/647 645/645/645 646/646/646
f 659/659/659 657/657/657 658/658/658
f 657/657/657 659/659/659 660/660/660
f 852/852/852 854/854/854 855/855/855
f 854/854/854 852/852/852 853/853/853
f 841/841/841 840/840/840 835/835/835
f 842/842/842 838/838/838 845/845/845
f 838/838/838 837/837/837 847/847/847
f 839/839/839 841/841/841 846/846/846
f 837/837/837 835/835/835 836/836/836
f 835/835/835 838/838/838 841/841/841
f 842/842/842 843/843/843 844/844/844
f 838/838/838 842/842/842 841/841/841
f 841/841/841 839/839/839 840/840/840
f 835/835/835 837/837/837 838/838/838
f 843/843/843 842/842/842 845/845/845
f 936/936/936 935/935/935 938/938/938
f 938/938/938 935/935/935 939/939/939
f 934/934/934 937/937/937 940/940/940
f 934/934/934 940/940/940 941/941/941
f 934/934/934 936/936/936 937/937/937
f 936/936/936 934/934/934 935/935/935
f 856/856/856 858/858/858 859/859/859
f 858/858/858 856/856/856 857/857/857
f 880/880/880 882/882/882 883/883/883
f 877/877/877 880/880/880 881/881/881
f 876/876/876 878/878/878 879/879/879
f 877/877/877 876/876/876 882/882/882
f 880/880/880 877/877/877 882/882/882
f 878/878/878 876/876/876 877/877/877
f 862/862/862 860/860/860 861/861/861
f 860/860/860 862/862/862 865/865/865
f 860/860/860 863/863/863 861/861/861
f 863/863/863 860/860/860 864/864/864
f 910/910/910 908/908/908 909/909/909
f 909/909/909 908/908/908 911/911/911
f 908/908/908 910/910/910 912/912/912
f 907/907/907 905/905/905 906/906/906
f 905/905/905 907/907/907 910/910/910
f 905/905/905 910/910/910 909/909/909
f 952/952/952 954/954/954 955/955/955
f 954/954/954 952/952/952 953/953/953
f 872/872/872 870/870/870 871/871/871
f 875/875/875 873/873/873 874/874/874
f 866/866/866 868/868/868 869/869/869
f 868/868/868 866/866/866 867/867/867
f 1028/1028/1028 1030/1030/1030 1032/1032/1032
f 1031/1031/1031 1032/1032/1032 1034/1034/1034
f 1033/1033/1033 1034/1034/1034 1035/1035/1035
f 1034/1034/1034 1033/1033/1033 1031/1031/1031
f 1032/1032/1032 1031/1031/1031 1028/1028/1028
f 1030/1030/1030 1028/1028/1028 1029/1029/1029
f 1038/1038/1038 1036/1036/1036 1037/1037/1037
f 1036/1036/1036 1038/1038/1038 1039/1039/1039
f 1042/1042/1042 1040/1040/1040 1041/1041/1041
f 1040/1040/1040 1042/1042/1042 1043/1043/1043
f 1047/1047/1047 1048/1048/1048 1049/1049/1049
f 1050/1050/1050 1049/1049/1049 1048/1048/1048
f 1048/1048/1048 1047/1047/1047 1046/1046/1046
f 1046/1046/1046 1044/1044/1044 1045/1045/1045
f 1049/1049/1049 1050/1050/1050 1051/1051/1051
f 1044/1044/1044 1046/1046/1046 1047/1047/1047
f 1052/1052/1052 1054/1054/1054 1055/1055/1055
f 1054/1054/1054 1052/1052/1052 1053/1053/1053
f 1058/1058/1058 1056/1056/1056 1057/1057/1057
f 1056/1056/1056 1058/1058/1058 1059/1059/1059
f 1063/1063/1063 1064/1064/1064 1066/1066/1066
f 1066/1066/1066 1065/1065/1065 1063/1063/1063
f 1064/1064/1064 1063/1063/1063 1060/1060/1060
f 1062/1062/1062 1060/1060/1060 1061/1061/1061
f 1065/1065/1065 1066/1066/1066 1067/1067/1067
f 1060/1060/1060 1062/1062/1062 1064/1064/1064
f 1068/1068/1068 1070/1070/1070 1071/1071/1071
f 1070/1070/1070 1068/1068/1068 1069/1069/1069
f 1074/1074/1074 1072/1072/1072 1073/1073/1073
f 1072/1072/1072 1074/1074/1074 1075/1075/1075
f 1124/1124/1124 1126/1126/1126 1127/1127/1127
f 1126/1126/1126 1124/1124/1124 1125/1125/1125
f 1128/1128/1128 1130/1130/1130 1131/1131/1131
f 1130/1130/1130 1128/1128/1128 1129/1129/1129
f 1134/1134/1134 1132/1132/1132 1133/1133/1133
f 1135/1135/1135 1136/1136/1136 1137/1137/1137
f 1137/1137/1137 1138/1138/1138 1139/1139/1139
f 1132/1132/1132 1134/1134/1134 1135/1135/1135
f 1138/1138/1138 1137/1137/1137 1136/1136/1136
f 1136/1136/1136 1135/1135/1135 1134/1134/1134
f 1140/1140/1140 1142/1142/1142 1143/1143/1143
f 1142/1142/1142 1140/1140/1140 1141/1141/1141
f 1146/1146/1146 1144/1144/1144 1145/1145/1145
f 1144/1144/1144 1146/1146/1146 1147/1147/1147
f 1152/1152/1152 1151/1151/1151 1150/1150/1150
f 1148/1148/1148 1150/1150/1150 1151/1151/1151
f 1151/1151/1151 1152/1152/1152 1153/1153/1153
f 1153/1153/1153 1154/1154/1154 1155/1155/1155
f 1154/1154/1154 1153/1153/1153 1152/1152/1152
f 1150/1150/1150 1148/1148/1148 1149/1149/1149
f 1156/1156/1156 1158/1158/1158 1159/1159/1159
f 1158/1158/1158 1156/1156/1156 1157/1157/1157
f 1160/1160/1160 1162/1162/1162 1163/1163/1163
f 1162/1162/1162 1160/1160/1160 1161/1161/1161
f 1166/1166/1166 1164/1164/1164 1165/1165/1165
f 1169/1169/1169 1170/1170/1170 1171/1171/1171
f 1167/1167/1167 1168/1168/1168 1170/1170/1170
f 1164/1164/1164 1166/1166/1166 1168/1168/1168
f 1168/1168/1168 1167/1167/1167 1164/1164/1164
f 1170/1170/1170 1169/1169/1169 1167/1167/1167
f 1/1/1 4/4/4 5/5/5
f 1/1/1 5/5/5 6/6/6
f 1/1/1 6/6/6 7/7/7
f 1/1/1 7/7/7 8/8/8
f 1/1/1 8/8/8 9/9/9
f 1/1/1 9/9/9 10/10/10
f 1/1/1 10/10/10 11/11/11
f 1/1/1 11/11/11 12/12/12
f 1/1/1 13/13/13 14/14/14
f 1/1/1 14/14/14 15/15/15
f 3/3/3 1/1/1 2/2/2
f 1/1/1 3/3/3 4/4/4
f 1/1/1 15/15/15 16/16/16
f 1/1/1 16/16/16 17/17/17
f 1/1/1 17/17/17 18/18/18
f 1/1/1 18/18/18 19/19/19
f 1/1/1 19/19/19 20/20/20
f 1/1/1 20/20/20 21/21/21
f 1/1/1 21/21/21 22/22/22
f 1/1/1 22/22/22 23/23/23
f 1/1/1 23/23/23 2/2/2
f 1/1/1 12/12/12 13/13/13
f 35/35/35 39/39/39 40/40/40
f 40/40/40 41/41/41 42/42/42
f 42/42/42 43/43/43 44/44/44
f 48/48/48 46/46/46 47/47/47
f 47/47/47 45/45/45 48/48/48
f 45/45/45 47/47/47 49/49/49
f 51/51/51 46/46/46 50/50/50
f 30/30/30 29/29/29 28/28/28
f 32/32/32 31/31/31 30/30/30
f 34/34/34 33/33/33 32/32/32
f 35/35/35 37/37/37 38/38/38
f 39/39/39 35/35/35 38/38/38
f 27/27/27 28/28/28 29/29/29
f 33/33/33 34/34/34 36/36/36
f 31/31/31 32/32/32 33/33/33
f 53/53/53 52/52/52 51/51/51
f 55/55/55 54/54/54 53/53/53
f 57/57/57 56/56/56 55/55/55
f 59/59/59 58/58/58 57/57/57
f 58/58/58 59/59/59 60/60/60
f 62/62/62 60/60/60 61/61/61
f 64/64/64 63/63/63 62/62/62
f 66/66/66 65/65/65 64/64/64
f 68/68/68 67/67/67 66/66/66
f 41/41/41 40/40/40 39/39/39
f 25/25/25 69/69/69 68/68/68
f 69/69/69 25/25/25 24/24/24
f 29/29/29 30/30/30 31/31/31
f 24/24/24 26/26/26 27/27/27
f 37/37/37 35/35/35 36/36/36
f 26/26/26 24/24/24 25/25/25
f 45/45/45 44/44/44 43/43/43
f 43/43/43 42/42/42 41/41/41
f 37/37/37 36/36/36 34/34/34
f 28/28/28 27/27/27 26/26/26
f 44/44/44 45/45/45 49/49/49
f 46/46/46 48/48/48 50/50/50
f 46/46/46 51/51/51 52/52/52
f 67/67/67 68/68/68 69/69/69
f 65/65/65 66/66/66 67/67/67
f 63/63/63 64/64/64 65/65/65
f 60/60/60 62/62/62 63/63/63
f 60/60/60 59/59/59 61/61/61
f 56/56/56 57/57/57 58/58/58
f 54/54/54 55/55/55 56/56/56
f 52/52/52 53/53/53 54/54/54
f 199/199/199 200/200/200 202/202/202
f 194/194/194 196/196/196 198/198/198
f 201/201/201 202/202/202 204/204/204
f 203/203/203 204/204/204 206/206/206
f 205/205/205 206/206/206 208/208/208
f 207/207/207 208/208/208 210/210/210
f 209/209/209 210/210/210 212/212/212
f 211/211/211 212/212/212 214/214/214
f 213/213/213 214/214/214 216/216/216
f 215/215/215 216/216/216 217/217/217
f 195/195/195 217/217/217 196/196/196
f 217/217/217 195/195/195 215/215/215
f 216/216/216 215/215/215 213/213/213
f 214/214/214 213/213/213 211/211/211
f 212/212/212 211/211/211 209/209/209
f 210/210/210 209/209/209 207/207/207
f 208/208/208 207/207/207 205/205/205
f 206/206/206 205/205/205 203/203/203
f 204/204/204 203/203/203 201/201/201
f 202/202/202 201/201/201 199/199/199
f 197/197/197 198/198/198 200/200/200
f 200/200/200 199/199/199 197/197/197
f 198/198/198 197/197/197 194/194/194
f 196/196/196 194/194/194 195/195/195
f 229/229/229 230/230/230 232/232/232
f 220/220/220 218/218/218 219/219/219
f 222/222/222 221/221/221 218/218/218
f 224/224/224 223/223/223 221/221/221
f 226/226/226 225/225/225 223/223/223
f 228/228/228 227/227/227 225/225/225
f 230/230/230 229/229/229 227/227/227
f 232/232/232 231/231/231 229/229/229
f 221/221/221 222/222/222 224/224/224
f 223/223/223 224/224/224 226/226/226
f 225/225/225 226/226/226 228/228/228
f 227/227/227 228/228/228 230/230/230
f 231/231/231 232/232/232 234/234/234
f 233/233/233 234/234/234 236/236/236
f 235/235/235 236/236/236 238/238/238
f 237/237/237 238/238/238 240/240/240
f 239/239/239 240/240/240 241/241/241
f 234/234/234 233/233/233 231/231/231
f 236/236/236 235/235/235 233/233/233
f 238/238/238 237/237/237 235/235/235
f 240/240/240 239/239/239 237/237/237
f 241/241/241 219/219/219 239/239/239
f 219/219/219 241/241/241 220/220/220
f 218/218/218 220/220/220 222/222/222
f 254/254/254 253/253/253 251/251/251
f 256/256/256 255/255/255 253/253/253
f 258/258/258 257/257/257 255/255/255
f 260/260/260 259/259/259 257/257/257
f 252/252/252 251/251/251 249/249/249
f 250/250/250 249/249/249 247/247/247
f 265/265/265 243/243/243 263/263/263
f 243/243/243 265/265/265 244/244/244
f 263/263/263 264/264/264 265/265/265
f 261/261/261 262/262/262 264/264/264
f 259/259/259 260/260/260 262/262/262
f 257/257/257 258/258/258 260/260/260
f 255/255/255 256/256/256 258/258/258
f 253/253/253 254/254/254 256/256/256
f 251/251/251 252/252/252 254/254/254
f 249/249/249 250/250/250 252/252/252
f 247/247/247 248/248/248 250/250/250
f 245/245/245 246/246/246 248/248/248
f 248/248/248 247/247/247 245/245/245
f 246/246/246 245/245/245 242/242/242
f 242/242/242 244/244/244 246/246/246
f 244/244/244 242/242/242 243/243/243
f 264/264/264 263/263/263 261/261/261
f 262/262/262 261/261/261 259/259/259
f 287/287/287 288/288/288 289/289/289
f 270/270/270 269/269/269 266/266/266
f 272/272/272 271/271/271 269/269/269
f 274/274/274 273/273/273 271/271/271
f 276/276/276 275/275/275 273/273/273
f 278/278/278 277/277/277 275/275/275
f 267/267/267 289/289/289 268/268/268
f 289/289/289 267/267/267 287/287/287
f 288/288/288 287/287/287 285/285/285
f 283/283/283 284/284/284 286/286/286
f 281/281/281 282/282/282 284/284/284
f 279/279/279 280/280/280 282/282/282
f 277/277/277 278/278/278 280/280/280
f 275/275/275 276/276/276 278/278/278
f 273/273/273 274/274/274 276/276/276
f 271/271/271 272/272/272 274/274/274
f 269/269/269 270/270/270 272/272/272
f 266/266/266 268/268/268 270/270/270
f 268/268/268 266/266/266 267/267/267
f 286/286/286 285/285/285 283/283/283
f 284/284/284 283/283/283 281/281/281
f 282/282/282 281/281/281 279/279/279
f 280/280/280 279/279/279 277/277/277
f 285/285/285 286/286/286 288/288/288
f 674/674/674 677/677/677 675/675/675
f 673/673/673 675/675/675 682/682/682
f 680/680/680 678/678/678 676/676/676
f 677/677/677 676/676/676 678/678/678
f 677/677/677 674/674/674 676/676/676
f 675/675/675 673/673/673 674/674/674
f 680/680/680 679/679/679 678/678/678
f 679/679/679 680/680/680 681/681/681
f 613/613/613 611/611/611 612/612/612
f 611/611/611 613/613/613 614/614/614
f 624/624/624 626/626/626 627/627/627
f 626/626/626 624/624/624 625/625/625
f 653/653/653 655/655/655 656/656/656
f 655/655/655 653/653/653 654/654/654
f 716/716/716 715/715/715 717/717/717
f 717/717/717 718/718/718 716/716/716
f 718/718/718 717/717/717 710/710/710
f 713/713/713 715/715/715 716/716/716
f 715/715/715 713/713/713 714/714/714
f 712/712/712 710/710/710 711/711/711
f 710/710/710 712/712/712 718/718/718
f 721/721/721 719/719/719 720/720/720
f 719/719/719 721/721/721 722/722/722
f 832/832/832 831/831/831 828/828/828
f 832/832/832 828/828/828 827/827/827
f 830/830/830 829/829/829 828/828/828
f 829/829/829 827/827/827 828/828/828
f 827/827/827 825/825/825 826/826/826
f 831/831/831 832/832/832 834/834/834
f 829/829/829 830/830/830 833/833/833
f 825/825/825 827/827/827 829/829/829
f 725/725/725 723/723/723 724/724/724
f 723/723/723 725/725/725 726/726/726
f 733/733/733 731/731/731 730/730/730
f 727/727/727 729/729/729 735/735/735
f 732/732/732 733/733/733 734/734/734
f 733/733/733 732/732/732 731/731/731
f 729/729/729 727/727/727 728/728/728
f 729/729/729 730/730/730 731/731/731
f 730/730/730 729/729/729 728/728/728
f 529/529/529 531/531/531 532/532/532
f 531/531/531 529/529/529 530/530/530
f 498/498/498 496/496/496 497/497/497
f 496/496/496 498/498/498 499/499/499
f 492/492/492 494/494/494 495/495/495
f 494/494/494 492/492/492 493/493/493
f 548/548/548 546/546/546 547/547/547
f 549/549/549 551/551/551 552/552/552
f 554/554/554 553/553/553 546/546/546
f 552/552/552 551/551/551 553/553/553
f 546/546/546 548/548/548 554/554/554
f 551/551/551 549/549/549 550/550/550
f 553/553/553 554/554/554 552/552/552
f 544/544/544 542/542/542 543/543/543
f 542/542/542 544/544/544 545/545/545
f 667/667/667 668/668/668 669/669/669
f 668/668/668 667/667/667 666/666/666
f 667/667/667 665/665/665 666/666/666
f 666/666/666 670/670/670 671/671/671
f 670/670/670 666/666/666 665/665/665
f 665/665/665 667/667/667 672/672/672
f 663/663/663 661/661/661 662/662/662
f 661/661/661 663/663/663 664/664/664
f 738/738/738 736/736/736 737/737/737
f 736/736/736 738/738/738 739/739/739
f 748/748/748 750/750/750 751/751/751
f 750/750/750 748/748/748 749/749/749
f 815/815/815 812/812/812 814/814/814
f 813/813/813 811/811/811 812/812/812
f 812/812/812 815/815/815 813/813/813
f 811/811/811 813/813/813 820/820/820
f 817/817/817 814/814/814 816/816/816
f 819/819/819 816/816/816 818/818/818
f 816/816/816 819/819/819 817/817/817
f 814/814/814 817/817/817 815/815/815
f 760/760/760 762/762/762 763/763/763
f 762/762/762 760/760/760 761/761/761
f 555/555/555 557/557/557 558/558/558
f 557/557/557 555/555/555 556/556/556
f 573/573/573 570/570/570 572/572/572
f 568/568/568 571/571/571 569/569/569
f 571/571/571 568/568/568 570/570/570
f 569/569/569 567/567/567 568/568/568
f 567/567/567 569/569/569 574/574/574
f 570/570/570 573/573/573 571/571/571
f 575/575/575 577/577/577 578/578/578
f 577/577/577 575/575/575 576/576/576
f 692/692/692 694/694/694 695/695/695
f 694/694/694 692/692/692 693/693/693
f 696/696/696 698/698/698 705/705/705
f 701/701/701 704/704/704 702/702/702
f 704/704/704 701/701/701 703/703/703
f 698/698/698 696/696/696 697/697/697
f 700/700/700 697/697/697 699/699/699
f 697/697/697 700/700/700 698/698/698
f 699/699/699 702/702/702 700/700/700
f 702/702/702 699/699/699 701/701/701
f 708/708/708 706/706/706 707/707/707
f 706/706/706 708/708/708 709/709/709
f 753/753/753 756/756/756 754/754/754
f 752/752/752 754/754/754 759/759/759
f 758/758/758 755/755/755 757/757/757
f 755/755/755 758/758/758 756/756/756
f 754/754/754 752/752/752 753/753/753
f 756/756/756 753/753/753 755/755/755
f 823/823/823 821/821/821 822/822/822
f 821/821/821 823/823/823 824/824/824
f 789/789/789 791/791/791 801/801/801
f 766/766/766 764/764/764 765/765/765
f 765/765/765 764/764/764 767/767/767
f 770/770/770 768/768/768 769/769/769
f 767/767/767 764/764/764 771/771/771
f 771/771/771 772/772/772 773/773/773
f 768/768/768 770/770/770 774/774/774
f 772/772/772 771/771/771 764/764/764
f 776/776/776 772/772/772 775/775/775
f 779/779/779 777/777/777 778/778/778
f 782/782/782 780/780/780 781/781/781
f 784/784/784 780/780/780 783/783/783
f 786/786/786 780/780/780 785/785/785
f 787/787/787 772/772/772 764/764/764
f 770/770/770 764/764/764 788/788/788
f 772/772/772 776/776/776 773/773/773
f 791/791/791 789/789/789 790/790/790
f 777/777/777 779/779/779 792/792/792
f 781/781/781 780/780/780 793/793/793
f 796/796/796 794/794/794 795/795/795
f 798/798/798 794/794/794 797/797/797
f 799/799/799 786/786/786 785/785/785
f 780/780/780 786/786/786 783/783/783
f 772/772/772 787/787/787 800/800/800
f 764/764/764 766/766/766 788/788/788
f 779/779/779 790/790/790 789/789/789
f 793/793/793 780/780/780 796/796/796
f 794/794/794 798/798/798 795/795/795
f 780/780/780 784/784/784 794/794/794
f 770/770/770 769/769/769 764/764/764
f 779/779/779 778/778/778 790/790/790
f 794/794/794 796/796/796 780/780/780
f 772/772/772 800/800/800 786/786/786
f 780/780/780 782/782/782 789/789/789
f 789/789/789 801/801/801 780/780/780
f 786/786/786 799/799/799 772/772/772
f 899/899/899 897/897/897 898/898/898
f 897/897/897 899/899/899 900/900/900
f 899/899/899 898/898/898 901/901/901
f 901/901/901 898/898/898 902/902/902
f 904/904/904 898/898/898 903/903/903
f 898/898/898 904/904/904 902/902/902
f 928/928/928 927/927/927 929/929/929
f 926/926/926 928/928/928 930/930/930
f 932/932/932 926/926/926 931/931/931
f 926/926/926 930/930/930 931/931/931
f 926/926/926 932/932/932 933/933/933
f 928/928/928 926/926/926 927/927/927
f 944/944/944 942/942/942 943/943/943
f 943/943/943 942/942/942 945/945/945
f 942/942/942 944/944/944 946/946/946
f 947/947/947 949/949/949 950/950/950
f 947/947/947 950/950/950 951/951/951
f 949/949/949 947/947/947 948/948/948
f 956/956/956 958/958/958 959/959/959
f 958/958/958 956/956/956 957/957/957
f 1204/1204/1204 1206/1206/1206 1207/1207/1207
f 1207/1207/1207 1208/1208/1208 1209/1209/1209
f 1209/1209/1209 1210/1210/1210 1226/1226/1226
f 1211/1211/1211 1213/1213/1213 1214/1214/1214
f 1214/1214/1214 1215/1215/1215 1216/1216/1216
f 1216/1216/1216 1217/1217/1217 1218/1218/1218
f 1206/1206/1206 1204/1204/1204 1205/1205/1205
f 1220/1220/1220 1221/1221/1221 1222/1222/1222
f 1222/1222/1222 1223/1223/1223 1224/1224/1224
f 1224/1224/1224 1205/1205/1205 1204/1204/1204
f 1225/1225/1225 1227/1227/1227 1233/1233/1233
f 1229/1229/1229 1231/1231/1231 1230/1230/1230
f 1212/1212/1212 1232/1232/1232 1231/1231/1231
f 1225/1225/1225 1232/1232/1232 1211/1211/1211
f 1232/1232/1232 1225/1225/1225 1233/1233/1233
f 1232/1232/1232 1212/1212/1212 1211/1211/1211
f 1231/1231/1231 1229/1229/1229 1212/1212/1212
f 1229/1229/1229 1228/1228/1228 1210/1210/1210
f 1228/1228/1228 1229/1229/1229 1230/1230/1230
f 1210/1210/1210 1227/1227/1227 1226/1226/1226
f 1227/1227/1227 1210/1210/1210 1228/1228/1228
f 1227/1227/1227 1225/1225/1225 1226/1226/1226
f 1205/1205/1205 1224/1224/1224 1223/1223/1223
f 1223/1223/1223 1222/1222/1222 1221/1221/1221
f 1221/1221/1221 1220/1220/1220 1219/1219/1219
f 1219/1219/1219 1218/1218/1218 1217/1217/1217
f 1217/1217/1217 1216/1216/1216 1215/1215/1215
f 1215/1215/1215 1214/1214/1214 1213/1213/1213
f 1213/1213/1213 1211/1211/1211 1212/1212/1212
f 1210/1210/1210 1209/1209/1209 1208/1208/1208
f 1208/1208/1208 1207/1207/1207 1206/1206/1206
f 1218/1218/1218 1219/1219/1219 1220/1220/1220
f 1244/1244/1244 1242/1242/1242 1243/1243/1243
f 1242/1242/1242 1244/1244/1244 1245/1245/1245
f 1236/1236/1236 1234/1234/1234 1235/1235/1235
f 1234/1234/1234 1236/1236/1236 1237/1237/1237
f 1248/1248/1248 1246/1246/1246 1247/1247/1247
f 1246/1246/1246 1248/1248/1248 1249/1249/1249
f 1238/1238/1238 1240/1240/1240 1241/1241/1241
f 1240/1240/1240 1238/1238/1238 1239/1239/1239
f 1324/1324/1324 1322/1322/1322 1323/1323/1323
f 1326/1326/1326 1325/1325/1325 1324/1324/1324
f 1328/1328/1328 1327/1327/1327 1326/1326/1326
f 1330/1330/1330 1329/1329/1329 1328/1328/1328
f 1332/1332/1332 1331/1331/1331 1330/1330/1330
f 1334/1334/1334 1333/1333/1333 1332/1332/1332
f 1336/1336/1336 1335/1335/1335 1334/1334/1334
f 1338/1338/1338 1337/1337/1337 1336/1336/1336
f 1340/1340/1340 1339/1339/1339 1338/1338/1338
f 1342/1342/1342 1341/1341/1341 1340/1340/1340
f 1344/1344/1344 1343/1343/1343 1342/1342/1342
f 1323/1323/1323 1345/1345/1345 1344/1344/1344
f 1345/1345/1345 1323/1323/1323 1322/1322/1322
f 1341/1341/1341 1342/1342/1342 1343/1343/1343
f 1343/1343/1343 1344/1344/1344 1345/1345/1345
f 1322/1322/1322 1324/1324/1324 1325/1325/1325
f 1325/1325/1325 1326/1326/1326 1327/1327/1327
f 1327/1327/1327 1328/1328/1328 1329/1329/1329
f 1329/1329/1329 1330/1330/1330 1331/1331/1331
f 1331/1331/1331 1332/1332/1332 1333/1333/1333
f 1333/1333/1333 1334/1334/1334 1335/1335/1335
f 1339/1339/1339 1340/1340/1340 1341/1341/1341
f 1335/1335/1335 1336/1336/1336 1337/1337/1337
f 1337/1337/1337 1338/1338/1338 1339/1339/1339
f 1318/1318/1318 1306/1306/1306 1317/1317/1317
f 1313/1313/1313 1315/1315/1315 1314/1314/1314
f 1301/1301/1301 1316/1316/1316 1302/1302/1302
f 1306/1306/1306 1318/1318/1318 1307/1307/1307
f 1313/1313/1313 1312/1312/1312 1311/1311/1311
f 1303/1303/1303 1305/1305/1305 1316/1316/1316
f 1320/1320/1320 1317/1317/1317 1319/1319/1319
f 1310/1310/1310 1319/1319/1319 1321/1321/1321
f 1300/1300/1300 1298/1298/1298 1299/1299/1299
f 1300/1300/1300 1301/1301/1301 1302/1302/1302
f 1305/1305/1305 1303/1303/1303 1304/1304/1304
f 1307/1307/1307 1304/1304/1304 1306/1306/1306
f 1310/1310/1310 1308/1308/1308 1309/1309/1309
f 1309/1309/1309 1311/1311/1311 1312/1312/1312
f 1312/1312/1312 1313/1313/1313 1314/1314/1314
f 1315/1315/1315 1313/1313/1313 1298/1298/1298
f 1301/1301/1301 1300/1300/1300 1299/1299/1299
f 1316/1316/1316 1301/1301/1301 1303/1303/1303
f 1304/1304/1304 1307/1307/1307 1305/1305/1305
f 1298/1298/1298 1300/1300/1300 1315/1315/1315
f 1319/1319/1319 1310/1310/1310 1320/1320/1320
f 1317/1317/1317 1320/1320/1320 1318/1318/1318
f 1308/1308/1308 1310/1310/1310 1321/1321/1321
f 1311/1311/1311 1309/1309/1309 1308/1308/1308
f 1286/1286/1286 1285/1285/1285 1284/1284/1284
f 1276/1276/1276 1274/1274/1274 1275/1275/1275
f 1278/1278/1278 1277/1277/1277 1276/1276/1276
f 1280/1280/1280 1279/1279/1279 1278/1278/1278
f 1282/1282/1282 1281/1281/1281 1280/1280/1280
f 1288/1288/1288 1287/1287/1287 1286/1286/1286
f 1290/1290/1290 1289/1289/1289 1288/1288/1288
f 1292/1292/1292 1291/1291/1291 1290/1290/1290
f 1294/1294/1294 1293/1293/1293 1292/1292/1292
f 1296/1296/1296 1295/1295/1295 1294/1294/1294
f 1275/1275/1275 1297/1297/1297 1296/1296/1296
f 1297/1297/1297 1275/1275/1275 1274/1274/1274
f 1295/1295/1295 1296/1296/1296 1297/1297/1297
f 1293/1293/1293 1294/1294/1294 1295/1295/1295
f 1291/1291/1291 1292/1292/1292 1293/1293/1293
f 1289/1289/1289 1290/1290/1290 1291/1291/1291
f 1287/1287/1287 1288/1288/1288 1289/1289/1289
f 1285/1285/1285 1286/1286/1286 1287/1287/1287
f 1283/1283/1283 1284/1284/1284 1285/1285/1285
f 1281/1281/1281 1282/1282/1282 1283/1283/1283
f 1279/1279/1279 1280/1280/1280 1281/1281/1281
f 1277/1277/1277 1278/1278/1278 1279/1279/1279
f 1274/1274/1274 1276/1276/1276 1277/1277/1277
f 1284/1284/1284 1283/1283/1283 1282/1282/1282
f 1267/1267/1267 1265/1265/1265 1266/1266/1266
f 1250/1250/1250 1263/1263/1263 1262/1262/1262
f 1252/1252/1252 1250/1250/1250 1251/1251/1251
f 1254/1254/1254 1251/1251/1251 1253/1253/1253
f 1255/1255/1255 1257/1257/1257 1272/1272/1272
f 1265/1265/1265 1267/1267/1267 1273/1273/1273
f 1253/1253/1253 1273/1273/1273 1254/1254/1254
f 1260/1260/1260 1259/1259/1259 1258/1258/1258
f 1272/1272/1272 1271/1271/1271 1270/1270/1270
f 1269/1269/1269 1266/1266/1266 1268/1268/1268
f 1271/1271/1271 1268/1268/1268 1270/1270/1270
f 1257/1257/1257 1255/1255/1255 1256/1256/1256
f 1256/1256/1256 1258/1258/1258 1259/1259/1259
f 1271/1271/1271 1272/1272/1272 1257/1257/1257
f 1258/1258/1258 1256/1256/1256 1255/1255/1255
f 1251/1251/1251 1254/1254/1254 1252/1252/1252
f 1263/1263/1263 1250/1250/1250 1264/1264/1264
f 1261/1261/1261 1262/1262/1262 1263/1263/1263
f 1259/1259/1259 1260/1260/1260 1261/1261/1261
f 1266/1266/1266 1269/1269/1269 1267/1267/1267
f 1273/1273/1273 1253/1253/1253 1265/1265/1265
f 1262/1262/1262 1261/1261/1261 1260/1260/1260
f 1250/1250/1250 1252/1252/1252 1264/1264/1264
f 1268/1268/1268 1271/1271/1271 1269/1269/1269
f 1457/1457/1457 1455/1455/1455 1456/1456/1456
f 1472/1472/1472 1471/1471/1471 1470/1470/1470
f 1474/1474/1474 1473/1473/1473 1472/1472/1472
f 1456/1456/1456 1475/1475/1475 1474/1474/1474
f 1478/1478/1478 1476/1476/1476 1477/1477/1477
f 1478/1478/1478 1461/1461/1461 1479/1479/1479
f 1461/1461/1461 1478/1478/1478 1477/1477/1477
f 1479/1479/1479 1480/1480/1480 1481/1481/1481
f 1480/1480/1480 1479/1479/1479 1461/1461/1461
f 1482/1482/1482 1480/1480/1480 1463/1463/1463
f 1483/1483/1483 1463/1463/1463 1462/1462/1462
f 1483/1483/1483 1476/1476/1476 1484/1484/1484
f 1476/1476/1476 1483/1483/1483 1462/1462/1462
f 1463/1463/1463 1483/1483/1483 1482/1482/1482
f 1480/1480/1480 1482/1482/1482 1481/1481/1481
f 1476/1476/1476 1478/1478/1478 1484/1484/1484
f 1475/1475/1475 1456/1456/1456 1455/1455/1455
f 1473/1473/1473 1474/1474/1474 1475/1475/1475
f 1471/1471/1471 1472/1472/1472 1473/1473/1473
f 1469/1469/1469 1470/1470/1470 1471/1471/1471
f 1467/1467/1467 1468/1468/1468 1469/1469/1469
f 1465/1465/1465 1466/1466/1466 1467/1467/1467
f 1462/1462/1462 1464/1464/1464 1465/1465/1465
f 1460/1460/1460 1461/1461/1461 1477/1477/1477
f 1458/1458/1458 1459/1459/1459 1460/1460/1460
f 1459/1459/1459 1458/1458/1458 1457/1457/1457
f 1461/1461/1461 1460/1460/1460 1459/1459/1459
f 1464/1464/1464 1462/1462/1462 1463/1463/1463
f 1466/1466/1466 1465/1465/1465 1464/1464/1464
f 1468/1468/1468 1467/1467/1467 1466/1466/1466
f 1455/1455/1455 1457/1457/1457 1458/1458/1458
f 1470/1470/1470 1469/1469/1469 1468/1468/1468
f 1493/1493/1493 1495/1495/1495 1496/1496/1496
f 1495/1495/1495 1493/1493/1493 1494/1494/1494
f 1485/1485/1485 1487/1487/1487 1488/1488/1488
f 1487/1487/1487 1485/1485/1485 1486/1486/1486
f 1497/1497/1497 1499/1499/1499 1500/1500/1500
f 1499/1499/1499 1497/1497/1497 1498/1498/1498
f 1489/1489/1489 1491/1491/1491 1492/1492/1492
f 1491/1491/1491 1489/1489/1489 1490/1490/1490
f 1575/1575/1575 1573/1573/1573 1574/1574/1574
f 1577/1577/1577 1576/1576/1576 1575/1575/1575
f 1579/1579/1579 1578/1578/1578 1577/1577/1577
f 1581/1581/1581 1580/1580/1580 1579/1579/1579
f 1583/1583/1583 1582/1582/1582 1581/1581/1581
f 1585/1585/1585 1584/1584/1584 1583/1583/1583
f 1587/1587/1587 1586/1586/1586 1585/1585/1585
f 1589/1589/1589 1588/1588/1588 1587/1587/1587
f 1591/1591/1591 1590/1590/1590 1589/1589/1589
f 1573/1573/1573 1575/1575/1575 1576/1576/1576
f 1576/1576/1576 1577/1577/1577 1578/1578/1578
f 1578/1578/1578 1579/1579/1579 1580/1580/1580
f 1580/1580/1580 1581/1581/1581 1582/1582/1582
f 1582/1582/1582 1583/1583/1583 1584/1584/1584
f 1584/1584/1584 1585/1585/1585 1586/1586/1586
f 1586/1586/1586 1587/1587/1587 1588/1588/1588
f 1588/1588/1588 1589/1589/1589 1590/1590/1590
f 1590/1590/1590 1591/1591/1591 1592/1592/1592
f 1592/1592/1592 1593/1593/1593 1594/1594/1594
f 1594/1594/1594 1595/1595/1595 1596/1596/1596
f 1596/1596/1596 1574/1574/1574 1573/1573/1573
f 1574/1574/1574 1596/1596/1596 1595/1595/1595
f 1595/1595/1595 1594/1594/1594 1593/1593/1593
f 1593/1593/1593 1592/1592/1592 1591/1591/1591
f 1566/1566/1566 1567/1567/1567 1568/1568/1568
f 1549/1549/1549 1551/1551/1551 1559/1559/1559
f 1556/1556/1556 1561/1561/1561 1557/1557/1557
f 1571/1571/1571 1560/1560/1560 1570/1570/1570
f 1564/1564/1564 1570/1570/1570 1572/1572/1572
f 1562/1562/1562 1564/1564/1564 1572/1572/1572
f 1558/1558/1558 1559/1559/1559 1569/1569/1569
f 1560/1560/1560 1571/1571/1571 1561/1561/1561
f 1567/1567/1567 1566/1566/1566 1565/1565/1565
f 1570/1570/1570 1564/1564/1564 1571/1571/1571
f 1552/1552/1552 1555/1555/1555 1553/1553/1553
f 1565/1565/1565 1563/1563/1563 1562/1562/1562
f 1568/1568/1568 1558/1558/1558 1569/1569/1569
f 1558/1558/1558 1568/1568/1568 1567/1567/1567
f 1551/1551/1551 1549/1549/1549 1550/1550/1550
f 1553/1553/1553 1550/1550/1550 1552/1552/1552
f 1555/1555/1555 1552/1552/1552 1554/1554/1554
f 1557/1557/1557 1554/1554/1554 1556/1556/1556
f 1559/1559/1559 1558/1558/1558 1549/1549/1549
f 1550/1550/1550 1553/1553/1553 1551/1551/1551
f 1554/1554/1554 1557/1557/1557 1555/1555/1555
f 1561/1561/1561 1556/1556/1556 1560/1560/1560
f 1564/1564/1564 1562/1562/1562 1563/1563/1563
f 1563/1563/1563 1565/1565/1565 1566/1566/1566
f 1527/1527/1527 1525/1525/1525 1526/1526/1526
f 1529/1529/1529 1528/1528/1528 1527/1527/1527
f 1531/1531/1531 1530/1530/1530 1529/1529/1529
f 1533/1533/1533 1532/1532/1532 1531/1531/1531
f 1535/1535/1535 1534/1534/1534 1533/1533/1533
f 1537/1537/1537 1536/1536/1536 1535/1535/1535
f 1539/1539/1539 1538/1538/1538 1537/1537/1537
f 1541/1541/1541 1540/1540/1540 1539/1539/1539
f 1543/1543/1543 1542/1542/1542 1541/1541/1541
f 1545/1545/1545 1544/1544/1544 1543/1543/1543
f 1547/1547/1547 1546/1546/1546 1545/1545/1545
f 1548/1548/1548 1526/1526/1526 1525/1525/1525
f 1546/1546/1546 1547/1547/1547 1548/1548/1548
f 1544/1544/1544 1545/1545/1545 1546/1546/1546
f 1542/1542/1542 1543/1543/1543 1544/1544/1544
f 1540/1540/1540 1541/1541/1541 1542/1542/1542
f 1538/1538/1538 1539/1539/1539 1540/1540/1540
f 1536/1536/1536 1537/1537/1537 1538/1538/1538
f 1534/1534/1534 1535/1535/1535 1536/1536/1536
f 1532/1532/1532 1533/1533/1533 1534/1534/1534
f 1530/1530/1530 1531/1531/1531 1532/1532/1532
f 1528/1528/1528 1529/1529/1529 1530/1530/1530
f 1525/1525/1525 1527/1527/1527 1528/1528/1528
f 1526/1526/1526 1548/1548/1548 1547/1547/1547
f 1517/1517/1517 1518/1518/1518 1503/1503/1503
f 1523/1523/1523 1520/1520/1520 1522/1522/1522
f 1521/1521/1521 1513/1513/1513 1520/1520/1520
f 1510/1510/1510 1512/1512/1512 1519/1519/1519
f 1506/1506/1506 1505/1505/1505 1504/1504/1504
f 1518/1518/1518 1517/1517/1517 1516/1516/1516
f 1511/1511/1511 1514/1514/1514 1512/1512/1512
f 1517/1517/1517 1515/1515/1515 1516/1516/1516
f 1514/1514/1514 1511/1511/1511 1513/1513/1513
f 1512/1512/1512 1510/1510/1510 1511/1511/1511
f 1507/1507/1507 1508/1508/1508 1509/1509/1509
f 1508/1508/1508 1507/1507/1507 1506/1506/1506
f 1503/1503/1503 1501/1501/1501 1502/1502/1502
f 1509/1509/1509 1510/1510/1510 1519/1519/1519
f 1520/1520/1520 1523/1523/1523 1521/1521/1521
f 1513/1513/1513 1521/1521/1521 1514/1514/1514
f 1501/1501/1501 1503/1503/1503 1518/1518/1518
f 1524/1524/1524 1522/1522/1522 1515/1515/1515
f 1515/1515/1515 1517/1517/1517 1524/1524/1524
f 1510/1510/1510 1509/1509/1509 1508/1508/1508
f 1522/1522/1522 1524/1524/1524 1523/1523/1523
f 1505/1505/1505 1506/1506/1506 1507/1507/1507
f 1502/1502/1502 1504/1504/1504 1505/1505/1505
f 1504/1504/1504 1502/1502/1502 1501/1501/1501
f 1382/1382/1382 1381/1381/1381 1379/1379/1379
f 1372/1372/1372 1370/1370/1370 1371/1371/1371
f 1374/1374/1374 1373/1373/1373 1370/1370/1370
f 1376/1376/1376 1375/1375/1375 1373/1373/1373
f 1378/1378/1378 1377/1377/1377 1375/1375/1375
f 1380/1380/1380 1379/1379/1379 1377/1377/1377
f 1384/1384/1384 1383/1383/1383 1381/1381/1381
f 1386/1386/1386 1385/1385/1385 1383/1383/1383
f 1388/1388/1388 1387/1387/1387 1385/1385/1385
f 1390/1390/1390 1389/1389/1389 1387/1387/1387
f 1392/1392/1392 1391/1391/1391 1389/1389/1389
f 1393/1393/1393 1371/1371/1371 1391/1391/1391
f 1371/1371/1371 1393/1393/1393 1372/1372/1372
f 1391/1391/1391 1392/1392/1392 1393/1393/1393
f 1389/1389/1389 1390/1390/1390 1392/1392/1392
f 1387/1387/1387 1388/1388/1388 1390/1390/1390
f 1385/1385/1385 1386/1386/1386 1388/1388/1388
f 1383/1383/1383 1384/1384/1384 1386/1386/1386
f 1377/1377/1377 1378/1378/1378 1380/1380/1380
f 1375/1375/1375 1376/1376/1376 1378/1378/1378
f 1373/1373/1373 1374/1374/1374 1376/1376/1376
f 1370/1370/1370 1372/1372/1372 1374/1374/1374
f 1381/1381/1381 1382/1382/1382 1384/1384/1384
f 1379/1379/1379 1380/1380/1380 1382/1382/1382
f 1355/1355/1355 1358/1358/1358 1356/1356/1356
f 1348/1348/1348 1346/1346/1346 1347/1347/1347
f 1347/1347/1347 1349/1349/1349 1350/1350/1350
f 1350/1350/1350 1351/1351/1351 1352/1352/1352
f 1354/1354/1354 1351/1351/1351 1353/1353/1353
f 1349/1349/1349 1347/1347/1347 1346/1346/1346
f 1351/1351/1351 1354/1354/1354 1352/1352/1352
f 1351/1351/1351 1350/1350/1350 1349/1349/1349
f 1356/1356/1356 1353/1353/1353 1355/1355/1355
f 1353/1353/1353 1356/1356/1356 1354/1354/1354
f 1358/1358/1358 1355/1355/1355 1357/1357/1357
f 1361/1361/1361 1359/1359/1359 1360/1360/1360
f 1363/1363/1363 1359/1359/1359 1362/1362/1362
f 1365/1365/1365 1364/1364/1364 1348/1348/1348
f 1359/1359/1359 1363/1363/1363 1360/1360/1360
f 1363/1363/1363 1366/1366/1366 1367/1367/1367
f 1346/1346/1346 1348/1348/1348 1364/1364/1364
f 1361/1361/1361 1357/1357/1357 1368/1368/1368
f 1366/1366/1366 1363/1363/1363 1362/1362/1362
f 1367/1367/1367 1369/1369/1369 1365/1365/1365
f 1357/1357/1357 1361/1361/1361 1358/1358/1358
f 1369/1369/1369 1367/1367/1367 1366/1366/1366
f 1359/1359/1359 1361/1361/1361 1368/1368/1368
f 1364/1364/1364 1365/1365/1365 1369/1369/1369
f 1413/1413/1413 1412/1412/1412 1411/1411/1411
f 1409/1409/1409 1408/1408/1408 1407/1407/1407
f 1412/1412/1412 1413/1413/1413 1414/1414/1414
f 1410/1410/1410 1411/1411/1411 1412/1412/1412
f 1408/1408/1408 1409/1409/1409 1410/1410/1410
f 1405/1405/1405 1404/1404/1404 1403/1403/1403
f 1407/1407/1407 1406/1406/1406 1405/1405/1405
f 1399/1399/1399 1402/1402/1402 1400/1400/1400
f 1406/1406/1406 1407/1407/1407 1408/1408/1408
f 1416/1416/1416 1394/1394/1394 1417/1417/1417
f 1401/1401/1401 1404/1404/1404 1402/1402/1402
f 1397/1397/1397 1400/1400/1400 1398/1398/1398
f 1404/1404/1404 1401/1401/1401 1403/1403/1403
f 1402/1402/1402 1399/1399/1399 1401/1401/1401
f 1400/1400/1400 1397/1397/1397 1399/1399/1399
f 1395/1395/1395 1398/1398/1398 1396/1396/1396
f 1398/1398/1398 1395/1395/1395 1397/1397/1397
f 1396/1396/1396 1394/1394/1394 1395/1395/1395
f 1411/1411/1411 1410/1410/1410 1409/1409/1409
f 1394/1394/1394 1416/1416/1416 1415/1415/1415
f 1415/1415/1415 1414/1414/1414 1413/1413/1413
f 1394/1394/1394 1396/1396/1396 1417/1417/1417
f 1414/1414/1414 1415/1415/1415 1416/1416/1416
f 1404/1404/1404 1405/1405/1405 1406/1406/1406
f 1442/1442/1442 1454/1454/1454 1443/1443/1443
f 1444/1444/1444 1442/1442/1442 1443/1443/1443
f 1442/1442/1442 1444/1444/1444 1445/1445/1445
f 1442/1442/1442 1445/1445/1445 1446/1446/1446
f 1442/1442/1442 1446/1446/1446 1447/1447/1447
f 1442/1442/1442 1447/1447/1447 1448/1448/1448
f 1442/1442/1442 1448/1448/1448 1449/1449/1449
f 1442/1442/1442 1449/1449/1449 1450/1450/1450
f 1442/1442/1442 1450/1450/1450 1451/1451/1451
f 1442/1442/1442 1451/1451/1451 1452/1452/1452
f 1442/1442/1442 1452/1452/1452 1453/1453/1453
f 1442/1442/1442 1453/1453/1453 1454/1454/1454
f 1422/1422/1422 1421/1421/1421 1418/1418/1418
f 1424/1424/1424 1423/1423/1423 1421/1421/1421
f 1426/1426/1426 1425/1425/1425 1423/1423/1423
f 1428/1428/1428 1427/1427/1427 1425/1425/1425
f 1430/1430/1430 1429/1429/1429 1427/1427/1427
f 1432/1432/1432 1431/1431/1431 1429/1429/1429
f 1434/1434/1434 1433/1433/1433 1431/1431/1431
f 1436/1436/1436 1435/1435/1435 1433/1433/1433
f 1438/1438/1438 1437/1437/1437 1435/1435/1435
f 1440/1440/1440 1439/1439/1439 1437/1437/1437
f 1441/1441/1441 1419/1419/1419 1439/1439/1439
f 1419/1419/1419 1441/1441/1441 1420/1420/1420
f 1420/1420/1420 1418/1418/1418 1419/1419/1419
f 1439/1439/1439 1440/1440/1440 1441/1441/1441
f 1437/1437/1437 1438/1438/1438 1440/1440/1440
f 1435/1435/1435 1436/1436/1436 1438/1438/1438
f 1433/1433/1433 1434/1434/1434 1436/1436/1436
f 1431/1431/1431 1432/1432/1432 1434/1434/1434
f 1429/1429/1429 1430/1430/1430 1432/1432/1432
f 1427/1427/1427 1428/1428/1428 1430/1430/1430
f 1425/1425/1425 1426/1426/1426 1428/1428/1428
f 1423/1423/1423 1424/1424/1424 1426/1426/1426
f 1421/1421/1421 1422/1422/1422 1424/1424/1424
f 1418/1418/1418 1420/1420/1420 1422/1422/1422
f 1622/1622/1622 1644/1644/1644 1623/1623/1623
f 1642/1642/1642 1643/1643/1643 1644/1644/1644
f 1640/1640/1640 1641/1641/1641 1643/1643/1643
f 1638/1638/1638 1639/1639/1639 1641/1641/1641
f 1636/1636/1636 1637/1637/1637 1639/1639/1639
f 1632/1632/1632 1633/1633/1633 1635/1635/1635
f 1630/1630/1630 1631/1631/1631 1633/1633/1633
f 1628/1628/1628 1629/1629/1629 1631/1631/1631
f 1626/1626/1626 1627/1627/1627 1629/1629/1629
f 1624/1624/1624 1625/1625/1625 1627/1627/1627
f 1621/1621/1621 1623/1623/1623 1625/1625/1625
f 1634/1634/1634 1635/1635/1635 1637/1637/1637
f 1623/1623/1623 1621/1621/1621 1622/1622/1622
f 1625/1625/1625 1624/1624/1624 1621/1621/1621
f 1627/1627/1627 1626/1626/1626 1624/1624/1624
f 1629/1629/1629 1628/1628/1628 1626/1626/1626
f 1631/1631/1631 1630/1630/1630 1628/1628/1628
f 1633/1633/1633 1632/1632/1632 1630/1630/1630
f 1635/1635/1635 1634/1634/1634 1632/1632/1632
f 1637/1637/1637 1636/1636/1636 1634/1634/1634
f 1639/1639/1639 1638/1638/1638 1636/1636/1636
f 1641/1641/1641 1640/1640/1640 1638/1638/1638
f 1643/1643/1643 1642/1642/1642 1640/1640/1640
f 1644/1644/1644 1622/1622/1622 1642/1642/1642
f 1610/1610/1610 1613/1613/1613 1611/1611/1611
f 1614/1614/1614 1617/1617/1617 1615/1615/1615
f 1597/1597/1597 1599/1599/1599 1620/1620/1620
f 1616/1616/1616 1619/1619/1619 1617/1617/1617
f 1612/1612/1612 1615/1615/1615 1613/1613/1613
f 1606/1606/1606 1609/1609/1609 1607/1607/1607
f 1620/1620/1620 1619/1619/1619 1618/1618/1618
f 1619/1619/1619 1620/1620/1620 1599/1599/1599
f 1619/1619/1619 1616/1616/1616 1618/1618/1618
f 1617/1617/1617 1614/1614/1614 1616/1616/1616
f 1615/1615/1615 1612/1612/1612 1614/1614/1614
f 1613/1613/1613 1610/1610/1610 1612/1612/1612
f 1599/1599/1599 1597/1597/1597 1598/1598/1598
f 1598/1598/1598 1600/1600/1600 1601/1601/1601
f 1601/1601/1601 1602/1602/1602 1603/1603/1603
f 1603/1603/1603 1604/1604/1604 1605/1605/1605
f 1600/1600/1600 1598/1598/1598 1597/1597/1597
f 1604/1604/1604 1603/1603/1603 1602/1602/1602
f 1602/1602/1602 1601/1601/1601 1600/1600/1600
f 1607/1607/1607 1604/1604/1604 1606/1606/1606
f 1609/1609/1609 1606/1606/1606 1608/1608/1608
f 1611/1611/1611 1608/1608/1608 1610/1610/1610
f 1604/1604/1604 1607/1607/1607 1605/1605/1605
f 1608/1608/1608 1611/1611/1611 1609/1609/1609
f 1647/1647/1647 1645/1645/1645 1646/1646/1646
f 1657/1657/1657 1660/1660/1660 1661/1661/1661
f 1649/1649/1649 1646/1646/1646 1648/1648/1648
f 1651/1651/1651 1648/1648/1648 1650/1650/1650
f 1645/1645/1645 1647/1647/1647 1659/1659/1659
f 1660/1660/1660 1657/1657/1657 1656/1656/1656
f 1661/1661/1661 1662/1662/1662 1663/1663/1663
f 1663/1663/1663 1664/1664/1664 1665/1665/1665
f 1654/1654/1654 1653/1653/1653 1652/1652/1652
f 1664/1664/1664 1663/1663/1663 1662/1662/1662
f 1665/1665/1665 1666/1666/1666 1667/1667/1667
f 1667/1667/1667 1658/1658/1658 1668/1668/1668
f 1662/1662/1662 1661/1661/1661 1660/1660/1660
f 1658/1658/1658 1667/1667/1667 1666/1666/1666
f 1666/1666/1666 1665/1665/1665 1664/1664/1664
f 1658/1658/1658 1659/1659/1659 1668/1668/1668
f 1653/1653/1653 1650/1650/1650 1652/1652/1652
f 1646/1646/1646 1649/1649/1649 1647/1647/1647
f 1650/1650/1650 1653/1653/1653 1651/1651/1651
f 1653/1653/1653 1654/1654/1654 1655/1655/1655
f 1655/1655/1655 1656/1656/1656 1657/1657/1657
f 1659/1659/1659 1658/1658/1658 1645/1645/1645
f 1656/1656/1656 1655/1655/1655 1654/1654/1654
f 1648/1648/1648 1651/1651/1651 1649/1649/1649
f 1693/1693/1693 1705/1705/1705 1694/1694/1694
f 1693/1693/1693 1701/1701/1701 1702/1702/1702
f 1693/1693/1693 1700/1700/1700 1701/1701/1701
f 1693/1693/1693 1699/1699/1699 1700/1700/1700
f 1693/1693/1693 1698/1698/1698 1699/1699/1699
f 1693/1693/1693 1697/1697/1697 1698/1698/1698
f 1693/1693/1693 1696/1696/1696 1697/1697/1697
f 1693/1693/1693 1695/1695/1695 1696/1696/1696
f 1695/1695/1695 1693/1693/1693 1694/1694/1694
f 1693/1693/1693 1703/1703/1703 1704/1704/1704
f 1693/1693/1693 1704/1704/1704 1705/1705/1705
f 1693/1693/1693 1702/1702/1702 1703/1703/1703
f 1687/1687/1687 1686/1686/1686 1684/1684/1684
f 1689/1689/1689 1688/1688/1688 1686/1686/1686
f 1691/1691/1691 1690/1690/1690 1688/1688/1688
f 1692/1692/1692 1670/1670/1670 1690/1690/1690
f 1670/1670/1670 1692/1692/1692 1671/1671/1671
f 1690/1690/1690 1691/1691/1691 1692/1692/1692
f 1688/1688/1688 1689/1689/1689 1691/1691/1691
f 1686/1686/1686 1687/1687/1687 1689/1689/1689
f 1684/1684/1684 1685/1685/1685 1687/1687/1687
f 1682/1682/1682 1683/1683/1683 1685/1685/1685
f 1680/1680/1680 1681/1681/1681 1683/1683/1683
f 1683/1683/1683 1682/1682/1682 1680/1680/1680
f 1681/1681/1681 1680/1680/1680 1678/1678/1678
f 1679/1679/1679 1678/1678/1678 1676/1676/1676
f 1677/1677/1677 1676/1676/1676 1674/1674/1674
f 1675/1675/1675 1674/1674/1674 1672/1672/1672
f 1673/1673/1673 1672/1672/1672 1669/1669/1669
f 1671/1671/1671 1669/1669/1669 1670/1670/1670
f 1678/1678/1678 1679/1679/1679 1681/1681/1681
f 1676/1676/1676 1677/1677/1677 1679/1679/1679
f 1674/1674/1674 1675/1675/1675 1677/1677/1677
f 1672/1672/1672 1673/1673/1673 1675/1675/1675
f 1669/1669/1669 1671/1671/1671 1673/1673/1673
f 1685/1685/1685 1684/1684/1684 1682/1682/1682
