# Wavefront .OBJ file for tesselated shape: elbow-1/Racer 999_PMPMP0000028791-1 path: D:\OneDrive - Università degli Studi di Parma\Altro\Robot_cadsim\Comau_Racer_7_1.0\cad\Racer 999_PMPMP0000028791.sldprt

g body_1
v 0.000000 0.000000 0.014750
v 0.038042 0.012361 0.014750
v 0.032361 0.023511 0.014750
v 0.023511 0.032361 0.014750
v 0.012361 0.038042 0.014750
v 0.000000 0.040000 0.014750
v -0.012361 0.038042 0.014750
v -0.023511 0.032361 0.014750
v -0.032361 0.023511 0.014750
v -0.038042 0.012361 0.014750
v -0.040000 0.000000 0.014750
v -0.038042 -0.012361 0.014750
v -0.032361 -0.023511 0.014750
v -0.023511 -0.032361 0.014750
v -0.012361 -0.038042 0.014750
v 0.000000 -0.040000 0.014750
v 0.012361 -0.038042 0.014750
v 0.023511 -0.032361 0.014750
v 0.032361 -0.023511 0.014750
v 0.038042 -0.012361 0.014750
v 0.040000 0.000000 0.014750
v 0.040000 0.000000 0.014750
v 0.040000 0.000000 0.011750
v 0.038042 0.012361 0.011750
v 0.038042 0.012361 0.014750
v 0.032361 0.023511 0.011750
v 0.032361 0.023511 0.014750
v 0.023511 0.032361 0.011750
v 0.023511 0.032361 0.014750
v 0.012361 0.038042 0.011750
v 0.012361 0.038042 0.014750
v 0.000000 0.040000 0.011750
v 0.000000 0.040000 0.014750
v -0.012361 0.038042 0.011750
v -0.012361 0.038042 0.014750
v -0.023511 0.032361 0.011750
v -0.023511 0.032361 0.014750
v -0.032361 0.023511 0.011750
v -0.032361 0.023511 0.014750
v -0.038042 0.012361 0.011750
v -0.038042 0.012361 0.014750
v -0.040000 0.000000 0.011750
v -0.040000 0.000000 0.014750
v -0.038042 -0.012361 0.011750
v -0.038042 -0.012361 0.014750
v -0.032361 -0.023511 0.011750
v -0.032361 -0.023511 0.014750
v -0.023511 -0.032361 0.011750
v -0.023511 -0.032361 0.014750
v -0.012361 -0.038042 0.011750
v -0.012361 -0.038042 0.014750
v 0.000000 -0.040000 0.011750
v 0.000000 -0.040000 0.014750
v 0.012361 -0.038042 0.011750
v 0.012361 -0.038042 0.014750
v 0.023511 -0.032361 0.011750
v 0.023511 -0.032361 0.014750
v 0.032361 -0.023511 0.011750
v 0.032361 -0.023511 0.014750
v 0.038042 -0.012361 0.011750
v 0.038042 -0.012361 0.014750
v 0.050500 -0.055624 0.011750
v 0.048212 -0.049859 0.011750
v 0.045962 -0.050462 0.011750
v 0.055624 -0.050500 0.011750
v 0.049859 -0.048212 0.011750
v 0.040731 -0.057500 0.011750
v 0.042065 -0.048212 0.011750
v 0.041462 -0.045962 0.011750
v 0.043712 -0.049859 0.011750
v 0.043500 -0.057500 0.011750
v 0.049859 -0.043712 0.011750
v 0.050462 -0.045962 0.011750
v 0.057500 -0.043500 0.011750
v 0.057500 -0.040731 0.011750
v 0.040731 -0.040731 0.011750
v 0.045962 -0.041462 0.011750
v 0.048212 -0.042065 0.011750
v 0.043712 -0.042065 0.011750
v 0.042065 -0.043712 0.011750
v 0.055624 0.050500 0.011750
v 0.049859 0.048212 0.011750
v 0.050462 0.045962 0.011750
v 0.050500 0.055624 0.011750
v 0.048212 0.049859 0.011750
v 0.043500 0.057500 0.011750
v 0.045962 0.050462 0.011750
v 0.043712 0.049859 0.011750
v 0.042065 0.043712 0.011750
v 0.041462 0.045962 0.011750
v 0.040731 0.057500 0.011750
v 0.048212 0.042065 0.011750
v 0.045962 0.041462 0.011750
v 0.042065 0.048212 0.011750
v 0.043712 0.042065 0.011750
v 0.057500 0.043500 0.011750
v 0.049859 0.043712 0.011750
v -0.045962 0.041462 0.011750
v -0.057500 -0.040731 0.011750
v -0.040000 0.000000 0.011750
v -0.038042 -0.012361 0.011750
v -0.032361 -0.023511 0.011750
v -0.038042 0.012361 0.011750
v -0.032361 0.023511 0.011750
v -0.023511 -0.032361 0.011750
v 0.000000 -0.040000 0.011750
v 0.023511 -0.032361 0.011750
v 0.012361 -0.038042 0.011750
v 0.038042 -0.012361 0.011750
v 0.032361 -0.023511 0.011750
v -0.043500 0.057500 0.011750
v -0.043712 0.049859 0.011750
v -0.050500 0.055624 0.011750
v -0.048212 0.049859 0.011750
v -0.045962 0.050462 0.011750
v -0.012361 -0.038042 0.011750
v 0.023511 0.032361 0.011750
v 0.032361 0.023511 0.011750
v -0.041462 0.045962 0.011750
v -0.012361 0.038042 0.011750
v 0.000000 0.040000 0.011750
v -0.042065 0.048212 0.011750
v 0.040000 0.000000 0.011750
v 0.012361 0.038042 0.011750
v -0.055624 0.050500 0.011750
v -0.049859 0.048212 0.011750
v -0.057500 0.043500 0.011750
v -0.050462 0.045962 0.011750
v -0.042065 0.043712 0.011750
v -0.023511 0.032361 0.011750
v -0.049859 0.043712 0.011750
v -0.048212 0.042065 0.011750
v -0.043712 0.042065 0.011750
v 0.038042 0.012361 0.011750
v -0.042065 -0.048212 0.011750
v -0.043712 -0.049859 0.011750
v -0.049859 -0.043712 0.011750
v -0.057500 -0.043500 0.011750
v -0.055624 -0.050500 0.011750
v -0.049859 -0.048212 0.011750
v -0.050462 -0.045962 0.011750
v -0.050500 -0.055624 0.011750
v -0.043500 -0.057500 0.011750
v -0.045962 -0.050462 0.011750
v -0.045962 -0.041462 0.011750
v -0.048212 -0.049859 0.011750
v -0.043712 -0.042065 0.011750
v -0.042065 -0.043712 0.011750
v -0.048212 -0.042065 0.011750
v -0.041462 -0.045962 0.011750
v 0.057500 0.043500 0.011750
v 0.057500 0.043500 0.000750
v 0.055624 0.050500 0.000750
v 0.055624 0.050500 0.011750
v 0.050500 0.055624 0.000750
v 0.050500 0.055624 0.011750
v 0.043500 0.057500 0.000750
v 0.043500 0.057500 0.011750
v -0.043500 0.057500 0.011750
v 0.040731 0.057500 0.011750
v 0.000000 0.057500 0.000750
v 0.043500 0.057500 0.000750
v -0.043500 0.057500 0.000750
v 0.043500 0.057500 0.011750
v -0.043500 0.057500 0.011750
v -0.043500 0.057500 0.000750
v -0.050500 0.055624 0.000750
v -0.050500 0.055624 0.011750
v -0.055624 0.050500 0.000750
v -0.055624 0.050500 0.011750
v -0.057500 0.043500 0.000750
v -0.057500 0.043500 0.011750
v -0.057500 0.043500 0.011750
v -0.057500 0.043500 0.000750
v -0.057500 0.000000 0.000750
v -0.057500 -0.040731 0.011750
v -0.057500 -0.043500 0.000750
v -0.057500 -0.043500 0.011750
v -0.057500 -0.043500 0.011750
v -0.057500 -0.043500 0.000750
v -0.055624 -0.050500 0.000750
v -0.055624 -0.050500 0.011750
v -0.050500 -0.055624 0.000750
v -0.050500 -0.055624 0.011750
v -0.043500 -0.057500 0.000750
v -0.043500 -0.057500 0.011750
v -0.043500 -0.057500 0.011750
v -0.043500 -0.057500 0.000750
v 0.000000 -0.057500 0.000750
v 0.040731 -0.057500 0.011750
v 0.043500 -0.057500 0.000750
v 0.043500 -0.057500 0.011750
v 0.043500 -0.057500 0.011750
v 0.043500 -0.057500 0.000750
v 0.050500 -0.055624 0.000750
v 0.050500 -0.055624 0.011750
v 0.055624 -0.050500 0.000750
v 0.055624 -0.050500 0.011750
v 0.057500 -0.043500 0.000750
v 0.057500 -0.043500 0.011750
v 0.057500 0.043500 0.011750
v 0.057500 -0.040731 0.011750
v 0.057500 0.000000 0.000750
v 0.057500 -0.043500 0.000750
v 0.057500 0.043500 0.000750
v 0.057500 -0.043500 0.011750
v -0.042065 0.043712 0.011750
v -0.041462 0.045962 0.011750
v -0.041462 0.045962 0.000750
v -0.043712 0.042065 0.011750
v -0.042065 0.043712 0.000750
v -0.045962 0.041462 0.011750
v -0.043712 0.042065 0.000750
v -0.048212 0.042065 0.011750
v -0.045962 0.041462 0.000750
v -0.049859 0.043712 0.011750
v -0.048212 0.042065 0.000750
v -0.050462 0.045962 0.011750
v -0.049859 0.043712 0.000750
v -0.049859 0.048212 0.011750
v -0.050462 0.045962 0.000750
v -0.048212 0.049859 0.011750
v -0.049859 0.048212 0.000750
v -0.045962 0.050462 0.011750
v -0.048212 0.049859 0.000750
v -0.043712 0.049859 0.011750
v -0.045962 0.050462 0.000750
v -0.042065 0.048212 0.011750
v -0.043712 0.049859 0.000750
v -0.042065 0.048212 0.000750
v -0.042065 -0.048212 0.011750
v -0.041462 -0.045962 0.011750
v -0.041462 -0.045962 0.000750
v -0.043712 -0.049859 0.011750
v -0.042065 -0.048212 0.000750
v -0.045962 -0.050462 0.011750
v -0.043712 -0.049859 0.000750
v -0.048212 -0.049859 0.011750
v -0.045962 -0.050462 0.000750
v -0.049859 -0.048212 0.011750
v -0.048212 -0.049859 0.000750
v -0.050462 -0.045962 0.011750
v -0.049859 -0.048212 0.000750
v -0.049859 -0.043712 0.011750
v -0.050462 -0.045962 0.000750
v -0.048212 -0.042065 0.011750
v -0.049859 -0.043712 0.000750
v -0.045962 -0.041462 0.011750
v -0.048212 -0.042065 0.000750
v -0.043712 -0.042065 0.011750
v -0.045962 -0.041462 0.000750
v -0.042065 -0.043712 0.011750
v -0.043712 -0.042065 0.000750
v -0.042065 -0.043712 0.000750
v 0.049859 -0.048212 0.011750
v 0.050462 -0.045962 0.011750
v 0.050462 -0.045962 0.000750
v 0.048212 -0.049859 0.011750
v 0.049859 -0.048212 0.000750
v 0.045962 -0.050462 0.011750
v 0.048212 -0.049859 0.000750
v 0.043712 -0.049859 0.011750
v 0.045962 -0.050462 0.000750
v 0.042065 -0.048212 0.011750
v 0.043712 -0.049859 0.000750
v 0.041462 -0.045962 0.011750
v 0.042065 -0.048212 0.000750
v 0.042065 -0.043712 0.011750
v 0.041462 -0.045962 0.000750
v 0.043712 -0.042065 0.011750
v 0.042065 -0.043712 0.000750
v 0.045962 -0.041462 0.011750
v 0.043712 -0.042065 0.000750
v 0.048212 -0.042065 0.011750
v 0.045962 -0.041462 0.000750
v 0.049859 -0.043712 0.011750
v 0.048212 -0.042065 0.000750
v 0.049859 -0.043712 0.000750
v 0.049859 0.043712 0.011750
v 0.050462 0.045962 0.011750
v 0.050462 0.045962 0.000750
v 0.048212 0.042065 0.011750
v 0.049859 0.043712 0.000750
v 0.045962 0.041462 0.011750
v 0.048212 0.042065 0.000750
v 0.043712 0.042065 0.011750
v 0.045962 0.041462 0.000750
v 0.042065 0.043712 0.011750
v 0.043712 0.042065 0.000750
v 0.041462 0.045962 0.011750
v 0.042065 0.043712 0.000750
v 0.042065 0.048212 0.011750
v 0.041462 0.045962 0.000750
v 0.043712 0.049859 0.011750
v 0.042065 0.048212 0.000750
v 0.045962 0.050462 0.011750
v 0.043712 0.049859 0.000750
v 0.048212 0.049859 0.011750
v 0.045962 0.050462 0.000750
v 0.049859 0.048212 0.011750
v 0.048212 0.049859 0.000750
v 0.049859 0.048212 0.000750
v 0.050500 0.055624 0.000750
v 0.048212 0.049859 0.000750
v 0.045962 0.050462 0.000750
v 0.043500 0.057500 0.000750
v 0.055624 0.050500 0.000750
v 0.049859 0.048212 0.000750
v 0.057500 0.043500 0.000750
v 0.050462 0.045962 0.000750
v 0.049859 0.043712 0.000750
v 0.038191 0.033000 0.000750
v 0.043712 0.042065 0.000750
v 0.045962 0.041462 0.000750
v 0.050000 0.033000 0.000750
v 0.048212 0.042065 0.000750
v 0.033000 0.038191 0.000750
v 0.042065 0.043712 0.000750
v 0.033000 0.050000 0.000750
v 0.041462 0.045962 0.000750
v 0.043712 0.049859 0.000750
v 0.042065 0.048212 0.000750
v 0.057500 0.000000 0.000750
v 0.050000 0.000000 0.000750
v 0.000000 0.057500 0.000750
v -0.055624 0.050500 0.000750
v -0.049859 0.048212 0.000750
v -0.050462 0.045962 0.000750
v -0.050500 0.055624 0.000750
v -0.048212 0.049859 0.000750
v -0.043500 0.057500 0.000750
v -0.045962 0.050462 0.000750
v -0.043712 0.049859 0.000750
v -0.033000 0.050000 0.000750
v -0.042065 0.048212 0.000750
v -0.033000 0.038191 0.000750
v -0.042065 0.043712 0.000750
v -0.041462 0.045962 0.000750
v -0.038191 0.033000 0.000750
v -0.050000 0.033000 0.000750
v -0.045962 0.041462 0.000750
v -0.048212 0.042065 0.000750
v -0.057500 0.043500 0.000750
v -0.049859 0.043712 0.000750
v -0.043712 0.042065 0.000750
v 0.000000 0.050000 0.000750
v -0.057500 0.000000 0.000750
v -0.042065 -0.043712 0.000750
v -0.050000 -0.033000 0.000750
v -0.038191 -0.033000 0.000750
v -0.033000 -0.038191 0.000750
v -0.033000 -0.050000 0.000750
v -0.041462 -0.045962 0.000750
v -0.042065 -0.048212 0.000750
v -0.043500 -0.057500 0.000750
v -0.043712 -0.049859 0.000750
v -0.048212 -0.042065 0.000750
v -0.049859 -0.043712 0.000750
v -0.050500 -0.055624 0.000750
v -0.048212 -0.049859 0.000750
v -0.045962 -0.050462 0.000750
v -0.055624 -0.050500 0.000750
v -0.049859 -0.048212 0.000750
v -0.045962 -0.041462 0.000750
v -0.057500 -0.043500 0.000750
v -0.043712 -0.042065 0.000750
v -0.050462 -0.045962 0.000750
v -0.050000 0.000000 0.000750
v 0.000000 -0.057500 0.000750
v 0.055624 -0.050500 0.000750
v 0.049859 -0.048212 0.000750
v 0.050462 -0.045962 0.000750
v 0.057500 -0.043500 0.000750
v 0.050500 -0.055624 0.000750
v 0.048212 -0.049859 0.000750
v 0.050000 -0.033000 0.000750
v 0.049859 -0.043712 0.000750
v 0.043500 -0.057500 0.000750
v 0.045962 -0.050462 0.000750
v 0.048212 -0.042065 0.000750
v 0.042065 -0.048212 0.000750
v 0.043712 -0.049859 0.000750
v 0.038191 -0.033000 0.000750
v 0.043712 -0.042065 0.000750
v 0.042065 -0.043712 0.000750
v 0.045962 -0.041462 0.000750
v 0.000000 -0.050000 0.000750
v 0.033000 -0.050000 0.000750
v 0.033000 -0.038191 0.000750
v 0.041462 -0.045962 0.000750
v 0.033000 0.050000 0.000750
v 0.033000 0.038191 0.000750
v 0.033000 0.038191 -0.180750
v 0.033000 0.050000 -0.180750
v -0.038191 -0.033000 -0.180750
v -0.038191 0.033000 -0.180750
v -0.033000 0.038191 -0.180750
v -0.050000 -0.033000 -0.180750
v -0.050000 0.033000 -0.180750
v 0.033000 0.038191 -0.180750
v 0.038191 0.033000 -0.180750
v 0.038191 -0.033000 -0.180750
v 0.033000 -0.038191 -0.180750
v -0.033000 -0.050000 -0.180750
v -0.033000 -0.038191 -0.180750
v 0.050000 0.033000 -0.180750
v 0.050000 -0.033000 -0.180750
v 0.033000 0.050000 -0.180750
v -0.033000 0.050000 -0.180750
v 0.033000 -0.050000 -0.180750
v 0.050000 0.033000 -0.180750
v 0.038191 0.033000 -0.180750
v 0.038191 0.033000 0.000750
v 0.050000 0.033000 0.000750
v 0.038191 0.033000 -0.180750
v 0.033000 0.038191 -0.180750
v 0.033000 0.038191 0.000750
v 0.038191 0.033000 0.000750
v -0.033000 0.050000 -0.180750
v -0.033000 0.038191 -0.180750
v -0.033000 0.038191 0.000750
v -0.033000 0.050000 0.000750
v -0.033000 0.038191 -0.180750
v -0.038191 0.033000 -0.180750
v -0.038191 0.033000 0.000750
v -0.033000 0.038191 0.000750
v -0.050000 0.033000 0.000750
v -0.038191 0.033000 0.000750
v -0.038191 0.033000 -0.180750
v -0.050000 0.033000 -0.180750
v -0.050000 -0.033000 -0.180750
v -0.050000 -0.033000 0.000750
v -0.050000 0.000000 0.000750
v -0.050000 0.033000 -0.180750
v -0.050000 0.033000 0.000750
v -0.050000 -0.033000 -0.180750
v -0.038191 -0.033000 -0.180750
v -0.038191 -0.033000 0.000750
v -0.050000 -0.033000 0.000750
v -0.038191 -0.033000 -0.180750
v -0.033000 -0.038191 -0.180750
v -0.033000 -0.038191 0.000750
v -0.038191 -0.033000 0.000750
v -0.033000 -0.050000 0.000750
v -0.033000 -0.038191 0.000750
v -0.033000 -0.038191 -0.180750
v -0.033000 -0.050000 -0.180750
v 0.033000 -0.050000 -0.180750
v 0.033000 -0.050000 0.000750
v 0.000000 -0.050000 0.000750
v -0.033000 -0.050000 -0.180750
v -0.033000 -0.050000 0.000750
v 0.033000 -0.050000 -0.180750
v 0.033000 -0.038191 -0.180750
v 0.033000 -0.038191 0.000750
v 0.033000 -0.050000 0.000750
v 0.033000 -0.038191 -0.180750
v 0.038191 -0.033000 -0.180750
v 0.038191 -0.033000 0.000750
v 0.033000 -0.038191 0.000750
v 0.050000 -0.033000 0.000750
v 0.038191 -0.033000 0.000750
v 0.038191 -0.033000 -0.180750
v 0.050000 -0.033000 -0.180750
v 0.050000 -0.033000 -0.180750
v 0.050000 0.033000 -0.180750
v 0.050000 0.000000 0.000750
v 0.050000 0.033000 0.000750
v 0.050000 -0.033000 0.000750
v -0.003150 0.050000 -0.159100
v -0.003150 0.050000 -0.138400
v 0.003150 0.050000 -0.138400
v 0.003150 0.050000 -0.159100
v -0.003485 0.050000 -0.160350
v 0.003485 0.050000 -0.160350
v 0.033000 0.050000 -0.180750
v 0.028850 0.050000 -0.159100
v 0.028850 0.050000 -0.138400
v -0.003485 0.050000 -0.137150
v 0.003485 0.050000 -0.137150
v 0.033000 0.050000 0.000750
v 0.004400 0.050000 -0.136235
v 0.028515 0.050000 -0.160350
v -0.033000 0.050000 -0.180750
v -0.028850 0.050000 -0.138400
v -0.028850 0.050000 -0.159100
v -0.033000 0.050000 0.000750
v -0.028515 0.050000 -0.137150
v 0.028515 0.050000 -0.137150
v 0.005650 0.050000 -0.161600
v 0.026350 0.050000 -0.161600
v -0.004400 0.050000 -0.161265
v 0.004400 0.050000 -0.161265
v -0.004400 0.050000 -0.136235
v 0.026350 0.050000 -0.135900
v 0.005650 0.050000 -0.135900
v -0.026350 0.050000 -0.161600
v -0.005650 0.050000 -0.161600
v -0.028515 0.050000 -0.160350
v 0.027600 0.050000 -0.161265
v -0.027600 0.050000 -0.136235
v -0.027600 0.050000 -0.161265
v 0.000000 0.050000 0.000750
v -0.005650 0.050000 -0.135900
v -0.026350 0.050000 -0.135900
v 0.027600 0.050000 -0.136235
v -0.028850 0.050000 -0.159100
v -0.028850 0.052500 -0.159100
v -0.028515 0.052500 -0.160350
v -0.028515 0.050000 -0.160350
v -0.027600 0.052500 -0.161265
v -0.027600 0.050000 -0.161265
v -0.026350 0.052500 -0.161600
v -0.026350 0.050000 -0.161600
v -0.005650 0.052500 -0.161600
v -0.005650 0.050000 -0.161600
v -0.026350 0.050000 -0.161600
v -0.026350 0.052500 -0.161600
v -0.005650 0.050000 -0.161600
v -0.005650 0.052500 -0.161600
v -0.004400 0.052500 -0.161265
v -0.004400 0.050000 -0.161265
v -0.003485 0.052500 -0.160350
v -0.003485 0.050000 -0.160350
v -0.003150 0.052500 -0.159100
v -0.003150 0.050000 -0.159100
v -0.003150 0.050000 -0.159100
v -0.003150 0.052500 -0.159100
v -0.003150 0.052500 -0.138400
v -0.003150 0.050000 -0.138400
v -0.003150 0.050000 -0.138400
v -0.003150 0.052500 -0.138400
v -0.003485 0.052500 -0.137150
v -0.003485 0.050000 -0.137150
v -0.004400 0.052500 -0.136235
v -0.004400 0.050000 -0.136235
v -0.005650 0.052500 -0.135900
v -0.005650 0.050000 -0.135900
v -0.026350 0.050000 -0.135900
v -0.005650 0.050000 -0.135900
v -0.005650 0.052500 -0.135900
v -0.026350 0.052500 -0.135900
v -0.026350 0.050000 -0.135900
v -0.026350 0.052500 -0.135900
v -0.027600 0.052500 -0.136235
v -0.027600 0.050000 -0.136235
v -0.028515 0.052500 -0.137150
v -0.028515 0.050000 -0.137150
v -0.028850 0.052500 -0.138400
v -0.028850 0.050000 -0.138400
v -0.028850 0.050000 -0.138400
v -0.028850 0.052500 -0.138400
v -0.028850 0.052500 -0.159100
v -0.028850 0.050000 -0.159100
v -0.005608 0.052500 -0.154750
v -0.004400 0.052500 -0.161265
v -0.005650 0.052500 -0.161600
v -0.003150 0.052500 -0.159100
v -0.003485 0.052500 -0.160350
v -0.022000 0.052500 -0.159142
v -0.028515 0.052500 -0.160350
v -0.028850 0.052500 -0.159100
v -0.026350 0.052500 -0.161600
v -0.027600 0.052500 -0.161265
v -0.022000 0.052500 -0.138358
v -0.028515 0.052500 -0.137150
v -0.027600 0.052500 -0.136235
v -0.026392 0.052500 -0.142750
v -0.028850 0.052500 -0.138400
v -0.010000 0.052500 -0.138358
v -0.003485 0.052500 -0.137150
v -0.003150 0.052500 -0.138400
v -0.005650 0.052500 -0.135900
v -0.004400 0.052500 -0.136235
v -0.004000 0.052500 -0.148750
v -0.016000 0.052500 -0.160750
v -0.026350 0.052500 -0.135900
v -0.016000 0.052500 -0.136750
v -0.010000 0.052500 -0.159142
v -0.026392 0.052500 -0.154750
v -0.028000 0.052500 -0.148750
v -0.005608 0.052500 -0.142750
v 0.005650 0.050000 -0.135900
v 0.026350 0.050000 -0.135900
v 0.026350 0.052500 -0.135900
v 0.005650 0.052500 -0.135900
v 0.005650 0.050000 -0.135900
v 0.005650 0.052500 -0.135900
v 0.004400 0.052500 -0.136235
v 0.004400 0.050000 -0.136235
v 0.003485 0.052500 -0.137150
v 0.003485 0.050000 -0.137150
v 0.003150 0.052500 -0.138400
v 0.003150 0.050000 -0.138400
v 0.003150 0.050000 -0.138400
v 0.003150 0.052500 -0.138400
v 0.003150 0.052500 -0.159100
v 0.003150 0.050000 -0.159100
v 0.003150 0.050000 -0.159100
v 0.003150 0.052500 -0.159100
v 0.003485 0.052500 -0.160350
v 0.003485 0.050000 -0.160350
v 0.004400 0.052500 -0.161265
v 0.004400 0.050000 -0.161265
v 0.005650 0.052500 -0.161600
v 0.005650 0.050000 -0.161600
v 0.005650 0.050000 -0.161600
v 0.005650 0.052500 -0.161600
v 0.026350 0.052500 -0.161600
v 0.026350 0.050000 -0.161600
v 0.026350 0.050000 -0.161600
v 0.026350 0.052500 -0.161600
v 0.027600 0.052500 -0.161265
v 0.027600 0.050000 -0.161265
v 0.028515 0.052500 -0.160350
v 0.028515 0.050000 -0.160350
v 0.028850 0.052500 -0.159100
v 0.028850 0.050000 -0.159100
v 0.028850 0.050000 -0.159100
v 0.028850 0.052500 -0.159100
v 0.028850 0.052500 -0.138400
v 0.028850 0.050000 -0.138400
v 0.028850 0.050000 -0.138400
v 0.028850 0.052500 -0.138400
v 0.028515 0.052500 -0.137150
v 0.028515 0.050000 -0.137150
v 0.027600 0.052500 -0.136235
v 0.027600 0.050000 -0.136235
v 0.026350 0.052500 -0.135900
v 0.026350 0.050000 -0.135900
v 0.022000 0.052500 -0.159142
v 0.028515 0.052500 -0.160350
v 0.027600 0.052500 -0.161265
v 0.026392 0.052500 -0.154750
v 0.028850 0.052500 -0.159100
v 0.010000 0.052500 -0.138358
v 0.003485 0.052500 -0.137150
v 0.004400 0.052500 -0.136235
v 0.005608 0.052500 -0.142750
v 0.003150 0.052500 -0.138400
v 0.022000 0.052500 -0.138358
v 0.028515 0.052500 -0.137150
v 0.028850 0.052500 -0.138400
v 0.026350 0.052500 -0.135900
v 0.027600 0.052500 -0.136235
v 0.028000 0.052500 -0.148750
v 0.010000 0.052500 -0.159142
v 0.003485 0.052500 -0.160350
v 0.003150 0.052500 -0.159100
v 0.005650 0.052500 -0.161600
v 0.004400 0.052500 -0.161265
v 0.004000 0.052500 -0.148750
v 0.016000 0.052500 -0.136750
v 0.026350 0.052500 -0.161600
v 0.016000 0.052500 -0.160750
v 0.005650 0.052500 -0.135900
v 0.026392 0.052500 -0.142750
v 0.005608 0.052500 -0.154750
v -0.016000 0.052500 -0.160750
v -0.022000 0.052500 -0.159142
v -0.019190 0.056923 -0.160318
v -0.022000 0.058070 -0.159142
v -0.016000 0.056500 -0.160750
v -0.012811 0.056922 -0.160319
v -0.010000 0.052500 -0.159142
v -0.005608 0.052500 -0.154750
v -0.006945 0.060500 -0.156624
v -0.006592 0.060905 -0.156199
v -0.009896 0.058129 -0.159081
v -0.004000 0.052500 -0.148750
v -0.004117 0.065776 -0.150419
v -0.004031 0.066139 -0.149619
v -0.004409 0.064786 -0.151857
v -0.005415 0.062583 -0.154404
v -0.005605 0.062268 -0.154746
v -0.005374 0.062655 -0.143175
v -0.005599 0.062278 -0.142764
v -0.004000 0.066288 -0.148750
v -0.004032 0.066137 -0.147875
v -0.004507 0.064511 -0.145299
v -0.005608 0.052500 -0.142750
v -0.006945 0.060500 -0.140876
v -0.010000 0.058070 -0.138358
v -0.006592 0.060905 -0.141301
v -0.016000 0.052500 -0.136750
v -0.010000 0.052500 -0.138358
v -0.012810 0.056923 -0.137182
v -0.016000 0.056500 -0.136750
v -0.019189 0.056922 -0.137181
v -0.022000 0.052500 -0.138358
v -0.026392 0.052500 -0.142750
v -0.025055 0.060500 -0.140876
v -0.025408 0.060905 -0.141301
v -0.022104 0.058129 -0.138419
v -0.028000 0.052500 -0.148750
v -0.027883 0.065774 -0.147079
v -0.027968 0.066138 -0.147879
v -0.027591 0.064785 -0.145642
v -0.026585 0.062583 -0.143096
v -0.026395 0.062268 -0.142754
v -0.026626 0.062655 -0.154325
v -0.026401 0.062278 -0.154736
v -0.028000 0.066288 -0.148750
v -0.027968 0.066138 -0.149621
v -0.027494 0.064513 -0.152198
v -0.026392 0.052500 -0.154750
v -0.025055 0.060500 -0.156624
v -0.025408 0.060905 -0.156199
v 0.004000 0.052500 -0.148750
v 0.004116 0.065776 -0.147083
v 0.004031 0.066140 -0.147884
v 0.004408 0.064788 -0.145646
v 0.005415 0.062583 -0.143096
v 0.005608 0.052500 -0.142750
v 0.005604 0.062270 -0.142756
v 0.005407 0.062598 -0.154388
v 0.005608 0.062264 -0.154750
v 0.004000 0.066288 -0.148750
v 0.004032 0.066138 -0.149621
v 0.004506 0.064513 -0.152198
v 0.005608 0.052500 -0.154750
v 0.007395 0.060032 -0.157113
v 0.010000 0.058070 -0.159142
v 0.016000 0.052500 -0.160750
v 0.010000 0.052500 -0.159142
v 0.012810 0.056923 -0.160318
v 0.016000 0.056500 -0.160750
v 0.019189 0.056922 -0.160319
v 0.022000 0.052500 -0.159142
v 0.026392 0.052500 -0.154750
v 0.022104 0.058129 -0.159081
v 0.024608 0.060034 -0.157111
v 0.028000 0.052500 -0.148750
v 0.027883 0.065776 -0.150419
v 0.027969 0.066139 -0.149619
v 0.027592 0.064788 -0.151854
v 0.026585 0.062583 -0.154404
v 0.026397 0.062272 -0.154742
v 0.026593 0.062598 -0.143112
v 0.026392 0.062264 -0.142750
v 0.028000 0.066288 -0.148750
v 0.027968 0.066138 -0.147878
v 0.027495 0.064515 -0.145304
v 0.026392 0.052500 -0.142750
v 0.024602 0.060028 -0.140383
v 0.022000 0.058070 -0.138358
v 0.016000 0.052500 -0.136750
v 0.022000 0.052500 -0.138358
v 0.019190 0.056923 -0.137182
v 0.016000 0.056500 -0.136750
v 0.012811 0.056922 -0.137181
v 0.010000 0.052500 -0.138358
v 0.009896 0.058129 -0.138419
v 0.006945 0.060500 -0.140876
v -0.022229 0.079298 -0.124600
v -0.024948 0.077116 -0.157972
v -0.026657 0.074792 -0.155931
v -0.022229 0.079298 -0.159989
v -0.026657 0.074792 -0.124600
v -0.028131 0.070454 -0.152988
v -0.028250 0.068678 -0.152631
v -0.027800 0.072039 -0.153837
v -0.005343 0.074792 -0.124600
v -0.003870 0.070457 -0.152990
v -0.004429 0.072770 -0.154338
v -0.003750 0.068678 -0.124600
v -0.003750 0.068678 -0.152631
v -0.009771 0.079298 -0.124600
v -0.005343 0.074792 -0.155931
v -0.007063 0.077128 -0.157983
v -0.012746 0.056940 -0.161181
v -0.012811 0.056922 -0.160319
v -0.016000 0.056500 -0.160750
v -0.009896 0.058129 -0.160058
v -0.009896 0.058129 -0.159081
v -0.022104 0.058129 -0.160058
v -0.019268 0.056944 -0.161177
v -0.019190 0.056923 -0.160318
v -0.016000 0.056500 -0.161600
v -0.026585 0.062583 -0.156036
v -0.025408 0.060905 -0.156199
v -0.026401 0.062278 -0.154736
v -0.024948 0.060384 -0.157972
v -0.025055 0.060500 -0.156624
v -0.022000 0.058070 -0.159142
v -0.028250 0.068678 -0.124600
v -0.027591 0.064785 -0.145642
v -0.026585 0.062583 -0.143096
v -0.027883 0.065774 -0.147079
v -0.027968 0.066138 -0.147879
v -0.028000 0.066288 -0.148750
v -0.027968 0.066138 -0.149621
v -0.027526 0.064602 -0.154430
v -0.026626 0.062655 -0.154325
v -0.027494 0.064513 -0.152198
v -0.028109 0.066900 -0.153049
v -0.026585 0.062583 -0.124600
v -0.025055 0.060500 -0.140876
v -0.022104 0.058129 -0.138419
v -0.026395 0.062268 -0.142754
v -0.025408 0.060905 -0.141301
v -0.022104 0.058129 -0.124600
v -0.019189 0.056922 -0.137181
v -0.016000 0.056500 -0.136750
v -0.009896 0.058129 -0.124600
v -0.016000 0.056500 -0.124600
v -0.012810 0.056923 -0.137182
v -0.005415 0.062583 -0.124600
v -0.006592 0.060905 -0.141301
v -0.005599 0.062278 -0.142764
v -0.006945 0.060500 -0.140876
v -0.010000 0.058070 -0.138358
v -0.004031 0.066139 -0.149619
v -0.004117 0.065776 -0.150419
v -0.004000 0.066288 -0.148750
v -0.004238 0.065328 -0.153924
v -0.004409 0.064786 -0.151857
v -0.005415 0.062583 -0.154404
v -0.005415 0.062583 -0.156036
v -0.003890 0.066904 -0.153047
v -0.004032 0.066137 -0.147875
v -0.005374 0.062655 -0.143175
v -0.004507 0.064511 -0.145299
v -0.007063 0.060372 -0.157983
v -0.006592 0.060905 -0.156199
v -0.005605 0.062268 -0.154746
v -0.006945 0.060500 -0.156624
v -0.009771 0.079298 -0.159989
v -0.010671 0.080212 -0.124600
v -0.009771 0.079298 -0.124600
v -0.009771 0.079298 -0.159989
v -0.010272 0.079688 -0.160253
v -0.011000 0.081451 -0.124600
v -0.010671 0.080212 -0.160443
v -0.010915 0.080806 -0.160551
v -0.011000 0.081451 -0.160587
v -0.011000 0.081500 -0.124600
v -0.011000 0.081451 -0.124600
v -0.011000 0.081451 -0.160587
v -0.011000 0.081500 -0.160587
v -0.006149 0.067582 -0.157002
v -0.003870 0.070457 -0.152990
v -0.003750 0.068678 -0.152631
v -0.004429 0.072770 -0.154338
v -0.005343 0.074792 -0.155931
v -0.003890 0.066904 -0.153047
v -0.004238 0.065328 -0.153924
v -0.005415 0.062583 -0.156036
v -0.007063 0.060372 -0.157983
v -0.007063 0.077128 -0.157983
v -0.012746 0.081500 -0.161181
v -0.016000 0.056500 -0.161600
v -0.019268 0.056944 -0.161177
v -0.012746 0.056940 -0.161181
v -0.025814 0.069850 -0.157045
v -0.028109 0.066900 -0.153049
v -0.028250 0.068678 -0.152631
v -0.027526 0.064602 -0.154430
v -0.026585 0.062583 -0.156036
v -0.028131 0.070454 -0.152988
v -0.027800 0.072039 -0.153837
v -0.026657 0.074792 -0.155931
v -0.024948 0.077116 -0.157972
v -0.024948 0.060384 -0.157972
v -0.019268 0.081500 -0.161177
v -0.021085 0.080806 -0.160551
v -0.021000 0.081451 -0.160587
v -0.021329 0.080212 -0.160443
v -0.021728 0.079687 -0.160252
v -0.020786 0.068121 -0.160676
v -0.022104 0.058129 -0.160058
v -0.022229 0.079298 -0.159989
v -0.011221 0.068119 -0.160678
v -0.009896 0.058129 -0.160058
v -0.010272 0.079688 -0.160253
v -0.009771 0.079298 -0.159989
v -0.010671 0.080212 -0.160443
v -0.010915 0.080806 -0.160551
v -0.011000 0.081500 -0.160587
v -0.011000 0.081451 -0.160587
v -0.021000 0.081500 -0.160587
v -0.021000 0.081451 -0.124600
v -0.021000 0.081500 -0.124600
v -0.021000 0.081500 -0.160587
v -0.021000 0.081451 -0.160587
v -0.011000 0.081500 -0.124600
v -0.019268 0.081500 -0.161177
v -0.021000 0.081500 -0.160587
v -0.011000 0.081500 -0.160587
v -0.012746 0.081500 -0.161181
v -0.021000 0.081500 -0.124600
v -0.021000 0.081451 -0.124600
v -0.021085 0.080806 -0.160551
v -0.021329 0.080212 -0.160443
v -0.021000 0.081451 -0.160587
v -0.021329 0.080212 -0.124600
v -0.021728 0.079687 -0.160252
v -0.022229 0.079298 -0.159989
v -0.022229 0.079298 -0.124600
v -0.021000 0.081500 -0.124600
v -0.021000 0.081451 -0.124600
v -0.016000 0.080050 -0.124600
v -0.021650 0.078536 -0.124600
v -0.021329 0.080212 -0.124600
v -0.011000 0.081500 -0.124600
v -0.022229 0.079298 -0.124600
v -0.026657 0.074792 -0.124600
v -0.025786 0.074400 -0.124600
v -0.028250 0.068678 -0.124600
v -0.027300 0.068750 -0.124600
v -0.026585 0.062583 -0.124600
v -0.025786 0.063100 -0.124600
v -0.022104 0.058129 -0.124600
v -0.021650 0.058964 -0.124600
v -0.016000 0.056500 -0.124600
v -0.016000 0.057450 -0.124600
v -0.010671 0.080212 -0.124600
v -0.011000 0.081451 -0.124600
v -0.010350 0.078536 -0.124600
v -0.009771 0.079298 -0.124600
v -0.009896 0.058129 -0.124600
v -0.010350 0.058964 -0.124600
v -0.005415 0.062583 -0.124600
v -0.006214 0.063100 -0.124600
v -0.006214 0.074400 -0.124600
v -0.005343 0.074792 -0.124600
v -0.004700 0.068750 -0.124600
v -0.003750 0.068678 -0.124600
v -0.004700 0.068750 -0.113500
v -0.004700 0.068750 -0.124600
v -0.006214 0.074400 -0.124600
v -0.006214 0.074400 -0.113500
v -0.010350 0.078536 -0.124600
v -0.010350 0.078536 -0.113500
v -0.016000 0.080050 -0.124600
v -0.016000 0.080050 -0.113500
v -0.021650 0.078536 -0.124600
v -0.021650 0.078536 -0.113500
v -0.025786 0.074400 -0.124600
v -0.025786 0.074400 -0.113500
v -0.027300 0.068750 -0.124600
v -0.027300 0.068750 -0.113500
v -0.025786 0.063100 -0.124600
v -0.025786 0.063100 -0.113500
v -0.021650 0.058964 -0.124600
v -0.021650 0.058964 -0.113500
v -0.016000 0.057450 -0.124600
v -0.016000 0.057450 -0.113500
v -0.010350 0.058964 -0.124600
v -0.010350 0.058964 -0.113500
v -0.006214 0.063100 -0.124600
v -0.006214 0.063100 -0.113500
v -0.025786 0.074400 -0.113500
v -0.027300 0.068750 -0.113500
v -0.026750 0.068750 -0.113500
v -0.025786 0.063100 -0.113500
v -0.025310 0.063375 -0.113500
v -0.021650 0.058964 -0.113500
v -0.021375 0.059440 -0.113500
v -0.016000 0.057450 -0.113500
v -0.016000 0.058000 -0.113500
v -0.021650 0.078536 -0.113500
v -0.025310 0.074125 -0.113500
v -0.010350 0.058964 -0.113500
v -0.010625 0.059440 -0.113500
v -0.006214 0.074400 -0.113500
v -0.006690 0.074125 -0.113500
v -0.005250 0.068750 -0.113500
v -0.010350 0.078536 -0.113500
v -0.010625 0.078060 -0.113500
v -0.016000 0.080050 -0.113500
v -0.016000 0.079500 -0.113500
v -0.021375 0.078060 -0.113500
v -0.006214 0.063100 -0.113500
v -0.006690 0.063375 -0.113500
v -0.004700 0.068750 -0.113500
v -0.005250 0.068750 -0.108000
v -0.005250 0.068750 -0.113500
v -0.006690 0.074125 -0.113500
v -0.006690 0.074125 -0.108000
v -0.010625 0.078060 -0.113500
v -0.010625 0.078060 -0.108000
v -0.016000 0.079500 -0.113500
v -0.016000 0.079500 -0.108000
v -0.021375 0.078060 -0.113500
v -0.021375 0.078060 -0.108000
v -0.025310 0.074125 -0.113500
v -0.025310 0.074125 -0.108000
v -0.026750 0.068750 -0.113500
v -0.026750 0.068750 -0.108000
v -0.025310 0.063375 -0.113500
v -0.025310 0.063375 -0.108000
v -0.021375 0.059440 -0.113500
v -0.021375 0.059440 -0.108000
v -0.016000 0.058000 -0.113500
v -0.016000 0.058000 -0.108000
v -0.010625 0.059440 -0.113500
v -0.010625 0.059440 -0.108000
v -0.006690 0.063375 -0.113500
v -0.006690 0.063375 -0.108000
v -0.016000 0.079500 -0.108000
v -0.016000 0.077850 -0.108000
v -0.011450 0.076631 -0.108000
v -0.021375 0.078060 -0.108000
v -0.020550 0.076631 -0.108000
v -0.025310 0.074125 -0.108000
v -0.023881 0.073300 -0.108000
v -0.016000 0.058000 -0.108000
v -0.016000 0.059650 -0.108000
v -0.020550 0.060869 -0.108000
v -0.010625 0.059440 -0.108000
v -0.011450 0.060869 -0.108000
v -0.006690 0.063375 -0.108000
v -0.008119 0.064200 -0.108000
v -0.005250 0.068750 -0.108000
v -0.006900 0.068750 -0.108000
v -0.026750 0.068750 -0.108000
v -0.025100 0.068750 -0.108000
v -0.025310 0.063375 -0.108000
v -0.023881 0.064200 -0.108000
v -0.021375 0.059440 -0.108000
v -0.006690 0.074125 -0.108000
v -0.008119 0.073300 -0.108000
v -0.010625 0.078060 -0.108000
v -0.023881 0.064200 -0.117000
v -0.025100 0.068750 -0.117000
v -0.025100 0.068750 -0.108000
v -0.020550 0.060869 -0.117000
v -0.023881 0.064200 -0.108000
v -0.016000 0.059650 -0.117000
v -0.020550 0.060869 -0.108000
v -0.011450 0.060869 -0.117000
v -0.016000 0.059650 -0.108000
v -0.008119 0.064200 -0.117000
v -0.011450 0.060869 -0.108000
v -0.006900 0.068750 -0.117000
v -0.008119 0.064200 -0.108000
v -0.008119 0.073300 -0.117000
v -0.006900 0.068750 -0.108000
v -0.011450 0.076631 -0.117000
v -0.008119 0.073300 -0.108000
v -0.016000 0.077850 -0.117000
v -0.011450 0.076631 -0.108000
v -0.020550 0.076631 -0.117000
v -0.016000 0.077850 -0.108000
v -0.023881 0.073300 -0.117000
v -0.020550 0.076631 -0.108000
v -0.023881 0.073300 -0.108000
v -0.016000 0.068750 -0.117000
v -0.023881 0.064200 -0.117000
v -0.020550 0.060869 -0.117000
v -0.016000 0.059650 -0.117000
v -0.011450 0.060869 -0.117000
v -0.008119 0.064200 -0.117000
v -0.006900 0.068750 -0.117000
v -0.008119 0.073300 -0.117000
v -0.011450 0.076631 -0.117000
v -0.016000 0.077850 -0.117000
v -0.020550 0.076631 -0.117000
v -0.023881 0.073300 -0.117000
v -0.025100 0.068750 -0.117000
v 0.009771 0.079298 -0.124600
v 0.007054 0.077119 -0.157975
v 0.005343 0.074792 -0.155931
v 0.009771 0.079298 -0.159989
v 0.005343 0.074792 -0.124600
v 0.003869 0.070454 -0.152988
v 0.003750 0.068678 -0.152631
v 0.004200 0.072039 -0.153837
v 0.026657 0.074792 -0.124600
v 0.028130 0.070460 -0.152991
v 0.027571 0.072771 -0.154338
v 0.028250 0.068678 -0.124600
v 0.028250 0.068678 -0.152631
v 0.022229 0.079298 -0.124600
v 0.026657 0.074792 -0.155931
v 0.024946 0.077118 -0.157974
v 0.009896 0.058129 -0.124600
v 0.012811 0.056922 -0.137181
v 0.016000 0.056500 -0.136750
v 0.009896 0.058129 -0.138419
v 0.022104 0.058129 -0.124600
v 0.016000 0.056500 -0.124600
v 0.019190 0.056923 -0.137182
v 0.026585 0.062583 -0.124600
v 0.024602 0.060028 -0.140383
v 0.026392 0.062264 -0.142750
v 0.022000 0.058070 -0.138358
v 0.027969 0.066139 -0.149619
v 0.027883 0.065776 -0.150419
v 0.028000 0.066288 -0.148750
v 0.027761 0.065325 -0.153926
v 0.027592 0.064788 -0.151854
v 0.026585 0.062583 -0.154404
v 0.026585 0.062583 -0.156036
v 0.028110 0.066903 -0.153048
v 0.027968 0.066138 -0.147878
v 0.026593 0.062598 -0.143112
v 0.027495 0.064515 -0.145304
v 0.024946 0.060382 -0.157974
v 0.024608 0.060034 -0.157111
v 0.022104 0.058129 -0.159081
v 0.026397 0.062272 -0.154742
v 0.019262 0.056942 -0.161179
v 0.019189 0.056922 -0.160319
v 0.016000 0.056500 -0.160750
v 0.022104 0.058129 -0.160058
v 0.009896 0.058129 -0.160058
v 0.012738 0.056942 -0.161179
v 0.012810 0.056923 -0.160318
v 0.016000 0.056500 -0.161600
v 0.007395 0.060032 -0.157113
v 0.005608 0.062264 -0.154750
v 0.005415 0.062583 -0.156036
v 0.007054 0.060381 -0.157975
v 0.010000 0.058070 -0.159142
v 0.003750 0.068678 -0.124600
v 0.004408 0.064788 -0.145646
v 0.005415 0.062583 -0.143096
v 0.004116 0.065776 -0.147083
v 0.004031 0.066140 -0.147884
v 0.004000 0.066288 -0.148750
v 0.004032 0.066138 -0.149621
v 0.004474 0.064602 -0.154430
v 0.005407 0.062598 -0.154388
v 0.004506 0.064513 -0.152198
v 0.003891 0.066900 -0.153049
v 0.005415 0.062583 -0.124600
v 0.006945 0.060500 -0.140876
v 0.005604 0.062270 -0.142756
v 0.022229 0.079298 -0.159989
v 0.021329 0.080212 -0.124600
v 0.022229 0.079298 -0.124600
v 0.022229 0.079298 -0.159989
v 0.021728 0.079688 -0.160253
v 0.021000 0.081451 -0.124600
v 0.021329 0.080212 -0.160443
v 0.021085 0.080806 -0.160551
v 0.021000 0.081451 -0.160587
v 0.021000 0.081500 -0.124600
v 0.021000 0.081451 -0.124600
v 0.021000 0.081451 -0.160587
v 0.021000 0.081500 -0.160587
v 0.025854 0.067587 -0.156997
v 0.028130 0.070460 -0.152991
v 0.028250 0.068678 -0.152631
v 0.027571 0.072771 -0.154338
v 0.026657 0.074792 -0.155931
v 0.028110 0.066903 -0.153048
v 0.027761 0.065325 -0.153926
v 0.026585 0.062583 -0.156036
v 0.024946 0.060382 -0.157974
v 0.024946 0.077118 -0.157974
v 0.012738 0.081500 -0.161179
v 0.019262 0.081500 -0.161179
v 0.019262 0.056942 -0.161179
v 0.016000 0.056500 -0.161600
v 0.006187 0.069851 -0.157046
v 0.003891 0.066900 -0.153049
v 0.003750 0.068678 -0.152631
v 0.004474 0.064602 -0.154430
v 0.005415 0.062583 -0.156036
v 0.003869 0.070454 -0.152988
v 0.004200 0.072039 -0.153837
v 0.005343 0.074792 -0.155931
v 0.007054 0.077119 -0.157975
v 0.007054 0.060381 -0.157975
v 0.010915 0.080806 -0.160551
v 0.011000 0.081451 -0.160587
v 0.012738 0.056942 -0.161179
v 0.010671 0.080212 -0.160443
v 0.010272 0.079687 -0.160252
v 0.011217 0.068120 -0.160677
v 0.009896 0.058129 -0.160058
v 0.009771 0.079298 -0.159989
v 0.020783 0.068120 -0.160677
v 0.022104 0.058129 -0.160058
v 0.021728 0.079688 -0.160253
v 0.022229 0.079298 -0.159989
v 0.021329 0.080212 -0.160443
v 0.021085 0.080806 -0.160551
v 0.021000 0.081500 -0.160587
v 0.021000 0.081451 -0.160587
v 0.011000 0.081500 -0.160587
v 0.011000 0.081451 -0.124600
v 0.011000 0.081500 -0.124600
v 0.011000 0.081500 -0.160587
v 0.011000 0.081451 -0.160587
v 0.011000 0.081500 -0.124600
v 0.019262 0.081500 -0.161179
v 0.012738 0.081500 -0.161179
v 0.021000 0.081500 -0.124600
v 0.021000 0.081500 -0.160587
v 0.011000 0.081500 -0.160587
v 0.011000 0.081451 -0.124600
v 0.010915 0.080806 -0.160551
v 0.010671 0.080212 -0.160443
v 0.011000 0.081451 -0.160587
v 0.010671 0.080212 -0.124600
v 0.010272 0.079687 -0.160252
v 0.009771 0.079298 -0.159989
v 0.009771 0.079298 -0.124600
v 0.011000 0.081500 -0.124600
v 0.011000 0.081451 -0.124600
v 0.016000 0.080100 -0.124600
v 0.005343 0.074792 -0.124600
v 0.003750 0.068678 -0.124600
v 0.004650 0.068750 -0.124600
v 0.005415 0.062583 -0.124600
v 0.006171 0.063075 -0.124600
v 0.021329 0.080212 -0.124600
v 0.021000 0.081451 -0.124600
v 0.021675 0.078579 -0.124600
v 0.022229 0.079298 -0.124600
v 0.010325 0.078579 -0.124600
v 0.010671 0.080212 -0.124600
v 0.021000 0.081500 -0.124600
v 0.009771 0.079298 -0.124600
v 0.006171 0.074425 -0.124600
v 0.009896 0.058129 -0.124600
v 0.010325 0.058921 -0.124600
v 0.016000 0.056500 -0.124600
v 0.016000 0.057400 -0.124600
v 0.022104 0.058129 -0.124600
v 0.021675 0.058921 -0.124600
v 0.026585 0.062583 -0.124600
v 0.025829 0.063075 -0.124600
v 0.028250 0.068678 -0.124600
v 0.027350 0.068750 -0.124600
v 0.026657 0.074792 -0.124600
v 0.025829 0.074425 -0.124600
v 0.027350 0.068750 -0.108400
v 0.027350 0.068750 -0.124600
v 0.025829 0.074425 -0.124600
v 0.025829 0.074425 -0.108400
v 0.021675 0.078579 -0.124600
v 0.021675 0.078579 -0.108400
v 0.016000 0.080100 -0.124600
v 0.016000 0.080100 -0.108400
v 0.010325 0.078579 -0.124600
v 0.010325 0.078579 -0.108400
v 0.006171 0.074425 -0.124600
v 0.006171 0.074425 -0.108400
v 0.004650 0.068750 -0.124600
v 0.004650 0.068750 -0.108400
v 0.006171 0.063075 -0.124600
v 0.006171 0.063075 -0.108400
v 0.010325 0.058921 -0.124600
v 0.010325 0.058921 -0.108400
v 0.016000 0.057400 -0.124600
v 0.016000 0.057400 -0.108400
v 0.021675 0.058921 -0.124600
v 0.021675 0.058921 -0.108400
v 0.025829 0.063075 -0.124600
v 0.025829 0.063075 -0.108400
v 0.016000 0.057400 -0.108400
v 0.016000 0.059150 -0.108400
v 0.011200 0.060436 -0.108400
v 0.021675 0.058921 -0.108400
v 0.020800 0.060436 -0.108400
v 0.010325 0.058921 -0.108400
v 0.007686 0.063950 -0.108400
v 0.025829 0.074425 -0.108400
v 0.021675 0.078579 -0.108400
v 0.020800 0.077064 -0.108400
v 0.016000 0.080100 -0.108400
v 0.016000 0.078350 -0.108400
v 0.010325 0.078579 -0.108400
v 0.011200 0.077064 -0.108400
v 0.006171 0.074425 -0.108400
v 0.007686 0.073550 -0.108400
v 0.025829 0.063075 -0.108400
v 0.024314 0.063950 -0.108400
v 0.027350 0.068750 -0.108400
v 0.024314 0.073550 -0.108400
v 0.004650 0.068750 -0.108400
v 0.006400 0.068750 -0.108400
v 0.006171 0.063075 -0.108400
v 0.025600 0.068750 -0.108400
v 0.007686 0.063950 -0.116400
v 0.006400 0.068750 -0.116400
v 0.006400 0.068750 -0.108400
v 0.011200 0.060436 -0.116400
v 0.007686 0.063950 -0.108400
v 0.016000 0.059150 -0.116400
v 0.011200 0.060436 -0.108400
v 0.020800 0.060436 -0.116400
v 0.016000 0.059150 -0.108400
v 0.024314 0.063950 -0.116400
v 0.020800 0.060436 -0.108400
v 0.025600 0.068750 -0.116400
v 0.024314 0.063950 -0.108400
v 0.024314 0.073550 -0.116400
v 0.025600 0.068750 -0.108400
v 0.020800 0.077064 -0.116400
v 0.024314 0.073550 -0.108400
v 0.016000 0.078350 -0.116400
v 0.020800 0.077064 -0.108400
v 0.011200 0.077064 -0.116400
v 0.016000 0.078350 -0.108400
v 0.007686 0.073550 -0.116400
v 0.011200 0.077064 -0.108400
v 0.007686 0.073550 -0.108400
v 0.016000 0.068750 -0.116400
v 0.007686 0.063950 -0.116400
v 0.011200 0.060436 -0.116400
v 0.016000 0.059150 -0.116400
v 0.020800 0.060436 -0.116400
v 0.024314 0.063950 -0.116400
v 0.025600 0.068750 -0.116400
v 0.024314 0.073550 -0.116400
v 0.020800 0.077064 -0.116400
v 0.016000 0.078350 -0.116400
v 0.011200 0.077064 -0.116400
v 0.007686 0.073550 -0.116400
v 0.006400 0.068750 -0.116400
vn 0.000 0.000 1.000
vn 0.000 0.000 1.000
vn 0.000 0.000 1.000
vn 0.000 0.000 1.000
vn 0.000 0.000 1.000
vn 0.000 0.000 1.000
vn 0.000 0.000 1.000
vn 0.000 0.000 1.000
vn 0.000 0.000 1.000
vn 0.000 0.000 1.000
vn 0.000 0.000 1.000
vn 0.000 0.000 1.000
vn 0.000 0.000 1.000
vn 0.000 0.000 1.000
vn 0.000 0.000 1.000
vn 0.000 0.000 1.000
vn 0.000 0.000 1.000
vn 0.000 0.000 1.000
vn 0.000 0.000 1.000
vn 0.000 0.000 1.000
vn 0.000 0.000 1.000
vn 1.000 0.000 0.000
vn 1.000 0.000 0.000
vn 0.951 0.309 0.000
vn 0.951 0.309 0.000
vn 0.809 0.588 0.000
vn 0.809 0.588 0.000
vn 0.588 0.809 0.000
vn 0.588 0.809 0.000
vn 0.309 0.951 0.000
vn 0.309 0.951 0.000
vn 0.000 1.000 0.000
vn 0.000 1.000 0.000
vn -0.309 0.951 0.000
vn -0.309 0.951 0.000
vn -0.588 0.809 0.000
vn -0.588 0.809 0.000
vn -0.809 0.588 0.000
vn -0.809 0.588 0.000
vn -0.951 0.309 0.000
vn -0.951 0.309 0.000
vn -1.000 0.000 0.000
vn -1.000 0.000 0.000
vn -0.951 -0.309 0.000
vn -0.951 -0.309 0.000
vn -0.809 -0.588 0.000
vn -0.809 -0.588 0.000
vn -0.588 -0.809 0.000
vn -0.588 -0.809 0.000
vn -0.309 -0.951 0.000
vn -0.309 -0.951 0.000
vn 0.000 -1.000 0.000
vn 0.000 -1.000 0.000
vn 0.309 -0.951 0.000
vn 0.309 -0.951 0.000
vn 0.588 -0.809 0.000
vn 0.588 -0.809 0.000
vn 0.809 -0.588 0.000
vn 0.809 -0.588 0.000
vn 0.951 -0.309 0.000
vn 0.951 -0.309 0.000
vn 0.000 0.000 1.000
vn 0.000 0.000 1.000
vn 0.000 0.000 1.000
vn 0.000 0.000 1.000
vn 0.000 0.000 1.000
vn 0.000 0.000 1.000
vn 0.000 0.000 1.000
vn 0.000 0.000 1.000
vn 0.000 0.000 1.000
vn 0.000 0.000 1.000
vn 0.000 0.000 1.000
vn 0.000 0.000 1.000
vn 0.000 0.000 1.000
vn 0.000 0.000 1.000
vn 0.000 0.000 1.000
vn 0.000 0.000 1.000
vn 0.000 0.000 1.000
vn 0.000 0.000 1.000
vn 0.000 0.000 1.000
vn 0.000 0.000 1.000
vn 0.000 0.000 1.000
vn 0.000 0.000 1.000
vn 0.000 0.000 1.000
vn 0.000 0.000 1.000
vn 0.000 0.000 1.000
vn 0.000 0.000 1.000
vn 0.000 0.000 1.000
vn 0.000 0.000 1.000
vn 0.000 0.000 1.000
vn 0.000 0.000 1.000
vn 0.000 0.000 1.000
vn 0.000 0.000 1.000
vn 0.000 0.000 1.000
vn 0.000 0.000 1.000
vn 0.000 0.000 1.000
vn 0.000 0.000 1.000
vn 0.000 0.000 1.000
vn 0.000 0.000 1.000
vn 0.000 0.000 1.000
vn 0.000 0.000 1.000
vn 0.000 0.000 1.000
vn 0.000 0.000 1.000
vn 0.000 0.000 1.000
vn 0.000 0.000 1.000
vn 0.000 0.000 1.000
vn 0.000 0.000 1.000
vn 0.000 0.000 1.000
vn 0.000 0.000 1.000
vn 0.000 0.000 1.000
vn 0.000 0.000 1.000
vn 0.000 0.000 1.000
vn 0.000 0.000 1.000
vn 0.000 0.000 1.000
vn 0.000 0.000 1.000
vn 0.000 0.000 1.000
vn 0.000 0.000 1.000
vn 0.000 0.000 1.000
vn 0.000 0.000 1.000
vn 0.000 0.000 1.000
vn 0.000 0.000 1.000
vn 0.000 0.000 1.000
vn 0.000 0.000 1.000
vn 0.000 0.000 1.000
vn 0.000 0.000 1.000
vn 0.000 0.000 1.000
vn 0.000 0.000 1.000
vn 0.000 0.000 1.000
vn 0.000 0.000 1.000
vn 0.000 0.000 1.000
vn 0.000 0.000 1.000
vn 0.000 0.000 1.000
vn 0.000 0.000 1.000
vn 0.000 0.000 1.000
vn 0.000 0.000 1.000
vn 0.000 0.000 1.000
vn 0.000 0.000 1.000
vn 0.000 0.000 1.000
vn 0.000 0.000 1.000
vn 0.000 0.000 1.000
vn 0.000 0.000 1.000
vn 0.000 0.000 1.000
vn 0.000 0.000 1.000
vn 0.000 0.000 1.000
vn 0.000 0.000 1.000
vn 0.000 0.000 1.000
vn 0.000 0.000 1.000
vn 0.000 0.000 1.000
vn 0.000 0.000 1.000
vn 0.000 0.000 1.000
vn 1.000 0.000 0.000
vn 1.000 0.000 0.000
vn 0.866 0.500 0.000
vn 0.866 0.500 0.000
vn 0.500 0.866 0.000
vn 0.500 0.866 0.000
vn 0.000 1.000 0.000
vn 0.000 1.000 0.000
vn 0.000 1.000 0.000
vn 0.000 1.000 0.000
vn 0.000 1.000 0.000
vn 0.000 1.000 0.000
vn 0.000 1.000 0.000
vn 0.000 1.000 0.000
vn 0.000 1.000 0.000
vn 0.000 1.000 0.000
vn -0.500 0.866 0.000
vn -0.500 0.866 0.000
vn -0.866 0.500 0.000
vn -0.866 0.500 0.000
vn -1.000 0.000 0.000
vn -1.000 0.000 0.000
vn -1.000 0.000 0.000
vn -1.000 0.000 0.000
vn -1.000 0.000 0.000
vn -1.000 0.000 0.000
vn -1.000 0.000 0.000
vn -1.000 0.000 0.000
vn -1.000 0.000 0.000
vn -1.000 0.000 0.000
vn -0.866 -0.500 0.000
vn -0.866 -0.500 0.000
vn -0.500 -0.866 0.000
vn -0.500 -0.866 0.000
vn 0.000 -1.000 0.000
vn 0.000 -1.000 0.000
vn 0.000 -1.000 0.000
vn 0.000 -1.000 0.000
vn 0.000 -1.000 0.000
vn 0.000 -1.000 0.000
vn 0.000 -1.000 0.000
vn 0.000 -1.000 0.000
vn 0.000 -1.000 0.000
vn 0.000 -1.000 0.000
vn 0.500 -0.866 0.000
vn 0.500 -0.866 0.000
vn 0.866 -0.500 0.000
vn 0.866 -0.500 0.000
vn 1.000 0.000 0.000
vn 1.000 0.000 0.000
vn 1.000 0.000 0.000
vn 1.000 0.000 0.000
vn 1.000 0.000 0.000
vn 1.000 0.000 0.000
vn 1.000 0.000 0.000
vn 1.000 0.000 0.000
vn -0.866 0.500 0.000
vn -1.000 0.000 0.000
vn -1.000 0.000 0.000
vn -0.500 0.866 0.000
vn -0.866 0.500 0.000
vn 0.000 1.000 0.000
vn -0.500 0.866 0.000
vn 0.500 0.866 0.000
vn 0.000 1.000 0.000
vn 0.866 0.500 0.000
vn 0.500 0.866 0.000
vn 1.000 0.000 0.000
vn 0.866 0.500 0.000
vn 0.866 -0.500 0.000
vn 1.000 0.000 0.000
vn 0.500 -0.866 0.000
vn 0.866 -0.500 0.000
vn 0.000 -1.000 0.000
vn 0.500 -0.866 0.000
vn -0.500 -0.866 0.000
vn 0.000 -1.000 0.000
vn -0.866 -0.500 0.000
vn -0.500 -0.866 0.000
vn -0.866 -0.500 0.000
vn -0.866 0.500 0.000
vn -1.000 0.000 0.000
vn -1.000 0.000 0.000
vn -0.500 0.866 0.000
vn -0.866 0.500 0.000
vn 0.000 1.000 0.000
vn -0.500 0.866 0.000
vn 0.500 0.866 0.000
vn 0.000 1.000 0.000
vn 0.866 0.500 0.000
vn 0.500 0.866 0.000
vn 1.000 0.000 0.000
vn 0.866 0.500 0.000
vn 0.866 -0.500 0.000
vn 1.000 0.000 0.000
vn 0.500 -0.866 0.000
vn 0.866 -0.500 0.000
vn 0.000 -1.000 0.000
vn 0.500 -0.866 0.000
vn -0.500 -0.866 0.000
vn 0.000 -1.000 0.000
vn -0.866 -0.500 0.000
vn -0.500 -0.866 0.000
vn -0.866 -0.500 0.000
vn -0.866 0.500 0.000
vn -1.000 0.000 0.000
vn -1.000 0.000 0.000
vn -0.500 0.866 0.000
vn -0.866 0.500 0.000
vn 0.000 1.000 0.000
vn -0.500 0.866 0.000
vn 0.500 0.866 0.000
vn 0.000 1.000 0.000
vn 0.866 0.500 0.000
vn 0.500 0.866 0.000
vn 1.000 0.000 0.000
vn 0.866 0.500 0.000
vn 0.866 -0.500 0.000
vn 1.000 0.000 0.000
vn 0.500 -0.866 0.000
vn 0.866 -0.500 0.000
vn 0.000 -1.000 0.000
vn 0.500 -0.866 0.000
vn -0.500 -0.866 0.000
vn 0.000 -1.000 0.000
vn -0.866 -0.500 0.000
vn -0.500 -0.866 0.000
vn -0.866 -0.500 0.000
vn -0.866 0.500 0.000
vn -1.000 0.000 0.000
vn -1.000 0.000 0.000
vn -0.500 0.866 0.000
vn -0.866 0.500 0.000
vn 0.000 1.000 0.000
vn -0.500 0.866 0.000
vn 0.500 0.866 0.000
vn 0.000 1.000 0.000
vn 0.866 0.500 0.000
vn 0.500 0.866 0.000
vn 1.000 0.000 0.000
vn 0.866 0.500 0.000
vn 0.866 -0.500 0.000
vn 1.000 0.000 0.000
vn 0.500 -0.866 0.000
vn 0.866 -0.500 0.000
vn 0.000 -1.000 0.000
vn 0.500 -0.866 0.000
vn -0.500 -0.866 0.000
vn 0.000 -1.000 0.000
vn -0.866 -0.500 0.000
vn -0.500 -0.866 0.000
vn -0.866 -0.500 0.000
vn 0.000 0.000 -1.000
vn 0.000 0.000 -1.000
vn 0.000 0.000 -1.000
vn 0.000 0.000 -1.000
vn 0.000 0.000 -1.000
vn 0.000 0.000 -1.000
vn 0.000 0.000 -1.000
vn 0.000 0.000 -1.000
vn 0.000 0.000 -1.000
vn 0.000 0.000 -1.000
vn 0.000 0.000 -1.000
vn 0.000 0.000 -1.000
vn 0.000 0.000 -1.000
vn 0.000 0.000 -1.000
vn 0.000 0.000 -1.000
vn 0.000 0.000 -1.000
vn 0.000 0.000 -1.000
vn 0.000 0.000 -1.000
vn 0.000 0.000 -1.000
vn 0.000 0.000 -1.000
vn 0.000 0.000 -1.000
vn 0.000 0.000 -1.000
vn 0.000 0.000 -1.000
vn 0.000 0.000 -1.000
vn 0.000 0.000 -1.000
vn 0.000 0.000 -1.000
vn 0.000 0.000 -1.000
vn 0.000 0.000 -1.000
vn 0.000 0.000 -1.000
vn 0.000 0.000 -1.000
vn 0.000 0.000 -1.000
vn 0.000 0.000 -1.000
vn 0.000 0.000 -1.000
vn 0.000 0.000 -1.000
vn 0.000 0.000 -1.000
vn 0.000 0.000 -1.000
vn 0.000 0.000 -1.000
vn 0.000 0.000 -1.000
vn 0.000 0.000 -1.000
vn 0.000 0.000 -1.000
vn 0.000 0.000 -1.000
vn 0.000 0.000 -1.000
vn 0.000 0.000 -1.000
vn 0.000 0.000 -1.000
vn 0.000 0.000 -1.000
vn 0.000 0.000 -1.000
vn 0.000 0.000 -1.000
vn 0.000 0.000 -1.000
vn 0.000 0.000 -1.000
vn 0.000 0.000 -1.000
vn 0.000 0.000 -1.000
vn 0.000 0.000 -1.000
vn 0.000 0.000 -1.000
vn 0.000 0.000 -1.000
vn 0.000 0.000 -1.000
vn 0.000 0.000 -1.000
vn 0.000 0.000 -1.000
vn 0.000 0.000 -1.000
vn 0.000 0.000 -1.000
vn 0.000 0.000 -1.000
vn 0.000 0.000 -1.000
vn 0.000 0.000 -1.000
vn 0.000 0.000 -1.000
vn 0.000 0.000 -1.000
vn 0.000 0.000 -1.000
vn 0.000 0.000 -1.000
vn 0.000 0.000 -1.000
vn 0.000 0.000 -1.000
vn 0.000 0.000 -1.000
vn 0.000 0.000 -1.000
vn 0.000 0.000 -1.000
vn 0.000 0.000 -1.000
vn 0.000 0.000 -1.000
vn 0.000 0.000 -1.000
vn 0.000 0.000 -1.000
vn 0.000 0.000 -1.000
vn 0.000 0.000 -1.000
vn 0.000 0.000 -1.000
vn 0.000 0.000 -1.000
vn 0.000 0.000 -1.000
vn 0.000 0.000 -1.000
vn 0.000 0.000 -1.000
vn 0.000 0.000 -1.000
vn 0.000 0.000 -1.000
vn 0.000 0.000 -1.000
vn 0.000 0.000 -1.000
vn 0.000 0.000 -1.000
vn 0.000 0.000 -1.000
vn 1.000 0.000 0.000
vn 1.000 0.000 0.000
vn 1.000 0.000 0.000
vn 1.000 0.000 0.000
vn 0.000 0.000 -1.000
vn 0.000 0.000 -1.000
vn 0.000 0.000 -1.000
vn 0.000 0.000 -1.000
vn 0.000 0.000 -1.000
vn 0.000 0.000 -1.000
vn 0.000 0.000 -1.000
vn 0.000 0.000 -1.000
vn 0.000 0.000 -1.000
vn 0.000 0.000 -1.000
vn 0.000 0.000 -1.000
vn 0.000 0.000 -1.000
vn 0.000 0.000 -1.000
vn 0.000 0.000 -1.000
vn 0.000 0.000 -1.000
vn 0.000 0.000 -1.000
vn 0.000 1.000 0.000
vn 0.000 1.000 0.000
vn 0.000 1.000 0.000
vn 0.000 1.000 0.000
vn 0.565 0.825 0.000
vn 0.825 0.565 0.000
vn 0.825 0.565 0.000
vn 0.565 0.825 0.000
vn -1.000 0.000 0.000
vn -1.000 0.000 0.000
vn -1.000 0.000 0.000
vn -1.000 0.000 0.000
vn -0.825 0.565 0.000
vn -0.565 0.825 0.000
vn -0.565 0.825 0.000
vn -0.825 0.565 0.000
vn 0.000 1.000 0.000
vn 0.000 1.000 0.000
vn 0.000 1.000 0.000
vn 0.000 1.000 0.000
vn -1.000 0.000 0.000
vn -1.000 0.000 0.000
vn -1.000 0.000 0.000
vn -1.000 0.000 0.000
vn -1.000 0.000 0.000
vn 0.000 -1.000 0.000
vn 0.000 -1.000 0.000
vn 0.000 -1.000 0.000
vn 0.000 -1.000 0.000
vn -0.565 -0.825 0.000
vn -0.825 -0.565 0.000
vn -0.825 -0.565 0.000
vn -0.565 -0.825 0.000
vn -1.000 0.000 0.000
vn -1.000 0.000 0.000
vn -1.000 0.000 0.000
vn -1.000 0.000 0.000
vn 0.000 -1.000 0.000
vn 0.000 -1.000 0.000
vn 0.000 -1.000 0.000
vn 0.000 -1.000 0.000
vn 0.000 -1.000 0.000
vn 1.000 0.000 0.000
vn 1.000 0.000 0.000
vn 1.000 0.000 0.000
vn 1.000 0.000 0.000
vn 0.825 -0.565 0.000
vn 0.565 -0.825 0.000
vn 0.565 -0.825 0.000
vn 0.825 -0.565 0.000
vn 0.000 -1.000 0.000
vn 0.000 -1.000 0.000
vn 0.000 -1.000 0.000
vn 0.000 -1.000 0.000
vn 1.000 0.000 0.000
vn 1.000 0.000 0.000
vn 1.000 0.000 0.000
vn 1.000 0.000 0.000
vn 1.000 0.000 0.000
vn 0.000 1.000 0.000
vn 0.000 1.000 0.000
vn 0.000 1.000 0.000
vn 0.000 1.000 0.000
vn 0.000 1.000 0.000
vn 0.000 1.000 0.000
vn 0.000 1.000 0.000
vn 0.000 1.000 0.000
vn 0.000 1.000 0.000
vn 0.000 1.000 0.000
vn 0.000 1.000 0.000
vn 0.000 1.000 0.000
vn 0.000 1.000 0.000
vn 0.000 1.000 0.000
vn 0.000 1.000 0.000
vn 0.000 1.000 0.000
vn 0.000 1.000 0.000
vn 0.000 1.000 0.000
vn 0.000 1.000 0.000
vn 0.000 1.000 0.000
vn 0.000 1.000 0.000
vn 0.000 1.000 0.000
vn 0.000 1.000 0.000
vn 0.000 1.000 0.000
vn 0.000 1.000 0.000
vn 0.000 1.000 0.000
vn 0.000 1.000 0.000
vn 0.000 1.000 0.000
vn 0.000 1.000 0.000
vn 0.000 1.000 0.000
vn 0.000 1.000 0.000
vn 0.000 1.000 0.000
vn 0.000 1.000 0.000
vn 0.000 1.000 0.000
vn 0.000 1.000 0.000
vn 0.000 1.000 0.000
vn 0.000 1.000 0.000
vn -1.000 0.000 0.000
vn -1.000 0.000 0.000
vn -0.866 0.000 -0.500
vn -0.866 0.000 -0.500
vn -0.500 0.000 -0.866
vn -0.500 0.000 -0.866
vn 0.000 0.000 -1.000
vn 0.000 0.000 -1.000
vn 0.000 0.000 -1.000
vn 0.000 0.000 -1.000
vn 0.000 0.000 -1.000
vn 0.000 0.000 -1.000
vn 0.000 0.000 -1.000
vn 0.000 0.000 -1.000
vn 0.500 0.000 -0.866
vn 0.500 0.000 -0.866
vn 0.866 0.000 -0.500
vn 0.866 0.000 -0.500
vn 1.000 0.000 0.000
vn 1.000 0.000 0.000
vn 1.000 0.000 0.000
vn 1.000 0.000 0.000
vn 1.000 0.000 0.000
vn 1.000 0.000 0.000
vn 1.000 0.000 0.000
vn 1.000 0.000 0.000
vn 0.866 0.000 0.500
vn 0.866 0.000 0.500
vn 0.500 0.000 0.866
vn 0.500 0.000 0.866
vn 0.000 0.000 1.000
vn 0.000 0.000 1.000
vn 0.000 0.000 1.000
vn 0.000 0.000 1.000
vn 0.000 0.000 1.000
vn 0.000 0.000 1.000
vn 0.000 0.000 1.000
vn 0.000 0.000 1.000
vn -0.500 0.000 0.866
vn -0.500 0.000 0.866
vn -0.866 0.000 0.500
vn -0.866 0.000 0.500
vn -1.000 0.000 0.000
vn -1.000 0.000 0.000
vn -1.000 0.000 0.000
vn -1.000 0.000 0.000
vn -1.000 0.000 0.000
vn -1.000 0.000 0.000
vn 0.000 1.000 0.000
vn 0.000 1.000 0.000
vn 0.000 1.000 0.000
vn 0.000 1.000 0.000
vn 0.000 1.000 0.000
vn 0.000 1.000 0.000
vn 0.000 1.000 0.000
vn 0.000 1.000 0.000
vn 0.000 1.000 0.000
vn 0.000 1.000 0.000
vn 0.000 1.000 0.000
vn 0.000 1.000 0.000
vn 0.000 1.000 0.000
vn 0.000 1.000 0.000
vn 0.000 1.000 0.000
vn 0.000 1.000 0.000
vn 0.000 1.000 0.000
vn 0.000 1.000 0.000
vn 0.000 1.000 0.000
vn 0.000 1.000 0.000
vn 0.000 1.000 0.000
vn 0.000 1.000 0.000
vn 0.000 1.000 0.000
vn 0.000 1.000 0.000
vn 0.000 1.000 0.000
vn 0.000 1.000 0.000
vn 0.000 1.000 0.000
vn 0.000 1.000 0.000
vn 0.000 0.000 1.000
vn 0.000 0.000 1.000
vn 0.000 0.000 1.000
vn 0.000 0.000 1.000
vn 0.000 0.000 1.000
vn 0.000 0.000 1.000
vn -0.500 0.000 0.866
vn -0.500 0.000 0.866
vn -0.866 0.000 0.500
vn -0.866 0.000 0.500
vn -1.000 0.000 0.000
vn -1.000 0.000 0.000
vn -1.000 0.000 0.000
vn -1.000 0.000 0.000
vn -1.000 0.000 0.000
vn -1.000 0.000 0.000
vn -1.000 0.000 0.000
vn -1.000 0.000 0.000
vn -0.866 0.000 -0.500
vn -0.866 0.000 -0.500
vn -0.500 0.000 -0.866
vn -0.500 0.000 -0.866
vn 0.000 0.000 -1.000
vn 0.000 0.000 -1.000
vn 0.000 0.000 -1.000
vn 0.000 0.000 -1.000
vn 0.000 0.000 -1.000
vn 0.000 0.000 -1.000
vn 0.000 0.000 -1.000
vn 0.000 0.000 -1.000
vn 0.500 0.000 -0.866
vn 0.500 0.000 -0.866
vn 0.866 0.000 -0.500
vn 0.866 0.000 -0.500
vn 1.000 0.000 0.000
vn 1.000 0.000 0.000
vn 1.000 0.000 0.000
vn 1.000 0.000 0.000
vn 1.000 0.000 0.000
vn 1.000 0.000 0.000
vn 1.000 0.000 0.000
vn 1.000 0.000 0.000
vn 0.866 0.000 0.500
vn 0.866 0.000 0.500
vn 0.500 0.000 0.866
vn 0.500 0.000 0.866
vn 0.000 0.000 1.000
vn 0.000 0.000 1.000
vn 0.000 1.000 0.000
vn 0.000 1.000 0.000
vn 0.000 1.000 0.000
vn 0.000 1.000 0.000
vn 0.000 1.000 0.000
vn 0.000 1.000 0.000
vn 0.000 1.000 0.000
vn 0.000 1.000 0.000
vn 0.000 1.000 0.000
vn 0.000 1.000 0.000
vn 0.000 1.000 0.000
vn 0.000 1.000 0.000
vn 0.000 1.000 0.000
vn 0.000 1.000 0.000
vn 0.000 1.000 0.000
vn 0.000 1.000 0.000
vn 0.000 1.000 0.000
vn 0.000 1.000 0.000
vn 0.000 1.000 0.000
vn 0.000 1.000 0.000
vn 0.000 1.000 0.000
vn 0.000 1.000 0.000
vn 0.000 1.000 0.000
vn 0.000 1.000 0.000
vn 0.000 1.000 0.000
vn 0.000 1.000 0.000
vn 0.000 1.000 0.000
vn 0.000 1.000 0.000
vn 0.000 0.000 -1.000
vn -0.500 0.000 -0.866
vn -0.266 0.000 -0.964
vn -0.500 0.000 -0.866
vn 0.000 0.000 -1.000
vn 0.266 0.000 -0.964
vn 0.500 0.000 -0.866
vn 0.866 0.000 -0.500
vn 0.755 0.000 -0.656
vn 0.784 0.000 -0.621
vn 0.509 0.000 -0.861
vn 1.000 0.000 0.000
vn 0.990 0.000 -0.139
vn 0.997 0.000 -0.072
vn 0.966 0.000 -0.259
vn 0.882 0.000 -0.471
vn 0.866 0.000 -0.500
vn 0.886 0.000 0.465
vn 0.867 0.000 0.499
vn 1.000 0.000 0.000
vn 0.997 0.000 0.073
vn 0.958 0.000 0.288
vn 0.866 0.000 0.500
vn 0.755 0.000 0.656
vn 0.500 0.000 0.866
vn 0.784 0.000 0.621
vn 0.000 0.000 1.000
vn 0.500 0.000 0.866
vn 0.266 0.000 0.964
vn 0.000 0.000 1.000
vn -0.266 0.000 0.964
vn -0.500 0.000 0.866
vn -0.866 0.000 0.500
vn -0.755 0.000 0.656
vn -0.784 0.000 0.621
vn -0.509 0.000 0.861
vn -1.000 0.000 0.000
vn -0.990 0.000 0.139
vn -0.997 0.000 0.073
vn -0.966 0.000 0.259
vn -0.882 0.000 0.471
vn -0.866 0.000 0.500
vn -0.886 0.000 -0.465
vn -0.867 0.000 -0.499
vn -1.000 0.000 0.000
vn -0.997 0.000 -0.073
vn -0.958 0.000 -0.287
vn -0.866 0.000 -0.500
vn -0.755 0.000 -0.656
vn -0.784 0.000 -0.621
vn -1.000 0.000 0.000
vn -0.990 0.000 0.139
vn -0.997 0.000 0.072
vn -0.966 0.000 0.259
vn -0.882 0.000 0.471
vn -0.866 0.000 0.500
vn -0.866 0.000 0.500
vn -0.883 0.000 -0.470
vn -0.866 0.000 -0.500
vn -1.000 0.000 0.000
vn -0.997 0.000 -0.073
vn -0.958 0.000 -0.287
vn -0.866 0.000 -0.500
vn -0.717 0.000 -0.697
vn -0.500 0.000 -0.866
vn 0.000 0.000 -1.000
vn -0.500 0.000 -0.866
vn -0.266 0.000 -0.964
vn 0.000 0.000 -1.000
vn 0.266 0.000 -0.964
vn 0.500 0.000 -0.866
vn 0.866 0.000 -0.500
vn 0.509 0.000 -0.861
vn 0.717 0.000 -0.697
vn 1.000 0.000 0.000
vn 0.990 0.000 -0.139
vn 0.997 0.000 -0.072
vn 0.966 0.000 -0.259
vn 0.882 0.000 -0.471
vn 0.866 0.000 -0.499
vn 0.883 0.000 0.470
vn 0.866 0.000 0.500
vn 1.000 0.000 0.000
vn 0.997 0.000 0.073
vn 0.958 0.000 0.287
vn 0.866 0.000 0.500
vn 0.717 0.000 0.697
vn 0.500 0.000 0.866
vn 0.000 0.000 1.000
vn 0.500 0.000 0.866
vn 0.266 0.000 0.964
vn 0.000 0.000 1.000
vn -0.266 0.000 0.964
vn -0.500 0.000 0.866
vn -0.509 0.000 0.861
vn -0.755 0.000 0.656
vn -0.508 0.861 0.000
vn -0.730 0.683 0.000
vn -0.870 0.493 0.000
vn -0.508 0.861 0.000
vn -0.870 0.493 0.000
vn -0.990 0.139 0.000
vn -1.000 -0.006 0.000
vn -0.963 0.268 0.000
vn 0.870 0.493 0.000
vn 0.990 0.139 0.000
vn 0.945 0.328 0.000
vn 1.000 -0.006 0.000
vn 1.000 -0.006 0.000
vn 0.508 0.861 0.000
vn 0.870 0.493 0.000
vn 0.730 0.684 0.000
vn 0.266 -0.964 0.000
vn 0.260 -0.966 0.000
vn 0.000 -1.000 0.000
vn 0.498 -0.867 0.000
vn 0.498 -0.867 0.000
vn -0.498 -0.867 0.000
vn -0.267 -0.964 0.000
vn -0.260 -0.965 0.000
vn 0.000 -1.000 0.000
vn -0.864 -0.503 0.000
vn -0.768 -0.640 0.000
vn -0.849 -0.528 0.000
vn -0.730 -0.683 0.000
vn -0.739 -0.673 0.000
vn -0.490 -0.872 0.000
vn -1.000 -0.006 0.000
vn -0.946 -0.324 0.000
vn -0.864 -0.503 0.000
vn -0.970 -0.243 0.000
vn -0.977 -0.213 0.000
vn -0.980 -0.201 0.000
vn -0.977 -0.213 0.000
vn -0.941 -0.339 0.000
vn -0.867 -0.498 0.000
vn -0.938 -0.346 0.000
vn -0.989 -0.151 0.000
vn -0.864 -0.503 0.000
vn -0.739 -0.673 0.000
vn -0.498 -0.867 0.000
vn -0.849 -0.529 0.000
vn -0.768 -0.640 0.000
vn -0.498 -0.867 0.000
vn -0.260 -0.966 0.000
vn 0.000 -1.000 0.000
vn 0.498 -0.867 0.000
vn 0.000 -1.000 0.000
vn 0.260 -0.965 0.000
vn 0.864 -0.503 0.000
vn 0.768 -0.640 0.000
vn 0.849 -0.528 0.000
vn 0.739 -0.673 0.000
vn 0.490 -0.872 0.000
vn 0.977 -0.213 0.000
vn 0.970 -0.243 0.000
vn 0.980 -0.201 0.000
vn 0.960 -0.279 0.000
vn 0.946 -0.324 0.000
vn 0.864 -0.503 0.000
vn 0.864 -0.503 0.000
vn 0.989 -0.151 0.000
vn 0.977 -0.213 0.000
vn 0.867 -0.498 0.000
vn 0.938 -0.346 0.000
vn 0.730 -0.684 0.000
vn 0.768 -0.640 0.000
vn 0.849 -0.529 0.000
vn 0.739 -0.673 0.000
vn 0.508 0.861 0.000
vn 0.868 0.496 0.000
vn 0.508 0.861 0.000
vn 0.508 0.861 0.000
vn 0.709 0.705 0.000
vn 1.000 0.000 0.000
vn 0.868 0.496 0.000
vn 0.966 0.258 0.000
vn 1.000 0.000 0.000
vn 1.000 0.000 0.000
vn 1.000 0.000 0.000
vn 1.000 0.000 0.000
vn 1.000 0.000 0.000
vn 0.767 0.000 -0.642
vn 0.944 0.000 -0.330
vn 0.953 0.000 -0.302
vn 0.901 0.000 -0.435
vn 0.829 0.000 -0.559
vn 0.942 0.000 -0.334
vn 0.915 0.000 -0.403
vn 0.824 0.000 -0.567
vn 0.696 0.000 -0.719
vn 0.696 0.000 -0.719
vn 0.253 0.000 -0.967
vn 0.000 0.000 -1.000
vn -0.254 0.000 -0.967
vn 0.253 0.000 -0.967
vn -0.764 0.000 -0.646
vn -0.942 0.000 -0.335
vn -0.953 0.000 -0.302
vn -0.897 0.000 -0.442
vn -0.824 0.000 -0.567
vn -0.944 0.000 -0.330
vn -0.918 0.000 -0.396
vn -0.829 0.000 -0.559
vn -0.696 0.000 -0.718
vn -0.696 0.000 -0.718
vn -0.254 0.000 -0.967
vn -0.396 0.000 -0.918
vn -0.389 0.000 -0.921
vn -0.415 0.000 -0.910
vn -0.446 0.000 -0.895
vn -0.372 0.000 -0.928
vn -0.475 0.000 -0.880
vn -0.485 0.000 -0.875
vn 0.372 0.000 -0.928
vn 0.475 0.000 -0.880
vn 0.446 0.000 -0.895
vn 0.485 0.000 -0.875
vn 0.415 0.000 -0.910
vn 0.396 0.000 -0.918
vn 0.389 0.000 -0.921
vn 0.389 0.000 -0.921
vn -0.389 0.000 -0.921
vn -1.000 0.000 0.000
vn -1.000 0.000 0.000
vn -1.000 0.000 0.000
vn -1.000 0.000 0.000
vn 0.000 1.000 0.000
vn 0.000 1.000 0.000
vn 0.000 1.000 0.000
vn 0.000 1.000 0.000
vn 0.000 1.000 0.000
vn 0.000 1.000 0.000
vn -1.000 0.000 0.000
vn -0.966 0.258 0.000
vn -0.868 0.496 0.000
vn -1.000 0.000 0.000
vn -0.868 0.496 0.000
vn -0.709 0.706 0.000
vn -0.508 0.861 0.000
vn -0.508 0.861 0.000
vn 0.000 0.000 1.000
vn 0.000 0.000 1.000
vn 0.000 0.000 1.000
vn 0.000 0.000 1.000
vn 0.000 0.000 1.000
vn 0.000 0.000 1.000
vn 0.000 0.000 1.000
vn 0.000 0.000 1.000
vn 0.000 0.000 1.000
vn 0.000 0.000 1.000
vn 0.000 0.000 1.000
vn 0.000 0.000 1.000
vn 0.000 0.000 1.000
vn 0.000 0.000 1.000
vn 0.000 0.000 1.000
vn 0.000 0.000 1.000
vn 0.000 0.000 1.000
vn 0.000 0.000 1.000
vn 0.000 0.000 1.000
vn 0.000 0.000 1.000
vn 0.000 0.000 1.000
vn 0.000 0.000 1.000
vn 0.000 0.000 1.000
vn 0.000 0.000 1.000
vn 0.000 0.000 1.000
vn 0.000 0.000 1.000
vn 0.000 0.000 1.000
vn 0.000 0.000 1.000
vn 0.000 0.000 1.000
vn 1.000 0.000 0.000
vn 1.000 0.000 0.000
vn 0.866 0.500 0.000
vn 0.866 0.500 0.000
vn 0.500 0.866 0.000
vn 0.500 0.866 0.000
vn 0.000 1.000 0.000
vn 0.000 1.000 0.000
vn -0.500 0.866 0.000
vn -0.500 0.866 0.000
vn -0.866 0.500 0.000
vn -0.866 0.500 0.000
vn -1.000 0.000 0.000
vn -1.000 0.000 0.000
vn -0.866 -0.500 0.000
vn -0.866 -0.500 0.000
vn -0.500 -0.866 0.000
vn -0.500 -0.866 0.000
vn 0.000 -1.000 0.000
vn 0.000 -1.000 0.000
vn 0.500 -0.866 0.000
vn 0.500 -0.866 0.000
vn 0.866 -0.500 0.000
vn 0.866 -0.500 0.000
vn 0.000 0.000 1.000
vn 0.000 0.000 1.000
vn 0.000 0.000 1.000
vn 0.000 0.000 1.000
vn 0.000 0.000 1.000
vn 0.000 0.000 1.000
vn 0.000 0.000 1.000
vn 0.000 0.000 1.000
vn 0.000 0.000 1.000
vn 0.000 0.000 1.000
vn 0.000 0.000 1.000
vn 0.000 0.000 1.000
vn 0.000 0.000 1.000
vn 0.000 0.000 1.000
vn 0.000 0.000 1.000
vn 0.000 0.000 1.000
vn 0.000 0.000 1.000
vn 0.000 0.000 1.000
vn 0.000 0.000 1.000
vn 0.000 0.000 1.000
vn 0.000 0.000 1.000
vn 0.000 0.000 1.000
vn 0.000 0.000 1.000
vn 0.000 0.000 1.000
vn 1.000 0.000 0.000
vn 1.000 0.000 0.000
vn 0.866 0.500 0.000
vn 0.866 0.500 0.000
vn 0.500 0.866 0.000
vn 0.500 0.866 0.000
vn 0.000 1.000 0.000
vn 0.000 1.000 0.000
vn -0.500 0.866 0.000
vn -0.500 0.866 0.000
vn -0.866 0.500 0.000
vn -0.866 0.500 0.000
vn -1.000 0.000 0.000
vn -1.000 0.000 0.000
vn -0.866 -0.500 0.000
vn -0.866 -0.500 0.000
vn -0.500 -0.866 0.000
vn -0.500 -0.866 0.000
vn 0.000 -1.000 0.000
vn 0.000 -1.000 0.000
vn 0.500 -0.866 0.000
vn 0.500 -0.866 0.000
vn 0.866 -0.500 0.000
vn 0.866 -0.500 0.000
vn 0.000 0.000 1.000
vn 0.000 0.000 1.000
vn 0.000 0.000 1.000
vn 0.000 0.000 1.000
vn 0.000 0.000 1.000
vn 0.000 0.000 1.000
vn 0.000 0.000 1.000
vn 0.000 0.000 1.000
vn 0.000 0.000 1.000
vn 0.000 0.000 1.000
vn 0.000 0.000 1.000
vn 0.000 0.000 1.000
vn 0.000 0.000 1.000
vn 0.000 0.000 1.000
vn 0.000 0.000 1.000
vn 0.000 0.000 1.000
vn 0.000 0.000 1.000
vn 0.000 0.000 1.000
vn 0.000 0.000 1.000
vn 0.000 0.000 1.000
vn 0.000 0.000 1.000
vn 0.000 0.000 1.000
vn 0.000 0.000 1.000
vn 0.000 0.000 1.000
vn 0.866 0.500 0.000
vn 1.000 0.000 0.000
vn 1.000 0.000 0.000
vn 0.500 0.866 0.000
vn 0.866 0.500 0.000
vn 0.000 1.000 0.000
vn 0.500 0.866 0.000
vn -0.500 0.866 0.000
vn 0.000 1.000 0.000
vn -0.866 0.500 0.000
vn -0.500 0.866 0.000
vn -1.000 0.000 0.000
vn -0.866 0.500 0.000
vn -0.866 -0.500 0.000
vn -1.000 0.000 0.000
vn -0.500 -0.866 0.000
vn -0.866 -0.500 0.000
vn 0.000 -1.000 0.000
vn -0.500 -0.866 0.000
vn 0.500 -0.866 0.000
vn 0.000 -1.000 0.000
vn 0.866 -0.500 0.000
vn 0.500 -0.866 0.000
vn 0.866 -0.500 0.000
vn 0.000 0.000 1.000
vn 0.000 0.000 1.000
vn 0.000 0.000 1.000
vn 0.000 0.000 1.000
vn 0.000 0.000 1.000
vn 0.000 0.000 1.000
vn 0.000 0.000 1.000
vn 0.000 0.000 1.000
vn 0.000 0.000 1.000
vn 0.000 0.000 1.000
vn 0.000 0.000 1.000
vn 0.000 0.000 1.000
vn 0.000 0.000 1.000
vn -0.508 0.861 0.000
vn -0.730 0.683 0.000
vn -0.870 0.493 0.000
vn -0.508 0.861 0.000
vn -0.870 0.493 0.000
vn -0.990 0.139 0.000
vn -1.000 -0.006 0.000
vn -0.963 0.268 0.000
vn 0.870 0.493 0.000
vn 0.990 0.140 0.000
vn 0.945 0.328 0.000
vn 1.000 -0.006 0.000
vn 1.000 -0.006 0.000
vn 0.508 0.861 0.000
vn 0.870 0.493 0.000
vn 0.730 0.683 0.000
vn -0.498 -0.867 0.000
vn -0.260 -0.966 0.000
vn 0.000 -1.000 0.000
vn -0.498 -0.867 0.000
vn 0.498 -0.867 0.000
vn 0.000 -1.000 0.000
vn 0.260 -0.965 0.000
vn 0.864 -0.503 0.000
vn 0.702 -0.712 0.000
vn 0.848 -0.529 0.000
vn 0.490 -0.872 0.000
vn 0.977 -0.213 0.000
vn 0.970 -0.243 0.000
vn 0.980 -0.201 0.000
vn 0.960 -0.280 0.000
vn 0.946 -0.323 0.000
vn 0.864 -0.503 0.000
vn 0.864 -0.503 0.000
vn 0.989 -0.151 0.000
vn 0.977 -0.213 0.000
vn 0.865 -0.502 0.000
vn 0.938 -0.346 0.000
vn 0.730 -0.683 0.000
vn 0.703 -0.711 0.000
vn 0.498 -0.867 0.000
vn 0.849 -0.529 0.000
vn 0.266 -0.964 0.000
vn 0.260 -0.966 0.000
vn 0.000 -1.000 0.000
vn 0.498 -0.867 0.000
vn -0.498 -0.867 0.000
vn -0.266 -0.964 0.000
vn -0.260 -0.965 0.000
vn 0.000 -1.000 0.000
vn -0.702 -0.712 0.000
vn -0.848 -0.529 0.000
vn -0.864 -0.503 0.000
vn -0.730 -0.683 0.000
vn -0.490 -0.872 0.000
vn -1.000 -0.006 0.000
vn -0.946 -0.323 0.000
vn -0.864 -0.503 0.000
vn -0.970 -0.243 0.000
vn -0.977 -0.213 0.000
vn -0.980 -0.201 0.000
vn -0.977 -0.213 0.000
vn -0.941 -0.339 0.000
vn -0.865 -0.502 0.000
vn -0.938 -0.346 0.000
vn -0.989 -0.151 0.000
vn -0.864 -0.503 0.000
vn -0.739 -0.673 0.000
vn -0.849 -0.529 0.000
vn 0.508 0.861 0.000
vn 0.868 0.496 0.000
vn 0.508 0.861 0.000
vn 0.508 0.861 0.000
vn 0.709 0.705 0.000
vn 1.000 0.000 0.000
vn 0.868 0.496 0.000
vn 0.966 0.258 0.000
vn 1.000 0.000 0.000
vn 1.000 0.000 0.000
vn 1.000 0.000 0.000
vn 1.000 0.000 0.000
vn 1.000 0.000 0.000
vn 0.767 0.000 -0.642
vn 0.944 0.000 -0.330
vn 0.953 0.000 -0.302
vn 0.901 0.000 -0.435
vn 0.829 0.000 -0.559
vn 0.942 0.000 -0.334
vn 0.915 0.000 -0.403
vn 0.824 0.000 -0.567
vn 0.696 0.000 -0.718
vn 0.696 0.000 -0.718
vn -0.254 0.000 -0.967
vn 0.254 0.000 -0.967
vn 0.254 0.000 -0.967
vn 0.000 0.000 -1.000
vn -0.764 0.000 -0.646
vn -0.942 0.000 -0.335
vn -0.953 0.000 -0.302
vn -0.897 0.000 -0.442
vn -0.824 0.000 -0.567
vn -0.944 0.000 -0.330
vn -0.918 0.000 -0.396
vn -0.829 0.000 -0.559
vn -0.696 0.000 -0.718
vn -0.696 0.000 -0.718
vn -0.396 0.000 -0.918
vn -0.389 0.000 -0.921
vn -0.254 0.000 -0.967
vn -0.415 0.000 -0.910
vn -0.446 0.000 -0.895
vn -0.372 0.000 -0.928
vn -0.475 0.000 -0.880
vn -0.485 0.000 -0.875
vn 0.372 0.000 -0.928
vn 0.475 0.000 -0.880
vn 0.446 0.000 -0.895
vn 0.485 0.000 -0.875
vn 0.415 0.000 -0.910
vn 0.396 0.000 -0.918
vn 0.389 0.000 -0.921
vn 0.389 0.000 -0.921
vn -0.389 0.000 -0.921
vn -1.000 0.000 0.000
vn -1.000 0.000 0.000
vn -1.000 0.000 0.000
vn -1.000 0.000 0.000
vn 0.000 1.000 0.000
vn 0.000 1.000 0.000
vn 0.000 1.000 0.000
vn 0.000 1.000 0.000
vn 0.000 1.000 0.000
vn 0.000 1.000 0.000
vn -1.000 0.000 0.000
vn -0.966 0.258 0.000
vn -0.868 0.496 0.000
vn -1.000 0.000 0.000
vn -0.868 0.496 0.000
vn -0.709 0.706 0.000
vn -0.508 0.861 0.000
vn -0.508 0.861 0.000
vn 0.000 0.000 1.000
vn 0.000 0.000 1.000
vn 0.000 0.000 1.000
vn 0.000 0.000 1.000
vn 0.000 0.000 1.000
vn 0.000 0.000 1.000
vn 0.000 0.000 1.000
vn 0.000 0.000 1.000
vn 0.000 0.000 1.000
vn 0.000 0.000 1.000
vn 0.000 0.000 1.000
vn 0.000 0.000 1.000
vn 0.000 0.000 1.000
vn 0.000 0.000 1.000
vn 0.000 0.000 1.000
vn 0.000 0.000 1.000
vn 0.000 0.000 1.000
vn 0.000 0.000 1.000
vn 0.000 0.000 1.000
vn 0.000 0.000 1.000
vn 0.000 0.000 1.000
vn 0.000 0.000 1.000
vn 0.000 0.000 1.000
vn 0.000 0.000 1.000
vn 0.000 0.000 1.000
vn 0.000 0.000 1.000
vn 0.000 0.000 1.000
vn 0.000 0.000 1.000
vn 0.000 0.000 1.000
vn 1.000 0.000 0.000
vn 1.000 0.000 0.000
vn 0.866 0.500 0.000
vn 0.866 0.500 0.000
vn 0.500 0.866 0.000
vn 0.500 0.866 0.000
vn 0.000 1.000 0.000
vn 0.000 1.000 0.000
vn -0.500 0.866 0.000
vn -0.500 0.866 0.000
vn -0.866 0.500 0.000
vn -0.866 0.500 0.000
vn -1.000 0.000 0.000
vn -1.000 0.000 0.000
vn -0.866 -0.500 0.000
vn -0.866 -0.500 0.000
vn -0.500 -0.866 0.000
vn -0.500 -0.866 0.000
vn 0.000 -1.000 0.000
vn 0.000 -1.000 0.000
vn 0.500 -0.866 0.000
vn 0.500 -0.866 0.000
vn 0.866 -0.500 0.000
vn 0.866 -0.500 0.000
vn 0.000 0.000 1.000
vn 0.000 0.000 1.000
vn 0.000 0.000 1.000
vn 0.000 0.000 1.000
vn 0.000 0.000 1.000
vn 0.000 0.000 1.000
vn 0.000 0.000 1.000
vn 0.000 0.000 1.000
vn 0.000 0.000 1.000
vn 0.000 0.000 1.000
vn 0.000 0.000 1.000
vn 0.000 0.000 1.000
vn 0.000 0.000 1.000
vn 0.000 0.000 1.000
vn 0.000 0.000 1.000
vn 0.000 0.000 1.000
vn 0.000 0.000 1.000
vn 0.000 0.000 1.000
vn 0.000 0.000 1.000
vn 0.000 0.000 1.000
vn 0.000 0.000 1.000
vn 0.000 0.000 1.000
vn 0.000 0.000 1.000
vn 0.000 0.000 1.000
vn 0.866 0.500 0.000
vn 1.000 0.000 0.000
vn 1.000 0.000 0.000
vn 0.500 0.866 0.000
vn 0.866 0.500 0.000
vn 0.000 1.000 0.000
vn 0.500 0.866 0.000
vn -0.500 0.866 0.000
vn 0.000 1.000 0.000
vn -0.866 0.500 0.000
vn -0.500 0.866 0.000
vn -1.000 0.000 0.000
vn -0.866 0.500 0.000
vn -0.866 -0.500 0.000
vn -1.000 0.000 0.000
vn -0.500 -0.866 0.000
vn -0.866 -0.500 0.000
vn 0.000 -1.000 0.000
vn -0.500 -0.866 0.000
vn 0.500 -0.866 0.000
vn 0.000 -1.000 0.000
vn 0.866 -0.500 0.000
vn 0.500 -0.866 0.000
vn 0.866 -0.500 0.000
vn 0.000 0.000 1.000
vn 0.000 0.000 1.000
vn 0.000 0.000 1.000
vn 0.000 0.000 1.000
vn 0.000 0.000 1.000
vn 0.000 0.000 1.000
vn 0.000 0.000 1.000
vn 0.000 0.000 1.000
vn 0.000 0.000 1.000
vn 0.000 0.000 1.000
vn 0.000 0.000 1.000
vn 0.000 0.000 1.000
vn 0.000 0.000 1.000
vt 0.0000 -0.0374 0
vt -0.0380 -0.0250 0
vt -0.0324 -0.0138 0
vt -0.0235 -0.0050 0
vt -0.0124 0.0007 0
vt 0.0000 0.0026 0
vt 0.0124 0.0007 0
vt 0.0235 -0.0050 0
vt 0.0324 -0.0138 0
vt 0.0380 -0.0250 0
vt 0.0400 -0.0374 0
vt 0.0380 -0.0497 0
vt 0.0324 -0.0609 0
vt 0.0235 -0.0697 0
vt 0.0124 -0.0754 0
vt 0.0000 -0.0774 0
vt -0.0124 -0.0754 0
vt -0.0235 -0.0697 0
vt -0.0324 -0.0609 0
vt -0.0380 -0.0497 0
vt -0.0400 -0.0374 0
vt 6.2832 0.0012 0
vt 6.2832 -0.0018 0
vt 6.5973 -0.0018 0
vt 6.5973 0.0012 0
vt 6.9115 -0.0018 0
vt 6.9115 0.0012 0
vt 0.9425 -0.0018 0
vt 0.9425 0.0012 0
vt 1.2566 -0.0018 0
vt 1.2566 0.0012 0
vt 1.5708 -0.0018 0
vt 1.5708 0.0012 0
vt 1.8850 -0.0018 0
vt 1.8850 0.0012 0
vt 2.1991 -0.0018 0
vt 2.1991 0.0012 0
vt 2.5133 -0.0018 0
vt 2.5133 0.0012 0
vt 2.8274 -0.0018 0
vt 2.8274 0.0012 0
vt 3.1416 -0.0018 0
vt 3.1416 0.0012 0
vt 3.4558 -0.0018 0
vt 3.4558 0.0012 0
vt 3.7699 -0.0018 0
vt 3.7699 0.0012 0
vt 4.0841 -0.0018 0
vt 4.0841 0.0012 0
vt 4.3982 -0.0018 0
vt 4.3982 0.0012 0
vt 4.7124 -0.0018 0
vt 4.7124 0.0012 0
vt 5.0265 -0.0018 0
vt 5.0265 0.0012 0
vt 5.3407 -0.0018 0
vt 5.3407 0.0012 0
vt 5.6549 -0.0018 0
vt 5.6549 0.0012 0
vt 5.9690 -0.0018 0
vt 5.9690 0.0012 0
vt -0.0505 -0.1162 0
vt -0.0482 -0.1104 0
vt -0.0460 -0.1110 0
vt -0.0556 -0.1111 0
vt -0.0499 -0.1088 0
vt -0.0407 -0.1181 0
vt -0.0421 -0.1088 0
vt -0.0415 -0.1065 0
vt -0.0437 -0.1104 0
vt -0.0435 -0.1181 0
vt -0.0499 -0.1043 0
vt -0.0505 -0.1065 0
vt -0.0575 -0.1041 0
vt -0.0575 -0.1013 0
vt -0.0407 -0.1013 0
vt -0.0460 -0.1020 0
vt -0.0482 -0.1026 0
vt -0.0437 -0.1026 0
vt -0.0421 -0.1043 0
vt -0.0556 -0.0101 0
vt -0.0499 -0.0124 0
vt -0.0505 -0.0146 0
vt -0.0505 -0.0049 0
vt -0.0482 -0.0107 0
vt -0.0435 -0.0031 0
vt -0.0460 -0.0101 0
vt -0.0437 -0.0107 0
vt -0.0421 -0.0169 0
vt -0.0415 -0.0146 0
vt -0.0407 -0.0031 0
vt -0.0482 -0.0185 0
vt -0.0460 -0.0191 0
vt -0.0421 -0.0124 0
vt -0.0437 -0.0185 0
vt -0.0575 -0.0171 0
vt -0.0499 -0.0169 0
vt 0.0460 -0.0191 0
vt 0.0575 -0.1013 0
vt 0.0400 -0.0606 0
vt 0.0380 -0.0729 0
vt 0.0324 -0.0841 0
vt 0.0380 -0.0482 0
vt 0.0324 -0.0371 0
vt 0.0235 -0.0929 0
vt 0.0000 -0.1006 0
vt -0.0235 -0.0929 0
vt -0.0124 -0.0986 0
vt -0.0380 -0.0729 0
vt -0.0324 -0.0841 0
vt 0.0435 -0.0031 0
vt 0.0437 -0.0107 0
vt 0.0505 -0.0049 0
vt 0.0482 -0.0107 0
vt 0.0460 -0.0101 0
vt 0.0124 -0.0986 0
vt -0.0235 -0.0282 0
vt -0.0324 -0.0371 0
vt 0.0415 -0.0146 0
vt 0.0124 -0.0225 0
vt 0.0000 -0.0206 0
vt 0.0421 -0.0124 0
vt -0.0400 -0.0606 0
vt -0.0124 -0.0225 0
vt 0.0556 -0.0101 0
vt 0.0499 -0.0124 0
vt 0.0575 -0.0171 0
vt 0.0505 -0.0146 0
vt 0.0421 -0.0169 0
vt 0.0235 -0.0282 0
vt 0.0499 -0.0169 0
vt 0.0482 -0.0185 0
vt 0.0437 -0.0185 0
vt -0.0380 -0.0482 0
vt 0.0421 -0.1088 0
vt 0.0437 -0.1104 0
vt 0.0499 -0.1043 0
vt 0.0575 -0.1041 0
vt 0.0556 -0.1111 0
vt 0.0499 -0.1088 0
vt 0.0505 -0.1065 0
vt 0.0505 -0.1162 0
vt 0.0435 -0.1181 0
vt 0.0460 -0.1110 0
vt 0.0460 -0.1020 0
vt 0.0482 -0.1104 0
vt 0.0437 -0.1026 0
vt 0.0421 -0.1043 0
vt 0.0482 -0.1026 0
vt 0.0415 -0.1065 0
vt 0.0000 0.0118 0
vt 0.0000 0.0008 0
vt 0.5236 0.0008 0
vt 0.5236 0.0118 0
vt 1.0472 0.0008 0
vt 1.0472 0.0118 0
vt 1.5708 0.0008 0
vt 1.5708 0.0118 0
vt 0.0118 0.0140 0
vt 0.0118 0.0982 0
vt 0.0008 0.0575 0
vt 0.0008 0.1010 0
vt 0.0008 0.0140 0
vt 0.0118 0.1010 0
vt 1.5708 0.0118 0
vt 1.5708 0.0008 0
vt 2.0944 0.0008 0
vt 2.0944 0.0118 0
vt 2.6180 0.0008 0
vt 2.6180 0.0118 0
vt 3.1416 0.0008 0
vt 3.1416 0.0118 0
vt 0.0118 0.1010 0
vt 0.0008 0.1010 0
vt 0.0008 0.0575 0
vt 0.0118 0.0168 0
vt 0.0008 0.0140 0
vt 0.0118 0.0140 0
vt 3.1416 0.0118 0
vt 3.1416 0.0008 0
vt 3.6652 0.0008 0
vt 3.6652 0.0118 0
vt 4.1888 0.0008 0
vt 4.1888 0.0118 0
vt 4.7124 0.0008 0
vt 4.7124 0.0118 0
vt -0.0118 -0.1010 0
vt -0.0008 -0.1010 0
vt -0.0008 -0.0575 0
vt -0.0118 -0.0168 0
vt -0.0008 -0.0140 0
vt -0.0118 -0.0140 0
vt 4.7124 0.0118 0
vt 4.7124 0.0008 0
vt 5.2360 0.0008 0
vt 5.2360 0.0118 0
vt 5.7596 0.0008 0
vt 5.7596 0.0118 0
vt 6.2832 0.0008 0
vt 6.2832 0.0118 0
vt -0.0118 -0.0140 0
vt -0.0118 -0.0982 0
vt -0.0008 -0.0575 0
vt -0.0008 -0.1010 0
vt -0.0008 -0.0140 0
vt -0.0118 -0.1010 0
vt -0.5236 0.0000 0
vt 0.0000 0.0000 0
vt 0.0000 -0.0110 0
vt -1.0472 0.0000 0
vt -0.5236 -0.0110 0
vt 4.7124 0.0000 0
vt -1.0472 -0.0110 0
vt 4.1888 0.0000 0
vt 4.7124 -0.0110 0
vt 3.6652 0.0000 0
vt 4.1888 -0.0110 0
vt 3.1416 0.0000 0
vt 3.6652 -0.0110 0
vt 2.6180 0.0000 0
vt 3.1416 -0.0110 0
vt 2.0944 0.0000 0
vt 2.6180 -0.0110 0
vt 1.5708 0.0000 0
vt 2.0944 -0.0110 0
vt 1.0472 0.0000 0
vt 1.5708 -0.0110 0
vt 0.5236 0.0000 0
vt 1.0472 -0.0110 0
vt 0.5236 -0.0110 0
vt -0.5236 0.0000 0
vt 0.0000 0.0000 0
vt 0.0000 -0.0110 0
vt -1.0472 0.0000 0
vt -0.5236 -0.0110 0
vt 4.7124 0.0000 0
vt -1.0472 -0.0110 0
vt 4.1888 0.0000 0
vt 4.7124 -0.0110 0
vt 3.6652 0.0000 0
vt 4.1888 -0.0110 0
vt 3.1416 0.0000 0
vt 3.6652 -0.0110 0
vt 2.6180 0.0000 0
vt 3.1416 -0.0110 0
vt 2.0944 0.0000 0
vt 2.6180 -0.0110 0
vt 1.5708 0.0000 0
vt 2.0944 -0.0110 0
vt 1.0472 0.0000 0
vt 1.5708 -0.0110 0
vt 0.5236 0.0000 0
vt 1.0472 -0.0110 0
vt 0.5236 -0.0110 0
vt -0.5236 0.0000 0
vt 0.0000 0.0000 0
vt 0.0000 -0.0110 0
vt -1.0472 0.0000 0
vt -0.5236 -0.0110 0
vt 4.7124 0.0000 0
vt -1.0472 -0.0110 0
vt 4.1888 0.0000 0
vt 4.7124 -0.0110 0
vt 3.6652 0.0000 0
vt 4.1888 -0.0110 0
vt 3.1416 0.0000 0
vt 3.6652 -0.0110 0
vt 2.6180 0.0000 0
vt 3.1416 -0.0110 0
vt 2.0944 0.0000 0
vt 2.6180 -0.0110 0
vt 1.5708 0.0000 0
vt 2.0944 -0.0110 0
vt 1.0472 0.0000 0
vt 1.5708 -0.0110 0
vt 0.5236 0.0000 0
vt 1.0472 -0.0110 0
vt 0.5236 -0.0110 0
vt -0.5236 0.0000 0
vt 0.0000 0.0000 0
vt 0.0000 -0.0110 0
vt -1.0472 0.0000 0
vt -0.5236 -0.0110 0
vt 4.7124 0.0000 0
vt -1.0472 -0.0110 0
vt 4.1888 0.0000 0
vt 4.7124 -0.0110 0
vt 3.6652 0.0000 0
vt 4.1888 -0.0110 0
vt 3.1416 0.0000 0
vt 3.6652 -0.0110 0
vt 2.6180 0.0000 0
vt 3.1416 -0.0110 0
vt 2.0944 0.0000 0
vt 2.6180 -0.0110 0
vt 1.5708 0.0000 0
vt 2.0944 -0.0110 0
vt 1.0472 0.0000 0
vt 1.5708 -0.0110 0
vt 0.5236 0.0000 0
vt 1.0472 -0.0110 0
vt 0.5236 -0.0110 0
vt 0.0505 -0.0067 0
vt 0.0482 -0.0124 0
vt 0.0460 -0.0118 0
vt 0.0435 -0.0048 0
vt 0.0556 -0.0118 0
vt 0.0499 -0.0141 0
vt 0.0575 -0.0188 0
vt 0.0505 -0.0163 0
vt 0.0499 -0.0186 0
vt 0.0382 -0.0293 0
vt 0.0437 -0.0202 0
vt 0.0460 -0.0208 0
vt 0.0500 -0.0293 0
vt 0.0482 -0.0202 0
vt 0.0330 -0.0241 0
vt 0.0421 -0.0186 0
vt 0.0330 -0.0123 0
vt 0.0415 -0.0163 0
vt 0.0437 -0.0124 0
vt 0.0421 -0.0141 0
vt 0.0575 -0.0623 0
vt 0.0500 -0.0623 0
vt 0.0000 -0.0048 0
vt -0.0556 -0.0118 0
vt -0.0499 -0.0141 0
vt -0.0505 -0.0163 0
vt -0.0505 -0.0067 0
vt -0.0482 -0.0124 0
vt -0.0435 -0.0048 0
vt -0.0460 -0.0118 0
vt -0.0437 -0.0124 0
vt -0.0330 -0.0123 0
vt -0.0421 -0.0141 0
vt -0.0330 -0.0241 0
vt -0.0421 -0.0186 0
vt -0.0415 -0.0163 0
vt -0.0382 -0.0293 0
vt -0.0500 -0.0293 0
vt -0.0460 -0.0208 0
vt -0.0482 -0.0202 0
vt -0.0575 -0.0188 0
vt -0.0499 -0.0186 0
vt -0.0437 -0.0202 0
vt 0.0000 -0.0123 0
vt -0.0575 -0.0623 0
vt -0.0421 -0.1060 0
vt -0.0500 -0.0953 0
vt -0.0382 -0.0953 0
vt -0.0330 -0.1005 0
vt -0.0330 -0.1123 0
vt -0.0415 -0.1083 0
vt -0.0421 -0.1105 0
vt -0.0435 -0.1198 0
vt -0.0437 -0.1122 0
vt -0.0482 -0.1044 0
vt -0.0499 -0.1060 0
vt -0.0505 -0.1179 0
vt -0.0482 -0.1122 0
vt -0.0460 -0.1128 0
vt -0.0556 -0.1128 0
vt -0.0499 -0.1105 0
vt -0.0460 -0.1038 0
vt -0.0575 -0.1058 0
vt -0.0437 -0.1044 0
vt -0.0505 -0.1083 0
vt -0.0500 -0.0623 0
vt 0.0000 -0.1198 0
vt 0.0556 -0.1128 0
vt 0.0499 -0.1105 0
vt 0.0505 -0.1083 0
vt 0.0575 -0.1058 0
vt 0.0505 -0.1179 0
vt 0.0482 -0.1122 0
vt 0.0500 -0.0953 0
vt 0.0499 -0.1060 0
vt 0.0435 -0.1198 0
vt 0.0460 -0.1128 0
vt 0.0482 -0.1044 0
vt 0.0421 -0.1105 0
vt 0.0437 -0.1122 0
vt 0.0382 -0.0953 0
vt 0.0437 -0.1044 0
vt 0.0421 -0.1060 0
vt 0.0460 -0.1038 0
vt 0.0000 -0.1123 0
vt 0.0330 -0.1123 0
vt 0.0330 -0.1005 0
vt 0.0415 -0.1083 0
vt -0.1260 0.0118 0
vt -0.1260 0.0000 0
vt 0.0555 0.0000 0
vt 0.0555 0.0118 0
vt 0.0382 -0.0330 0
vt 0.0382 0.0330 0
vt 0.0330 0.0382 0
vt 0.0500 -0.0330 0
vt 0.0500 0.0330 0
vt -0.0330 0.0382 0
vt -0.0382 0.0330 0
vt -0.0382 -0.0330 0
vt -0.0330 -0.0382 0
vt 0.0330 -0.0500 0
vt 0.0330 -0.0382 0
vt -0.0500 0.0330 0
vt -0.0500 -0.0330 0
vt -0.0330 0.0500 0
vt 0.0330 0.0500 0
vt -0.0330 -0.0500 0
vt -0.0555 0.0020 0
vt -0.0555 -0.0098 0
vt 0.1260 -0.0098 0
vt 0.1260 0.0020 0
vt 5.3132 0.0555 0
vt 5.6824 0.0555 0
vt 5.6824 -0.1260 0
vt 5.3132 -0.1260 0
vt -0.0555 0.0020 0
vt -0.0555 -0.0098 0
vt 0.1260 -0.0098 0
vt 0.1260 0.0020 0
vt 3.7424 0.0555 0
vt 4.1116 0.0555 0
vt 4.1116 -0.1260 0
vt 3.7424 -0.1260 0
vt 0.1260 -0.0118 0
vt 0.1260 0.0000 0
vt -0.0555 0.0000 0
vt -0.0555 -0.0118 0
vt -0.0555 -0.0640 0
vt 0.1260 -0.0640 0
vt 0.1260 -0.0310 0
vt -0.0555 0.0020 0
vt 0.1260 0.0020 0
vt 0.0555 -0.0020 0
vt 0.0555 0.0098 0
vt -0.1260 0.0098 0
vt -0.1260 -0.0020 0
vt 2.1716 0.0555 0
vt 2.5408 0.0555 0
vt 2.5408 -0.1260 0
vt 2.1716 -0.1260 0
vt 0.1260 -0.0118 0
vt 0.1260 0.0000 0
vt -0.0555 0.0000 0
vt -0.0555 -0.0118 0
vt 0.0555 0.0640 0
vt -0.1260 0.0640 0
vt -0.1260 0.0310 0
vt 0.0555 -0.0020 0
vt -0.1260 -0.0020 0
vt 0.0555 -0.0020 0
vt 0.0555 0.0098 0
vt -0.1260 0.0098 0
vt -0.1260 -0.0020 0
vt 0.6008 0.0555 0
vt 0.9700 0.0555 0
vt 0.9700 -0.1260 0
vt 0.6008 -0.1260 0
vt -0.1260 0.0118 0
vt -0.1260 0.0000 0
vt 0.0555 0.0000 0
vt 0.0555 0.0118 0
vt 0.0555 -0.0020 0
vt 0.0555 0.0640 0
vt -0.1260 0.0310 0
vt -0.1260 0.0640 0
vt -0.1260 -0.0020 0
vt -0.0339 -0.0342 0
vt -0.0132 -0.0342 0
vt -0.0132 -0.0279 0
vt -0.0339 -0.0279 0
vt -0.0351 -0.0345 0
vt -0.0351 -0.0275 0
vt -0.0555 0.0020 0
vt -0.0339 -0.0022 0
vt -0.0132 -0.0022 0
vt -0.0119 -0.0345 0
vt -0.0119 -0.0275 0
vt 0.1260 0.0020 0
vt -0.0110 -0.0266 0
vt -0.0351 -0.0025 0
vt -0.0555 -0.0640 0
vt -0.0132 -0.0599 0
vt -0.0339 -0.0599 0
vt 0.1260 -0.0640 0
vt -0.0119 -0.0595 0
vt -0.0119 -0.0025 0
vt -0.0364 -0.0254 0
vt -0.0364 -0.0047 0
vt -0.0360 -0.0354 0
vt -0.0360 -0.0266 0
vt -0.0110 -0.0354 0
vt -0.0107 -0.0047 0
vt -0.0107 -0.0254 0
vt -0.0364 -0.0574 0
vt -0.0364 -0.0367 0
vt -0.0351 -0.0595 0
vt -0.0360 -0.0034 0
vt -0.0110 -0.0586 0
vt -0.0360 -0.0586 0
vt 0.1260 -0.0310 0
vt -0.0107 -0.0367 0
vt -0.0107 -0.0574 0
vt -0.0110 -0.0034 0
vt 3.1416 0.0025 0
vt 3.1416 0.0000 0
vt 3.6652 0.0000 0
vt 3.6652 0.0025 0
vt 4.1888 0.0000 0
vt 4.1888 0.0025 0
vt 4.7124 0.0000 0
vt 4.7124 0.0025 0
vt -0.0103 0.0000 0
vt -0.0103 -0.0025 0
vt 0.0104 -0.0025 0
vt 0.0104 0.0000 0
vt 4.7124 0.0025 0
vt 4.7124 0.0000 0
vt 5.2360 0.0000 0
vt 5.2360 0.0025 0
vt 5.7596 0.0000 0
vt 5.7596 0.0025 0
vt 6.2832 0.0000 0
vt 6.2832 0.0025 0
vt 0.0207 -0.0025 0
vt 0.0207 0.0000 0
vt 0.0000 0.0000 0
vt 0.0000 -0.0025 0
vt 0.0000 0.0025 0
vt 0.0000 0.0000 0
vt 0.5236 0.0000 0
vt 0.5236 0.0025 0
vt 1.0472 0.0000 0
vt 1.0472 0.0025 0
vt 1.5708 0.0000 0
vt 1.5708 0.0025 0
vt 0.0000 -0.0025 0
vt 0.0207 -0.0025 0
vt 0.0207 0.0000 0
vt 0.0000 0.0000 0
vt 1.5708 0.0025 0
vt 1.5708 0.0000 0
vt 2.0944 0.0000 0
vt 2.0944 0.0025 0
vt 2.6180 0.0000 0
vt 2.6180 0.0025 0
vt 3.1416 0.0000 0
vt 3.1416 0.0025 0
vt 0.0207 -0.0025 0
vt 0.0207 0.0000 0
vt 0.0000 0.0000 0
vt 0.0000 -0.0025 0
vt -0.0060 0.0104 0
vt -0.0125 0.0116 0
vt -0.0129 0.0103 0
vt -0.0104 0.0128 0
vt -0.0116 0.0125 0
vt -0.0104 -0.0060 0
vt -0.0116 -0.0125 0
vt -0.0104 -0.0129 0
vt -0.0129 -0.0104 0
vt -0.0125 -0.0116 0
vt 0.0104 -0.0060 0
vt 0.0116 -0.0125 0
vt 0.0125 -0.0116 0
vt 0.0060 -0.0104 0
vt 0.0104 -0.0129 0
vt 0.0104 0.0060 0
vt 0.0116 0.0125 0
vt 0.0104 0.0128 0
vt 0.0129 0.0103 0
vt 0.0125 0.0116 0
vt 0.0000 0.0120 0
vt -0.0120 0.0000 0
vt 0.0129 -0.0104 0
vt 0.0120 0.0000 0
vt -0.0104 0.0060 0
vt -0.0060 -0.0104 0
vt 0.0000 -0.0120 0
vt 0.0060 0.0104 0
vt 0.0000 -0.0025 0
vt 0.0207 -0.0025 0
vt 0.0207 0.0000 0
vt 0.0000 0.0000 0
vt 1.5708 0.0025 0
vt 1.5708 0.0000 0
vt 2.0944 0.0000 0
vt 2.0944 0.0025 0
vt 2.6180 0.0000 0
vt 2.6180 0.0025 0
vt 3.1416 0.0000 0
vt 3.1416 0.0025 0
vt 0.0207 -0.0025 0
vt 0.0207 0.0000 0
vt 0.0000 0.0000 0
vt 0.0000 -0.0025 0
vt 3.1416 0.0025 0
vt 3.1416 0.0000 0
vt 3.6652 0.0000 0
vt 3.6652 0.0025 0
vt 4.1888 0.0000 0
vt 4.1888 0.0025 0
vt 4.7124 0.0000 0
vt 4.7124 0.0025 0
vt 0.0104 -0.0025 0
vt 0.0104 0.0000 0
vt -0.0104 0.0000 0
vt -0.0104 -0.0025 0
vt 4.7124 0.0025 0
vt 4.7124 0.0000 0
vt 5.2360 0.0000 0
vt 5.2360 0.0025 0
vt 5.7596 0.0000 0
vt 5.7596 0.0025 0
vt 6.2832 0.0000 0
vt 6.2832 0.0025 0
vt 0.0207 -0.0025 0
vt 0.0207 0.0000 0
vt 0.0000 0.0000 0
vt 0.0000 -0.0025 0
vt 0.0000 0.0025 0
vt 0.0000 0.0000 0
vt 0.5236 0.0000 0
vt 0.5236 0.0025 0
vt 1.0472 0.0000 0
vt 1.0472 0.0025 0
vt 1.5708 0.0000 0
vt 1.5708 0.0025 0
vt -0.0104 0.0060 0
vt -0.0116 0.0125 0
vt -0.0125 0.0116 0
vt -0.0060 0.0104 0
vt -0.0104 0.0129 0
vt 0.0104 -0.0060 0
vt 0.0116 -0.0125 0
vt 0.0125 -0.0116 0
vt 0.0060 -0.0104 0
vt 0.0104 -0.0129 0
vt 0.0104 0.0060 0
vt 0.0116 0.0125 0
vt 0.0104 0.0129 0
vt 0.0129 0.0104 0
vt 0.0125 0.0116 0
vt 0.0000 0.0120 0
vt -0.0104 -0.0060 0
vt -0.0116 -0.0125 0
vt -0.0104 -0.0129 0
vt -0.0129 -0.0104 0
vt -0.0125 -0.0116 0
vt 0.0000 -0.0120 0
vt 0.0120 0.0000 0
vt -0.0129 0.0104 0
vt -0.0120 0.0000 0
vt 0.0129 -0.0104 0
vt 0.0060 0.0104 0
vt -0.0060 -0.0104 0
vt 4.7124 0.0000 0
vt 5.2360 0.0000 0
vt 4.9815 0.0044 0
vt 5.2360 0.0056 0
vt 4.7124 0.0040 0
vt 4.4434 0.0044 0
vt 4.1888 0.0000 0
vt 3.6652 0.0000 0
vt 3.8573 0.0080 0
vt 3.8113 0.0084 0
vt 4.1787 0.0056 0
vt 3.1416 0.0000 0
vt 3.2811 0.0133 0
vt 3.2141 0.0136 0
vt 3.4035 0.0123 0
vt 3.6322 0.0101 0
vt 3.6648 0.0098 0
vt 2.6584 0.0102 0
vt 2.6194 0.0098 0
vt 3.1416 0.0138 0
vt 3.0686 0.0136 0
vt 2.8499 0.0120 0
vt 2.6180 0.0000 0
vt 2.4259 0.0080 0
vt 2.0944 0.0056 0
vt 2.4719 0.0084 0
vt 1.5708 0.0000 0
vt 2.0944 0.0000 0
vt 8.1230 0.0044 0
vt 1.5708 0.0040 0
vt 1.3018 0.0044 0
vt 1.0472 0.0000 0
vt 6.8068 0.0000 0
vt 0.7157 0.0080 0
vt 0.6697 0.0084 0
vt 1.0371 0.0056 0
vt 6.2832 0.0000 0
vt 6.4229 0.0133 0
vt 6.3559 0.0136 0
vt 6.5452 0.0123 0
vt 6.7738 0.0101 0
vt 0.5232 0.0098 0
vt 5.8000 0.0102 0
vt 5.7610 0.0098 0
vt 6.2832 0.0138 0
vt 6.2105 0.0136 0
vt 5.9917 0.0120 0
vt 5.7596 0.0000 0
vt 5.5675 0.0080 0
vt 5.6135 0.0084 0
vt 6.2832 0.0000 0
vt 0.1394 0.0133 0
vt 0.0722 0.0136 0
vt 0.2616 0.0123 0
vt 0.4906 0.0101 0
vt 0.5236 0.0000 0
vt 0.5231 0.0098 0
vt 5.7941 0.0101 0
vt -0.5236 0.0098 0
vt 6.2832 0.0138 0
vt 6.2105 0.0136 0
vt 5.9917 0.0120 0
vt -0.5236 0.0000 0
vt 5.5120 0.0075 0
vt 5.2360 0.0056 0
vt 4.7124 0.0000 0
vt 5.2360 0.0000 0
vt 4.9815 0.0044 0
vt 4.7124 0.0040 0
vt 4.4434 0.0044 0
vt 4.1888 0.0000 0
vt 3.6652 0.0000 0
vt 4.1787 0.0056 0
vt 3.9124 0.0075 0
vt 3.1416 0.0000 0
vt 3.2811 0.0133 0
vt 3.2140 0.0136 0
vt 3.4033 0.0123 0
vt 3.6322 0.0101 0
vt 3.6645 0.0098 0
vt 2.6525 0.0101 0
vt 2.6180 0.0098 0
vt 3.1416 0.0138 0
vt 3.0689 0.0136 0
vt 2.8504 0.0120 0
vt 2.6180 0.0000 0
vt 8.6532 0.0075 0
vt 8.3776 0.0056 0
vt 1.5708 0.0000 0
vt 8.3776 0.0000 0
vt 8.1230 0.0044 0
vt 1.5708 0.0040 0
vt 1.3018 0.0044 0
vt 1.0472 0.0000 0
vt 1.0371 0.0056 0
vt 0.7157 0.0080 0
vt 2.1042 0.0370 0
vt 2.3898 0.0036 0
vt 2.6258 0.0057 0
vt 2.1042 0.0016 0
vt 2.6258 0.0370 0
vt 3.0021 0.0086 0
vt 3.1475 0.0090 0
vt 2.8698 0.0078 0
vt 6.7989 0.0370 0
vt 0.1398 0.0086 0
vt 0.3344 0.0073 0
vt 6.2773 0.0370 0
vt 6.2773 0.0090 0
vt 7.3206 0.0370 0
vt 6.7989 0.0057 0
vt 7.0363 0.0036 0
vt 4.9812 0.0004 0
vt 4.9757 0.0013 0
vt 4.7124 0.0008 0
vt 5.2340 0.0015 0
vt 5.2340 0.0025 0
vt 4.1908 0.0015 0
vt 4.4423 0.0004 0
vt 4.4489 0.0013 0
vt 4.7124 0.0000 0
vt 3.6691 0.0056 0
vt 3.8366 0.0054 0
vt 3.6982 0.0069 0
vt 3.8934 0.0036 0
vt 3.8805 0.0050 0
vt 4.2005 0.0025 0
vt 3.1475 0.0370 0
vt 3.4712 0.0160 0
vt 3.6691 0.0185 0
vt 3.3870 0.0145 0
vt 3.3565 0.0137 0
vt 3.3440 0.0129 0
vt 3.3565 0.0120 0
vt 3.4870 0.0072 0
vt 3.6623 0.0073 0
vt 3.4948 0.0094 0
vt 3.2932 0.0086 0
vt 3.6691 0.0370 0
vt 3.8805 0.0207 0
vt 4.1908 0.0232 0
vt 3.6992 0.0188 0
vt 3.8366 0.0203 0
vt 4.1908 0.0370 0
vt 4.4490 0.0244 0
vt 4.7124 0.0249 0
vt 5.2340 0.0370 0
vt 4.7124 0.0370 0
vt 4.9758 0.0244 0
vt 5.7557 0.0370 0
vt 5.5881 0.0203 0
vt 5.7265 0.0188 0
vt 5.5443 0.0207 0
vt 5.2242 0.0232 0
vt 6.0684 0.0120 0
vt 6.0379 0.0112 0
vt 6.0808 0.0129 0
vt 6.0000 0.0077 0
vt 5.9536 0.0097 0
vt 5.7557 0.0072 0
vt 5.7557 0.0056 0
vt 6.1319 0.0086 0
vt 6.0682 0.0137 0
vt 5.7624 0.0184 0
vt 5.9298 0.0163 0
vt 5.5301 0.0036 0
vt 5.5881 0.0054 0
vt 5.7256 0.0069 0
vt 5.5443 0.0050 0
vt 7.3206 0.0016 0
vt 3.6603 0.0370 0
vt 4.1790 0.0370 0
vt 4.1790 0.0016 0
vt 3.9244 0.0013 0
vt 3.1416 0.0370 0
vt 3.6603 0.0012 0
vt 3.4023 0.0010 0
vt 3.1416 0.0010 0
vt -0.0370 0.0000 0
vt -0.0370 0.0000 0
vt -0.0010 0.0000 0
vt -0.0010 0.0000 0
vt 5.5859 0.0139 0
vt 5.9470 0.0110 0
vt 5.9763 0.0128 0
vt 5.8333 0.0087 0
vt 5.6903 0.0067 0
vt 5.9422 0.0146 0
vt 5.8688 0.0162 0
vt 5.6803 0.0189 0
vt 5.4815 0.0211 0
vt 5.4815 0.0044 0
vt 4.9684 0.0000 0
vt 4.7124 0.0250 0
vt 4.4552 0.0246 0
vt 4.9684 0.0246 0
vt 3.8433 0.0117 0
vt 3.4827 0.0146 0
vt 3.4484 0.0128 0
vt 3.5995 0.0169 0
vt 3.7445 0.0189 0
vt 3.4777 0.0110 0
vt 3.5486 0.0095 0
vt 3.7345 0.0067 0
vt 3.9421 0.0044 0
vt 3.9421 0.0211 0
vt 4.4552 0.0000 0
vt 4.3056 0.0007 0
vt 4.3127 0.0000 0
vt 4.2848 0.0013 0
vt 4.2503 0.0018 0
vt 4.3308 0.0134 0
vt 4.2174 0.0234 0
vt 4.2063 0.0022 0
vt 5.0934 0.0134 0
vt 5.2074 0.0234 0
vt 5.1744 0.0018 0
vt 5.2184 0.0022 0
vt 5.1400 0.0013 0
vt 5.1192 0.0007 0
vt 5.1120 0.0000 0
vt 5.1120 0.0000 0
vt 4.3127 0.0000 0
vt 0.0370 0.0015 0
vt 0.0370 0.0016 0
vt 0.0010 0.0016 0
vt 0.0010 0.0015 0
vt 0.0370 0.0100 0
vt 0.0004 0.0017 0
vt 0.0010 0.0000 0
vt 0.0010 0.0100 0
vt 0.0004 0.0083 0
vt 0.0370 0.0000 0
vt 3.1416 -0.0370 0
vt 3.4026 -0.0010 0
vt 3.6603 -0.0012 0
vt 3.1416 -0.0010 0
vt 3.6603 -0.0370 0
vt 3.9248 -0.0013 0
vt 4.1790 -0.0016 0
vt 4.1790 -0.0370 0
vt 0.0050 0.0128 0
vt 0.0050 0.0127 0
vt 0.0000 0.0113 0
vt 0.0057 0.0098 0
vt 0.0053 0.0115 0
vt -0.0050 0.0128 0
vt 0.0062 0.0105 0
vt 0.0107 0.0060 0
vt 0.0098 0.0057 0
vt 0.0122 -0.0001 0
vt 0.0113 0.0000 0
vt 0.0106 -0.0062 0
vt 0.0098 -0.0056 0
vt 0.0061 -0.0106 0
vt 0.0057 -0.0098 0
vt 0.0000 -0.0123 0
vt 0.0000 -0.0113 0
vt -0.0053 0.0115 0
vt -0.0050 0.0127 0
vt -0.0057 0.0098 0
vt -0.0062 0.0105 0
vt -0.0061 -0.0106 0
vt -0.0057 -0.0098 0
vt -0.0106 -0.0062 0
vt -0.0098 -0.0057 0
vt -0.0098 0.0057 0
vt -0.0107 0.0060 0
vt -0.0113 0.0000 0
vt -0.0122 -0.0001 0
vt 6.2832 0.0070 0
vt 6.2832 -0.0041 0
vt 6.8068 -0.0041 0
vt 6.8068 0.0070 0
vt 1.0472 -0.0041 0
vt 1.0472 0.0070 0
vt 1.5708 -0.0041 0
vt 1.5708 0.0070 0
vt 2.0944 -0.0041 0
vt 2.0944 0.0070 0
vt 2.6180 -0.0041 0
vt 2.6180 0.0070 0
vt 3.1416 -0.0041 0
vt 3.1416 0.0070 0
vt 3.6652 -0.0041 0
vt 3.6652 0.0070 0
vt 4.1888 -0.0041 0
vt 4.1888 0.0070 0
vt 4.7124 -0.0041 0
vt 4.7124 0.0070 0
vt 5.2360 -0.0041 0
vt 5.2360 0.0070 0
vt 5.7596 -0.0041 0
vt 5.7596 0.0070 0
vt 0.0098 0.0057 0
vt 0.0113 0.0000 0
vt 0.0108 0.0000 0
vt 0.0098 -0.0056 0
vt 0.0093 -0.0054 0
vt 0.0057 -0.0098 0
vt 0.0054 -0.0093 0
vt 0.0000 -0.0113 0
vt 0.0000 -0.0108 0
vt 0.0057 0.0098 0
vt 0.0093 0.0054 0
vt -0.0056 -0.0098 0
vt -0.0054 -0.0093 0
vt -0.0098 0.0057 0
vt -0.0093 0.0054 0
vt -0.0108 0.0000 0
vt -0.0057 0.0098 0
vt -0.0054 0.0093 0
vt 0.0000 0.0113 0
vt 0.0000 0.0108 0
vt 0.0054 0.0093 0
vt -0.0098 -0.0057 0
vt -0.0093 -0.0054 0
vt -0.0113 0.0000 0
vt 6.2832 0.0055 0
vt 6.2832 0.0000 0
vt 6.8068 0.0000 0
vt 6.8068 0.0055 0
vt 7.3304 0.0000 0
vt 7.3304 0.0055 0
vt 1.5708 0.0000 0
vt 1.5708 0.0055 0
vt 2.0944 0.0000 0
vt 2.0944 0.0055 0
vt 2.6180 0.0000 0
vt 2.6180 0.0055 0
vt 3.1416 0.0000 0
vt 3.1416 0.0055 0
vt 3.6652 0.0000 0
vt 3.6652 0.0055 0
vt 4.1888 0.0000 0
vt 4.1888 0.0055 0
vt 4.7124 0.0000 0
vt 4.7124 0.0055 0
vt 5.2360 0.0000 0
vt 5.2360 0.0055 0
vt 5.7596 0.0000 0
vt 5.7596 0.0055 0
vt 0.0000 0.0108 0
vt 0.0000 0.0091 0
vt -0.0046 0.0079 0
vt 0.0054 0.0093 0
vt 0.0046 0.0079 0
vt 0.0093 0.0054 0
vt 0.0079 0.0046 0
vt 0.0000 -0.0108 0
vt 0.0000 -0.0091 0
vt 0.0045 -0.0079 0
vt -0.0054 -0.0093 0
vt -0.0046 -0.0079 0
vt -0.0093 -0.0054 0
vt -0.0079 -0.0046 0
vt -0.0108 0.0000 0
vt -0.0091 0.0000 0
vt 0.0108 0.0000 0
vt 0.0091 0.0000 0
vt 0.0093 -0.0054 0
vt 0.0079 -0.0046 0
vt 0.0054 -0.0093 0
vt -0.0093 0.0054 0
vt -0.0079 0.0046 0
vt -0.0054 0.0093 0
vt -0.5236 0.0090 0
vt 0.0000 0.0090 0
vt 0.0000 0.0000 0
vt -1.0472 0.0090 0
vt -0.5236 0.0000 0
vt 4.7124 0.0090 0
vt -1.0472 0.0000 0
vt 4.1888 0.0090 0
vt 4.7124 0.0000 0
vt 3.6652 0.0090 0
vt 4.1888 0.0000 0
vt 3.1416 0.0090 0
vt 3.6652 0.0000 0
vt 2.6180 0.0090 0
vt 3.1416 0.0000 0
vt 2.0944 0.0090 0
vt 2.6180 0.0000 0
vt 1.5708 0.0090 0
vt 2.0944 0.0000 0
vt 1.0472 0.0090 0
vt 1.5708 0.0000 0
vt 0.5236 0.0090 0
vt 1.0472 0.0000 0
vt 0.5236 0.0000 0
vt 0.0000 0.0000 0
vt 0.0079 -0.0046 0
vt 0.0045 -0.0079 0
vt 0.0000 -0.0091 0
vt -0.0046 -0.0079 0
vt -0.0079 -0.0046 0
vt -0.0091 0.0000 0
vt -0.0079 0.0046 0
vt -0.0046 0.0079 0
vt 0.0000 0.0091 0
vt 0.0046 0.0079 0
vt 0.0079 0.0046 0
vt 0.0091 0.0000 0
vt 2.1042 0.0370 0
vt 2.3895 0.0036 0
vt 2.6258 0.0057 0
vt 2.1042 0.0016 0
vt 2.6258 0.0370 0
vt 3.0021 0.0086 0
vt -3.1357 0.0090 0
vt 2.8698 0.0078 0
vt 6.7989 0.0370 0
vt 0.1400 0.0086 0
vt 0.3344 0.0073 0
vt -0.0059 0.0370 0
vt -0.0059 0.0090 0
vt 7.3206 0.0370 0
vt 6.7989 0.0057 0
vt 7.0352 0.0036 0
vt -2.0924 0.0370 0
vt -1.8342 0.0244 0
vt -1.5708 0.0249 0
vt -2.0924 0.0232 0
vt -1.0492 0.0370 0
vt -1.5708 0.0370 0
vt -1.3074 0.0244 0
vt -0.5275 0.0370 0
vt -0.7923 0.0212 0
vt -0.5579 0.0189 0
vt -1.0589 0.0232 0
vt -0.2148 0.0120 0
vt -0.2453 0.0112 0
vt -0.2024 0.0128 0
vt -0.2834 0.0077 0
vt -0.3294 0.0097 0
vt -0.5275 0.0072 0
vt -0.5275 0.0056 0
vt -0.1514 0.0086 0
vt -0.2149 0.0137 0
vt 5.7571 0.0185 0
vt -0.3530 0.0163 0
vt -0.7521 0.0036 0
vt -0.7916 0.0045 0
vt -1.0492 0.0025 0
vt 5.7259 0.0069 0
vt -1.3012 0.0004 0
vt -1.3074 0.0013 0
vt -1.5708 0.0008 0
vt -1.0492 0.0015 0
vt -2.0924 0.0015 0
vt -1.8404 0.0004 0
vt -1.8342 0.0013 0
vt -1.5708 0.0000 0
vt -2.3497 0.0045 0
vt -2.5837 0.0069 0
vt -2.6141 0.0056 0
vt -2.3895 0.0036 0
vt -2.0827 0.0025 0
vt -3.1357 0.0370 0
vt -2.8123 0.0160 0
vt -2.6141 0.0185 0
vt -2.8964 0.0145 0
vt -2.9269 0.0137 0
vt -2.9392 0.0129 0
vt -2.9267 0.0120 0
vt -2.7962 0.0072 0
vt 3.6677 0.0072 0
vt -2.7884 0.0094 0
vt -2.9900 0.0086 0
vt -2.6141 0.0370 0
vt -2.4027 0.0207 0
vt 3.6990 0.0188 0
vt 7.3206 0.0016 0
vt 3.6603 0.0370 0
vt 4.1790 0.0370 0
vt 4.1790 0.0016 0
vt 3.9244 0.0013 0
vt 3.1416 0.0370 0
vt 3.6603 0.0012 0
vt 3.4023 0.0010 0
vt 3.1416 0.0010 0
vt 0.0000 0.0016 0
vt 0.0000 0.0015 0
vt 0.0360 0.0015 0
vt 0.0360 0.0016 0
vt 5.5864 0.0139 0
vt 5.9469 0.0110 0
vt 5.9763 0.0128 0
vt 5.8333 0.0087 0
vt 5.6903 0.0067 0
vt 5.9421 0.0146 0
vt 5.8686 0.0162 0
vt 5.6803 0.0189 0
vt 5.4825 0.0211 0
vt 5.4825 0.0044 0
vt 4.4557 0.0000 0
vt 4.9691 0.0000 0
vt 4.9691 0.0246 0
vt 4.7124 0.0250 0
vt 3.8434 0.0116 0
vt 3.4827 0.0146 0
vt 3.4484 0.0128 0
vt 3.5995 0.0169 0
vt 3.7445 0.0189 0
vt 3.4777 0.0110 0
vt 3.5486 0.0095 0
vt 3.7345 0.0067 0
vt 3.9423 0.0044 0
vt 3.9423 0.0211 0
vt 4.3056 0.0007 0
vt 4.3127 0.0000 0
vt 4.4557 0.0246 0
vt 4.2848 0.0013 0
vt 4.2503 0.0018 0
vt 4.3310 0.0134 0
vt 4.2174 0.0234 0
vt 4.2063 0.0022 0
vt 5.0938 0.0134 0
vt 5.2074 0.0234 0
vt 5.1744 0.0018 0
vt 5.2184 0.0022 0
vt 5.1400 0.0013 0
vt 5.1192 0.0007 0
vt 5.1120 0.0000 0
vt 5.1120 0.0000 0
vt 4.3127 0.0000 0
vt 0.0000 0.0000 0
vt 0.0000 0.0000 0
vt -0.0360 0.0000 0
vt -0.0360 0.0000 0
vt 0.0000 -0.0100 0
vt -0.0366 -0.0017 0
vt -0.0366 -0.0083 0
vt 0.0000 0.0000 0
vt -0.0360 0.0000 0
vt -0.0360 -0.0100 0
vt 3.1416 -0.0370 0
vt 3.4026 -0.0010 0
vt 3.6603 -0.0012 0
vt 3.1416 -0.0010 0
vt 3.6603 -0.0370 0
vt 3.9248 -0.0013 0
vt 4.1790 -0.0016 0
vt 4.1790 -0.0370 0
vt 0.0050 0.0128 0
vt 0.0050 0.0127 0
vt 0.0000 0.0114 0
vt 0.0107 0.0060 0
vt 0.0122 -0.0001 0
vt 0.0114 0.0000 0
vt 0.0106 -0.0062 0
vt 0.0098 -0.0057 0
vt -0.0053 0.0115 0
vt -0.0050 0.0127 0
vt -0.0057 0.0098 0
vt -0.0062 0.0105 0
vt 0.0057 0.0098 0
vt 0.0053 0.0115 0
vt -0.0050 0.0128 0
vt 0.0062 0.0105 0
vt 0.0098 0.0057 0
vt 0.0061 -0.0106 0
vt 0.0057 -0.0098 0
vt 0.0000 -0.0123 0
vt 0.0000 -0.0114 0
vt -0.0061 -0.0106 0
vt -0.0057 -0.0098 0
vt -0.0106 -0.0062 0
vt -0.0098 -0.0057 0
vt -0.0122 -0.0001 0
vt -0.0114 0.0000 0
vt -0.0107 0.0060 0
vt -0.0098 0.0057 0
vt 6.2832 0.0090 0
vt 6.2832 -0.0072 0
vt 6.8068 -0.0072 0
vt 6.8068 0.0090 0
vt 1.0472 -0.0072 0
vt 1.0472 0.0090 0
vt 1.5708 -0.0072 0
vt 1.5708 0.0090 0
vt 2.0944 -0.0072 0
vt 2.0944 0.0090 0
vt 2.6180 -0.0072 0
vt 2.6180 0.0090 0
vt 3.1416 -0.0072 0
vt 3.1416 0.0090 0
vt 3.6652 -0.0072 0
vt 3.6652 0.0090 0
vt 4.1888 -0.0072 0
vt 4.1888 0.0090 0
vt 4.7124 -0.0072 0
vt 4.7124 0.0090 0
vt 5.2360 -0.0072 0
vt 5.2360 0.0090 0
vt 5.7596 -0.0072 0
vt 5.7596 0.0090 0
vt 0.0000 -0.0114 0
vt 0.0000 -0.0096 0
vt 0.0048 -0.0083 0
vt -0.0057 -0.0098 0
vt -0.0048 -0.0083 0
vt 0.0057 -0.0098 0
vt 0.0083 -0.0048 0
vt -0.0098 0.0057 0
vt -0.0057 0.0098 0
vt -0.0048 0.0083 0
vt 0.0000 0.0114 0
vt 0.0000 0.0096 0
vt 0.0057 0.0098 0
vt 0.0048 0.0083 0
vt 0.0098 0.0057 0
vt 0.0083 0.0048 0
vt -0.0098 -0.0057 0
vt -0.0083 -0.0048 0
vt -0.0114 0.0000 0
vt -0.0083 0.0048 0
vt 0.0114 0.0000 0
vt 0.0096 0.0000 0
vt 0.0098 -0.0057 0
vt -0.0096 0.0000 0
vt -0.5236 0.0080 0
vt 0.0000 0.0080 0
vt 0.0000 0.0000 0
vt -1.0472 0.0080 0
vt -0.5236 0.0000 0
vt 4.7124 0.0080 0
vt -1.0472 0.0000 0
vt 4.1888 0.0080 0
vt 4.7124 0.0000 0
vt 3.6652 0.0080 0
vt 4.1888 0.0000 0
vt 3.1416 0.0080 0
vt 3.6652 0.0000 0
vt 2.6180 0.0080 0
vt 3.1416 0.0000 0
vt 2.0944 0.0080 0
vt 2.6180 0.0000 0
vt 1.5708 0.0080 0
vt 2.0944 0.0000 0
vt 1.0472 0.0080 0
vt 1.5708 0.0000 0
vt 0.5236 0.0080 0
vt 1.0472 0.0000 0
vt 0.5236 0.0000 0
vt 0.0000 0.0000 0
vt 0.0083 -0.0048 0
vt 0.0048 -0.0083 0
vt 0.0000 -0.0096 0
vt -0.0048 -0.0083 0
vt -0.0083 -0.0048 0
vt -0.0096 0.0000 0
vt -0.0083 0.0048 0
vt -0.0048 0.0083 0
vt 0.0000 0.0096 0
vt 0.0048 0.0083 0
vt 0.0083 0.0048 0
vt 0.0096 0.0000 0
f 812/812/812 808/808/808 805/805/805
f 809/809/809 808/808/808 811/811/811
f 810/810/810 808/808/808 809/809/809
f 805/805/805 804/804/804 807/807/807
f 804/804/804 805/805/805 806/806/806
f 803/803/803 802/802/802 799/799/799
f 804/804/804 802/802/802 803/803/803
f 797/797/797 801/801/801 798/798/798
f 797/797/797 800/800/800 801/801/801
f 800/800/800 797/797/797 788/788/788
f 799/799/799 797/797/797 798/798/798
f 796/796/796 795/795/795 792/792/792
f 796/796/796 792/792/792 761/761/761
f 793/793/793 794/794/794 795/795/795
f 793/793/793 795/795/795 796/796/796
f 794/794/794 793/793/793 780/780/780
f 791/791/791 761/761/761 792/792/792
f 761/761/761 790/790/790 786/786/786
f 790/790/790 761/761/761 791/791/791
f 789/789/789 786/786/786 790/790/790
f 787/787/787 786/786/786 789/789/789
f 788/788/788 786/786/786 787/787/787
f 785/785/785 783/783/783 776/776/776
f 783/783/783 785/785/785 784/784/784
f 783/783/783 781/781/781 780/780/780
f 781/781/781 783/783/783 784/784/784
f 782/782/782 780/780/780 781/781/781
f 777/777/777 773/773/773 778/778/778
f 773/773/773 777/777/777 779/779/779
f 778/778/778 776/776/776 777/777/777
f 772/772/772 774/774/774 775/775/775
f 774/774/774 772/772/772 771/771/771
f 773/773/773 771/771/771 772/772/772
f 768/768/768 769/769/769 770/770/770
f 769/769/769 768/768/768 763/763/763
f 763/763/763 767/767/767 764/764/764
f 767/767/767 763/763/763 766/766/766
f 765/765/765 763/763/763 764/764/764
f 759/759/759 762/762/762 760/760/760
f 762/762/762 759/759/759 757/757/757
f 761/761/761 759/759/759 760/760/760
f 756/756/756 755/755/755 758/758/758
f 808/808/808 812/812/812 811/811/811
f 814/814/814 767/767/767 813/813/813
f 813/813/813 767/767/767 815/815/815
f 818/818/818 816/816/816 817/817/817
f 816/816/816 818/818/818 819/819/819
f 817/817/817 820/820/820 814/814/814
f 817/817/817 816/816/816 820/820/820
f 821/821/821 767/767/767 766/766/766
f 767/767/767 821/821/821 815/815/815
f 822/822/822 766/766/766 808/808/808
f 766/766/766 822/822/822 823/823/823
f 766/766/766 823/823/823 821/821/821
f 824/824/824 775/775/775 774/774/774
f 825/825/825 824/824/824 819/819/819
f 826/826/826 819/819/819 818/818/818
f 819/819/819 826/826/826 825/825/825
f 824/824/824 825/825/825 827/827/827
f 775/775/775 824/824/824 827/827/827
f 767/767/767 814/814/814 820/820/820
f 808/808/808 810/810/810 822/822/822
f 805/805/805 807/807/807 812/812/812
f 802/802/802 804/804/804 806/806/806
f 797/797/797 799/799/799 802/802/802
f 786/786/786 788/788/788 797/797/797
f 780/780/780 782/782/782 794/794/794
f 776/776/776 778/778/778 785/785/785
f 771/771/771 773/773/773 779/779/779
f 768/768/768 770/770/770 828/828/828
f 763/763/763 765/765/765 769/769/769
f 759/759/759 761/761/761 786/786/786
f 755/755/755 757/757/757 759/759/759
f 757/757/757 755/755/755 756/756/756
f 1094/1094/1094 1092/1092/1092 1093/1093/1093
f 1089/1089/1089 1074/1074/1074 1091/1091/1091
f 1090/1090/1090 1074/1074/1074 1089/1089/1089
f 1085/1085/1085 1088/1088/1088 1086/1086/1086
f 1092/1092/1092 1094/1094/1094 1095/1095/1095
f 1087/1087/1087 1085/1085/1085 1086/1086/1086
f 1082/1082/1082 1080/1080/1080 1084/1084/1084
f 1080/1080/1080 1082/1082/1082 1083/1083/1083
f 1079/1079/1079 1078/1078/1078 1081/1081/1081
f 1080/1080/1080 1078/1078/1078 1079/1079/1079
f 1093/1093/1093 1096/1096/1096 1090/1090/1090
f 1093/1093/1093 1092/1092/1092 1096/1096/1096
f 1097/1097/1097 1074/1074/1074 1073/1073/1073
f 1074/1074/1074 1097/1097/1097 1091/1091/1091
f 1098/1098/1098 1073/1073/1073 1085/1085/1085
f 1088/1088/1088 1085/1085/1085 1082/1082/1082
f 1064/1064/1064 1062/1062/1062 1063/1063/1063
f 1063/1063/1063 1062/1062/1062 1065/1065/1065
f 1068/1068/1068 1066/1066/1066 1067/1067/1067
f 1069/1069/1069 1066/1066/1066 1064/1064/1064
f 1066/1066/1066 1069/1069/1069 1067/1067/1067
f 1072/1072/1072 1070/1070/1070 1071/1071/1071
f 1074/1074/1074 1070/1070/1070 1073/1073/1073
f 1070/1070/1070 1074/1074/1074 1071/1071/1071
f 1076/1076/1076 1075/1075/1075 1070/1070/1070
f 1073/1073/1073 1098/1098/1098 1099/1099/1099
f 1062/1062/1062 1064/1064/1064 1066/1066/1066
f 1066/1066/1066 1068/1068/1068 1117/1117/1117
f 1070/1070/1070 1072/1072/1072 1076/1076/1076
f 1075/1075/1075 1077/1077/1077 1131/1131/1131
f 1078/1078/1078 1080/1080/1080 1083/1083/1083
f 1082/1082/1082 1084/1084/1084 1088/1088/1088
f 1085/1085/1085 1087/1087/1087 1098/1098/1098
f 1074/1074/1074 1090/1090/1090 1096/1096/1096
f 1100/1100/1100 1102/1102/1102 1107/1107/1107
f 1104/1104/1104 1106/1106/1106 1111/1111/1111
f 1108/1108/1108 1110/1110/1110 1116/1116/1116
f 1114/1114/1114 1113/1113/1113 1125/1125/1125
f 1117/1117/1117 1119/1119/1119 1128/1128/1128
f 1128/1128/1128 1081/1081/1081 1078/1078/1078
f 1128/1128/1128 1130/1130/1130 1129/1129/1129
f 1130/1130/1130 1128/1128/1128 1119/1119/1119
f 1081/1081/1081 1128/1128/1128 1129/1129/1129
f 1127/1127/1127 1126/1126/1126 1123/1123/1123
f 1127/1127/1127 1123/1123/1123 1068/1068/1068
f 1124/1124/1124 1125/1125/1125 1126/1126/1126
f 1124/1124/1124 1126/1126/1126 1127/1127/1127
f 1125/1125/1125 1124/1124/1124 1114/1114/1114
f 1122/1122/1122 1068/1068/1068 1123/1123/1123
f 1068/1068/1068 1121/1121/1121 1117/1117/1117
f 1121/1121/1121 1068/1068/1068 1122/1122/1122
f 1120/1120/1120 1117/1117/1117 1121/1121/1121
f 1118/1118/1118 1117/1117/1117 1120/1120/1120
f 1119/1119/1119 1117/1117/1117 1118/1118/1118
f 1115/1115/1115 1116/1116/1116 1112/1112/1112
f 1116/1116/1116 1115/1115/1115 1108/1108/1108
f 1112/1112/1112 1114/1114/1114 1115/1115/1115
f 1114/1114/1114 1112/1112/1112 1113/1113/1113
f 1109/1109/1109 1106/1106/1106 1110/1110/1110
f 1106/1106/1106 1109/1109/1109 1111/1111/1111
f 1110/1110/1110 1108/1108/1108 1109/1109/1109
f 1105/1105/1105 1107/1107/1107 1102/1102/1102
f 1107/1107/1107 1105/1105/1105 1104/1104/1104
f 1106/1106/1106 1104/1104/1104 1105/1105/1105
f 1101/1101/1101 1095/1095/1095 1103/1103/1103
f 1103/1103/1103 1095/1095/1095 1094/1094/1094
f 1095/1095/1095 1101/1101/1101 1100/1100/1100
f 1102/1102/1102 1100/1100/1100 1101/1101/1101
f 1073/1073/1073 1099/1099/1099 1097/1097/1097
f 1075/1075/1075 1076/1076/1076 1077/1077/1077
f 481/481/481 506/506/506 495/495/495
f 481/481/481 504/504/504 503/503/503
f 476/476/476 498/498/498 492/492/492
f 487/487/487 505/505/505 501/501/501
f 481/481/481 489/489/489 506/506/506
f 503/503/503 505/505/505 487/487/487
f 484/484/484 499/499/499 502/502/502
f 474/474/474 475/475/475 493/493/493
f 504/504/504 481/481/481 494/494/494
f 505/505/505 503/503/503 504/504/504
f 497/497/497 484/484/484 502/502/502
f 474/474/474 493/493/493 492/492/492
f 476/476/476 491/491/491 500/500/500
f 488/488/488 487/487/487 501/501/501
f 484/484/484 498/498/498 476/476/476
f 481/481/481 496/496/496 482/482/482
f 476/476/476 493/493/493 490/490/490
f 483/483/483 476/476/476 500/500/500
f 484/484/484 486/486/486 499/499/499
f 487/487/487 485/485/485 484/484/484
f 498/498/498 484/484/484 497/497/497
f 496/496/496 481/481/481 495/495/495
f 481/481/481 479/479/479 494/494/494
f 472/472/472 470/470/470 471/471/471
f 470/470/470 473/473/473 474/474/474
f 470/470/470 472/472/472 473/473/473
f 474/474/474 473/473/473 475/475/475
f 478/478/478 476/476/476 477/477/477
f 472/472/472 479/479/479 480/480/480
f 476/476/476 478/478/478 481/481/481
f 479/479/479 481/481/481 482/482/482
f 480/480/480 479/479/479 482/482/482
f 477/477/477 476/476/476 483/483/483
f 472/472/472 471/471/471 479/479/479
f 486/486/486 484/484/484 485/485/485
f 485/485/485 487/487/487 488/488/488
f 481/481/481 478/478/478 489/489/489
f 491/491/491 476/476/476 490/490/490
f 493/493/493 476/476/476 492/492/492
f 837/837/837 839/839/839 840/840/840
f 839/839/839 837/837/837 838/838/838
f 884/884/884 882/882/882 883/883/883
f 882/882/882 884/884/884 885/885/885
f 890/890/890 886/886/886 889/889/889
f 886/886/886 890/890/890 887/887/887
f 886/886/886 888/888/888 891/891/891
f 888/888/888 886/886/886 887/887/887
f 1142/1142/1142 1140/1140/1140 1141/1141/1141
f 1140/1140/1140 1142/1142/1142 1143/1143/1143
f 1185/1185/1185 1187/1187/1187 1188/1188/1188
f 1187/1187/1187 1185/1185/1185 1186/1186/1186
f 1189/1189/1189 1193/1193/1193 1190/1190/1190
f 1191/1191/1191 1189/1189/1189 1190/1190/1190
f 1193/1193/1193 1189/1189/1189 1192/1192/1192
f 1189/1189/1189 1191/1191/1191 1194/1194/1194
f 833/833/833 834/834/834 835/835/835
f 829/829/829 831/831/831 832/832/832
f 834/834/834 833/833/833 829/829/829
f 833/833/833 835/835/835 836/836/836
f 829/829/829 832/832/832 834/834/834
f 831/831/831 829/829/829 830/830/830
f 906/906/906 908/908/908 903/903/903
f 902/902/902 918/918/918 905/905/905
f 921/921/921 916/916/916 915/915/915
f 924/924/924 928/928/928 927/927/927
f 910/910/910 907/907/907 909/909/909
f 902/902/902 901/901/901 904/904/904
f 900/900/900 902/902/902 905/905/905
f 904/904/904 903/903/903 902/902/902
f 902/902/902 900/900/900 901/901/901
f 907/907/907 910/910/910 908/908/908
f 912/912/912 909/909/909 911/911/911
f 918/918/918 902/902/902 917/917/917
f 914/914/914 911/911/911 913/913/913
f 916/916/916 913/913/913 915/915/915
f 908/908/908 906/906/906 907/907/907
f 920/920/920 925/925/925 926/926/926
f 928/928/928 924/924/924 923/923/923
f 903/903/903 904/904/904 906/906/906
f 927/927/927 926/926/926 925/925/925
f 923/923/923 922/922/922 921/921/921
f 911/911/911 914/914/914 912/912/912
f 919/919/919 917/917/917 902/902/902
f 925/925/925 920/920/920 919/919/919
f 922/922/922 923/923/923 924/924/924
f 916/916/916 921/921/921 922/922/922
f 913/913/913 916/916/916 914/914/914
f 909/909/909 912/912/912 910/910/910
f 917/917/917 919/919/919 920/920/920
f 926/926/926 927/927/927 928/928/928
f 896/896/896 898/898/898 899/899/899
f 897/897/897 896/896/896 894/894/894
f 898/898/898 896/896/896 897/897/897
f 893/893/893 892/892/892 895/895/895
f 894/894/894 892/892/892 893/893/893
f 892/892/892 894/894/894 896/896/896
f 841/841/841 843/843/843 846/846/846
f 851/851/851 853/853/853 865/865/865
f 855/855/855 857/857/857 860/860/860
f 865/865/865 867/867/867 881/881/881
f 850/850/850 873/873/873 876/876/876
f 851/851/851 880/880/880 878/878/878
f 880/880/880 851/851/851 879/879/879
f 851/851/851 877/877/877 854/854/854
f 877/877/877 851/851/851 878/878/878
f 875/875/875 854/854/854 877/877/877
f 875/875/875 873/873/873 854/854/854
f 873/873/873 875/875/875 876/876/876
f 873/873/873 874/874/874 854/854/854
f 874/874/874 873/873/873 849/849/849
f 873/873/873 850/850/850 849/849/849
f 865/865/865 868/868/868 866/866/866
f 853/853/853 869/869/869 868/868/868
f 869/869/869 870/870/870 872/872/872
f 870/870/870 871/871/871 864/864/864
f 863/863/863 870/870/870 864/864/864
f 870/870/870 863/863/863 872/872/872
f 871/871/871 870/870/870 853/853/853
f 870/870/870 869/869/869 853/853/853
f 868/868/868 865/865/865 853/853/853
f 867/867/867 865/865/865 866/866/866
f 864/864/864 855/855/855 863/863/863
f 855/855/855 864/864/864 859/859/859
f 855/855/855 862/862/862 863/863/863
f 855/855/855 861/861/861 862/862/862
f 861/861/861 855/855/855 860/860/860
f 858/858/858 855/855/855 859/859/859
f 856/856/856 855/855/855 858/858/858
f 857/857/857 855/855/855 856/856/856
f 852/852/852 851/851/851 854/854/854
f 853/853/853 851/851/851 852/852/852
f 850/850/850 841/841/841 849/849/849
f 841/841/841 850/850/850 845/845/845
f 841/841/841 848/848/848 849/849/849
f 841/841/841 847/847/847 848/848/848
f 847/847/847 841/841/841 846/846/846
f 844/844/844 841/841/841 845/845/845
f 842/842/842 841/841/841 844/844/844
f 843/843/843 841/841/841 842/842/842
f 1136/1136/1136 1138/1138/1138 1139/1139/1139
f 1136/1136/1136 1137/1137/1137 1138/1138/1138
f 1137/1137/1137 1136/1136/1136 1132/1132/1132
f 1132/1132/1132 1134/1134/1134 1135/1135/1135
f 1132/1132/1132 1135/1135/1135 1137/1137/1137
f 1134/1134/1134 1132/1132/1132 1133/1133/1133
f 1229/1229/1229 1230/1230/1230 1231/1231/1231
f 1231/1231/1231 1214/1214/1214 1213/1213/1213
f 1218/1218/1218 1219/1219/1219 1215/1215/1215
f 1228/1228/1228 1227/1227/1227 1226/1226/1226
f 1214/1214/1214 1231/1231/1231 1230/1230/1230
f 1224/1224/1224 1223/1223/1223 1222/1222/1222
f 1205/1205/1205 1212/1212/1212 1217/1217/1217
f 1230/1230/1230 1229/1229/1229 1228/1228/1228
f 1227/1227/1227 1228/1228/1228 1229/1229/1229
f 1226/1226/1226 1225/1225/1225 1224/1224/1224
f 1209/1209/1209 1221/1221/1221 1210/1210/1210
f 1215/1215/1215 1216/1216/1216 1218/1218/1218
f 1225/1225/1225 1226/1226/1226 1227/1227/1227
f 1223/1223/1223 1224/1224/1224 1225/1225/1225
f 1220/1220/1220 1223/1223/1223 1221/1221/1221
f 1206/1206/1206 1208/1208/1208 1219/1219/1219
f 1205/1205/1205 1204/1204/1204 1216/1216/1216
f 1213/1213/1213 1211/1211/1211 1205/1205/1205
f 1221/1221/1221 1209/1209/1209 1220/1220/1220
f 1207/1207/1207 1210/1210/1210 1208/1208/1208
f 1219/1219/1219 1218/1218/1218 1206/1206/1206
f 1203/1203/1203 1205/1205/1205 1217/1217/1217
f 1211/1211/1211 1213/1213/1213 1214/1214/1214
f 1212/1212/1212 1205/1205/1205 1211/1211/1211
f 1210/1210/1210 1207/1207/1207 1209/1209/1209
f 1208/1208/1208 1206/1206/1206 1207/1207/1207
f 1205/1205/1205 1203/1203/1203 1204/1204/1204
f 1223/1223/1223 1220/1220/1220 1222/1222/1222
f 1216/1216/1216 1215/1215/1215 1205/1205/1205
f 1196/1196/1196 1195/1195/1195 1198/1198/1198
f 1201/1201/1201 1199/1199/1199 1200/1200/1200
f 1200/1200/1200 1199/1199/1199 1197/1197/1197
f 1199/1199/1199 1201/1201/1201 1202/1202/1202
f 1195/1195/1195 1197/1197/1197 1199/1199/1199
f 1197/1197/1197 1195/1195/1195 1196/1196/1196
f 1154/1154/1154 1171/1171/1171 1168/1168/1168
f 1159/1159/1159 1158/1158/1158 1161/1161/1161
f 1161/1161/1161 1158/1158/1158 1162/1162/1162
f 1164/1164/1164 1158/1158/1158 1163/1163/1163
f 1158/1158/1158 1164/1164/1164 1165/1165/1165
f 1158/1158/1158 1165/1165/1165 1166/1166/1166
f 1146/1146/1146 1144/1144/1144 1145/1145/1145
f 1145/1145/1145 1144/1144/1144 1147/1147/1147
f 1147/1147/1147 1144/1144/1144 1148/1148/1148
f 1150/1150/1150 1144/1144/1144 1149/1149/1149
f 1176/1176/1176 1177/1177/1177 1156/1156/1156
f 1176/1176/1176 1178/1178/1178 1179/1179/1179
f 1178/1178/1178 1176/1176/1176 1156/1156/1156
f 1178/1178/1178 1156/1156/1156 1180/1180/1180
f 1180/1180/1180 1155/1155/1155 1181/1181/1181
f 1155/1155/1155 1180/1180/1180 1156/1156/1156
f 1183/1183/1183 1155/1155/1155 1182/1182/1182
f 1155/1155/1155 1183/1183/1183 1181/1181/1181
f 1153/1153/1153 1176/1176/1176 1179/1179/1179
f 1154/1154/1154 1169/1169/1169 1184/1184/1184
f 1158/1158/1158 1160/1160/1160 1163/1163/1163
f 1154/1154/1154 1157/1157/1157 1170/1170/1170
f 1144/1144/1144 1146/1146/1146 1149/1149/1149
f 1144/1144/1144 1150/1150/1150 1151/1151/1151
f 1144/1144/1144 1151/1151/1151 1152/1152/1152
f 1144/1144/1144 1153/1153/1153 1148/1148/1148
f 1153/1153/1153 1144/1144/1144 1152/1152/1152
f 1156/1156/1156 1154/1154/1154 1155/1155/1155
f 1154/1154/1154 1156/1156/1156 1157/1157/1157
f 1176/1176/1176 1153/1153/1153 1152/1152/1152
f 1177/1177/1177 1176/1176/1176 1152/1152/1152
f 1170/1170/1170 1172/1172/1172 1171/1171/1171
f 1172/1172/1172 1173/1173/1173 1175/1175/1175
f 1173/1173/1173 1174/1174/1174 1167/1167/1167
f 1166/1166/1166 1173/1173/1173 1167/1167/1167
f 1173/1173/1173 1166/1166/1166 1175/1175/1175
f 1174/1174/1174 1173/1173/1173 1170/1170/1170
f 1173/1173/1173 1172/1172/1172 1170/1170/1170
f 1158/1158/1158 1167/1167/1167 1162/1162/1162
f 1171/1171/1171 1154/1154/1154 1170/1170/1170
f 1169/1169/1169 1154/1154/1154 1168/1168/1168
f 1167/1167/1167 1158/1158/1158 1166/1166/1166
f 1160/1160/1160 1158/1158/1158 1159/1159/1159
f 685/685/685 689/689/689 690/690/690
f 661/661/661 660/660/660 662/662/662
f 664/664/664 659/659/659 663/663/663
f 659/659/659 664/664/664 665/665/665
f 668/668/668 666/666/666 667/667/667
f 669/669/669 666/666/666 665/665/665
f 666/666/666 669/669/669 667/667/667
f 672/672/672 670/670/670 671/671/671
f 671/671/671 670/670/670 673/673/673
f 673/673/673 670/670/670 674/674/674
f 675/675/675 670/670/670 666/666/666
f 670/670/670 675/675/675 674/674/674
f 677/677/677 670/670/670 676/676/676
f 679/679/679 670/670/670 678/678/678
f 670/670/670 679/679/679 680/680/680
f 670/670/670 680/680/680 676/676/676
f 683/683/683 681/681/681 682/682/682
f 684/684/684 681/681/681 677/677/677
f 681/681/681 684/684/684 682/682/682
f 687/687/687 685/685/685 686/686/686
f 687/687/687 686/686/686 683/683/683
f 689/689/689 685/685/685 688/688/688
f 693/693/693 691/691/691 692/692/692
f 694/694/694 691/691/691 690/690/690
f 691/691/691 694/694/694 692/692/692
f 697/697/697 695/695/695 696/696/696
f 696/696/696 695/695/695 698/698/698
f 698/698/698 695/695/695 699/699/699
f 700/700/700 695/695/695 691/691/691
f 695/695/695 700/700/700 699/699/699
f 702/702/702 695/695/695 701/701/701
f 704/704/704 695/695/695 703/703/703
f 695/695/695 704/704/704 705/705/705
f 695/695/695 705/705/705 701/701/701
f 662/662/662 706/706/706 707/707/707
f 708/708/708 706/706/706 702/702/702
f 706/706/706 708/708/708 707/707/707
f 706/706/706 662/662/662 660/660/660
f 695/695/695 702/702/702 706/706/706
f 695/695/695 697/697/697 703/703/703
f 691/691/691 693/693/693 700/700/700
f 690/690/690 689/689/689 694/694/694
f 685/685/685 687/687/687 688/688/688
f 681/681/681 683/683/683 686/686/686
f 659/659/659 661/661/661 663/663/663
f 665/665/665 664/664/664 669/669/669
f 666/666/666 668/668/668 675/675/675
f 670/670/670 672/672/672 678/678/678
f 670/670/670 677/677/677 681/681/681
f 661/661/661 659/659/659 660/660/660
f 711/711/711 709/709/709 710/710/710
f 710/710/710 709/709/709 712/712/712
f 712/712/712 709/709/709 713/713/713
f 715/715/715 709/709/709 714/714/714
f 709/709/709 715/715/715 713/713/713
f 717/717/717 709/709/709 716/716/716
f 719/719/719 709/709/709 718/718/718
f 709/709/709 719/719/719 720/720/720
f 709/709/709 720/720/720 716/716/716
f 723/723/723 721/721/721 722/722/722
f 722/722/722 721/721/721 717/717/717
f 726/726/726 724/724/724 725/725/725
f 726/726/726 725/725/725 723/723/723
f 728/728/728 724/724/724 727/727/727
f 724/724/724 728/728/728 729/729/729
f 731/731/731 730/730/730 729/729/729
f 730/730/730 731/731/731 732/732/732
f 735/735/735 733/733/733 734/734/734
f 734/734/734 733/733/733 736/736/736
f 736/736/736 733/733/733 737/737/737
f 738/738/738 733/733/733 730/730/730
f 733/733/733 738/738/738 737/737/737
f 740/740/740 733/733/733 739/739/739
f 742/742/742 733/733/733 741/741/741
f 733/733/733 742/742/742 743/743/743
f 733/733/733 743/743/743 739/739/739
f 746/746/746 744/744/744 745/745/745
f 745/745/745 744/744/744 740/740/740
f 749/749/749 747/747/747 748/748/748
f 749/749/749 748/748/748 746/746/746
f 751/751/751 747/747/747 750/750/750
f 747/747/747 751/751/751 752/752/752
f 753/753/753 714/714/714 752/752/752
f 714/714/714 753/753/753 754/754/754
f 714/714/714 754/754/754 715/715/715
f 752/752/752 751/751/751 753/753/753
f 747/747/747 749/749/749 750/750/750
f 744/744/744 746/746/746 748/748/748
f 733/733/733 740/740/740 744/744/744
f 733/733/733 735/735/735 741/741/741
f 730/730/730 732/732/732 738/738/738
f 729/729/729 728/728/728 731/731/731
f 724/724/724 726/726/726 727/727/727
f 721/721/721 723/723/723 725/725/725
f 709/709/709 711/711/711 718/718/718
f 709/709/709 717/717/717 721/721/721
f 555/555/555 557/557/557 579/579/579
f 580/580/580 562/562/562 581/581/581
f 565/565/565 567/567/567 577/577/577
f 572/572/572 575/575/575 582/582/582
f 569/569/569 581/581/581 562/562/562
f 563/563/563 576/576/576 557/557/557
f 573/573/573 570/570/570 578/578/578
f 557/557/557 555/555/555 556/556/556
f 559/559/559 555/555/555 558/558/558
f 562/562/562 560/560/560 561/561/561
f 564/564/564 560/560/560 563/563/563
f 567/567/567 565/565/565 566/566/566
f 569/569/569 565/565/565 568/568/568
f 572/572/572 570/570/570 571/571/571
f 574/574/574 570/570/570 573/573/573
f 575/575/575 558/558/558 555/555/555
f 555/555/555 559/559/559 556/556/556
f 576/576/576 563/563/563 560/560/560
f 560/560/560 564/564/564 561/561/561
f 565/565/565 569/569/569 566/566/566
f 578/578/578 577/577/577 573/573/573
f 570/570/570 574/574/574 571/571/571
f 558/558/558 575/575/575 572/572/572
f 579/579/579 557/557/557 576/576/576
f 560/560/560 562/562/562 580/580/580
f 581/581/581 569/569/569 568/568/568
f 577/577/577 578/578/578 565/565/565
f 570/570/570 572/572/572 582/582/582
f 631/631/631 633/633/633 654/654/654
f 647/647/647 649/649/649 658/658/658
f 636/636/636 638/638/638 656/656/656
f 643/643/643 646/646/646 657/657/657
f 649/649/649 652/652/652 658/658/658
f 650/650/650 655/655/655 654/654/654
f 633/633/633 631/631/631 632/632/632
f 644/644/644 653/653/653 656/656/656
f 635/635/635 631/631/631 634/634/634
f 638/638/638 636/636/636 637/637/637
f 640/640/640 636/636/636 639/639/639
f 643/643/643 641/641/641 642/642/642
f 645/645/645 641/641/641 644/644/644
f 646/646/646 635/635/635 634/634/634
f 631/631/631 635/635/635 632/632/632
f 641/641/641 643/643/643 657/657/657
f 649/649/649 647/647/647 648/648/648
f 651/651/651 647/647/647 650/650/650
f 652/652/652 640/640/640 639/639/639
f 636/636/636 640/640/640 637/637/637
f 653/653/653 644/644/644 641/641/641
f 641/641/641 645/645/645 642/642/642
f 635/635/635 646/646/646 643/643/643
f 636/636/636 656/656/656 653/653/653
f 640/640/640 652/652/652 649/649/649
f 647/647/647 651/651/651 648/648/648
f 655/655/655 650/650/650 647/647/647
f 631/631/631 654/654/654 655/655/655
f 507/507/507 509/509/509 510/510/510
f 510/510/510 511/511/511 512/512/512
f 509/509/509 507/507/507 508/508/508
f 511/511/511 510/510/510 509/509/509
f 512/512/512 513/513/513 514/514/514
f 513/513/513 512/512/512 511/511/511
f 515/515/515 517/517/517 518/518/518
f 517/517/517 515/515/515 516/516/516
f 525/525/525 524/524/524 523/523/523
f 523/523/523 522/522/522 521/521/521
f 521/521/521 519/519/519 520/520/520
f 524/524/524 525/525/525 526/526/526
f 519/519/519 521/521/521 522/522/522
f 522/522/522 523/523/523 524/524/524
f 527/527/527 529/529/529 530/530/530
f 529/529/529 527/527/527 528/528/528
f 533/533/533 531/531/531 532/532/532
f 531/531/531 533/533/533 534/534/534
f 534/534/534 535/535/535 536/536/536
f 536/536/536 537/537/537 538/538/538
f 535/535/535 534/534/534 533/533/533
f 537/537/537 536/536/536 535/535/535
f 539/539/539 541/541/541 542/542/542
f 541/541/541 539/539/539 540/540/540
f 545/545/545 543/543/543 544/544/544
f 547/547/547 546/546/546 545/545/545
f 549/549/549 548/548/548 547/547/547
f 543/543/543 545/545/545 546/546/546
f 546/546/546 547/547/547 548/548/548
f 548/548/548 549/549/549 550/550/550
f 553/553/553 551/551/551 552/552/552
f 551/551/551 553/553/553 554/554/554
f 585/585/585 583/583/583 584/584/584
f 583/583/583 585/585/585 586/586/586
f 591/591/591 590/590/590 589/589/589
f 589/589/589 587/587/587 588/588/588
f 593/593/593 592/592/592 591/591/591
f 587/587/587 589/589/589 590/590/590
f 592/592/592 593/593/593 594/594/594
f 590/590/590 591/591/591 592/592/592
f 595/595/595 597/597/597 598/598/598
f 597/597/597 595/595/595 596/596/596
f 604/604/604 605/605/605 606/606/606
f 602/602/602 603/603/603 604/604/604
f 605/605/605 604/604/604 603/603/603
f 603/603/603 602/602/602 601/601/601
f 601/601/601 599/599/599 600/600/600
f 599/599/599 601/601/601 602/602/602
f 607/607/607 609/609/609 610/610/610
f 609/609/609 607/607/607 608/608/608
f 615/615/615 614/614/614 613/613/613
f 614/614/614 615/615/615 616/616/616
f 611/611/611 613/613/613 614/614/614
f 617/617/617 616/616/616 615/615/615
f 613/613/613 611/611/611 612/612/612
f 616/616/616 617/617/617 618/618/618
f 619/619/619 621/621/621 622/622/622
f 621/621/621 619/619/619 620/620/620
f 627/627/627 626/626/626 625/625/625
f 625/625/625 623/623/623 624/624/624
f 629/629/629 628/628/628 627/627/627
f 628/628/628 629/629/629 630/630/630
f 626/626/626 627/627/627 628/628/628
f 623/623/623 625/625/625 626/626/626
f 400/400/400 395/395/395 408/408/408
f 395/395/395 397/397/397 408/408/408
f 402/402/402 406/406/406 407/407/407
f 404/404/404 403/403/403 410/410/410
f 408/408/408 397/397/397 409/409/409
f 395/395/395 401/401/401 405/405/405
f 406/406/406 402/402/402 401/401/401
f 401/401/401 403/403/403 404/404/404
f 397/397/397 395/395/395 396/396/396
f 399/399/399 395/395/395 398/398/398
f 401/401/401 395/395/395 400/400/400
f 403/403/403 401/401/401 402/402/402
f 395/395/395 399/399/399 396/396/396
f 405/405/405 401/401/401 404/404/404
f 393/393/393 391/391/391 392/392/392
f 391/391/391 393/393/393 394/394/394
f 413/413/413 411/411/411 412/412/412
f 411/411/411 413/413/413 414/414/414
f 417/417/417 415/415/415 416/416/416
f 415/415/415 417/417/417 418/418/418
f 421/421/421 419/419/419 420/420/420
f 419/419/419 421/421/421 422/422/422
f 423/423/423 425/425/425 426/426/426
f 425/425/425 423/423/423 424/424/424
f 427/427/427 429/429/429 430/430/430
f 429/429/429 427/427/427 428/428/428
f 433/433/433 431/431/431 432/432/432
f 431/431/431 433/433/433 434/434/434
f 434/434/434 433/433/433 435/435/435
f 438/438/438 436/436/436 437/437/437
f 436/436/436 438/438/438 439/439/439
f 442/442/442 440/440/440 441/441/441
f 440/440/440 442/442/442 443/443/443
f 446/446/446 444/444/444 445/445/445
f 444/444/444 446/446/446 447/447/447
f 448/448/448 450/450/450 451/451/451
f 451/451/451 450/450/450 452/452/452
f 450/450/450 448/448/448 449/449/449
f 453/453/453 455/455/455 456/456/456
f 455/455/455 453/453/453 454/454/454
f 457/457/457 459/459/459 460/460/460
f 459/459/459 457/457/457 458/458/458
f 463/463/463 461/461/461 462/462/462
f 461/461/461 463/463/463 464/464/464
f 467/467/467 466/466/466 468/468/468
f 467/467/467 465/465/465 466/466/466
f 465/465/465 467/467/467 469/469/469
f 1/1/1 11/11/11 12/12/12
f 1/1/1 12/12/12 13/13/13
f 1/1/1 10/10/10 11/11/11
f 3/3/3 1/1/1 2/2/2
f 1/1/1 7/7/7 8/8/8
f 1/1/1 14/14/14 15/15/15
f 1/1/1 15/15/15 16/16/16
f 1/1/1 16/16/16 17/17/17
f 1/1/1 18/18/18 19/19/19
f 1/1/1 9/9/9 10/10/10
f 1/1/1 8/8/8 9/9/9
f 1/1/1 19/19/19 20/20/20
f 1/1/1 20/20/20 21/21/21
f 1/1/1 21/21/21 2/2/2
f 1/1/1 13/13/13 14/14/14
f 1/1/1 6/6/6 7/7/7
f 1/1/1 5/5/5 6/6/6
f 1/1/1 4/4/4 5/5/5
f 1/1/1 3/3/3 4/4/4
f 1/1/1 17/17/17 18/18/18
f 34/34/34 33/33/33 32/32/32
f 32/32/32 31/31/31 30/30/30
f 30/30/30 29/29/29 28/28/28
f 28/28/28 27/27/27 26/26/26
f 36/36/36 35/35/35 34/34/34
f 40/40/40 39/39/39 38/38/38
f 42/42/42 41/41/41 40/40/40
f 44/44/44 43/43/43 42/42/42
f 46/46/46 45/45/45 44/44/44
f 48/48/48 47/47/47 46/46/46
f 50/50/50 49/49/49 48/48/48
f 52/52/52 51/51/51 50/50/50
f 54/54/54 53/53/53 52/52/52
f 56/56/56 55/55/55 54/54/54
f 58/58/58 57/57/57 56/56/56
f 60/60/60 59/59/59 58/58/58
f 23/23/23 61/61/61 60/60/60
f 61/61/61 23/23/23 22/22/22
f 59/59/59 60/60/60 61/61/61
f 57/57/57 58/58/58 59/59/59
f 55/55/55 56/56/56 57/57/57
f 53/53/53 54/54/54 55/55/55
f 51/51/51 52/52/52 53/53/53
f 49/49/49 50/50/50 51/51/51
f 47/47/47 48/48/48 49/49/49
f 45/45/45 46/46/46 47/47/47
f 43/43/43 44/44/44 45/45/45
f 41/41/41 42/42/42 43/43/43
f 39/39/39 40/40/40 41/41/41
f 37/37/37 38/38/38 39/39/39
f 35/35/35 36/36/36 37/37/37
f 33/33/33 34/34/34 35/35/35
f 31/31/31 32/32/32 33/33/33
f 29/29/29 30/30/30 31/31/31
f 27/27/27 28/28/28 29/29/29
f 25/25/25 26/26/26 27/27/27
f 22/22/22 24/24/24 25/25/25
f 24/24/24 22/22/22 23/23/23
f 38/38/38 37/37/37 36/36/36
f 26/26/26 25/25/25 24/24/24
f 62/62/62 64/64/64 71/71/71
f 130/130/130 119/119/119 129/129/129
f 91/91/91 121/121/121 124/124/124
f 98/98/98 100/100/100 103/103/103
f 115/115/115 113/113/113 114/114/114
f 112/112/112 91/91/91 111/111/111
f 110/110/110 76/76/76 109/109/109
f 108/108/108 76/76/76 107/107/107
f 106/106/106 99/99/99 76/76/76
f 99/99/99 106/106/106 116/116/116
f 76/76/76 110/110/110 107/107/107
f 67/67/67 69/69/69 76/76/76
f 104/104/104 98/98/98 103/103/103
f 101/101/101 99/99/99 102/102/102
f 100/100/100 99/99/99 101/101/101
f 100/100/100 98/98/98 99/99/99
f 75/75/75 97/97/97 92/92/92
f 72/72/72 75/75/75 78/78/78
f 97/97/97 96/96/96 83/83/83
f 76/76/76 95/95/95 89/89/89
f 118/118/118 91/91/91 117/117/117
f 121/121/121 119/119/119 120/120/120
f 91/91/91 112/112/112 122/122/122
f 77/77/77 75/75/75 76/76/76
f 74/74/74 72/72/72 73/73/73
f 65/65/65 63/63/63 62/62/62
f 71/71/71 70/70/70 67/67/67
f 113/113/113 126/126/126 114/114/114
f 69/69/69 67/67/67 68/68/68
f 63/63/63 65/65/65 66/66/66
f 102/102/102 99/99/99 105/105/105
f 76/76/76 108/108/108 106/106/106
f 128/128/128 125/125/125 127/127/127
f 126/126/126 113/113/113 125/125/125
f 111/111/111 115/115/115 112/112/112
f 119/119/119 121/121/121 91/91/91
f 117/117/117 91/91/91 124/124/124
f 109/109/109 76/76/76 123/123/123
f 99/99/99 116/116/116 105/105/105
f 72/72/72 74/74/74 75/75/75
f 81/81/81 83/83/83 96/96/96
f 91/91/91 122/122/122 119/119/119
f 76/76/76 148/148/148 150/150/150
f 67/67/67 150/150/150 135/135/135
f 150/150/150 67/67/67 76/76/76
f 99/99/99 137/137/137 149/149/149
f 139/139/139 146/146/146 140/140/140
f 76/76/76 145/145/145 147/147/147
f 142/142/142 144/144/144 146/146/146
f 137/137/137 138/138/138 141/141/141
f 145/145/145 99/99/99 149/149/149
f 148/148/148 76/76/76 147/147/147
f 143/143/143 136/136/136 144/144/144
f 146/146/146 139/139/139 142/142/142
f 139/139/139 141/141/141 138/138/138
f 145/145/145 76/76/76 99/99/99
f 67/67/67 136/136/136 143/143/143
f 144/144/144 142/142/142 143/143/143
f 141/141/141 139/139/139 140/140/140
f 138/138/138 137/137/137 99/99/99
f 136/136/136 67/67/67 135/135/135
f 130/130/130 133/133/133 104/104/104
f 91/91/91 123/123/123 76/76/76
f 99/99/99 131/131/131 127/127/127
f 91/91/91 118/118/118 134/134/134
f 133/133/133 130/130/130 129/129/129
f 99/99/99 98/98/98 132/132/132
f 125/125/125 128/128/128 126/126/126
f 119/119/119 130/130/130 120/120/120
f 123/123/123 91/91/91 134/134/134
f 97/97/97 75/75/75 96/96/96
f 76/76/76 93/93/93 95/95/95
f 91/91/91 94/94/94 88/88/88
f 75/75/75 93/93/93 76/76/76
f 91/91/91 90/90/90 94/94/94
f 84/84/84 87/87/87 85/85/85
f 93/93/93 75/75/75 92/92/92
f 76/76/76 90/90/90 91/91/91
f 88/88/88 86/86/86 91/91/91
f 84/84/84 82/82/82 81/81/81
f 90/90/90 76/76/76 89/89/89
f 86/86/86 88/88/88 87/87/87
f 87/87/87 84/84/84 86/86/86
f 82/82/82 84/84/84 85/85/85
f 83/83/83 81/81/81 82/82/82
f 65/65/65 73/73/73 66/66/66
f 73/73/73 65/65/65 74/74/74
f 76/76/76 80/80/80 79/79/79
f 67/67/67 70/70/70 68/68/68
f 75/75/75 77/77/77 78/78/78
f 70/70/70 71/71/71 64/64/64
f 76/76/76 69/69/69 80/80/80
f 77/77/77 76/76/76 79/79/79
f 64/64/64 62/62/62 63/63/63
f 98/98/98 104/104/104 133/133/133
f 131/131/131 99/99/99 132/132/132
f 128/128/128 127/127/127 131/131/131
f 113/113/113 115/115/115 111/111/111
f 153/153/153 151/151/151 152/152/152
f 155/155/155 154/154/154 153/153/153
f 157/157/157 156/156/156 155/155/155
f 156/156/156 157/157/157 158/158/158
f 154/154/154 155/155/155 156/156/156
f 151/151/151 153/153/153 154/154/154
f 161/161/161 160/160/160 162/162/162
f 159/159/159 161/161/161 163/163/163
f 162/162/162 160/160/160 164/164/164
f 161/161/161 159/159/159 160/160/160
f 167/167/167 165/165/165 166/166/166
f 169/169/169 168/168/168 167/167/167
f 171/171/171 170/170/170 169/169/169
f 170/170/170 171/171/171 172/172/172
f 168/168/168 169/169/169 170/170/170
f 165/165/165 167/167/167 168/168/168
f 175/175/175 173/173/173 174/174/174
f 173/173/173 175/175/175 176/176/176
f 176/176/176 177/177/177 178/178/178
f 176/176/176 175/175/175 177/177/177
f 181/181/181 179/179/179 180/180/180
f 183/183/183 182/182/182 181/181/181
f 185/185/185 184/184/184 183/183/183
f 184/184/184 185/185/185 186/186/186
f 182/182/182 183/183/183 184/184/184
f 179/179/179 181/181/181 182/182/182
f 187/187/187 189/189/189 190/190/190
f 190/190/190 191/191/191 192/192/192
f 190/190/190 189/189/189 191/191/191
f 189/189/189 187/187/187 188/188/188
f 195/195/195 193/193/193 194/194/194
f 197/197/197 196/196/196 195/195/195
f 199/199/199 198/198/198 197/197/197
f 198/198/198 199/199/199 200/200/200
f 193/193/193 195/195/195 196/196/196
f 196/196/196 197/197/197 198/198/198
f 203/203/203 202/202/202 204/204/204
f 201/201/201 203/203/203 205/205/205
f 204/204/204 202/202/202 206/206/206
f 203/203/203 201/201/201 202/202/202
f 227/227/227 226/226/226 224/224/224
f 223/223/223 222/222/222 220/220/220
f 221/221/221 220/220/220 218/218/218
f 219/219/219 218/218/218 216/216/216
f 217/217/217 216/216/216 214/214/214
f 215/215/215 214/214/214 212/212/212
f 213/213/213 212/212/212 210/210/210
f 211/211/211 210/210/210 207/207/207
f 209/209/209 207/207/207 208/208/208
f 229/229/229 228/228/228 226/226/226
f 207/207/207 209/209/209 211/211/211
f 210/210/210 211/211/211 213/213/213
f 212/212/212 213/213/213 215/215/215
f 214/214/214 215/215/215 217/217/217
f 216/216/216 217/217/217 219/219/219
f 218/218/218 219/219/219 221/221/221
f 220/220/220 221/221/221 223/223/223
f 222/222/222 223/223/223 225/225/225
f 224/224/224 225/225/225 227/227/227
f 226/226/226 227/227/227 229/229/229
f 228/228/228 229/229/229 230/230/230
f 208/208/208 230/230/230 209/209/209
f 230/230/230 208/208/208 228/228/228
f 225/225/225 224/224/224 222/222/222
f 231/231/231 233/233/233 235/235/235
f 234/234/234 235/235/235 237/237/237
f 236/236/236 237/237/237 239/239/239
f 238/238/238 239/239/239 241/241/241
f 240/240/240 241/241/241 243/243/243
f 242/242/242 243/243/243 245/245/245
f 244/244/244 245/245/245 247/247/247
f 246/246/246 247/247/247 249/249/249
f 248/248/248 249/249/249 251/251/251
f 250/250/250 251/251/251 253/253/253
f 252/252/252 253/253/253 254/254/254
f 232/232/232 254/254/254 233/233/233
f 251/251/251 250/250/250 248/248/248
f 253/253/253 252/252/252 250/250/250
f 235/235/235 234/234/234 231/231/231
f 237/237/237 236/236/236 234/234/234
f 239/239/239 238/238/238 236/236/236
f 241/241/241 240/240/240 238/238/238
f 243/243/243 242/242/242 240/240/240
f 245/245/245 244/244/244 242/242/242
f 247/247/247 246/246/246 244/244/244
f 249/249/249 248/248/248 246/246/246
f 233/233/233 231/231/231 232/232/232
f 254/254/254 232/232/232 252/252/252
f 257/257/257 255/255/255 256/256/256
f 259/259/259 258/258/258 255/255/255
f 261/261/261 260/260/260 258/258/258
f 263/263/263 262/262/262 260/260/260
f 275/275/275 274/274/274 272/272/272
f 267/267/267 266/266/266 264/264/264
f 269/269/269 268/268/268 266/266/266
f 271/271/271 270/270/270 268/268/268
f 273/273/273 272/272/272 270/270/270
f 255/255/255 257/257/257 259/259/259
f 258/258/258 259/259/259 261/261/261
f 260/260/260 261/261/261 263/263/263
f 262/262/262 263/263/263 265/265/265
f 264/264/264 265/265/265 267/267/267
f 266/266/266 267/267/267 269/269/269
f 268/268/268 269/269/269 271/271/271
f 270/270/270 271/271/271 273/273/273
f 272/272/272 273/273/273 275/275/275
f 274/274/274 275/275/275 277/277/277
f 276/276/276 277/277/277 278/278/278
f 256/256/256 278/278/278 257/257/257
f 278/278/278 256/256/256 276/276/276
f 277/277/277 276/276/276 274/274/274
f 265/265/265 264/264/264 262/262/262
f 293/293/293 292/292/292 290/290/290
f 282/282/282 283/283/283 285/285/285
f 284/284/284 285/285/285 287/287/287
f 286/286/286 287/287/287 289/289/289
f 288/288/288 289/289/289 291/291/291
f 290/290/290 291/291/291 293/293/293
f 292/292/292 293/293/293 295/295/295
f 294/294/294 295/295/295 297/297/297
f 296/296/296 297/297/297 299/299/299
f 298/298/298 299/299/299 301/301/301
f 300/300/300 301/301/301 302/302/302
f 280/280/280 302/302/302 281/281/281
f 281/281/281 279/279/279 280/280/280
f 283/283/283 282/282/282 279/279/279
f 285/285/285 284/284/284 282/282/282
f 287/287/287 286/286/286 284/284/284
f 289/289/289 288/288/288 286/286/286
f 291/291/291 290/290/290 288/288/288
f 279/279/279 281/281/281 283/283/283
f 295/295/295 294/294/294 292/292/292
f 297/297/297 296/296/296 294/294/294
f 299/299/299 298/298/298 296/296/296
f 301/301/301 300/300/300 298/298/298
f 302/302/302 280/280/280 300/300/300
f 325/325/325 319/319/319 346/346/346
f 347/347/347 340/340/340 368/368/368
f 369/369/369 352/352/352 387/387/387
f 323/323/323 376/376/376 324/324/324
f 389/389/389 390/390/390 388/388/388
f 376/376/376 380/380/380 386/386/386
f 376/376/376 323/323/323 373/373/373
f 381/381/381 388/388/388 390/390/390
f 383/383/383 385/385/385 389/389/389
f 369/369/369 388/388/388 381/381/381
f 378/378/378 382/382/382 379/379/379
f 383/383/383 386/386/386 384/384/384
f 390/390/390 389/389/389 385/385/385
f 388/388/388 369/369/369 387/387/387
f 369/369/369 382/382/382 378/378/378
f 373/373/373 372/372/372 377/377/377
f 386/386/386 383/383/383 376/376/376
f 385/385/385 383/383/383 384/384/384
f 382/382/382 369/369/369 381/381/381
f 374/374/374 379/379/379 375/375/375
f 376/376/376 377/377/377 380/380/380
f 379/379/379 374/374/374 378/378/378
f 370/370/370 375/375/375 371/371/371
f 377/377/377 376/376/376 373/373/373
f 375/375/375 370/370/370 374/374/374
f 370/370/370 372/372/372 373/373/373
f 372/372/372 370/370/370 371/371/371
f 348/348/348 350/350/350 351/351/351
f 365/365/365 358/358/358 367/367/367
f 352/352/352 369/369/369 355/355/355
f 347/347/347 349/349/349 365/365/365
f 362/362/362 367/367/367 363/363/363
f 349/349/349 347/347/347 368/368/368
f 349/349/349 366/366/366 364/364/364
f 367/367/367 362/362/362 365/365/365
f 359/359/359 361/361/361 355/355/355
f 305/305/305 303/303/303 304/304/304
f 366/366/366 349/349/349 348/348/348
f 349/349/349 358/358/358 365/365/365
f 362/362/362 360/360/360 359/359/359
f 356/356/356 355/355/355 361/361/361
f 357/357/357 349/349/349 364/364/364
f 360/360/360 362/362/362 363/363/363
f 361/361/361 359/359/359 360/360/360
f 352/352/352 356/356/356 354/354/354
f 356/356/356 352/352/352 355/355/355
f 353/353/353 352/352/352 354/354/354
f 351/351/351 353/353/353 348/348/348
f 353/353/353 351/351/351 352/352/352
f 350/350/350 348/348/348 349/349/349
f 326/326/326 328/328/328 343/343/343
f 325/325/325 334/334/334 331/331/331
f 340/340/340 347/347/347 343/343/343
f 334/334/334 325/325/325 346/346/346
f 339/339/339 341/341/341 345/345/345
f 344/344/344 343/343/343 328/328/328
f 336/336/336 345/345/345 337/337/337
f 340/340/340 344/344/344 342/342/342
f 345/345/345 336/336/336 339/339/339
f 334/334/334 338/338/338 335/335/335
f 344/344/344 340/340/340 343/343/343
f 341/341/341 340/340/340 342/342/342
f 336/336/336 338/338/338 334/334/334
f 334/334/334 333/333/333 331/331/331
f 341/341/341 339/339/339 340/340/340
f 338/338/338 336/336/336 337/337/337
f 333/333/333 334/334/334 335/335/335
f 329/329/329 332/332/332 330/330/330
f 332/332/332 331/331/331 333/333/333
f 329/329/329 327/327/327 326/326/326
f 332/332/332 329/329/329 331/331/331
f 327/327/327 329/329/329 330/330/330
f 328/328/328 326/326/326 327/327/327
f 306/306/306 322/322/322 320/320/320
f 323/323/323 315/315/315 309/309/309
f 319/319/319 325/325/325 306/306/306
f 315/315/315 323/323/323 324/324/324
f 315/315/315 314/314/314 316/316/316
f 317/317/317 320/320/320 318/318/318
f 306/306/306 305/305/305 321/321/321
f 320/320/320 319/319/319 306/306/306
f 317/317/317 313/313/313 312/312/312
f 315/315/315 311/311/311 309/309/309
f 322/322/322 306/306/306 321/321/321
f 320/320/320 317/317/317 319/319/319
f 313/313/313 317/317/317 318/318/318
f 312/312/312 314/314/314 315/315/315
f 311/311/311 315/315/315 316/316/316
f 307/307/307 310/310/310 308/308/308
f 314/314/314 312/312/312 313/313/313
f 310/310/310 309/309/309 311/311/311
f 303/303/303 308/308/308 304/304/304
f 310/310/310 307/307/307 309/309/309
f 308/308/308 303/303/303 307/307/307
f 303/303/303 305/305/305 306/306/306
f 358/358/358 349/349/349 357/357/357
f 1306/1306/1306 1304/1304/1304 1305/1305/1305
f 1304/1304/1304 1306/1306/1306 1307/1307/1307
f 1304/1304/1304 1307/1307/1307 1308/1308/1308
f 1304/1304/1304 1308/1308/1308 1309/1309/1309
f 1304/1304/1304 1309/1309/1309 1310/1310/1310
f 1304/1304/1304 1310/1310/1310 1311/1311/1311
f 1304/1304/1304 1311/1311/1311 1312/1312/1312
f 1304/1304/1304 1312/1312/1312 1313/1313/1313
f 1304/1304/1304 1313/1313/1313 1314/1314/1314
f 1304/1304/1304 1314/1314/1314 1315/1315/1315
f 1304/1304/1304 1315/1315/1315 1316/1316/1316
f 1304/1304/1304 1316/1316/1316 1305/1305/1305
f 1286/1286/1286 1285/1285/1285 1283/1283/1283
f 1299/1299/1299 1300/1300/1300 1302/1302/1302
f 1297/1297/1297 1298/1298/1298 1300/1300/1300
f 1295/1295/1295 1296/1296/1296 1298/1298/1298
f 1293/1293/1293 1294/1294/1294 1296/1296/1296
f 1291/1291/1291 1292/1292/1292 1294/1294/1294
f 1289/1289/1289 1290/1290/1290 1292/1292/1292
f 1287/1287/1287 1288/1288/1288 1290/1290/1290
f 1285/1285/1285 1286/1286/1286 1288/1288/1288
f 1283/1283/1283 1284/1284/1284 1286/1286/1286
f 1280/1280/1280 1282/1282/1282 1284/1284/1284
f 1281/1281/1281 1303/1303/1303 1282/1282/1282
f 1303/1303/1303 1281/1281/1281 1301/1301/1301
f 1302/1302/1302 1301/1301/1301 1299/1299/1299
f 1284/1284/1284 1283/1283/1283 1280/1280/1280
f 1282/1282/1282 1280/1280/1280 1281/1281/1281
f 1300/1300/1300 1299/1299/1299 1297/1297/1297
f 1298/1298/1298 1297/1297/1297 1295/1295/1295
f 1296/1296/1296 1295/1295/1295 1293/1293/1293
f 1294/1294/1294 1293/1293/1293 1291/1291/1291
f 1292/1292/1292 1291/1291/1291 1289/1289/1289
f 1290/1290/1290 1289/1289/1289 1287/1287/1287
f 1288/1288/1288 1287/1287/1287 1285/1285/1285
f 1301/1301/1301 1302/1302/1302 1303/1303/1303
f 1263/1263/1263 1265/1265/1265 1275/1275/1275
f 1277/1277/1277 1278/1278/1278 1262/1262/1262
f 1270/1270/1270 1277/1277/1277 1271/1271/1271
f 1261/1261/1261 1262/1262/1262 1278/1278/1278
f 1273/1273/1273 1274/1274/1274 1279/1279/1279
f 1268/1268/1268 1267/1267/1267 1266/1266/1266
f 1274/1274/1274 1273/1273/1273 1272/1272/1272
f 1278/1278/1278 1277/1277/1277 1276/1276/1276
f 1274/1274/1274 1275/1275/1275 1279/1279/1279
f 1258/1258/1258 1256/1256/1256 1257/1257/1257
f 1257/1257/1257 1259/1259/1259 1260/1260/1260
f 1262/1262/1262 1261/1261/1261 1258/1258/1258
f 1277/1277/1277 1270/1270/1270 1276/1276/1276
f 1259/1259/1259 1257/1257/1257 1256/1256/1256
f 1265/1265/1265 1263/1263/1263 1264/1264/1264
f 1267/1267/1267 1264/1264/1264 1266/1266/1266
f 1267/1267/1267 1268/1268/1268 1269/1269/1269
f 1269/1269/1269 1270/1270/1270 1271/1271/1271
f 1256/1256/1256 1258/1258/1258 1261/1261/1261
f 1260/1260/1260 1272/1272/1272 1273/1273/1273
f 1275/1275/1275 1274/1274/1274 1263/1263/1263
f 1264/1264/1264 1267/1267/1267 1265/1265/1265
f 1270/1270/1270 1269/1269/1269 1268/1268/1268
f 1272/1272/1272 1260/1260/1260 1259/1259/1259
f 1253/1253/1253 1254/1254/1254 1255/1255/1255
f 1255/1255/1255 1233/1233/1233 1232/1232/1232
f 1233/1233/1233 1255/1255/1255 1254/1254/1254
f 1254/1254/1254 1253/1253/1253 1252/1252/1252
f 1252/1252/1252 1251/1251/1251 1250/1250/1250
f 1250/1250/1250 1249/1249/1249 1248/1248/1248
f 1234/1234/1234 1232/1232/1232 1233/1233/1233
f 1248/1248/1248 1247/1247/1247 1246/1246/1246
f 1246/1246/1246 1245/1245/1245 1244/1244/1244
f 1244/1244/1244 1243/1243/1243 1242/1242/1242
f 1242/1242/1242 1241/1241/1241 1240/1240/1240
f 1240/1240/1240 1239/1239/1239 1238/1238/1238
f 1238/1238/1238 1237/1237/1237 1236/1236/1236
f 1236/1236/1236 1235/1235/1235 1234/1234/1234
f 1249/1249/1249 1250/1250/1250 1251/1251/1251
f 1247/1247/1247 1248/1248/1248 1249/1249/1249
f 1245/1245/1245 1246/1246/1246 1247/1247/1247
f 1243/1243/1243 1244/1244/1244 1245/1245/1245
f 1241/1241/1241 1242/1242/1242 1243/1243/1243
f 1239/1239/1239 1240/1240/1240 1241/1241/1241
f 1237/1237/1237 1238/1238/1238 1239/1239/1239
f 1235/1235/1235 1236/1236/1236 1237/1237/1237
f 1232/1232/1232 1234/1234/1234 1235/1235/1235
f 1251/1251/1251 1252/1252/1252 1253/1253/1253
f 1049/1049/1049 1061/1061/1061 1050/1050/1050
f 1049/1049/1049 1060/1060/1060 1061/1061/1061
f 1049/1049/1049 1059/1059/1059 1060/1060/1060
f 1049/1049/1049 1058/1058/1058 1059/1059/1059
f 1049/1049/1049 1056/1056/1056 1057/1057/1057
f 1049/1049/1049 1055/1055/1055 1056/1056/1056
f 1049/1049/1049 1054/1054/1054 1055/1055/1055
f 1049/1049/1049 1053/1053/1053 1054/1054/1054
f 1049/1049/1049 1052/1052/1052 1053/1053/1053
f 1049/1049/1049 1051/1051/1051 1052/1052/1052
f 1051/1051/1051 1049/1049/1049 1050/1050/1050
f 1049/1049/1049 1057/1057/1057 1058/1058/1058
f 1028/1028/1028 1029/1029/1029 1031/1031/1031
f 1030/1030/1030 1031/1031/1031 1033/1033/1033
f 1032/1032/1032 1033/1033/1033 1035/1035/1035
f 1034/1034/1034 1035/1035/1035 1037/1037/1037
f 1036/1036/1036 1037/1037/1037 1039/1039/1039
f 1038/1038/1038 1039/1039/1039 1041/1041/1041
f 1025/1025/1025 1027/1027/1027 1029/1029/1029
f 1042/1042/1042 1043/1043/1043 1045/1045/1045
f 1044/1044/1044 1045/1045/1045 1047/1047/1047
f 1046/1046/1046 1047/1047/1047 1048/1048/1048
f 1026/1026/1026 1048/1048/1048 1027/1027/1027
f 1048/1048/1048 1026/1026/1026 1046/1046/1046
f 1047/1047/1047 1046/1046/1046 1044/1044/1044
f 1045/1045/1045 1044/1044/1044 1042/1042/1042
f 1043/1043/1043 1042/1042/1042 1040/1040/1040
f 1041/1041/1041 1040/1040/1040 1038/1038/1038
f 1039/1039/1039 1038/1038/1038 1036/1036/1036
f 1037/1037/1037 1036/1036/1036 1034/1034/1034
f 1035/1035/1035 1034/1034/1034 1032/1032/1032
f 1033/1033/1033 1032/1032/1032 1030/1030/1030
f 1031/1031/1031 1030/1030/1030 1028/1028/1028
f 1029/1029/1029 1028/1028/1028 1025/1025/1025
f 1027/1027/1027 1025/1025/1025 1026/1026/1026
f 1040/1040/1040 1041/1041/1041 1043/1043/1043
f 1015/1015/1015 1023/1023/1023 1016/1016/1016
f 1001/1001/1001 1003/1003/1003 1024/1024/1024
f 1021/1021/1021 1020/1020/1020 1019/1019/1019
f 1022/1022/1022 1003/1003/1003 1023/1023/1023
f 1008/1008/1008 1010/1010/1010 1021/1021/1021
f 1019/1019/1019 1018/1018/1018 1017/1017/1017
f 1003/1003/1003 1022/1022/1022 1024/1024/1024
f 1023/1023/1023 1015/1015/1015 1022/1022/1022
f 1013/1013/1013 1012/1012/1012 1011/1011/1011
f 1020/1020/1020 1021/1021/1021 1010/1010/1010
f 1018/1018/1018 1019/1019/1019 1020/1020/1020
f 1017/1017/1017 1007/1007/1007 1006/1006/1006
f 1015/1015/1015 1014/1014/1014 1013/1013/1013
f 1011/1011/1011 1009/1009/1009 1008/1008/1008
f 1007/1007/1007 1017/1017/1017 1018/1018/1018
f 1006/1006/1006 1005/1005/1005 1004/1004/1004
f 1014/1014/1014 1015/1015/1015 1016/1016/1016
f 1012/1012/1012 1013/1013/1013 1014/1014/1014
f 1009/1009/1009 1011/1011/1011 1012/1012/1012
f 1010/1010/1010 1008/1008/1008 1009/1009/1009
f 1005/1005/1005 1006/1006/1006 1007/1007/1007
f 1004/1004/1004 1002/1002/1002 1001/1001/1001
f 1002/1002/1002 1004/1004/1004 1005/1005/1005
f 1003/1003/1003 1001/1001/1001 1002/1002/1002
f 977/977/977 979/979/979 980/980/980
f 980/980/980 981/981/981 982/982/982
f 982/982/982 983/983/983 984/984/984
f 979/979/979 977/977/977 978/978/978
f 981/981/981 980/980/980 979/979/979
f 984/984/984 985/985/985 986/986/986
f 986/986/986 987/987/987 988/988/988
f 988/988/988 989/989/989 990/990/990
f 990/990/990 991/991/991 992/992/992
f 992/992/992 993/993/993 994/994/994
f 994/994/994 995/995/995 996/996/996
f 996/996/996 997/997/997 998/998/998
f 998/998/998 999/999/999 1000/1000/1000
f 1000/1000/1000 978/978/978 977/977/977
f 978/978/978 1000/1000/1000 999/999/999
f 999/999/999 998/998/998 997/997/997
f 997/997/997 996/996/996 995/995/995
f 995/995/995 994/994/994 993/993/993
f 993/993/993 992/992/992 991/991/991
f 991/991/991 990/990/990 989/989/989
f 989/989/989 988/988/988 987/987/987
f 987/987/987 986/986/986 985/985/985
f 985/985/985 984/984/984 983/983/983
f 983/983/983 982/982/982 981/981/981
f 967/967/967 969/969/969 970/970/970
f 955/955/955 956/956/956 957/957/957
f 966/966/966 968/968/968 976/976/976
f 962/962/962 963/963/963 973/973/973
f 974/974/974 965/965/965 964/964/964
f 971/971/971 970/970/970 969/969/969
f 976/976/976 975/975/975 974/974/974
f 958/958/958 957/957/957 956/956/956
f 971/971/971 973/973/973 972/972/972
f 969/969/969 967/967/967 966/966/966
f 975/975/975 976/976/976 968/968/968
f 965/965/965 974/974/974 975/975/975
f 964/964/964 961/961/961 960/960/960
f 953/953/953 955/955/955 963/963/963
f 973/973/973 971/971/971 962/962/962
f 970/970/970 971/971/971 972/972/972
f 955/955/955 953/953/953 954/954/954
f 968/968/968 966/966/966 967/967/967
f 961/961/961 964/964/964 965/965/965
f 960/960/960 959/959/959 958/958/958
f 956/956/956 955/955/955 954/954/954
f 963/963/963 962/962/962 953/953/953
f 959/959/959 960/960/960 961/961/961
f 957/957/957 958/958/958 959/959/959
f 937/937/937 936/936/936 935/935/935
f 939/939/939 938/938/938 937/937/937
f 941/941/941 940/940/940 939/939/939
f 943/943/943 942/942/942 941/941/941
f 945/945/945 944/944/944 943/943/943
f 931/931/931 929/929/929 930/930/930
f 933/933/933 932/932/932 931/931/931
f 935/935/935 934/934/934 933/933/933
f 929/929/929 931/931/931 932/932/932
f 932/932/932 933/933/933 934/934/934
f 934/934/934 935/935/935 936/936/936
f 936/936/936 937/937/937 938/938/938
f 938/938/938 939/939/939 940/940/940
f 940/940/940 941/941/941 942/942/942
f 942/942/942 943/943/943 944/944/944
f 944/944/944 945/945/945 946/946/946
f 946/946/946 947/947/947 948/948/948
f 948/948/948 949/949/949 950/950/950
f 950/950/950 951/951/951 952/952/952
f 952/952/952 930/930/930 929/929/929
f 930/930/930 952/952/952 951/951/951
f 951/951/951 950/950/950 949/949/949
f 949/949/949 948/948/948 947/947/947
f 947/947/947 946/946/946 945/945/945
