// ================================================================================
// CHRONO WORKBENCH - github.com/Concrete-Chrono-Development/chrono-preprocessor
//
// Copyright (c) 2023 
// All rights reserved. 
//
// Use of the code that generated this file is governed by a BSD-style license that
// can be found in the LICENSE file at the top level of the distribution and at
// github.com/Concrete-Chrono-Development/chrono-preprocessor/blob/main/LICENSE
//
// ================================================================================
// Face Facet Data File
// ================================================================================
//
// Data Structure:
// n x1 y1 z1 x2 y2 z2 x3 y3 z3
// One line per face facet, first number is the tet node index
// Note: All indices are zero-indexed
//
// ================================================================================
0 0 0 0 0 5 5 0 6.666666667 3.333333333
0 0 0 0 0 5 0 0 6.666666667 3.333333333
1 0 10 10 0 5 5 0 6.666666667 3.333333333
1 0 10 10 0 10 5 0 6.666666667 3.333333333
2 0 10 0 0 5 0 0 6.666666667 3.333333333
2 0 10 0 0 10 5 0 6.666666667 3.333333333
3 0 0 10 0 5 10 0 3.333333333 6.666666667
3 0 0 10 0 0 5 0 3.333333333 6.666666667
1 0 10 10 0 5 10 0 3.333333333 6.666666667
1 0 10 10 0 5 5 0 3.333333333 6.666666667
0 0 0 0 0 0 5 0 3.333333333 6.666666667
0 0 0 0 0 5 5 0 3.333333333 6.666666667
4 0 10 20 0 7.5 17.5 5.22825372e-14 5 18.33333333
4 0 10 20 7.842380581e-14 5 20 5.22825372e-14 5 18.33333333
5 0 5 15 0 7.5 17.5 5.22825372e-14 5 18.33333333
5 0 5 15 7.842380581e-14 2.5 17.5 5.22825372e-14 5 18.33333333
6 1.568476116e-13 -1.110223025e-15 20 7.842380581e-14 5 20 5.22825372e-14 5 18.33333333
6 1.568476116e-13 -1.110223025e-15 20 7.842380581e-14 2.5 17.5 5.22825372e-14 5 18.33333333
6 1.568476116e-13 -1.110223025e-15 20 7.842380581e-14 2.5 17.5 5.22825372e-14 1.666666667 15
6 1.568476116e-13 -1.110223025e-15 20 7.842380581e-14 -5.551115123e-16 15 5.22825372e-14 1.666666667 15
5 0 5 15 7.842380581e-14 2.5 17.5 5.22825372e-14 1.666666667 15
5 0 5 15 0 2.5 12.5 5.22825372e-14 1.666666667 15
3 0 0 10 7.842380581e-14 -5.551115123e-16 15 5.22825372e-14 1.666666667 15
3 0 0 10 0 2.5 12.5 5.22825372e-14 1.666666667 15
4 0 10 20 0 10 15 0 8.333333333 15
4 0 10 20 0 7.5 17.5 0 8.333333333 15
1 0 10 10 0 10 15 0 8.333333333 15
1 0 10 10 0 7.5 12.5 0 8.333333333 15
5 0 5 15 0 7.5 17.5 0 8.333333333 15
5 0 5 15 0 7.5 12.5 0 8.333333333 15
5 0 5 15 0 7.5 12.5 0 5 11.66666667
5 0 5 15 0 2.5 12.5 0 5 11.66666667
1 0 10 10 0 7.5 12.5 0 5 11.66666667
1 0 10 10 0 5 10 0 5 11.66666667
3 0 0 10 0 2.5 12.5 0 5 11.66666667
3 0 0 10 0 5 10 0 5 11.66666667
7 0 15 5 0 17.5 7.5 0 18.33333333 5
7 0 15 5 0 17.5 2.5 0 18.33333333 5
8 0 20 10 0 17.5 7.5 0 18.33333333 5
8 0 20 10 0 20 5 0 18.33333333 5
9 0 20 0 0 17.5 2.5 0 18.33333333 5
9 0 20 0 0 20 5 0 18.33333333 5
2 0 10 0 0 12.5 2.5 0 15 1.666666667
2 0 10 0 0 15 0 0 15 1.666666667
7 0 15 5 0 12.5 2.5 0 15 1.666666667
7 0 15 5 0 17.5 2.5 0 15 1.666666667
9 0 20 0 0 15 0 0 15 1.666666667
9 0 20 0 0 17.5 2.5 0 15 1.666666667
7 0 15 5 0 12.5 7.5 0 15 8.333333333
7 0 15 5 0 17.5 7.5 0 15 8.333333333
1 0 10 10 0 12.5 7.5 0 15 8.333333333
1 0 10 10 0 15 10 0 15 8.333333333
8 0 20 10 0 17.5 7.5 0 15 8.333333333
8 0 20 10 0 15 10 0 15 8.333333333
1 0 10 10 0 12.5 7.5 0 11.66666667 5
1 0 10 10 0 10 5 0 11.66666667 5
7 0 15 5 0 12.5 7.5 0 11.66666667 5
7 0 15 5 0 12.5 2.5 0 11.66666667 5
2 0 10 0 0 10 5 0 11.66666667 5
2 0 10 0 0 12.5 2.5 0 11.66666667 5
10 0 15 15 0 12.5 17.5 5.22825372e-14 15 18.33333333
10 0 15 15 7.842380581e-14 17.5 17.5 5.22825372e-14 15 18.33333333
4 0 10 20 0 12.5 17.5 5.22825372e-14 15 18.33333333
4 0 10 20 7.842380581e-14 15 20 5.22825372e-14 15 18.33333333
11 1.568476116e-13 20 20 7.842380581e-14 17.5 17.5 5.22825372e-14 15 18.33333333
11 1.568476116e-13 20 20 7.842380581e-14 15 20 5.22825372e-14 15 18.33333333
8 0 20 10 0 17.5 12.5 5.22825372e-14 18.33333333 15
8 0 20 10 7.842380581e-14 20 15 5.22825372e-14 18.33333333 15
10 0 15 15 0 17.5 12.5 5.22825372e-14 18.33333333 15
10 0 15 15 7.842380581e-14 17.5 17.5 5.22825372e-14 18.33333333 15
11 1.568476116e-13 20 20 7.842380581e-14 20 15 5.22825372e-14 18.33333333 15
11 1.568476116e-13 20 20 7.842380581e-14 17.5 17.5 5.22825372e-14 18.33333333 15
1 0 10 10 0 10 15 0 11.66666667 15
1 0 10 10 0 12.5 12.5 0 11.66666667 15
4 0 10 20 0 10 15 0 11.66666667 15
4 0 10 20 0 12.5 17.5 0 11.66666667 15
10 0 15 15 0 12.5 12.5 0 11.66666667 15
10 0 15 15 0 12.5 17.5 0 11.66666667 15
10 0 15 15 0 17.5 12.5 0 15 11.66666667
10 0 15 15 0 12.5 12.5 0 15 11.66666667
8 0 20 10 0 17.5 12.5 0 15 11.66666667
8 0 20 10 0 15 10 0 15 11.66666667
1 0 10 10 0 12.5 12.5 0 15 11.66666667
1 0 10 10 0 15 10 0 15 11.66666667
12 7.07106781 8.084251404 22.92893219 3.535533905 9.042125702 21.46446609 2.357022603 6.028083801 20.97631073
12 7.07106781 8.084251404 22.92893219 3.535533905 4.042125702 21.46446609 2.357022603 6.028083801 20.97631073
4 0 10 20 3.535533905 9.042125702 21.46446609 2.357022603 6.028083801 20.97631073
4 0 10 20 7.842380581e-14 5 20 2.357022603 6.028083801 20.97631073
6 1.568476116e-13 -1.110223025e-15 20 3.535533905 4.042125702 21.46446609 2.357022603 6.028083801 20.97631073
6 1.568476116e-13 -1.110223025e-15 20 7.842380581e-14 5 20 2.357022603 6.028083801 20.97631073
13 7.07106781 -1.570092458e-15 22.92893219 7.07106781 4.042125702 22.92893219 4.714045207 2.694750468 21.95262146
13 7.07106781 -1.570092458e-15 22.92893219 3.535533905 -1.340157741e-15 21.46446609 4.714045207 2.694750468 21.95262146
12 7.07106781 8.084251404 22.92893219 7.07106781 4.042125702 22.92893219 4.714045207 2.694750468 21.95262146
12 7.07106781 8.084251404 22.92893219 3.535533905 4.042125702 21.46446609 4.714045207 2.694750468 21.95262146
6 1.568476116e-13 -1.110223025e-15 20 3.535533905 -1.340157741e-15 21.46446609 4.714045207 2.694750468 21.95262146
6 1.568476116e-13 -1.110223025e-15 20 3.535533905 4.042125702 21.46446609 4.714045207 2.694750468 21.95262146
14 10 2.719262148e-31 30 8.535533905 4.042125702 26.46446609 8.04737854 2.694750468 25.28595479
14 10 2.719262148e-31 30 8.535533905 -7.850462291e-16 26.46446609 8.04737854 2.694750468 25.28595479
12 7.07106781 8.084251404 22.92893219 8.535533905 4.042125702 26.46446609 8.04737854 2.694750468 25.28595479
12 7.07106781 8.084251404 22.92893219 7.07106781 4.042125702 22.92893219 8.04737854 2.694750468 25.28595479
13 7.07106781 -1.570092458e-15 22.92893219 8.535533905 -7.850462291e-16 26.46446609 8.04737854 2.694750468 25.28595479
13 7.07106781 -1.570092458e-15 22.92893219 7.07106781 4.042125702 22.92893219 8.04737854 2.694750468 25.28595479
15 10 10 30 8.535533905 9.042125702 26.46446609 9.02368927 6.028083801 27.6429774
15 10 10 30 10 5 30 9.02368927 6.028083801 27.6429774
12 7.07106781 8.084251404 22.92893219 8.535533905 9.042125702 26.46446609 9.02368927 6.028083801 27.6429774
12 7.07106781 8.084251404 22.92893219 8.535533905 4.042125702 26.46446609 9.02368927 6.028083801 27.6429774
14 10 2.719262148e-31 30 10 5 30 9.02368927 6.028083801 27.6429774
14 10 2.719262148e-31 30 8.535533905 4.042125702 26.46446609 9.02368927 6.028083801 27.6429774
4 0 10 20 2.521732092 12.48605537 20.68249321 1.681154728 14.99070358 20.45499547
4 0 10 20 7.842380581e-14 15 20 1.681154728 14.99070358 20.45499547
16 5.043464184 14.97211075 21.36498642 2.521732092 12.48605537 20.68249321 1.681154728 14.99070358 20.45499547
16 5.043464184 14.97211075 21.36498642 2.521732092 17.48605537 20.68249321 1.681154728 14.99070358 20.45499547
11 1.568476116e-13 20 20 7.842380581e-14 15 20 1.681154728 14.99070358 20.45499547
11 1.568476116e-13 20 20 2.521732092 17.48605537 20.68249321 1.681154728 14.99070358 20.45499547
16 5.043464184 14.97211075 21.36498642 6.057265997 17.48605537 22.1469593 4.038177331 18.32403692 21.4313062
16 5.043464184 14.97211075 21.36498642 2.521732092 17.48605537 20.68249321 4.038177331 18.32403692 21.4313062
17 7.07106781 20 22.92893219 6.057265997 17.48605537 22.1469593 4.038177331 18.32403692 21.4313062
17 7.07106781 20 22.92893219 3.535533905 20 21.46446609 4.038177331 18.32403692 21.4313062
11 1.568476116e-13 20 20 2.521732092 17.48605537 20.68249321 4.038177331 18.32403692 21.4313062
11 1.568476116e-13 20 20 3.535533905 20 21.46446609 4.038177331 18.32403692 21.4313062
4 0 10 20 3.535533905 9.042125702 21.46446609 4.038177331 11.01878738 21.4313062
4 0 10 20 2.521732092 12.48605537 20.68249321 4.038177331 11.01878738 21.4313062
12 7.07106781 8.084251404 22.92893219 3.535533905 9.042125702 21.46446609 4.038177331 11.01878738 21.4313062
12 7.07106781 8.084251404 22.92893219 6.057265997 11.52818108 22.1469593 4.038177331 11.01878738 21.4313062
16 5.043464184 14.97211075 21.36498642 2.521732092 12.48605537 20.68249321 4.038177331 11.01878738 21.4313062
16 5.043464184 14.97211075 21.36498642 6.057265997 11.52818108 22.1469593 4.038177331 11.01878738 21.4313062
18 8.752109528 14.96723938 25.1625843 9.376054764 17.48361969 27.58129215 8.607725779 18.32241313 26.0305055
18 8.752109528 14.96723938 25.1625843 7.911588669 17.48361969 24.04575825 8.607725779 18.32241313 26.0305055
19 10 20 30 9.376054764 17.48361969 27.58129215 8.607725779 18.32241313 26.0305055
19 10 20 30 8.535533905 20 26.46446609 8.607725779 18.32241313 26.0305055
17 7.07106781 20 22.92893219 7.911588669 17.48361969 24.04575825 8.607725779 18.32241313 26.0305055
17 7.07106781 20 22.92893219 8.535533905 20 26.46446609 8.607725779 18.32241313 26.0305055
18 8.752109528 14.96723938 25.1625843 9.376054764 12.48361969 27.58129215 9.584036509 14.98907979 28.3875281
18 8.752109528 14.96723938 25.1625843 9.376054764 17.48361969 27.58129215 9.584036509 14.98907979 28.3875281
15 10 10 30 9.376054764 12.48361969 27.58129215 9.584036509 14.98907979 28.3875281
15 10 10 30 10 15 30 9.584036509 14.98907979 28.3875281
19 10 20 30 9.376054764 17.48361969 27.58129215 9.584036509 14.98907979 28.3875281
19 10 20 30 10 15 30 9.584036509 14.98907979 28.3875281
15 10 10 30 9.376054764 12.48361969 27.58129215 8.607725779 11.01716359 26.0305055
15 10 10 30 8.535533905 9.042125702 26.46446609 8.607725779 11.01716359 26.0305055
18 8.752109528 14.96723938 25.1625843 9.376054764 12.48361969 27.58129215 8.607725779 11.01716359 26.0305055
18 8.752109528 14.96723938 25.1625843 7.911588669 11.52574539 24.04575825 8.607725779 11.01716359 26.0305055
12 7.07106781 8.084251404 22.92893219 8.535533905 9.042125702 26.46446609 8.607725779 11.01716359 26.0305055
12 7.07106781 8.084251404 22.92893219 7.911588669 11.52574539 24.04575825 8.607725779 11.01716359 26.0305055
18 8.752109528 14.96723938 25.1625843 7.911588669 17.48361969 24.04575825 6.955547174 16.64645004 23.15216764
18 8.752109528 14.96723938 25.1625843 6.897786856 14.96967506 23.26378536 6.955547174 16.64645004 23.15216764
17 7.07106781 20 22.92893219 7.911588669 17.48361969 24.04575825 6.955547174 16.64645004 23.15216764
17 7.07106781 20 22.92893219 6.057265997 17.48605537 22.1469593 6.955547174 16.64645004 23.15216764
16 5.043464184 14.97211075 21.36498642 6.897786856 14.96967506 23.26378536 6.955547174 16.64645004 23.15216764
16 5.043464184 14.97211075 21.36498642 6.057265997 17.48605537 22.1469593 6.955547174 16.64645004 23.15216764
12 7.07106781 8.084251404 22.92893219 7.911588669 11.52574539 24.04575825 6.955547174 12.67453384 23.15216764
12 7.07106781 8.084251404 22.92893219 6.057265997 11.52818108 22.1469593 6.955547174 12.67453384 23.15216764
18 8.752109528 14.96723938 25.1625843 7.911588669 11.52574539 24.04575825 6.955547174 12.67453384 23.15216764
18 8.752109528 14.96723938 25.1625843 6.897786856 14.96967506 23.26378536 6.955547174 12.67453384 23.15216764
16 5.043464184 14.97211075 21.36498642 6.057265997 11.52818108 22.1469593 6.955547174 12.67453384 23.15216764
16 5.043464184 14.97211075 21.36498642 6.897786856 14.96967506 23.26378536 6.955547174 12.67453384 23.15216764
20 10 20 130 15.1981926 20 128.5180321 13.46546173 20 125.678688
20 10 20 130 10 20 125 13.46546173 20 125.678688
21 20.39638519 20 127.0360641 15.1981926 20 128.5180321 13.46546173 20 125.678688
21 20.39638519 20 127.0360641 15.1981926 20 123.5180321 13.46546173 20 125.678688
22 10 20 120 10 20 125 13.46546173 20 125.678688
22 10 20 120 15.1981926 20 123.5180321 13.46546173 20 125.678688
23 30 20 0 32.5605278 20 5.190621376 35.04035187 20 3.460414251
23 30 20 0 35 20 0 35.04035187 20 3.460414251
24 35.1210556 20 10.38124275 32.5605278 20 5.190621376 35.04035187 20 3.460414251
24 35.1210556 20 10.38124275 37.5605278 20 5.190621376 35.04035187 20 3.460414251
25 40 20 0 35 20 0 35.04035187 20 3.460414251
25 40 20 0 37.5605278 20 5.190621376 35.04035187 20 3.460414251
26 80 20 0 82.42075729 20 5.168957233 84.94717153 20 3.445971489
26 80 20 0 85 20 0 84.94717153 20 3.445971489
27 84.84151459 20 10.33791447 82.42075729 20 5.168957233 84.94717153 20 3.445971489
27 84.84151459 20 10.33791447 87.42075729 20 5.168957233 84.94717153 20 3.445971489
28 90 20 0 85 20 0 84.94717153 20 3.445971489
28 90 20 0 87.42075729 20 5.168957233 84.94717153 20 3.445971489
29 17.0208149 20 157.0502472 13.51040745 20 153.5251236 11.3639609 20 154.7071075
29 17.0208149 20 157.0502472 12.04594135 20 157.0606613 11.3639609 20 154.7071075
30 10 20 150 13.51040745 20 153.5251236 11.3639609 20 154.7071075
30 10 20 150 8.535533905 20 153.5355377 11.3639609 20 154.7071075
31 7.07106781 20 157.0710754 12.04594135 20 157.0606613 11.3639609 20 154.7071075
31 7.07106781 20 157.0710754 8.535533905 20 153.5355377 11.3639609 20 154.7071075
32 40 20 180 37.16578865 20 174.6389389 34.77719243 20 176.4259593
32 40 20 180 35 20 180 34.77719243 20 176.4259593
33 34.3315773 20 169.2778778 37.16578865 20 174.6389389 34.77719243 20 176.4259593
33 34.3315773 20 169.2778778 32.16578865 20 174.6389389 34.77719243 20 176.4259593
34 30 20 180 35 20 180 34.77719243 20 176.4259593
34 30 20 180 32.16578865 20 174.6389389 34.77719243 20 176.4259593
35 103.3182373 20 23.18281746 106.6591187 20 26.59140873 108.7490565 20 25.37058322
35 103.3182373 20 23.18281746 108.1235847 20 23.05587482 108.7490565 20 25.37058322
36 110 20 30 106.6591187 20 26.59140873 108.7490565 20 25.37058322
36 110 20 30 111.4644661 20 26.46446609 108.7490565 20 25.37058322
37 112.9289322 20 22.92893219 108.1235847 20 23.05587482 108.7490565 20 25.37058322
37 112.9289322 20 22.92893219 111.4644661 20 26.46446609 108.7490565 20 25.37058322
19 10 20 30 13.34088135 20 26.59140873 11.2509435 20 25.37058322
19 10 20 30 8.535533905 20 26.46446609 11.2509435 20 25.37058322
38 16.6817627 20 23.18281746 13.34088135 20 26.59140873 11.2509435 20 25.37058322
38 16.6817627 20 23.18281746 11.87641525 20 23.05587482 11.2509435 20 25.37058322
17 7.07106781 20 22.92893219 8.535533905 20 26.46446609 11.2509435 20 25.37058322
17 7.07106781 20 22.92893219 11.87641525 20 23.05587482 11.2509435 20 25.37058322
39 110 20 150 106.3517113 20 152.8158569 108.5441182 20 154.2342631
39 110 20 150 111.4644661 20 153.5355377 108.5441182 20 154.2342631
40 102.7034225 20 155.6317139 106.3517113 20 152.8158569 108.5441182 20 154.2342631
40 102.7034225 20 155.6317139 107.8161774 20 156.3513947 108.5441182 20 154.2342631
41 112.9289322 20 157.0710754 111.4644661 20 153.5355377 108.5441182 20 154.2342631
41 112.9289322 20 157.0710754 107.8161774 20 156.3513947 108.5441182 20 154.2342631
42 90 20 180 87.63886261 20 174.7548752 85.09257507 20 176.5032501
42 90 20 180 85 20 180 85.09257507 20 176.5032501
43 85.27772522 20 169.5097504 87.63886261 20 174.7548752 85.09257507 20 176.5032501
43 85.27772522 20 169.5097504 82.63886261 20 174.7548752 85.09257507 20 176.5032501
44 80 20 180 85 20 180 85.09257507 20 176.5032501
44 80 20 180 82.63886261 20 174.7548752 85.09257507 20 176.5032501
45 50 20 0 52.50998497 20 5.268426895 55.00665665 20 3.512284597
45 50 20 0 55 20 0 55.00665665 20 3.512284597
46 55.01996994 20 10.53685379 52.50998497 20 5.268426895 55.00665665 20 3.512284597
46 55.01996994 20 10.53685379 57.50998497 20 5.268426895 55.00665665 20 3.512284597
47 60 20 0 55 20 0 55.00665665 20 3.512284597
47 60 20 0 57.50998497 20 5.268426895 55.00665665 20 3.512284597
48 83.31484985 20 21.33426285 88.69337463 20 20.34603977 87.40942128 20 17.009998
48 83.31484985 20 21.33426285 84.07818222 20 15.83608866 87.40942128 20 17.009998
49 94.07189941 20 19.3578167 88.69337463 20 20.34603977 87.40942128 20 17.009998
49 94.07189941 20 19.3578167 89.456707 20 14.84786558 87.40942128 20 17.009998
27 84.84151459 20 10.33791447 84.07818222 20 15.83608866 87.40942128 20 17.009998
27 84.84151459 20 10.33791447 89.456707 20 14.84786558 87.40942128 20 17.009998
27 84.84151459 20 10.33791447 79.99071121 20 12.79286432 81.09875743 20 15.63999716
27 84.84151459 20 10.33791447 84.07818222 20 15.83608866 81.09875743 20 15.63999716
50 75.13990784 20 15.24781418 79.99071121 20 12.79286432 81.09875743 20 15.63999716
50 75.13990784 20 15.24781418 79.22737885 20 18.29103851 81.09875743 20 15.63999716
48 83.31484985 20 21.33426285 84.07818222 20 15.83608866 81.09875743 20 15.63999716
48 83.31484985 20 21.33426285 79.22737885 20 18.29103851 81.09875743 20 15.63999716
51 36.75647736 20 21.11082458 35.93876648 20 15.74603367 32.60187785 20 16.94996134
51 36.75647736 20 21.11082458 31.34228897 20 20.23432064 32.60187785 20 16.94996134
24 35.1210556 20 10.38124275 35.93876648 20 15.74603367 32.60187785 20 16.94996134
24 35.1210556 20 10.38124275 30.52457809 20 14.86952972 32.60187785 20 16.94996134
52 25.92810059 20 19.3578167 31.34228897 20 20.23432064 32.60187785 20 16.94996134
52 25.92810059 20 19.3578167 30.52457809 20 14.86952972 32.60187785 20 16.94996134
51 36.75647736 20 21.11082458 40.67728615 20 18.33096743 38.8252093 20 15.6810592
51 36.75647736 20 21.11082458 35.93876648 20 15.74603367 38.8252093 20 15.6810592
53 44.59809494 20 15.55111027 40.67728615 20 18.33096743 38.8252093 20 15.6810592
53 44.59809494 20 15.55111027 39.85957527 20 12.96617651 38.8252093 20 15.6810592
24 35.1210556 20 10.38124275 35.93876648 20 15.74603367 38.8252093 20 15.6810592
24 35.1210556 20 10.38124275 39.85957527 20 12.96617651 38.8252093 20 15.6810592
54 59.10951233 20 134.7538605 56.98731232 20 140.5042801 59.91427612 20 141.4391073
54 59.10951233 20 134.7538605 62.43885803 20 139.031311 59.91427612 20 141.4391073
55 54.8651123 20 146.2546997 56.98731232 20 140.5042801 59.91427612 20 141.4391073
55 54.8651123 20 146.2546997 60.31665802 20 144.7817307 59.91427612 20 141.4391073
56 65.76820374 20 143.3087616 62.43885803 20 139.031311 59.91427612 20 141.4391073
56 65.76820374 20 143.3087616 60.31665802 20 144.7817307 59.91427612 20 141.4391073
57 69.84461212 20 153.9431305 73.2220192 20 150.0530701 70.73741404 20 147.8049672
57 69.84461212 20 153.9431305 67.80640793 20 148.625946 70.73741404 20 147.8049672
58 76.59942627 20 146.1630096 73.2220192 20 150.0530701 70.73741404 20 147.8049672
58 76.59942627 20 146.1630096 71.183815 20 144.7358856 70.73741404 20 147.8049672
56 65.76820374 20 143.3087616 67.80640793 20 148.625946 70.73741404 20 147.8049672
56 65.76820374 20 143.3087616 71.183815 20 144.7358856 70.73741404 20 147.8049672
59 60.47595978 20 55.38421631 54.91364479 20 56.60397911 55.00836563 20 59.40831121
59 60.47595978 20 55.38421631 57.83688354 20 60.20059586 55.00836563 20 59.40831121
60 49.3513298 20 57.82374191 54.91364479 20 56.60397911 55.00836563 20 59.40831121
60 49.3513298 20 57.82374191 52.27456856 20 61.42035866 55.00836563 20 59.40831121
61 55.19780731 20 65.0169754 57.83688354 20 60.20059586 55.00836563 20 59.40831121
61 55.19780731 20 65.0169754 52.27456856 20 61.42035866 55.00836563 20 59.40831121
62 45.1167984 20 67.1243515 50.15730286 20 66.07066345 49.88864517 20 63.32168961
62 45.1167984 20 67.1243515 47.2340641 20 62.47404671 49.88864517 20 63.32168961
61 55.19780731 20 65.0169754 50.15730286 20 66.07066345 49.88864517 20 63.32168961
61 55.19780731 20 65.0169754 52.27456856 20 61.42035866 49.88864517 20 63.32168961
60 49.3513298 20 57.82374191 47.2340641 20 62.47404671 49.88864517 20 63.32168961
60 49.3513298 20 57.82374191 52.27456856 20 61.42035866 49.88864517 20 63.32168961
63 59.59315872 20 95.37858582 62.14069176 20 90.18929291 59.37145487 20 87.85040538
63 59.59315872 20 95.37858582 56.71306992 20 89.27560806 59.37145487 20 87.85040538
64 64.68822479 20 85 62.14069176 20 90.18929291 59.37145487 20 87.85040538
64 64.68822479 20 85 59.26060295 20 84.08631516 59.37145487 20 87.85040538
65 53.83298111 20 83.17263031 56.71306992 20 89.27560806 59.37145487 20 87.85040538
65 53.83298111 20 83.17263031 59.26060295 20 84.08631516 59.37145487 20 87.85040538
66 60.09309006 20 74.49738312 56.96303558 20 78.83500671 59.53809865 20 80.89000448
66 60.09309006 20 74.49738312 62.39065742 20 79.74869156 59.53809865 20 80.89000448
65 53.83298111 20 83.17263031 56.96303558 20 78.83500671 59.53809865 20 80.89000448
65 53.83298111 20 83.17263031 59.26060295 20 84.08631516 59.53809865 20 80.89000448
64 64.68822479 20 85 62.39065742 20 79.74869156 59.53809865 20 80.89000448
64 64.68822479 20 85 59.26060295 20 84.08631516 59.53809865 20 80.89000448
67 99.68280029 20 94.83394623 104.8414001 20 97.41697311 106.5609334 20 94.94464874
67 99.68280029 20 94.83394623 104.8414001 20 92.41697311 106.5609334 20 94.94464874
68 110 20 100 104.8414001 20 97.41697311 106.5609334 20 94.94464874
68 110 20 100 110 20 95 106.5609334 20 94.94464874
69 110 20 90 104.8414001 20 92.41697311 106.5609334 20 94.94464874
69 110 20 90 110 20 95 106.5609334 20 94.94464874
28 90 20 0 93.11499023 20 4.683573723 95.40999349 20 3.122382482
28 90 20 0 95 20 0 95.40999349 20 3.122382482
70 96.22998047 20 9.367147446 93.11499023 20 4.683573723 95.40999349 20 3.122382482
70 96.22998047 20 9.367147446 98.11499023 20 4.683573723 95.40999349 20 3.122382482
71 100 20 0 95 20 0 95.40999349 20 3.122382482
71 100 20 0 98.11499023 20 4.683573723 95.40999349 20 3.122382482
28 90 20 0 87.42075729 20 5.168957233 90.35716502 20 6.568353971
28 90 20 0 93.11499023 20 4.683573723 90.35716502 20 6.568353971
27 84.84151459 20 10.33791447 87.42075729 20 5.168957233 90.35716502 20 6.568353971
27 84.84151459 20 10.33791447 90.53574753 20 9.852530956 90.35716502 20 6.568353971
70 96.22998047 20 9.367147446 93.11499023 20 4.683573723 90.35716502 20 6.568353971
70 96.22998047 20 9.367147446 90.53574753 20 9.852530956 90.35716502 20 6.568353971
27 84.84151459 20 10.33791447 89.456707 20 14.84786558 91.71446482 20 13.02095954
27 84.84151459 20 10.33791447 90.53574753 20 9.852530956 91.71446482 20 13.02095954
49 94.07189941 20 19.3578167 89.456707 20 14.84786558 91.71446482 20 13.02095954
49 94.07189941 20 19.3578167 95.15093994 20 14.36248207 91.71446482 20 13.02095954
70 96.22998047 20 9.367147446 90.53574753 20 9.852530956 91.71446482 20 13.02095954
70 96.22998047 20 9.367147446 95.15093994 20 14.36248207 91.71446482 20 13.02095954
72 20 20 0 21.88403606 20 4.68470192 24.58935738 20 3.123134613
72 20 20 0 25 20 0 24.58935738 20 3.123134613
73 23.76807213 20 9.369403839 21.88403606 20 4.68470192 24.58935738 20 3.123134613
73 23.76807213 20 9.369403839 26.88403606 20 4.68470192 24.58935738 20 3.123134613
23 30 20 0 25 20 0 24.58935738 20 3.123134613
23 30 20 0 26.88403606 20 4.68470192 24.58935738 20 3.123134613
23 30 20 0 26.88403606 20 4.68470192 29.62970924 20 6.583548864
23 30 20 0 32.5605278 20 5.190621376 29.62970924 20 6.583548864
73 23.76807213 20 9.369403839 26.88403606 20 4.68470192 29.62970924 20 6.583548864
73 23.76807213 20 9.369403839 29.44456387 20 9.875323296 29.62970924 20 6.583548864
24 35.1210556 20 10.38124275 32.5605278 20 5.190621376 29.62970924 20 6.583548864
24 35.1210556 20 10.38124275 29.44456387 20 9.875323296 29.62970924 20 6.583548864
73 23.76807213 20 9.369403839 24.84808636 20 14.36361027 28.27240944 20 13.03615443
73 23.76807213 20 9.369403839 29.44456387 20 9.875323296 28.27240944 20 13.03615443
52 25.92810059 20 19.3578167 24.84808636 20 14.36361027 28.27240944 20 13.03615443
52 25.92810059 20 19.3578167 30.52457809 20 14.86952972 28.27240944 20 13.03615443
24 35.1210556 20 10.38124275 29.44456387 20 9.875323296 28.27240944 20 13.03615443
24 35.1210556 20 10.38124275 30.52457809 20 14.86952972 28.27240944 20 13.03615443
74 71.96064758 20 119.2061615 65.81471825 20 117.3942032 65.09624354 20 119.9129079
74 71.96064758 20 119.2061615 67.80997086 20 122.0782394 65.09624354 20 119.9129079
75 59.66878891 20 115.5822449 65.81471825 20 117.3942032 65.09624354 20 119.9129079
75 59.66878891 20 115.5822449 61.66404152 20 120.2662811 65.09624354 20 119.9129079
76 63.65929413 20 124.9503174 67.80997086 20 122.0782394 65.09624354 20 119.9129079
76 63.65929413 20 124.9503174 61.66404152 20 120.2662811 65.09624354 20 119.9129079
77 73.59835052 20 131.3562164 72.77949905 20 125.281189 69.73943075 20 125.1708984
77 73.59835052 20 131.3562164 68.62882233 20 128.1532669 69.73943075 20 125.1708984
74 71.96064758 20 119.2061615 72.77949905 20 125.281189 69.73943075 20 125.1708984
74 71.96064758 20 119.2061615 67.80997086 20 122.0782394 69.73943075 20 125.1708984
76 63.65929413 20 124.9503174 68.62882233 20 128.1532669 69.73943075 20 125.1708984
76 63.65929413 20 124.9503174 67.80997086 20 122.0782394 69.73943075 20 125.1708984
78 10 20 100 15.15318108 20 97.55443573 13.43545405 20 95.03629049
78 10 20 100 10 20 95 13.43545405 20 95.03629049
79 20.30636215 20 95.10887146 15.15318108 20 97.55443573 13.43545405 20 95.03629049
79 20.30636215 20 95.10887146 15.15318108 20 92.55443573 13.43545405 20 95.03629049
80 10 20 90 10 20 95 13.43545405 20 95.03629049
80 10 20 90 15.15318108 20 92.55443573 13.43545405 20 95.03629049
34 30 20 180 26.92318249 20 175.3353195 24.61545499 20 176.890213
34 30 20 180 25 20 180 24.61545499 20 176.890213
81 23.84636497 20 170.670639 26.92318249 20 175.3353195 24.61545499 20 176.890213
81 23.84636497 20 170.670639 21.92318249 20 175.3353195 24.61545499 20 176.890213
82 20 20 180 25 20 180 24.61545499 20 176.890213
82 20 20 180 21.92318249 20 175.3353195 24.61545499 20 176.890213
34 30 20 180 32.16578865 20 174.6389389 29.39264743 20 173.3161723
34 30 20 180 26.92318249 20 175.3353195 29.39264743 20 173.3161723
33 34.3315773 20 169.2778778 32.16578865 20 174.6389389 29.39264743 20 173.3161723
33 34.3315773 20 169.2778778 29.08897114 20 169.9742584 29.39264743 20 173.3161723
81 23.84636497 20 170.670639 26.92318249 20 175.3353195 29.39264743 20 173.3161723
81 23.84636497 20 170.670639 29.08897114 20 169.9742584 29.39264743 20 173.3161723
33 34.3315773 20 169.2778778 30.26323128 20 165.266655 28.12427584 20 167.067983
33 34.3315773 20 169.2778778 29.08897114 20 169.9742584 28.12427584 20 167.067983
83 26.19488525 20 161.2554321 30.26323128 20 165.266655 28.12427584 20 167.067983
83 26.19488525 20 161.2554321 25.02062511 20 165.9630356 28.12427584 20 167.067983
81 23.84636497 20 170.670639 29.08897114 20 169.9742584 28.12427584 20 167.067983
81 23.84636497 20 170.670639 25.02062511 20 165.9630356 28.12427584 20 167.067983
47 60 20 0 63.01517105 20 5.063538551 65.34344737 20 3.375692368
47 60 20 0 65 20 0 65.34344737 20 3.375692368
84 66.0303421 20 10.1270771 63.01517105 20 5.063538551 65.34344737 20 3.375692368
84 66.0303421 20 10.1270771 68.01517105 20 5.063538551 65.34344737 20 3.375692368
85 70 20 0 65 20 0 65.34344737 20 3.375692368
85 70 20 0 68.01517105 20 5.063538551 65.34344737 20 3.375692368
84 66.0303421 20 10.1270771 63.01517105 20 5.063538551 60.35010401 20 6.887976964
84 66.0303421 20 10.1270771 60.52515602 20 10.33196545 60.35010401 20 6.887976964
47 60 20 0 63.01517105 20 5.063538551 60.35010401 20 6.887976964
47 60 20 0 57.50998497 20 5.268426895 60.35010401 20 6.887976964
46 55.01996994 20 10.53685379 60.52515602 20 10.33196545 60.35010401 20 6.887976964
46 55.01996994 20 10.53685379 57.50998497 20 5.268426895 60.35010401 20 6.887976964
46 55.01996994 20 10.53685379 57.34991646 20 15.32291889 60.24339167 20 13.59097163
46 55.01996994 20 10.53685379 60.52515602 20 10.33196545 60.24339167 20 13.59097163
86 59.67986298 20 20.10898399 57.34991646 20 15.32291889 60.24339167 20 13.59097163
86 59.67986298 20 20.10898399 62.85510254 20 15.11803055 60.24339167 20 13.59097163
84 66.0303421 20 10.1270771 60.52515602 20 10.33196545 60.24339167 20 13.59097163
84 66.0303421 20 10.1270771 62.85510254 20 15.11803055 60.24339167 20 13.59097163
87 100 20 180 98.20082855 20 175.3097992 95.46721903 20 176.8731995
87 100 20 180 95 20 180 95.46721903 20 176.8731995
88 96.4016571 20 170.6195984 98.20082855 20 175.3097992 95.46721903 20 176.8731995
88 96.4016571 20 170.6195984 93.20082855 20 175.3097992 95.46721903 20 176.8731995
42 90 20 180 95 20 180 95.46721903 20 176.8731995
42 90 20 180 93.20082855 20 175.3097992 95.46721903 20 176.8731995
42 90 20 180 93.20082855 20 175.3097992 90.55979411 20 173.3764496
42 90 20 180 87.63886261 20 174.7548752 90.55979411 20 173.3764496
88 96.4016571 20 170.6195984 93.20082855 20 175.3097992 90.55979411 20 173.3764496
88 96.4016571 20 170.6195984 90.83969116 20 170.0646744 90.55979411 20 173.3764496
43 85.27772522 20 169.5097504 87.63886261 20 174.7548752 90.55979411 20 173.3764496
43 85.27772522 20 169.5097504 90.83969116 20 170.0646744 90.55979411 20 173.3764496
43 85.27772522 20 169.5097504 90.83969116 20 170.0646744 91.82843526 20 167.1229197
43 85.27772522 20 169.5097504 89.54182434 20 165.3745804 91.82843526 20 167.1229197
88 96.4016571 20 170.6195984 90.83969116 20 170.0646744 91.82843526 20 167.1229197
88 96.4016571 20 170.6195984 95.10379028 20 165.9295044 91.82843526 20 167.1229197
89 93.80592346 20 161.2394104 89.54182434 20 165.3745804 91.82843526 20 167.1229197
89 93.80592346 20 161.2394104 95.10379028 20 165.9295044 91.82843526 20 167.1229197
55 54.8651123 20 146.2546997 48.67885399 20 146.1660156 48.45258713 20 148.5231984
55 54.8651123 20 146.2546997 51.43258286 20 149.7461319 48.45258713 20 148.5231984
90 42.49259567 20 146.0773315 48.67885399 20 146.1660156 48.45258713 20 148.5231984
90 42.49259567 20 146.0773315 45.24632454 20 149.6574478 48.45258713 20 148.5231984
91 48.00005341 20 153.2375641 51.43258286 20 149.7461319 48.45258713 20 148.5231984
91 48.00005341 20 153.2375641 45.24632454 20 149.6574478 48.45258713 20 148.5231984
92 71.59204865 20 57.14767456 66.03400421 20 56.26594543 65.78992208 20 59.47649892
92 71.59204865 20 57.14767456 68.44690323 20 61.52264023 65.78992208 20 59.47649892
59 60.47595978 20 55.38421631 66.03400421 20 56.26594543 65.78992208 20 59.47649892
59 60.47595978 20 55.38421631 62.8888588 20 60.6409111 65.78992208 20 59.47649892
93 65.30175781 20 65.8976059 68.44690323 20 61.52264023 65.78992208 20 59.47649892
93 65.30175781 20 65.8976059 62.8888588 20 60.6409111 65.78992208 20 59.47649892
93 65.30175781 20 65.8976059 70.26073074 20 66.45376205 70.70450338 20 63.35173289
93 65.30175781 20 65.8976059 68.44690323 20 61.52264023 70.70450338 20 63.35173289
94 75.21970367 20 67.00991821 70.26073074 20 66.45376205 70.70450338 20 63.35173289
94 75.21970367 20 67.00991821 73.40587616 20 62.07879639 70.70450338 20 63.35173289
92 71.59204865 20 57.14767456 68.44690323 20 61.52264023 70.70450338 20 63.35173289
92 71.59204865 20 57.14767456 73.40587616 20 62.07879639 70.70450338 20 63.35173289
59 60.47595978 20 55.38421631 57.83688354 20 60.20059586 60.32517497 20 62.0995992
59 60.47595978 20 55.38421631 62.8888588 20 60.6409111 60.32517497 20 62.0995992
61 55.19780731 20 65.0169754 57.83688354 20 60.20059586 60.32517497 20 62.0995992
61 55.19780731 20 65.0169754 60.24978256 20 65.45729065 60.32517497 20 62.0995992
93 65.30175781 20 65.8976059 62.8888588 20 60.6409111 60.32517497 20 62.0995992
93 65.30175781 20 65.8976059 60.24978256 20 65.45729065 60.32517497 20 62.0995992
93 65.30175781 20 65.8976059 60.24978256 20 65.45729065 60.19755173 20 68.47065481
93 65.30175781 20 65.8976059 62.69742393 20 70.19749451 60.19755173 20 68.47065481
61 55.19780731 20 65.0169754 60.24978256 20 65.45729065 60.19755173 20 68.47065481
61 55.19780731 20 65.0169754 57.64544868 20 69.75717926 60.19755173 20 68.47065481
66 60.09309006 20 74.49738312 62.69742393 20 70.19749451 60.19755173 20 68.47065481
66 60.09309006 20 74.49738312 57.64544868 20 69.75717926 60.19755173 20 68.47065481
95 110 20 70 104.9524307 20 74.36845398 106.6349538 20 76.24563599
95 110 20 70 110 20 75 106.6349538 20 76.24563599
96 99.90486145 20 78.73690796 104.9524307 20 74.36845398 106.6349538 20 76.24563599
96 99.90486145 20 78.73690796 104.9524307 20 79.36845398 106.6349538 20 76.24563599
97 110 20 80 110 20 75 106.6349538 20 76.24563599
97 110 20 80 104.9524307 20 79.36845398 106.6349538 20 76.24563599
98 86.97924042 20 82.35746765 93.44205093 20 80.54718781 92.72067006 20 78.14614105
98 86.97924042 20 82.35746765 89.12857437 20 77.8507576 92.72067006 20 78.14614105
96 99.90486145 20 78.73690796 93.44205093 20 80.54718781 92.72067006 20 78.14614105
96 99.90486145 20 78.73690796 95.59138489 20 76.04047775 92.72067006 20 78.14614105
99 91.27790833 20 73.34404755 89.12857437 20 77.8507576 92.72067006 20 78.14614105
99 91.27790833 20 73.34404755 95.59138489 20 76.04047775 92.72067006 20 78.14614105
96 99.90486145 20 78.73690796 93.44205093 20 80.54718781 94.03373973 20 82.95360311
96 99.90486145 20 78.73690796 97.56098938 20 83.25167084 94.03373973 20 82.95360311
98 86.97924042 20 82.35746765 93.44205093 20 80.54718781 94.03373973 20 82.95360311
98 86.97924042 20 82.35746765 91.09817886 20 85.06195068 94.03373973 20 82.95360311
100 95.21711731 20 87.76643372 97.56098938 20 83.25167084 94.03373973 20 82.95360311
100 95.21711731 20 87.76643372 91.09817886 20 85.06195068 94.03373973 20 82.95360311
60 49.3513298 20 57.82374191 54.91364479 20 56.60397911 53.8644193 20 53.38039017
60 49.3513298 20 57.82374191 50.55864906 20 52.3784771 53.8644193 20 53.38039017
59 60.47595978 20 55.38421631 54.91364479 20 56.60397911 53.8644193 20 53.38039017
59 60.47595978 20 55.38421631 56.12096405 20 51.15871429 53.8644193 20 53.38039017
101 51.76596832 20 46.93321228 50.55864906 20 52.3784771 53.8644193 20 53.38039017
101 51.76596832 20 46.93321228 56.12096405 20 51.15871429 53.8644193 20 53.38039017
102 10 20 80 14.97973537 20 79.17636108 13.31982358 20 76.11757406
102 10 20 80 10 20 75 13.31982358 20 76.11757406
103 19.95947075 20 78.35272217 14.97973537 20 79.17636108 13.31982358 20 76.11757406
103 19.95947075 20 78.35272217 14.97973537 20 74.17636108 13.31982358 20 76.11757406
104 10 20 70 10 20 75 13.31982358 20 76.11757406
104 10 20 70 14.97973537 20 74.17636108 13.31982358 20 76.11757406
105 27.88671494 20 71.74340057 23.92309284 20 75.04806137 26.21425502 20 77.12679036
105 27.88671494 20 71.74340057 29.34164715 20 76.51382446 26.21425502 20 77.12679036
103 19.95947075 20 78.35272217 23.92309284 20 75.04806137 26.21425502 20 77.12679036
103 19.95947075 20 78.35272217 25.37802505 20 79.81848526 26.21425502 20 77.12679036
106 30.79657936 20 81.28424835 29.34164715 20 76.51382446 26.21425502 20 77.12679036
106 30.79657936 20 81.28424835 25.37802505 20 79.81848526 26.21425502 20 77.12679036
106 30.79657936 20 81.28424835 25.37802505 20 79.81848526 25.12098249 20 82.27657572
106 30.79657936 20 81.28424835 27.70173836 20 84.2385025 25.12098249 20 82.27657572
103 19.95947075 20 78.35272217 25.37802505 20 79.81848526 25.12098249 20 82.27657572
103 19.95947075 20 78.35272217 22.28318405 20 82.77273941 25.12098249 20 82.27657572
107 24.60689735 20 87.19275665 27.70173836 20 84.2385025 25.12098249 20 82.27657572
107 24.60689735 20 87.19275665 22.28318405 20 82.77273941 25.12098249 20 82.27657572
108 77.02838135 20 85.7576828 70.85830307 20 85.3788414 70.4990921 20 88.46173859
108 77.02838135 20 85.7576828 73.40452576 20 90.19260788 70.4990921 20 88.46173859
64 64.68822479 20 85 70.85830307 20 85.3788414 70.4990921 20 88.46173859
64 64.68822479 20 85 67.23444748 20 89.81376648 70.4990921 20 88.46173859
109 69.78067017 20 94.62753296 73.40452576 20 90.19260788 70.4990921 20 88.46173859
109 69.78067017 20 94.62753296 67.23444748 20 89.81376648 70.4990921 20 88.46173859
64 64.68822479 20 85 62.14069176 20 90.18929291 64.68735123 20 91.66870626
64 64.68822479 20 85 67.23444748 20 89.81376648 64.68735123 20 91.66870626
63 59.59315872 20 95.37858582 62.14069176 20 90.18929291 64.68735123 20 91.66870626
63 59.59315872 20 95.37858582 64.68691444 20 95.00305939 64.68735123 20 91.66870626
109 69.78067017 20 94.62753296 67.23444748 20 89.81376648 64.68735123 20 91.66870626
109 69.78067017 20 94.62753296 64.68691444 20 95.00305939 64.68735123 20 91.66870626
110 79.49124908 20 95.73818207 78.25981522 20 90.74793243 75.43343353 20 92.04113261
110 79.49124908 20 95.73818207 74.63595963 20 95.18285751 75.43343353 20 92.04113261
108 77.02838135 20 85.7576828 78.25981522 20 90.74793243 75.43343353 20 92.04113261
108 77.02838135 20 85.7576828 73.40452576 20 90.19260788 75.43343353 20 92.04113261
109 69.78067017 20 94.62753296 74.63595963 20 95.18285751 75.43343353 20 92.04113261
109 69.78067017 20 94.62753296 73.40452576 20 90.19260788 75.43343353 20 92.04113261
109 69.78067017 20 94.62753296 71.43413544 20 99.11291122 74.11983999 20 97.98800151
109 69.78067017 20 94.62753296 74.63595963 20 95.18285751 74.11983999 20 97.98800151
111 73.08760071 20 103.5982895 71.43413544 20 99.11291122 74.11983999 20 97.98800151
111 73.08760071 20 103.5982895 76.2894249 20 99.66823578 74.11983999 20 97.98800151
110 79.49124908 20 95.73818207 74.63595963 20 95.18285751 74.11983999 20 97.98800151
110 79.49124908 20 95.73818207 76.2894249 20 99.66823578 74.11983999 20 97.98800151
101 51.76596832 20 46.93321228 56.12096405 20 51.15871429 58.30328496 20 49.39845403
101 51.76596832 20 46.93321228 57.21694756 20 46.40557289 58.30328496 20 49.39845403
59 60.47595978 20 55.38421631 56.12096405 20 51.15871429 58.30328496 20 49.39845403
59 60.47595978 20 55.38421631 61.57194328 20 50.63107491 58.30328496 20 49.39845403
112 62.66792679 20 45.8779335 57.21694756 20 46.40557289 58.30328496 20 49.39845403
112 62.66792679 20 45.8779335 61.57194328 20 50.63107491 58.30328496 20 49.39845403
113 56.85445023 20 37.67863083 54.31020927 20 42.30592155 57.09611511 20 43.4965922
113 56.85445023 20 37.67863083 59.76118851 20 41.77828217 57.09611511 20 43.4965922
101 51.76596832 20 46.93321228 54.31020927 20 42.30592155 57.09611511 20 43.4965922
101 51.76596832 20 46.93321228 57.21694756 20 46.40557289 57.09611511 20 43.4965922
112 62.66792679 20 45.8779335 59.76118851 20 41.77828217 57.09611511 20 43.4965922
112 62.66792679 20 45.8779335 57.21694756 20 46.40557289 57.09611511 20 43.4965922
114 22.80764008 20 62.00105286 25.34717751 20 66.87222672 28.24954351 20 65.95111338
114 22.80764008 20 62.00105286 28.43095779 20 63.05496979 28.24954351 20 65.95111338
105 27.88671494 20 71.74340057 25.34717751 20 66.87222672 28.24954351 20 65.95111338
105 27.88671494 20 71.74340057 30.97049522 20 67.92614365 28.24954351 20 65.95111338
115 34.05427551 20 64.10888672 28.43095779 20 63.05496979 28.24954351 20 65.95111338
115 34.05427551 20 64.10888672 30.97049522 20 67.92614365 28.24954351 20 65.95111338
116 49.5229187 20 92.04759216 45.8434124 20 88.6785202 44.1006279 20 91.17899577
116 49.5229187 20 92.04759216 45.0689888 20 94.11376953 44.1006279 20 91.17899577
117 42.1639061 20 85.30944824 45.8434124 20 88.6785202 44.1006279 20 91.17899577
117 42.1639061 20 85.30944824 41.3894825 20 90.74469757 44.1006279 20 91.17899577
118 40.6150589 20 96.1799469 45.0689888 20 94.11376953 44.1006279 20 91.17899577
118 40.6150589 20 96.1799469 41.3894825 20 90.74469757 44.1006279 20 91.17899577
65 53.83298111 20 83.17263031 47.9984436 20 84.24103928 48.50660197 20 86.84322357
65 53.83298111 20 83.17263031 51.67794991 20 87.61011124 48.50660197 20 86.84322357
117 42.1639061 20 85.30944824 47.9984436 20 84.24103928 48.50660197 20 86.84322357
117 42.1639061 20 85.30944824 45.8434124 20 88.6785202 48.50660197 20 86.84322357
116 49.5229187 20 92.04759216 51.67794991 20 87.61011124 48.50660197 20 86.84322357
116 49.5229187 20 92.04759216 45.8434124 20 88.6785202 48.50660197 20 86.84322357
63 59.59315872 20 95.37858582 56.71306992 20 89.27560806 54.31635284 20 90.19960276
63 59.59315872 20 95.37858582 54.55803871 20 93.71308899 54.31635284 20 90.19960276
65 53.83298111 20 83.17263031 56.71306992 20 89.27560806 54.31635284 20 90.19960276
65 53.83298111 20 83.17263031 51.67794991 20 87.61011124 54.31635284 20 90.19960276
116 49.5229187 20 92.04759216 54.55803871 20 93.71308899 54.31635284 20 90.19960276
116 49.5229187 20 92.04759216 51.67794991 20 87.61011124 54.31635284 20 90.19960276
119 53.96133423 20 125.9527817 56.81506157 20 120.7675133 54.62072881 20 119.7902552
119 53.96133423 20 125.9527817 52.09669876 20 121.8942604 54.62072881 20 119.7902552
75 59.66878891 20 115.5822449 56.81506157 20 120.7675133 54.62072881 20 119.7902552
75 59.66878891 20 115.5822449 54.9504261 20 116.708992 54.62072881 20 119.7902552
120 50.23206329 20 117.8357391 52.09669876 20 121.8942604 54.62072881 20 119.7902552
120 50.23206329 20 117.8357391 54.9504261 20 116.708992 54.62072881 20 119.7902552
119 53.96133423 20 125.9527817 58.81031418 20 125.4515495 59.09647242 20 122.1617813
119 53.96133423 20 125.9527817 56.81506157 20 120.7675133 59.09647242 20 122.1617813
76 63.65929413 20 124.9503174 58.81031418 20 125.4515495 59.09647242 20 122.1617813
76 63.65929413 20 124.9503174 61.66404152 20 120.2662811 59.09647242 20 122.1617813
75 59.66878891 20 115.5822449 56.81506157 20 120.7675133 59.09647242 20 122.1617813
75 59.66878891 20 115.5822449 61.66404152 20 120.2662811 59.09647242 20 122.1617813
119 53.96133423 20 125.9527817 56.53542328 20 130.3533211 58.9100469 20 128.5523198
119 53.96133423 20 125.9527817 58.81031418 20 125.4515495 58.9100469 20 128.5523198
54 59.10951233 20 134.7538605 56.53542328 20 130.3533211 58.9100469 20 128.5523198
54 59.10951233 20 134.7538605 61.38440323 20 129.8520889 58.9100469 20 128.5523198
76 63.65929413 20 124.9503174 58.81031418 20 125.4515495 58.9100469 20 128.5523198
76 63.65929413 20 124.9503174 61.38440323 20 129.8520889 58.9100469 20 128.5523198
108 77.02838135 20 85.7576828 73.66776657 20 80.71455002 70.67458598 20 82.14303335
108 77.02838135 20 85.7576828 70.85830307 20 85.3788414 70.67458598 20 82.14303335
121 70.30715179 20 75.67141724 73.66776657 20 80.71455002 70.67458598 20 82.14303335
121 70.30715179 20 75.67141724 67.49768829 20 80.33570862 70.67458598 20 82.14303335
64 64.68822479 20 85 70.85830307 20 85.3788414 70.67458598 20 82.14303335
64 64.68822479 20 85 67.49768829 20 80.33570862 70.67458598 20 82.14303335
66 60.09309006 20 74.49738312 62.39065742 20 79.74869156 65.02948888 20 78.38960012
66 60.09309006 20 74.49738312 65.20012093 20 75.08440018 65.02948888 20 78.38960012
64 64.68822479 20 85 62.39065742 20 79.74869156 65.02948888 20 78.38960012
64 64.68822479 20 85 67.49768829 20 80.33570862 65.02948888 20 78.38960012
121 70.30715179 20 75.67141724 65.20012093 20 75.08440018 65.02948888 20 78.38960012
121 70.30715179 20 75.67141724 67.49768829 20 80.33570862 65.02948888 20 78.38960012
121 70.30715179 20 75.67141724 67.8044548 20 70.78451157 65.23399989 20 72.02213542
121 70.30715179 20 75.67141724 65.20012093 20 75.08440018 65.23399989 20 72.02213542
93 65.30175781 20 65.8976059 67.8044548 20 70.78451157 65.23399989 20 72.02213542
93 65.30175781 20 65.8976059 62.69742393 20 70.19749451 65.23399989 20 72.02213542
66 60.09309006 20 74.49738312 65.20012093 20 75.08440018 65.23399989 20 72.02213542
66 60.09309006 20 74.49738312 62.69742393 20 70.19749451 65.23399989 20 72.02213542
121 70.30715179 20 75.67141724 72.76342773 20 71.34066772 70.27620443 20 69.52631378
121 70.30715179 20 75.67141724 67.8044548 20 70.78451157 70.27620443 20 69.52631378
94 75.21970367 20 67.00991821 72.76342773 20 71.34066772 70.27620443 20 69.52631378
94 75.21970367 20 67.00991821 70.26073074 20 66.45376205 70.27620443 20 69.52631378
93 65.30175781 20 65.8976059 67.8044548 20 70.78451157 70.27620443 20 69.52631378
93 65.30175781 20 65.8976059 70.26073074 20 66.45376205 70.27620443 20 69.52631378
122 110 20 130 105.838253 20 133.1272049 107.225502 20 135.4181366
122 110 20 130 110 20 135 107.225502 20 135.4181366
123 101.676506 20 136.2544098 105.838253 20 133.1272049 107.225502 20 135.4181366
123 101.676506 20 136.2544098 105.838253 20 138.1272049 107.225502 20 135.4181366
124 110 20 140 110 20 135 107.225502 20 135.4181366
124 110 20 140 105.838253 20 138.1272049 107.225502 20 135.4181366
122 110 20 130 103.7837372 20 128.8655701 103.0813268 20 131.3285166
122 110 20 130 105.838253 20 133.1272049 103.0813268 20 131.3285166
125 97.56747437 20 127.7311401 103.7837372 20 128.8655701 103.0813268 20 131.3285166
125 97.56747437 20 127.7311401 99.6219902 20 131.992775 103.0813268 20 131.3285166
123 101.676506 20 136.2544098 105.838253 20 133.1272049 103.0813268 20 131.3285166
123 101.676506 20 136.2544098 99.6219902 20 131.992775 103.0813268 20 131.3285166
126 92.0959549 20 137.0651245 96.88623047 20 136.6597672 97.11331177 20 133.6835581
126 92.0959549 20 137.0651245 94.83171463 20 132.3981323 97.11331177 20 133.6835581
123 101.676506 20 136.2544098 96.88623047 20 136.6597672 97.11331177 20 133.6835581
123 101.676506 20 136.2544098 99.6219902 20 131.992775 97.11331177 20 133.6835581
125 97.56747437 20 127.7311401 94.83171463 20 132.3981323 97.11331177 20 133.6835581
125 97.56747437 20 127.7311401 99.6219902 20 131.992775 97.11331177 20 133.6835581
90 42.49259567 20 146.0773315 48.67885399 20 146.1660156 49.06339264 20 143.813446
90 42.49259567 20 146.0773315 46.16253281 20 142.5928192 49.06339264 20 143.813446
55 54.8651123 20 146.2546997 48.67885399 20 146.1660156 49.06339264 20 143.813446
55 54.8651123 20 146.2546997 52.34879112 20 142.6815033 49.06339264 20 143.813446
127 49.83246994 20 139.1083069 46.16253281 20 142.5928192 49.06339264 20 143.813446
127 49.83246994 20 139.1083069 52.34879112 20 142.6815033 49.06339264 20 143.813446
55 54.8651123 20 146.2546997 56.98731232 20 140.5042801 54.60236486 20 140.0389557
55 54.8651123 20 146.2546997 52.34879112 20 142.6815033 54.60236486 20 140.0389557
54 59.10951233 20 134.7538605 56.98731232 20 140.5042801 54.60236486 20 140.0389557
54 59.10951233 20 134.7538605 54.47099113 20 136.9310837 54.60236486 20 140.0389557
127 49.83246994 20 139.1083069 52.34879112 20 142.6815033 54.60236486 20 140.0389557
127 49.83246994 20 139.1083069 54.47099113 20 136.9310837 54.60236486 20 140.0389557
127 49.83246994 20 139.1083069 43.67281914 20 137.9669724 43.27941132 20 140.6704254
127 49.83246994 20 139.1083069 46.16253281 20 142.5928192 43.27941132 20 140.6704254
128 37.51316833 20 136.8256378 43.67281914 20 137.9669724 43.27941132 20 140.6704254
128 37.51316833 20 136.8256378 40.002882 20 141.4514847 43.27941132 20 140.6704254
90 42.49259567 20 146.0773315 46.16253281 20 142.5928192 43.27941132 20 140.6704254
90 42.49259567 20 146.0773315 40.002882 20 141.4514847 43.27941132 20 140.6704254
127 49.83246994 20 139.1083069 47.29658699 20 135.1740036 44.03544744 20 135.7245483
127 49.83246994 20 139.1083069 43.67281914 20 137.9669724 44.03544744 20 135.7245483
129 44.76070404 20 131.2397003 47.29658699 20 135.1740036 44.03544744 20 135.7245483
129 44.76070404 20 131.2397003 41.13693619 20 134.0326691 44.03544744 20 135.7245483
128 37.51316833 20 136.8256378 43.67281914 20 137.9669724 44.03544744 20 135.7245483
128 37.51316833 20 136.8256378 41.13693619 20 134.0326691 44.03544744 20 135.7245483
130 79.16666412 20 30.83333397 76.10659027 20 27.31797886 73.63349406 20 28.57841047
130 79.16666412 20 30.83333397 73.92698288 20 30.96630383 73.63349406 20 28.57841047
131 73.04651642 20 23.80262375 76.10659027 20 27.31797886 73.63349406 20 28.57841047
131 73.04651642 20 23.80262375 70.86690903 20 27.45094872 73.63349406 20 28.57841047
132 68.68730164 20 31.09927368 73.92698288 20 30.96630383 73.63349406 20 28.57841047
132 68.68730164 20 31.09927368 70.86690903 20 27.45094872 73.63349406 20 28.57841047
48 83.31484985 20 21.33426285 78.18068314 20 22.5684433 78.50934347 20 25.32340686
48 83.31484985 20 21.33426285 81.24075699 20 26.08379841 78.50934347 20 25.32340686
131 73.04651642 20 23.80262375 78.18068314 20 22.5684433 78.50934347 20 25.32340686
131 73.04651642 20 23.80262375 76.10659027 20 27.31797886 78.50934347 20 25.32340686
130 79.16666412 20 30.83333397 81.24075699 20 26.08379841 78.50934347 20 25.32340686
130 79.16666412 20 30.83333397 76.10659027 20 27.31797886 78.50934347 20 25.32340686
48 83.31484985 20 21.33426285 79.22737885 20 18.29103851 77.16709137 20 20.12823359
48 83.31484985 20 21.33426285 78.18068314 20 22.5684433 77.16709137 20 20.12823359
50 75.13990784 20 15.24781418 79.22737885 20 18.29103851 77.16709137 20 20.12823359
50 75.13990784 20 15.24781418 74.09321213 20 19.52521896 77.16709137 20 20.12823359
131 73.04651642 20 23.80262375 78.18068314 20 22.5684433 77.16709137 20 20.12823359
131 73.04651642 20 23.80262375 74.09321213 20 19.52521896 77.16709137 20 20.12823359
133 50 20 180 46.91289902 20 175.9788284 44.60859934 20 177.319219
133 50 20 180 45 20 180 44.60859934 20 177.319219
134 43.82579803 20 171.9576569 46.91289902 20 175.9788284 44.60859934 20 177.319219
134 43.82579803 20 171.9576569 41.91289902 20 175.9788284 44.60859934 20 177.319219
32 40 20 180 45 20 180 44.60859934 20 177.319219
32 40 20 180 41.91289902 20 175.9788284 44.60859934 20 177.319219
33 34.3315773 20 169.2778778 37.16578865 20 174.6389389 39.38579178 20 173.7451782
33 34.3315773 20 169.2778778 39.07868767 20 170.6177673 39.38579178 20 173.7451782
32 40 20 180 37.16578865 20 174.6389389 39.38579178 20 173.7451782
32 40 20 180 41.91289902 20 175.9788284 39.38579178 20 173.7451782
134 43.82579803 20 171.9576569 39.07868767 20 170.6177673 39.38579178 20 173.7451782
134 43.82579803 20 171.9576569 41.91289902 20 175.9788284 39.38579178 20 173.7451782
33 34.3315773 20 169.2778778 39.07868767 20 170.6177673 40.49301783 20 167.8861237
33 34.3315773 20 169.2778778 38.82662773 20 165.8503571 40.49301783 20 167.8861237
134 43.82579803 20 171.9576569 39.07868767 20 170.6177673 40.49301783 20 167.8861237
134 43.82579803 20 171.9576569 43.5737381 20 167.1902466 40.49301783 20 167.8861237
135 43.32167816 20 162.4228363 38.82662773 20 165.8503571 40.49301783 20 167.8861237
135 43.32167816 20 162.4228363 43.5737381 20 167.1902466 40.49301783 20 167.8861237
133 50 20 180 50.73786545 20 174.0437698 48.43384298 20 173.3483988
133 50 20 180 46.91289902 20 175.9788284 48.43384298 20 173.3483988
136 51.4757309 20 168.0875397 50.73786545 20 174.0437698 48.43384298 20 173.3483988
136 51.4757309 20 168.0875397 47.65076447 20 170.0225983 48.43384298 20 173.3483988
134 43.82579803 20 171.9576569 46.91289902 20 175.9788284 48.43384298 20 173.3483988
134 43.82579803 20 171.9576569 47.65076447 20 170.0225983 48.43384298 20 173.3483988
134 43.82579803 20 171.9576569 47.65076447 20 170.0225983 46.2077357 20 167.4893443
134 43.82579803 20 171.9576569 43.5737381 20 167.1902466 46.2077357 20 167.4893443
136 51.4757309 20 168.0875397 47.65076447 20 170.0225983 46.2077357 20 167.4893443
136 51.4757309 20 168.0875397 47.39870453 20 165.255188 46.2077357 20 167.4893443
135 43.32167816 20 162.4228363 43.5737381 20 167.1902466 46.2077357 20 167.4893443
135 43.32167816 20 162.4228363 47.39870453 20 165.255188 46.2077357 20 167.4893443
137 30.73642349 20 27.65150642 35.68489265 20 29.02320385 36.04208755 20 26.38574409
137 30.73642349 20 27.65150642 33.74645042 20 24.3811655 36.04208755 20 26.38574409
138 40.63336182 20 30.39490128 35.68489265 20 29.02320385 36.04208755 20 26.38574409
138 40.63336182 20 30.39490128 38.69491959 20 25.75286293 36.04208755 20 26.38574409
51 36.75647736 20 21.11082458 33.74645042 20 24.3811655 36.04208755 20 26.38574409
51 36.75647736 20 21.11082458 38.69491959 20 25.75286293 36.04208755 20 26.38574409
51 36.75647736 20 21.11082458 31.34228897 20 20.23432064 31.14033381 20 22.7067159
51 36.75647736 20 21.11082458 33.74645042 20 24.3811655 31.14033381 20 22.7067159
52 25.92810059 20 19.3578167 31.34228897 20 20.23432064 31.14033381 20 22.7067159
52 25.92810059 20 19.3578167 28.33226204 20 23.50466156 31.14033381 20 22.7067159
137 30.73642349 20 27.65150642 33.74645042 20 24.3811655 31.14033381 20 22.7067159
137 30.73642349 20 27.65150642 28.33226204 20 23.50466156 31.14033381 20 22.7067159
48 83.31484985 20 21.33426285 81.24075699 20 26.08379841 83.89523061 20 26.63576571
48 83.31484985 20 21.33426285 86.25951385 20 24.53698158 83.89523061 20 26.63576571
130 79.16666412 20 30.83333397 81.24075699 20 26.08379841 83.89523061 20 26.63576571
130 79.16666412 20 30.83333397 84.18542099 20 29.28651714 83.89523061 20 26.63576571
139 89.20417786 20 27.73970032 86.25951385 20 24.53698158 83.89523061 20 26.63576571
139 89.20417786 20 27.73970032 84.18542099 20 29.28651714 83.89523061 20 26.63576571
139 89.20417786 20 27.73970032 91.63803864 20 23.54875851 88.86364237 20 22.81059329
139 89.20417786 20 27.73970032 86.25951385 20 24.53698158 88.86364237 20 22.81059329
49 94.07189941 20 19.3578167 91.63803864 20 23.54875851 88.86364237 20 22.81059329
49 94.07189941 20 19.3578167 88.69337463 20 20.34603977 88.86364237 20 22.81059329
48 83.31484985 20 21.33426285 86.25951385 20 24.53698158 88.86364237 20 22.81059329
48 83.31484985 20 21.33426285 88.69337463 20 20.34603977 88.86364237 20 22.81059329
140 17.83411407 20 135.5963135 13.91705704 20 132.7981567 12.61137136 20 135.1987712
140 17.83411407 20 135.5963135 13.91705704 20 137.7981567 12.61137136 20 135.1987712
20 10 20 130 13.91705704 20 132.7981567 12.61137136 20 135.1987712
20 10 20 130 10 20 135 12.61137136 20 135.1987712
141 10 20 140 13.91705704 20 137.7981567 12.61137136 20 135.1987712
141 10 20 140 10 20 135 12.61137136 20 135.1987712
140 17.83411407 20 135.5963135 19.11524963 20 131.3161888 16.07683309 20 130.8774592
140 17.83411407 20 135.5963135 13.91705704 20 132.7981567 16.07683309 20 130.8774592
21 20.39638519 20 127.0360641 19.11524963 20 131.3161888 16.07683309 20 130.8774592
21 20.39638519 20 127.0360641 15.1981926 20 128.5180321 16.07683309 20 130.8774592
20 10 20 130 13.91705704 20 132.7981567 16.07683309 20 130.8774592
20 10 20 130 15.1981926 20 128.5180321 16.07683309 20 130.8774592
21 20.39638519 20 127.0360641 19.11524963 20 131.3161888 21.83291817 20 133.0234146
21 20.39638519 20 127.0360641 23.83232021 20 131.7369652 21.83291817 20 133.0234146
140 17.83411407 20 135.5963135 19.11524963 20 131.3161888 21.83291817 20 133.0234146
140 17.83411407 20 135.5963135 22.55118465 20 136.0170898 21.83291817 20 133.0234146
142 27.26825523 20 136.4378662 23.83232021 20 131.7369652 21.83291817 20 133.0234146
142 27.26825523 20 136.4378662 22.55118465 20 136.0170898 21.83291817 20 133.0234146
11 1.568476116e-13 20 20 3.106601715 20 17.5 2.07106781 20 15
11 1.568476116e-13 20 20 7.842380581e-14 20 15 2.07106781 20 15
143 6.21320343 20 15 3.106601715 20 17.5 2.07106781 20 15
143 6.21320343 20 15 3.106601715 20 12.5 2.07106781 20 15
8 0 20 10 7.842380581e-14 20 15 2.07106781 20 15
8 0 20 10 3.106601715 20 12.5 2.07106781 20 15
17 7.07106781 20 22.92893219 6.64213562 20 18.96446609 4.428090413 20 19.30964406
17 7.07106781 20 22.92893219 3.535533905 20 21.46446609 4.428090413 20 19.30964406
143 6.21320343 20 15 6.64213562 20 18.96446609 4.428090413 20 19.30964406
143 6.21320343 20 15 3.106601715 20 17.5 4.428090413 20 19.30964406
11 1.568476116e-13 20 20 3.535533905 20 21.46446609 4.428090413 20 19.30964406
11 1.568476116e-13 20 20 3.106601715 20 17.5 4.428090413 20 19.30964406
144 6.21320343 20 165 3.106601715 20 162.5 2.07106781 20 165
144 6.21320343 20 165 3.106601715 20 167.5 2.07106781 20 165
145 1.545127416e-13 20 160 3.106601715 20 162.5 2.07106781 20 165
145 1.545127416e-13 20 160 7.725637079e-14 20 165 2.07106781 20 165
146 0 20 170 3.106601715 20 167.5 2.07106781 20 165
146 0 20 170 7.725637079e-14 20 165 2.07106781 20 165
144 6.21320343 20 165 6.64213562 20 161.0355377 4.428090413 20 160.6903585
144 6.21320343 20 165 3.106601715 20 162.5 4.428090413 20 160.6903585
31 7.07106781 20 157.0710754 6.64213562 20 161.0355377 4.428090413 20 160.6903585
31 7.07106781 20 157.0710754 3.535533905 20 158.5355377 4.428090413 20 160.6903585
145 1.545127416e-13 20 160 3.106601715 20 162.5 4.428090413 20 160.6903585
145 1.545127416e-13 20 160 3.535533905 20 158.5355377 4.428090413 20 160.6903585
41 112.9289322 20 157.0710754 113.3578644 20 161.0355377 115.5719096 20 160.6903585
41 112.9289322 20 157.0710754 116.4644661 20 158.5355377 115.5719096 20 160.6903585
147 113.7867966 20 165 113.3578644 20 161.0355377 115.5719096 20 160.6903585
147 113.7867966 20 165 116.8933983 20 162.5 115.5719096 20 160.6903585
148 120 20 160 116.4644661 20 158.5355377 115.5719096 20 160.6903585
148 120 20 160 116.8933983 20 162.5 115.5719096 20 160.6903585
148 120 20 160 116.8933983 20 162.5 117.9289322 20 165
148 120 20 160 120 20 165 117.9289322 20 165
147 113.7867966 20 165 116.8933983 20 162.5 117.9289322 20 165
147 113.7867966 20 165 116.8933983 20 167.5 117.9289322 20 165
149 120 20 170 120 20 165 117.9289322 20 165
149 120 20 170 116.8933983 20 167.5 117.9289322 20 165
150 120 20 20 120 20 15 117.9289322 20 15
150 120 20 20 116.8933983 20 17.5 117.9289322 20 15
151 120 20 10 120 20 15 117.9289322 20 15
151 120 20 10 116.8933983 20 12.5 117.9289322 20 15
152 113.7867966 20 15 116.8933983 20 17.5 117.9289322 20 15
152 113.7867966 20 15 116.8933983 20 12.5 117.9289322 20 15
152 113.7867966 20 15 113.3578644 20 18.96446609 115.5719096 20 19.30964406
152 113.7867966 20 15 116.8933983 20 17.5 115.5719096 20 19.30964406
37 112.9289322 20 22.92893219 113.3578644 20 18.96446609 115.5719096 20 19.30964406
37 112.9289322 20 22.92893219 116.4644661 20 21.46446609 115.5719096 20 19.30964406
150 120 20 20 116.8933983 20 17.5 115.5719096 20 19.30964406
150 120 20 20 116.4644661 20 21.46446609 115.5719096 20 19.30964406
36 110 20 30 106.4157486 20 31.24306679 107.6104991 20 34.16204453
36 110 20 30 110 20 35 107.6104991 20 34.16204453
153 102.8314972 20 32.48613358 106.4157486 20 31.24306679 107.6104991 20 34.16204453
153 102.8314972 20 32.48613358 106.4157486 20 36.24306679 107.6104991 20 34.16204453
154 110 20 40 110 20 35 107.6104991 20 34.16204453
154 110 20 40 106.4157486 20 36.24306679 107.6104991 20 34.16204453
35 103.3182373 20 23.18281746 103.0748672 20 27.83447552 105.3832448 20 28.55631701
35 103.3182373 20 23.18281746 106.6591187 20 26.59140873 105.3832448 20 28.55631701
153 102.8314972 20 32.48613358 103.0748672 20 27.83447552 105.3832448 20 28.55631701
153 102.8314972 20 32.48613358 106.4157486 20 31.24306679 105.3832448 20 28.55631701
36 110 20 30 106.6591187 20 26.59140873 105.3832448 20 28.55631701
36 110 20 30 106.4157486 20 31.24306679 105.3832448 20 28.55631701
155 10 20 40 13.57297707 20 36.22861862 12.38198471 20 34.15241241
155 10 20 40 10 20 35 12.38198471 20 34.15241241
156 17.14595413 20 32.45723724 13.57297707 20 36.22861862 12.38198471 20 34.15241241
156 17.14595413 20 32.45723724 13.57297707 20 31.22861862 12.38198471 20 34.15241241
19 10 20 30 10 20 35 12.38198471 20 34.15241241
19 10 20 30 13.57297707 20 31.22861862 12.38198471 20 34.15241241
19 10 20 30 13.57297707 20 31.22861862 14.60923894 20 28.5466849
19 10 20 30 13.34088135 20 26.59140873 14.60923894 20 28.5466849
156 17.14595413 20 32.45723724 13.57297707 20 31.22861862 14.60923894 20 28.5466849
156 17.14595413 20 32.45723724 16.91385841 20 27.82002735 14.60923894 20 28.5466849
38 16.6817627 20 23.18281746 13.34088135 20 26.59140873 14.60923894 20 28.5466849
38 16.6817627 20 23.18281746 16.91385841 20 27.82002735 14.60923894 20 28.5466849
44 80 20 180 77.6855278 20 176.0861588 75.1236852 20 177.3907725
44 80 20 180 75 20 180 75.1236852 20 177.3907725
157 75.3710556 20 172.1723175 77.6855278 20 176.0861588 75.1236852 20 177.3907725
157 75.3710556 20 172.1723175 72.6855278 20 176.0861588 75.1236852 20 177.3907725
158 70 20 180 75 20 180 75.1236852 20 177.3907725
158 70 20 180 72.6855278 20 176.0861588 75.1236852 20 177.3907725
158 70 20 180 72.6855278 20 176.0861588 70.65395355 20 173.5263977
158 70 20 180 68.29540253 20 174.2034378 70.65395355 20 173.5263977
157 75.3710556 20 172.1723175 72.6855278 20 176.0861588 70.65395355 20 173.5263977
157 75.3710556 20 172.1723175 70.98093033 20 170.2895966 70.65395355 20 173.5263977
159 66.59080505 20 168.4068756 68.29540253 20 174.2034378 70.65395355 20 173.5263977
159 66.59080505 20 168.4068756 70.98093033 20 170.2895966 70.65395355 20 173.5263977
160 74.98675537 20 162.9449615 70.78878021 20 165.6759186 72.31620534 20 167.8413849
160 74.98675537 20 162.9449615 75.17890549 20 167.5586395 72.31620534 20 167.8413849
159 66.59080505 20 168.4068756 70.78878021 20 165.6759186 72.31620534 20 167.8413849
159 66.59080505 20 168.4068756 70.98093033 20 170.2895966 72.31620534 20 167.8413849
157 75.3710556 20 172.1723175 75.17890549 20 167.5586395 72.31620534 20 167.8413849
157 75.3710556 20 172.1723175 70.98093033 20 170.2895966 72.31620534 20 167.8413849
44 80 20 180 82.63886261 20 174.7548752 80.21626027 20 173.8940226
44 80 20 180 77.6855278 20 176.0861588 80.21626027 20 173.8940226
43 85.27772522 20 169.5097504 82.63886261 20 174.7548752 80.21626027 20 173.8940226
43 85.27772522 20 169.5097504 80.32439041 20 170.8410339 80.21626027 20 173.8940226
157 75.3710556 20 172.1723175 77.6855278 20 176.0861588 80.21626027 20 173.8940226
157 75.3710556 20 172.1723175 80.32439041 20 170.8410339 80.21626027 20 173.8940226
43 85.27772522 20 169.5097504 80.1322403 20 166.227356 78.54517873 20 168.2090098
43 85.27772522 20 169.5097504 80.32439041 20 170.8410339 78.54517873 20 168.2090098
160 74.98675537 20 162.9449615 80.1322403 20 166.227356 78.54517873 20 168.2090098
160 74.98675537 20 162.9449615 75.17890549 20 167.5586395 78.54517873 20 168.2090098
157 75.3710556 20 172.1723175 80.32439041 20 170.8410339 78.54517873 20 168.2090098
157 75.3710556 20 172.1723175 75.17890549 20 167.5586395 78.54517873 20 168.2090098
161 84.81590271 20 158.9082031 85.04681396 20 164.2089767 87.96651713 20 163.2191213
161 84.81590271 20 158.9082031 89.31091309 20 160.0738068 87.96651713 20 163.2191213
43 85.27772522 20 169.5097504 85.04681396 20 164.2089767 87.96651713 20 163.2191213
43 85.27772522 20 169.5097504 89.54182434 20 165.3745804 87.96651713 20 163.2191213
89 93.80592346 20 161.2394104 89.31091309 20 160.0738068 87.96651713 20 163.2191213
89 93.80592346 20 161.2394104 89.54182434 20 165.3745804 87.96651713 20 163.2191213
161 84.81590271 20 158.9082031 79.90132904 20 160.9265823 81.6934611 20 163.7876383
161 84.81590271 20 158.9082031 85.04681396 20 164.2089767 81.6934611 20 163.7876383
160 74.98675537 20 162.9449615 79.90132904 20 160.9265823 81.6934611 20 163.7876383
160 74.98675537 20 162.9449615 80.1322403 20 166.227356 81.6934611 20 163.7876383
43 85.27772522 20 169.5097504 85.04681396 20 164.2089767 81.6934611 20 163.7876383
43 85.27772522 20 169.5097504 80.1322403 20 166.227356 81.6934611 20 163.7876383
162 51.57639694 20 28.14720535 46.10487938 20 29.27105331 46.62025197 20 31.72970454
162 51.57639694 20 28.14720535 49.61369705 20 32.39710617 46.62025197 20 31.72970454
138 40.63336182 20 30.39490128 46.10487938 20 29.27105331 46.62025197 20 31.72970454
138 40.63336182 20 30.39490128 44.14217949 20 33.52095413 46.62025197 20 31.72970454
163 47.65099716 20 36.64700699 49.61369705 20 32.39710617 46.62025197 20 31.72970454
163 47.65099716 20 36.64700699 44.14217949 20 33.52095413 46.62025197 20 31.72970454
113 56.85445023 20 37.67863083 54.21542358 20 32.91291809 52.02728144 20 34.15761439
113 56.85445023 20 37.67863083 52.25272369 20 37.16281891 52.02728144 20 34.15761439
162 51.57639694 20 28.14720535 54.21542358 20 32.91291809 52.02728144 20 34.15761439
162 51.57639694 20 28.14720535 49.61369705 20 32.39710617 52.02728144 20 34.15761439
163 47.65099716 20 36.64700699 52.25272369 20 37.16281891 52.02728144 20 34.15761439
163 47.65099716 20 36.64700699 49.61369705 20 32.39710617 52.02728144 20 34.15761439
163 47.65099716 20 36.64700699 49.70848274 20 41.79010963 52.0904719 20 40.4196167
163 47.65099716 20 36.64700699 52.25272369 20 37.16281891 52.0904719 20 40.4196167
101 51.76596832 20 46.93321228 49.70848274 20 41.79010963 52.0904719 20 40.4196167
101 51.76596832 20 46.93321228 54.31020927 20 42.30592155 52.0904719 20 40.4196167
113 56.85445023 20 37.67863083 52.25272369 20 37.16281891 52.0904719 20 40.4196167
113 56.85445023 20 37.67863083 54.31020927 20 42.30592155 52.0904719 20 40.4196167
163 47.65099716 20 36.64700699 45.55822563 20 40.29508591 47.6274732 20 42.5077947
163 47.65099716 20 36.64700699 49.70848274 20 41.79010963 47.6274732 20 42.5077947
164 43.4654541 20 43.94316483 45.55822563 20 40.29508591 47.6274732 20 42.5077947
164 43.4654541 20 43.94316483 47.61571121 20 45.43818855 47.6274732 20 42.5077947
101 51.76596832 20 46.93321228 49.70848274 20 41.79010963 47.6274732 20 42.5077947
101 51.76596832 20 46.93321228 47.61571121 20 45.43818855 47.6274732 20 42.5077947
98 86.97924042 20 82.35746765 83.91254807 20 78.72473526 81.61782583 20 81.06905111
98 86.97924042 20 82.35746765 82.00381088 20 84.05757523 81.61782583 20 81.06905111
165 80.84585571 20 75.09200287 83.91254807 20 78.72473526 81.61782583 20 81.06905111
165 80.84585571 20 75.09200287 78.93711853 20 80.42484283 81.61782583 20 81.06905111
108 77.02838135 20 85.7576828 82.00381088 20 84.05757523 81.61782583 20 81.06905111
108 77.02838135 20 85.7576828 78.93711853 20 80.42484283 81.61782583 20 81.06905111
98 86.97924042 20 82.35746765 89.12857437 20 77.8507576 86.36766815 20 76.93117269
98 86.97924042 20 82.35746765 83.91254807 20 78.72473526 86.36766815 20 76.93117269
99 91.27790833 20 73.34404755 89.12857437 20 77.8507576 86.36766815 20 76.93117269
99 91.27790833 20 73.34404755 86.06188202 20 74.21802521 86.36766815 20 76.93117269
165 80.84585571 20 75.09200287 83.91254807 20 78.72473526 86.36766815 20 76.93117269
165 80.84585571 20 75.09200287 86.06188202 20 74.21802521 86.36766815 20 76.93117269
99 91.27790833 20 73.34404755 87.77032089 20 69.87776184 85.46216583 20 71.61584218
99 91.27790833 20 73.34404755 86.06188202 20 74.21802521 85.46216583 20 71.61584218
166 84.26273346 20 66.41147614 87.77032089 20 69.87776184 85.46216583 20 71.61584218
166 84.26273346 20 66.41147614 82.55429459 20 70.7517395 85.46216583 20 71.61584218
165 80.84585571 20 75.09200287 86.06188202 20 74.21802521 85.46216583 20 71.61584218
165 80.84585571 20 75.09200287 82.55429459 20 70.7517395 85.46216583 20 71.61584218
94 75.21970367 20 67.00991821 78.03277969 20 71.05096054 80.10943095 20 69.50446574
94 75.21970367 20 67.00991821 79.74121857 20 66.71069717 80.10943095 20 69.50446574
165 80.84585571 20 75.09200287 78.03277969 20 71.05096054 80.10943095 20 69.50446574
165 80.84585571 20 75.09200287 82.55429459 20 70.7517395 80.10943095 20 69.50446574
166 84.26273346 20 66.41147614 79.74121857 20 66.71069717 80.10943095 20 69.50446574
166 84.26273346 20 66.41147614 82.55429459 20 70.7517395 80.10943095 20 69.50446574
165 80.84585571 20 75.09200287 75.57650375 20 75.38171005 76.06046295 20 78.84036764
165 80.84585571 20 75.09200287 78.93711853 20 80.42484283 76.06046295 20 78.84036764
121 70.30715179 20 75.67141724 75.57650375 20 75.38171005 76.06046295 20 78.84036764
121 70.30715179 20 75.67141724 73.66776657 20 80.71455002 76.06046295 20 78.84036764
108 77.02838135 20 85.7576828 78.93711853 20 80.42484283 76.06046295 20 78.84036764
108 77.02838135 20 85.7576828 73.66776657 20 80.71455002 76.06046295 20 78.84036764
94 75.21970367 20 67.00991821 72.76342773 20 71.34066772 75.45757039 20 72.59111277
94 75.21970367 20 67.00991821 78.03277969 20 71.05096054 75.45757039 20 72.59111277
121 70.30715179 20 75.67141724 72.76342773 20 71.34066772 75.45757039 20 72.59111277
121 70.30715179 20 75.67141724 75.57650375 20 75.38171005 75.45757039 20 72.59111277
165 80.84585571 20 75.09200287 78.03277969 20 71.05096054 75.45757039 20 72.59111277
165 80.84585571 20 75.09200287 75.57650375 20 75.38171005 75.45757039 20 72.59111277
125 97.56747437 20 127.7311401 92.40629959 20 127.7792778 92.30285136 20 130.87456
125 97.56747437 20 127.7311401 94.83171463 20 132.3981323 92.30285136 20 130.87456
167 87.24512482 20 127.8274155 92.40629959 20 127.7792778 92.30285136 20 130.87456
167 87.24512482 20 127.8274155 89.67053986 20 132.44627 92.30285136 20 130.87456
126 92.0959549 20 137.0651245 94.83171463 20 132.3981323 92.30285136 20 130.87456
126 92.0959549 20 137.0651245 89.67053986 20 132.44627 92.30285136 20 130.87456
168 80.77075958 20 136.0491943 86.43335724 20 136.5571594 86.70394643 20 133.6472448
168 80.77075958 20 136.0491943 84.0079422 20 131.9383049 86.70394643 20 133.6472448
126 92.0959549 20 137.0651245 86.43335724 20 136.5571594 86.70394643 20 133.6472448
126 92.0959549 20 137.0651245 89.67053986 20 132.44627 86.70394643 20 133.6472448
167 87.24512482 20 127.8274155 84.0079422 20 131.9383049 86.70394643 20 133.6472448
167 87.24512482 20 127.8274155 89.67053986 20 132.44627 86.70394643 20 133.6472448
117 42.1639061 20 85.30944824 47.9984436 20 84.24103928 47.4111646 20 81.59481049
117 42.1639061 20 85.30944824 44.20025635 20 80.80590057 47.4111646 20 81.59481049
65 53.83298111 20 83.17263031 47.9984436 20 84.24103928 47.4111646 20 81.59481049
65 53.83298111 20 83.17263031 50.03479385 20 79.73749161 47.4111646 20 81.59481049
169 46.2366066 20 76.30235291 44.20025635 20 80.80590057 47.4111646 20 81.59481049
169 46.2366066 20 76.30235291 50.03479385 20 79.73749161 47.4111646 20 81.59481049
170 110 20 60 105.448143 20 64.84087372 106.9654287 20 66.56058248
170 110 20 60 110 20 65 106.9654287 20 66.56058248
171 100.896286 20 69.68174744 105.448143 20 64.84087372 106.9654287 20 66.56058248
171 100.896286 20 69.68174744 105.448143 20 69.84087372 106.9654287 20 66.56058248
95 110 20 70 110 20 65 106.9654287 20 66.56058248
95 110 20 70 105.448143 20 69.84087372 106.9654287 20 66.56058248
170 110 20 60 104.8307266 20 60.57585335 103.5192464 20 63.61115138
170 110 20 60 105.448143 20 64.84087372 103.5192464 20 63.61115138
172 99.66145325 20 61.1517067 104.8307266 20 60.57585335 103.5192464 20 63.61115138
172 99.66145325 20 61.1517067 100.2788696 20 65.41672707 103.5192464 20 63.61115138
171 100.896286 20 69.68174744 105.448143 20 64.84087372 103.5192464 20 63.61115138
171 100.896286 20 69.68174744 100.2788696 20 65.41672707 103.5192464 20 63.61115138
171 100.896286 20 69.68174744 100.4005737 20 74.2093277 103.6003825 20 72.80621847
171 100.896286 20 69.68174744 105.448143 20 69.84087372 103.6003825 20 72.80621847
96 99.90486145 20 78.73690796 100.4005737 20 74.2093277 103.6003825 20 72.80621847
96 99.90486145 20 78.73690796 104.9524307 20 74.36845398 103.6003825 20 72.80621847
95 110 20 70 105.448143 20 69.84087372 103.6003825 20 72.80621847
95 110 20 70 104.9524307 20 74.36845398 103.6003825 20 72.80621847
99 91.27790833 20 73.34404755 95.59138489 20 76.04047775 97.35968526 20 73.92090098
99 91.27790833 20 73.34404755 96.08709717 20 71.51289749 97.35968526 20 73.92090098
96 99.90486145 20 78.73690796 95.59138489 20 76.04047775 97.35968526 20 73.92090098
96 99.90486145 20 78.73690796 100.4005737 20 74.2093277 97.35968526 20 73.92090098
171 100.896286 20 69.68174744 96.08709717 20 71.51289749 97.35968526 20 73.92090098
171 100.896286 20 69.68174744 100.4005737 20 74.2093277 97.35968526 20 73.92090098
173 34.53167725 20 151.8820801 38.51213646 20 148.9797058 35.96940486 20 147.523763
173 34.53167725 20 151.8820801 32.70780945 20 148.2469788 35.96940486 20 147.523763
90 42.49259567 20 146.0773315 38.51213646 20 148.9797058 35.96940486 20 147.523763
90 42.49259567 20 146.0773315 36.68826866 20 145.3446045 35.96940486 20 147.523763
174 30.88394165 20 144.6118774 32.70780945 20 148.2469788 35.96940486 20 147.523763
174 30.88394165 20 144.6118774 36.68826866 20 145.3446045 35.96940486 20 147.523763
174 30.88394165 20 144.6118774 36.68826866 20 145.3446045 36.96323522 20 142.5049489
174 30.88394165 20 144.6118774 34.19855499 20 140.7187576 36.96323522 20 142.5049489
90 42.49259567 20 146.0773315 36.68826866 20 145.3446045 36.96323522 20 142.5049489
90 42.49259567 20 146.0773315 40.002882 20 141.4514847 36.96323522 20 142.5049489
128 37.51316833 20 136.8256378 34.19855499 20 140.7187576 36.96323522 20 142.5049489
128 37.51316833 20 136.8256378 40.002882 20 141.4514847 36.96323522 20 142.5049489
128 37.51316833 20 136.8256378 32.39071178 20 136.631752 31.88845507 20 139.2917938
128 37.51316833 20 136.8256378 34.19855499 20 140.7187576 31.88845507 20 139.2917938
142 27.26825523 20 136.4378662 32.39071178 20 136.631752 31.88845507 20 139.2917938
142 27.26825523 20 136.4378662 29.07609844 20 140.5248718 31.88845507 20 139.2917938
174 30.88394165 20 144.6118774 34.19855499 20 140.7187576 31.88845507 20 139.2917938
174 30.88394165 20 144.6118774 29.07609844 20 140.5248718 31.88845507 20 139.2917938
142 27.26825523 20 136.4378662 30.5027113 20 132.1228523 27.13393593 20 130.4272563
142 27.26825523 20 136.4378662 23.83232021 20 131.7369652 27.13393593 20 130.4272563
175 33.73716736 20 127.8078384 30.5027113 20 132.1228523 27.13393593 20 130.4272563
175 33.73716736 20 127.8078384 27.06677628 20 127.4219513 27.13393593 20 130.4272563
21 20.39638519 20 127.0360641 23.83232021 20 131.7369652 27.13393593 20 130.4272563
21 20.39638519 20 127.0360641 27.06677628 20 127.4219513 27.13393593 20 130.4272563
128 37.51316833 20 136.8256378 35.62516785 20 132.3167381 32.83953031 20 133.6904475
128 37.51316833 20 136.8256378 32.39071178 20 136.631752 32.83953031 20 133.6904475
175 33.73716736 20 127.8078384 35.62516785 20 132.3167381 32.83953031 20 133.6904475
175 33.73716736 20 127.8078384 30.5027113 20 132.1228523 32.83953031 20 133.6904475
142 27.26825523 20 136.4378662 32.39071178 20 136.631752 32.83953031 20 133.6904475
142 27.26825523 20 136.4378662 30.5027113 20 132.1228523 32.83953031 20 133.6904475
128 37.51316833 20 136.8256378 41.13693619 20 134.0326691 38.67034658 20 131.9577255
128 37.51316833 20 136.8256378 35.62516785 20 132.3167381 38.67034658 20 131.9577255
129 44.76070404 20 131.2397003 41.13693619 20 134.0326691 38.67034658 20 131.9577255
129 44.76070404 20 131.2397003 39.2489357 20 129.5237694 38.67034658 20 131.9577255
175 33.73716736 20 127.8078384 35.62516785 20 132.3167381 38.67034658 20 131.9577255
175 33.73716736 20 127.8078384 39.2489357 20 129.5237694 38.67034658 20 131.9577255
176 10 20 110 14.41721916 20 108.0755424 12.94481277 20 105.383695
176 10 20 110 10 20 105 12.94481277 20 105.383695
177 18.83443832 20 106.1510849 14.41721916 20 108.0755424 12.94481277 20 105.383695
177 18.83443832 20 106.1510849 14.41721916 20 103.0755424 12.94481277 20 105.383695
78 10 20 100 10 20 105 12.94481277 20 105.383695
78 10 20 100 14.41721916 20 103.0755424 12.94481277 20 105.383695
79 20.30636215 20 95.10887146 15.15318108 20 97.55443573 16.38026683 20 100.4199855
79 20.30636215 20 95.10887146 19.57040024 20 100.6299782 16.38026683 20 100.4199855
78 10 20 100 15.15318108 20 97.55443573 16.38026683 20 100.4199855
78 10 20 100 14.41721916 20 103.0755424 16.38026683 20 100.4199855
177 18.83443832 20 106.1510849 19.57040024 20 100.6299782 16.38026683 20 100.4199855
177 18.83443832 20 106.1510849 14.41721916 20 103.0755424 16.38026683 20 100.4199855
178 29.7313633 20 100.1858826 25.01886272 20 97.64737701 22.95738792 20 100.4819463
178 29.7313633 20 100.1858826 24.28290081 20 103.1684837 22.95738792 20 100.4819463
79 20.30636215 20 95.10887146 25.01886272 20 97.64737701 22.95738792 20 100.4819463
79 20.30636215 20 95.10887146 19.57040024 20 100.6299782 22.95738792 20 100.4819463
177 18.83443832 20 106.1510849 24.28290081 20 103.1684837 22.95738792 20 100.4819463
177 18.83443832 20 106.1510849 19.57040024 20 100.6299782 22.95738792 20 100.4819463
179 101.6772079 20 106.5141373 105.838604 20 108.2570686 107.225736 20 105.5047124
179 101.6772079 20 106.5141373 105.838604 20 103.2570686 107.225736 20 105.5047124
180 110 20 110 105.838604 20 108.2570686 107.225736 20 105.5047124
180 110 20 110 110 20 105 107.225736 20 105.5047124
68 110 20 100 105.838604 20 103.2570686 107.225736 20 105.5047124
68 110 20 100 110 20 105 107.225736 20 105.5047124
179 101.6772079 20 106.5141373 105.838604 20 103.2570686 103.7866694 20 100.4493612
179 101.6772079 20 106.5141373 100.6800041 20 100.6740417 103.7866694 20 100.4493612
68 110 20 100 105.838604 20 103.2570686 103.7866694 20 100.4493612
68 110 20 100 104.8414001 20 97.41697311 103.7866694 20 100.4493612
67 99.68280029 20 94.83394623 100.6800041 20 100.6740417 103.7866694 20 100.4493612
67 99.68280029 20 94.83394623 104.8414001 20 97.41697311 103.7866694 20 100.4493612
179 101.6772079 20 106.5141373 100.6800041 20 100.6740417 97.13342539 20 100.7178141
179 101.6772079 20 106.5141373 95.85873795 20 103.6597481 97.13342539 20 100.7178141
67 99.68280029 20 94.83394623 100.6800041 20 100.6740417 97.13342539 20 100.7178141
67 99.68280029 20 94.83394623 94.86153412 20 97.81965256 97.13342539 20 100.7178141
181 90.04026794 20 100.8053589 95.85873795 20 103.6597481 97.13342539 20 100.7178141
181 90.04026794 20 100.8053589 94.86153412 20 97.81965256 97.13342539 20 100.7178141
117 42.1639061 20 85.30944824 37.50075531 20 88.15540695 38.53885651 20 90.8302536
117 42.1639061 20 85.30944824 41.3894825 20 90.74469757 38.53885651 20 90.8302536
182 32.83760452 20 91.00136566 37.50075531 20 88.15540695 38.53885651 20 90.8302536
182 32.83760452 20 91.00136566 36.72633171 20 93.59065628 38.53885651 20 90.8302536
118 40.6150589 20 96.1799469 41.3894825 20 90.74469757 38.53885651 20 90.8302536
118 40.6150589 20 96.1799469 36.72633171 20 93.59065628 38.53885651 20 90.8302536
118 40.6150589 20 96.1799469 36.72633171 20 93.59065628 34.39467557 20 95.78906504
118 40.6150589 20 96.1799469 35.1732111 20 98.18291473 34.39467557 20 95.78906504
182 32.83760452 20 91.00136566 36.72633171 20 93.59065628 34.39467557 20 95.78906504
182 32.83760452 20 91.00136566 31.28448391 20 95.59362411 34.39467557 20 95.78906504
178 29.7313633 20 100.1858826 35.1732111 20 98.18291473 34.39467557 20 95.78906504
178 29.7313633 20 100.1858826 31.28448391 20 95.59362411 34.39467557 20 95.78906504
178 29.7313633 20 100.1858826 31.28448391 20 95.59362411 27.62510999 20 95.4320399
178 29.7313633 20 100.1858826 25.01886272 20 97.64737701 27.62510999 20 95.4320399
182 32.83760452 20 91.00136566 31.28448391 20 95.59362411 27.62510999 20 95.4320399
182 32.83760452 20 91.00136566 26.57198334 20 93.05511856 27.62510999 20 95.4320399
79 20.30636215 20 95.10887146 25.01886272 20 97.64737701 27.62510999 20 95.4320399
79 20.30636215 20 95.10887146 26.57198334 20 93.05511856 27.62510999 20 95.4320399
107 24.60689735 20 87.19275665 22.45662975 20 91.15081406 25.91695468 20 91.10099792
107 24.60689735 20 87.19275665 28.72225094 20 89.09706116 25.91695468 20 91.10099792
79 20.30636215 20 95.10887146 22.45662975 20 91.15081406 25.91695468 20 91.10099792
79 20.30636215 20 95.10887146 26.57198334 20 93.05511856 25.91695468 20 91.10099792
182 32.83760452 20 91.00136566 28.72225094 20 89.09706116 25.91695468 20 91.10099792
182 32.83760452 20 91.00136566 26.57198334 20 93.05511856 25.91695468 20 91.10099792
106 30.79657936 20 81.28424835 31.81709194 20 86.14280701 35.26602999 20 85.86502075
106 30.79657936 20 81.28424835 36.48024273 20 83.2968483 35.26602999 20 85.86502075
182 32.83760452 20 91.00136566 31.81709194 20 86.14280701 35.26602999 20 85.86502075
182 32.83760452 20 91.00136566 37.50075531 20 88.15540695 35.26602999 20 85.86502075
117 42.1639061 20 85.30944824 36.48024273 20 83.2968483 35.26602999 20 85.86502075
117 42.1639061 20 85.30944824 37.50075531 20 88.15540695 35.26602999 20 85.86502075
107 24.60689735 20 87.19275665 28.72225094 20 89.09706116 29.41369375 20 86.49279022
107 24.60689735 20 87.19275665 27.70173836 20 84.2385025 29.41369375 20 86.49279022
182 32.83760452 20 91.00136566 28.72225094 20 89.09706116 29.41369375 20 86.49279022
182 32.83760452 20 91.00136566 31.81709194 20 86.14280701 29.41369375 20 86.49279022
106 30.79657936 20 81.28424835 27.70173836 20 84.2385025 29.41369375 20 86.49279022
106 30.79657936 20 81.28424835 31.81709194 20 86.14280701 29.41369375 20 86.49279022
183 18.98292923 20 69.40309906 14.49146461 20 64.70154953 12.99430974 20 66.46769969
183 18.98292923 20 69.40309906 14.49146461 20 69.70154953 12.99430974 20 66.46769969
184 10 20 60 14.49146461 20 64.70154953 12.99430974 20 66.46769969
184 10 20 60 10 20 65 12.99430974 20 66.46769969
104 10 20 70 14.49146461 20 69.70154953 12.99430974 20 66.46769969
104 10 20 70 10 20 65 12.99430974 20 66.46769969
183 18.98292923 20 69.40309906 20.89528465 20 65.70207596 17.2635231 20 63.80138397
183 18.98292923 20 69.40309906 14.49146461 20 64.70154953 17.2635231 20 63.80138397
114 22.80764008 20 62.00105286 20.89528465 20 65.70207596 17.2635231 20 63.80138397
114 22.80764008 20 62.00105286 16.40382004 20 61.00052643 17.2635231 20 63.80138397
184 10 20 60 14.49146461 20 64.70154953 17.2635231 20 63.80138397
184 10 20 60 16.40382004 20 61.00052643 17.2635231 20 63.80138397
114 22.80764008 20 62.00105286 20.89528465 20 65.70207596 23.22576141 20 67.71585083
114 22.80764008 20 62.00105286 25.34717751 20 66.87222672 23.22576141 20 67.71585083
183 18.98292923 20 69.40309906 20.89528465 20 65.70207596 23.22576141 20 67.71585083
183 18.98292923 20 69.40309906 23.43482208 20 70.57324982 23.22576141 20 67.71585083
105 27.88671494 20 71.74340057 25.34717751 20 66.87222672 23.22576141 20 67.71585083
105 27.88671494 20 71.74340057 23.43482208 20 70.57324982 23.22576141 20 67.71585083
103 19.95947075 20 78.35272217 19.47119999 20 73.87791061 16.31413333 20 72.58527374
103 19.95947075 20 78.35272217 14.97973537 20 74.17636108 16.31413333 20 72.58527374
183 18.98292923 20 69.40309906 19.47119999 20 73.87791061 16.31413333 20 72.58527374
183 18.98292923 20 69.40309906 14.49146461 20 69.70154953 16.31413333 20 72.58527374
104 10 20 70 14.97973537 20 74.17636108 16.31413333 20 72.58527374
104 10 20 70 14.49146461 20 69.70154953 16.31413333 20 72.58527374
183 18.98292923 20 69.40309906 19.47119999 20 73.87791061 22.27637164 20 73.16640727
183 18.98292923 20 69.40309906 23.43482208 20 70.57324982 22.27637164 20 73.16640727
103 19.95947075 20 78.35272217 19.47119999 20 73.87791061 22.27637164 20 73.16640727
103 19.95947075 20 78.35272217 23.92309284 20 75.04806137 22.27637164 20 73.16640727
105 27.88671494 20 71.74340057 23.43482208 20 70.57324982 22.27637164 20 73.16640727
105 27.88671494 20 71.74340057 23.92309284 20 75.04806137 22.27637164 20 73.16640727
33 34.3315773 20 169.2778778 34.38481712 20 164.6181946 31.65483983 20 163.4972738
33 34.3315773 20 169.2778778 30.26323128 20 165.266655 31.65483983 20 163.4972738
185 34.43805695 20 159.9585114 34.38481712 20 164.6181946 31.65483983 20 163.4972738
185 34.43805695 20 159.9585114 30.3164711 20 160.6069717 31.65483983 20 163.4972738
83 26.19488525 20 161.2554321 30.26323128 20 165.266655 31.65483983 20 163.4972738
83 26.19488525 20 161.2554321 30.3164711 20 160.6069717 31.65483983 20 163.4972738
33 34.3315773 20 169.2778778 38.82662773 20 165.8503571 37.3637708 20 163.8864085
33 34.3315773 20 169.2778778 34.38481712 20 164.6181946 37.3637708 20 163.8864085
135 43.32167816 20 162.4228363 38.82662773 20 165.8503571 37.3637708 20 163.8864085
135 43.32167816 20 162.4228363 38.87986755 20 161.1906738 37.3637708 20 163.8864085
185 34.43805695 20 159.9585114 34.38481712 20 164.6181946 37.3637708 20 163.8864085
185 34.43805695 20 159.9585114 38.87986755 20 161.1906738 37.3637708 20 163.8864085
186 77.78622437 20 154.0525665 81.08516693 20 152.8884964 79.58992004 20 150.6466675
186 77.78622437 20 154.0525665 77.19282532 20 150.1077881 79.58992004 20 150.6466675
187 84.3841095 20 151.7244263 81.08516693 20 152.8884964 79.58992004 20 150.6466675
187 84.3841095 20 151.7244263 80.49176788 20 148.943718 79.58992004 20 150.6466675
58 76.59942627 20 146.1630096 77.19282532 20 150.1077881 79.58992004 20 150.6466675
58 76.59942627 20 146.1630096 80.49176788 20 148.943718 79.58992004 20 150.6466675
186 77.78622437 20 154.0525665 77.19282532 20 150.1077881 74.74342092 20 151.3862356
186 77.78622437 20 154.0525665 73.81541824 20 153.9978485 74.74342092 20 151.3862356
58 76.59942627 20 146.1630096 77.19282532 20 150.1077881 74.74342092 20 151.3862356
58 76.59942627 20 146.1630096 73.2220192 20 150.0530701 74.74342092 20 151.3862356
57 69.84461212 20 153.9431305 73.81541824 20 153.9978485 74.74342092 20 151.3862356
57 69.84461212 20 153.9431305 73.2220192 20 150.0530701 74.74342092 20 151.3862356
57 69.84461212 20 153.9431305 72.41568375 20 158.444046 74.20586395 20 156.9802195
57 69.84461212 20 153.9431305 73.81541824 20 153.9978485 74.20586395 20 156.9802195
160 74.98675537 20 162.9449615 72.41568375 20 158.444046 74.20586395 20 156.9802195
160 74.98675537 20 162.9449615 76.38648987 20 158.498764 74.20586395 20 156.9802195
186 77.78622437 20 154.0525665 73.81541824 20 153.9978485 74.20586395 20 156.9802195
186 77.78622437 20 154.0525665 76.38648987 20 158.498764 74.20586395 20 156.9802195
186 77.78622437 20 154.0525665 76.38648987 20 158.498764 79.19629415 20 158.6352437
186 77.78622437 20 154.0525665 81.30106354 20 156.4803848 79.19629415 20 158.6352437
160 74.98675537 20 162.9449615 76.38648987 20 158.498764 79.19629415 20 158.6352437
160 74.98675537 20 162.9449615 79.90132904 20 160.9265823 79.19629415 20 158.6352437
161 84.81590271 20 158.9082031 81.30106354 20 156.4803848 79.19629415 20 158.6352437
161 84.81590271 20 158.9082031 79.90132904 20 160.9265823 79.19629415 20 158.6352437
187 84.3841095 20 151.7244263 81.08516693 20 152.8884964 82.32874552 20 154.8950653
187 84.3841095 20 151.7244263 84.6000061 20 155.3163147 82.32874552 20 154.8950653
186 77.78622437 20 154.0525665 81.08516693 20 152.8884964 82.32874552 20 154.8950653
186 77.78622437 20 154.0525665 81.30106354 20 156.4803848 82.32874552 20 154.8950653
161 84.81590271 20 158.9082031 84.6000061 20 155.3163147 82.32874552 20 154.8950653
161 84.81590271 20 158.9082031 81.30106354 20 156.4803848 82.32874552 20 154.8950653
106 30.79657936 20 81.28424835 36.48024273 20 83.2968483 36.79512978 20 80.2510732
106 30.79657936 20 81.28424835 34.11074162 20 77.72188568 36.79512978 20 80.2510732
117 42.1639061 20 85.30944824 36.48024273 20 83.2968483 36.79512978 20 80.2510732
117 42.1639061 20 85.30944824 39.79440498 20 79.73448563 36.79512978 20 80.2510732
188 37.42490387 20 74.15952301 34.11074162 20 77.72188568 36.79512978 20 80.2510732
188 37.42490387 20 74.15952301 39.79440498 20 79.73448563 36.79512978 20 80.2510732
105 27.88671494 20 71.74340057 29.34164715 20 76.51382446 32.03606606 20 75.72905731
105 27.88671494 20 71.74340057 32.6558094 20 72.95146179 32.03606606 20 75.72905731
106 30.79657936 20 81.28424835 29.34164715 20 76.51382446 32.03606606 20 75.72905731
106 30.79657936 20 81.28424835 34.11074162 20 77.72188568 32.03606606 20 75.72905731
188 37.42490387 20 74.15952301 32.6558094 20 72.95146179 32.03606606 20 75.72905731
188 37.42490387 20 74.15952301 34.11074162 20 77.72188568 32.03606606 20 75.72905731
105 27.88671494 20 71.74340057 32.6558094 20 72.95146179 33.12196477 20 70.00393677
105 27.88671494 20 71.74340057 30.97049522 20 67.92614365 33.12196477 20 70.00393677
188 37.42490387 20 74.15952301 32.6558094 20 72.95146179 33.12196477 20 70.00393677
188 37.42490387 20 74.15952301 35.73958969 20 69.13420486 33.12196477 20 70.00393677
115 34.05427551 20 64.10888672 30.97049522 20 67.92614365 33.12196477 20 70.00393677
115 34.05427551 20 64.10888672 35.73958969 20 69.13420486 33.12196477 20 70.00393677
115 34.05427551 20 64.10888672 35.73958969 20 69.13420486 38.86532593 20 68.46425374
115 34.05427551 20 64.10888672 39.58553696 20 65.61661911 38.86532593 20 68.46425374
188 37.42490387 20 74.15952301 35.73958969 20 69.13420486 38.86532593 20 68.46425374
188 37.42490387 20 74.15952301 41.27085114 20 70.64193726 38.86532593 20 68.46425374
62 45.1167984 20 67.1243515 39.58553696 20 65.61661911 38.86532593 20 68.46425374
62 45.1167984 20 67.1243515 41.27085114 20 70.64193726 38.86532593 20 68.46425374
188 37.42490387 20 74.15952301 39.79440498 20 79.73448563 41.94180552 20 78.59044139
188 37.42490387 20 74.15952301 41.83075523 20 75.23093796 41.94180552 20 78.59044139
117 42.1639061 20 85.30944824 39.79440498 20 79.73448563 41.94180552 20 78.59044139
117 42.1639061 20 85.30944824 44.20025635 20 80.80590057 41.94180552 20 78.59044139
169 46.2366066 20 76.30235291 41.83075523 20 75.23093796 41.94180552 20 78.59044139
169 46.2366066 20 76.30235291 44.20025635 20 80.80590057 41.94180552 20 78.59044139
62 45.1167984 20 67.1243515 41.27085114 20 70.64193726 42.92610296 20 72.52874247
62 45.1167984 20 67.1243515 45.6767025 20 71.7133522 42.92610296 20 72.52874247
188 37.42490387 20 74.15952301 41.27085114 20 70.64193726 42.92610296 20 72.52874247
188 37.42490387 20 74.15952301 41.83075523 20 75.23093796 42.92610296 20 72.52874247
169 46.2366066 20 76.30235291 45.6767025 20 71.7133522 42.92610296 20 72.52874247
169 46.2366066 20 76.30235291 41.83075523 20 75.23093796 42.92610296 20 72.52874247
110 79.49124908 20 95.73818207 83.68657303 20 94.01054764 81.4671758 20 91.25959269
110 79.49124908 20 95.73818207 78.25981522 20 90.74793243 81.4671758 20 91.25959269
189 87.88189697 20 92.28291321 83.68657303 20 94.01054764 81.4671758 20 91.25959269
189 87.88189697 20 92.28291321 82.45513916 20 89.020298 81.4671758 20 91.25959269
108 77.02838135 20 85.7576828 78.25981522 20 90.74793243 81.4671758 20 91.25959269
108 77.02838135 20 85.7576828 82.45513916 20 89.020298 81.4671758 20 91.25959269
181 90.04026794 20 100.8053589 88.96108246 20 96.54413605 85.80447133 20 96.27548472
181 90.04026794 20 100.8053589 84.76575851 20 98.27177048 85.80447133 20 96.27548472
189 87.88189697 20 92.28291321 88.96108246 20 96.54413605 85.80447133 20 96.27548472
189 87.88189697 20 92.28291321 83.68657303 20 94.01054764 85.80447133 20 96.27548472
110 79.49124908 20 95.73818207 84.76575851 20 98.27177048 85.80447133 20 96.27548472
110 79.49124908 20 95.73818207 83.68657303 20 94.01054764 85.80447133 20 96.27548472
181 90.04026794 20 100.8053589 94.86153412 20 97.81965256 92.5349884 20 95.97407277
181 90.04026794 20 100.8053589 88.96108246 20 96.54413605 92.5349884 20 95.97407277
67 99.68280029 20 94.83394623 94.86153412 20 97.81965256 92.5349884 20 95.97407277
67 99.68280029 20 94.83394623 93.78234863 20 93.55842972 92.5349884 20 95.97407277
189 87.88189697 20 92.28291321 88.96108246 20 96.54413605 92.5349884 20 95.97407277
189 87.88189697 20 92.28291321 93.78234863 20 93.55842972 92.5349884 20 95.97407277
67 99.68280029 20 94.83394623 97.4499588 20 91.30018997 94.26060486 20 91.62776438
67 99.68280029 20 94.83394623 93.78234863 20 93.55842972 94.26060486 20 91.62776438
100 95.21711731 20 87.76643372 97.4499588 20 91.30018997 94.26060486 20 91.62776438
100 95.21711731 20 87.76643372 91.54950714 20 90.02467346 94.26060486 20 91.62776438
189 87.88189697 20 92.28291321 93.78234863 20 93.55842972 94.26060486 20 91.62776438
189 87.88189697 20 92.28291321 91.54950714 20 90.02467346 94.26060486 20 91.62776438
108 77.02838135 20 85.7576828 82.45513916 20 89.020298 83.96317291 20 86.79935455
108 77.02838135 20 85.7576828 82.00381088 20 84.05757523 83.96317291 20 86.79935455
189 87.88189697 20 92.28291321 82.45513916 20 89.020298 83.96317291 20 86.79935455
189 87.88189697 20 92.28291321 87.4305687 20 87.32019043 83.96317291 20 86.79935455
98 86.97924042 20 82.35746765 82.00381088 20 84.05757523 83.96317291 20 86.79935455
98 86.97924042 20 82.35746765 87.4305687 20 87.32019043 83.96317291 20 86.79935455
189 87.88189697 20 92.28291321 91.54950714 20 90.02467346 90.0260849 20 87.46893819
189 87.88189697 20 92.28291321 87.4305687 20 87.32019043 90.0260849 20 87.46893819
100 95.21711731 20 87.76643372 91.54950714 20 90.02467346 90.0260849 20 87.46893819
100 95.21711731 20 87.76643372 91.09817886 20 85.06195068 90.0260849 20 87.46893819
98 86.97924042 20 82.35746765 87.4305687 20 87.32019043 90.0260849 20 87.46893819
98 86.97924042 20 82.35746765 91.09817886 20 85.06195068 90.0260849 20 87.46893819
190 110 20 50 106.3184929 20 52.39634132 107.5456619 20 54.93089422
190 110 20 50 110 20 55 107.5456619 20 54.93089422
191 102.6369858 20 54.79268265 106.3184929 20 52.39634132 107.5456619 20 54.93089422
191 102.6369858 20 54.79268265 106.3184929 20 57.39634132 107.5456619 20 54.93089422
170 110 20 60 110 20 55 107.5456619 20 54.93089422
170 110 20 60 106.3184929 20 57.39634132 107.5456619 20 54.93089422
191 102.6369858 20 54.79268265 106.3184929 20 52.39634132 103.5556946 20 51.10868327
191 102.6369858 20 54.79268265 100.3335419 20 51.6630249 103.5556946 20 51.10868327
190 110 20 50 106.3184929 20 52.39634132 103.5556946 20 51.10868327
190 110 20 50 104.015049 20 49.26668358 103.5556946 20 51.10868327
192 98.03009796 20 48.53336716 100.3335419 20 51.6630249 103.5556946 20 51.10868327
192 98.03009796 20 48.53336716 104.015049 20 49.26668358 103.5556946 20 51.10868327
172 99.66145325 20 61.1517067 104.8307266 20 60.57585335 104.0994797 20 58.64812978
172 99.66145325 20 61.1517067 101.1492195 20 57.97219467 104.0994797 20 58.64812978
170 110 20 60 104.8307266 20 60.57585335 104.0994797 20 58.64812978
170 110 20 60 106.3184929 20 57.39634132 104.0994797 20 58.64812978
191 102.6369858 20 54.79268265 101.1492195 20 57.97219467 104.0994797 20 58.64812978
191 102.6369858 20 54.79268265 106.3184929 20 57.39634132 104.0994797 20 58.64812978
193 73.57920837 20 37.18449783 78.13764572 20 39.22144318 78.48065186 20 36.42540677
193 73.57920837 20 37.18449783 76.37293625 20 34.0089159 78.48065186 20 36.42540677
194 82.69608307 20 41.25838852 78.13764572 20 39.22144318 78.48065186 20 36.42540677
194 82.69608307 20 41.25838852 80.9313736 20 36.04586124 78.48065186 20 36.42540677
130 79.16666412 20 30.83333397 76.37293625 20 34.0089159 78.48065186 20 36.42540677
130 79.16666412 20 30.83333397 80.9313736 20 36.04586124 78.48065186 20 36.42540677
193 73.57920837 20 37.18449783 73.15539932 20 41.2990284 76.33562724 20 41.28548177
193 73.57920837 20 37.18449783 78.13764572 20 39.22144318 76.33562724 20 41.28548177
195 72.73159027 20 45.41355896 73.15539932 20 41.2990284 76.33562724 20 41.28548177
195 72.73159027 20 45.41355896 77.71383667 20 43.33597374 76.33562724 20 41.28548177
194 82.69608307 20 41.25838852 78.13764572 20 39.22144318 76.33562724 20 41.28548177
194 82.69608307 20 41.25838852 77.71383667 20 43.33597374 76.33562724 20 41.28548177
193 73.57920837 20 37.18449783 76.37293625 20 34.0089159 73.81105804 20 33.03903516
193 73.57920837 20 37.18449783 71.133255 20 34.14188576 73.81105804 20 33.03903516
130 79.16666412 20 30.83333397 76.37293625 20 34.0089159 73.81105804 20 33.03903516
130 79.16666412 20 30.83333397 73.92698288 20 30.96630383 73.81105804 20 33.03903516
132 68.68730164 20 31.09927368 71.133255 20 34.14188576 73.81105804 20 33.03903516
132 68.68730164 20 31.09927368 73.92698288 20 30.96630383 73.81105804 20 33.03903516
196 101.3815994 20 41.0361824 105.6907997 20 45.5180912 107.1271998 20 43.67872747
196 101.3815994 20 41.0361824 105.6907997 20 40.5180912 107.1271998 20 43.67872747
190 110 20 50 105.6907997 20 45.5180912 107.1271998 20 43.67872747
190 110 20 50 110 20 45 107.1271998 20 43.67872747
154 110 20 40 105.6907997 20 40.5180912 107.1271998 20 43.67872747
154 110 20 40 110 20 45 107.1271998 20 43.67872747
196 101.3815994 20 41.0361824 99.70584869 20 44.78477478 103.1372325 20 46.52318319
196 101.3815994 20 41.0361824 105.6907997 20 45.5180912 103.1372325 20 46.52318319
192 98.03009796 20 48.53336716 99.70584869 20 44.78477478 103.1372325 20 46.52318319
192 98.03009796 20 48.53336716 104.015049 20 49.26668358 103.1372325 20 46.52318319
190 110 20 50 105.6907997 20 45.5180912 103.1372325 20 46.52318319
190 110 20 50 104.015049 20 49.26668358 103.1372325 20 46.52318319
196 101.3815994 20 41.0361824 105.6907997 20 40.5180912 104.7376989 20 37.84077199
196 101.3815994 20 41.0361824 102.1065483 20 36.76115799 104.7376989 20 37.84077199
154 110 20 40 105.6907997 20 40.5180912 104.7376989 20 37.84077199
154 110 20 40 106.4157486 20 36.24306679 104.7376989 20 37.84077199
153 102.8314972 20 32.48613358 102.1065483 20 36.76115799 104.7376989 20 37.84077199
153 102.8314972 20 32.48613358 106.4157486 20 36.24306679 104.7376989 20 37.84077199
197 95.07770538 20 34.49476624 98.2296524 20 37.76547432 99.76360067 20 36.00569407
197 95.07770538 20 34.49476624 98.95460129 20 33.49044991 99.76360067 20 36.00569407
196 101.3815994 20 41.0361824 98.2296524 20 37.76547432 99.76360067 20 36.00569407
196 101.3815994 20 41.0361824 102.1065483 20 36.76115799 99.76360067 20 36.00569407
153 102.8314972 20 32.48613358 98.95460129 20 33.49044991 99.76360067 20 36.00569407
153 102.8314972 20 32.48613358 102.1065483 20 36.76115799 99.76360067 20 36.00569407
198 10 20 50 14.23942947 20 45.56559563 12.82628632 20 43.71039708
198 10 20 50 10 20 45 12.82628632 20 43.71039708
199 18.47885895 20 41.13119125 14.23942947 20 45.56559563 12.82628632 20 43.71039708
199 18.47885895 20 41.13119125 14.23942947 20 40.56559563 12.82628632 20 43.71039708
155 10 20 40 10 20 45 12.82628632 20 43.71039708
155 10 20 40 14.23942947 20 40.56559563 12.82628632 20 43.71039708
198 10 20 50 16.48704147 20 49.0624218 17.15098063 20 46.41867828
198 10 20 50 14.23942947 20 45.56559563 17.15098063 20 46.41867828
200 22.97408295 20 48.1248436 16.48704147 20 49.0624218 17.15098063 20 46.41867828
200 22.97408295 20 48.1248436 20.72647095 20 44.62801743 17.15098063 20 46.41867828
199 18.47885895 20 41.13119125 14.23942947 20 45.56559563 17.15098063 20 46.41867828
199 18.47885895 20 41.13119125 20.72647095 20 44.62801743 17.15098063 20 46.41867828
199 18.47885895 20 41.13119125 17.81240654 20 36.79421425 15.20827103 20 37.8628095
199 18.47885895 20 41.13119125 14.23942947 20 40.56559563 15.20827103 20 37.8628095
156 17.14595413 20 32.45723724 17.81240654 20 36.79421425 15.20827103 20 37.8628095
156 17.14595413 20 32.45723724 13.57297707 20 36.22861862 15.20827103 20 37.8628095
155 10 20 40 14.23942947 20 40.56559563 15.20827103 20 37.8628095
155 10 20 40 13.57297707 20 36.22861862 15.20827103 20 37.8628095
156 17.14595413 20 32.45723724 17.81240654 20 36.79421425 20.13726552 20 35.96994019
156 17.14595413 20 32.45723724 20.96646881 20 33.38931465 20.13726552 20 35.96994019
199 18.47885895 20 41.13119125 17.81240654 20 36.79421425 20.13726552 20 35.96994019
199 18.47885895 20 41.13119125 21.63292122 20 37.72629166 20.13726552 20 35.96994019
201 24.78698349 20 34.32139206 20.96646881 20 33.38931465 20.13726552 20 35.96994019
201 24.78698349 20 34.32139206 21.63292122 20 37.72629166 20.13726552 20 35.96994019
184 10 20 60 13.6716423 20 57.31748772 12.44776154 20 54.87832514
184 10 20 60 10 20 55 12.44776154 20 54.87832514
202 17.34328461 20 54.63497543 13.6716423 20 57.31748772 12.44776154 20 54.87832514
202 17.34328461 20 54.63497543 13.6716423 20 52.31748772 12.44776154 20 54.87832514
198 10 20 50 10 20 55 12.44776154 20 54.87832514
198 10 20 50 13.6716423 20 52.31748772 12.44776154 20 54.87832514
198 10 20 50 13.6716423 20 52.31748772 16.77245585 20 50.91993968
198 10 20 50 16.48704147 20 49.0624218 16.77245585 20 50.91993968
202 17.34328461 20 54.63497543 13.6716423 20 52.31748772 16.77245585 20 50.91993968
202 17.34328461 20 54.63497543 20.15868378 20 51.37990952 16.77245585 20 50.91993968
200 22.97408295 20 48.1248436 16.48704147 20 49.0624218 16.77245585 20 50.91993968
200 22.97408295 20 48.1248436 20.15868378 20 51.37990952 16.77245585 20 50.91993968
202 17.34328461 20 54.63497543 13.6716423 20 57.31748772 16.71697489 20 58.8786761
202 17.34328461 20 54.63497543 20.07546234 20 58.31801414 16.71697489 20 58.8786761
184 10 20 60 13.6716423 20 57.31748772 16.71697489 20 58.8786761
184 10 20 60 16.40382004 20 61.00052643 16.71697489 20 58.8786761
114 22.80764008 20 62.00105286 20.07546234 20 58.31801414 16.71697489 20 58.8786761
114 22.80764008 20 62.00105286 16.40382004 20 61.00052643 16.71697489 20 58.8786761
203 15.87541199 20 145 12.93770599 20 142.5 11.95847066 20 145
203 15.87541199 20 145 12.93770599 20 147.5 11.95847066 20 145
141 10 20 140 12.93770599 20 142.5 11.95847066 20 145
141 10 20 140 10 20 145 11.95847066 20 145
30 10 20 150 12.93770599 20 147.5 11.95847066 20 145
30 10 20 150 10 20 145 11.95847066 20 145
140 17.83411407 20 135.5963135 13.91705704 20 137.7981567 14.56984202 20 140.1987712
140 17.83411407 20 135.5963135 16.85476303 20 140.2981567 14.56984202 20 140.1987712
141 10 20 140 13.91705704 20 137.7981567 14.56984202 20 140.1987712
141 10 20 140 12.93770599 20 142.5 14.56984202 20 140.1987712
203 15.87541199 20 145 16.85476303 20 140.2981567 14.56984202 20 140.1987712
203 15.87541199 20 145 12.93770599 20 142.5 14.56984202 20 140.1987712
124 110 20 140 107.0801315 20 142.5 108.053421 20 145
124 110 20 140 110 20 145 108.053421 20 145
204 104.1602631 20 145 107.0801315 20 142.5 108.053421 20 145
204 104.1602631 20 145 107.0801315 20 147.5 108.053421 20 145
39 110 20 150 110 20 145 108.053421 20 145
39 110 20 150 107.0801315 20 147.5 108.053421 20 145
204 104.1602631 20 145 103.4318428 20 150.3158569 105.6212285 20 150.2105713
204 104.1602631 20 145 107.0801315 20 147.5 105.6212285 20 150.2105713
40 102.7034225 20 155.6317139 103.4318428 20 150.3158569 105.6212285 20 150.2105713
40 102.7034225 20 155.6317139 106.3517113 20 152.8158569 105.6212285 20 150.2105713
39 110 20 150 107.0801315 20 147.5 105.6212285 20 150.2105713
39 110 20 150 106.3517113 20 152.8158569 105.6212285 20 150.2105713
40 102.7034225 20 155.6317139 103.4318428 20 150.3158569 101.5202077 20 149.9314677
40 102.7034225 20 155.6317139 100.2001801 20 152.3972015 101.5202077 20 149.9314677
204 104.1602631 20 145 103.4318428 20 150.3158569 101.5202077 20 149.9314677
204 104.1602631 20 145 100.9286003 20 147.0813446 101.5202077 20 149.9314677
205 97.69693756 20 149.1626892 100.2001801 20 152.3972015 101.5202077 20 149.9314677
205 97.69693756 20 149.1626892 100.9286003 20 147.0813446 101.5202077 20 149.9314677
124 110 20 140 105.838253 20 138.1272049 105.278923 20 140.4181366
124 110 20 140 107.0801315 20 142.5 105.278923 20 140.4181366
123 101.676506 20 136.2544098 105.838253 20 138.1272049 105.278923 20 140.4181366
123 101.676506 20 136.2544098 102.9183846 20 140.6272049 105.278923 20 140.4181366
204 104.1602631 20 145 107.0801315 20 142.5 105.278923 20 140.4181366
204 104.1602631 20 145 102.9183846 20 140.6272049 105.278923 20 140.4181366
63 59.59315872 20 95.37858582 58.3097229 20 100.5720787 60.68660482 20 101.1061045
63 59.59315872 20 95.37858582 62.51676369 20 98.776371 60.68660482 20 101.1061045
206 57.02628708 20 105.7655716 58.3097229 20 100.5720787 60.68660482 20 101.1061045
206 57.02628708 20 105.7655716 61.23332787 20 103.9698639 60.68660482 20 101.1061045
207 65.44036865 20 102.1741562 62.51676369 20 98.776371 60.68660482 20 101.1061045
207 65.44036865 20 102.1741562 61.23332787 20 103.9698639 60.68660482 20 101.1061045
207 65.44036865 20 102.1741562 67.61051941 20 98.40084457 64.93806585 20 97.39342499
207 65.44036865 20 102.1741562 62.51676369 20 98.776371 64.93806585 20 97.39342499
109 69.78067017 20 94.62753296 67.61051941 20 98.40084457 64.93806585 20 97.39342499
109 69.78067017 20 94.62753296 64.68691444 20 95.00305939 64.93806585 20 97.39342499
63 59.59315872 20 95.37858582 62.51676369 20 98.776371 64.93806585 20 97.39342499
63 59.59315872 20 95.37858582 64.68691444 20 95.00305939 64.93806585 20 97.39342499
109 69.78067017 20 94.62753296 67.61051941 20 98.40084457 69.43621318 20 100.1333262
109 69.78067017 20 94.62753296 71.43413544 20 99.11291122 69.43621318 20 100.1333262
207 65.44036865 20 102.1741562 67.61051941 20 98.40084457 69.43621318 20 100.1333262
207 65.44036865 20 102.1741562 69.26398468 20 102.8862228 69.43621318 20 100.1333262
111 73.08760071 20 103.5982895 71.43413544 20 99.11291122 69.43621318 20 100.1333262
111 73.08760071 20 103.5982895 69.26398468 20 102.8862228 69.43621318 20 100.1333262
162 51.57639694 20 28.14720535 48.34368515 20 25.56591415 45.77357737 20 27.17557653
162 51.57639694 20 28.14720535 46.10487938 20 29.27105331 45.77357737 20 27.17557653
208 45.11097336 20 22.98462296 48.34368515 20 25.56591415 45.77357737 20 27.17557653
208 45.11097336 20 22.98462296 42.87216759 20 26.68976212 45.77357737 20 27.17557653
138 40.63336182 20 30.39490128 46.10487938 20 29.27105331 45.77357737 20 27.17557653
138 40.63336182 20 30.39490128 42.87216759 20 26.68976212 45.77357737 20 27.17557653
138 40.63336182 20 30.39490128 42.87216759 20 26.68976212 40.83360418 20 24.83011627
138 40.63336182 20 30.39490128 38.69491959 20 25.75286293 40.83360418 20 24.83011627
208 45.11097336 20 22.98462296 42.87216759 20 26.68976212 40.83360418 20 24.83011627
208 45.11097336 20 22.98462296 40.93372536 20 22.04772377 40.83360418 20 24.83011627
51 36.75647736 20 21.11082458 38.69491959 20 25.75286293 40.83360418 20 24.83011627
51 36.75647736 20 21.11082458 40.93372536 20 22.04772377 40.83360418 20 24.83011627
51 36.75647736 20 21.11082458 40.93372536 20 22.04772377 42.15518188 20 19.88218594
51 36.75647736 20 21.11082458 40.67728615 20 18.33096743 42.15518188 20 19.88218594
208 45.11097336 20 22.98462296 40.93372536 20 22.04772377 42.15518188 20 19.88218594
208 45.11097336 20 22.98462296 44.85453415 20 19.26786661 42.15518188 20 19.88218594
53 44.59809494 20 15.55111027 40.67728615 20 18.33096743 42.15518188 20 19.88218594
53 44.59809494 20 15.55111027 44.85453415 20 19.26786661 42.15518188 20 19.88218594
209 32.59437943 20 36.26457596 36.61387062 20 33.32973862 34.65472158 20 31.43699455
209 32.59437943 20 36.26457596 31.66540146 20 31.95804119 34.65472158 20 31.43699455
138 40.63336182 20 30.39490128 36.61387062 20 33.32973862 34.65472158 20 31.43699455
138 40.63336182 20 30.39490128 35.68489265 20 29.02320385 34.65472158 20 31.43699455
137 30.73642349 20 27.65150642 31.66540146 20 31.95804119 34.65472158 20 31.43699455
137 30.73642349 20 27.65150642 35.68489265 20 29.02320385 34.65472158 20 31.43699455
137 30.73642349 20 27.65150642 27.76170349 20 30.98644924 29.37259547 20 32.74582481
137 30.73642349 20 27.65150642 31.66540146 20 31.95804119 29.37259547 20 32.74582481
201 24.78698349 20 34.32139206 27.76170349 20 30.98644924 29.37259547 20 32.74582481
201 24.78698349 20 34.32139206 28.69068146 20 35.29298401 29.37259547 20 32.74582481
209 32.59437943 20 36.26457596 31.66540146 20 31.95804119 29.37259547 20 32.74582481
209 32.59437943 20 36.26457596 28.69068146 20 35.29298401 29.37259547 20 32.74582481
25 40 20 0 42.49049187 20 3.504271746 44.99366124 20 2.336181164
25 40 20 0 45 20 0 44.99366124 20 2.336181164
210 44.98098373 20 7.008543491 42.49049187 20 3.504271746 44.99366124 20 2.336181164
210 44.98098373 20 7.008543491 47.49049187 20 3.504271746 44.99366124 20 2.336181164
45 50 20 0 45 20 0 44.99366124 20 2.336181164
45 50 20 0 47.49049187 20 3.504271746 44.99366124 20 2.336181164
24 35.1210556 20 10.38124275 40.05101967 20 8.694893122 40.03401311 20 5.796595414
24 35.1210556 20 10.38124275 37.5605278 20 5.190621376 40.03401311 20 5.796595414
210 44.98098373 20 7.008543491 40.05101967 20 8.694893122 40.03401311 20 5.796595414
210 44.98098373 20 7.008543491 42.49049187 20 3.504271746 40.03401311 20 5.796595414
25 40 20 0 37.5605278 20 5.190621376 40.03401311 20 5.796595414
25 40 20 0 42.49049187 20 3.504271746 40.03401311 20 5.796595414
53 44.59809494 20 15.55111027 44.78953934 20 11.27982688 41.56671143 20 10.98029884
53 44.59809494 20 15.55111027 39.85957527 20 12.96617651 41.56671143 20 10.98029884
210 44.98098373 20 7.008543491 44.78953934 20 11.27982688 41.56671143 20 10.98029884
210 44.98098373 20 7.008543491 40.05101967 20 8.694893122 41.56671143 20 10.98029884
24 35.1210556 20 10.38124275 39.85957527 20 12.96617651 41.56671143 20 10.98029884
24 35.1210556 20 10.38124275 40.05101967 20 8.694893122 41.56671143 20 10.98029884
210 44.98098373 20 7.008543491 50.00047684 20 8.772698641 50.00031789 20 5.848465761
210 44.98098373 20 7.008543491 47.49049187 20 3.504271746 50.00031789 20 5.848465761
46 55.01996994 20 10.53685379 50.00047684 20 8.772698641 50.00031789 20 5.848465761
46 55.01996994 20 10.53685379 52.50998497 20 5.268426895 50.00031789 20 5.848465761
45 50 20 0 47.49049187 20 3.504271746 50.00031789 20 5.848465761
45 50 20 0 52.50998497 20 5.268426895 50.00031789 20 5.848465761
53 44.59809494 20 15.55111027 49.80903244 20 13.04398203 48.19968287 20 11.03216918
53 44.59809494 20 15.55111027 44.78953934 20 11.27982688 48.19968287 20 11.03216918
46 55.01996994 20 10.53685379 49.80903244 20 13.04398203 48.19968287 20 11.03216918
46 55.01996994 20 10.53685379 50.00047684 20 8.772698641 48.19968287 20 11.03216918
210 44.98098373 20 7.008543491 44.78953934 20 11.27982688 48.19968287 20 11.03216918
210 44.98098373 20 7.008543491 50.00047684 20 8.772698641 48.19968287 20 11.03216918
211 75.07374573 20 6.953412056 77.53687286 20 3.476706028 75.02458191 20 2.317804019
211 75.07374573 20 6.953412056 72.53687286 20 3.476706028 75.02458191 20 2.317804019
26 80 20 0 77.53687286 20 3.476706028 75.02458191 20 2.317804019
26 80 20 0 75 20 0 75.02458191 20 2.317804019
85 70 20 0 72.53687286 20 3.476706028 75.02458191 20 2.317804019
85 70 20 0 75 20 0 75.02458191 20 2.317804019
211 75.07374573 20 6.953412056 79.95763016 20 8.645663261 79.97175344 20 5.763775508
211 75.07374573 20 6.953412056 77.53687286 20 3.476706028 79.97175344 20 5.763775508
27 84.84151459 20 10.33791447 79.95763016 20 8.645663261 79.97175344 20 5.763775508
27 84.84151459 20 10.33791447 82.42075729 20 5.168957233 79.97175344 20 5.763775508
26 80 20 0 77.53687286 20 3.476706028 79.97175344 20 5.763775508
26 80 20 0 82.42075729 20 5.168957233 79.97175344 20 5.763775508
211 75.07374573 20 6.953412056 75.10682678 20 11.10061312 78.35172272 20 10.84638023
211 75.07374573 20 6.953412056 79.95763016 20 8.645663261 78.35172272 20 10.84638023
50 75.13990784 20 15.24781418 75.10682678 20 11.10061312 78.35172272 20 10.84638023
50 75.13990784 20 15.24781418 79.99071121 20 12.79286432 78.35172272 20 10.84638023
27 84.84151459 20 10.33791447 79.95763016 20 8.645663261 78.35172272 20 10.84638023
27 84.84151459 20 10.33791447 79.99071121 20 12.79286432 78.35172272 20 10.84638023
211 75.07374573 20 6.953412056 72.53687286 20 3.476706028 70.36802928 20 5.693496386
211 75.07374573 20 6.953412056 70.55204391 20 8.540244579 70.36802928 20 5.693496386
85 70 20 0 72.53687286 20 3.476706028 70.36802928 20 5.693496386
85 70 20 0 68.01517105 20 5.063538551 70.36802928 20 5.693496386
84 66.0303421 20 10.1270771 70.55204391 20 8.540244579 70.36802928 20 5.693496386
84 66.0303421 20 10.1270771 68.01517105 20 5.063538551 70.36802928 20 5.693496386
84 66.0303421 20 10.1270771 70.58512497 20 12.68744564 72.08133189 20 10.77610111
84 66.0303421 20 10.1270771 70.55204391 20 8.540244579 72.08133189 20 10.77610111
50 75.13990784 20 15.24781418 70.58512497 20 12.68744564 72.08133189 20 10.77610111
50 75.13990784 20 15.24781418 75.10682678 20 11.10061312 72.08133189 20 10.77610111
211 75.07374573 20 6.953412056 70.55204391 20 8.540244579 72.08133189 20 10.77610111
211 75.07374573 20 6.953412056 75.10682678 20 11.10061312 72.08133189 20 10.77610111
212 51.70137024 20 19.62675858 55.69061661 20 19.86787128 55.46706772 20 16.75753212
212 51.70137024 20 19.62675858 53.36067009 20 15.08180618 55.46706772 20 16.75753212
86 59.67986298 20 20.10898399 55.69061661 20 19.86787128 55.46706772 20 16.75753212
86 59.67986298 20 20.10898399 57.34991646 20 15.32291889 55.46706772 20 16.75753212
46 55.01996994 20 10.53685379 53.36067009 20 15.08180618 55.46706772 20 16.75753212
46 55.01996994 20 10.53685379 57.34991646 20 15.32291889 55.46706772 20 16.75753212
46 55.01996994 20 10.53685379 49.80903244 20 13.04398203 50.43981171 20 15.23824088
46 55.01996994 20 10.53685379 53.36067009 20 15.08180618 50.43981171 20 15.23824088
53 44.59809494 20 15.55111027 49.80903244 20 13.04398203 50.43981171 20 15.23824088
53 44.59809494 20 15.55111027 48.14973259 20 17.58893442 50.43981171 20 15.23824088
212 51.70137024 20 19.62675858 53.36067009 20 15.08180618 50.43981171 20 15.23824088
212 51.70137024 20 19.62675858 48.14973259 20 17.58893442 50.43981171 20 15.23824088
86 59.67986298 20 20.10898399 55.69061661 20 19.86787128 54.31921005 20 22.62764931
86 59.67986298 20 20.10898399 55.62812996 20 24.12809467 54.31921005 20 22.62764931
212 51.70137024 20 19.62675858 55.69061661 20 19.86787128 54.31921005 20 22.62764931
212 51.70137024 20 19.62675858 51.63888359 20 23.88698196 54.31921005 20 22.62764931
162 51.57639694 20 28.14720535 55.62812996 20 24.12809467 54.31921005 20 22.62764931
162 51.57639694 20 28.14720535 51.63888359 20 23.88698196 54.31921005 20 22.62764931
208 45.11097336 20 22.98462296 48.4061718 20 21.30569077 47.13681285 20 19.38749727
208 45.11097336 20 22.98462296 44.85453415 20 19.26786661 47.13681285 20 19.38749727
212 51.70137024 20 19.62675858 48.4061718 20 21.30569077 47.13681285 20 19.38749727
212 51.70137024 20 19.62675858 48.14973259 20 17.58893442 47.13681285 20 19.38749727
53 44.59809494 20 15.55111027 44.85453415 20 19.26786661 47.13681285 20 19.38749727
53 44.59809494 20 15.55111027 48.14973259 20 17.58893442 47.13681285 20 19.38749727
212 51.70137024 20 19.62675858 48.4061718 20 21.30569077 49.46291351 20 23.58619563
212 51.70137024 20 19.62675858 51.63888359 20 23.88698196 49.46291351 20 23.58619563
208 45.11097336 20 22.98462296 48.4061718 20 21.30569077 49.46291351 20 23.58619563
208 45.11097336 20 22.98462296 48.34368515 20 25.56591415 49.46291351 20 23.58619563
162 51.57639694 20 28.14720535 51.63888359 20 23.88698196 49.46291351 20 23.58619563
162 51.57639694 20 28.14720535 48.34368515 20 25.56591415 49.46291351 20 23.58619563
74 71.96064758 20 119.2061615 69.61697006 20 114.7158051 66.30090968 20 115.0046183
74 71.96064758 20 119.2061615 65.81471825 20 117.3942032 66.30090968 20 115.0046183
213 67.27329254 20 110.2254486 69.61697006 20 114.7158051 66.30090968 20 115.0046183
213 67.27329254 20 110.2254486 63.47104073 20 112.9038467 66.30090968 20 115.0046183
75 59.66878891 20 115.5822449 65.81471825 20 117.3942032 66.30090968 20 115.0046183
75 59.66878891 20 115.5822449 63.47104073 20 112.9038467 66.30090968 20 115.0046183
206 57.02628708 20 105.7655716 58.34753799 20 110.6739082 61.32278951 20 110.5244217
206 57.02628708 20 105.7655716 62.14978981 20 107.9955101 61.32278951 20 110.5244217
75 59.66878891 20 115.5822449 58.34753799 20 110.6739082 61.32278951 20 110.5244217
75 59.66878891 20 115.5822449 63.47104073 20 112.9038467 61.32278951 20 110.5244217
213 67.27329254 20 110.2254486 62.14978981 20 107.9955101 61.32278951 20 110.5244217
213 67.27329254 20 110.2254486 63.47104073 20 112.9038467 61.32278951 20 110.5244217
207 65.44036865 20 102.1741562 66.3568306 20 106.1998024 68.60042063 20 105.3326314
207 65.44036865 20 102.1741562 69.26398468 20 102.8862228 68.60042063 20 105.3326314
213 67.27329254 20 110.2254486 66.3568306 20 106.1998024 68.60042063 20 105.3326314
213 67.27329254 20 110.2254486 70.18044662 20 106.911869 68.60042063 20 105.3326314
111 73.08760071 20 103.5982895 69.26398468 20 102.8862228 68.60042063 20 105.3326314
111 73.08760071 20 103.5982895 70.18044662 20 106.911869 68.60042063 20 105.3326314
213 67.27329254 20 110.2254486 66.3568306 20 106.1998024 63.24664942 20 106.0550588
213 67.27329254 20 110.2254486 62.14978981 20 107.9955101 63.24664942 20 106.0550588
207 65.44036865 20 102.1741562 66.3568306 20 106.1998024 63.24664942 20 106.0550588
207 65.44036865 20 102.1741562 61.23332787 20 103.9698639 63.24664942 20 106.0550588
206 57.02628708 20 105.7655716 62.14978981 20 107.9955101 63.24664942 20 106.0550588
206 57.02628708 20 105.7655716 61.23332787 20 103.9698639 63.24664942 20 106.0550588
214 61.72239685 20 152.5762787 63.74530029 20 147.9425201 60.78523763 20 147.3799133
214 61.72239685 20 152.5762787 58.29375458 20 149.4154892 60.78523763 20 147.3799133
56 65.76820374 20 143.3087616 63.74530029 20 147.9425201 60.78523763 20 147.3799133
56 65.76820374 20 143.3087616 60.31665802 20 144.7817307 60.78523763 20 147.3799133
55 54.8651123 20 146.2546997 58.29375458 20 149.4154892 60.78523763 20 147.3799133
55 54.8651123 20 146.2546997 60.31665802 20 144.7817307 60.78523763 20 147.3799133
56 65.76820374 20 143.3087616 63.74530029 20 147.9425201 65.77840424 20 149.9427236
56 65.76820374 20 143.3087616 67.80640793 20 148.625946 65.77840424 20 149.9427236
214 61.72239685 20 152.5762787 63.74530029 20 147.9425201 65.77840424 20 149.9427236
214 61.72239685 20 152.5762787 65.78350449 20 153.2597046 65.77840424 20 149.9427236
57 69.84461212 20 153.9431305 67.80640793 20 148.625946 65.77840424 20 149.9427236
57 69.84461212 20 153.9431305 65.78350449 20 153.2597046 65.77840424 20 149.9427236
194 82.69608307 20 41.25838852 77.71383667 20 43.33597374 78.54079946 20 46.10638046
194 82.69608307 20 41.25838852 81.44540405 20 46.45279121 78.54079946 20 46.10638046
195 72.73159027 20 45.41355896 77.71383667 20 43.33597374 78.54079946 20 46.10638046
195 72.73159027 20 45.41355896 76.46315765 20 48.53037643 78.54079946 20 46.10638046
215 80.19472504 20 51.64719391 81.44540405 20 46.45279121 78.54079946 20 46.10638046
215 80.19472504 20 51.64719391 76.46315765 20 48.53037643 78.54079946 20 46.10638046
215 80.19472504 20 51.64719391 76.46315765 20 48.53037643 74.83945465 20 51.40280914
215 80.19472504 20 51.64719391 75.89338684 20 54.39743423 74.83945465 20 51.40280914
195 72.73159027 20 45.41355896 76.46315765 20 48.53037643 74.83945465 20 51.40280914
195 72.73159027 20 45.41355896 72.16181946 20 51.28061676 74.83945465 20 51.40280914
92 71.59204865 20 57.14767456 75.89338684 20 54.39743423 74.83945465 20 51.40280914
92 71.59204865 20 57.14767456 72.16181946 20 51.28061676 74.83945465 20 51.40280914
86 59.67986298 20 20.10898399 63.80821609 20 19.47656631 64.54892476 20 16.36006991
86 59.67986298 20 20.10898399 62.85510254 20 15.11803055 64.54892476 20 16.36006991
216 67.93656921 20 18.84414864 63.80821609 20 19.47656631 64.54892476 20 16.36006991
216 67.93656921 20 18.84414864 66.98345566 20 14.48561287 64.54892476 20 16.36006991
84 66.0303421 20 10.1270771 62.85510254 20 15.11803055 64.54892476 20 16.36006991
84 66.0303421 20 10.1270771 66.98345566 20 14.48561287 64.54892476 20 16.36006991
84 66.0303421 20 10.1270771 66.98345566 20 14.48561287 69.70227305 20 14.73967997
84 66.0303421 20 10.1270771 70.58512497 20 12.68744564 69.70227305 20 14.73967997
216 67.93656921 20 18.84414864 66.98345566 20 14.48561287 69.70227305 20 14.73967997
216 67.93656921 20 18.84414864 71.53823853 20 17.04598141 69.70227305 20 14.73967997
50 75.13990784 20 15.24781418 70.58512497 20 12.68744564 69.70227305 20 14.73967997
50 75.13990784 20 15.24781418 71.53823853 20 17.04598141 69.70227305 20 14.73967997
216 67.93656921 20 18.84414864 70.49154282 20 21.32338619 72.04099782 20 19.29819552
216 67.93656921 20 18.84414864 71.53823853 20 17.04598141 72.04099782 20 19.29819552
131 73.04651642 20 23.80262375 70.49154282 20 21.32338619 72.04099782 20 19.29819552
131 73.04651642 20 23.80262375 74.09321213 20 19.52521896 72.04099782 20 19.29819552
50 75.13990784 20 15.24781418 71.53823853 20 17.04598141 72.04099782 20 19.29819552
50 75.13990784 20 15.24781418 74.09321213 20 19.52521896 72.04099782 20 19.29819552
217 87.67411041 20 35.23564148 83.42038727 20 33.03448772 83.17895253 20 35.77578799
217 87.67411041 20 35.23564148 85.18509674 20 38.247015 83.17895253 20 35.77578799
130 79.16666412 20 30.83333397 83.42038727 20 33.03448772 83.17895253 20 35.77578799
130 79.16666412 20 30.83333397 80.9313736 20 36.04586124 83.17895253 20 35.77578799
194 82.69608307 20 41.25838852 85.18509674 20 38.247015 83.17895253 20 35.77578799
194 82.69608307 20 41.25838852 80.9313736 20 36.04586124 83.17895253 20 35.77578799
139 89.20417786 20 27.73970032 84.18542099 20 29.28651714 85.34831746 20 31.26955859
139 89.20417786 20 27.73970032 88.43914413 20 31.4876709 85.34831746 20 31.26955859
130 79.16666412 20 30.83333397 84.18542099 20 29.28651714 85.34831746 20 31.26955859
130 79.16666412 20 30.83333397 83.42038727 20 33.03448772 85.34831746 20 31.26955859
217 87.67411041 20 35.23564148 88.43914413 20 31.4876709 85.34831746 20 31.26955859
217 87.67411041 20 35.23564148 83.42038727 20 33.03448772 85.34831746 20 31.26955859
217 87.67411041 20 35.23564148 91.3759079 20 34.86520386 90.65199788 20 32.49003601
217 87.67411041 20 35.23564148 88.43914413 20 31.4876709 90.65199788 20 32.49003601
197 95.07770538 20 34.49476624 91.3759079 20 34.86520386 90.65199788 20 32.49003601
197 95.07770538 20 34.49476624 92.14094162 20 31.11723328 90.65199788 20 32.49003601
139 89.20417786 20 27.73970032 88.43914413 20 31.4876709 90.65199788 20 32.49003601
139 89.20417786 20 27.73970032 92.14094162 20 31.11723328 90.65199788 20 32.49003601
218 10 20 180 8.869133711 20 176.4560471 5.912755807 20 177.6373647
218 10 20 180 5 20 180 5.912755807 20 177.6373647
219 7.738267422 20 172.9120941 8.869133711 20 176.4560471 5.912755807 20 177.6373647
219 7.738267422 20 172.9120941 3.869133711 20 176.4560471 5.912755807 20 177.6373647
220 0 20 180 5 20 180 5.912755807 20 177.6373647
220 0 20 180 3.869133711 20 176.4560471 5.912755807 20 177.6373647
219 7.738267422 20 172.9120941 3.869133711 20 171.4560471 2.579422474 20 174.3040314
219 7.738267422 20 172.9120941 3.869133711 20 176.4560471 2.579422474 20 174.3040314
146 0 20 170 3.869133711 20 171.4560471 2.579422474 20 174.3040314
146 0 20 170 0 20 175 2.579422474 20 174.3040314
220 0 20 180 3.869133711 20 176.4560471 2.579422474 20 174.3040314
220 0 20 180 0 20 175 2.579422474 20 174.3040314
146 0 20 170 3.869133711 20 171.4560471 4.650490284 20 169.3040314
146 0 20 170 3.106601715 20 167.5 4.650490284 20 169.3040314
219 7.738267422 20 172.9120941 3.869133711 20 171.4560471 4.650490284 20 169.3040314
219 7.738267422 20 172.9120941 6.975735426 20 168.9560471 4.650490284 20 169.3040314
144 6.21320343 20 165 3.106601715 20 167.5 4.650490284 20 169.3040314
144 6.21320343 20 165 6.975735426 20 168.9560471 4.650490284 20 169.3040314
221 14.90981579 20 167.721283 10.56150961 20 166.3606415 9.62042888 20 168.544459
221 14.90981579 20 167.721283 11.3240416 20 170.3166885 9.62042888 20 168.544459
144 6.21320343 20 165 10.56150961 20 166.3606415 9.62042888 20 168.544459
144 6.21320343 20 165 6.975735426 20 168.9560471 9.62042888 20 168.544459
219 7.738267422 20 172.9120941 11.3240416 20 170.3166885 9.62042888 20 168.544459
219 7.738267422 20 172.9120941 6.975735426 20 168.9560471 9.62042888 20 168.544459
149 120 20 170 116.130867 20 171.4560471 117.420578 20 174.3040314
149 120 20 170 120 20 175 117.420578 20 174.3040314
222 112.261734 20 172.9120941 116.130867 20 171.4560471 117.420578 20 174.3040314
222 112.261734 20 172.9120941 116.130867 20 176.4560471 117.420578 20 174.3040314
223 120 20 180 120 20 175 117.420578 20 174.3040314
223 120 20 180 116.130867 20 176.4560471 117.420578 20 174.3040314
223 120 20 180 116.130867 20 176.4560471 114.0872447 20 177.6373647
223 120 20 180 115 20 180 114.0872447 20 177.6373647
222 112.261734 20 172.9120941 116.130867 20 176.4560471 114.0872447 20 177.6373647
222 112.261734 20 172.9120941 111.130867 20 176.4560471 114.0872447 20 177.6373647
224 110 20 180 115 20 180 114.0872447 20 177.6373647
224 110 20 180 111.130867 20 176.4560471 114.0872447 20 177.6373647
147 113.7867966 20 165 113.0242653 20 168.9560471 115.3495102 20 169.3040314
147 113.7867966 20 165 116.8933983 20 167.5 115.3495102 20 169.3040314
222 112.261734 20 172.9120941 113.0242653 20 168.9560471 115.3495102 20 169.3040314
222 112.261734 20 172.9120941 116.130867 20 171.4560471 115.3495102 20 169.3040314
149 120 20 170 116.8933983 20 167.5 115.3495102 20 169.3040314
149 120 20 170 116.130867 20 171.4560471 115.3495102 20 169.3040314
225 105.0901871 20 167.721283 108.6759605 20 170.3166885 110.3795726 20 168.544459
225 105.0901871 20 167.721283 109.4384918 20 166.3606415 110.3795726 20 168.544459
222 112.261734 20 172.9120941 108.6759605 20 170.3166885 110.3795726 20 168.544459
222 112.261734 20 172.9120941 113.0242653 20 168.9560471 110.3795726 20 168.544459
147 113.7867966 20 165 109.4384918 20 166.3606415 110.3795726 20 168.544459
147 113.7867966 20 165 113.0242653 20 168.9560471 110.3795726 20 168.544459
226 120 20 0 116.1619797 20 3.535568953 117.4413198 20 5.690379302
226 120 20 0 120 20 5 117.4413198 20 5.690379302
227 112.3239594 20 7.071137905 116.1619797 20 3.535568953 117.4413198 20 5.690379302
227 112.3239594 20 7.071137905 116.1619797 20 8.535568953 117.4413198 20 5.690379302
151 120 20 10 120 20 5 117.4413198 20 5.690379302
151 120 20 10 116.1619797 20 8.535568953 117.4413198 20 5.690379302
227 112.3239594 20 7.071137905 116.1619797 20 3.535568953 114.1079865 20 2.357045968
227 112.3239594 20 7.071137905 111.1619797 20 3.535568953 114.1079865 20 2.357045968
226 120 20 0 116.1619797 20 3.535568953 114.1079865 20 2.357045968
226 120 20 0 115 20 0 114.1079865 20 2.357045968
228 110 20 0 111.1619797 20 3.535568953 114.1079865 20 2.357045968
228 110 20 0 115 20 0 114.1079865 20 2.357045968
227 112.3239594 20 7.071137905 113.055378 20 11.03556895 115.370252 20 10.6903793
227 112.3239594 20 7.071137905 116.1619797 20 8.535568953 115.370252 20 10.6903793
152 113.7867966 20 15 113.055378 20 11.03556895 115.370252 20 10.6903793
152 113.7867966 20 15 116.8933983 20 12.5 115.370252 20 10.6903793
151 120 20 10 116.1619797 20 8.535568953 115.370252 20 10.6903793
151 120 20 10 116.8933983 20 12.5 115.370252 20 10.6903793
229 105.313591 20 12.25017643 109.5501938 20 13.62508821 110.4747823 20 11.44043811
229 105.313591 20 12.25017643 108.8187752 20 9.660657167 110.4747823 20 11.44043811
152 113.7867966 20 15 109.5501938 20 13.62508821 110.4747823 20 11.44043811
152 113.7867966 20 15 113.055378 20 11.03556895 110.4747823 20 11.44043811
227 112.3239594 20 7.071137905 108.8187752 20 9.660657167 110.4747823 20 11.44043811
227 112.3239594 20 7.071137905 113.055378 20 11.03556895 110.4747823 20 11.44043811
8 0 20 10 3.838020563 20 8.535568953 2.558680375 20 5.690379302
8 0 20 10 0 20 5 2.558680375 20 5.690379302
230 7.676041126 20 7.071137905 3.838020563 20 8.535568953 2.558680375 20 5.690379302
230 7.676041126 20 7.071137905 3.838020563 20 3.535568953 2.558680375 20 5.690379302
9 0 20 0 0 20 5 2.558680375 20 5.690379302
9 0 20 0 3.838020563 20 3.535568953 2.558680375 20 5.690379302
9 0 20 0 3.838020563 20 3.535568953 5.892013709 20 2.357045968
9 0 20 0 5 20 0 5.892013709 20 2.357045968
230 7.676041126 20 7.071137905 3.838020563 20 3.535568953 5.892013709 20 2.357045968
230 7.676041126 20 7.071137905 8.838020563 20 3.535568953 5.892013709 20 2.357045968
231 10 20 0 5 20 0 5.892013709 20 2.357045968
231 10 20 0 8.838020563 20 3.535568953 5.892013709 20 2.357045968
230 7.676041126 20 7.071137905 3.838020563 20 8.535568953 4.629748185 20 10.6903793
230 7.676041126 20 7.071137905 6.944622278 20 11.03556895 4.629748185 20 10.6903793
8 0 20 10 3.838020563 20 8.535568953 4.629748185 20 10.6903793
8 0 20 10 3.106601715 20 12.5 4.629748185 20 10.6903793
143 6.21320343 20 15 6.944622278 20 11.03556895 4.629748185 20 10.6903793
143 6.21320343 20 15 3.106601715 20 12.5 4.629748185 20 10.6903793
230 7.676041126 20 7.071137905 6.944622278 20 11.03556895 9.525217215 20 11.44043811
230 7.676041126 20 7.071137905 11.18122411 20 9.660657167 9.525217215 20 11.44043811
143 6.21320343 20 15 6.944622278 20 11.03556895 9.525217215 20 11.44043811
143 6.21320343 20 15 10.44980526 20 13.62508821 9.525217215 20 11.44043811
232 14.68640709 20 12.25017643 11.18122411 20 9.660657167 9.525217215 20 11.44043811
232 14.68640709 20 12.25017643 10.44980526 20 13.62508821 9.525217215 20 11.44043811
233 58.74596786 20 160.5479126 54.72954178 20 160.4767456 53.64493815 20 163.013677
233 58.74596786 20 160.5479126 55.11084938 20 164.3177261 53.64493815 20 163.013677
234 50.71311569 20 160.4055786 54.72954178 20 160.4767456 53.64493815 20 163.013677
234 50.71311569 20 160.4055786 51.09442329 20 164.2465591 53.64493815 20 163.013677
136 51.4757309 20 168.0875397 55.11084938 20 164.3177261 53.64493815 20 163.013677
136 51.4757309 20 168.0875397 51.09442329 20 164.2465591 53.64493815 20 163.013677
234 50.71311569 20 160.4055786 47.01739693 20 161.4142075 48.50350825 20 163.6386515
234 50.71311569 20 160.4055786 51.09442329 20 164.2465591 48.50350825 20 163.6386515
135 43.32167816 20 162.4228363 47.01739693 20 161.4142075 48.50350825 20 163.6386515
135 43.32167816 20 162.4228363 47.39870453 20 165.255188 48.50350825 20 163.6386515
136 51.4757309 20 168.0875397 51.09442329 20 164.2465591 48.50350825 20 163.6386515
136 51.4757309 20 168.0875397 47.39870453 20 165.255188 48.50350825 20 163.6386515
135 43.32167816 20 162.4228363 47.01739693 20 161.4142075 47.34494909 20 158.6886597
135 43.32167816 20 162.4228363 45.66086578 20 157.8302002 47.34494909 20 158.6886597
234 50.71311569 20 160.4055786 47.01739693 20 161.4142075 47.34494909 20 158.6886597
234 50.71311569 20 160.4055786 49.35658455 20 156.8215714 47.34494909 20 158.6886597
91 48.00005341 20 153.2375641 45.66086578 20 157.8302002 47.34494909 20 158.6886597
91 48.00005341 20 153.2375641 49.35658455 20 156.8215714 47.34494909 20 158.6886597
162 51.57639694 20 28.14720535 56.00686455 20 28.92468071 57.23119736 20 25.98611514
162 51.57639694 20 28.14720535 55.62812996 20 24.12809467 57.23119736 20 25.98611514
235 60.43733215 20 29.70215607 56.00686455 20 28.92468071 57.23119736 20 25.98611514
235 60.43733215 20 29.70215607 60.05859756 20 24.90557003 57.23119736 20 25.98611514
86 59.67986298 20 20.10898399 55.62812996 20 24.12809467 57.23119736 20 25.98611514
86 59.67986298 20 20.10898399 60.05859756 20 24.90557003 57.23119736 20 25.98611514
162 51.57639694 20 28.14720535 54.21542358 20 32.91291809 56.28939311 20 31.84266408
162 51.57639694 20 28.14720535 56.00686455 20 28.92468071 56.28939311 20 31.84266408
113 56.85445023 20 37.67863083 54.21542358 20 32.91291809 56.28939311 20 31.84266408
113 56.85445023 20 37.67863083 58.64589119 20 33.69039345 56.28939311 20 31.84266408
235 60.43733215 20 29.70215607 56.00686455 20 28.92468071 56.28939311 20 31.84266408
235 60.43733215 20 29.70215607 58.64589119 20 33.69039345 56.28939311 20 31.84266408
58 76.59942627 20 146.1630096 80.49176788 20 148.943718 83.27942657 20 147.6928253
58 76.59942627 20 146.1630096 82.72708511 20 145.6770248 83.27942657 20 147.6928253
187 84.3841095 20 151.7244263 80.49176788 20 148.943718 83.27942657 20 147.6928253
187 84.3841095 20 151.7244263 86.61942673 20 148.4577332 83.27942657 20 147.6928253
236 88.85474396 20 145.19104 82.72708511 20 145.6770248 83.27942657 20 147.6928253
236 88.85474396 20 145.19104 86.61942673 20 148.4577332 83.27942657 20 147.6928253
168 80.77075958 20 136.0491943 78.68509293 20 141.106102 82.0749766 20 142.467748
168 80.77075958 20 136.0491943 84.81275177 20 140.6201172 82.0749766 20 142.467748
58 76.59942627 20 146.1630096 78.68509293 20 141.106102 82.0749766 20 142.467748
58 76.59942627 20 146.1630096 82.72708511 20 145.6770248 82.0749766 20 142.467748
236 88.85474396 20 145.19104 84.81275177 20 140.6201172 82.0749766 20 142.467748
236 88.85474396 20 145.19104 82.72708511 20 145.6770248 82.0749766 20 142.467748
168 80.77075958 20 136.0491943 84.81275177 20 140.6201172 87.24048615 20 139.4351196
168 80.77075958 20 136.0491943 86.43335724 20 136.5571594 87.24048615 20 139.4351196
236 88.85474396 20 145.19104 84.81275177 20 140.6201172 87.24048615 20 139.4351196
236 88.85474396 20 145.19104 90.47534943 20 141.1280823 87.24048615 20 139.4351196
126 92.0959549 20 137.0651245 86.43335724 20 136.5571594 87.24048615 20 139.4351196
126 92.0959549 20 137.0651245 90.47534943 20 141.1280823 87.24048615 20 139.4351196
180 110 20 110 105.9390068 20 114.8190079 107.2926712 20 116.5460052
180 110 20 110 110 20 115 107.2926712 20 116.5460052
237 101.8780136 20 119.6380157 105.9390068 20 114.8190079 107.2926712 20 116.5460052
237 101.8780136 20 119.6380157 105.9390068 20 119.8190079 107.2926712 20 116.5460052
238 110 20 120 110 20 115 107.2926712 20 116.5460052
238 110 20 120 105.9390068 20 119.8190079 107.2926712 20 116.5460052
238 110 20 120 105.9390068 20 119.8190079 107.2926712 20 123.2126719
238 110 20 120 110 20 125 107.2926712 20 123.2126719
237 101.8780136 20 119.6380157 105.9390068 20 119.8190079 107.2926712 20 123.2126719
237 101.8780136 20 119.6380157 105.9390068 20 124.8190079 107.2926712 20 123.2126719
122 110 20 130 110 20 125 107.2926712 20 123.2126719
122 110 20 130 105.9390068 20 124.8190079 107.2926712 20 123.2126719
122 110 20 130 105.9390068 20 124.8190079 103.148496 20 125.7897186
122 110 20 130 103.7837372 20 128.8655701 103.148496 20 125.7897186
237 101.8780136 20 119.6380157 105.9390068 20 124.8190079 103.148496 20 125.7897186
237 101.8780136 20 119.6380157 99.72274399 20 123.6845779 103.148496 20 125.7897186
125 97.56747437 20 127.7311401 103.7837372 20 128.8655701 103.148496 20 125.7897186
125 97.56747437 20 127.7311401 99.72274399 20 123.6845779 103.148496 20 125.7897186
180 110 20 110 105.838604 20 108.2570686 104.5184072 20 112.0507177
180 110 20 110 105.9390068 20 114.8190079 104.5184072 20 112.0507177
179 101.6772079 20 106.5141373 105.838604 20 108.2570686 104.5184072 20 112.0507177
179 101.6772079 20 106.5141373 101.7776108 20 113.0760765 104.5184072 20 112.0507177
237 101.8780136 20 119.6380157 105.9390068 20 114.8190079 104.5184072 20 112.0507177
237 101.8780136 20 119.6380157 101.7776108 20 113.0760765 104.5184072 20 112.0507177
237 101.8780136 20 119.6380157 101.7776108 20 113.0760765 99.94446818 20 113.2987111
237 101.8780136 20 119.6380157 99.0780983 20 116.6909981 99.94446818 20 113.2987111
179 101.6772079 20 106.5141373 101.7776108 20 113.0760765 99.94446818 20 113.2987111
179 101.6772079 20 106.5141373 98.97769547 20 110.1290588 99.94446818 20 113.2987111
239 96.27818298 20 113.7439804 99.0780983 20 116.6909981 99.94446818 20 113.2987111
239 96.27818298 20 113.7439804 98.97769547 20 110.1290588 99.94446818 20 113.2987111
240 72.36366272 20 138.096344 69.06593323 20 140.7025528 71.57709757 20 142.5227051
240 72.36366272 20 138.096344 74.48154449 20 142.1296768 71.57709757 20 142.5227051
56 65.76820374 20 143.3087616 69.06593323 20 140.7025528 71.57709757 20 142.5227051
56 65.76820374 20 143.3087616 71.183815 20 144.7358856 71.57709757 20 142.5227051
58 76.59942627 20 146.1630096 74.48154449 20 142.1296768 71.57709757 20 142.5227051
58 76.59942627 20 146.1630096 71.183815 20 144.7358856 71.57709757 20 142.5227051
240 72.36366272 20 138.096344 74.48154449 20 142.1296768 76.57794952 20 140.1028493
240 72.36366272 20 138.096344 76.56721115 20 137.0727692 76.57794952 20 140.1028493
58 76.59942627 20 146.1630096 74.48154449 20 142.1296768 76.57794952 20 140.1028493
58 76.59942627 20 146.1630096 78.68509293 20 141.106102 76.57794952 20 140.1028493
168 80.77075958 20 136.0491943 76.56721115 20 137.0727692 76.57794952 20 140.1028493
168 80.77075958 20 136.0491943 78.68509293 20 141.106102 76.57794952 20 140.1028493
240 72.36366272 20 138.096344 76.56721115 20 137.0727692 75.57759094 20 135.1672516
240 72.36366272 20 138.096344 72.98100662 20 134.7262802 75.57759094 20 135.1672516
168 80.77075958 20 136.0491943 76.56721115 20 137.0727692 75.57759094 20 135.1672516
168 80.77075958 20 136.0491943 77.18455505 20 133.7027054 75.57759094 20 135.1672516
77 73.59835052 20 131.3562164 72.98100662 20 134.7262802 75.57759094 20 135.1672516
77 73.59835052 20 131.3562164 77.18455505 20 133.7027054 75.57759094 20 135.1672516
31 7.07106781 20 157.0710754 9.5632658 20 159.3416901 12.0491155 20 158.5778758
31 7.07106781 20 157.0710754 12.04594135 20 157.0606613 12.0491155 20 158.5778758
241 12.05546379 20 161.6123047 9.5632658 20 159.3416901 12.0491155 20 158.5778758
241 12.05546379 20 161.6123047 14.53813934 20 159.3312759 12.0491155 20 158.5778758
29 17.0208149 20 157.0502472 12.04594135 20 157.0606613 12.0491155 20 158.5778758
29 17.0208149 20 157.0502472 14.53813934 20 159.3312759 12.0491155 20 158.5778758
241 12.05546379 20 161.6123047 9.5632658 20 159.3416901 8.446578344 20 161.2277934
241 12.05546379 20 161.6123047 9.134333611 20 163.3061523 8.446578344 20 161.2277934
31 7.07106781 20 157.0710754 9.5632658 20 159.3416901 8.446578344 20 161.2277934
31 7.07106781 20 157.0710754 6.64213562 20 161.0355377 8.446578344 20 161.2277934
144 6.21320343 20 165 9.134333611 20 163.3061523 8.446578344 20 161.2277934
144 6.21320343 20 165 6.64213562 20 161.0355377 8.446578344 20 161.2277934
144 6.21320343 20 165 10.56150961 20 166.3606415 11.05949434 20 164.7778625
144 6.21320343 20 165 9.134333611 20 163.3061523 11.05949434 20 164.7778625
221 14.90981579 20 167.721283 10.56150961 20 166.3606415 11.05949434 20 164.7778625
221 14.90981579 20 167.721283 13.48263979 20 164.6667938 11.05949434 20 164.7778625
241 12.05546379 20 161.6123047 9.134333611 20 163.3061523 11.05949434 20 164.7778625
241 12.05546379 20 161.6123047 13.48263979 20 164.6667938 11.05949434 20 164.7778625
37 112.9289322 20 22.92893219 110.4757957 20 20.6580801 108.0899429 20 21.49965922
37 112.9289322 20 22.92893219 108.1235847 20 23.05587482 108.0899429 20 21.49965922
242 108.0226593 20 18.38722801 110.4757957 20 20.6580801 108.0899429 20 21.49965922
242 108.0226593 20 18.38722801 105.6704483 20 20.78502274 108.0899429 20 21.49965922
35 103.3182373 20 23.18281746 108.1235847 20 23.05587482 108.0899429 20 21.49965922
35 103.3182373 20 23.18281746 105.6704483 20 20.78502274 108.0899429 20 21.49965922
242 108.0226593 20 18.38722801 110.4757957 20 20.6580801 111.5794627 20 18.7720534
242 108.0226593 20 18.38722801 110.9047279 20 16.69361401 111.5794627 20 18.7720534
37 112.9289322 20 22.92893219 110.4757957 20 20.6580801 111.5794627 20 18.7720534
37 112.9289322 20 22.92893219 113.3578644 20 18.96446609 111.5794627 20 18.7720534
152 113.7867966 20 15 110.9047279 20 16.69361401 111.5794627 20 18.7720534
152 113.7867966 20 15 113.3578644 20 18.96446609 111.5794627 20 18.7720534
242 108.0226593 20 18.38722801 110.9047279 20 16.69361401 109.0410156 20 15.21246815
242 108.0226593 20 18.38722801 106.6681252 20 15.31870222 109.0410156 20 15.21246815
152 113.7867966 20 15 110.9047279 20 16.69361401 109.0410156 20 15.21246815
152 113.7867966 20 15 109.5501938 20 13.62508821 109.0410156 20 15.21246815
229 105.313591 20 12.25017643 106.6681252 20 15.31870222 109.0410156 20 15.21246815
229 105.313591 20 12.25017643 109.5501938 20 13.62508821 109.0410156 20 15.21246815
17 7.07106781 20 22.92893219 11.87641525 20 23.05587482 11.91005802 20 21.49965922
17 7.07106781 20 22.92893219 9.524205685 20 20.6580801 11.91005802 20 21.49965922
38 16.6817627 20 23.18281746 11.87641525 20 23.05587482 11.91005802 20 21.49965922
38 16.6817627 20 23.18281746 14.32955313 20 20.78502274 11.91005802 20 21.49965922
243 11.97734356 20 18.38722801 9.524205685 20 20.6580801 11.91005802 20 21.49965922
243 11.97734356 20 18.38722801 14.32955313 20 20.78502274 11.91005802 20 21.49965922
243 11.97734356 20 18.38722801 9.095273495 20 16.69361401 8.420538266 20 18.7720534
243 11.97734356 20 18.38722801 9.524205685 20 20.6580801 8.420538266 20 18.7720534
143 6.21320343 20 15 9.095273495 20 16.69361401 8.420538266 20 18.7720534
143 6.21320343 20 15 6.64213562 20 18.96446609 8.420538266 20 18.7720534
17 7.07106781 20 22.92893219 9.524205685 20 20.6580801 8.420538266 20 18.7720534
17 7.07106781 20 22.92893219 6.64213562 20 18.96446609 8.420538266 20 18.7720534
243 11.97734356 20 18.38722801 13.33187532 20 15.31870222 10.95898469 20 15.21246815
243 11.97734356 20 18.38722801 9.095273495 20 16.69361401 10.95898469 20 15.21246815
232 14.68640709 20 12.25017643 13.33187532 20 15.31870222 10.95898469 20 15.21246815
232 14.68640709 20 12.25017643 10.44980526 20 13.62508821 10.95898469 20 15.21246815
143 6.21320343 20 15 9.095273495 20 16.69361401 10.95898469 20 15.21246815
143 6.21320343 20 15 10.44980526 20 13.62508821 10.95898469 20 15.21246815
80 10 20 90 13.48727322 20 88.0654335 12.32484881 20 85.37695567
80 10 20 90 10 20 85 12.32484881 20 85.37695567
244 16.97454643 20 86.130867 13.48727322 20 88.0654335 12.32484881 20 85.37695567
244 16.97454643 20 86.130867 13.48727322 20 83.0654335 12.32484881 20 85.37695567
102 10 20 80 10 20 85 12.32484881 20 85.37695567
102 10 20 80 13.48727322 20 83.0654335 12.32484881 20 85.37695567
244 16.97454643 20 86.130867 13.48727322 20 88.0654335 15.76030286 20 90.41324615
244 16.97454643 20 86.130867 18.64045429 20 90.61986923 15.76030286 20 90.41324615
80 10 20 90 13.48727322 20 88.0654335 15.76030286 20 90.41324615
80 10 20 90 15.15318108 20 92.55443573 15.76030286 20 90.41324615
79 20.30636215 20 95.10887146 18.64045429 20 90.61986923 15.76030286 20 90.41324615
79 20.30636215 20 95.10887146 15.15318108 20 92.55443573 15.76030286 20 90.41324615
107 24.60689735 20 87.19275665 20.79072189 20 86.66181183 20.62926865 20 89.47749837
107 24.60689735 20 87.19275665 22.45662975 20 91.15081406 20.62926865 20 89.47749837
244 16.97454643 20 86.130867 20.79072189 20 86.66181183 20.62926865 20 89.47749837
244 16.97454643 20 86.130867 18.64045429 20 90.61986923 20.62926865 20 89.47749837
79 20.30636215 20 95.10887146 22.45662975 20 91.15081406 20.62926865 20 89.47749837
79 20.30636215 20 95.10887146 18.64045429 20 90.61986923 20.62926865 20 89.47749837
244 16.97454643 20 86.130867 18.46700859 20 82.24179459 15.64467239 20 81.49452972
244 16.97454643 20 86.130867 13.48727322 20 83.0654335 15.64467239 20 81.49452972
103 19.95947075 20 78.35272217 18.46700859 20 82.24179459 15.64467239 20 81.49452972
103 19.95947075 20 78.35272217 14.97973537 20 79.17636108 15.64467239 20 81.49452972
102 10 20 80 13.48727322 20 83.0654335 15.64467239 20 81.49452972
102 10 20 80 14.97973537 20 79.17636108 15.64467239 20 81.49452972
107 24.60689735 20 87.19275665 22.28318405 20 82.77273941 20.51363818 20 83.89211528
107 24.60689735 20 87.19275665 20.79072189 20 86.66181183 20.51363818 20 83.89211528
103 19.95947075 20 78.35272217 22.28318405 20 82.77273941 20.51363818 20 83.89211528
103 19.95947075 20 78.35272217 18.46700859 20 82.24179459 20.51363818 20 83.89211528
244 16.97454643 20 86.130867 20.79072189 20 86.66181183 20.51363818 20 83.89211528
244 16.97454643 20 86.130867 18.46700859 20 82.24179459 20.51363818 20 83.89211528
97 110 20 80 106.4804764 20 83.13372803 107.6536509 20 85.42248535
97 110 20 80 110 20 85 107.6536509 20 85.42248535
245 102.9609528 20 86.26745605 106.4804764 20 83.13372803 107.6536509 20 85.42248535
245 102.9609528 20 86.26745605 106.4804764 20 88.13372803 107.6536509 20 85.42248535
69 110 20 90 110 20 85 107.6536509 20 85.42248535
69 110 20 90 106.4804764 20 88.13372803 107.6536509 20 85.42248535
67 99.68280029 20 94.83394623 104.8414001 20 92.41697311 104.2145844 20 90.36713409
67 99.68280029 20 94.83394623 101.3218765 20 90.55070114 104.2145844 20 90.36713409
69 110 20 90 104.8414001 20 92.41697311 104.2145844 20 90.36713409
69 110 20 90 106.4804764 20 88.13372803 104.2145844 20 90.36713409
245 102.9609528 20 86.26745605 101.3218765 20 90.55070114 104.2145844 20 90.36713409
245 102.9609528 20 86.26745605 106.4804764 20 88.13372803 104.2145844 20 90.36713409
245 102.9609528 20 86.26745605 99.08903503 20 87.01694489 99.28695679 20 89.622612
245 102.9609528 20 86.26745605 101.3218765 20 90.55070114 99.28695679 20 89.622612
100 95.21711731 20 87.76643372 99.08903503 20 87.01694489 99.28695679 20 89.622612
100 95.21711731 20 87.76643372 97.4499588 20 91.30018997 99.28695679 20 89.622612
67 99.68280029 20 94.83394623 101.3218765 20 90.55070114 99.28695679 20 89.622612
67 99.68280029 20 94.83394623 97.4499588 20 91.30018997 99.28695679 20 89.622612
97 110 20 80 104.9524307 20 79.36845398 104.2886047 20 81.66812134
97 110 20 80 106.4804764 20 83.13372803 104.2886047 20 81.66812134
96 99.90486145 20 78.73690796 104.9524307 20 79.36845398 104.2886047 20 81.66812134
96 99.90486145 20 78.73690796 101.4329071 20 82.50218201 104.2886047 20 81.66812134
245 102.9609528 20 86.26745605 106.4804764 20 83.13372803 104.2886047 20 81.66812134
245 102.9609528 20 86.26745605 101.4329071 20 82.50218201 104.2886047 20 81.66812134
96 99.90486145 20 78.73690796 97.56098938 20 83.25167084 99.36097717 20 84.25693258
96 99.90486145 20 78.73690796 101.4329071 20 82.50218201 99.36097717 20 84.25693258
100 95.21711731 20 87.76643372 97.56098938 20 83.25167084 99.36097717 20 84.25693258
100 95.21711731 20 87.76643372 99.08903503 20 87.01694489 99.36097717 20 84.25693258
245 102.9609528 20 86.26745605 101.4329071 20 82.50218201 99.36097717 20 84.25693258
245 102.9609528 20 86.26745605 99.08903503 20 87.01694489 99.36097717 20 84.25693258
41 112.9289322 20 157.0710754 107.8161774 20 156.3513947 107.6333745 20 158.1194407
41 112.9289322 20 157.0710754 110.0983505 20 159.3633041 107.6333745 20 158.1194407
40 102.7034225 20 155.6317139 107.8161774 20 156.3513947 107.6333745 20 158.1194407
40 102.7034225 20 155.6317139 104.9855957 20 158.6436234 107.6333745 20 158.1194407
246 107.2677689 20 161.6555328 110.0983505 20 159.3633041 107.6333745 20 158.1194407
246 107.2677689 20 161.6555328 104.9855957 20 158.6436234 107.6333745 20 158.1194407
246 107.2677689 20 161.6555328 110.5272827 20 163.3277664 111.3278325 20 161.2422028
246 107.2677689 20 161.6555328 110.0983505 20 159.3633041 111.3278325 20 161.2422028
147 113.7867966 20 165 110.5272827 20 163.3277664 111.3278325 20 161.2422028
147 113.7867966 20 165 113.3578644 20 161.0355377 111.3278325 20 161.2422028
41 112.9289322 20 157.0710754 110.0983505 20 159.3633041 111.3278325 20 161.2422028
41 112.9289322 20 157.0710754 113.3578644 20 161.0355377 111.3278325 20 161.2422028
246 107.2677689 20 161.6555328 106.178978 20 164.6884079 108.7149175 20 164.7922719
246 107.2677689 20 161.6555328 110.5272827 20 163.3277664 108.7149175 20 164.7922719
225 105.0901871 20 167.721283 106.178978 20 164.6884079 108.7149175 20 164.7922719
225 105.0901871 20 167.721283 109.4384918 20 166.3606415 108.7149175 20 164.7922719
147 113.7867966 20 165 110.5272827 20 163.3277664 108.7149175 20 164.7922719
147 113.7867966 20 165 109.4384918 20 166.3606415 108.7149175 20 164.7922719
247 51.64255142 20 111.4371338 50.93730736 20 114.6364365 53.84780121 20 114.9517059
247 51.64255142 20 111.4371338 55.65567017 20 113.5096893 53.84780121 20 114.9517059
120 50.23206329 20 117.8357391 50.93730736 20 114.6364365 53.84780121 20 114.9517059
120 50.23206329 20 117.8357391 54.9504261 20 116.708992 53.84780121 20 114.9517059
75 59.66878891 20 115.5822449 55.65567017 20 113.5096893 53.84780121 20 114.9517059
75 59.66878891 20 115.5822449 54.9504261 20 116.708992 53.84780121 20 114.9517059
247 51.64255142 20 111.4371338 55.65567017 20 113.5096893 56.11254247 20 110.9283168
247 51.64255142 20 111.4371338 54.33441925 20 108.6013527 56.11254247 20 110.9283168
75 59.66878891 20 115.5822449 55.65567017 20 113.5096893 56.11254247 20 110.9283168
75 59.66878891 20 115.5822449 58.34753799 20 110.6739082 56.11254247 20 110.9283168
206 57.02628708 20 105.7655716 54.33441925 20 108.6013527 56.11254247 20 110.9283168
206 57.02628708 20 105.7655716 58.34753799 20 110.6739082 56.11254247 20 110.9283168
206 57.02628708 20 105.7655716 51.19824982 20 105.5839081 51.34635035 20 107.5349833
206 57.02628708 20 105.7655716 54.33441925 20 108.6013527 51.34635035 20 107.5349833
248 45.37021255 20 105.4022446 51.19824982 20 105.5839081 51.34635035 20 107.5349833
248 45.37021255 20 105.4022446 48.50638199 20 108.4196892 51.34635035 20 107.5349833
247 51.64255142 20 111.4371338 54.33441925 20 108.6013527 51.34635035 20 107.5349833
247 51.64255142 20 111.4371338 48.50638199 20 108.4196892 51.34635035 20 107.5349833
249 27.99572563 20 118.5497665 32.21379757 20 118.8204918 33.66758792 20 116.3257395
249 27.99572563 20 118.5497665 32.28544712 20 114.9430008 33.66758792 20 116.3257395
250 36.43186951 20 119.091217 32.21379757 20 118.8204918 33.66758792 20 116.3257395
250 36.43186951 20 119.091217 36.50351906 20 115.213726 33.66758792 20 116.3257395
251 36.57516861 20 111.336235 32.28544712 20 114.9430008 33.66758792 20 116.3257395
251 36.57516861 20 111.336235 36.50351906 20 115.213726 33.66758792 20 116.3257395
249 27.99572563 20 118.5497665 30.8664465 20 123.1788025 32.7215875 20 121.816274
249 27.99572563 20 118.5497665 32.21379757 20 118.8204918 32.7215875 20 121.816274
175 33.73716736 20 127.8078384 30.8664465 20 123.1788025 32.7215875 20 121.816274
175 33.73716736 20 127.8078384 35.08451843 20 123.4495277 32.7215875 20 121.816274
250 36.43186951 20 119.091217 32.21379757 20 118.8204918 32.7215875 20 121.816274
250 36.43186951 20 119.091217 35.08451843 20 123.4495277 32.7215875 20 121.816274
249 27.99572563 20 118.5497665 24.19605541 20 122.7929153 27.37642606 20 124.4645564
249 27.99572563 20 118.5497665 30.8664465 20 123.1788025 27.37642606 20 124.4645564
21 20.39638519 20 127.0360641 24.19605541 20 122.7929153 27.37642606 20 124.4645564
21 20.39638519 20 127.0360641 27.06677628 20 127.4219513 27.37642606 20 124.4645564
175 33.73716736 20 127.8078384 30.8664465 20 123.1788025 27.37642606 20 124.4645564
175 33.73716736 20 127.8078384 27.06677628 20 127.4219513 27.37642606 20 124.4645564
252 79.34292603 20 59.98333359 75.46748734 20 58.56550407 75.38489278 20 61.38030879
252 79.34292603 20 59.98333359 77.28131485 20 63.4966259 75.38489278 20 61.38030879
92 71.59204865 20 57.14767456 75.46748734 20 58.56550407 75.38489278 20 61.38030879
92 71.59204865 20 57.14767456 73.40587616 20 62.07879639 75.38489278 20 61.38030879
94 75.21970367 20 67.00991821 77.28131485 20 63.4966259 75.38489278 20 61.38030879
94 75.21970367 20 67.00991821 73.40587616 20 62.07879639 75.38489278 20 61.38030879
166 84.26273346 20 66.41147614 85.26641846 20 61.89668655 83.29192098 20 61.25890223
166 84.26273346 20 66.41147614 81.80282974 20 63.19740486 83.29192098 20 61.25890223
253 86.27010345 20 57.38189697 85.26641846 20 61.89668655 83.29192098 20 61.25890223
253 86.27010345 20 57.38189697 82.80651474 20 58.68261528 83.29192098 20 61.25890223
252 79.34292603 20 59.98333359 81.80282974 20 63.19740486 83.29192098 20 61.25890223
252 79.34292603 20 59.98333359 82.80651474 20 58.68261528 83.29192098 20 61.25890223
94 75.21970367 20 67.00991821 79.74121857 20 66.71069717 79.60845439 20 64.46824265
94 75.21970367 20 67.00991821 77.28131485 20 63.4966259 79.60845439 20 64.46824265
166 84.26273346 20 66.41147614 79.74121857 20 66.71069717 79.60845439 20 64.46824265
166 84.26273346 20 66.41147614 81.80282974 20 63.19740486 79.60845439 20 64.46824265
252 79.34292603 20 59.98333359 77.28131485 20 63.4966259 79.60845439 20 64.46824265
252 79.34292603 20 59.98333359 81.80282974 20 63.19740486 79.60845439 20 64.46824265
253 86.27010345 20 57.38189697 83.23241425 20 54.51454544 81.93591817 20 56.33747482
253 86.27010345 20 57.38189697 82.80651474 20 58.68261528 81.93591817 20 56.33747482
215 80.19472504 20 51.64719391 83.23241425 20 54.51454544 81.93591817 20 56.33747482
215 80.19472504 20 51.64719391 79.76882553 20 55.81526375 81.93591817 20 56.33747482
252 79.34292603 20 59.98333359 82.80651474 20 58.68261528 81.93591817 20 56.33747482
252 79.34292603 20 59.98333359 79.76882553 20 55.81526375 81.93591817 20 56.33747482
215 80.19472504 20 51.64719391 75.89338684 20 54.39743423 77.04323324 20 56.25940069
215 80.19472504 20 51.64719391 79.76882553 20 55.81526375 77.04323324 20 56.25940069
92 71.59204865 20 57.14767456 75.89338684 20 54.39743423 77.04323324 20 56.25940069
92 71.59204865 20 57.14767456 75.46748734 20 58.56550407 77.04323324 20 56.25940069
252 79.34292603 20 59.98333359 79.76882553 20 55.81526375 77.04323324 20 56.25940069
252 79.34292603 20 59.98333359 75.46748734 20 58.56550407 77.04323324 20 56.25940069
254 84.60333252 20 113.1356201 83.98056793 20 117.0508156 86.51785024 20 117.6565832
254 84.60333252 20 113.1356201 88.09787369 20 116.0018692 86.51785024 20 117.6565832
255 83.35780334 20 120.966011 83.98056793 20 117.0508156 86.51785024 20 117.6565832
255 83.35780334 20 120.966011 87.4751091 20 119.9170647 86.51785024 20 117.6565832
256 91.59241486 20 118.8681183 88.09787369 20 116.0018692 86.51785024 20 117.6565832
256 91.59241486 20 118.8681183 87.4751091 20 119.9170647 86.51785024 20 117.6565832
256 91.59241486 20 118.8681183 87.4751091 20 119.9170647 87.39844767 20 122.5538483
256 91.59241486 20 118.8681183 89.41876984 20 123.3477669 87.39844767 20 122.5538483
255 83.35780334 20 120.966011 87.4751091 20 119.9170647 87.39844767 20 122.5538483
255 83.35780334 20 120.966011 85.30146408 20 124.3967133 87.39844767 20 122.5538483
167 87.24512482 20 127.8274155 89.41876984 20 123.3477669 87.39844767 20 122.5538483
167 87.24512482 20 127.8274155 85.30146408 20 124.3967133 87.39844767 20 122.5538483
125 97.56747437 20 127.7311401 94.57994461 20 123.2996292 92.13500468 20 124.8088913
125 97.56747437 20 127.7311401 92.40629959 20 127.7792778 92.13500468 20 124.8088913
256 91.59241486 20 118.8681183 94.57994461 20 123.2996292 92.13500468 20 124.8088913
256 91.59241486 20 118.8681183 89.41876984 20 123.3477669 92.13500468 20 124.8088913
167 87.24512482 20 127.8274155 92.40629959 20 127.7792778 92.13500468 20 124.8088913
167 87.24512482 20 127.8274155 89.41876984 20 123.3477669 92.13500468 20 124.8088913
239 96.27818298 20 113.7439804 93.93529892 20 116.3060493 96.58287048 20 117.4167048
239 96.27818298 20 113.7439804 99.0780983 20 116.6909981 96.58287048 20 117.4167048
256 91.59241486 20 118.8681183 93.93529892 20 116.3060493 96.58287048 20 117.4167048
256 91.59241486 20 118.8681183 96.73521423 20 119.253067 96.58287048 20 117.4167048
237 101.8780136 20 119.6380157 99.0780983 20 116.6909981 96.58287048 20 117.4167048
237 101.8780136 20 119.6380157 96.73521423 20 119.253067 96.58287048 20 117.4167048
256 91.59241486 20 118.8681183 94.57994461 20 123.2996292 97.01263428 20 122.0790914
256 91.59241486 20 118.8681183 96.73521423 20 119.253067 97.01263428 20 122.0790914
125 97.56747437 20 127.7311401 94.57994461 20 123.2996292 97.01263428 20 122.0790914
125 97.56747437 20 127.7311401 99.72274399 20 123.6845779 97.01263428 20 122.0790914
237 101.8780136 20 119.6380157 96.73521423 20 119.253067 97.01263428 20 122.0790914
237 101.8780136 20 119.6380157 99.72274399 20 123.6845779 97.01263428 20 122.0790914
22 10 20 120 13.87401295 20 119.2623596 12.5826753 20 116.1749064
22 10 20 120 10 20 115 12.5826753 20 116.1749064
257 17.74802589 20 118.5247192 13.87401295 20 119.2623596 12.5826753 20 116.1749064
257 17.74802589 20 118.5247192 13.87401295 20 114.2623596 12.5826753 20 116.1749064
176 10 20 110 10 20 115 12.5826753 20 116.1749064
176 10 20 110 13.87401295 20 114.2623596 12.5826753 20 116.1749064
257 17.74802589 20 118.5247192 13.87401295 20 119.2623596 16.04813703 20 121.8535945
257 17.74802589 20 118.5247192 19.07220554 20 122.7803917 16.04813703 20 121.8535945
22 10 20 120 13.87401295 20 119.2623596 16.04813703 20 121.8535945
22 10 20 120 15.1981926 20 123.5180321 16.04813703 20 121.8535945
21 20.39638519 20 127.0360641 19.07220554 20 122.7803917 16.04813703 20 121.8535945
21 20.39638519 20 127.0360641 15.1981926 20 123.5180321 16.04813703 20 121.8535945
257 17.74802589 20 118.5247192 18.29123211 20 112.3379021 15.52748807 20 111.5586014
257 17.74802589 20 118.5247192 13.87401295 20 114.2623596 15.52748807 20 111.5586014
177 18.83443832 20 106.1510849 18.29123211 20 112.3379021 15.52748807 20 111.5586014
177 18.83443832 20 106.1510849 14.41721916 20 108.0755424 15.52748807 20 111.5586014
176 10 20 110 13.87401295 20 114.2623596 15.52748807 20 111.5586014
176 10 20 110 14.41721916 20 108.0755424 15.52748807 20 111.5586014
258 23.46330261 20 113.2238312 21.14887047 20 109.687458 20.01525561 20 112.6332118
258 23.46330261 20 113.2238312 20.60566425 20 115.8742752 20.01525561 20 112.6332118
177 18.83443832 20 106.1510849 21.14887047 20 109.687458 20.01525561 20 112.6332118
177 18.83443832 20 106.1510849 18.29123211 20 112.3379021 20.01525561 20 112.6332118
257 17.74802589 20 118.5247192 20.60566425 20 115.8742752 20.01525561 20 112.6332118
257 17.74802589 20 118.5247192 18.29123211 20 112.3379021 20.01525561 20 112.6332118
258 23.46330261 20 113.2238312 20.60566425 20 115.8742752 23.06901805 20 116.7661057
258 23.46330261 20 113.2238312 25.72951412 20 115.8867989 23.06901805 20 116.7661057
257 17.74802589 20 118.5247192 20.60566425 20 115.8742752 23.06901805 20 116.7661057
257 17.74802589 20 118.5247192 22.87187576 20 118.5372429 23.06901805 20 116.7661057
249 27.99572563 20 118.5497665 25.72951412 20 115.8867989 23.06901805 20 116.7661057
249 27.99572563 20 118.5497665 22.87187576 20 118.5372429 23.06901805 20 116.7661057
21 20.39638519 20 127.0360641 24.19605541 20 122.7929153 22.04671224 20 121.3701833
21 20.39638519 20 127.0360641 19.07220554 20 122.7803917 22.04671224 20 121.3701833
249 27.99572563 20 118.5497665 24.19605541 20 122.7929153 22.04671224 20 121.3701833
249 27.99572563 20 118.5497665 22.87187576 20 118.5372429 22.04671224 20 121.3701833
257 17.74802589 20 118.5247192 19.07220554 20 122.7803917 22.04671224 20 121.3701833
257 17.74802589 20 118.5247192 22.87187576 20 118.5372429 22.04671224 20 121.3701833
259 58.98109818 20 172.256958 54.49054909 20 176.128479 56.32703273 20 177.418986
259 58.98109818 20 172.256958 59.49054909 20 176.128479 56.32703273 20 177.418986
133 50 20 180 54.49054909 20 176.128479 56.32703273 20 177.418986
133 50 20 180 55 20 180 56.32703273 20 177.418986
260 60 20 180 59.49054909 20 176.128479 56.32703273 20 177.418986
260 60 20 180 55 20 180 56.32703273 20 177.418986
158 70 20 180 64.49054909 20 176.128479 62.99369939 20 177.418986
158 70 20 180 65 20 180 62.99369939 20 177.418986
259 58.98109818 20 172.256958 64.49054909 20 176.128479 62.99369939 20 177.418986
259 58.98109818 20 172.256958 59.49054909 20 176.128479 62.99369939 20 177.418986
260 60 20 180 65 20 180 62.99369939 20 177.418986
260 60 20 180 59.49054909 20 176.128479 62.99369939 20 177.418986
158 70 20 180 68.29540253 20 174.2034378 65.19063441 20 173.5546112
158 70 20 180 64.49054909 20 176.128479 65.19063441 20 173.5546112
159 66.59080505 20 168.4068756 68.29540253 20 174.2034378 65.19063441 20 173.5546112
159 66.59080505 20 168.4068756 62.78595161 20 170.3319168 65.19063441 20 173.5546112
259 58.98109818 20 172.256958 64.49054909 20 176.128479 65.19063441 20 173.5546112
259 58.98109818 20 172.256958 62.78595161 20 170.3319168 65.19063441 20 173.5546112
233 58.74596786 20 160.5479126 58.86353302 20 166.4024353 61.43929036 20 167.0705821
233 58.74596786 20 160.5479126 62.66838646 20 164.4773941 61.43929036 20 167.0705821
259 58.98109818 20 172.256958 58.86353302 20 166.4024353 61.43929036 20 167.0705821
259 58.98109818 20 172.256958 62.78595161 20 170.3319168 61.43929036 20 167.0705821
159 66.59080505 20 168.4068756 62.66838646 20 164.4773941 61.43929036 20 167.0705821
159 66.59080505 20 168.4068756 62.78595161 20 170.3319168 61.43929036 20 167.0705821
136 51.4757309 20 168.0875397 50.73786545 20 174.0437698 53.48560969 20 173.4481659
136 51.4757309 20 168.0875397 55.22841454 20 170.1722488 53.48560969 20 173.4481659
133 50 20 180 50.73786545 20 174.0437698 53.48560969 20 173.4481659
133 50 20 180 54.49054909 20 176.128479 53.48560969 20 173.4481659
259 58.98109818 20 172.256958 55.22841454 20 170.1722488 53.48560969 20 173.4481659
259 58.98109818 20 172.256958 54.49054909 20 176.128479 53.48560969 20 173.4481659
233 58.74596786 20 160.5479126 55.11084938 20 164.3177261 56.40093231 20 166.9641368
233 58.74596786 20 160.5479126 58.86353302 20 166.4024353 56.40093231 20 166.9641368
136 51.4757309 20 168.0875397 55.11084938 20 164.3177261 56.40093231 20 166.9641368
136 51.4757309 20 168.0875397 55.22841454 20 170.1722488 56.40093231 20 166.9641368
259 58.98109818 20 172.256958 58.86353302 20 166.4024353 56.40093231 20 166.9641368
259 58.98109818 20 172.256958 55.22841454 20 170.1722488 56.40093231 20 166.9641368
90 42.49259567 20 146.0773315 38.51213646 20 148.9797058 39.24091085 20 150.7694092
90 42.49259567 20 146.0773315 41.59552765 20 150.2130737 39.24091085 20 150.7694092
173 34.53167725 20 151.8820801 38.51213646 20 148.9797058 39.24091085 20 150.7694092
173 34.53167725 20 151.8820801 37.61506844 20 153.115448 39.24091085 20 150.7694092
261 40.69845963 20 154.3488159 41.59552765 20 150.2130737 39.24091085 20 150.7694092
261 40.69845963 20 154.3488159 37.61506844 20 153.115448 39.24091085 20 150.7694092
91 48.00005341 20 153.2375641 45.24632454 20 149.6574478 43.73036957 20 151.2212372
91 48.00005341 20 153.2375641 44.34925652 20 153.79319 43.73036957 20 151.2212372
90 42.49259567 20 146.0773315 45.24632454 20 149.6574478 43.73036957 20 151.2212372
90 42.49259567 20 146.0773315 41.59552765 20 150.2130737 43.73036957 20 151.2212372
261 40.69845963 20 154.3488159 44.34925652 20 153.79319 43.73036957 20 151.2212372
261 40.69845963 20 154.3488159 41.59552765 20 150.2130737 43.73036957 20 151.2212372
135 43.32167816 20 162.4228363 45.66086578 20 157.8302002 44.0067304 20 156.6697388
135 43.32167816 20 162.4228363 42.01006889 20 158.3858261 44.0067304 20 156.6697388
91 48.00005341 20 153.2375641 45.66086578 20 157.8302002 44.0067304 20 156.6697388
91 48.00005341 20 153.2375641 44.34925652 20 153.79319 44.0067304 20 156.6697388
261 40.69845963 20 154.3488159 42.01006889 20 158.3858261 44.0067304 20 156.6697388
261 40.69845963 20 154.3488159 44.34925652 20 153.79319 44.0067304 20 156.6697388
135 43.32167816 20 162.4228363 42.01006889 20 158.3858261 39.48606491 20 158.9100545
135 43.32167816 20 162.4228363 38.87986755 20 161.1906738 39.48606491 20 158.9100545
261 40.69845963 20 154.3488159 42.01006889 20 158.3858261 39.48606491 20 158.9100545
261 40.69845963 20 154.3488159 37.56825829 20 157.1536636 39.48606491 20 158.9100545
185 34.43805695 20 159.9585114 38.87986755 20 161.1906738 39.48606491 20 158.9100545
185 34.43805695 20 159.9585114 37.56825829 20 157.1536636 39.48606491 20 158.9100545
185 34.43805695 20 159.9585114 37.56825829 20 157.1536636 36.55606461 20 155.3964691
185 34.43805695 20 159.9585114 34.4848671 20 155.9202957 36.55606461 20 155.3964691
261 40.69845963 20 154.3488159 37.56825829 20 157.1536636 36.55606461 20 155.3964691
261 40.69845963 20 154.3488159 37.61506844 20 153.115448 36.55606461 20 155.3964691
173 34.53167725 20 151.8820801 34.4848671 20 155.9202957 36.55606461 20 155.3964691
173 34.53167725 20 151.8820801 37.61506844 20 153.115448 36.55606461 20 155.3964691
262 77.84339905 20 125.1987991 80.6006012 20 123.0824051 77.72061666 20 121.7903239
262 77.84339905 20 125.1987991 74.90202332 20 122.2024803 77.72061666 20 121.7903239
255 83.35780334 20 120.966011 80.6006012 20 123.0824051 77.72061666 20 121.7903239
255 83.35780334 20 120.966011 77.65922546 20 120.0860863 77.72061666 20 121.7903239
74 71.96064758 20 119.2061615 74.90202332 20 122.2024803 77.72061666 20 121.7903239
74 71.96064758 20 119.2061615 77.65922546 20 120.0860863 77.72061666 20 121.7903239
262 77.84339905 20 125.1987991 74.90202332 20 122.2024803 74.46746572 20 125.2537257
262 77.84339905 20 125.1987991 75.72087479 20 128.2775078 74.46746572 20 125.2537257
74 71.96064758 20 119.2061615 74.90202332 20 122.2024803 74.46746572 20 125.2537257
74 71.96064758 20 119.2061615 72.77949905 20 125.281189 74.46746572 20 125.2537257
77 73.59835052 20 131.3562164 75.72087479 20 128.2775078 74.46746572 20 125.2537257
77 73.59835052 20 131.3562164 72.77949905 20 125.281189 74.46746572 20 125.2537257
168 80.77075958 20 136.0491943 79.30707932 20 130.6239967 77.40416972 20 130.86807
168 80.77075958 20 136.0491943 77.18455505 20 133.7027054 77.40416972 20 130.86807
262 77.84339905 20 125.1987991 79.30707932 20 130.6239967 77.40416972 20 130.86807
262 77.84339905 20 125.1987991 75.72087479 20 128.2775078 77.40416972 20 130.86807
77 73.59835052 20 131.3562164 77.18455505 20 133.7027054 77.40416972 20 130.86807
77 73.59835052 20 131.3562164 75.72087479 20 128.2775078 77.40416972 20 130.86807
255 83.35780334 20 120.966011 80.6006012 20 123.0824051 82.8154424 20 124.6640752
255 83.35780334 20 120.966011 85.30146408 20 124.3967133 82.8154424 20 124.6640752
262 77.84339905 20 125.1987991 80.6006012 20 123.0824051 82.8154424 20 124.6640752
262 77.84339905 20 125.1987991 82.54426193 20 126.5131073 82.8154424 20 124.6640752
167 87.24512482 20 127.8274155 85.30146408 20 124.3967133 82.8154424 20 124.6640752
167 87.24512482 20 127.8274155 82.54426193 20 126.5131073 82.8154424 20 124.6640752
168 80.77075958 20 136.0491943 84.0079422 20 131.9383049 81.95309448 20 129.691803
168 80.77075958 20 136.0491943 79.30707932 20 130.6239967 81.95309448 20 129.691803
167 87.24512482 20 127.8274155 84.0079422 20 131.9383049 81.95309448 20 129.691803
167 87.24512482 20 127.8274155 82.54426193 20 126.5131073 81.95309448 20 129.691803
262 77.84339905 20 125.1987991 79.30707932 20 130.6239967 81.95309448 20 129.691803
262 77.84339905 20 125.1987991 82.54426193 20 126.5131073 81.95309448 20 129.691803
215 80.19472504 20 51.64719391 83.23241425 20 54.51454544 85.08669281 20 52.69806544
215 80.19472504 20 51.64719391 84.49498749 20 50.35614967 85.08669281 20 52.69806544
253 86.27010345 20 57.38189697 83.23241425 20 54.51454544 85.08669281 20 52.69806544
253 86.27010345 20 57.38189697 87.5326767 20 53.22350121 85.08669281 20 52.69806544
263 88.79524994 20 49.06510544 84.49498749 20 50.35614967 85.08669281 20 52.69806544
263 88.79524994 20 49.06510544 87.5326767 20 53.22350121 85.08669281 20 52.69806544
194 82.69608307 20 41.25838852 81.44540405 20 46.45279121 83.89535268 20 47.32356262
194 82.69608307 20 41.25838852 85.7456665 20 45.16174698 83.89535268 20 47.32356262
215 80.19472504 20 51.64719391 81.44540405 20 46.45279121 83.89535268 20 47.32356262
215 80.19472504 20 51.64719391 84.49498749 20 50.35614967 83.89535268 20 47.32356262
263 88.79524994 20 49.06510544 85.7456665 20 45.16174698 83.89535268 20 47.32356262
263 88.79524994 20 49.06510544 84.49498749 20 50.35614967 83.89535268 20 47.32356262
129 44.76070404 20 131.2397003 49.36101913 20 128.596241 47.36457952 20 126.665919
129 44.76070404 20 131.2397003 44.06620216 20 127.0224876 47.36457952 20 126.665919
119 53.96133423 20 125.9527817 49.36101913 20 128.596241 47.36457952 20 126.665919
119 53.96133423 20 125.9527817 48.66651726 20 124.3790283 47.36457952 20 126.665919
264 43.37170029 20 122.805275 44.06620216 20 127.0224876 47.36457952 20 126.665919
264 43.37170029 20 122.805275 48.66651726 20 124.3790283 47.36457952 20 126.665919
264 43.37170029 20 122.805275 48.66651726 20 124.3790283 49.18836594 20 122.1979319
264 43.37170029 20 122.805275 46.80188179 20 120.320507 49.18836594 20 122.1979319
119 53.96133423 20 125.9527817 48.66651726 20 124.3790283 49.18836594 20 122.1979319
119 53.96133423 20 125.9527817 52.09669876 20 121.8942604 49.18836594 20 122.1979319
120 50.23206329 20 117.8357391 46.80188179 20 120.320507 49.18836594 20 122.1979319
120 50.23206329 20 117.8357391 52.09669876 20 121.8942604 49.18836594 20 122.1979319
264 43.37170029 20 122.805275 39.9017849 20 120.948246 37.84691238 20 123.2347768
264 43.37170029 20 122.805275 38.55443382 20 125.3065567 37.84691238 20 123.2347768
250 36.43186951 20 119.091217 39.9017849 20 120.948246 37.84691238 20 123.2347768
250 36.43186951 20 119.091217 35.08451843 20 123.4495277 37.84691238 20 123.2347768
175 33.73716736 20 127.8078384 38.55443382 20 125.3065567 37.84691238 20 123.2347768
175 33.73716736 20 127.8078384 35.08451843 20 123.4495277 37.84691238 20 123.2347768
264 43.37170029 20 122.805275 38.55443382 20 125.3065567 40.62319056 20 127.2842712
264 43.37170029 20 122.805275 44.06620216 20 127.0224876 40.62319056 20 127.2842712
175 33.73716736 20 127.8078384 38.55443382 20 125.3065567 40.62319056 20 127.2842712
175 33.73716736 20 127.8078384 39.2489357 20 129.5237694 40.62319056 20 127.2842712
129 44.76070404 20 131.2397003 44.06620216 20 127.0224876 40.62319056 20 127.2842712
129 44.76070404 20 131.2397003 39.2489357 20 129.5237694 40.62319056 20 127.2842712
62 45.1167984 20 67.1243515 47.2340641 20 62.47404671 45.15883255 20 61.39142354
62 45.1167984 20 67.1243515 43.06258392 20 63.17526436 45.15883255 20 61.39142354
60 49.3513298 20 57.82374191 47.2340641 20 62.47404671 45.15883255 20 61.39142354
60 49.3513298 20 57.82374191 45.17984962 20 58.52495956 45.15883255 20 61.39142354
265 41.00836945 20 59.22617722 43.06258392 20 63.17526436 45.15883255 20 61.39142354
265 41.00836945 20 59.22617722 45.17984962 20 58.52495956 45.15883255 20 61.39142354
266 34.95658493 20 55.23533249 34.50543022 20 59.6721096 36.67307663 20 59.52346547
266 34.95658493 20 55.23533249 37.98247719 20 57.23075485 36.67307663 20 59.52346547
115 34.05427551 20 64.10888672 34.50543022 20 59.6721096 36.67307663 20 59.52346547
115 34.05427551 20 64.10888672 37.53132248 20 61.66753197 36.67307663 20 59.52346547
265 41.00836945 20 59.22617722 37.98247719 20 57.23075485 36.67307663 20 59.52346547
265 41.00836945 20 59.22617722 37.53132248 20 61.66753197 36.67307663 20 59.52346547
265 41.00836945 20 59.22617722 37.53132248 20 61.66753197 40.05981445 20 63.48647181
265 41.00836945 20 59.22617722 43.06258392 20 63.17526436 40.05981445 20 63.48647181
115 34.05427551 20 64.10888672 37.53132248 20 61.66753197 40.05981445 20 63.48647181
115 34.05427551 20 64.10888672 39.58553696 20 65.61661911 40.05981445 20 63.48647181
62 45.1167984 20 67.1243515 43.06258392 20 63.17526436 40.05981445 20 63.48647181
62 45.1167984 20 67.1243515 39.58553696 20 65.61661911 40.05981445 20 63.48647181
164 43.4654541 20 43.94316483 41.51386642 20 41.20812416 38.83164597 20 42.51066971
164 43.4654541 20 43.94316483 38.46632957 20 44.52946281 38.83164597 20 42.51066971
267 39.56227875 20 38.4730835 41.51386642 20 41.20812416 38.83164597 20 42.51066971
267 39.56227875 20 38.4730835 36.5147419 20 41.79442215 38.83164597 20 42.51066971
268 33.46720505 20 45.1157608 38.46632957 20 44.52946281 38.83164597 20 42.51066971
268 33.46720505 20 45.1157608 36.5147419 20 41.79442215 38.83164597 20 42.51066971
163 47.65099716 20 36.64700699 44.14217949 20 33.52095413 42.61554591 20 35.17166392
163 47.65099716 20 36.64700699 43.60663795 20 37.56004524 42.61554591 20 35.17166392
138 40.63336182 20 30.39490128 44.14217949 20 33.52095413 42.61554591 20 35.17166392
138 40.63336182 20 30.39490128 40.09782028 20 34.43399239 42.61554591 20 35.17166392
267 39.56227875 20 38.4730835 43.60663795 20 37.56004524 42.61554591 20 35.17166392
267 39.56227875 20 38.4730835 40.09782028 20 34.43399239 42.61554591 20 35.17166392
267 39.56227875 20 38.4730835 41.51386642 20 41.20812416 43.55957667 20 39.68775177
267 39.56227875 20 38.4730835 43.60663795 20 37.56004524 43.55957667 20 39.68775177
164 43.4654541 20 43.94316483 41.51386642 20 41.20812416 43.55957667 20 39.68775177
164 43.4654541 20 43.94316483 45.55822563 20 40.29508591 43.55957667 20 39.68775177
163 47.65099716 20 36.64700699 43.60663795 20 37.56004524 43.55957667 20 39.68775177
163 47.65099716 20 36.64700699 45.55822563 20 40.29508591 43.55957667 20 39.68775177
267 39.56227875 20 38.4730835 40.09782028 20 34.43399239 37.59667333 20 35.04418691
267 39.56227875 20 38.4730835 36.07832909 20 37.36882973 37.59667333 20 35.04418691
138 40.63336182 20 30.39490128 40.09782028 20 34.43399239 37.59667333 20 35.04418691
138 40.63336182 20 30.39490128 36.61387062 20 33.32973862 37.59667333 20 35.04418691
209 32.59437943 20 36.26457596 36.07832909 20 37.36882973 37.59667333 20 35.04418691
209 32.59437943 20 36.26457596 36.61387062 20 33.32973862 37.59667333 20 35.04418691
267 39.56227875 20 38.4730835 36.07832909 20 37.36882973 35.20795441 20 39.95114009
267 39.56227875 20 38.4730835 36.5147419 20 41.79442215 35.20795441 20 39.95114009
209 32.59437943 20 36.26457596 36.07832909 20 37.36882973 35.20795441 20 39.95114009
209 32.59437943 20 36.26457596 33.03079224 20 40.69016838 35.20795441 20 39.95114009
268 33.46720505 20 45.1157608 36.5147419 20 41.79442215 35.20795441 20 39.95114009
268 33.46720505 20 45.1157608 33.03079224 20 40.69016838 35.20795441 20 39.95114009
266 34.95658493 20 55.23533249 38.45690346 20 53.41985893 36.79367065 20 50.65182622
266 34.95658493 20 55.23533249 34.21189499 20 50.17554665 36.79367065 20 50.65182622
269 41.95722198 20 51.60438538 38.45690346 20 53.41985893 36.79367065 20 50.65182622
269 41.95722198 20 51.60438538 37.71221352 20 48.36007309 36.79367065 20 50.65182622
268 33.46720505 20 45.1157608 34.21189499 20 50.17554665 36.79367065 20 50.65182622
268 33.46720505 20 45.1157608 37.71221352 20 48.36007309 36.79367065 20 50.65182622
164 43.4654541 20 43.94316483 38.46632957 20 44.52946281 39.62996038 20 46.88777033
164 43.4654541 20 43.94316483 42.71133804 20 47.7737751 39.62996038 20 46.88777033
268 33.46720505 20 45.1157608 38.46632957 20 44.52946281 39.62996038 20 46.88777033
268 33.46720505 20 45.1157608 37.71221352 20 48.36007309 39.62996038 20 46.88777033
269 41.95722198 20 51.60438538 42.71133804 20 47.7737751 39.62996038 20 46.88777033
269 41.95722198 20 51.60438538 37.71221352 20 48.36007309 39.62996038 20 46.88777033
164 43.4654541 20 43.94316483 42.71133804 20 47.7737751 45.72954814 20 47.49358749
164 43.4654541 20 43.94316483 47.61571121 20 45.43818855 45.72954814 20 47.49358749
269 41.95722198 20 51.60438538 42.71133804 20 47.7737751 45.72954814 20 47.49358749
269 41.95722198 20 51.60438538 46.86159515 20 49.26879883 45.72954814 20 47.49358749
101 51.76596832 20 46.93321228 47.61571121 20 45.43818855 45.72954814 20 47.49358749
101 51.76596832 20 46.93321228 46.86159515 20 49.26879883 45.72954814 20 47.49358749
269 41.95722198 20 51.60438538 45.65427589 20 54.71406364 47.6915067 20 52.12044652
269 41.95722198 20 51.60438538 46.86159515 20 49.26879883 47.6915067 20 52.12044652
60 49.3513298 20 57.82374191 45.65427589 20 54.71406364 47.6915067 20 52.12044652
60 49.3513298 20 57.82374191 50.55864906 20 52.3784771 47.6915067 20 52.12044652
101 51.76596832 20 46.93321228 46.86159515 20 49.26879883 47.6915067 20 52.12044652
101 51.76596832 20 46.93321228 50.55864906 20 52.3784771 47.6915067 20 52.12044652
269 41.95722198 20 51.60438538 38.45690346 20 53.41985893 39.30739212 20 55.35529836
269 41.95722198 20 51.60438538 41.48279572 20 55.4152813 39.30739212 20 55.35529836
266 34.95658493 20 55.23533249 38.45690346 20 53.41985893 39.30739212 20 55.35529836
266 34.95658493 20 55.23533249 37.98247719 20 57.23075485 39.30739212 20 55.35529836
265 41.00836945 20 59.22617722 41.48279572 20 55.4152813 39.30739212 20 55.35529836
265 41.00836945 20 59.22617722 37.98247719 20 57.23075485 39.30739212 20 55.35529836
265 41.00836945 20 59.22617722 45.17984962 20 58.52495956 44.10564041 20 56.2181015
265 41.00836945 20 59.22617722 41.48279572 20 55.4152813 44.10564041 20 56.2181015
60 49.3513298 20 57.82374191 45.17984962 20 58.52495956 44.10564041 20 56.2181015
60 49.3513298 20 57.82374191 45.65427589 20 54.71406364 44.10564041 20 56.2181015
269 41.95722198 20 51.60438538 41.48279572 20 55.4152813 44.10564041 20 56.2181015
269 41.95722198 20 51.60438538 45.65427589 20 54.71406364 44.10564041 20 56.2181015
52 25.92810059 20 19.3578167 21.30493164 20 21.27031708 21.88856951 20 23.31159592
52 25.92810059 20 19.3578167 24.49197292 20 23.37598515 21.88856951 20 23.31159592
38 16.6817627 20 23.18281746 21.30493164 20 21.27031708 21.88856951 20 23.31159592
38 16.6817627 20 23.18281746 19.86880398 20 25.28848553 21.88856951 20 23.31159592
270 23.05584526 20 27.39415359 24.49197292 20 23.37598515 21.88856951 20 23.31159592
270 23.05584526 20 27.39415359 19.86880398 20 25.28848553 21.88856951 20 23.31159592
137 30.73642349 20 27.65150642 28.33226204 20 23.50466156 26.57345645 20 24.80115891
137 30.73642349 20 27.65150642 26.89613438 20 27.52283001 26.57345645 20 24.80115891
52 25.92810059 20 19.3578167 28.33226204 20 23.50466156 26.57345645 20 24.80115891
52 25.92810059 20 19.3578167 24.49197292 20 23.37598515 26.57345645 20 24.80115891
270 23.05584526 20 27.39415359 26.89613438 20 27.52283001 26.57345645 20 24.80115891
270 23.05584526 20 27.39415359 24.49197292 20 23.37598515 26.57345645 20 24.80115891
137 30.73642349 20 27.65150642 26.89613438 20 27.52283001 26.19308408 20 29.78901736
137 30.73642349 20 27.65150642 27.76170349 20 30.98644924 26.19308408 20 29.78901736
270 23.05584526 20 27.39415359 26.89613438 20 27.52283001 26.19308408 20 29.78901736
270 23.05584526 20 27.39415359 23.92141438 20 30.85777283 26.19308408 20 29.78901736
201 24.78698349 20 34.32139206 27.76170349 20 30.98644924 26.19308408 20 29.78901736
201 24.78698349 20 34.32139206 23.92141438 20 30.85777283 26.19308408 20 29.78901736
270 23.05584526 20 27.39415359 20.1008997 20 29.92569542 21.66292763 20 31.39092763
270 23.05584526 20 27.39415359 23.92141438 20 30.85777283 21.66292763 20 31.39092763
156 17.14595413 20 32.45723724 20.1008997 20 29.92569542 21.66292763 20 31.39092763
156 17.14595413 20 32.45723724 20.96646881 20 33.38931465 21.66292763 20 31.39092763
201 24.78698349 20 34.32139206 23.92141438 20 30.85777283 21.66292763 20 31.39092763
201 24.78698349 20 34.32139206 20.96646881 20 33.38931465 21.66292763 20 31.39092763
156 17.14595413 20 32.45723724 20.1008997 20 29.92569542 18.96118736 20 27.67806943
156 17.14595413 20 32.45723724 16.91385841 20 27.82002735 18.96118736 20 27.67806943
270 23.05584526 20 27.39415359 20.1008997 20 29.92569542 18.96118736 20 27.67806943
270 23.05584526 20 27.39415359 19.86880398 20 25.28848553 18.96118736 20 27.67806943
38 16.6817627 20 23.18281746 16.91385841 20 27.82002735 18.96118736 20 27.67806943
38 16.6817627 20 23.18281746 19.86880398 20 25.28848553 18.96118736 20 27.67806943
49 94.07189941 20 19.3578167 95.48630142 20 23.40503216 98.09694672 20 23.33096059
49 94.07189941 20 19.3578167 98.69506836 20 21.27031708 98.09694672 20 23.33096059
271 96.90070343 20 27.45224762 95.48630142 20 23.40503216 98.09694672 20 23.33096059
271 96.90070343 20 27.45224762 100.1094704 20 25.31753254 98.09694672 20 23.33096059
35 103.3182373 20 23.18281746 98.69506836 20 21.27031708 98.09694672 20 23.33096059
35 103.3182373 20 23.18281746 100.1094704 20 25.31753254 98.09694672 20 23.33096059
139 89.20417786 20 27.73970032 93.05244064 20 27.59597397 93.39226023 20 24.84992154
139 89.20417786 20 27.73970032 91.63803864 20 23.54875851 93.39226023 20 24.84992154
271 96.90070343 20 27.45224762 93.05244064 20 27.59597397 93.39226023 20 24.84992154
271 96.90070343 20 27.45224762 95.48630142 20 23.40503216 93.39226023 20 24.84992154
49 94.07189941 20 19.3578167 91.63803864 20 23.54875851 93.39226023 20 24.84992154
49 94.07189941 20 19.3578167 95.48630142 20 23.40503216 93.39226023 20 24.84992154
139 89.20417786 20 27.73970032 92.14094162 20 31.11723328 93.72752889 20 29.89557139
139 89.20417786 20 27.73970032 93.05244064 20 27.59597397 93.72752889 20 29.89557139
197 95.07770538 20 34.49476624 92.14094162 20 31.11723328 93.72752889 20 29.89557139
197 95.07770538 20 34.49476624 95.98920441 20 30.97350693 93.72752889 20 29.89557139
271 96.90070343 20 27.45224762 93.05244064 20 27.59597397 93.72752889 20 29.89557139
271 96.90070343 20 27.45224762 95.98920441 20 30.97350693 93.72752889 20 29.89557139
197 95.07770538 20 34.49476624 98.95460129 20 33.49044991 98.26996867 20 31.47771581
197 95.07770538 20 34.49476624 95.98920441 20 30.97350693 98.26996867 20 31.47771581
153 102.8314972 20 32.48613358 98.95460129 20 33.49044991 98.26996867 20 31.47771581
153 102.8314972 20 32.48613358 99.86610031 20 29.9691906 98.26996867 20 31.47771581
271 96.90070343 20 27.45224762 95.98920441 20 30.97350693 98.26996867 20 31.47771581
271 96.90070343 20 27.45224762 99.86610031 20 29.9691906 98.26996867 20 31.47771581
35 103.3182373 20 23.18281746 100.1094704 20 25.31753254 101.0168126 20 27.70706622
35 103.3182373 20 23.18281746 103.0748672 20 27.83447552 101.0168126 20 27.70706622
271 96.90070343 20 27.45224762 100.1094704 20 25.31753254 101.0168126 20 27.70706622
271 96.90070343 20 27.45224762 99.86610031 20 29.9691906 101.0168126 20 27.70706622
153 102.8314972 20 32.48613358 103.0748672 20 27.83447552 101.0168126 20 27.70706622
153 102.8314972 20 32.48613358 99.86610031 20 29.9691906 101.0168126 20 27.70706622
272 90.60430908 20 109.200882 96.14075851 20 107.8575096 94.10726166 20 105.5067927
272 90.60430908 20 109.200882 90.32228851 20 105.0031204 94.10726166 20 105.5067927
179 101.6772079 20 106.5141373 96.14075851 20 107.8575096 94.10726166 20 105.5067927
179 101.6772079 20 106.5141373 95.85873795 20 103.6597481 94.10726166 20 105.5067927
181 90.04026794 20 100.8053589 90.32228851 20 105.0031204 94.10726166 20 105.5067927
181 90.04026794 20 100.8053589 95.85873795 20 103.6597481 94.10726166 20 105.5067927
239 96.27818298 20 113.7439804 98.97769547 20 110.1290588 96.18656667 20 109.8196665
239 96.27818298 20 113.7439804 93.44124603 20 111.4724312 96.18656667 20 109.8196665
179 101.6772079 20 106.5141373 98.97769547 20 110.1290588 96.18656667 20 109.8196665
179 101.6772079 20 106.5141373 96.14075851 20 107.8575096 96.18656667 20 109.8196665
272 90.60430908 20 109.200882 93.44124603 20 111.4724312 96.18656667 20 109.8196665
272 90.60430908 20 109.200882 96.14075851 20 107.8575096 96.18656667 20 109.8196665
256 91.59241486 20 118.8681183 93.93529892 20 116.3060493 92.82496897 20 113.9376602
256 91.59241486 20 118.8681183 91.09836197 20 114.0345001 92.82496897 20 113.9376602
239 96.27818298 20 113.7439804 93.93529892 20 116.3060493 92.82496897 20 113.9376602
239 96.27818298 20 113.7439804 93.44124603 20 111.4724312 92.82496897 20 113.9376602
272 90.60430908 20 109.200882 91.09836197 20 114.0345001 92.82496897 20 113.9376602
272 90.60430908 20 109.200882 93.44124603 20 111.4724312 92.82496897 20 113.9376602
256 91.59241486 20 118.8681183 91.09836197 20 114.0345001 88.93335215 20 113.7348735
256 91.59241486 20 118.8681183 88.09787369 20 116.0018692 88.93335215 20 113.7348735
272 90.60430908 20 109.200882 91.09836197 20 114.0345001 88.93335215 20 113.7348735
272 90.60430908 20 109.200882 87.6038208 20 111.168251 88.93335215 20 113.7348735
254 84.60333252 20 113.1356201 88.09787369 20 116.0018692 88.93335215 20 113.7348735
254 84.60333252 20 113.1356201 87.6038208 20 111.168251 88.93335215 20 113.7348735
273 27.14963531 20 54.94533157 31.05311012 20 55.09033203 31.85780843 20 51.76547496
273 27.14963531 20 54.94533157 30.30842018 20 50.03054619 31.85780843 20 51.76547496
266 34.95658493 20 55.23533249 31.05311012 20 55.09033203 31.85780843 20 51.76547496
266 34.95658493 20 55.23533249 34.21189499 20 50.17554665 31.85780843 20 51.76547496
268 33.46720505 20 45.1157608 30.30842018 20 50.03054619 31.85780843 20 51.76547496
268 33.46720505 20 45.1157608 34.21189499 20 50.17554665 31.85780843 20 51.76547496
200 22.97408295 20 48.1248436 25.06185913 20 51.53508759 27.8636411 20 49.39531199
200 22.97408295 20 48.1248436 28.220644 20 46.6203022 27.8636411 20 49.39531199
273 27.14963531 20 54.94533157 25.06185913 20 51.53508759 27.8636411 20 49.39531199
273 27.14963531 20 54.94533157 30.30842018 20 50.03054619 27.8636411 20 49.39531199
268 33.46720505 20 45.1157608 28.220644 20 46.6203022 27.8636411 20 49.39531199
268 33.46720505 20 45.1157608 30.30842018 20 50.03054619 27.8636411 20 49.39531199
115 34.05427551 20 64.10888672 34.50543022 20 59.6721096 32.05349859 20 58.09651693
115 34.05427551 20 64.10888672 30.60195541 20 59.52710915 32.05349859 20 58.09651693
266 34.95658493 20 55.23533249 34.50543022 20 59.6721096 32.05349859 20 58.09651693
266 34.95658493 20 55.23533249 31.05311012 20 55.09033203 32.05349859 20 58.09651693
273 27.14963531 20 54.94533157 30.60195541 20 59.52710915 32.05349859 20 58.09651693
273 27.14963531 20 54.94533157 31.05311012 20 55.09033203 32.05349859 20 58.09651693
114 22.80764008 20 62.00105286 28.43095779 20 63.05496979 28.0038503 20 60.35175705
114 22.80764008 20 62.00105286 24.9786377 20 58.47319221 28.0038503 20 60.35175705
115 34.05427551 20 64.10888672 28.43095779 20 63.05496979 28.0038503 20 60.35175705
115 34.05427551 20 64.10888672 30.60195541 20 59.52710915 28.0038503 20 60.35175705
273 27.14963531 20 54.94533157 24.9786377 20 58.47319221 28.0038503 20 60.35175705
273 27.14963531 20 54.94533157 30.60195541 20 59.52710915 28.0038503 20 60.35175705
273 27.14963531 20 54.94533157 25.06185913 20 51.53508759 22.48900096 20 52.56838353
273 27.14963531 20 54.94533157 22.24645996 20 54.7901535 22.48900096 20 52.56838353
200 22.97408295 20 48.1248436 25.06185913 20 51.53508759 22.48900096 20 52.56838353
200 22.97408295 20 48.1248436 20.15868378 20 51.37990952 22.48900096 20 52.56838353
202 17.34328461 20 54.63497543 22.24645996 20 54.7901535 22.48900096 20 52.56838353
202 17.34328461 20 54.63497543 20.15868378 20 51.37990952 22.48900096 20 52.56838353
114 22.80764008 20 62.00105286 24.9786377 20 58.47319221 22.43352 20 57.19378662
114 22.80764008 20 62.00105286 20.07546234 20 58.31801414 22.43352 20 57.19378662
273 27.14963531 20 54.94533157 24.9786377 20 58.47319221 22.43352 20 57.19378662
273 27.14963531 20 54.94533157 22.24645996 20 54.7901535 22.43352 20 57.19378662
202 17.34328461 20 54.63497543 20.07546234 20 58.31801414 22.43352 20 57.19378662
202 17.34328461 20 54.63497543 22.24645996 20 54.7901535 22.43352 20 57.19378662
181 90.04026794 20 100.8053589 84.76575851 20 98.27177048 83.91188558 20 100.7613856
181 90.04026794 20 100.8053589 86.12220383 20 103.2729874 83.91188558 20 100.7613856
110 79.49124908 20 95.73818207 84.76575851 20 98.27177048 83.91188558 20 100.7613856
110 79.49124908 20 95.73818207 80.8476944 20 100.739399 83.91188558 20 100.7613856
274 82.20413971 20 105.7406158 86.12220383 20 103.2729874 83.91188558 20 100.7613856
274 82.20413971 20 105.7406158 80.8476944 20 100.739399 83.91188558 20 100.7613856
274 82.20413971 20 105.7406158 80.8476944 20 100.739399 78.2609965 20 101.6923625
274 82.20413971 20 105.7406158 77.64587021 20 104.6694527 78.2609965 20 101.6923625
110 79.49124908 20 95.73818207 80.8476944 20 100.739399 78.2609965 20 101.6923625
110 79.49124908 20 95.73818207 76.2894249 20 99.66823578 78.2609965 20 101.6923625
111 73.08760071 20 103.5982895 77.64587021 20 104.6694527 78.2609965 20 101.6923625
111 73.08760071 20 103.5982895 76.2894249 20 99.66823578 78.2609965 20 101.6923625
272 90.60430908 20 109.200882 90.32228851 20 105.0031204 87.61623891 20 105.2489522
272 90.60430908 20 109.200882 86.4042244 20 107.4707489 87.61623891 20 105.2489522
181 90.04026794 20 100.8053589 90.32228851 20 105.0031204 87.61623891 20 105.2489522
181 90.04026794 20 100.8053589 86.12220383 20 103.2729874 87.61623891 20 105.2489522
274 82.20413971 20 105.7406158 86.4042244 20 107.4707489 87.61623891 20 105.2489522
274 82.20413971 20 105.7406158 86.12220383 20 103.2729874 87.61623891 20 105.2489522
274 82.20413971 20 105.7406158 83.40373611 20 109.438118 85.8039271 20 109.3590393
274 82.20413971 20 105.7406158 86.4042244 20 107.4707489 85.8039271 20 109.3590393
254 84.60333252 20 113.1356201 83.40373611 20 109.438118 85.8039271 20 109.3590393
254 84.60333252 20 113.1356201 87.6038208 20 111.168251 85.8039271 20 109.3590393
272 90.60430908 20 109.200882 86.4042244 20 107.4707489 85.8039271 20 109.3590393
272 90.60430908 20 109.200882 87.6038208 20 111.168251 85.8039271 20 109.3590393
275 100.6621475 20 163.1642151 101.682785 20 159.3979645 99.05716451 20 160.0117798
275 100.6621475 20 163.1642151 97.23403549 20 162.2018127 99.05716451 20 160.0117798
40 102.7034225 20 155.6317139 101.682785 20 159.3979645 99.05716451 20 160.0117798
40 102.7034225 20 155.6317139 98.254673 20 158.4355621 99.05716451 20 160.0117798
89 93.80592346 20 161.2394104 97.23403549 20 162.2018127 99.05716451 20 160.0117798
89 93.80592346 20 161.2394104 98.254673 20 158.4355621 99.05716451 20 160.0117798
89 93.80592346 20 161.2394104 95.10379028 20 165.9295044 96.95657603 20 165.0077413
89 93.80592346 20 161.2394104 97.23403549 20 162.2018127 96.95657603 20 165.0077413
88 96.4016571 20 170.6195984 95.10379028 20 165.9295044 96.95657603 20 165.0077413
88 96.4016571 20 170.6195984 98.53190231 20 166.8919067 96.95657603 20 165.0077413
275 100.6621475 20 163.1642151 97.23403549 20 162.2018127 96.95657603 20 165.0077413
275 100.6621475 20 163.1642151 98.53190231 20 166.8919067 96.95657603 20 165.0077413
88 96.4016571 20 170.6195984 100.7459221 20 169.1704407 100.7179972 20 167.1683655
88 96.4016571 20 170.6195984 98.53190231 20 166.8919067 100.7179972 20 167.1683655
225 105.0901871 20 167.721283 100.7459221 20 169.1704407 100.7179972 20 167.1683655
225 105.0901871 20 167.721283 102.8761673 20 165.442749 100.7179972 20 167.1683655
275 100.6621475 20 163.1642151 98.53190231 20 166.8919067 100.7179972 20 167.1683655
275 100.6621475 20 163.1642151 102.8761673 20 165.442749 100.7179972 20 167.1683655
275 100.6621475 20 163.1642151 102.8761673 20 165.442749 104.3400345 20 164.1803436
275 100.6621475 20 163.1642151 103.9649582 20 162.409874 104.3400345 20 164.1803436
225 105.0901871 20 167.721283 102.8761673 20 165.442749 104.3400345 20 164.1803436
225 105.0901871 20 167.721283 106.178978 20 164.6884079 104.3400345 20 164.1803436
246 107.2677689 20 161.6555328 103.9649582 20 162.409874 104.3400345 20 164.1803436
246 107.2677689 20 161.6555328 106.178978 20 164.6884079 104.3400345 20 164.1803436
275 100.6621475 20 163.1642151 103.9649582 20 162.409874 103.5444463 20 160.1504873
275 100.6621475 20 163.1642151 101.682785 20 159.3979645 103.5444463 20 160.1504873
246 107.2677689 20 161.6555328 103.9649582 20 162.409874 103.5444463 20 160.1504873
246 107.2677689 20 161.6555328 104.9855957 20 158.6436234 103.5444463 20 160.1504873
40 102.7034225 20 155.6317139 101.682785 20 159.3979645 103.5444463 20 160.1504873
40 102.7034225 20 155.6317139 104.9855957 20 158.6436234 103.5444463 20 160.1504873
142 27.26825523 20 136.4378662 22.55118465 20 136.0170898 22.38128789 20 137.7926839
142 27.26825523 20 136.4378662 24.6548748 20 138.8908691 22.38128789 20 137.7926839
140 17.83411407 20 135.5963135 22.55118465 20 136.0170898 22.38128789 20 137.7926839
140 17.83411407 20 135.5963135 19.93780422 20 138.4700928 22.38128789 20 137.7926839
276 22.04149437 20 141.3438721 24.6548748 20 138.8908691 22.38128789 20 137.7926839
276 22.04149437 20 141.3438721 19.93780422 20 138.4700928 22.38128789 20 137.7926839
174 30.88394165 20 144.6118774 29.07609844 20 140.5248718 26.73123042 20 140.7978719
174 30.88394165 20 144.6118774 26.46271801 20 142.9778748 26.73123042 20 140.7978719
142 27.26825523 20 136.4378662 29.07609844 20 140.5248718 26.73123042 20 140.7978719
142 27.26825523 20 136.4378662 24.6548748 20 138.8908691 26.73123042 20 140.7978719
276 22.04149437 20 141.3438721 26.46271801 20 142.9778748 26.73123042 20 140.7978719
276 22.04149437 20 141.3438721 24.6548748 20 138.8908691 26.73123042 20 140.7978719
277 21.68233681 20 148.6672821 26.28313923 20 146.6395798 24.86925761 20 144.8743439
277 21.68233681 20 148.6672821 21.86191559 20 145.0055771 24.86925761 20 144.8743439
174 30.88394165 20 144.6118774 26.28313923 20 146.6395798 24.86925761 20 144.8743439
174 30.88394165 20 144.6118774 26.46271801 20 142.9778748 24.86925761 20 144.8743439
276 22.04149437 20 141.3438721 21.86191559 20 145.0055771 24.86925761 20 144.8743439
276 22.04149437 20 141.3438721 26.46271801 20 142.9778748 24.86925761 20 144.8743439
203 15.87541199 20 145 18.7788744 20 146.8336411 19.86641439 20 145.0037181
203 15.87541199 20 145 18.95845318 20 143.171936 19.86641439 20 145.0037181
277 21.68233681 20 148.6672821 18.7788744 20 146.8336411 19.86641439 20 145.0037181
277 21.68233681 20 148.6672821 21.86191559 20 145.0055771 19.86641439 20 145.0037181
276 22.04149437 20 141.3438721 18.95845318 20 143.171936 19.86641439 20 145.0037181
276 22.04149437 20 141.3438721 21.86191559 20 145.0055771 19.86641439 20 145.0037181
276 22.04149437 20 141.3438721 19.93780422 20 138.4700928 18.58367348 20 140.6467285
276 22.04149437 20 141.3438721 18.95845318 20 143.171936 18.58367348 20 140.6467285
140 17.83411407 20 135.5963135 19.93780422 20 138.4700928 18.58367348 20 140.6467285
140 17.83411407 20 135.5963135 16.85476303 20 140.2981567 18.58367348 20 140.6467285
203 15.87541199 20 145 18.95845318 20 143.171936 18.58367348 20 140.6467285
203 15.87541199 20 145 16.85476303 20 140.2981567 18.58367348 20 140.6467285
192 98.03009796 20 48.53336716 96.05976868 20 52.19413757 98.25217438 20 53.06031926
192 98.03009796 20 48.53336716 100.3335419 20 51.6630249 98.25217438 20 53.06031926
278 94.08943939 20 55.85490799 96.05976868 20 52.19413757 98.25217438 20 53.06031926
278 94.08943939 20 55.85490799 98.36321259 20 55.32379532 98.25217438 20 53.06031926
191 102.6369858 20 54.79268265 100.3335419 20 51.6630249 98.25217438 20 53.06031926
191 102.6369858 20 54.79268265 98.36321259 20 55.32379532 98.25217438 20 53.06031926
191 102.6369858 20 54.79268265 98.36321259 20 55.32379532 98.79595947 20 57.26643244
191 102.6369858 20 54.79268265 101.1492195 20 57.97219467 98.79595947 20 57.26643244
278 94.08943939 20 55.85490799 98.36321259 20 55.32379532 98.79595947 20 57.26643244
278 94.08943939 20 55.85490799 96.87544632 20 58.50330734 98.79595947 20 57.26643244
172 99.66145325 20 61.1517067 101.1492195 20 57.97219467 98.79595947 20 57.26643244
172 99.66145325 20 61.1517067 96.87544632 20 58.50330734 98.79595947 20 57.26643244
278 94.08943939 20 55.85490799 91.44234467 20 52.46000671 89.71826426 20 54.1006368
278 94.08943939 20 55.85490799 90.17977142 20 56.61840248 89.71826426 20 54.1006368
263 88.79524994 20 49.06510544 91.44234467 20 52.46000671 89.71826426 20 54.1006368
263 88.79524994 20 49.06510544 87.5326767 20 53.22350121 89.71826426 20 54.1006368
253 86.27010345 20 57.38189697 90.17977142 20 56.61840248 89.71826426 20 54.1006368
253 86.27010345 20 57.38189697 87.5326767 20 53.22350121 89.71826426 20 54.1006368
263 88.79524994 20 49.06510544 91.44234467 20 52.46000671 93.63826243 20 51.15112686
263 88.79524994 20 49.06510544 93.41267395 20 48.7992363 93.63826243 20 51.15112686
278 94.08943939 20 55.85490799 91.44234467 20 52.46000671 93.63826243 20 51.15112686
278 94.08943939 20 55.85490799 96.05976868 20 52.19413757 93.63826243 20 51.15112686
192 98.03009796 20 48.53336716 93.41267395 20 48.7992363 93.63826243 20 51.15112686
192 98.03009796 20 48.53336716 96.05976868 20 52.19413757 93.63826243 20 51.15112686
83 26.19488525 20 161.2554321 21.60785007 20 159.1528397 20.93747203 20 160.5319265
83 26.19488525 20 161.2554321 22.89580059 20 162.2727661 20.93747203 20 160.5319265
29 17.0208149 20 157.0502472 21.60785007 20 159.1528397 20.93747203 20 160.5319265
29 17.0208149 20 157.0502472 18.30876541 20 160.1701736 20.93747203 20 160.5319265
279 19.59671593 20 163.2901001 22.89580059 20 162.2727661 20.93747203 20 160.5319265
279 19.59671593 20 163.2901001 18.30876541 20 160.1701736 20.93747203 20 160.5319265
279 19.59671593 20 163.2901001 21.72154045 20 166.9803696 23.21265539 20 165.0720571
279 19.59671593 20 163.2901001 22.89580059 20 162.2727661 23.21265539 20 165.0720571
81 23.84636497 20 170.670639 21.72154045 20 166.9803696 23.21265539 20 165.0720571
81 23.84636497 20 170.670639 25.02062511 20 165.9630356 23.21265539 20 165.0720571
83 26.19488525 20 161.2554321 22.89580059 20 162.2727661 23.21265539 20 165.0720571
83 26.19488525 20 161.2554321 25.02062511 20 165.9630356 23.21265539 20 165.0720571
81 23.84636497 20 170.670639 21.72154045 20 166.9803696 19.45096556 20 167.2273407
81 23.84636497 20 170.670639 19.37809038 20 169.195961 19.45096556 20 167.2273407
279 19.59671593 20 163.2901001 21.72154045 20 166.9803696 19.45096556 20 167.2273407
279 19.59671593 20 163.2901001 17.25326586 20 165.5056915 19.45096556 20 167.2273407
221 14.90981579 20 167.721283 19.37809038 20 169.195961 19.45096556 20 167.2273407
221 14.90981579 20 167.721283 17.25326586 20 165.5056915 19.45096556 20 167.2273407
241 12.05546379 20 161.6123047 13.48263979 20 164.6667938 15.52066517 20 164.2078959
241 12.05546379 20 161.6123047 15.82608986 20 162.4512024 15.52066517 20 164.2078959
221 14.90981579 20 167.721283 13.48263979 20 164.6667938 15.52066517 20 164.2078959
221 14.90981579 20 167.721283 17.25326586 20 165.5056915 15.52066517 20 164.2078959
279 19.59671593 20 163.2901001 15.82608986 20 162.4512024 15.52066517 20 164.2078959
279 19.59671593 20 163.2901001 17.25326586 20 165.5056915 15.52066517 20 164.2078959
279 19.59671593 20 163.2901001 18.30876541 20 160.1701736 16.22433154 20 160.650884
279 19.59671593 20 163.2901001 15.82608986 20 162.4512024 16.22433154 20 160.650884
29 17.0208149 20 157.0502472 18.30876541 20 160.1701736 16.22433154 20 160.650884
29 17.0208149 20 157.0502472 14.53813934 20 159.3312759 16.22433154 20 160.650884
241 12.05546379 20 161.6123047 15.82608986 20 162.4512024 16.22433154 20 160.650884
241 12.05546379 20 161.6123047 14.53813934 20 159.3312759 16.22433154 20 160.650884
280 26.98458672 20 153.9712677 22.00270081 20 155.5107574 23.40009562 20 157.425649
280 26.98458672 20 153.9712677 26.58973598 20 157.6133499 23.40009562 20 157.425649
29 17.0208149 20 157.0502472 22.00270081 20 155.5107574 23.40009562 20 157.425649
29 17.0208149 20 157.0502472 21.60785007 20 159.1528397 23.40009562 20 157.425649
83 26.19488525 20 161.2554321 26.58973598 20 157.6133499 23.40009562 20 157.425649
83 26.19488525 20 161.2554321 21.60785007 20 159.1528397 23.40009562 20 157.425649
280 26.98458672 20 153.9712677 24.33346176 20 151.3192749 21.89591281 20 153.229599
280 26.98458672 20 153.9712677 22.00270081 20 155.5107574 21.89591281 20 153.229599
277 21.68233681 20 148.6672821 24.33346176 20 151.3192749 21.89591281 20 153.229599
277 21.68233681 20 148.6672821 19.35157585 20 152.8587646 21.89591281 20 153.229599
29 17.0208149 20 157.0502472 22.00270081 20 155.5107574 21.89591281 20 153.229599
29 17.0208149 20 157.0502472 19.35157585 20 152.8587646 21.89591281 20 153.229599
280 26.98458672 20 153.9712677 28.93426418 20 149.2915726 26.51695506 20 149.0834757
280 26.98458672 20 153.9712677 24.33346176 20 151.3192749 26.51695506 20 149.0834757
174 30.88394165 20 144.6118774 28.93426418 20 149.2915726 26.51695506 20 149.0834757
174 30.88394165 20 144.6118774 26.28313923 20 146.6395798 26.51695506 20 149.0834757
277 21.68233681 20 148.6672821 24.33346176 20 151.3192749 26.51695506 20 149.0834757
277 21.68233681 20 148.6672821 26.28313923 20 146.6395798 26.51695506 20 149.0834757
174 30.88394165 20 144.6118774 28.93426418 20 149.2915726 30.80006854 20 150.1550751
174 30.88394165 20 144.6118774 32.70780945 20 148.2469788 30.80006854 20 150.1550751
280 26.98458672 20 153.9712677 28.93426418 20 149.2915726 30.80006854 20 150.1550751
280 26.98458672 20 153.9712677 30.75813198 20 152.9266739 30.80006854 20 150.1550751
173 34.53167725 20 151.8820801 32.70780945 20 148.2469788 30.80006854 20 150.1550751
173 34.53167725 20 151.8820801 30.75813198 20 152.9266739 30.80006854 20 150.1550751
185 34.43805695 20 159.9585114 30.71132183 20 156.9648895 29.20584297 20 158.3950704
185 34.43805695 20 159.9585114 30.3164711 20 160.6069717 29.20584297 20 158.3950704
280 26.98458672 20 153.9712677 30.71132183 20 156.9648895 29.20584297 20 158.3950704
280 26.98458672 20 153.9712677 26.58973598 20 157.6133499 29.20584297 20 158.3950704
83 26.19488525 20 161.2554321 30.3164711 20 160.6069717 29.20584297 20 158.3950704
83 26.19488525 20 161.2554321 26.58973598 20 157.6133499 29.20584297 20 158.3950704
173 34.53167725 20 151.8820801 30.75813198 20 152.9266739 31.98477364 20 155.2706197
173 34.53167725 20 151.8820801 34.4848671 20 155.9202957 31.98477364 20 155.2706197
280 26.98458672 20 153.9712677 30.75813198 20 152.9266739 31.98477364 20 155.2706197
280 26.98458672 20 153.9712677 30.71132183 20 156.9648895 31.98477364 20 155.2706197
185 34.43805695 20 159.9585114 34.4848671 20 155.9202957 31.98477364 20 155.2706197
185 34.43805695 20 159.9585114 30.71132183 20 156.9648895 31.98477364 20 155.2706197
89 93.80592346 20 161.2394104 98.254673 20 158.4355621 96.28406779 20 156.8927409
89 93.80592346 20 161.2394104 93.07439041 20 157.5232544 96.28406779 20 156.8927409
40 102.7034225 20 155.6317139 98.254673 20 158.4355621 96.28406779 20 156.8927409
40 102.7034225 20 155.6317139 97.52313995 20 154.7194061 96.28406779 20 156.8927409
281 92.34285736 20 153.8070984 93.07439041 20 157.5232544 96.28406779 20 156.8927409
281 92.34285736 20 153.8070984 97.52313995 20 154.7194061 96.28406779 20 156.8927409
281 92.34285736 20 153.8070984 97.52313995 20 154.7194061 97.58107249 20 152.8671672
281 92.34285736 20 153.8070984 95.01989746 20 151.4848938 97.58107249 20 152.8671672
40 102.7034225 20 155.6317139 97.52313995 20 154.7194061 97.58107249 20 152.8671672
40 102.7034225 20 155.6317139 100.2001801 20 152.3972015 97.58107249 20 152.8671672
205 97.69693756 20 149.1626892 95.01989746 20 151.4848938 97.58107249 20 152.8671672
205 97.69693756 20 149.1626892 100.2001801 20 152.3972015 97.58107249 20 152.8671672
281 92.34285736 20 153.8070984 88.57938004 20 156.3576508 90.32156118 20 157.984904
281 92.34285736 20 153.8070984 93.07439041 20 157.5232544 90.32156118 20 157.984904
161 84.81590271 20 158.9082031 88.57938004 20 156.3576508 90.32156118 20 157.984904
161 84.81590271 20 158.9082031 89.31091309 20 160.0738068 90.32156118 20 157.984904
89 93.80592346 20 161.2394104 93.07439041 20 157.5232544 90.32156118 20 157.984904
89 93.80592346 20 161.2394104 89.31091309 20 160.0738068 90.32156118 20 157.984904
161 84.81590271 20 158.9082031 88.57938004 20 156.3576508 87.18095652 20 154.8132426
161 84.81590271 20 158.9082031 84.6000061 20 155.3163147 87.18095652 20 154.8132426
281 92.34285736 20 153.8070984 88.57938004 20 156.3576508 87.18095652 20 154.8132426
281 92.34285736 20 153.8070984 88.36348343 20 152.7657623 87.18095652 20 154.8132426
187 84.3841095 20 151.7244263 84.6000061 20 155.3163147 87.18095652 20 154.8132426
187 84.3841095 20 151.7244263 88.36348343 20 152.7657623 87.18095652 20 154.8132426
236 88.85474396 20 145.19104 90.59880066 20 149.4990692 92.96484629 20 149.3869425
236 88.85474396 20 145.19104 93.27584076 20 147.1768646 92.96484629 20 149.3869425
281 92.34285736 20 153.8070984 90.59880066 20 149.4990692 92.96484629 20 149.3869425
281 92.34285736 20 153.8070984 95.01989746 20 151.4848938 92.96484629 20 149.3869425
205 97.69693756 20 149.1626892 93.27584076 20 147.1768646 92.96484629 20 149.3869425
205 97.69693756 20 149.1626892 95.01989746 20 151.4848938 92.96484629 20 149.3869425
187 84.3841095 20 151.7244263 88.36348343 20 152.7657623 88.52723694 20 150.2408549
187 84.3841095 20 151.7244263 86.61942673 20 148.4577332 88.52723694 20 150.2408549
281 92.34285736 20 153.8070984 88.36348343 20 152.7657623 88.52723694 20 150.2408549
281 92.34285736 20 153.8070984 90.59880066 20 149.4990692 88.52723694 20 150.2408549
236 88.85474396 20 145.19104 86.61942673 20 148.4577332 88.52723694 20 150.2408549
236 88.85474396 20 145.19104 90.59880066 20 149.4990692 88.52723694 20 150.2408549
52 25.92810059 20 19.3578167 22.69943237 20 18.14592838 20.69354248 20 19.82489141
52 25.92810059 20 19.3578167 21.30493164 20 21.27031708 20.69354248 20 19.82489141
282 19.47076416 20 16.93404007 22.69943237 20 18.14592838 20.69354248 20 19.82489141
282 19.47076416 20 16.93404007 18.07626343 20 20.05842876 20.69354248 20 19.82489141
38 16.6817627 20 23.18281746 21.30493164 20 21.27031708 20.69354248 20 19.82489141
38 16.6817627 20 23.18281746 18.07626343 20 20.05842876 20.69354248 20 19.82489141
52 25.92810059 20 19.3578167 24.84808636 20 14.36361027 23.05564562 20 15.2204202
52 25.92810059 20 19.3578167 22.69943237 20 18.14592838 23.05564562 20 15.2204202
73 23.76807213 20 9.369403839 24.84808636 20 14.36361027 23.05564562 20 15.2204202
73 23.76807213 20 9.369403839 21.61941814 20 13.15172195 23.05564562 20 15.2204202
282 19.47076416 20 16.93404007 22.69943237 20 18.14592838 23.05564562 20 15.2204202
282 19.47076416 20 16.93404007 21.61941814 20 13.15172195 23.05564562 20 15.2204202
232 14.68640709 20 12.25017643 17.07858562 20 14.59210825 19.30841446 20 12.85120678
232 14.68640709 20 12.25017643 19.22723961 20 10.80979013 19.30841446 20 12.85120678
282 19.47076416 20 16.93404007 17.07858562 20 14.59210825 19.30841446 20 12.85120678
282 19.47076416 20 16.93404007 21.61941814 20 13.15172195 19.30841446 20 12.85120678
73 23.76807213 20 9.369403839 19.22723961 20 10.80979013 19.30841446 20 12.85120678
73 23.76807213 20 9.369403839 21.61941814 20 13.15172195 19.30841446 20 12.85120678
282 19.47076416 20 16.93404007 17.07858562 20 14.59210825 15.3781716 20 15.85714817
282 19.47076416 20 16.93404007 15.72405386 20 17.66063404 15.3781716 20 15.85714817
232 14.68640709 20 12.25017643 17.07858562 20 14.59210825 15.3781716 20 15.85714817
232 14.68640709 20 12.25017643 13.33187532 20 15.31870222 15.3781716 20 15.85714817
243 11.97734356 20 18.38722801 15.72405386 20 17.66063404 15.3781716 20 15.85714817
243 11.97734356 20 18.38722801 13.33187532 20 15.31870222 15.3781716 20 15.85714817
282 19.47076416 20 16.93404007 15.72405386 20 17.66063404 16.04329014 20 19.50136185
282 19.47076416 20 16.93404007 18.07626343 20 20.05842876 16.04329014 20 19.50136185
243 11.97734356 20 18.38722801 15.72405386 20 17.66063404 16.04329014 20 19.50136185
243 11.97734356 20 18.38722801 14.32955313 20 20.78502274 16.04329014 20 19.50136185
38 16.6817627 20 23.18281746 18.07626343 20 20.05842876 16.04329014 20 19.50136185
38 16.6817627 20 23.18281746 14.32955313 20 20.78502274 16.04329014 20 19.50136185
49 94.07189941 20 19.3578167 98.69506836 20 21.27031708 99.30645752 20 19.82489141
49 94.07189941 20 19.3578167 97.30056763 20 18.14592838 99.30645752 20 19.82489141
35 103.3182373 20 23.18281746 98.69506836 20 21.27031708 99.30645752 20 19.82489141
35 103.3182373 20 23.18281746 101.9237366 20 20.05842876 99.30645752 20 19.82489141
283 100.5292358 20 16.93404007 97.30056763 20 18.14592838 99.30645752 20 19.82489141
283 100.5292358 20 16.93404007 101.9237366 20 20.05842876 99.30645752 20 19.82489141
283 100.5292358 20 16.93404007 98.37960815 20 13.15059376 96.94370524 20 15.21966807
283 100.5292358 20 16.93404007 97.30056763 20 18.14592838 96.94370524 20 15.21966807
70 96.22998047 20 9.367147446 98.37960815 20 13.15059376 96.94370524 20 15.21966807
70 96.22998047 20 9.367147446 95.15093994 20 14.36248207 96.94370524 20 15.21966807
49 94.07189941 20 19.3578167 97.30056763 20 18.14592838 96.94370524 20 15.21966807
49 94.07189941 20 19.3578167 95.15093994 20 14.36248207 96.94370524 20 15.21966807
229 105.313591 20 12.25017643 100.7717857 20 10.80866194 100.6909358 20 12.85045465
229 105.313591 20 12.25017643 102.9214134 20 14.59210825 100.6909358 20 12.85045465
70 96.22998047 20 9.367147446 100.7717857 20 10.80866194 100.6909358 20 12.85045465
70 96.22998047 20 9.367147446 98.37960815 20 13.15059376 100.6909358 20 12.85045465
283 100.5292358 20 16.93404007 102.9214134 20 14.59210825 100.6909358 20 12.85045465
283 100.5292358 20 16.93404007 98.37960815 20 13.15059376 100.6909358 20 12.85045465
283 100.5292358 20 16.93404007 104.2759476 20 17.66063404 104.6218287 20 15.85714817
283 100.5292358 20 16.93404007 102.9214134 20 14.59210825 104.6218287 20 15.85714817
242 108.0226593 20 18.38722801 104.2759476 20 17.66063404 104.6218287 20 15.85714817
242 108.0226593 20 18.38722801 106.6681252 20 15.31870222 104.6218287 20 15.85714817
229 105.313591 20 12.25017643 102.9214134 20 14.59210825 104.6218287 20 15.85714817
229 105.313591 20 12.25017643 106.6681252 20 15.31870222 104.6218287 20 15.85714817
283 100.5292358 20 16.93404007 101.9237366 20 20.05842876 103.9567108 20 19.50136185
283 100.5292358 20 16.93404007 104.2759476 20 17.66063404 103.9567108 20 19.50136185
35 103.3182373 20 23.18281746 101.9237366 20 20.05842876 103.9567108 20 19.50136185
35 103.3182373 20 23.18281746 105.6704483 20 20.78502274 103.9567108 20 19.50136185
242 108.0226593 20 18.38722801 104.2759476 20 17.66063404 103.9567108 20 19.50136185
242 108.0226593 20 18.38722801 105.6704483 20 20.78502274 103.9567108 20 19.50136185
112 62.66792679 20 45.8779335 64.42017555 20 42.28345299 61.89826711 20 40.74851227
112 62.66792679 20 45.8779335 59.76118851 20 41.77828217 61.89826711 20 40.74851227
284 66.17242432 20 38.68897247 64.42017555 20 42.28345299 61.89826711 20 40.74851227
284 66.17242432 20 38.68897247 61.51343727 20 38.18380165 61.89826711 20 40.74851227
113 56.85445023 20 37.67863083 59.76118851 20 41.77828217 61.89826711 20 40.74851227
113 56.85445023 20 37.67863083 61.51343727 20 38.18380165 61.89826711 20 40.74851227
284 66.17242432 20 38.68897247 64.42017555 20 42.28345299 67.19064713 20 43.32682165
284 66.17242432 20 38.68897247 69.45200729 20 42.05126572 67.19064713 20 43.32682165
112 62.66792679 20 45.8779335 64.42017555 20 42.28345299 67.19064713 20 43.32682165
112 62.66792679 20 45.8779335 67.69975853 20 45.64574623 67.19064713 20 43.32682165
195 72.73159027 20 45.41355896 69.45200729 20 42.05126572 67.19064713 20 43.32682165
195 72.73159027 20 45.41355896 67.69975853 20 45.64574623 67.19064713 20 43.32682165
195 72.73159027 20 45.41355896 73.15539932 20 41.2990284 70.82774099 20 40.42900976
195 72.73159027 20 45.41355896 69.45200729 20 42.05126572 70.82774099 20 40.42900976
193 73.57920837 20 37.18449783 73.15539932 20 41.2990284 70.82774099 20 40.42900976
193 73.57920837 20 37.18449783 69.87581635 20 37.93673515 70.82774099 20 40.42900976
284 66.17242432 20 38.68897247 69.45200729 20 42.05126572 70.82774099 20 40.42900976
284 66.17242432 20 38.68897247 69.87581635 20 37.93673515 70.82774099 20 40.42900976
132 68.68730164 20 31.09927368 67.42986298 20 34.89412308 69.47964478 20 35.65758133
132 68.68730164 20 31.09927368 71.133255 20 34.14188576 69.47964478 20 35.65758133
284 66.17242432 20 38.68897247 67.42986298 20 34.89412308 69.47964478 20 35.65758133
284 66.17242432 20 38.68897247 69.87581635 20 37.93673515 69.47964478 20 35.65758133
193 73.57920837 20 37.18449783 71.133255 20 34.14188576 69.47964478 20 35.65758133
193 73.57920837 20 37.18449783 69.87581635 20 37.93673515 69.47964478 20 35.65758133
284 66.17242432 20 38.68897247 63.30487823 20 34.19556427 61.15473557 20 35.35658646
284 66.17242432 20 38.68897247 61.51343727 20 38.18380165 61.15473557 20 35.35658646
235 60.43733215 20 29.70215607 63.30487823 20 34.19556427 61.15473557 20 35.35658646
235 60.43733215 20 29.70215607 58.64589119 20 33.69039345 61.15473557 20 35.35658646
113 56.85445023 20 37.67863083 61.51343727 20 38.18380165 61.15473557 20 35.35658646
113 56.85445023 20 37.67863083 58.64589119 20 33.69039345 61.15473557 20 35.35658646
132 68.68730164 20 31.09927368 64.56231689 20 30.40071487 65.09901937 20 33.16346741
132 68.68730164 20 31.09927368 67.42986298 20 34.89412308 65.09901937 20 33.16346741
235 60.43733215 20 29.70215607 64.56231689 20 30.40071487 65.09901937 20 33.16346741
235 60.43733215 20 29.70215607 63.30487823 20 34.19556427 65.09901937 20 33.16346741
284 66.17242432 20 38.68897247 67.42986298 20 34.89412308 65.09901937 20 33.16346741
284 66.17242432 20 38.68897247 63.30487823 20 34.19556427 65.09901937 20 33.16346741
197 95.07770538 20 34.49476624 93.67675781 20 38.04933739 96.24503835 20 39.04495239
197 95.07770538 20 34.49476624 98.2296524 20 37.76547432 96.24503835 20 39.04495239
285 92.27581024 20 41.60390854 93.67675781 20 38.04933739 96.24503835 20 39.04495239
285 92.27581024 20 41.60390854 96.82870483 20 41.32004547 96.24503835 20 39.04495239
196 101.3815994 20 41.0361824 98.2296524 20 37.76547432 96.24503835 20 39.04495239
196 101.3815994 20 41.0361824 96.82870483 20 41.32004547 96.24503835 20 39.04495239
192 98.03009796 20 48.53336716 99.70584869 20 44.78477478 97.22916921 20 43.72448603
192 98.03009796 20 48.53336716 95.1529541 20 45.06863785 97.22916921 20 43.72448603
196 101.3815994 20 41.0361824 99.70584869 20 44.78477478 97.22916921 20 43.72448603
196 101.3815994 20 41.0361824 96.82870483 20 41.32004547 97.22916921 20 43.72448603
285 92.27581024 20 41.60390854 95.1529541 20 45.06863785 97.22916921 20 43.72448603
285 92.27581024 20 41.60390854 96.82870483 20 41.32004547 97.22916921 20 43.72448603
197 95.07770538 20 34.49476624 91.3759079 20 34.86520386 91.67587535 20 37.11143875
197 95.07770538 20 34.49476624 93.67675781 20 38.04933739 91.67587535 20 37.11143875
217 87.67411041 20 35.23564148 91.3759079 20 34.86520386 91.67587535 20 37.11143875
217 87.67411041 20 35.23564148 89.97496033 20 38.41977501 91.67587535 20 37.11143875
285 92.27581024 20 41.60390854 93.67675781 20 38.04933739 91.67587535 20 37.11143875
285 92.27581024 20 41.60390854 89.97496033 20 38.41977501 91.67587535 20 37.11143875
194 82.69608307 20 41.25838852 87.48594666 20 41.43114853 87.54866791 20 39.36597951
194 82.69608307 20 41.25838852 85.18509674 20 38.247015 87.54866791 20 39.36597951
285 92.27581024 20 41.60390854 87.48594666 20 41.43114853 87.54866791 20 39.36597951
285 92.27581024 20 41.60390854 89.97496033 20 38.41977501 87.54866791 20 39.36597951
217 87.67411041 20 35.23564148 85.18509674 20 38.247015 87.54866791 20 39.36597951
217 87.67411041 20 35.23564148 89.97496033 20 38.41977501 87.54866791 20 39.36597951
192 98.03009796 20 48.53336716 95.1529541 20 45.06863785 93.03371938 20 46.40079371
192 98.03009796 20 48.53336716 93.41267395 20 48.7992363 93.03371938 20 46.40079371
285 92.27581024 20 41.60390854 95.1529541 20 45.06863785 93.03371938 20 46.40079371
285 92.27581024 20 41.60390854 90.53553009 20 45.33450699 93.03371938 20 46.40079371
263 88.79524994 20 49.06510544 93.41267395 20 48.7992363 93.03371938 20 46.40079371
263 88.79524994 20 49.06510544 90.53553009 20 45.33450699 93.03371938 20 46.40079371
194 82.69608307 20 41.25838852 85.7456665 20 45.16174698 87.92238108 20 43.97580083
194 82.69608307 20 41.25838852 87.48594666 20 41.43114853 87.92238108 20 43.97580083
263 88.79524994 20 49.06510544 85.7456665 20 45.16174698 87.92238108 20 43.97580083
263 88.79524994 20 49.06510544 90.53553009 20 45.33450699 87.92238108 20 43.97580083
285 92.27581024 20 41.60390854 87.48594666 20 41.43114853 87.92238108 20 43.97580083
285 92.27581024 20 41.60390854 90.53553009 20 45.33450699 87.92238108 20 43.97580083
286 66.22354889 20 160.1341705 62.48475838 20 160.3410416 63.8534406 20 163.0296529
286 66.22354889 20 160.1341705 66.40717697 20 164.2705231 63.8534406 20 163.0296529
233 58.74596786 20 160.5479126 62.48475838 20 160.3410416 63.8534406 20 163.0296529
233 58.74596786 20 160.5479126 62.66838646 20 164.4773941 63.8534406 20 163.0296529
159 66.59080505 20 168.4068756 66.40717697 20 164.2705231 63.8534406 20 163.0296529
159 66.59080505 20 168.4068756 62.66838646 20 164.4773941 63.8534406 20 163.0296529
160 74.98675537 20 162.9449615 70.60515213 20 161.539566 69.26703644 20 163.8286692
160 74.98675537 20 162.9449615 70.78878021 20 165.6759186 69.26703644 20 163.8286692
286 66.22354889 20 160.1341705 70.60515213 20 161.539566 69.26703644 20 163.8286692
286 66.22354889 20 160.1341705 66.40717697 20 164.2705231 69.26703644 20 163.8286692
159 66.59080505 20 168.4068756 70.78878021 20 165.6759186 69.26703644 20 163.8286692
159 66.59080505 20 168.4068756 66.40717697 20 164.2705231 69.26703644 20 163.8286692
286 66.22354889 20 160.1341705 70.60515213 20 161.539566 70.35163879 20 159.0074209
286 66.22354889 20 160.1341705 68.03408051 20 157.0386505 70.35163879 20 159.0074209
160 74.98675537 20 162.9449615 70.60515213 20 161.539566 70.35163879 20 159.0074209
160 74.98675537 20 162.9449615 72.41568375 20 158.444046 70.35163879 20 159.0074209
57 69.84461212 20 153.9431305 68.03408051 20 157.0386505 70.35163879 20 159.0074209
57 69.84461212 20 153.9431305 72.41568375 20 158.444046 70.35163879 20 159.0074209
286 66.22354889 20 160.1341705 63.97297287 20 156.3552246 62.23063787 20 157.7527873
286 66.22354889 20 160.1341705 62.48475838 20 160.3410416 62.23063787 20 157.7527873
214 61.72239685 20 152.5762787 63.97297287 20 156.3552246 62.23063787 20 157.7527873
214 61.72239685 20 152.5762787 60.23418236 20 156.5620956 62.23063787 20 157.7527873
233 58.74596786 20 160.5479126 62.48475838 20 160.3410416 62.23063787 20 157.7527873
233 58.74596786 20 160.5479126 60.23418236 20 156.5620956 62.23063787 20 157.7527873
214 61.72239685 20 152.5762787 63.97297287 20 156.3552246 65.93018595 20 155.5511932
214 61.72239685 20 152.5762787 65.78350449 20 153.2597046 65.93018595 20 155.5511932
286 66.22354889 20 160.1341705 63.97297287 20 156.3552246 65.93018595 20 155.5511932
286 66.22354889 20 160.1341705 68.03408051 20 157.0386505 65.93018595 20 155.5511932
57 69.84461212 20 153.9431305 65.78350449 20 153.2597046 65.93018595 20 155.5511932
57 69.84461212 20 153.9431305 68.03408051 20 157.0386505 65.93018595 20 155.5511932
56 65.76820374 20 143.3087616 66.33400345 20 138.9009323 63.92583974 20 137.518575
56 65.76820374 20 143.3087616 62.43885803 20 139.031311 63.92583974 20 137.518575
287 66.89980316 20 134.493103 66.33400345 20 138.9009323 63.92583974 20 137.518575
287 66.89980316 20 134.493103 63.00465775 20 134.6234818 63.92583974 20 137.518575
54 59.10951233 20 134.7538605 62.43885803 20 139.031311 63.92583974 20 137.518575
54 59.10951233 20 134.7538605 63.00465775 20 134.6234818 63.92583974 20 137.518575
287 66.89980316 20 134.493103 65.27954865 20 129.7217102 63.22286987 20 131.3990936
287 66.89980316 20 134.493103 63.00465775 20 134.6234818 63.22286987 20 131.3990936
76 63.65929413 20 124.9503174 65.27954865 20 129.7217102 63.22286987 20 131.3990936
76 63.65929413 20 124.9503174 61.38440323 20 129.8520889 63.22286987 20 131.3990936
54 59.10951233 20 134.7538605 63.00465775 20 134.6234818 63.22286987 20 131.3990936
54 59.10951233 20 134.7538605 61.38440323 20 129.8520889 63.22286987 20 131.3990936
287 66.89980316 20 134.493103 70.24907684 20 132.9246597 68.0524826 20 130.2665456
287 66.89980316 20 134.493103 65.27954865 20 129.7217102 68.0524826 20 130.2665456
77 73.59835052 20 131.3562164 70.24907684 20 132.9246597 68.0524826 20 130.2665456
77 73.59835052 20 131.3562164 68.62882233 20 128.1532669 68.0524826 20 130.2665456
76 63.65929413 20 124.9503174 65.27954865 20 129.7217102 68.0524826 20 130.2665456
76 63.65929413 20 124.9503174 68.62882233 20 128.1532669 68.0524826 20 130.2665456
240 72.36366272 20 138.096344 72.98100662 20 134.7262802 70.9539388 20 134.6485545
240 72.36366272 20 138.096344 69.63173294 20 136.2947235 70.9539388 20 134.6485545
77 73.59835052 20 131.3562164 72.98100662 20 134.7262802 70.9539388 20 134.6485545
77 73.59835052 20 131.3562164 70.24907684 20 132.9246597 70.9539388 20 134.6485545
287 66.89980316 20 134.493103 69.63173294 20 136.2947235 70.9539388 20 134.6485545
287 66.89980316 20 134.493103 70.24907684 20 132.9246597 70.9539388 20 134.6485545
56 65.76820374 20 143.3087616 69.06593323 20 140.7025528 68.34388987 20 138.6327362
56 65.76820374 20 143.3087616 66.33400345 20 138.9009323 68.34388987 20 138.6327362
240 72.36366272 20 138.096344 69.06593323 20 140.7025528 68.34388987 20 138.6327362
240 72.36366272 20 138.096344 69.63173294 20 136.2947235 68.34388987 20 138.6327362
287 66.89980316 20 134.493103 66.33400345 20 138.9009323 68.34388987 20 138.6327362
287 66.89980316 20 134.493103 69.63173294 20 136.2947235 68.34388987 20 138.6327362
178 29.7313633 20 100.1858826 24.28290081 20 103.1684837 25.85995801 20 105.0088298
178 29.7313633 20 100.1858826 29.37271786 20 104.4377022 25.85995801 20 105.0088298
177 18.83443832 20 106.1510849 24.28290081 20 103.1684837 25.85995801 20 105.0088298
177 18.83443832 20 106.1510849 23.92425537 20 107.4203033 25.85995801 20 105.0088298
288 29.01407242 20 108.6895218 29.37271786 20 104.4377022 25.85995801 20 105.0088298
288 29.01407242 20 108.6895218 23.92425537 20 107.4203033 25.85995801 20 105.0088298
258 23.46330261 20 113.2238312 26.23868752 20 110.9566765 23.77060445 20 109.3548126
258 23.46330261 20 113.2238312 21.14887047 20 109.687458 23.77060445 20 109.3548126
288 29.01407242 20 108.6895218 26.23868752 20 110.9566765 23.77060445 20 109.3548126
288 29.01407242 20 108.6895218 23.92425537 20 107.4203033 23.77060445 20 109.3548126
177 18.83443832 20 106.1510849 21.14887047 20 109.687458 23.77060445 20 109.3548126
177 18.83443832 20 106.1510849 23.92425537 20 107.4203033 23.77060445 20 109.3548126
258 23.46330261 20 113.2238312 25.72951412 20 115.8867989 26.82436689 20 113.4877065
258 23.46330261 20 113.2238312 26.23868752 20 110.9566765 26.82436689 20 113.4877065
249 27.99572563 20 118.5497665 25.72951412 20 115.8867989 26.82436689 20 113.4877065
249 27.99572563 20 118.5497665 28.50489902 20 113.6196442 26.82436689 20 113.4877065
288 29.01407242 20 108.6895218 26.23868752 20 110.9566765 26.82436689 20 113.4877065
288 29.01407242 20 108.6895218 28.50489902 20 113.6196442 26.82436689 20 113.4877065
249 27.99572563 20 118.5497665 32.28544712 20 114.9430008 31.19498889 20 112.8585078
249 27.99572563 20 118.5497665 28.50489902 20 113.6196442 31.19498889 20 112.8585078
251 36.57516861 20 111.336235 32.28544712 20 114.9430008 31.19498889 20 112.8585078
251 36.57516861 20 111.336235 32.79462051 20 110.0128784 31.19498889 20 112.8585078
288 29.01407242 20 108.6895218 28.50489902 20 113.6196442 31.19498889 20 112.8585078
288 29.01407242 20 108.6895218 32.79462051 20 110.0128784 31.19498889 20 112.8585078
71 100 20 0 102.41259 20 2.661347151 104.9417267 20 1.774231434
71 100 20 0 105 20 0 104.9417267 20 1.774231434
289 104.8251801 20 5.322694302 102.41259 20 2.661347151 104.9417267 20 1.774231434
289 104.8251801 20 5.322694302 107.41259 20 2.661347151 104.9417267 20 1.774231434
228 110 20 0 105 20 0 104.9417267 20 1.774231434
228 110 20 0 107.41259 20 2.661347151 104.9417267 20 1.774231434
70 96.22998047 20 9.367147446 100.5275803 20 7.344920874 100.3517202 20 4.896613916
70 96.22998047 20 9.367147446 98.11499023 20 4.683573723 100.3517202 20 4.896613916
289 104.8251801 20 5.322694302 100.5275803 20 7.344920874 100.3517202 20 4.896613916
289 104.8251801 20 5.322694302 102.41259 20 2.661347151 100.3517202 20 4.896613916
71 100 20 0 98.11499023 20 4.683573723 100.3517202 20 4.896613916
71 100 20 0 102.41259 20 2.661347151 100.3517202 20 4.896613916
289 104.8251801 20 5.322694302 100.5275803 20 7.344920874 102.1229172 20 8.980006059
289 104.8251801 20 5.322694302 105.0693855 20 8.786435366 102.1229172 20 8.980006059
70 96.22998047 20 9.367147446 100.5275803 20 7.344920874 102.1229172 20 8.980006059
70 96.22998047 20 9.367147446 100.7717857 20 10.80866194 102.1229172 20 8.980006059
229 105.313591 20 12.25017643 105.0693855 20 8.786435366 102.1229172 20 8.980006059
229 105.313591 20 12.25017643 100.7717857 20 10.80866194 102.1229172 20 8.980006059
228 110 20 0 107.41259 20 2.661347151 109.0497131 20 4.131277402
228 110 20 0 111.1619797 20 3.535568953 109.0497131 20 4.131277402
289 104.8251801 20 5.322694302 107.41259 20 2.661347151 109.0497131 20 4.131277402
289 104.8251801 20 5.322694302 108.5745697 20 6.196916103 109.0497131 20 4.131277402
227 112.3239594 20 7.071137905 111.1619797 20 3.535568953 109.0497131 20 4.131277402
227 112.3239594 20 7.071137905 108.5745697 20 6.196916103 109.0497131 20 4.131277402
229 105.313591 20 12.25017643 108.8187752 20 9.660657167 107.4875768 20 8.214669545
229 105.313591 20 12.25017643 105.0693855 20 8.786435366 107.4875768 20 8.214669545
227 112.3239594 20 7.071137905 108.8187752 20 9.660657167 107.4875768 20 8.214669545
227 112.3239594 20 7.071137905 108.5745697 20 6.196916103 107.4875768 20 8.214669545
289 104.8251801 20 5.322694302 105.0693855 20 8.786435366 107.4875768 20 8.214669545
289 104.8251801 20 5.322694302 108.5745697 20 6.196916103 107.4875768 20 8.214669545
231 10 20 0 12.58735991 20 2.66140604 15.05823994 20 1.774270693
231 10 20 0 15 20 0 15.05823994 20 1.774270693
290 15.17471981 20 5.32281208 12.58735991 20 2.66140604 15.05823994 20 1.774270693
290 15.17471981 20 5.32281208 17.58735991 20 2.66140604 15.05823994 20 1.774270693
72 20 20 0 15 20 0 15.05823994 20 1.774270693
72 20 20 0 17.58735991 20 2.66140604 15.05823994 20 1.774270693
72 20 20 0 17.58735991 20 2.66140604 19.64759731 20 4.897405306
72 20 20 0 21.88403606 20 4.68470192 19.64759731 20 4.897405306
290 15.17471981 20 5.32281208 17.58735991 20 2.66140604 19.64759731 20 4.897405306
290 15.17471981 20 5.32281208 19.47139597 20 7.34610796 19.64759731 20 4.897405306
73 23.76807213 20 9.369403839 21.88403606 20 4.68470192 19.64759731 20 4.897405306
73 23.76807213 20 9.369403839 19.47139597 20 7.34610796 19.64759731 20 4.897405306
232 14.68640709 20 12.25017643 19.22723961 20 10.80979013 17.87639968 20 8.98079745
232 14.68640709 20 12.25017643 14.93056345 20 8.786494255 17.87639968 20 8.98079745
73 23.76807213 20 9.369403839 19.22723961 20 10.80979013 17.87639968 20 8.98079745
73 23.76807213 20 9.369403839 19.47139597 20 7.34610796 17.87639968 20 8.98079745
290 15.17471981 20 5.32281208 14.93056345 20 8.786494255 17.87639968 20 8.98079745
290 15.17471981 20 5.32281208 19.47139597 20 7.34610796 17.87639968 20 8.98079745
230 7.676041126 20 7.071137905 11.42538047 20 6.196974993 10.95025365 20 4.131316662
230 7.676041126 20 7.071137905 8.838020563 20 3.535568953 10.95025365 20 4.131316662
290 15.17471981 20 5.32281208 11.42538047 20 6.196974993 10.95025365 20 4.131316662
290 15.17471981 20 5.32281208 12.58735991 20 2.66140604 10.95025365 20 4.131316662
231 10 20 0 8.838020563 20 3.535568953 10.95025365 20 4.131316662
231 10 20 0 12.58735991 20 2.66140604 10.95025365 20 4.131316662
290 15.17471981 20 5.32281208 11.42538047 20 6.196974993 12.51238934 20 8.214708805
290 15.17471981 20 5.32281208 14.93056345 20 8.786494255 12.51238934 20 8.214708805
230 7.676041126 20 7.071137905 11.42538047 20 6.196974993 12.51238934 20 8.214708805
230 7.676041126 20 7.071137905 11.18122411 20 9.660657167 12.51238934 20 8.214708805
232 14.68640709 20 12.25017643 14.93056345 20 8.786494255 12.51238934 20 8.214708805
232 14.68640709 20 12.25017643 11.18122411 20 9.660657167 12.51238934 20 8.214708805
291 43.93725967 20 114.6513062 40.25621414 20 112.9937706 38.9814326 20 115.0262527
291 43.93725967 20 114.6513062 40.18456459 20 116.8712616 38.9814326 20 115.0262527
251 36.57516861 20 111.336235 40.25621414 20 112.9937706 38.9814326 20 115.0262527
251 36.57516861 20 111.336235 36.50351906 20 115.213726 38.9814326 20 115.0262527
250 36.43186951 20 119.091217 40.18456459 20 116.8712616 38.9814326 20 115.0262527
250 36.43186951 20 119.091217 36.50351906 20 115.213726 38.9814326 20 115.0262527
248 45.37021255 20 105.4022446 40.97269058 20 108.3692398 41.96088028 20 110.4632619
248 45.37021255 20 105.4022446 44.65373611 20 110.0267754 41.96088028 20 110.4632619
251 36.57516861 20 111.336235 40.97269058 20 108.3692398 41.96088028 20 110.4632619
251 36.57516861 20 111.336235 40.25621414 20 112.9937706 41.96088028 20 110.4632619
291 43.93725967 20 114.6513062 44.65373611 20 110.0267754 41.96088028 20 110.4632619
291 43.93725967 20 114.6513062 40.25621414 20 112.9937706 41.96088028 20 110.4632619
248 45.37021255 20 105.4022446 44.65373611 20 110.0267754 46.98334122 20 110.4968948
248 45.37021255 20 105.4022446 48.50638199 20 108.4196892 46.98334122 20 110.4968948
291 43.93725967 20 114.6513062 44.65373611 20 110.0267754 46.98334122 20 110.4968948
291 43.93725967 20 114.6513062 47.78990555 20 113.04422 46.98334122 20 110.4968948
247 51.64255142 20 111.4371338 48.50638199 20 108.4196892 46.98334122 20 110.4968948
247 51.64255142 20 111.4371338 47.78990555 20 113.04422 46.98334122 20 110.4968948
247 51.64255142 20 111.4371338 47.78990555 20 113.04422 48.60395813 20 114.641393
247 51.64255142 20 111.4371338 50.93730736 20 114.6364365 48.60395813 20 114.641393
291 43.93725967 20 114.6513062 47.78990555 20 113.04422 48.60395813 20 114.641393
291 43.93725967 20 114.6513062 47.08466148 20 116.2435226 48.60395813 20 114.641393
120 50.23206329 20 117.8357391 50.93730736 20 114.6364365 48.60395813 20 114.641393
120 50.23206329 20 117.8357391 47.08466148 20 116.2435226 48.60395813 20 114.641393
291 43.93725967 20 114.6513062 40.18456459 20 116.8712616 41.24694316 20 118.8492661
291 43.93725967 20 114.6513062 43.65447998 20 118.7282906 41.24694316 20 118.8492661
250 36.43186951 20 119.091217 40.18456459 20 116.8712616 41.24694316 20 118.8492661
250 36.43186951 20 119.091217 39.9017849 20 120.948246 41.24694316 20 118.8492661
264 43.37170029 20 122.805275 43.65447998 20 118.7282906 41.24694316 20 118.8492661
264 43.37170029 20 122.805275 39.9017849 20 120.948246 41.24694316 20 118.8492661
120 50.23206329 20 117.8357391 47.08466148 20 116.2435226 45.84700775 20 118.4307734
120 50.23206329 20 117.8357391 46.80188179 20 120.320507 45.84700775 20 118.4307734
291 43.93725967 20 114.6513062 47.08466148 20 116.2435226 45.84700775 20 118.4307734
291 43.93725967 20 114.6513062 43.65447998 20 118.7282906 45.84700775 20 118.4307734
264 43.37170029 20 122.805275 46.80188179 20 120.320507 45.84700775 20 118.4307734
264 43.37170029 20 122.805275 43.65447998 20 118.7282906 45.84700775 20 118.4307734
255 83.35780334 20 120.966011 80.21947098 20 116.5556831 77.46652985 20 117.4391759
255 83.35780334 20 120.966011 77.65922546 20 120.0860863 77.46652985 20 117.4391759
292 77.08113861 20 112.1453552 80.21947098 20 116.5556831 77.46652985 20 117.4391759
292 77.08113861 20 112.1453552 74.5208931 20 115.6757584 77.46652985 20 117.4391759
74 71.96064758 20 119.2061615 77.65922546 20 120.0860863 77.46652985 20 117.4391759
74 71.96064758 20 119.2061615 74.5208931 20 115.6757584 77.46652985 20 117.4391759
254 84.60333252 20 113.1356201 80.84223557 20 112.6404877 81.68075816 20 115.4156621
254 84.60333252 20 113.1356201 83.98056793 20 117.0508156 81.68075816 20 115.4156621
292 77.08113861 20 112.1453552 80.84223557 20 112.6404877 81.68075816 20 115.4156621
292 77.08113861 20 112.1453552 80.21947098 20 116.5556831 81.68075816 20 115.4156621
255 83.35780334 20 120.966011 83.98056793 20 117.0508156 81.68075816 20 115.4156621
255 83.35780334 20 120.966011 80.21947098 20 116.5556831 81.68075816 20 115.4156621
213 67.27329254 20 110.2254486 72.17721558 20 111.1854019 72.48067729 20 108.6563644
213 67.27329254 20 110.2254486 70.18044662 20 106.911869 72.48067729 20 108.6563644
292 77.08113861 20 112.1453552 72.17721558 20 111.1854019 72.48067729 20 108.6563644
292 77.08113861 20 112.1453552 75.08436966 20 107.8718224 72.48067729 20 108.6563644
111 73.08760071 20 103.5982895 70.18044662 20 106.911869 72.48067729 20 108.6563644
111 73.08760071 20 103.5982895 75.08436966 20 107.8718224 72.48067729 20 108.6563644
74 71.96064758 20 119.2061615 74.5208931 20 115.6757584 72.10502625 20 113.8589884
74 71.96064758 20 119.2061615 69.61697006 20 114.7158051 72.10502625 20 113.8589884
292 77.08113861 20 112.1453552 74.5208931 20 115.6757584 72.10502625 20 113.8589884
292 77.08113861 20 112.1453552 72.17721558 20 111.1854019 72.10502625 20 113.8589884
213 67.27329254 20 110.2254486 69.61697006 20 114.7158051 72.10502625 20 113.8589884
213 67.27329254 20 110.2254486 72.17721558 20 111.1854019 72.10502625 20 113.8589884
292 77.08113861 20 112.1453552 79.64263916 20 108.9429855 77.45762634 20 107.1614202
292 77.08113861 20 112.1453552 75.08436966 20 107.8718224 77.45762634 20 107.1614202
274 82.20413971 20 105.7406158 79.64263916 20 108.9429855 77.45762634 20 107.1614202
274 82.20413971 20 105.7406158 77.64587021 20 104.6694527 77.45762634 20 107.1614202
111 73.08760071 20 103.5982895 75.08436966 20 107.8718224 77.45762634 20 107.1614202
111 73.08760071 20 103.5982895 77.64587021 20 104.6694527 77.45762634 20 107.1614202
292 77.08113861 20 112.1453552 80.84223557 20 112.6404877 81.29620361 20 110.3405304
292 77.08113861 20 112.1453552 79.64263916 20 108.9429855 81.29620361 20 110.3405304
254 84.60333252 20 113.1356201 80.84223557 20 112.6404877 81.29620361 20 110.3405304
254 84.60333252 20 113.1356201 83.40373611 20 109.438118 81.29620361 20 110.3405304
274 82.20413971 20 105.7406158 79.64263916 20 108.9429855 81.29620361 20 110.3405304
274 82.20413971 20 105.7406158 83.40373611 20 109.438118 81.29620361 20 110.3405304
59 60.47595978 20 55.38421631 66.03400421 20 56.26594543 66.31163025 20 54.49591192
59 60.47595978 20 55.38421631 63.67142105 20 53.17003059 66.31163025 20 54.49591192
92 71.59204865 20 57.14767456 66.03400421 20 56.26594543 66.31163025 20 54.49591192
92 71.59204865 20 57.14767456 69.22946548 20 54.05175972 66.31163025 20 54.49591192
293 66.86688232 20 50.95584488 63.67142105 20 53.17003059 66.31163025 20 54.49591192
293 66.86688232 20 50.95584488 69.22946548 20 54.05175972 66.31163025 20 54.49591192
293 66.86688232 20 50.95584488 69.22946548 20 54.05175972 70.39684041 20 51.17235947
293 66.86688232 20 50.95584488 69.7992363 20 48.18470192 70.39684041 20 51.17235947
92 71.59204865 20 57.14767456 69.22946548 20 54.05175972 70.39684041 20 51.17235947
92 71.59204865 20 57.14767456 72.16181946 20 51.28061676 70.39684041 20 51.17235947
195 72.73159027 20 45.41355896 69.7992363 20 48.18470192 70.39684041 20 51.17235947
195 72.73159027 20 45.41355896 72.16181946 20 51.28061676 70.39684041 20 51.17235947
293 66.86688232 20 50.95584488 64.76740456 20 48.41688919 63.33692296 20 50.73933156
293 66.86688232 20 50.95584488 63.67142105 20 53.17003059 63.33692296 20 50.73933156
112 62.66792679 20 45.8779335 64.76740456 20 48.41688919 63.33692296 20 50.73933156
112 62.66792679 20 45.8779335 61.57194328 20 50.63107491 63.33692296 20 50.73933156
59 60.47595978 20 55.38421631 63.67142105 20 53.17003059 63.33692296 20 50.73933156
59 60.47595978 20 55.38421631 61.57194328 20 50.63107491 63.33692296 20 50.73933156
195 72.73159027 20 45.41355896 67.69975853 20 45.64574623 67.42213313 20 47.41577911
195 72.73159027 20 45.41355896 69.7992363 20 48.18470192 67.42213313 20 47.41577911
112 62.66792679 20 45.8779335 67.69975853 20 45.64574623 67.42213313 20 47.41577911
112 62.66792679 20 45.8779335 64.76740456 20 48.41688919 67.42213313 20 47.41577911
293 66.86688232 20 50.95584488 69.7992363 20 48.18470192 67.42213313 20 47.41577911
293 66.86688232 20 50.95584488 64.76740456 20 48.41688919 67.42213313 20 47.41577911
123 101.676506 20 136.2544098 96.88623047 20 136.6597672 97.18460846 20 138.5047404
123 101.676506 20 136.2544098 99.72893524 20 139.2245483 97.18460846 20 138.5047404
126 92.0959549 20 137.0651245 96.88623047 20 136.6597672 97.18460846 20 138.5047404
126 92.0959549 20 137.0651245 94.93865967 20 139.6299057 97.18460846 20 138.5047404
294 97.78136444 20 142.1946869 99.72893524 20 139.2245483 97.18460846 20 138.5047404
294 97.78136444 20 142.1946869 94.93865967 20 139.6299057 97.18460846 20 138.5047404
205 97.69693756 20 149.1626892 100.9286003 20 147.0813446 99.87952169 20 145.4524587
205 97.69693756 20 149.1626892 97.739151 20 145.678688 99.87952169 20 145.4524587
204 104.1602631 20 145 100.9286003 20 147.0813446 99.87952169 20 145.4524587
204 104.1602631 20 145 100.9708138 20 143.5973434 99.87952169 20 145.4524587
294 97.78136444 20 142.1946869 97.739151 20 145.678688 99.87952169 20 145.4524587
294 97.78136444 20 142.1946869 100.9708138 20 143.5973434 99.87952169 20 145.4524587
123 101.676506 20 136.2544098 99.72893524 20 139.2245483 101.2060445 20 141.1496989
123 101.676506 20 136.2544098 102.9183846 20 140.6272049 101.2060445 20 141.1496989
294 97.78136444 20 142.1946869 99.72893524 20 139.2245483 101.2060445 20 141.1496989
294 97.78136444 20 142.1946869 100.9708138 20 143.5973434 101.2060445 20 141.1496989
204 104.1602631 20 145 102.9183846 20 140.6272049 101.2060445 20 141.1496989
204 104.1602631 20 145 100.9708138 20 143.5973434 101.2060445 20 141.1496989
126 92.0959549 20 137.0651245 90.47534943 20 141.1280823 92.91068776 20 141.4836171
126 92.0959549 20 137.0651245 94.93865967 20 139.6299057 92.91068776 20 141.4836171
236 88.85474396 20 145.19104 90.47534943 20 141.1280823 92.91068776 20 141.4836171
236 88.85474396 20 145.19104 93.3180542 20 143.6928635 92.91068776 20 141.4836171
294 97.78136444 20 142.1946869 94.93865967 20 139.6299057 92.91068776 20 141.4836171
294 97.78136444 20 142.1946869 93.3180542 20 143.6928635 92.91068776 20 141.4836171
236 88.85474396 20 145.19104 93.27584076 20 147.1768646 94.77768199 20 145.5161387
236 88.85474396 20 145.19104 93.3180542 20 143.6928635 94.77768199 20 145.5161387
205 97.69693756 20 149.1626892 93.27584076 20 147.1768646 94.77768199 20 145.5161387
205 97.69693756 20 149.1626892 97.739151 20 145.678688 94.77768199 20 145.5161387
294 97.78136444 20 142.1946869 93.3180542 20 143.6928635 94.77768199 20 145.5161387
294 97.78136444 20 142.1946869 97.739151 20 145.678688 94.77768199 20 145.5161387
66 60.09309006 20 74.49738312 57.64544868 20 69.75717926 55.9554774 20 70.56144714
66 60.09309006 20 74.49738312 56.33431244 20 73.33368301 55.9554774 20 70.56144714
61 55.19780731 20 65.0169754 57.64544868 20 69.75717926 55.9554774 20 70.56144714
61 55.19780731 20 65.0169754 53.88667107 20 68.59347916 55.9554774 20 70.56144714
295 52.57553482 20 72.16998291 56.33431244 20 73.33368301 55.9554774 20 70.56144714
295 52.57553482 20 72.16998291 53.88667107 20 68.59347916 55.9554774 20 70.56144714
61 55.19780731 20 65.0169754 50.15730286 20 66.07066345 50.96338018 20 68.10376994
61 55.19780731 20 65.0169754 53.88667107 20 68.59347916 50.96338018 20 68.10376994
62 45.1167984 20 67.1243515 50.15730286 20 66.07066345 50.96338018 20 68.10376994
62 45.1167984 20 67.1243515 48.84616661 20 69.64716721 50.96338018 20 68.10376994
295 52.57553482 20 72.16998291 53.88667107 20 68.59347916 50.96338018 20 68.10376994
295 52.57553482 20 72.16998291 48.84616661 20 69.64716721 50.96338018 20 68.10376994
295 52.57553482 20 72.16998291 53.20425797 20 77.67130661 55.50053533 20 76.61333211
295 52.57553482 20 72.16998291 56.33431244 20 73.33368301 55.50053533 20 76.61333211
65 53.83298111 20 83.17263031 53.20425797 20 77.67130661 55.50053533 20 76.61333211
65 53.83298111 20 83.17263031 56.96303558 20 78.83500671 55.50053533 20 76.61333211
66 60.09309006 20 74.49738312 56.33431244 20 73.33368301 55.50053533 20 76.61333211
66 60.09309006 20 74.49738312 56.96303558 20 78.83500671 55.50053533 20 76.61333211
295 52.57553482 20 72.16998291 48.84616661 20 69.64716721 47.97631327 20 71.86556244
295 52.57553482 20 72.16998291 49.40607071 20 74.23616791 47.97631327 20 71.86556244
62 45.1167984 20 67.1243515 48.84616661 20 69.64716721 47.97631327 20 71.86556244
62 45.1167984 20 67.1243515 45.6767025 20 71.7133522 47.97631327 20 71.86556244
169 46.2366066 20 76.30235291 49.40607071 20 74.23616791 47.97631327 20 71.86556244
169 46.2366066 20 76.30235291 45.6767025 20 71.7133522 47.97631327 20 71.86556244
295 52.57553482 20 72.16998291 49.40607071 20 74.23616791 50.88170751 20 77.21498871
295 52.57553482 20 72.16998291 53.20425797 20 77.67130661 50.88170751 20 77.21498871
169 46.2366066 20 76.30235291 49.40607071 20 74.23616791 50.88170751 20 77.21498871
169 46.2366066 20 76.30235291 50.03479385 20 79.73749161 50.88170751 20 77.21498871
65 53.83298111 20 83.17263031 53.20425797 20 77.67130661 50.88170751 20 77.21498871
65 53.83298111 20 83.17263031 50.03479385 20 79.73749161 50.88170751 20 77.21498871
82 20 20 180 17.6518898 20 177.2862549 15.10125987 20 178.1908366
82 20 20 180 15 20 180 15.10125987 20 178.1908366
296 15.3037796 20 174.5725098 17.6518898 20 177.2862549 15.10125987 20 178.1908366
296 15.3037796 20 174.5725098 12.6518898 20 177.2862549 15.10125987 20 178.1908366
218 10 20 180 15 20 180 15.10125987 20 178.1908366
218 10 20 180 12.6518898 20 177.2862549 15.10125987 20 178.1908366
82 20 20 180 21.92318249 20 175.3353195 19.71671486 20 175.0810496
82 20 20 180 17.6518898 20 177.2862549 19.71671486 20 175.0810496
81 23.84636497 20 170.670639 21.92318249 20 175.3353195 19.71671486 20 175.0810496
81 23.84636497 20 170.670639 19.57507229 20 172.6215744 19.71671486 20 175.0810496
296 15.3037796 20 174.5725098 17.6518898 20 177.2862549 19.71671486 20 175.0810496
296 15.3037796 20 174.5725098 19.57507229 20 172.6215744 19.71671486 20 175.0810496
296 15.3037796 20 174.5725098 19.57507229 20 172.6215744 18.01998679 20 170.9881439
296 15.3037796 20 174.5725098 15.1067977 20 171.1468964 18.01998679 20 170.9881439
81 23.84636497 20 170.670639 19.57507229 20 172.6215744 18.01998679 20 170.9881439
81 23.84636497 20 170.670639 19.37809038 20 169.195961 18.01998679 20 170.9881439
221 14.90981579 20 167.721283 15.1067977 20 171.1468964 18.01998679 20 170.9881439
221 14.90981579 20 167.721283 19.37809038 20 169.195961 18.01998679 20 170.9881439
218 10 20 180 12.6518898 20 177.2862549 11.01401567 20 175.8282013
218 10 20 180 8.869133711 20 176.4560471 11.01401567 20 175.8282013
296 15.3037796 20 174.5725098 12.6518898 20 177.2862549 11.01401567 20 175.8282013
296 15.3037796 20 174.5725098 11.52102351 20 173.7423019 11.01401567 20 175.8282013
219 7.738267422 20 172.9120941 8.869133711 20 176.4560471 11.01401567 20 175.8282013
219 7.738267422 20 172.9120941 11.52102351 20 173.7423019 11.01401567 20 175.8282013
221 14.90981579 20 167.721283 11.3240416 20 170.3166885 12.65062094 20 171.7352956
221 14.90981579 20 167.721283 15.1067977 20 171.1468964 12.65062094 20 171.7352956
219 7.738267422 20 172.9120941 11.3240416 20 170.3166885 12.65062094 20 171.7352956
219 7.738267422 20 172.9120941 11.52102351 20 173.7423019 12.65062094 20 171.7352956
296 15.3037796 20 174.5725098 15.1067977 20 171.1468964 12.65062094 20 171.7352956
296 15.3037796 20 174.5725098 11.52102351 20 173.7423019 12.65062094 20 171.7352956
224 110 20 180 107.3571472 20 177.2843933 104.9047648 20 178.1895955
224 110 20 180 105 20 180 104.9047648 20 178.1895955
297 104.7142944 20 174.5687866 107.3571472 20 177.2843933 104.9047648 20 178.1895955
297 104.7142944 20 174.5687866 102.3571472 20 177.2843933 104.9047648 20 178.1895955
87 100 20 180 105 20 180 104.9047648 20 178.1895955
87 100 20 180 102.3571472 20 177.2843933 104.9047648 20 178.1895955
87 100 20 180 102.3571472 20 177.2843933 100.3719838 20 175.062795
87 100 20 180 98.20082855 20 175.3097992 100.3719838 20 175.062795
297 104.7142944 20 174.5687866 102.3571472 20 177.2843933 100.3719838 20 175.062795
297 104.7142944 20 174.5687866 100.5579758 20 172.5941925 100.3719838 20 175.062795
88 96.4016571 20 170.6195984 98.20082855 20 175.3097992 100.3719838 20 175.062795
88 96.4016571 20 170.6195984 100.5579758 20 172.5941925 100.3719838 20 175.062795
225 105.0901871 20 167.721283 100.7459221 20 169.1704407 102.0687129 20 170.9698893
225 105.0901871 20 167.721283 104.9022408 20 171.1450348 102.0687129 20 170.9698893
88 96.4016571 20 170.6195984 100.7459221 20 169.1704407 102.0687129 20 170.9698893
88 96.4016571 20 170.6195984 100.5579758 20 172.5941925 102.0687129 20 170.9698893
297 104.7142944 20 174.5687866 104.9022408 20 171.1450348 102.0687129 20 170.9698893
297 104.7142944 20 174.5687866 100.5579758 20 172.5941925 102.0687129 20 170.9698893
224 110 20 180 111.130867 20 176.4560471 108.9920095 20 175.8269602
224 110 20 180 107.3571472 20 177.2843933 108.9920095 20 175.8269602
222 112.261734 20 172.9120941 111.130867 20 176.4560471 108.9920095 20 175.8269602
222 112.261734 20 172.9120941 108.4880142 20 173.7404404 108.9920095 20 175.8269602
297 104.7142944 20 174.5687866 107.3571472 20 177.2843933 108.9920095 20 175.8269602
297 104.7142944 20 174.5687866 108.4880142 20 173.7404404 108.9920095 20 175.8269602
297 104.7142944 20 174.5687866 108.4880142 20 173.7404404 107.3554052 20 171.7340546
297 104.7142944 20 174.5687866 104.9022408 20 171.1450348 107.3554052 20 171.7340546
222 112.261734 20 172.9120941 108.4880142 20 173.7404404 107.3554052 20 171.7340546
222 112.261734 20 172.9120941 108.6759605 20 170.3166885 107.3554052 20 171.7340546
225 105.0901871 20 167.721283 104.9022408 20 171.1450348 107.3554052 20 171.7340546
225 105.0901871 20 167.721283 108.6759605 20 170.3166885 107.3554052 20 171.7340546
178 29.7313633 20 100.1858826 33.38500118 20 101.7421188 35.79502042 20 99.88806152
178 29.7313633 20 100.1858826 35.1732111 20 98.18291473 35.79502042 20 99.88806152
298 37.03863907 20 103.2983551 33.38500118 20 101.7421188 35.79502042 20 99.88806152
298 37.03863907 20 103.2983551 38.82684898 20 99.739151 35.79502042 20 99.88806152
118 40.6150589 20 96.1799469 35.1732111 20 98.18291473 35.79502042 20 99.88806152
118 40.6150589 20 96.1799469 38.82684898 20 99.739151 35.79502042 20 99.88806152
118 40.6150589 20 96.1799469 38.82684898 20 99.739151 41.00797017 20 101.6268489
118 40.6150589 20 96.1799469 42.99263573 20 100.7910957 41.00797017 20 101.6268489
298 37.03863907 20 103.2983551 38.82684898 20 99.739151 41.00797017 20 101.6268489
298 37.03863907 20 103.2983551 41.20442581 20 104.3502998 41.00797017 20 101.6268489
248 45.37021255 20 105.4022446 42.99263573 20 100.7910957 41.00797017 20 101.6268489
248 45.37021255 20 105.4022446 41.20442581 20 104.3502998 41.00797017 20 101.6268489
248 45.37021255 20 105.4022446 41.20442581 20 104.3502998 39.66134008 20 106.6789449
248 45.37021255 20 105.4022446 40.97269058 20 108.3692398 39.66134008 20 106.6789449
298 37.03863907 20 103.2983551 41.20442581 20 104.3502998 39.66134008 20 106.6789449
298 37.03863907 20 103.2983551 36.80690384 20 107.3172951 39.66134008 20 106.6789449
251 36.57516861 20 111.336235 40.97269058 20 108.3692398 39.66134008 20 106.6789449
251 36.57516861 20 111.336235 36.80690384 20 107.3172951 39.66134008 20 106.6789449
288 29.01407242 20 108.6895218 33.02635574 20 105.9939384 31.92802493 20 104.0579198
288 29.01407242 20 108.6895218 29.37271786 20 104.4377022 31.92802493 20 104.0579198
298 37.03863907 20 103.2983551 33.02635574 20 105.9939384 31.92802493 20 104.0579198
298 37.03863907 20 103.2983551 33.38500118 20 101.7421188 31.92802493 20 104.0579198
178 29.7313633 20 100.1858826 29.37271786 20 104.4377022 31.92802493 20 104.0579198
178 29.7313633 20 100.1858826 33.38500118 20 101.7421188 31.92802493 20 104.0579198
288 29.01407242 20 108.6895218 32.79462051 20 110.0128784 34.20929337 20 107.774704
288 29.01407242 20 108.6895218 33.02635574 20 105.9939384 34.20929337 20 107.774704
251 36.57516861 20 111.336235 32.79462051 20 110.0128784 34.20929337 20 107.774704
251 36.57516861 20 111.336235 36.80690384 20 107.3172951 34.20929337 20 107.774704
298 37.03863907 20 103.2983551 33.02635574 20 105.9939384 34.20929337 20 107.774704
298 37.03863907 20 103.2983551 36.80690384 20 107.3172951 34.20929337 20 107.774704
118 40.6150589 20 96.1799469 42.99263573 20 100.7910957 45.67872747 20 100.4422404
118 40.6150589 20 96.1799469 45.83298492 20 97.96223831 45.67872747 20 100.4422404
248 45.37021255 20 105.4022446 42.99263573 20 100.7910957 45.67872747 20 100.4422404
248 45.37021255 20 105.4022446 48.21056175 20 102.5733871 45.67872747 20 100.4422404
299 51.05091095 20 99.74452972 45.83298492 20 97.96223831 45.67872747 20 100.4422404
299 51.05091095 20 99.74452972 48.21056175 20 102.5733871 45.67872747 20 100.4422404
299 51.05091095 20 99.74452972 54.03859901 20 102.7550507 55.89011892 20 100.296229
299 51.05091095 20 99.74452972 55.32203484 20 97.56155777 55.89011892 20 100.296229
206 57.02628708 20 105.7655716 54.03859901 20 102.7550507 55.89011892 20 100.296229
206 57.02628708 20 105.7655716 58.3097229 20 100.5720787 55.89011892 20 100.296229
63 59.59315872 20 95.37858582 55.32203484 20 97.56155777 55.89011892 20 100.296229
63 59.59315872 20 95.37858582 58.3097229 20 100.5720787 55.89011892 20 100.296229
248 45.37021255 20 105.4022446 51.19824982 20 105.5839081 51.14913686 20 103.6374486
248 45.37021255 20 105.4022446 48.21056175 20 102.5733871 51.14913686 20 103.6374486
206 57.02628708 20 105.7655716 51.19824982 20 105.5839081 51.14913686 20 103.6374486
206 57.02628708 20 105.7655716 54.03859901 20 102.7550507 51.14913686 20 103.6374486
299 51.05091095 20 99.74452972 48.21056175 20 102.5733871 51.14913686 20 103.6374486
299 51.05091095 20 99.74452972 54.03859901 20 102.7550507 51.14913686 20 103.6374486
299 51.05091095 20 99.74452972 55.32203484 20 97.56155777 53.38899612 20 95.72356923
299 51.05091095 20 99.74452972 50.28691483 20 95.89606094 53.38899612 20 95.72356923
63 59.59315872 20 95.37858582 55.32203484 20 97.56155777 53.38899612 20 95.72356923
63 59.59315872 20 95.37858582 54.55803871 20 93.71308899 53.38899612 20 95.72356923
116 49.5229187 20 92.04759216 50.28691483 20 95.89606094 53.38899612 20 95.72356923
116 49.5229187 20 92.04759216 54.55803871 20 93.71308899 53.38899612 20 95.72356923
118 40.6150589 20 96.1799469 45.83298492 20 97.96223831 47.06296285 20 95.9906896
118 40.6150589 20 96.1799469 45.0689888 20 94.11376953 47.06296285 20 95.9906896
299 51.05091095 20 99.74452972 45.83298492 20 97.96223831 47.06296285 20 95.9906896
299 51.05091095 20 99.74452972 50.28691483 20 95.89606094 47.06296285 20 95.9906896
116 49.5229187 20 92.04759216 45.0689888 20 94.11376953 47.06296285 20 95.9906896
116 49.5229187 20 92.04759216 50.28691483 20 95.89606094 47.06296285 20 95.9906896
29 17.0208149 20 157.0502472 16.55860901 20 153.7420502 14.37240601 20 152.4947001
29 17.0208149 20 157.0502472 13.51040745 20 153.5251236 14.37240601 20 152.4947001
300 16.09640312 20 150.4338531 16.55860901 20 153.7420502 14.37240601 20 152.4947001
300 16.09640312 20 150.4338531 13.04820156 20 150.2169266 14.37240601 20 152.4947001
30 10 20 150 13.51040745 20 153.5251236 14.37240601 20 152.4947001
30 10 20 150 13.04820156 20 150.2169266 14.37240601 20 152.4947001
29 17.0208149 20 157.0502472 19.35157585 20 152.8587646 18.26651827 20 152.0504608
29 17.0208149 20 157.0502472 16.55860901 20 153.7420502 18.26651827 20 152.0504608
277 21.68233681 20 148.6672821 19.35157585 20 152.8587646 18.26651827 20 152.0504608
277 21.68233681 20 148.6672821 18.88936996 20 149.5505676 18.26651827 20 152.0504608
300 16.09640312 20 150.4338531 16.55860901 20 153.7420502 18.26651827 20 152.0504608
300 16.09640312 20 150.4338531 18.88936996 20 149.5505676 18.26651827 20 152.0504608
30 10 20 150 13.04820156 20 150.2169266 13.99060504 20 148.477951
30 10 20 150 12.93770599 20 147.5 13.99060504 20 148.477951
300 16.09640312 20 150.4338531 13.04820156 20 150.2169266 13.99060504 20 148.477951
300 16.09640312 20 150.4338531 15.98590755 20 147.7169266 13.99060504 20 148.477951
203 15.87541199 20 145 12.93770599 20 147.5 13.99060504 20 148.477951
203 15.87541199 20 145 15.98590755 20 147.7169266 13.99060504 20 148.477951
277 21.68233681 20 148.6672821 18.7788744 20 146.8336411 17.88471731 20 148.0337118
277 21.68233681 20 148.6672821 18.88936996 20 149.5505676 17.88471731 20 148.0337118
203 15.87541199 20 145 18.7788744 20 146.8336411 17.88471731 20 148.0337118
203 15.87541199 20 145 15.98590755 20 147.7169266 17.88471731 20 148.0337118
300 16.09640312 20 150.4338531 18.88936996 20 149.5505676 17.88471731 20 148.0337118
300 16.09640312 20 150.4338531 15.98590755 20 147.7169266 17.88471731 20 148.0337118
119 53.96133423 20 125.9527817 53.1436367 20 129.3669319 55.13226191 20 131.1625748
119 53.96133423 20 125.9527817 56.53542328 20 130.3533211 55.13226191 20 131.1625748
301 52.32593918 20 132.7810822 53.1436367 20 129.3669319 55.13226191 20 131.1625748
301 52.32593918 20 132.7810822 55.71772575 20 133.7674713 55.13226191 20 131.1625748
54 59.10951233 20 134.7538605 56.53542328 20 130.3533211 55.13226191 20 131.1625748
54 59.10951233 20 134.7538605 55.71772575 20 133.7674713 55.13226191 20 131.1625748
119 53.96133423 20 125.9527817 49.36101913 20 128.596241 50.34932582 20 129.991188
119 53.96133423 20 125.9527817 53.1436367 20 129.3669319 50.34932582 20 129.991188
129 44.76070404 20 131.2397003 49.36101913 20 128.596241 50.34932582 20 129.991188
129 44.76070404 20 131.2397003 48.54332161 20 132.0103912 50.34932582 20 129.991188
301 52.32593918 20 132.7810822 53.1436367 20 129.3669319 50.34932582 20 129.991188
301 52.32593918 20 132.7810822 48.54332161 20 132.0103912 50.34932582 20 129.991188
127 49.83246994 20 139.1083069 54.47099113 20 136.9310837 53.75597382 20 135.5477498
127 49.83246994 20 139.1083069 51.07920456 20 135.9446945 53.75597382 20 135.5477498
54 59.10951233 20 134.7538605 54.47099113 20 136.9310837 53.75597382 20 135.5477498
54 59.10951233 20 134.7538605 55.71772575 20 133.7674713 53.75597382 20 135.5477498
301 52.32593918 20 132.7810822 51.07920456 20 135.9446945 53.75597382 20 135.5477498
301 52.32593918 20 132.7810822 55.71772575 20 133.7674713 53.75597382 20 135.5477498
127 49.83246994 20 139.1083069 51.07920456 20 135.9446945 48.97303772 20 134.3763631
127 49.83246994 20 139.1083069 47.29658699 20 135.1740036 48.97303772 20 134.3763631
301 52.32593918 20 132.7810822 51.07920456 20 135.9446945 48.97303772 20 134.3763631
301 52.32593918 20 132.7810822 48.54332161 20 132.0103912 48.97303772 20 134.3763631
129 44.76070404 20 131.2397003 47.29658699 20 135.1740036 48.97303772 20 134.3763631
129 44.76070404 20 131.2397003 48.54332161 20 132.0103912 48.97303772 20 134.3763631
200 22.97408295 20 48.1248436 28.220644 20 46.6203022 27.63386281 20 44.74405289
200 22.97408295 20 48.1248436 24.7171917 20 44.55819893 27.63386281 20 44.74405289
268 33.46720505 20 45.1157608 28.220644 20 46.6203022 27.63386281 20 44.74405289
268 33.46720505 20 45.1157608 29.96375275 20 43.05365753 27.63386281 20 44.74405289
302 26.46030045 20 40.99155426 24.7171917 20 44.55819893 27.63386281 20 44.74405289
302 26.46030045 20 40.99155426 29.96375275 20 43.05365753 27.63386281 20 44.74405289
302 26.46030045 20 40.99155426 25.62364197 20 37.65647316 23.24204763 20 38.81471252
302 26.46030045 20 40.99155426 22.4695797 20 41.06137276 23.24204763 20 38.81471252
201 24.78698349 20 34.32139206 25.62364197 20 37.65647316 23.24204763 20 38.81471252
201 24.78698349 20 34.32139206 21.63292122 20 37.72629166 23.24204763 20 38.81471252
199 18.47885895 20 41.13119125 22.4695797 20 41.06137276 23.24204763 20 38.81471252
199 18.47885895 20 41.13119125 21.63292122 20 37.72629166 23.24204763 20 38.81471252
302 26.46030045 20 40.99155426 22.4695797 20 41.06137276 22.63774745 20 43.41586304
302 26.46030045 20 40.99155426 24.7171917 20 44.55819893 22.63774745 20 43.41586304
199 18.47885895 20 41.13119125 22.4695797 20 41.06137276 22.63774745 20 43.41586304
199 18.47885895 20 41.13119125 20.72647095 20 44.62801743 22.63774745 20 43.41586304
200 22.97408295 20 48.1248436 24.7171917 20 44.55819893 22.63774745 20 43.41586304
200 22.97408295 20 48.1248436 20.72647095 20 44.62801743 22.63774745 20 43.41586304
302 26.46030045 20 40.99155426 29.52733994 20 38.62806511 27.94722112 20 37.19250743
302 26.46030045 20 40.99155426 25.62364197 20 37.65647316 27.94722112 20 37.19250743
209 32.59437943 20 36.26457596 29.52733994 20 38.62806511 27.94722112 20 37.19250743
209 32.59437943 20 36.26457596 28.69068146 20 35.29298401 27.94722112 20 37.19250743
201 24.78698349 20 34.32139206 25.62364197 20 37.65647316 27.94722112 20 37.19250743
201 24.78698349 20 34.32139206 28.69068146 20 35.29298401 27.94722112 20 37.19250743
302 26.46030045 20 40.99155426 29.96375275 20 43.05365753 30.84062831 20 40.79063034
302 26.46030045 20 40.99155426 29.52733994 20 38.62806511 30.84062831 20 40.79063034
268 33.46720505 20 45.1157608 29.96375275 20 43.05365753 30.84062831 20 40.79063034
268 33.46720505 20 45.1157608 33.03079224 20 40.69016838 30.84062831 20 40.79063034
209 32.59437943 20 36.26457596 29.52733994 20 38.62806511 30.84062831 20 40.79063034
209 32.59437943 20 36.26457596 33.03079224 20 40.69016838 30.84062831 20 40.79063034
303 65.78623962 20 24.93424988 67.23677063 20 28.01676178 69.17335256 20 26.6120491
303 65.78623962 20 24.93424988 69.41637802 20 24.36843681 69.17335256 20 26.6120491
132 68.68730164 20 31.09927368 67.23677063 20 28.01676178 69.17335256 20 26.6120491
132 68.68730164 20 31.09927368 70.86690903 20 27.45094872 69.17335256 20 26.6120491
131 73.04651642 20 23.80262375 69.41637802 20 24.36843681 69.17335256 20 26.6120491
131 73.04651642 20 23.80262375 70.86690903 20 27.45094872 69.17335256 20 26.6120491
86 59.67986298 20 20.10898399 62.7330513 20 22.52161694 64.46755727 20 21.29579417
86 59.67986298 20 20.10898399 63.80821609 20 19.47656631 64.46755727 20 21.29579417
303 65.78623962 20 24.93424988 62.7330513 20 22.52161694 64.46755727 20 21.29579417
303 65.78623962 20 24.93424988 66.86140442 20 21.88919926 64.46755727 20 21.29579417
216 67.93656921 20 18.84414864 63.80821609 20 19.47656631 64.46755727 20 21.29579417
216 67.93656921 20 18.84414864 66.86140442 20 21.88919926 64.46755727 20 21.29579417
131 73.04651642 20 23.80262375 70.49154282 20 21.32338619 68.92310842 20 22.52700742
131 73.04651642 20 23.80262375 69.41637802 20 24.36843681 68.92310842 20 22.52700742
216 67.93656921 20 18.84414864 70.49154282 20 21.32338619 68.92310842 20 22.52700742
216 67.93656921 20 18.84414864 66.86140442 20 21.88919926 68.92310842 20 22.52700742
303 65.78623962 20 24.93424988 69.41637802 20 24.36843681 68.92310842 20 22.52700742
303 65.78623962 20 24.93424988 66.86140442 20 21.88919926 68.92310842 20 22.52700742
235 60.43733215 20 29.70215607 63.11178589 20 27.31820297 61.96781158 20 24.91512998
235 60.43733215 20 29.70215607 60.05859756 20 24.90557003 61.96781158 20 24.91512998
303 65.78623962 20 24.93424988 63.11178589 20 27.31820297 61.96781158 20 24.91512998
303 65.78623962 20 24.93424988 62.7330513 20 22.52161694 61.96781158 20 24.91512998
86 59.67986298 20 20.10898399 60.05859756 20 24.90557003 61.96781158 20 24.91512998
86 59.67986298 20 20.10898399 62.7330513 20 22.52161694 61.96781158 20 24.91512998
132 68.68730164 20 31.09927368 67.23677063 20 28.01676178 64.97029114 20 28.57855988
132 68.68730164 20 31.09927368 64.56231689 20 30.40071487 64.97029114 20 28.57855988
303 65.78623962 20 24.93424988 67.23677063 20 28.01676178 64.97029114 20 28.57855988
303 65.78623962 20 24.93424988 63.11178589 20 27.31820297 64.97029114 20 28.57855988
235 60.43733215 20 29.70215607 64.56231689 20 30.40071487 64.97029114 20 28.57855988
235 60.43733215 20 29.70215607 63.11178589 20 27.31820297 64.97029114 20 28.57855988
91 48.00005341 20 153.2375641 51.4046917 20 153.9209824 52.55816523 20 151.3655548
91 48.00005341 20 153.2375641 51.43258286 20 149.7461319 52.55816523 20 151.3655548
304 54.80932999 20 154.6044006 51.4046917 20 153.9209824 52.55816523 20 151.3655548
304 54.80932999 20 154.6044006 54.83722115 20 150.4295502 52.55816523 20 151.3655548
55 54.8651123 20 146.2546997 51.43258286 20 149.7461319 52.55816523 20 151.3655548
55 54.8651123 20 146.2546997 54.83722115 20 150.4295502 52.55816523 20 151.3655548
233 58.74596786 20 160.5479126 60.23418236 20 156.5620956 58.42589823 20 155.9095306
233 58.74596786 20 160.5479126 56.77764893 20 157.5761566 58.42589823 20 155.9095306
214 61.72239685 20 152.5762787 60.23418236 20 156.5620956 58.42589823 20 155.9095306
214 61.72239685 20 152.5762787 58.26586342 20 153.5903397 58.42589823 20 155.9095306
304 54.80932999 20 154.6044006 56.77764893 20 157.5761566 58.42589823 20 155.9095306
304 54.80932999 20 154.6044006 58.26586342 20 153.5903397 58.42589823 20 155.9095306
55 54.8651123 20 146.2546997 54.83722115 20 150.4295502 57.13227971 20 151.1451263
55 54.8651123 20 146.2546997 58.29375458 20 149.4154892 57.13227971 20 151.1451263
304 54.80932999 20 154.6044006 54.83722115 20 150.4295502 57.13227971 20 151.1451263
304 54.80932999 20 154.6044006 58.26586342 20 153.5903397 57.13227971 20 151.1451263
214 61.72239685 20 152.5762787 58.29375458 20 149.4154892 57.13227971 20 151.1451263
214 61.72239685 20 152.5762787 58.26586342 20 153.5903397 57.13227971 20 151.1451263
304 54.80932999 20 154.6044006 52.76122284 20 157.5049896 54.75613785 20 158.5192973
304 54.80932999 20 154.6044006 56.77764893 20 157.5761566 54.75613785 20 158.5192973
234 50.71311569 20 160.4055786 52.76122284 20 157.5049896 54.75613785 20 158.5192973
234 50.71311569 20 160.4055786 54.72954178 20 160.4767456 54.75613785 20 158.5192973
233 58.74596786 20 160.5479126 56.77764893 20 157.5761566 54.75613785 20 158.5192973
233 58.74596786 20 160.5479126 54.72954178 20 160.4767456 54.75613785 20 158.5192973
91 48.00005341 20 153.2375641 49.35658455 20 156.8215714 51.17416636 20 156.0825144
91 48.00005341 20 153.2375641 51.4046917 20 153.9209824 51.17416636 20 156.0825144
234 50.71311569 20 160.4055786 49.35658455 20 156.8215714 51.17416636 20 156.0825144
234 50.71311569 20 160.4055786 52.76122284 20 157.5049896 51.17416636 20 156.0825144
304 54.80932999 20 154.6044006 51.4046917 20 153.9209824 51.17416636 20 156.0825144
304 54.80932999 20 154.6044006 52.76122284 20 157.5049896 51.17416636 20 156.0825144
166 84.26273346 20 66.41147614 88.36612701 20 65.52448654 87.66745249 20 62.81029002
166 84.26273346 20 66.41147614 85.26641846 20 61.89668655 87.66745249 20 62.81029002
305 92.46952057 20 64.63749695 88.36612701 20 65.52448654 87.66745249 20 62.81029002
305 92.46952057 20 64.63749695 89.36981201 20 61.00969696 87.66745249 20 62.81029002
253 86.27010345 20 57.38189697 85.26641846 20 61.89668655 87.66745249 20 62.81029002
253 86.27010345 20 57.38189697 89.36981201 20 61.00969696 87.66745249 20 62.81029002
305 92.46952057 20 64.63749695 88.36612701 20 65.52448654 89.33672078 20 68.13100688
305 92.46952057 20 64.63749695 91.87371445 20 68.99077225 89.33672078 20 68.13100688
166 84.26273346 20 66.41147614 88.36612701 20 65.52448654 89.33672078 20 68.13100688
166 84.26273346 20 66.41147614 87.77032089 20 69.87776184 89.33672078 20 68.13100688
99 91.27790833 20 73.34404755 91.87371445 20 68.99077225 89.33672078 20 68.13100688
99 91.27790833 20 73.34404755 87.77032089 20 69.87776184 89.33672078 20 68.13100688
305 92.46952057 20 64.63749695 91.87371445 20 68.99077225 94.8812383 20 69.22109731
305 92.46952057 20 64.63749695 96.68290329 20 67.15962219 94.8812383 20 69.22109731
99 91.27790833 20 73.34404755 91.87371445 20 68.99077225 94.8812383 20 69.22109731
99 91.27790833 20 73.34404755 96.08709717 20 71.51289749 94.8812383 20 69.22109731
171 100.896286 20 69.68174744 96.68290329 20 67.15962219 94.8812383 20 69.22109731
171 100.896286 20 69.68174744 96.08709717 20 71.51289749 94.8812383 20 69.22109731
305 92.46952057 20 64.63749695 96.68290329 20 67.15962219 97.67575328 20 65.15698369
305 92.46952057 20 64.63749695 96.06548691 20 62.89460182 97.67575328 20 65.15698369
171 100.896286 20 69.68174744 96.68290329 20 67.15962219 97.67575328 20 65.15698369
171 100.896286 20 69.68174744 100.2788696 20 65.41672707 97.67575328 20 65.15698369
172 99.66145325 20 61.1517067 96.06548691 20 62.89460182 97.67575328 20 65.15698369
172 99.66145325 20 61.1517067 100.2788696 20 65.41672707 97.67575328 20 65.15698369
278 94.08943939 20 55.85490799 90.17977142 20 56.61840248 90.94302114 20 59.29143397
278 94.08943939 20 55.85490799 93.27947998 20 60.24620247 90.94302114 20 59.29143397
253 86.27010345 20 57.38189697 90.17977142 20 56.61840248 90.94302114 20 59.29143397
253 86.27010345 20 57.38189697 89.36981201 20 61.00969696 90.94302114 20 59.29143397
305 92.46952057 20 64.63749695 93.27947998 20 60.24620247 90.94302114 20 59.29143397
305 92.46952057 20 64.63749695 89.36981201 20 61.00969696 90.94302114 20 59.29143397
172 99.66145325 20 61.1517067 96.87544632 20 58.50330734 95.4068044 20 60.54803721
172 99.66145325 20 61.1517067 96.06548691 20 62.89460182 95.4068044 20 60.54803721
278 94.08943939 20 55.85490799 96.87544632 20 58.50330734 95.4068044 20 60.54803721
278 94.08943939 20 55.85490799 93.27947998 20 60.24620247 95.4068044 20 60.54803721
305 92.46952057 20 64.63749695 96.06548691 20 62.89460182 95.4068044 20 60.54803721
305 92.46952057 20 64.63749695 93.27947998 20 60.24620247 95.4068044 20 60.54803721
306 14.29846954 9.936224937 0 12.14923477 14.96811247 0 14.76615651 16.64540831 0
306 14.29846954 9.936224937 0 17.14923477 14.96811247 0 14.76615651 16.64540831 0
231 10 20 0 12.14923477 14.96811247 0 14.76615651 16.64540831 0
231 10 20 0 15 20 0 14.76615651 16.64540831 0
72 20 20 0 17.14923477 14.96811247 0 14.76615651 16.64540831 0
72 20 20 0 15 20 0 14.76615651 16.64540831 0
307 10 0 0 12.14923477 4.968112469 0 14.76615651 3.312074979 0
307 10 0 0 15 0 0 14.76615651 3.312074979 0
306 14.29846954 9.936224937 0 12.14923477 4.968112469 0 14.76615651 3.312074979 0
306 14.29846954 9.936224937 0 17.14923477 4.968112469 0 14.76615651 3.312074979 0
308 20 0 0 15 0 0 14.76615651 3.312074979 0
308 20 0 0 17.14923477 4.968112469 0 14.76615651 3.312074979 0
309 35 10 0 32.5 15 0 35 16.66666667 0
309 35 10 0 37.5 15 0 35 16.66666667 0
23 30 20 0 32.5 15 0 35 16.66666667 0
23 30 20 0 35 20 0 35 16.66666667 0
25 40 20 0 37.5 15 0 35 16.66666667 0
25 40 20 0 35 20 0 35 16.66666667 0
310 30 0 0 32.5 5 0 35 3.333333333 0
310 30 0 0 35 0 0 35 3.333333333 0
309 35 10 0 32.5 5 0 35 3.333333333 0
309 35 10 0 37.5 5 0 35 3.333333333 0
311 40 0 0 35 0 0 35 3.333333333 0
311 40 0 0 37.5 5 0 35 3.333333333 0
47 60 20 0 57.5 15 0 55 16.66666667 0
47 60 20 0 55 20 0 55 16.66666667 0
312 55 10 0 57.5 15 0 55 16.66666667 0
312 55 10 0 52.5 15 0 55 16.66666667 0
45 50 20 0 55 20 0 55 16.66666667 0
45 50 20 0 52.5 15 0 55 16.66666667 0
313 50 0 0 52.5 5 0 55 3.333333333 0
313 50 0 0 55 0 0 55 3.333333333 0
312 55 10 0 52.5 5 0 55 3.333333333 0
312 55 10 0 57.5 5 0 55 3.333333333 0
314 60 0 0 55 0 0 55 3.333333333 0
314 60 0 0 57.5 5 0 55 3.333333333 0
26 80 20 0 77.5 15 0 75 16.66666667 0
26 80 20 0 75 20 0 75 16.66666667 0
315 75 10 0 77.5 15 0 75 16.66666667 0
315 75 10 0 72.5 15 0 75 16.66666667 0
85 70 20 0 75 20 0 75 16.66666667 0
85 70 20 0 72.5 15 0 75 16.66666667 0
316 70 0 0 72.5 5 0 75 3.333333333 0
316 70 0 0 75 0 0 75 3.333333333 0
315 75 10 0 72.5 5 0 75 3.333333333 0
315 75 10 0 77.5 5 0 75 3.333333333 0
317 80 0 0 75 0 0 75 3.333333333 0
317 80 0 0 77.5 5 0 75 3.333333333 0
71 100 20 0 97.56944275 15.10416651 0 95.04629517 16.73611101 0
71 100 20 0 95 20 0 95.04629517 16.73611101 0
318 95.1388855 10.20833302 0 97.56944275 15.10416651 0 95.04629517 16.73611101 0
318 95.1388855 10.20833302 0 92.56944275 15.10416651 0 95.04629517 16.73611101 0
28 90 20 0 95 20 0 95.04629517 16.73611101 0
28 90 20 0 92.56944275 15.10416651 0 95.04629517 16.73611101 0
318 95.1388855 10.20833302 0 97.56944275 5.104166508 0 95.04629517 3.402777672 0
318 95.1388855 10.20833302 0 92.56944275 5.104166508 0 95.04629517 3.402777672 0
319 100 0 0 97.56944275 5.104166508 0 95.04629517 3.402777672 0
319 100 0 0 95 0 0 95.04629517 3.402777672 0
320 90 0 0 92.56944275 5.104166508 0 95.04629517 3.402777672 0
320 90 0 0 95 0 0 95.04629517 3.402777672 0
228 110 20 0 108.0146332 14.92683554 0 105.3430888 16.61789036 0
228 110 20 0 105 20 0 105.3430888 16.61789036 0
321 106.0292664 9.853671074 0 108.0146332 14.92683554 0 105.3430888 16.61789036 0
321 106.0292664 9.853671074 0 103.0146332 14.92683554 0 105.3430888 16.61789036 0
71 100 20 0 105 20 0 105.3430888 16.61789036 0
71 100 20 0 103.0146332 14.92683554 0 105.3430888 16.61789036 0
321 106.0292664 9.853671074 0 108.0146332 4.926835537 0 105.3430888 3.284557025 0
321 106.0292664 9.853671074 0 103.0146332 4.926835537 0 105.3430888 3.284557025 0
322 110 0 0 108.0146332 4.926835537 0 105.3430888 3.284557025 0
322 110 0 0 105 0 0 105.3430888 3.284557025 0
319 100 0 0 103.0146332 4.926835537 0 105.3430888 3.284557025 0
319 100 0 0 105 0 0 105.3430888 3.284557025 0
321 106.0292664 9.853671074 0 100.5840759 10.03100204 0 100.389384 13.35400136 0
321 106.0292664 9.853671074 0 103.0146332 14.92683554 0 100.389384 13.35400136 0
318 95.1388855 10.20833302 0 100.5840759 10.03100204 0 100.389384 13.35400136 0
318 95.1388855 10.20833302 0 97.56944275 15.10416651 0 100.389384 13.35400136 0
71 100 20 0 103.0146332 14.92683554 0 100.389384 13.35400136 0
71 100 20 0 97.56944275 15.10416651 0 100.389384 13.35400136 0
321 106.0292664 9.853671074 0 103.0146332 4.926835537 0 100.389384 6.687334696 0
321 106.0292664 9.853671074 0 100.5840759 10.03100204 0 100.389384 6.687334696 0
319 100 0 0 103.0146332 4.926835537 0 100.389384 6.687334696 0
319 100 0 0 97.56944275 5.104166508 0 100.389384 6.687334696 0
318 95.1388855 10.20833302 0 100.5840759 10.03100204 0 100.389384 6.687334696 0
318 95.1388855 10.20833302 0 97.56944275 5.104166508 0 100.389384 6.687334696 0
323 24.88307762 9.989370346 0 22.44153881 14.99468517 0 24.96102587 16.66312345 0
323 24.88307762 9.989370346 0 27.44153881 14.99468517 0 24.96102587 16.66312345 0
72 20 20 0 22.44153881 14.99468517 0 24.96102587 16.66312345 0
72 20 20 0 25 20 0 24.96102587 16.66312345 0
23 30 20 0 27.44153881 14.99468517 0 24.96102587 16.66312345 0
23 30 20 0 25 20 0 24.96102587 16.66312345 0
308 20 0 0 22.44153881 4.994685173 0 24.96102587 3.329790115 0
308 20 0 0 25 0 0 24.96102587 3.329790115 0
323 24.88307762 9.989370346 0 22.44153881 4.994685173 0 24.96102587 3.329790115 0
323 24.88307762 9.989370346 0 27.44153881 4.994685173 0 24.96102587 3.329790115 0
310 30 0 0 25 0 0 24.96102587 3.329790115 0
310 30 0 0 27.44153881 4.994685173 0 24.96102587 3.329790115 0
306 14.29846954 9.936224937 0 17.14923477 14.96811247 0 19.72718239 13.30853176 0
306 14.29846954 9.936224937 0 19.59077358 9.962797642 0 19.72718239 13.30853176 0
72 20 20 0 17.14923477 14.96811247 0 19.72718239 13.30853176 0
72 20 20 0 22.44153881 14.99468517 0 19.72718239 13.30853176 0
323 24.88307762 9.989370346 0 19.59077358 9.962797642 0 19.72718239 13.30853176 0
323 24.88307762 9.989370346 0 22.44153881 14.99468517 0 19.72718239 13.30853176 0
306 14.29846954 9.936224937 0 19.59077358 9.962797642 0 19.72718239 6.641865095 0
306 14.29846954 9.936224937 0 17.14923477 4.968112469 0 19.72718239 6.641865095 0
323 24.88307762 9.989370346 0 19.59077358 9.962797642 0 19.72718239 6.641865095 0
323 24.88307762 9.989370346 0 22.44153881 4.994685173 0 19.72718239 6.641865095 0
308 20 0 0 17.14923477 4.968112469 0 19.72718239 6.641865095 0
308 20 0 0 22.44153881 4.994685173 0 19.72718239 6.641865095 0
323 24.88307762 9.989370346 0 27.44153881 14.99468517 0 29.96102587 13.32979012 0
323 24.88307762 9.989370346 0 29.94153881 9.994685173 0 29.96102587 13.32979012 0
23 30 20 0 27.44153881 14.99468517 0 29.96102587 13.32979012 0
23 30 20 0 32.5 15 0 29.96102587 13.32979012 0
309 35 10 0 29.94153881 9.994685173 0 29.96102587 13.32979012 0
309 35 10 0 32.5 15 0 29.96102587 13.32979012 0
310 30 0 0 27.44153881 4.994685173 0 29.96102587 6.663123449 0
310 30 0 0 32.5 5 0 29.96102587 6.663123449 0
323 24.88307762 9.989370346 0 27.44153881 4.994685173 0 29.96102587 6.663123449 0
323 24.88307762 9.989370346 0 29.94153881 9.994685173 0 29.96102587 6.663123449 0
309 35 10 0 32.5 5 0 29.96102587 6.663123449 0
309 35 10 0 29.94153881 9.994685173 0 29.96102587 6.663123449 0
324 45 10 0 42.5 15 0 45 16.66666667 0
324 45 10 0 47.5 15 0 45 16.66666667 0
25 40 20 0 42.5 15 0 45 16.66666667 0
25 40 20 0 45 20 0 45 16.66666667 0
45 50 20 0 47.5 15 0 45 16.66666667 0
45 50 20 0 45 20 0 45 16.66666667 0
311 40 0 0 42.5 5 0 45 3.333333333 0
311 40 0 0 45 0 0 45 3.333333333 0
324 45 10 0 42.5 5 0 45 3.333333333 0
324 45 10 0 47.5 5 0 45 3.333333333 0
313 50 0 0 45 0 0 45 3.333333333 0
313 50 0 0 47.5 5 0 45 3.333333333 0
324 45 10 0 40 10 0 40 13.33333333 0
324 45 10 0 42.5 15 0 40 13.33333333 0
309 35 10 0 40 10 0 40 13.33333333 0
309 35 10 0 37.5 15 0 40 13.33333333 0
25 40 20 0 42.5 15 0 40 13.33333333 0
25 40 20 0 37.5 15 0 40 13.33333333 0
311 40 0 0 37.5 5 0 40 6.666666667 0
311 40 0 0 42.5 5 0 40 6.666666667 0
309 35 10 0 37.5 5 0 40 6.666666667 0
309 35 10 0 40 10 0 40 6.666666667 0
324 45 10 0 42.5 5 0 40 6.666666667 0
324 45 10 0 40 10 0 40 6.666666667 0
324 45 10 0 47.5 15 0 50 13.33333333 0
324 45 10 0 50 10 0 50 13.33333333 0
45 50 20 0 47.5 15 0 50 13.33333333 0
45 50 20 0 52.5 15 0 50 13.33333333 0
312 55 10 0 50 10 0 50 13.33333333 0
312 55 10 0 52.5 15 0 50 13.33333333 0
313 50 0 0 47.5 5 0 50 6.666666667 0
313 50 0 0 52.5 5 0 50 6.666666667 0
324 45 10 0 47.5 5 0 50 6.666666667 0
324 45 10 0 50 10 0 50 6.666666667 0
312 55 10 0 52.5 5 0 50 6.666666667 0
312 55 10 0 50 10 0 50 6.666666667 0
85 70 20 0 67.5 15 0 65 16.66666667 0
85 70 20 0 65 20 0 65 16.66666667 0
325 65 10 0 67.5 15 0 65 16.66666667 0
325 65 10 0 62.5 15 0 65 16.66666667 0
47 60 20 0 65 20 0 65 16.66666667 0
47 60 20 0 62.5 15 0 65 16.66666667 0
316 70 0 0 65 0 0 65 3.333333333 0
316 70 0 0 67.5 5 0 65 3.333333333 0
314 60 0 0 65 0 0 65 3.333333333 0
314 60 0 0 62.5 5 0 65 3.333333333 0
325 65 10 0 67.5 5 0 65 3.333333333 0
325 65 10 0 62.5 5 0 65 3.333333333 0
312 55 10 0 57.5 15 0 60 13.33333333 0
312 55 10 0 60 10 0 60 13.33333333 0
47 60 20 0 57.5 15 0 60 13.33333333 0
47 60 20 0 62.5 15 0 60 13.33333333 0
325 65 10 0 60 10 0 60 13.33333333 0
325 65 10 0 62.5 15 0 60 13.33333333 0
314 60 0 0 57.5 5 0 60 6.666666667 0
314 60 0 0 62.5 5 0 60 6.666666667 0
312 55 10 0 57.5 5 0 60 6.666666667 0
312 55 10 0 60 10 0 60 6.666666667 0
325 65 10 0 62.5 5 0 60 6.666666667 0
325 65 10 0 60 10 0 60 6.666666667 0
315 75 10 0 70 10 0 70 13.33333333 0
315 75 10 0 72.5 15 0 70 13.33333333 0
325 65 10 0 70 10 0 70 13.33333333 0
325 65 10 0 67.5 15 0 70 13.33333333 0
85 70 20 0 72.5 15 0 70 13.33333333 0
85 70 20 0 67.5 15 0 70 13.33333333 0
316 70 0 0 67.5 5 0 70 6.666666667 0
316 70 0 0 72.5 5 0 70 6.666666667 0
325 65 10 0 67.5 5 0 70 6.666666667 0
325 65 10 0 70 10 0 70 6.666666667 0
315 75 10 0 72.5 5 0 70 6.666666667 0
315 75 10 0 70 10 0 70 6.666666667 0
28 90 20 0 87.51157379 15.01736116 0 85.00771586 16.67824078 0
28 90 20 0 85 20 0 85.00771586 16.67824078 0
326 85.02314758 10.03472233 0 87.51157379 15.01736116 0 85.00771586 16.67824078 0
326 85.02314758 10.03472233 0 82.51157379 15.01736116 0 85.00771586 16.67824078 0
26 80 20 0 85 20 0 85.00771586 16.67824078 0
26 80 20 0 82.51157379 15.01736116 0 85.00771586 16.67824078 0
320 90 0 0 85 0 0 85.00771586 3.344907443 0
320 90 0 0 87.51157379 5.017361164 0 85.00771586 3.344907443 0
317 80 0 0 85 0 0 85.00771586 3.344907443 0
317 80 0 0 82.51157379 5.017361164 0 85.00771586 3.344907443 0
326 85.02314758 10.03472233 0 87.51157379 5.017361164 0 85.00771586 3.344907443 0
326 85.02314758 10.03472233 0 82.51157379 5.017361164 0 85.00771586 3.344907443 0
326 85.02314758 10.03472233 0 80.01157379 10.01736116 0 80.00771586 13.34490744 0
326 85.02314758 10.03472233 0 82.51157379 15.01736116 0 80.00771586 13.34490744 0
315 75 10 0 80.01157379 10.01736116 0 80.00771586 13.34490744 0
315 75 10 0 77.5 15 0 80.00771586 13.34490744 0
26 80 20 0 82.51157379 15.01736116 0 80.00771586 13.34490744 0
26 80 20 0 77.5 15 0 80.00771586 13.34490744 0
317 80 0 0 77.5 5 0 80.00771586 6.678240776 0
317 80 0 0 82.51157379 5.017361164 0 80.00771586 6.678240776 0
315 75 10 0 77.5 5 0 80.00771586 6.678240776 0
315 75 10 0 80.01157379 10.01736116 0 80.00771586 6.678240776 0
326 85.02314758 10.03472233 0 82.51157379 5.017361164 0 80.00771586 6.678240776 0
326 85.02314758 10.03472233 0 80.01157379 10.01736116 0 80.00771586 6.678240776 0
28 90 20 0 92.56944275 15.10416651 0 90.05401103 13.41435178 0
28 90 20 0 87.51157379 15.01736116 0 90.05401103 13.41435178 0
318 95.1388855 10.20833302 0 92.56944275 15.10416651 0 90.05401103 13.41435178 0
318 95.1388855 10.20833302 0 90.08101654 10.12152767 0 90.05401103 13.41435178 0
326 85.02314758 10.03472233 0 87.51157379 15.01736116 0 90.05401103 13.41435178 0
326 85.02314758 10.03472233 0 90.08101654 10.12152767 0 90.05401103 13.41435178 0
318 95.1388855 10.20833302 0 92.56944275 5.104166508 0 90.05401103 6.747685115 0
318 95.1388855 10.20833302 0 90.08101654 10.12152767 0 90.05401103 6.747685115 0
320 90 0 0 92.56944275 5.104166508 0 90.05401103 6.747685115 0
320 90 0 0 87.51157379 5.017361164 0 90.05401103 6.747685115 0
326 85.02314758 10.03472233 0 90.08101654 10.12152767 0 90.05401103 6.747685115 0
326 85.02314758 10.03472233 0 87.51157379 5.017361164 0 90.05401103 6.747685115 0
327 7.10555315 12.65937233 0 3.552776575 11.32968616 0 2.368517717 14.21979078 0
327 7.10555315 12.65937233 0 3.552776575 16.32968616 0 2.368517717 14.21979078 0
2 0 10 0 3.552776575 11.32968616 0 2.368517717 14.21979078 0
2 0 10 0 0 15 0 2.368517717 14.21979078 0
9 0 20 0 3.552776575 16.32968616 0 2.368517717 14.21979078 0
9 0 20 0 0 15 0 2.368517717 14.21979078 0
231 10 20 0 8.552776575 16.32968616 0 5.70185105 17.55312411 0
231 10 20 0 5 20 0 5.70185105 17.55312411 0
327 7.10555315 12.65937233 0 8.552776575 16.32968616 0 5.70185105 17.55312411 0
327 7.10555315 12.65937233 0 3.552776575 16.32968616 0 5.70185105 17.55312411 0
9 0 20 0 5 20 0 5.70185105 17.55312411 0
9 0 20 0 3.552776575 16.32968616 0 5.70185105 17.55312411 0
306 14.29846954 9.936224937 0 10.70201135 11.29779863 0 10.46800756 14.19853242 0
306 14.29846954 9.936224937 0 12.14923477 14.96811247 0 10.46800756 14.19853242 0
327 7.10555315 12.65937233 0 10.70201135 11.29779863 0 10.46800756 14.19853242 0
327 7.10555315 12.65937233 0 8.552776575 16.32968616 0 10.46800756 14.19853242 0
231 10 20 0 12.14923477 14.96811247 0 10.46800756 14.19853242 0
231 10 20 0 8.552776575 16.32968616 0 10.46800756 14.19853242 0
226 120 20 0 116.603981 16.4875145 0 114.402654 17.658343 0
226 120 20 0 115 20 0 114.402654 17.658343 0
328 113.207962 12.97502899 0 116.603981 16.4875145 0 114.402654 17.658343 0
328 113.207962 12.97502899 0 111.603981 16.4875145 0 114.402654 17.658343 0
228 110 20 0 115 20 0 114.402654 17.658343 0
228 110 20 0 111.603981 16.4875145 0 114.402654 17.658343 0
328 113.207962 12.97502899 0 116.603981 16.4875145 0 117.7359873 14.32500966 0
328 113.207962 12.97502899 0 116.603981 11.4875145 0 117.7359873 14.32500966 0
226 120 20 0 116.603981 16.4875145 0 117.7359873 14.32500966 0
226 120 20 0 120 15 0 117.7359873 14.32500966 0
329 120 10 0 116.603981 11.4875145 0 117.7359873 14.32500966 0
329 120 10 0 120 15 0 117.7359873 14.32500966 0
328 113.207962 12.97502899 0 109.6186142 11.41435003 0 109.7457428 14.27623336 0
328 113.207962 12.97502899 0 111.603981 16.4875145 0 109.7457428 14.27623336 0
321 106.0292664 9.853671074 0 109.6186142 11.41435003 0 109.7457428 14.27623336 0
321 106.0292664 9.853671074 0 108.0146332 14.92683554 0 109.7457428 14.27623336 0
228 110 20 0 111.603981 16.4875145 0 109.7457428 14.27623336 0
228 110 20 0 108.0146332 14.92683554 0 109.7457428 14.27623336 0
330 120 0 0 116.9668465 3.180720568 0 117.9778976 5.453813712 0
330 120 0 0 120 5 0 117.9778976 5.453813712 0
331 113.9336929 6.361441135 0 116.9668465 3.180720568 0 117.9778976 5.453813712 0
331 113.9336929 6.361441135 0 116.9668465 8.180720568 0 117.9778976 5.453813712 0
329 120 10 0 120 5 0 117.9778976 5.453813712 0
329 120 10 0 116.9668465 8.180720568 0 117.9778976 5.453813712 0
330 120 0 0 115 0 0 114.6445643 2.120480378 0
330 120 0 0 116.9668465 3.180720568 0 114.6445643 2.120480378 0
322 110 0 0 115 0 0 114.6445643 2.120480378 0
322 110 0 0 111.9668465 3.180720568 0 114.6445643 2.120480378 0
331 113.9336929 6.361441135 0 116.9668465 3.180720568 0 114.6445643 2.120480378 0
331 113.9336929 6.361441135 0 111.9668465 3.180720568 0 114.6445643 2.120480378 0
331 113.9336929 6.361441135 0 111.9668465 3.180720568 0 109.9876531 5.405037403 0
331 113.9336929 6.361441135 0 109.9814796 8.107556105 0 109.9876531 5.405037403 0
322 110 0 0 111.9668465 3.180720568 0 109.9876531 5.405037403 0
322 110 0 0 108.0146332 4.926835537 0 109.9876531 5.405037403 0
321 106.0292664 9.853671074 0 109.9814796 8.107556105 0 109.9876531 5.405037403 0
321 106.0292664 9.853671074 0 108.0146332 4.926835537 0 109.9876531 5.405037403 0
329 120 10 0 116.9668465 8.180720568 0 115.713885 9.778823376 0
329 120 10 0 116.603981 11.4875145 0 115.713885 9.778823376 0
331 113.9336929 6.361441135 0 116.9668465 8.180720568 0 115.713885 9.778823376 0
331 113.9336929 6.361441135 0 113.5708275 9.668235064 0 115.713885 9.778823376 0
328 113.207962 12.97502899 0 116.603981 11.4875145 0 115.713885 9.778823376 0
328 113.207962 12.97502899 0 113.5708275 9.668235064 0 115.713885 9.778823376 0
331 113.9336929 6.361441135 0 109.9814796 8.107556105 0 111.0569738 9.730047067 0
331 113.9336929 6.361441135 0 113.5708275 9.668235064 0 111.0569738 9.730047067 0
321 106.0292664 9.853671074 0 109.9814796 8.107556105 0 111.0569738 9.730047067 0
321 106.0292664 9.853671074 0 109.6186142 11.41435003 0 111.0569738 9.730047067 0
328 113.207962 12.97502899 0 113.5708275 9.668235064 0 111.0569738 9.730047067 0
328 113.207962 12.97502899 0 109.6186142 11.41435003 0 111.0569738 9.730047067 0
332 6.280804634 6.519119263 0 3.140402317 3.259559631 0 2.093601545 5.506373088 0
332 6.280804634 6.519119263 0 3.140402317 8.259559631 0 2.093601545 5.506373088 0
0 0 0 0 3.140402317 3.259559631 0 2.093601545 5.506373088 0
0 0 0 0 0 5 0 2.093601545 5.506373088 0
2 0 10 0 3.140402317 8.259559631 0 2.093601545 5.506373088 0
2 0 10 0 0 5 0 2.093601545 5.506373088 0
0 0 0 0 3.140402317 3.259559631 0 5.426934878 2.173039754 0
0 0 0 0 5 0 0 5.426934878 2.173039754 0
332 6.280804634 6.519119263 0 3.140402317 3.259559631 0 5.426934878 2.173039754 0
332 6.280804634 6.519119263 0 8.140402317 3.259559631 0 5.426934878 2.173039754 0
307 10 0 0 5 0 0 5.426934878 2.173039754 0
307 10 0 0 8.140402317 3.259559631 0 5.426934878 2.173039754 0
332 6.280804634 6.519119263 0 10.28963709 8.2276721 0 10.19309139 5.485114733 0
332 6.280804634 6.519119263 0 8.140402317 3.259559631 0 10.19309139 5.485114733 0
306 14.29846954 9.936224937 0 10.28963709 8.2276721 0 10.19309139 5.485114733 0
306 14.29846954 9.936224937 0 12.14923477 4.968112469 0 10.19309139 5.485114733 0
307 10 0 0 8.140402317 3.259559631 0 10.19309139 5.485114733 0
307 10 0 0 12.14923477 4.968112469 0 10.19309139 5.485114733 0
2 0 10 0 3.552776575 11.32968616 0 4.462119261 9.726163864 0
2 0 10 0 3.140402317 8.259559631 0 4.462119261 9.726163864 0
327 7.10555315 12.65937233 0 3.552776575 11.32968616 0 4.462119261 9.726163864 0
327 7.10555315 12.65937233 0 6.693178892 9.589245796 0 4.462119261 9.726163864 0
332 6.280804634 6.519119263 0 3.140402317 8.259559631 0 4.462119261 9.726163864 0
332 6.280804634 6.519119263 0 6.693178892 9.589245796 0 4.462119261 9.726163864 0
332 6.280804634 6.519119263 0 6.693178892 9.589245796 0 9.228275776 9.70490551 0
332 6.280804634 6.519119263 0 10.28963709 8.2276721 0 9.228275776 9.70490551 0
327 7.10555315 12.65937233 0 6.693178892 9.589245796 0 9.228275776 9.70490551 0
327 7.10555315 12.65937233 0 10.70201135 11.29779863 0 9.228275776 9.70490551 0
306 14.29846954 9.936224937 0 10.28963709 8.2276721 0 9.228275776 9.70490551 0
306 14.29846954 9.936224937 0 10.70201135 11.29779863 0 9.228275776 9.70490551 0
333 20.39638519 0 127.0360641 15.1981926 0 128.5180321 13.46546173 0 125.678688
333 20.39638519 0 127.0360641 15.1981926 0 123.5180321 13.46546173 0 125.678688
334 10 0 130 15.1981926 0 128.5180321 13.46546173 0 125.678688
334 10 0 130 10 0 125 13.46546173 0 125.678688
335 10 0 120 15.1981926 0 123.5180321 13.46546173 0 125.678688
335 10 0 120 10 0 125 13.46546173 0 125.678688
311 40 0 0 37.5605278 0 5.190621376 35.04035187 0 3.460414251
311 40 0 0 35 0 0 35.04035187 0 3.460414251
336 35.1210556 0 10.38124275 37.5605278 0 5.190621376 35.04035187 0 3.460414251
336 35.1210556 0 10.38124275 32.5605278 0 5.190621376 35.04035187 0 3.460414251
310 30 0 0 35 0 0 35.04035187 0 3.460414251
310 30 0 0 32.5605278 0 5.190621376 35.04035187 0 3.460414251
337 84.84151459 0 10.33791447 82.42075729 0 5.168957233 84.94717153 0 3.445971489
337 84.84151459 0 10.33791447 87.42075729 0 5.168957233 84.94717153 0 3.445971489
317 80 0 0 82.42075729 0 5.168957233 84.94717153 0 3.445971489
317 80 0 0 85 0 0 84.94717153 0 3.445971489
320 90 0 0 87.42075729 0 5.168957233 84.94717153 0 3.445971489
320 90 0 0 85 0 0 84.94717153 0 3.445971489
338 10 3.625682786e-31 150 13.51040745 1.812841393e-31 153.5251236 11.3639609 5.233641528e-16 154.7071075
338 10 3.625682786e-31 150 8.535533905 7.850462291e-16 153.5355377 11.3639609 5.233641528e-16 154.7071075
339 17.0208149 0 157.0502472 13.51040745 1.812841393e-31 153.5251236 11.3639609 5.233641528e-16 154.7071075
339 17.0208149 0 157.0502472 12.04594135 7.850462291e-16 157.0606613 11.3639609 5.233641528e-16 154.7071075
340 7.07106781 1.570092458e-15 157.0710754 8.535533905 7.850462291e-16 153.5355377 11.3639609 5.233641528e-16 154.7071075
340 7.07106781 1.570092458e-15 157.0710754 12.04594135 7.850462291e-16 157.0606613 11.3639609 5.233641528e-16 154.7071075
341 40 0 180 35 0 180 34.77719243 0 176.4259593
341 40 0 180 37.16578865 0 174.6389389 34.77719243 0 176.4259593
342 30 0 180 35 0 180 34.77719243 0 176.4259593
342 30 0 180 32.16578865 0 174.6389389 34.77719243 0 176.4259593
343 34.3315773 0 169.2778778 37.16578865 0 174.6389389 34.77719243 0 176.4259593
343 34.3315773 0 169.2778778 32.16578865 0 174.6389389 34.77719243 0 176.4259593
344 110 0 30 106.6591187 0 26.59140873 108.7490565 -5.233641528e-16 25.37058322
344 110 0 30 111.4644661 -7.850462291e-16 26.46446609 108.7490565 -5.233641528e-16 25.37058322
345 103.3182373 0 23.18281746 106.6591187 0 26.59140873 108.7490565 -5.233641528e-16 25.37058322
345 103.3182373 0 23.18281746 108.1235847 -7.850462291e-16 23.05587482 108.7490565 -5.233641528e-16 25.37058322
346 112.9289322 -1.570092458e-15 22.92893219 111.4644661 -7.850462291e-16 26.46446609 108.7490565 -5.233641528e-16 25.37058322
346 112.9289322 -1.570092458e-15 22.92893219 108.1235847 -7.850462291e-16 23.05587482 108.7490565 -5.233641528e-16 25.37058322
347 16.6817627 0 23.18281746 13.34088135 1.359631074e-31 26.59140873 11.2509435 -5.233641528e-16 25.37058322
347 16.6817627 0 23.18281746 11.87641525 -7.850462291e-16 23.05587482 11.2509435 -5.233641528e-16 25.37058322
14 10 2.719262148e-31 30 13.34088135 1.359631074e-31 26.59140873 11.2509435 -5.233641528e-16 25.37058322
14 10 2.719262148e-31 30 8.535533905 -7.850462291e-16 26.46446609 11.2509435 -5.233641528e-16 25.37058322
13 7.07106781 -1.570092458e-15 22.92893219 11.87641525 -7.850462291e-16 23.05587482 11.2509435 -5.233641528e-16 25.37058322
13 7.07106781 -1.570092458e-15 22.92893219 8.535533905 -7.850462291e-16 26.46446609 11.2509435 -5.233641528e-16 25.37058322
348 110 0 150 111.4644661 7.850462291e-16 153.5355377 108.5441182 5.233641528e-16 154.2342631
348 110 0 150 106.3517113 0 152.8158569 108.5441182 5.233641528e-16 154.2342631
349 112.9289322 1.570092458e-15 157.0710754 111.4644661 7.850462291e-16 153.5355377 108.5441182 5.233641528e-16 154.2342631
349 112.9289322 1.570092458e-15 157.0710754 107.8161774 7.850462291e-16 156.3513947 108.5441182 5.233641528e-16 154.2342631
350 102.7034225 0 155.6317139 106.3517113 0 152.8158569 108.5441182 5.233641528e-16 154.2342631
350 102.7034225 0 155.6317139 107.8161774 7.850462291e-16 156.3513947 108.5441182 5.233641528e-16 154.2342631
351 90 0 180 85 0 180 85.09257507 0 176.5032501
351 90 0 180 87.63886261 0 174.7548752 85.09257507 0 176.5032501
352 80 0 180 85 0 180 85.09257507 0 176.5032501
352 80 0 180 82.63886261 0 174.7548752 85.09257507 0 176.5032501
353 85.27772522 0 169.5097504 87.63886261 0 174.7548752 85.09257507 0 176.5032501
353 85.27772522 0 169.5097504 82.63886261 0 174.7548752 85.09257507 0 176.5032501
354 55.01996994 0 10.53685379 52.50998497 0 5.268426895 55.00665665 0 3.512284597
354 55.01996994 0 10.53685379 57.50998497 0 5.268426895 55.00665665 0 3.512284597
313 50 0 0 52.50998497 0 5.268426895 55.00665665 0 3.512284597
313 50 0 0 55 0 0 55.00665665 0 3.512284597
314 60 0 0 57.50998497 0 5.268426895 55.00665665 0 3.512284597
314 60 0 0 55 0 0 55.00665665 0 3.512284597
355 83.31484985 0 21.33426285 84.07818222 0 15.83608866 87.40942128 0 17.009998
355 83.31484985 0 21.33426285 88.69337463 0 20.34603977 87.40942128 0 17.009998
337 84.84151459 0 10.33791447 84.07818222 0 15.83608866 87.40942128 0 17.009998
337 84.84151459 0 10.33791447 89.456707 0 14.84786558 87.40942128 0 17.009998
356 94.07189941 0 19.3578167 88.69337463 0 20.34603977 87.40942128 0 17.009998
356 94.07189941 0 19.3578167 89.456707 0 14.84786558 87.40942128 0 17.009998
337 84.84151459 0 10.33791447 84.07818222 0 15.83608866 81.09875743 0 15.63999716
337 84.84151459 0 10.33791447 79.99071121 0 12.79286432 81.09875743 0 15.63999716
355 83.31484985 0 21.33426285 84.07818222 0 15.83608866 81.09875743 0 15.63999716
355 83.31484985 0 21.33426285 79.22737885 0 18.29103851 81.09875743 0 15.63999716
357 75.13990784 0 15.24781418 79.99071121 0 12.79286432 81.09875743 0 15.63999716
357 75.13990784 0 15.24781418 79.22737885 0 18.29103851 81.09875743 0 15.63999716
358 25.92810059 0 19.3578167 30.52457809 0 14.86952972 32.60187785 0 16.94996134
358 25.92810059 0 19.3578167 31.34228897 0 20.23432064 32.60187785 0 16.94996134
336 35.1210556 0 10.38124275 30.52457809 0 14.86952972 32.60187785 0 16.94996134
336 35.1210556 0 10.38124275 35.93876648 0 15.74603367 32.60187785 0 16.94996134
359 36.75647736 0 21.11082458 31.34228897 0 20.23432064 32.60187785 0 16.94996134
359 36.75647736 0 21.11082458 35.93876648 0 15.74603367 32.60187785 0 16.94996134
360 44.59809494 0 15.55111027 40.67728615 0 18.33096743 38.8252093 0 15.6810592
360 44.59809494 0 15.55111027 39.85957527 0 12.96617651 38.8252093 0 15.6810592
359 36.75647736 0 21.11082458 40.67728615 0 18.33096743 38.8252093 0 15.6810592
359 36.75647736 0 21.11082458 35.93876648 0 15.74603367 38.8252093 0 15.6810592
336 35.1210556 0 10.38124275 39.85957527 0 12.96617651 38.8252093 0 15.6810592
336 35.1210556 0 10.38124275 35.93876648 0 15.74603367 38.8252093 0 15.6810592
361 54.8651123 0 146.2546997 56.98731232 0 140.5042801 59.91427612 0 141.4391073
361 54.8651123 0 146.2546997 60.31665802 0 144.7817307 59.91427612 0 141.4391073
362 59.10951233 0 134.7538605 56.98731232 0 140.5042801 59.91427612 0 141.4391073
362 59.10951233 0 134.7538605 62.43885803 0 139.031311 59.91427612 0 141.4391073
363 65.76820374 0 143.3087616 60.31665802 0 144.7817307 59.91427612 0 141.4391073
363 65.76820374 0 143.3087616 62.43885803 0 139.031311 59.91427612 0 141.4391073
364 76.59942627 0 146.1630096 73.2220192 0 150.0530701 70.73741404 0 147.8049672
364 76.59942627 0 146.1630096 71.183815 0 144.7358856 70.73741404 0 147.8049672
365 69.84461212 0 153.9431305 73.2220192 0 150.0530701 70.73741404 0 147.8049672
365 69.84461212 0 153.9431305 67.80640793 0 148.625946 70.73741404 0 147.8049672
363 65.76820374 0 143.3087616 71.183815 0 144.7358856 70.73741404 0 147.8049672
363 65.76820374 0 143.3087616 67.80640793 0 148.625946 70.73741404 0 147.8049672
366 55.19780731 0 65.0169754 52.27456856 0 61.42035866 55.00836563 0 59.40831121
366 55.19780731 0 65.0169754 57.83688354 0 60.20059586 55.00836563 0 59.40831121
367 49.3513298 0 57.82374191 52.27456856 0 61.42035866 55.00836563 0 59.40831121
367 49.3513298 0 57.82374191 54.91364479 0 56.60397911 55.00836563 0 59.40831121
368 60.47595978 0 55.38421631 57.83688354 0 60.20059586 55.00836563 0 59.40831121
368 60.47595978 0 55.38421631 54.91364479 0 56.60397911 55.00836563 0 59.40831121
366 55.19780731 0 65.0169754 50.15730286 0 66.07066345 49.88864517 0 63.32168961
366 55.19780731 0 65.0169754 52.27456856 0 61.42035866 49.88864517 0 63.32168961
369 45.1167984 0 67.1243515 50.15730286 0 66.07066345 49.88864517 0 63.32168961
369 45.1167984 0 67.1243515 47.2340641 0 62.47404671 49.88864517 0 63.32168961
367 49.3513298 0 57.82374191 52.27456856 0 61.42035866 49.88864517 0 63.32168961
367 49.3513298 0 57.82374191 47.2340641 0 62.47404671 49.88864517 0 63.32168961
370 53.83298111 0 83.17263031 59.26060295 0 84.08631516 59.37145487 0 87.85040538
370 53.83298111 0 83.17263031 56.71306992 0 89.27560806 59.37145487 0 87.85040538
371 64.68822479 0 85 59.26060295 0 84.08631516 59.37145487 0 87.85040538
371 64.68822479 0 85 62.14069176 0 90.18929291 59.37145487 0 87.85040538
372 59.59315872 0 95.37858582 56.71306992 0 89.27560806 59.37145487 0 87.85040538
372 59.59315872 0 95.37858582 62.14069176 0 90.18929291 59.37145487 0 87.85040538
371 64.68822479 0 85 59.26060295 0 84.08631516 59.53809865 0 80.89000448
371 64.68822479 0 85 62.39065742 0 79.74869156 59.53809865 0 80.89000448
370 53.83298111 0 83.17263031 59.26060295 0 84.08631516 59.53809865 0 80.89000448
370 53.83298111 0 83.17263031 56.96303558 0 78.83500671 59.53809865 0 80.89000448
373 60.09309006 0 74.49738312 62.39065742 0 79.74869156 59.53809865 0 80.89000448
373 60.09309006 0 74.49738312 56.96303558 0 78.83500671 59.53809865 0 80.89000448
374 99.68280029 0 94.83394623 104.8414001 0 92.41697311 106.5609334 0 94.94464874
374 99.68280029 0 94.83394623 104.8414001 0 97.41697311 106.5609334 0 94.94464874
375 110 0 90 104.8414001 0 92.41697311 106.5609334 0 94.94464874
375 110 0 90 110 0 95 106.5609334 0 94.94464874
376 110 0 100 104.8414001 0 97.41697311 106.5609334 0 94.94464874
376 110 0 100 110 0 95 106.5609334 0 94.94464874
320 90 0 0 95 0 0 95.40999349 0 3.122382482
320 90 0 0 93.11499023 0 4.683573723 95.40999349 0 3.122382482
319 100 0 0 95 0 0 95.40999349 0 3.122382482
319 100 0 0 98.11499023 0 4.683573723 95.40999349 0 3.122382482
377 96.22998047 0 9.367147446 93.11499023 0 4.683573723 95.40999349 0 3.122382482
377 96.22998047 0 9.367147446 98.11499023 0 4.683573723 95.40999349 0 3.122382482
320 90 0 0 93.11499023 0 4.683573723 90.35716502 0 6.568353971
320 90 0 0 87.42075729 0 5.168957233 90.35716502 0 6.568353971
377 96.22998047 0 9.367147446 93.11499023 0 4.683573723 90.35716502 0 6.568353971
377 96.22998047 0 9.367147446 90.53574753 0 9.852530956 90.35716502 0 6.568353971
337 84.84151459 0 10.33791447 87.42075729 0 5.168957233 90.35716502 0 6.568353971
337 84.84151459 0 10.33791447 90.53574753 0 9.852530956 90.35716502 0 6.568353971
337 84.84151459 0 10.33791447 90.53574753 0 9.852530956 91.71446482 0 13.02095954
337 84.84151459 0 10.33791447 89.456707 0 14.84786558 91.71446482 0 13.02095954
377 96.22998047 0 9.367147446 90.53574753 0 9.852530956 91.71446482 0 13.02095954
377 96.22998047 0 9.367147446 95.15093994 0 14.36248207 91.71446482 0 13.02095954
356 94.07189941 0 19.3578167 89.456707 0 14.84786558 91.71446482 0 13.02095954
356 94.07189941 0 19.3578167 95.15093994 0 14.36248207 91.71446482 0 13.02095954
310 30 0 0 26.88403606 0 4.68470192 24.58935738 0 3.123134613
310 30 0 0 25 0 0 24.58935738 0 3.123134613
378 23.76807213 0 9.369403839 26.88403606 0 4.68470192 24.58935738 0 3.123134613
378 23.76807213 0 9.369403839 21.88403606 0 4.68470192 24.58935738 0 3.123134613
308 20 0 0 25 0 0 24.58935738 0 3.123134613
308 20 0 0 21.88403606 0 4.68470192 24.58935738 0 3.123134613
336 35.1210556 0 10.38124275 29.44456387 0 9.875323296 29.62970924 0 6.583548864
336 35.1210556 0 10.38124275 32.5605278 0 5.190621376 29.62970924 0 6.583548864
378 23.76807213 0 9.369403839 29.44456387 0 9.875323296 29.62970924 0 6.583548864
378 23.76807213 0 9.369403839 26.88403606 0 4.68470192 29.62970924 0 6.583548864
310 30 0 0 32.5605278 0 5.190621376 29.62970924 0 6.583548864
310 30 0 0 26.88403606 0 4.68470192 29.62970924 0 6.583548864
378 23.76807213 0 9.369403839 29.44456387 0 9.875323296 28.27240944 0 13.03615443
378 23.76807213 0 9.369403839 24.84808636 0 14.36361027 28.27240944 0 13.03615443
336 35.1210556 0 10.38124275 29.44456387 0 9.875323296 28.27240944 0 13.03615443
336 35.1210556 0 10.38124275 30.52457809 0 14.86952972 28.27240944 0 13.03615443
358 25.92810059 0 19.3578167 24.84808636 0 14.36361027 28.27240944 0 13.03615443
358 25.92810059 0 19.3578167 30.52457809 0 14.86952972 28.27240944 0 13.03615443
379 63.65929413 0 124.9503174 61.66404152 0 120.2662811 65.09624354 0 119.9129079
379 63.65929413 0 124.9503174 67.80997086 0 122.0782394 65.09624354 0 119.9129079
380 59.66878891 0 115.5822449 61.66404152 0 120.2662811 65.09624354 0 119.9129079
380 59.66878891 0 115.5822449 65.81471825 0 117.3942032 65.09624354 0 119.9129079
381 71.96064758 0 119.2061615 67.80997086 0 122.0782394 65.09624354 0 119.9129079
381 71.96064758 0 119.2061615 65.81471825 0 117.3942032 65.09624354 0 119.9129079
382 73.59835052 0 131.3562164 68.62882233 0 128.1532669 69.73943075 0 125.1708984
382 73.59835052 0 131.3562164 72.77949905 0 125.281189 69.73943075 0 125.1708984
379 63.65929413 0 124.9503174 68.62882233 0 128.1532669 69.73943075 0 125.1708984
379 63.65929413 0 124.9503174 67.80997086 0 122.0782394 69.73943075 0 125.1708984
381 71.96064758 0 119.2061615 72.77949905 0 125.281189 69.73943075 0 125.1708984
381 71.96064758 0 119.2061615 67.80997086 0 122.0782394 69.73943075 0 125.1708984
383 10 0 90 15.15318108 0 92.55443573 13.43545405 0 95.03629049
383 10 0 90 10 0 95 13.43545405 0 95.03629049
384 20.30636215 0 95.10887146 15.15318108 0 92.55443573 13.43545405 0 95.03629049
384 20.30636215 0 95.10887146 15.15318108 0 97.55443573 13.43545405 0 95.03629049
385 10 0 100 10 0 95 13.43545405 0 95.03629049
385 10 0 100 15.15318108 0 97.55443573 13.43545405 0 95.03629049
386 23.84636497 0 170.670639 26.92318249 0 175.3353195 24.61545499 0 176.890213
386 23.84636497 0 170.670639 21.92318249 0 175.3353195 24.61545499 0 176.890213
342 30 0 180 26.92318249 0 175.3353195 24.61545499 0 176.890213
342 30 0 180 25 0 180 24.61545499 0 176.890213
387 20 0 180 21.92318249 0 175.3353195 24.61545499 0 176.890213
387 20 0 180 25 0 180 24.61545499 0 176.890213
386 23.84636497 0 170.670639 29.08897114 0 169.9742584 29.39264743 0 173.3161723
386 23.84636497 0 170.670639 26.92318249 0 175.3353195 29.39264743 0 173.3161723
343 34.3315773 0 169.2778778 29.08897114 0 169.9742584 29.39264743 0 173.3161723
343 34.3315773 0 169.2778778 32.16578865 0 174.6389389 29.39264743 0 173.3161723
342 30 0 180 26.92318249 0 175.3353195 29.39264743 0 173.3161723
342 30 0 180 32.16578865 0 174.6389389 29.39264743 0 173.3161723
388 26.19488525 0 161.2554321 30.26323128 0 165.266655 28.12427584 0 167.067983
388 26.19488525 0 161.2554321 25.02062511 0 165.9630356 28.12427584 0 167.067983
343 34.3315773 0 169.2778778 30.26323128 0 165.266655 28.12427584 0 167.067983
343 34.3315773 0 169.2778778 29.08897114 0 169.9742584 28.12427584 0 167.067983
386 23.84636497 0 170.670639 25.02062511 0 165.9630356 28.12427584 0 167.067983
386 23.84636497 0 170.670639 29.08897114 0 169.9742584 28.12427584 0 167.067983
316 70 0 0 68.01517105 0 5.063538551 65.34344737 0 3.375692368
316 70 0 0 65 0 0 65.34344737 0 3.375692368
389 66.0303421 0 10.1270771 68.01517105 0 5.063538551 65.34344737 0 3.375692368
389 66.0303421 0 10.1270771 63.01517105 0 5.063538551 65.34344737 0 3.375692368
314 60 0 0 65 0 0 65.34344737 0 3.375692368
314 60 0 0 63.01517105 0 5.063538551 65.34344737 0 3.375692368
354 55.01996994 0 10.53685379 57.50998497 0 5.268426895 60.35010401 0 6.887976964
354 55.01996994 0 10.53685379 60.52515602 0 10.33196545 60.35010401 0 6.887976964
314 60 0 0 57.50998497 0 5.268426895 60.35010401 0 6.887976964
314 60 0 0 63.01517105 0 5.063538551 60.35010401 0 6.887976964
389 66.0303421 0 10.1270771 60.52515602 0 10.33196545 60.35010401 0 6.887976964
389 66.0303421 0 10.1270771 63.01517105 0 5.063538551 60.35010401 0 6.887976964
390 59.67986298 0 20.10898399 57.34991646 0 15.32291889 60.24339167 0 13.59097163
390 59.67986298 0 20.10898399 62.85510254 0 15.11803055 60.24339167 0 13.59097163
354 55.01996994 0 10.53685379 57.34991646 0 15.32291889 60.24339167 0 13.59097163
354 55.01996994 0 10.53685379 60.52515602 0 10.33196545 60.24339167 0 13.59097163
389 66.0303421 0 10.1270771 62.85510254 0 15.11803055 60.24339167 0 13.59097163
389 66.0303421 0 10.1270771 60.52515602 0 10.33196545 60.24339167 0 13.59097163
391 96.4016571 0 170.6195984 98.20082855 0 175.3097992 95.46721903 0 176.8731995
391 96.4016571 0 170.6195984 93.20082855 0 175.3097992 95.46721903 0 176.8731995
392 100 0 180 98.20082855 0 175.3097992 95.46721903 0 176.8731995
392 100 0 180 95 0 180 95.46721903 0 176.8731995
351 90 0 180 93.20082855 0 175.3097992 95.46721903 0 176.8731995
351 90 0 180 95 0 180 95.46721903 0 176.8731995
391 96.4016571 0 170.6195984 93.20082855 0 175.3097992 90.55979411 0 173.3764496
391 96.4016571 0 170.6195984 90.83969116 0 170.0646744 90.55979411 0 173.3764496
351 90 0 180 93.20082855 0 175.3097992 90.55979411 0 173.3764496
351 90 0 180 87.63886261 0 174.7548752 90.55979411 0 173.3764496
353 85.27772522 0 169.5097504 90.83969116 0 170.0646744 90.55979411 0 173.3764496
353 85.27772522 0 169.5097504 87.63886261 0 174.7548752 90.55979411 0 173.3764496
391 96.4016571 0 170.6195984 90.83969116 0 170.0646744 91.82843526 0 167.1229197
391 96.4016571 0 170.6195984 95.10379028 0 165.9295044 91.82843526 0 167.1229197
353 85.27772522 0 169.5097504 90.83969116 0 170.0646744 91.82843526 0 167.1229197
353 85.27772522 0 169.5097504 89.54182434 0 165.3745804 91.82843526 0 167.1229197
393 93.80592346 0 161.2394104 95.10379028 0 165.9295044 91.82843526 0 167.1229197
393 93.80592346 0 161.2394104 89.54182434 0 165.3745804 91.82843526 0 167.1229197
361 54.8651123 0 146.2546997 51.43258286 0 149.7461319 48.45258713 0 148.5231984
361 54.8651123 0 146.2546997 48.67885399 0 146.1660156 48.45258713 0 148.5231984
394 48.00005341 0 153.2375641 51.43258286 0 149.7461319 48.45258713 0 148.5231984
394 48.00005341 0 153.2375641 45.24632454 0 149.6574478 48.45258713 0 148.5231984
395 42.49259567 0 146.0773315 48.67885399 0 146.1660156 48.45258713 0 148.5231984
395 42.49259567 0 146.0773315 45.24632454 0 149.6574478 48.45258713 0 148.5231984
396 65.30175781 0 65.8976059 62.8888588 0 60.6409111 65.78992208 0 59.47649892
396 65.30175781 0 65.8976059 68.44690323 0 61.52264023 65.78992208 0 59.47649892
368 60.47595978 0 55.38421631 62.8888588 0 60.6409111 65.78992208 0 59.47649892
368 60.47595978 0 55.38421631 66.03400421 0 56.26594543 65.78992208 0 59.47649892
397 71.59204865 0 57.14767456 68.44690323 0 61.52264023 65.78992208 0 59.47649892
397 71.59204865 0 57.14767456 66.03400421 0 56.26594543 65.78992208 0 59.47649892
396 65.30175781 0 65.8976059 68.44690323 0 61.52264023 70.70450338 0 63.35173289
396 65.30175781 0 65.8976059 70.26073074 0 66.45376205 70.70450338 0 63.35173289
397 71.59204865 0 57.14767456 68.44690323 0 61.52264023 70.70450338 0 63.35173289
397 71.59204865 0 57.14767456 73.40587616 0 62.07879639 70.70450338 0 63.35173289
398 75.21970367 0 67.00991821 70.26073074 0 66.45376205 70.70450338 0 63.35173289
398 75.21970367 0 67.00991821 73.40587616 0 62.07879639 70.70450338 0 63.35173289
368 60.47595978 0 55.38421631 62.8888588 0 60.6409111 60.32517497 0 62.0995992
368 60.47595978 0 55.38421631 57.83688354 0 60.20059586 60.32517497 0 62.0995992
396 65.30175781 0 65.8976059 62.8888588 0 60.6409111 60.32517497 0 62.0995992
396 65.30175781 0 65.8976059 60.24978256 0 65.45729065 60.32517497 0 62.0995992
366 55.19780731 0 65.0169754 57.83688354 0 60.20059586 60.32517497 0 62.0995992
366 55.19780731 0 65.0169754 60.24978256 0 65.45729065 60.32517497 0 62.0995992
366 55.19780731 0 65.0169754 60.24978256 0 65.45729065 60.19755173 0 68.47065481
366 55.19780731 0 65.0169754 57.64544868 0 69.75717926 60.19755173 0 68.47065481
396 65.30175781 0 65.8976059 60.24978256 0 65.45729065 60.19755173 0 68.47065481
396 65.30175781 0 65.8976059 62.69742393 0 70.19749451 60.19755173 0 68.47065481
373 60.09309006 0 74.49738312 57.64544868 0 69.75717926 60.19755173 0 68.47065481
373 60.09309006 0 74.49738312 62.69742393 0 70.19749451 60.19755173 0 68.47065481
399 99.90486145 0 78.73690796 104.9524307 0 74.36845398 106.6349538 0 76.24563599
399 99.90486145 0 78.73690796 104.9524307 0 79.36845398 106.6349538 0 76.24563599
400 110 0 70 104.9524307 0 74.36845398 106.6349538 0 76.24563599
400 110 0 70 110 0 75 106.6349538 0 76.24563599
401 110 0 80 104.9524307 0 79.36845398 106.6349538 0 76.24563599
401 110 0 80 110 0 75 106.6349538 0 76.24563599
402 91.27790833 0 73.34404755 95.59138489 0 76.04047775 92.72067006 0 78.14614105
402 91.27790833 0 73.34404755 89.12857437 0 77.8507576 92.72067006 0 78.14614105
399 99.90486145 0 78.73690796 95.59138489 0 76.04047775 92.72067006 0 78.14614105
399 99.90486145 0 78.73690796 93.44205093 0 80.54718781 92.72067006 0 78.14614105
403 86.97924042 0 82.35746765 89.12857437 0 77.8507576 92.72067006 0 78.14614105
403 86.97924042 0 82.35746765 93.44205093 0 80.54718781 92.72067006 0 78.14614105
404 95.21711731 0 87.76643372 91.09817886 0 85.06195068 94.03373973 0 82.95360311
404 95.21711731 0 87.76643372 97.56098938 0 83.25167084 94.03373973 0 82.95360311
403 86.97924042 0 82.35746765 91.09817886 0 85.06195068 94.03373973 0 82.95360311
403 86.97924042 0 82.35746765 93.44205093 0 80.54718781 94.03373973 0 82.95360311
399 99.90486145 0 78.73690796 97.56098938 0 83.25167084 94.03373973 0 82.95360311
399 99.90486145 0 78.73690796 93.44205093 0 80.54718781 94.03373973 0 82.95360311
367 49.3513298 0 57.82374191 50.55864906 0 52.3784771 53.8644193 0 53.38039017
367 49.3513298 0 57.82374191 54.91364479 0 56.60397911 53.8644193 0 53.38039017
405 51.76596832 0 46.93321228 50.55864906 0 52.3784771 53.8644193 0 53.38039017
405 51.76596832 0 46.93321228 56.12096405 0 51.15871429 53.8644193 0 53.38039017
368 60.47595978 0 55.38421631 54.91364479 0 56.60397911 53.8644193 0 53.38039017
368 60.47595978 0 55.38421631 56.12096405 0 51.15871429 53.8644193 0 53.38039017
406 10 0 70 14.97973537 0 74.17636108 13.31982358 0 76.11757406
406 10 0 70 10 0 75 13.31982358 0 76.11757406
407 19.95947075 0 78.35272217 14.97973537 0 74.17636108 13.31982358 0 76.11757406
407 19.95947075 0 78.35272217 14.97973537 0 79.17636108 13.31982358 0 76.11757406
408 10 0 80 10 0 75 13.31982358 0 76.11757406
408 10 0 80 14.97973537 0 79.17636108 13.31982358 0 76.11757406
409 30.79657936 0 81.28424835 25.37802505 0 79.81848526 26.21425502 0 77.12679036
409 30.79657936 0 81.28424835 29.34164715 0 76.51382446 26.21425502 0 77.12679036
407 19.95947075 0 78.35272217 25.37802505 0 79.81848526 26.21425502 0 77.12679036
407 19.95947075 0 78.35272217 23.92309284 0 75.04806137 26.21425502 0 77.12679036
410 27.88671494 0 71.74340057 29.34164715 0 76.51382446 26.21425502 0 77.12679036
410 27.88671494 0 71.74340057 23.92309284 0 75.04806137 26.21425502 0 77.12679036
409 30.79657936 0 81.28424835 27.70173836 0 84.2385025 25.12098249 0 82.27657572
409 30.79657936 0 81.28424835 25.37802505 0 79.81848526 25.12098249 0 82.27657572
411 24.60689735 0 87.19275665 27.70173836 0 84.2385025 25.12098249 0 82.27657572
411 24.60689735 0 87.19275665 22.28318405 0 82.77273941 25.12098249 0 82.27657572
407 19.95947075 0 78.35272217 25.37802505 0 79.81848526 25.12098249 0 82.27657572
407 19.95947075 0 78.35272217 22.28318405 0 82.77273941 25.12098249 0 82.27657572
412 69.78067017 0 94.62753296 67.23444748 0 89.81376648 70.4990921 0 88.46173859
412 69.78067017 0 94.62753296 73.40452576 0 90.19260788 70.4990921 0 88.46173859
371 64.68822479 0 85 67.23444748 0 89.81376648 70.4990921 0 88.46173859
371 64.68822479 0 85 70.85830307 0 85.3788414 70.4990921 0 88.46173859
413 77.02838135 0 85.7576828 73.40452576 0 90.19260788 70.4990921 0 88.46173859
413 77.02838135 0 85.7576828 70.85830307 0 85.3788414 70.4990921 0 88.46173859
412 69.78067017 0 94.62753296 64.68691444 0 95.00305939 64.68735123 0 91.66870626
412 69.78067017 0 94.62753296 67.23444748 0 89.81376648 64.68735123 0 91.66870626
372 59.59315872 0 95.37858582 64.68691444 0 95.00305939 64.68735123 0 91.66870626
372 59.59315872 0 95.37858582 62.14069176 0 90.18929291 64.68735123 0 91.66870626
371 64.68822479 0 85 67.23444748 0 89.81376648 64.68735123 0 91.66870626
371 64.68822479 0 85 62.14069176 0 90.18929291 64.68735123 0 91.66870626
414 79.49124908 0 95.73818207 74.63595963 0 95.18285751 75.43343353 0 92.04113261
414 79.49124908 0 95.73818207 78.25981522 0 90.74793243 75.43343353 0 92.04113261
412 69.78067017 0 94.62753296 74.63595963 0 95.18285751 75.43343353 0 92.04113261
412 69.78067017 0 94.62753296 73.40452576 0 90.19260788 75.43343353 0 92.04113261
413 77.02838135 0 85.7576828 78.25981522 0 90.74793243 75.43343353 0 92.04113261
413 77.02838135 0 85.7576828 73.40452576 0 90.19260788 75.43343353 0 92.04113261
414 79.49124908 0 95.73818207 76.2894249 0 99.66823578 74.11983999 0 97.98800151
414 79.49124908 0 95.73818207 74.63595963 0 95.18285751 74.11983999 0 97.98800151
415 73.08760071 0 103.5982895 76.2894249 0 99.66823578 74.11983999 0 97.98800151
415 73.08760071 0 103.5982895 71.43413544 0 99.11291122 74.11983999 0 97.98800151
412 69.78067017 0 94.62753296 74.63595963 0 95.18285751 74.11983999 0 97.98800151
412 69.78067017 0 94.62753296 71.43413544 0 99.11291122 74.11983999 0 97.98800151
405 51.76596832 0 46.93321228 57.21694756 0 46.40557289 58.30328496 0 49.39845403
405 51.76596832 0 46.93321228 56.12096405 0 51.15871429 58.30328496 0 49.39845403
416 62.66792679 0 45.8779335 57.21694756 0 46.40557289 58.30328496 0 49.39845403
416 62.66792679 0 45.8779335 61.57194328 0 50.63107491 58.30328496 0 49.39845403
368 60.47595978 0 55.38421631 56.12096405 0 51.15871429 58.30328496 0 49.39845403
368 60.47595978 0 55.38421631 61.57194328 0 50.63107491 58.30328496 0 49.39845403
405 51.76596832 0 46.93321228 54.31020927 0 42.30592155 57.09611511 0 43.4965922
405 51.76596832 0 46.93321228 57.21694756 0 46.40557289 57.09611511 0 43.4965922
417 56.85445023 0 37.67863083 54.31020927 0 42.30592155 57.09611511 0 43.4965922
417 56.85445023 0 37.67863083 59.76118851 0 41.77828217 57.09611511 0 43.4965922
416 62.66792679 0 45.8779335 57.21694756 0 46.40557289 57.09611511 0 43.4965922
416 62.66792679 0 45.8779335 59.76118851 0 41.77828217 57.09611511 0 43.4965922
418 34.05427551 0 64.10888672 30.97049522 0 67.92614365 28.24954351 0 65.95111338
418 34.05427551 0 64.10888672 28.43095779 0 63.05496979 28.24954351 0 65.95111338
410 27.88671494 0 71.74340057 30.97049522 0 67.92614365 28.24954351 0 65.95111338
410 27.88671494 0 71.74340057 25.34717751 0 66.87222672 28.24954351 0 65.95111338
419 22.80764008 0 62.00105286 28.43095779 0 63.05496979 28.24954351 0 65.95111338
419 22.80764008 0 62.00105286 25.34717751 0 66.87222672 28.24954351 0 65.95111338
420 40.6150589 0 96.1799469 41.3894825 0 90.74469757 44.1006279 0 91.17899577
420 40.6150589 0 96.1799469 45.0689888 0 94.11376953 44.1006279 0 91.17899577
421 42.1639061 0 85.30944824 41.3894825 0 90.74469757 44.1006279 0 91.17899577
421 42.1639061 0 85.30944824 45.8434124 0 88.6785202 44.1006279 0 91.17899577
422 49.5229187 0 92.04759216 45.0689888 0 94.11376953 44.1006279 0 91.17899577
422 49.5229187 0 92.04759216 45.8434124 0 88.6785202 44.1006279 0 91.17899577
421 42.1639061 0 85.30944824 47.9984436 0 84.24103928 48.50660197 0 86.84322357
421 42.1639061 0 85.30944824 45.8434124 0 88.6785202 48.50660197 0 86.84322357
370 53.83298111 0 83.17263031 47.9984436 0 84.24103928 48.50660197 0 86.84322357
370 53.83298111 0 83.17263031 51.67794991 0 87.61011124 48.50660197 0 86.84322357
422 49.5229187 0 92.04759216 45.8434124 0 88.6785202 48.50660197 0 86.84322357
422 49.5229187 0 92.04759216 51.67794991 0 87.61011124 48.50660197 0 86.84322357
422 49.5229187 0 92.04759216 51.67794991 0 87.61011124 54.31635284 0 90.19960276
422 49.5229187 0 92.04759216 54.55803871 0 93.71308899 54.31635284 0 90.19960276
370 53.83298111 0 83.17263031 51.67794991 0 87.61011124 54.31635284 0 90.19960276
370 53.83298111 0 83.17263031 56.71306992 0 89.27560806 54.31635284 0 90.19960276
372 59.59315872 0 95.37858582 54.55803871 0 93.71308899 54.31635284 0 90.19960276
372 59.59315872 0 95.37858582 56.71306992 0 89.27560806 54.31635284 0 90.19960276
423 50.23206329 0 117.8357391 54.9504261 0 116.708992 54.62072881 0 119.7902552
423 50.23206329 0 117.8357391 52.09669876 0 121.8942604 54.62072881 0 119.7902552
380 59.66878891 0 115.5822449 54.9504261 0 116.708992 54.62072881 0 119.7902552
380 59.66878891 0 115.5822449 56.81506157 0 120.7675133 54.62072881 0 119.7902552
424 53.96133423 0 125.9527817 52.09669876 0 121.8942604 54.62072881 0 119.7902552
424 53.96133423 0 125.9527817 56.81506157 0 120.7675133 54.62072881 0 119.7902552
424 53.96133423 0 125.9527817 56.81506157 0 120.7675133 59.09647242 0 122.1617813
424 53.96133423 0 125.9527817 58.81031418 0 125.4515495 59.09647242 0 122.1617813
380 59.66878891 0 115.5822449 56.81506157 0 120.7675133 59.09647242 0 122.1617813
380 59.66878891 0 115.5822449 61.66404152 0 120.2662811 59.09647242 0 122.1617813
379 63.65929413 0 124.9503174 58.81031418 0 125.4515495 59.09647242 0 122.1617813
379 63.65929413 0 124.9503174 61.66404152 0 120.2662811 59.09647242 0 122.1617813
362 59.10951233 0 134.7538605 56.53542328 0 130.3533211 58.9100469 0 128.5523198
362 59.10951233 0 134.7538605 61.38440323 0 129.8520889 58.9100469 0 128.5523198
424 53.96133423 0 125.9527817 56.53542328 0 130.3533211 58.9100469 0 128.5523198
424 53.96133423 0 125.9527817 58.81031418 0 125.4515495 58.9100469 0 128.5523198
379 63.65929413 0 124.9503174 61.38440323 0 129.8520889 58.9100469 0 128.5523198
379 63.65929413 0 124.9503174 58.81031418 0 125.4515495 58.9100469 0 128.5523198
425 70.30715179 0 75.67141724 73.66776657 0 80.71455002 70.67458598 0 82.14303335
425 70.30715179 0 75.67141724 67.49768829 0 80.33570862 70.67458598 0 82.14303335
413 77.02838135 0 85.7576828 73.66776657 0 80.71455002 70.67458598 0 82.14303335
413 77.02838135 0 85.7576828 70.85830307 0 85.3788414 70.67458598 0 82.14303335
371 64.68822479 0 85 67.49768829 0 80.33570862 70.67458598 0 82.14303335
371 64.68822479 0 85 70.85830307 0 85.3788414 70.67458598 0 82.14303335
371 64.68822479 0 85 62.39065742 0 79.74869156 65.02948888 0 78.38960012
371 64.68822479 0 85 67.49768829 0 80.33570862 65.02948888 0 78.38960012
373 60.09309006 0 74.49738312 62.39065742 0 79.74869156 65.02948888 0 78.38960012
373 60.09309006 0 74.49738312 65.20012093 0 75.08440018 65.02948888 0 78.38960012
425 70.30715179 0 75.67141724 67.49768829 0 80.33570862 65.02948888 0 78.38960012
425 70.30715179 0 75.67141724 65.20012093 0 75.08440018 65.02948888 0 78.38960012
373 60.09309006 0 74.49738312 62.69742393 0 70.19749451 65.23399989 0 72.02213542
373 60.09309006 0 74.49738312 65.20012093 0 75.08440018 65.23399989 0 72.02213542
396 65.30175781 0 65.8976059 62.69742393 0 70.19749451 65.23399989 0 72.02213542
396 65.30175781 0 65.8976059 67.8044548 0 70.78451157 65.23399989 0 72.02213542
425 70.30715179 0 75.67141724 65.20012093 0 75.08440018 65.23399989 0 72.02213542
425 70.30715179 0 75.67141724 67.8044548 0 70.78451157 65.23399989 0 72.02213542
396 65.30175781 0 65.8976059 70.26073074 0 66.45376205 70.27620443 0 69.52631378
396 65.30175781 0 65.8976059 67.8044548 0 70.78451157 70.27620443 0 69.52631378
398 75.21970367 0 67.00991821 70.26073074 0 66.45376205 70.27620443 0 69.52631378
398 75.21970367 0 67.00991821 72.76342773 0 71.34066772 70.27620443 0 69.52631378
425 70.30715179 0 75.67141724 67.8044548 0 70.78451157 70.27620443 0 69.52631378
425 70.30715179 0 75.67141724 72.76342773 0 71.34066772 70.27620443 0 69.52631378
426 110 0 130 110 0 135 107.225502 0 135.4181366
426 110 0 130 105.838253 0 133.1272049 107.225502 0 135.4181366
427 110 0 140 110 0 135 107.225502 0 135.4181366
427 110 0 140 105.838253 0 138.1272049 107.225502 0 135.4181366
428 101.676506 0 136.2544098 105.838253 0 133.1272049 107.225502 0 135.4181366
428 101.676506 0 136.2544098 105.838253 0 138.1272049 107.225502 0 135.4181366
426 110 0 130 105.838253 0 133.1272049 103.0813268 0 131.3285166
426 110 0 130 103.7837372 0 128.8655701 103.0813268 0 131.3285166
428 101.676506 0 136.2544098 105.838253 0 133.1272049 103.0813268 0 131.3285166
428 101.676506 0 136.2544098 99.6219902 0 131.992775 103.0813268 0 131.3285166
429 97.56747437 0 127.7311401 103.7837372 0 128.8655701 103.0813268 0 131.3285166
429 97.56747437 0 127.7311401 99.6219902 0 131.992775 103.0813268 0 131.3285166
429 97.56747437 0 127.7311401 99.6219902 0 131.992775 97.11331177 0 133.6835581
429 97.56747437 0 127.7311401 94.83171463 0 132.3981323 97.11331177 0 133.6835581
428 101.676506 0 136.2544098 99.6219902 0 131.992775 97.11331177 0 133.6835581
428 101.676506 0 136.2544098 96.88623047 0 136.6597672 97.11331177 0 133.6835581
430 92.0959549 0 137.0651245 94.83171463 0 132.3981323 97.11331177 0 133.6835581
430 92.0959549 0 137.0651245 96.88623047 0 136.6597672 97.11331177 0 133.6835581
395 42.49259567 0 146.0773315 46.16253281 0 142.5928192 49.06339264 0 143.813446
395 42.49259567 0 146.0773315 48.67885399 0 146.1660156 49.06339264 0 143.813446
431 49.83246994 0 139.1083069 46.16253281 0 142.5928192 49.06339264 0 143.813446
431 49.83246994 0 139.1083069 52.34879112 0 142.6815033 49.06339264 0 143.813446
361 54.8651123 0 146.2546997 48.67885399 0 146.1660156 49.06339264 0 143.813446
361 54.8651123 0 146.2546997 52.34879112 0 142.6815033 49.06339264 0 143.813446
431 49.83246994 0 139.1083069 54.47099113 0 136.9310837 54.60236486 0 140.0389557
431 49.83246994 0 139.1083069 52.34879112 0 142.6815033 54.60236486 0 140.0389557
362 59.10951233 0 134.7538605 54.47099113 0 136.9310837 54.60236486 0 140.0389557
362 59.10951233 0 134.7538605 56.98731232 0 140.5042801 54.60236486 0 140.0389557
361 54.8651123 0 146.2546997 52.34879112 0 142.6815033 54.60236486 0 140.0389557
361 54.8651123 0 146.2546997 56.98731232 0 140.5042801 54.60236486 0 140.0389557
432 37.51316833 0 136.8256378 43.67281914 0 137.9669724 43.27941132 0 140.6704254
432 37.51316833 0 136.8256378 40.002882 0 141.4514847 43.27941132 0 140.6704254
431 49.83246994 0 139.1083069 43.67281914 0 137.9669724 43.27941132 0 140.6704254
431 49.83246994 0 139.1083069 46.16253281 0 142.5928192 43.27941132 0 140.6704254
395 42.49259567 0 146.0773315 40.002882 0 141.4514847 43.27941132 0 140.6704254
395 42.49259567 0 146.0773315 46.16253281 0 142.5928192 43.27941132 0 140.6704254
433 44.76070404 0 131.2397003 47.29658699 0 135.1740036 44.03544744 0 135.7245483
433 44.76070404 0 131.2397003 41.13693619 0 134.0326691 44.03544744 0 135.7245483
431 49.83246994 0 139.1083069 47.29658699 0 135.1740036 44.03544744 0 135.7245483
431 49.83246994 0 139.1083069 43.67281914 0 137.9669724 44.03544744 0 135.7245483
432 37.51316833 0 136.8256378 41.13693619 0 134.0326691 44.03544744 0 135.7245483
432 37.51316833 0 136.8256378 43.67281914 0 137.9669724 44.03544744 0 135.7245483
434 79.16666412 0 30.83333397 73.92698288 0 30.96630383 73.63349406 0 28.57841047
434 79.16666412 0 30.83333397 76.10659027 0 27.31797886 73.63349406 0 28.57841047
435 68.68730164 0 31.09927368 73.92698288 0 30.96630383 73.63349406 0 28.57841047
435 68.68730164 0 31.09927368 70.86690903 0 27.45094872 73.63349406 0 28.57841047
436 73.04651642 0 23.80262375 76.10659027 0 27.31797886 73.63349406 0 28.57841047
436 73.04651642 0 23.80262375 70.86690903 0 27.45094872 73.63349406 0 28.57841047
355 83.31484985 0 21.33426285 81.24075699 0 26.08379841 78.50934347 0 25.32340686
355 83.31484985 0 21.33426285 78.18068314 0 22.5684433 78.50934347 0 25.32340686
434 79.16666412 0 30.83333397 81.24075699 0 26.08379841 78.50934347 0 25.32340686
434 79.16666412 0 30.83333397 76.10659027 0 27.31797886 78.50934347 0 25.32340686
436 73.04651642 0 23.80262375 78.18068314 0 22.5684433 78.50934347 0 25.32340686
436 73.04651642 0 23.80262375 76.10659027 0 27.31797886 78.50934347 0 25.32340686
357 75.13990784 0 15.24781418 79.22737885 0 18.29103851 77.16709137 0 20.12823359
357 75.13990784 0 15.24781418 74.09321213 0 19.52521896 77.16709137 0 20.12823359
355 83.31484985 0 21.33426285 79.22737885 0 18.29103851 77.16709137 0 20.12823359
355 83.31484985 0 21.33426285 78.18068314 0 22.5684433 77.16709137 0 20.12823359
436 73.04651642 0 23.80262375 74.09321213 0 19.52521896 77.16709137 0 20.12823359
436 73.04651642 0 23.80262375 78.18068314 0 22.5684433 77.16709137 0 20.12823359
437 43.82579803 0 171.9576569 46.91289902 0 175.9788284 44.60859934 0 177.319219
437 43.82579803 0 171.9576569 41.91289902 0 175.9788284 44.60859934 0 177.319219
438 50 0 180 46.91289902 0 175.9788284 44.60859934 0 177.319219
438 50 0 180 45 0 180 44.60859934 0 177.319219
341 40 0 180 41.91289902 0 175.9788284 44.60859934 0 177.319219
341 40 0 180 45 0 180 44.60859934 0 177.319219
341 40 0 180 37.16578865 0 174.6389389 39.38579178 0 173.7451782
341 40 0 180 41.91289902 0 175.9788284 39.38579178 0 173.7451782
343 34.3315773 0 169.2778778 37.16578865 0 174.6389389 39.38579178 0 173.7451782
343 34.3315773 0 169.2778778 39.07868767 0 170.6177673 39.38579178 0 173.7451782
437 43.82579803 0 171.9576569 41.91289902 0 175.9788284 39.38579178 0 173.7451782
437 43.82579803 0 171.9576569 39.07868767 0 170.6177673 39.38579178 0 173.7451782
439 43.32167816 0 162.4228363 43.5737381 0 167.1902466 40.49301783 0 167.8861237
439 43.32167816 0 162.4228363 38.82662773 0 165.8503571 40.49301783 0 167.8861237
437 43.82579803 0 171.9576569 43.5737381 0 167.1902466 40.49301783 0 167.8861237
437 43.82579803 0 171.9576569 39.07868767 0 170.6177673 40.49301783 0 167.8861237
343 34.3315773 0 169.2778778 38.82662773 0 165.8503571 40.49301783 0 167.8861237
343 34.3315773 0 169.2778778 39.07868767 0 170.6177673 40.49301783 0 167.8861237
437 43.82579803 0 171.9576569 47.65076447 0 170.0225983 48.43384298 0 173.3483988
437 43.82579803 0 171.9576569 46.91289902 0 175.9788284 48.43384298 0 173.3483988
440 51.4757309 0 168.0875397 47.65076447 0 170.0225983 48.43384298 0 173.3483988
440 51.4757309 0 168.0875397 50.73786545 0 174.0437698 48.43384298 0 173.3483988
438 50 0 180 46.91289902 0 175.9788284 48.43384298 0 173.3483988
438 50 0 180 50.73786545 0 174.0437698 48.43384298 0 173.3483988
437 43.82579803 0 171.9576569 43.5737381 0 167.1902466 46.2077357 0 167.4893443
437 43.82579803 0 171.9576569 47.65076447 0 170.0225983 46.2077357 0 167.4893443
439 43.32167816 0 162.4228363 43.5737381 0 167.1902466 46.2077357 0 167.4893443
439 43.32167816 0 162.4228363 47.39870453 0 165.255188 46.2077357 0 167.4893443
440 51.4757309 0 168.0875397 47.65076447 0 170.0225983 46.2077357 0 167.4893443
440 51.4757309 0 168.0875397 47.39870453 0 165.255188 46.2077357 0 167.4893443
359 36.75647736 0 21.11082458 38.69491959 0 25.75286293 36.04208755 0 26.38574409
359 36.75647736 0 21.11082458 33.74645042 0 24.3811655 36.04208755 0 26.38574409
441 40.63336182 0 30.39490128 38.69491959 0 25.75286293 36.04208755 0 26.38574409
441 40.63336182 0 30.39490128 35.68489265 0 29.02320385 36.04208755 0 26.38574409
442 30.73642349 0 27.65150642 33.74645042 0 24.3811655 36.04208755 0 26.38574409
442 30.73642349 0 27.65150642 35.68489265 0 29.02320385 36.04208755 0 26.38574409
442 30.73642349 0 27.65150642 28.33226204 0 23.50466156 31.14033381 0 22.7067159
442 30.73642349 0 27.65150642 33.74645042 0 24.3811655 31.14033381 0 22.7067159
358 25.92810059 0 19.3578167 28.33226204 0 23.50466156 31.14033381 0 22.7067159
358 25.92810059 0 19.3578167 31.34228897 0 20.23432064 31.14033381 0 22.7067159
359 36.75647736 0 21.11082458 33.74645042 0 24.3811655 31.14033381 0 22.7067159
359 36.75647736 0 21.11082458 31.34228897 0 20.23432064 31.14033381 0 22.7067159
443 89.20417786 0 27.73970032 84.18542099 0 29.28651714 83.89523061 0 26.63576571
443 89.20417786 0 27.73970032 86.25951385 0 24.53698158 83.89523061 0 26.63576571
434 79.16666412 0 30.83333397 84.18542099 0 29.28651714 83.89523061 0 26.63576571
434 79.16666412 0 30.83333397 81.24075699 0 26.08379841 83.89523061 0 26.63576571
355 83.31484985 0 21.33426285 86.25951385 0 24.53698158 83.89523061 0 26.63576571
355 83.31484985 0 21.33426285 81.24075699 0 26.08379841 83.89523061 0 26.63576571
355 83.31484985 0 21.33426285 88.69337463 0 20.34603977 88.86364237 0 22.81059329
355 83.31484985 0 21.33426285 86.25951385 0 24.53698158 88.86364237 0 22.81059329
356 94.07189941 0 19.3578167 88.69337463 0 20.34603977 88.86364237 0 22.81059329
356 94.07189941 0 19.3578167 91.63803864 0 23.54875851 88.86364237 0 22.81059329
443 89.20417786 0 27.73970032 86.25951385 0 24.53698158 88.86364237 0 22.81059329
443 89.20417786 0 27.73970032 91.63803864 0 23.54875851 88.86364237 0 22.81059329
444 10 0 140 10 0 135 12.61137136 0 135.1987712
444 10 0 140 13.91705704 0 137.7981567 12.61137136 0 135.1987712
334 10 0 130 10 0 135 12.61137136 0 135.1987712
334 10 0 130 13.91705704 0 132.7981567 12.61137136 0 135.1987712
445 17.83411407 0 135.5963135 13.91705704 0 137.7981567 12.61137136 0 135.1987712
445 17.83411407 0 135.5963135 13.91705704 0 132.7981567 12.61137136 0 135.1987712
445 17.83411407 0 135.5963135 13.91705704 0 132.7981567 16.07683309 0 130.8774592
445 17.83411407 0 135.5963135 19.11524963 0 131.3161888 16.07683309 0 130.8774592
334 10 0 130 13.91705704 0 132.7981567 16.07683309 0 130.8774592
334 10 0 130 15.1981926 0 128.5180321 16.07683309 0 130.8774592
333 20.39638519 0 127.0360641 19.11524963 0 131.3161888 16.07683309 0 130.8774592
333 20.39638519 0 127.0360641 15.1981926 0 128.5180321 16.07683309 0 130.8774592
446 27.26825523 0 136.4378662 22.55118465 0 136.0170898 21.83291817 0 133.0234146
446 27.26825523 0 136.4378662 23.83232021 0 131.7369652 21.83291817 0 133.0234146
445 17.83411407 0 135.5963135 22.55118465 0 136.0170898 21.83291817 0 133.0234146
445 17.83411407 0 135.5963135 19.11524963 0 131.3161888 21.83291817 0 133.0234146
333 20.39638519 0 127.0360641 23.83232021 0 131.7369652 21.83291817 0 133.0234146
333 20.39638519 0 127.0360641 19.11524963 0 131.3161888 21.83291817 0 133.0234146
447 6.21320343 0 15 3.106601715 -5.551115123e-16 17.5 2.07106781 -3.700743415e-16 15
447 6.21320343 0 15 3.106601715 0 12.5 2.07106781 -3.700743415e-16 15
6 1.568476116e-13 -1.110223025e-15 20 3.106601715 -5.551115123e-16 17.5 2.07106781 -3.700743415e-16 15
6 1.568476116e-13 -1.110223025e-15 20 7.842380581e-14 -5.551115123e-16 15 2.07106781 -3.700743415e-16 15
3 0 0 10 3.106601715 0 12.5 2.07106781 -3.700743415e-16 15
3 0 0 10 7.842380581e-14 -5.551115123e-16 15 2.07106781 -3.700743415e-16 15
447 6.21320343 0 15 6.64213562 -7.850462291e-16 18.96446609 4.428090413 -8.934384943e-16 19.30964406
447 6.21320343 0 15 3.106601715 -5.551115123e-16 17.5 4.428090413 -8.934384943e-16 19.30964406
13 7.07106781 -1.570092458e-15 22.92893219 6.64213562 -7.850462291e-16 18.96446609 4.428090413 -8.934384943e-16 19.30964406
13 7.07106781 -1.570092458e-15 22.92893219 3.535533905 -1.340157741e-15 21.46446609 4.428090413 -8.934384943e-16 19.30964406
6 1.568476116e-13 -1.110223025e-15 20 3.106601715 -5.551115123e-16 17.5 4.428090413 -8.934384943e-16 19.30964406
6 1.568476116e-13 -1.110223025e-15 20 3.535533905 -1.340157741e-15 21.46446609 4.428090413 -8.934384943e-16 19.30964406
448 1.545127416e-13 1.110223025e-15 160 3.106601715 5.551115123e-16 162.5 2.07106781 3.700743415e-16 165
448 1.545127416e-13 1.110223025e-15 160 7.725637079e-14 5.551115123e-16 165 2.07106781 3.700743415e-16 165
449 6.21320343 0 165 3.106601715 5.551115123e-16 162.5 2.07106781 3.700743415e-16 165
449 6.21320343 0 165 3.106601715 0 167.5 2.07106781 3.700743415e-16 165
450 0 0 170 7.725637079e-14 5.551115123e-16 165 2.07106781 3.700743415e-16 165
450 0 0 170 3.106601715 0 167.5 2.07106781 3.700743415e-16 165
448 1.545127416e-13 1.110223025e-15 160 3.535533905 1.340157741e-15 158.5355377 4.428090413 8.934384943e-16 160.6903585
448 1.545127416e-13 1.110223025e-15 160 3.106601715 5.551115123e-16 162.5 4.428090413 8.934384943e-16 160.6903585
340 7.07106781 1.570092458e-15 157.0710754 3.535533905 1.340157741e-15 158.5355377 4.428090413 8.934384943e-16 160.6903585
340 7.07106781 1.570092458e-15 157.0710754 6.64213562 7.850462291e-16 161.0355377 4.428090413 8.934384943e-16 160.6903585
449 6.21320343 0 165 3.106601715 5.551115123e-16 162.5 4.428090413 8.934384943e-16 160.6903585
449 6.21320343 0 165 6.64213562 7.850462291e-16 161.0355377 4.428090413 8.934384943e-16 160.6903585
451 120 1.110223025e-15 160 116.8933983 5.551115123e-16 162.5 115.5719096 8.934384943e-16 160.6903585
451 120 1.110223025e-15 160 116.4644661 1.340157741e-15 158.5355377 115.5719096 8.934384943e-16 160.6903585
452 113.7867966 0 165 116.8933983 5.551115123e-16 162.5 115.5719096 8.934384943e-16 160.6903585
452 113.7867966 0 165 113.3578644 7.850462291e-16 161.0355377 115.5719096 8.934384943e-16 160.6903585
349 112.9289322 1.570092458e-15 157.0710754 116.4644661 1.340157741e-15 158.5355377 115.5719096 8.934384943e-16 160.6903585
349 112.9289322 1.570092458e-15 157.0710754 113.3578644 7.850462291e-16 161.0355377 115.5719096 8.934384943e-16 160.6903585
451 120 1.110223025e-15 160 120 5.551115123e-16 165 117.9289322 3.700743415e-16 165
451 120 1.110223025e-15 160 116.8933983 5.551115123e-16 162.5 117.9289322 3.700743415e-16 165
453 120 0 170 120 5.551115123e-16 165 117.9289322 3.700743415e-16 165
453 120 0 170 116.8933983 0 167.5 117.9289322 3.700743415e-16 165
452 113.7867966 0 165 116.8933983 5.551115123e-16 162.5 117.9289322 3.700743415e-16 165
452 113.7867966 0 165 116.8933983 0 167.5 117.9289322 3.700743415e-16 165
454 120 -1.110223025e-15 20 116.8933983 -5.551115123e-16 17.5 117.9289322 -3.700743415e-16 15
454 120 -1.110223025e-15 20 120 -5.551115123e-16 15 117.9289322 -3.700743415e-16 15
455 113.7867966 0 15 116.8933983 -5.551115123e-16 17.5 117.9289322 -3.700743415e-16 15
455 113.7867966 0 15 116.8933983 0 12.5 117.9289322 -3.700743415e-16 15
456 120 0 10 120 -5.551115123e-16 15 117.9289322 -3.700743415e-16 15
456 120 0 10 116.8933983 0 12.5 117.9289322 -3.700743415e-16 15
346 112.9289322 -1.570092458e-15 22.92893219 113.3578644 -7.850462291e-16 18.96446609 115.5719096 -8.934384943e-16 19.30964406
346 112.9289322 -1.570092458e-15 22.92893219 116.4644661 -1.340157741e-15 21.46446609 115.5719096 -8.934384943e-16 19.30964406
455 113.7867966 0 15 113.3578644 -7.850462291e-16 18.96446609 115.5719096 -8.934384943e-16 19.30964406
455 113.7867966 0 15 116.8933983 -5.551115123e-16 17.5 115.5719096 -8.934384943e-16 19.30964406
454 120 -1.110223025e-15 20 116.4644661 -1.340157741e-15 21.46446609 115.5719096 -8.934384943e-16 19.30964406
454 120 -1.110223025e-15 20 116.8933983 -5.551115123e-16 17.5 115.5719096 -8.934384943e-16 19.30964406
457 110 0 40 106.4157486 0 36.24306679 107.6104991 0 34.16204453
457 110 0 40 110 0 35 107.6104991 0 34.16204453
458 102.8314972 0 32.48613358 106.4157486 0 36.24306679 107.6104991 0 34.16204453
458 102.8314972 0 32.48613358 106.4157486 0 31.24306679 107.6104991 0 34.16204453
344 110 0 30 110 0 35 107.6104991 0 34.16204453
344 110 0 30 106.4157486 0 31.24306679 107.6104991 0 34.16204453
458 102.8314972 0 32.48613358 103.0748672 0 27.83447552 105.3832448 0 28.55631701
458 102.8314972 0 32.48613358 106.4157486 0 31.24306679 105.3832448 0 28.55631701
345 103.3182373 0 23.18281746 103.0748672 0 27.83447552 105.3832448 0 28.55631701
345 103.3182373 0 23.18281746 106.6591187 0 26.59140873 105.3832448 0 28.55631701
344 110 0 30 106.4157486 0 31.24306679 105.3832448 0 28.55631701
344 110 0 30 106.6591187 0 26.59140873 105.3832448 0 28.55631701
459 10 0 40 10 1.359631074e-31 35 12.38198471 9.06420716e-32 34.15241241
459 10 0 40 13.57297707 0 36.22861862 12.38198471 9.06420716e-32 34.15241241
14 10 2.719262148e-31 30 10 1.359631074e-31 35 12.38198471 9.06420716e-32 34.15241241
14 10 2.719262148e-31 30 13.57297707 1.359631074e-31 31.22861862 12.38198471 9.06420716e-32 34.15241241
460 17.14595413 0 32.45723724 13.57297707 0 36.22861862 12.38198471 9.06420716e-32 34.15241241
460 17.14595413 0 32.45723724 13.57297707 1.359631074e-31 31.22861862 12.38198471 9.06420716e-32 34.15241241
14 10 2.719262148e-31 30 13.34088135 1.359631074e-31 26.59140873 14.60923894 9.06420716e-32 28.5466849
14 10 2.719262148e-31 30 13.57297707 1.359631074e-31 31.22861862 14.60923894 9.06420716e-32 28.5466849
347 16.6817627 0 23.18281746 13.34088135 1.359631074e-31 26.59140873 14.60923894 9.06420716e-32 28.5466849
347 16.6817627 0 23.18281746 16.91385841 0 27.82002735 14.60923894 9.06420716e-32 28.5466849
460 17.14595413 0 32.45723724 13.57297707 1.359631074e-31 31.22861862 14.60923894 9.06420716e-32 28.5466849
460 17.14595413 0 32.45723724 16.91385841 0 27.82002735 14.60923894 9.06420716e-32 28.5466849
461 70 0 180 72.6855278 0 176.0861588 75.1236852 0 177.3907725
461 70 0 180 75 0 180 75.1236852 0 177.3907725
462 75.3710556 0 172.1723175 72.6855278 0 176.0861588 75.1236852 0 177.3907725
462 75.3710556 0 172.1723175 77.6855278 0 176.0861588 75.1236852 0 177.3907725
352 80 0 180 75 0 180 75.1236852 0 177.3907725
352 80 0 180 77.6855278 0 176.0861588 75.1236852 0 177.3907725
463 66.59080505 0 168.4068756 70.98093033 0 170.2895966 70.65395355 0 173.5263977
463 66.59080505 0 168.4068756 68.29540253 0 174.2034378 70.65395355 0 173.5263977
462 75.3710556 0 172.1723175 70.98093033 0 170.2895966 70.65395355 0 173.5263977
462 75.3710556 0 172.1723175 72.6855278 0 176.0861588 70.65395355 0 173.5263977
461 70 0 180 68.29540253 0 174.2034378 70.65395355 0 173.5263977
461 70 0 180 72.6855278 0 176.0861588 70.65395355 0 173.5263977
464 74.98675537 0 162.9449615 75.17890549 0 167.5586395 72.31620534 0 167.8413849
464 74.98675537 0 162.9449615 70.78878021 0 165.6759186 72.31620534 0 167.8413849
462 75.3710556 0 172.1723175 75.17890549 0 167.5586395 72.31620534 0 167.8413849
462 75.3710556 0 172.1723175 70.98093033 0 170.2895966 72.31620534 0 167.8413849
463 66.59080505 0 168.4068756 70.78878021 0 165.6759186 72.31620534 0 167.8413849
463 66.59080505 0 168.4068756 70.98093033 0 170.2895966 72.31620534 0 167.8413849
353 85.27772522 0 169.5097504 82.63886261 0 174.7548752 80.21626027 0 173.8940226
353 85.27772522 0 169.5097504 80.32439041 0 170.8410339 80.21626027 0 173.8940226
352 80 0 180 82.63886261 0 174.7548752 80.21626027 0 173.8940226
352 80 0 180 77.6855278 0 176.0861588 80.21626027 0 173.8940226
462 75.3710556 0 172.1723175 80.32439041 0 170.8410339 80.21626027 0 173.8940226
462 75.3710556 0 172.1723175 77.6855278 0 176.0861588 80.21626027 0 173.8940226
464 74.98675537 0 162.9449615 80.1322403 0 166.227356 78.54517873 0 168.2090098
464 74.98675537 0 162.9449615 75.17890549 0 167.5586395 78.54517873 0 168.2090098
353 85.27772522 0 169.5097504 80.1322403 0 166.227356 78.54517873 0 168.2090098
353 85.27772522 0 169.5097504 80.32439041 0 170.8410339 78.54517873 0 168.2090098
462 75.3710556 0 172.1723175 75.17890549 0 167.5586395 78.54517873 0 168.2090098
462 75.3710556 0 172.1723175 80.32439041 0 170.8410339 78.54517873 0 168.2090098
465 84.81590271 0 158.9082031 89.31091309 0 160.0738068 87.96651713 0 163.2191213
465 84.81590271 0 158.9082031 85.04681396 0 164.2089767 87.96651713 0 163.2191213
393 93.80592346 0 161.2394104 89.31091309 0 160.0738068 87.96651713 0 163.2191213
393 93.80592346 0 161.2394104 89.54182434 0 165.3745804 87.96651713 0 163.2191213
353 85.27772522 0 169.5097504 85.04681396 0 164.2089767 87.96651713 0 163.2191213
353 85.27772522 0 169.5097504 89.54182434 0 165.3745804 87.96651713 0 163.2191213
464 74.98675537 0 162.9449615 79.90132904 0 160.9265823 81.6934611 0 163.7876383
464 74.98675537 0 162.9449615 80.1322403 0 166.227356 81.6934611 0 163.7876383
465 84.81590271 0 158.9082031 79.90132904 0 160.9265823 81.6934611 0 163.7876383
465 84.81590271 0 158.9082031 85.04681396 0 164.2089767 81.6934611 0 163.7876383
353 85.27772522 0 169.5097504 80.1322403 0 166.227356 81.6934611 0 163.7876383
353 85.27772522 0 169.5097504 85.04681396 0 164.2089767 81.6934611 0 163.7876383
466 51.57639694 0 28.14720535 49.61369705 0 32.39710617 46.62025197 0 31.72970454
466 51.57639694 0 28.14720535 46.10487938 0 29.27105331 46.62025197 0 31.72970454
467 47.65099716 0 36.64700699 49.61369705 0 32.39710617 46.62025197 0 31.72970454
467 47.65099716 0 36.64700699 44.14217949 0 33.52095413 46.62025197 0 31.72970454
441 40.63336182 0 30.39490128 46.10487938 0 29.27105331 46.62025197 0 31.72970454
441 40.63336182 0 30.39490128 44.14217949 0 33.52095413 46.62025197 0 31.72970454
466 51.57639694 0 28.14720535 54.21542358 0 32.91291809 52.02728144 0 34.15761439
466 51.57639694 0 28.14720535 49.61369705 0 32.39710617 52.02728144 0 34.15761439
417 56.85445023 0 37.67863083 54.21542358 0 32.91291809 52.02728144 0 34.15761439
417 56.85445023 0 37.67863083 52.25272369 0 37.16281891 52.02728144 0 34.15761439
467 47.65099716 0 36.64700699 49.61369705 0 32.39710617 52.02728144 0 34.15761439
467 47.65099716 0 36.64700699 52.25272369 0 37.16281891 52.02728144 0 34.15761439
405 51.76596832 0 46.93321228 49.70848274 0 41.79010963 52.0904719 0 40.4196167
405 51.76596832 0 46.93321228 54.31020927 0 42.30592155 52.0904719 0 40.4196167
467 47.65099716 0 36.64700699 49.70848274 0 41.79010963 52.0904719 0 40.4196167
467 47.65099716 0 36.64700699 52.25272369 0 37.16281891 52.0904719 0 40.4196167
417 56.85445023 0 37.67863083 54.31020927 0 42.30592155 52.0904719 0 40.4196167
417 56.85445023 0 37.67863083 52.25272369 0 37.16281891 52.0904719 0 40.4196167
405 51.76596832 0 46.93321228 47.61571121 0 45.43818855 47.6274732 0 42.5077947
405 51.76596832 0 46.93321228 49.70848274 0 41.79010963 47.6274732 0 42.5077947
468 43.4654541 0 43.94316483 47.61571121 0 45.43818855 47.6274732 0 42.5077947
468 43.4654541 0 43.94316483 45.55822563 0 40.29508591 47.6274732 0 42.5077947
467 47.65099716 0 36.64700699 49.70848274 0 41.79010963 47.6274732 0 42.5077947
467 47.65099716 0 36.64700699 45.55822563 0 40.29508591 47.6274732 0 42.5077947
413 77.02838135 0 85.7576828 78.93711853 0 80.42484283 81.61782583 0 81.06905111
413 77.02838135 0 85.7576828 82.00381088 0 84.05757523 81.61782583 0 81.06905111
469 80.84585571 0 75.09200287 78.93711853 0 80.42484283 81.61782583 0 81.06905111
469 80.84585571 0 75.09200287 83.91254807 0 78.72473526 81.61782583 0 81.06905111
403 86.97924042 0 82.35746765 82.00381088 0 84.05757523 81.61782583 0 81.06905111
403 86.97924042 0 82.35746765 83.91254807 0 78.72473526 81.61782583 0 81.06905111
403 86.97924042 0 82.35746765 83.91254807 0 78.72473526 86.36766815 0 76.93117269
403 86.97924042 0 82.35746765 89.12857437 0 77.8507576 86.36766815 0 76.93117269
469 80.84585571 0 75.09200287 83.91254807 0 78.72473526 86.36766815 0 76.93117269
469 80.84585571 0 75.09200287 86.06188202 0 74.21802521 86.36766815 0 76.93117269
402 91.27790833 0 73.34404755 89.12857437 0 77.8507576 86.36766815 0 76.93117269
402 91.27790833 0 73.34404755 86.06188202 0 74.21802521 86.36766815 0 76.93117269
470 84.26273346 0 66.41147614 87.77032089 0 69.87776184 85.46216583 0 71.61584218
470 84.26273346 0 66.41147614 82.55429459 0 70.7517395 85.46216583 0 71.61584218
402 91.27790833 0 73.34404755 87.77032089 0 69.87776184 85.46216583 0 71.61584218
402 91.27790833 0 73.34404755 86.06188202 0 74.21802521 85.46216583 0 71.61584218
469 80.84585571 0 75.09200287 82.55429459 0 70.7517395 85.46216583 0 71.61584218
469 80.84585571 0 75.09200287 86.06188202 0 74.21802521 85.46216583 0 71.61584218
469 80.84585571 0 75.09200287 78.03277969 0 71.05096054 80.10943095 0 69.50446574
469 80.84585571 0 75.09200287 82.55429459 0 70.7517395 80.10943095 0 69.50446574
398 75.21970367 0 67.00991821 78.03277969 0 71.05096054 80.10943095 0 69.50446574
398 75.21970367 0 67.00991821 79.74121857 0 66.71069717 80.10943095 0 69.50446574
470 84.26273346 0 66.41147614 82.55429459 0 70.7517395 80.10943095 0 69.50446574
470 84.26273346 0 66.41147614 79.74121857 0 66.71069717 80.10943095 0 69.50446574
413 77.02838135 0 85.7576828 73.66776657 0 80.71455002 76.06046295 0 78.84036764
413 77.02838135 0 85.7576828 78.93711853 0 80.42484283 76.06046295 0 78.84036764
425 70.30715179 0 75.67141724 73.66776657 0 80.71455002 76.06046295 0 78.84036764
425 70.30715179 0 75.67141724 75.57650375 0 75.38171005 76.06046295 0 78.84036764
469 80.84585571 0 75.09200287 78.93711853 0 80.42484283 76.06046295 0 78.84036764
469 80.84585571 0 75.09200287 75.57650375 0 75.38171005 76.06046295 0 78.84036764
469 80.84585571 0 75.09200287 75.57650375 0 75.38171005 75.45757039 0 72.59111277
469 80.84585571 0 75.09200287 78.03277969 0 71.05096054 75.45757039 0 72.59111277
425 70.30715179 0 75.67141724 75.57650375 0 75.38171005 75.45757039 0 72.59111277
425 70.30715179 0 75.67141724 72.76342773 0 71.34066772 75.45757039 0 72.59111277
398 75.21970367 0 67.00991821 78.03277969 0 71.05096054 75.45757039 0 72.59111277
398 75.21970367 0 67.00991821 72.76342773 0 71.34066772 75.45757039 0 72.59111277
430 92.0959549 0 137.0651245 89.67053986 0 132.44627 92.30285136 0 130.87456
430 92.0959549 0 137.0651245 94.83171463 0 132.3981323 92.30285136 0 130.87456
471 87.24512482 0 127.8274155 89.67053986 0 132.44627 92.30285136 0 130.87456
471 87.24512482 0 127.8274155 92.40629959 0 127.7792778 92.30285136 0 130.87456
429 97.56747437 0 127.7311401 94.83171463 0 132.3981323 92.30285136 0 130.87456
429 97.56747437 0 127.7311401 92.40629959 0 127.7792778 92.30285136 0 130.87456
430 92.0959549 0 137.0651245 86.43335724 0 136.5571594 86.70394643 0 133.6472448
430 92.0959549 0 137.0651245 89.67053986 0 132.44627 86.70394643 0 133.6472448
472 80.77075958 0 136.0491943 86.43335724 0 136.5571594 86.70394643 0 133.6472448
472 80.77075958 0 136.0491943 84.0079422 0 131.9383049 86.70394643 0 133.6472448
471 87.24512482 0 127.8274155 89.67053986 0 132.44627 86.70394643 0 133.6472448
471 87.24512482 0 127.8274155 84.0079422 0 131.9383049 86.70394643 0 133.6472448
370 53.83298111 0 83.17263031 47.9984436 0 84.24103928 47.4111646 0 81.59481049
370 53.83298111 0 83.17263031 50.03479385 0 79.73749161 47.4111646 0 81.59481049
421 42.1639061 0 85.30944824 47.9984436 0 84.24103928 47.4111646 0 81.59481049
421 42.1639061 0 85.30944824 44.20025635 0 80.80590057 47.4111646 0 81.59481049
473 46.2366066 0 76.30235291 50.03479385 0 79.73749161 47.4111646 0 81.59481049
473 46.2366066 0 76.30235291 44.20025635 0 80.80590057 47.4111646 0 81.59481049
474 100.896286 0 69.68174744 105.448143 0 64.84087372 106.9654287 0 66.56058248
474 100.896286 0 69.68174744 105.448143 0 69.84087372 106.9654287 0 66.56058248
475 110 0 60 105.448143 0 64.84087372 106.9654287 0 66.56058248
475 110 0 60 110 0 65 106.9654287 0 66.56058248
400 110 0 70 105.448143 0 69.84087372 106.9654287 0 66.56058248
400 110 0 70 110 0 65 106.9654287 0 66.56058248
476 99.66145325 0 61.1517067 104.8307266 0 60.57585335 103.5192464 0 63.61115138
476 99.66145325 0 61.1517067 100.2788696 0 65.41672707 103.5192464 0 63.61115138
475 110 0 60 104.8307266 0 60.57585335 103.5192464 0 63.61115138
475 110 0 60 105.448143 0 64.84087372 103.5192464 0 63.61115138
474 100.896286 0 69.68174744 100.2788696 0 65.41672707 103.5192464 0 63.61115138
474 100.896286 0 69.68174744 105.448143 0 64.84087372 103.5192464 0 63.61115138
474 100.896286 0 69.68174744 105.448143 0 69.84087372 103.6003825 0 72.80621847
474 100.896286 0 69.68174744 100.4005737 0 74.2093277 103.6003825 0 72.80621847
400 110 0 70 105.448143 0 69.84087372 103.6003825 0 72.80621847
400 110 0 70 104.9524307 0 74.36845398 103.6003825 0 72.80621847
399 99.90486145 0 78.73690796 100.4005737 0 74.2093277 103.6003825 0 72.80621847
399 99.90486145 0 78.73690796 104.9524307 0 74.36845398 103.6003825 0 72.80621847
402 91.27790833 0 73.34404755 96.08709717 0 71.51289749 97.35968526 0 73.92090098
402 91.27790833 0 73.34404755 95.59138489 0 76.04047775 97.35968526 0 73.92090098
474 100.896286 0 69.68174744 96.08709717 0 71.51289749 97.35968526 0 73.92090098
474 100.896286 0 69.68174744 100.4005737 0 74.2093277 97.35968526 0 73.92090098
399 99.90486145 0 78.73690796 95.59138489 0 76.04047775 97.35968526 0 73.92090098
399 99.90486145 0 78.73690796 100.4005737 0 74.2093277 97.35968526 0 73.92090098
477 34.53167725 0 151.8820801 32.70780945 0 148.2469788 35.96940486 0 147.523763
477 34.53167725 0 151.8820801 38.51213646 0 148.9797058 35.96940486 0 147.523763
478 30.88394165 0 144.6118774 32.70780945 0 148.2469788 35.96940486 0 147.523763
478 30.88394165 0 144.6118774 36.68826866 0 145.3446045 35.96940486 0 147.523763
395 42.49259567 0 146.0773315 38.51213646 0 148.9797058 35.96940486 0 147.523763
395 42.49259567 0 146.0773315 36.68826866 0 145.3446045 35.96940486 0 147.523763
395 42.49259567 0 146.0773315 36.68826866 0 145.3446045 36.96323522 0 142.5049489
395 42.49259567 0 146.0773315 40.002882 0 141.4514847 36.96323522 0 142.5049489
478 30.88394165 0 144.6118774 36.68826866 0 145.3446045 36.96323522 0 142.5049489
478 30.88394165 0 144.6118774 34.19855499 0 140.7187576 36.96323522 0 142.5049489
432 37.51316833 0 136.8256378 40.002882 0 141.4514847 36.96323522 0 142.5049489
432 37.51316833 0 136.8256378 34.19855499 0 140.7187576 36.96323522 0 142.5049489
478 30.88394165 0 144.6118774 29.07609844 0 140.5248718 31.88845507 0 139.2917938
478 30.88394165 0 144.6118774 34.19855499 0 140.7187576 31.88845507 0 139.2917938
446 27.26825523 0 136.4378662 29.07609844 0 140.5248718 31.88845507 0 139.2917938
446 27.26825523 0 136.4378662 32.39071178 0 136.631752 31.88845507 0 139.2917938
432 37.51316833 0 136.8256378 34.19855499 0 140.7187576 31.88845507 0 139.2917938
432 37.51316833 0 136.8256378 32.39071178 0 136.631752 31.88845507 0 139.2917938
446 27.26825523 0 136.4378662 23.83232021 0 131.7369652 27.13393593 0 130.4272563
446 27.26825523 0 136.4378662 30.5027113 0 132.1228523 27.13393593 0 130.4272563
333 20.39638519 0 127.0360641 23.83232021 0 131.7369652 27.13393593 0 130.4272563
333 20.39638519 0 127.0360641 27.06677628 0 127.4219513 27.13393593 0 130.4272563
479 33.73716736 0 127.8078384 30.5027113 0 132.1228523 27.13393593 0 130.4272563
479 33.73716736 0 127.8078384 27.06677628 0 127.4219513 27.13393593 0 130.4272563
479 33.73716736 0 127.8078384 35.62516785 0 132.3167381 32.83953031 0 133.6904475
479 33.73716736 0 127.8078384 30.5027113 0 132.1228523 32.83953031 0 133.6904475
432 37.51316833 0 136.8256378 35.62516785 0 132.3167381 32.83953031 0 133.6904475
432 37.51316833 0 136.8256378 32.39071178 0 136.631752 32.83953031 0 133.6904475
446 27.26825523 0 136.4378662 30.5027113 0 132.1228523 32.83953031 0 133.6904475
446 27.26825523 0 136.4378662 32.39071178 0 136.631752 32.83953031 0 133.6904475
479 33.73716736 0 127.8078384 39.2489357 0 129.5237694 38.67034658 0 131.9577255
479 33.73716736 0 127.8078384 35.62516785 0 132.3167381 38.67034658 0 131.9577255
433 44.76070404 0 131.2397003 39.2489357 0 129.5237694 38.67034658 0 131.9577255
433 44.76070404 0 131.2397003 41.13693619 0 134.0326691 38.67034658 0 131.9577255
432 37.51316833 0 136.8256378 35.62516785 0 132.3167381 38.67034658 0 131.9577255
432 37.51316833 0 136.8256378 41.13693619 0 134.0326691 38.67034658 0 131.9577255
385 10 0 100 14.41721916 0 103.0755424 12.94481277 0 105.383695
385 10 0 100 10 0 105 12.94481277 0 105.383695
480 18.83443832 0 106.1510849 14.41721916 0 103.0755424 12.94481277 0 105.383695
480 18.83443832 0 106.1510849 14.41721916 0 108.0755424 12.94481277 0 105.383695
481 10 0 110 10 0 105 12.94481277 0 105.383695
481 10 0 110 14.41721916 0 108.0755424 12.94481277 0 105.383695
480 18.83443832 0 106.1510849 14.41721916 0 103.0755424 16.38026683 0 100.4199855
480 18.83443832 0 106.1510849 19.57040024 0 100.6299782 16.38026683 0 100.4199855
385 10 0 100 14.41721916 0 103.0755424 16.38026683 0 100.4199855
385 10 0 100 15.15318108 0 97.55443573 16.38026683 0 100.4199855
384 20.30636215 0 95.10887146 19.57040024 0 100.6299782 16.38026683 0 100.4199855
384 20.30636215 0 95.10887146 15.15318108 0 97.55443573 16.38026683 0 100.4199855
480 18.83443832 0 106.1510849 19.57040024 0 100.6299782 22.95738792 0 100.4819463
480 18.83443832 0 106.1510849 24.28290081 0 103.1684837 22.95738792 0 100.4819463
384 20.30636215 0 95.10887146 19.57040024 0 100.6299782 22.95738792 0 100.4819463
384 20.30636215 0 95.10887146 25.01886272 0 97.64737701 22.95738792 0 100.4819463
482 29.7313633 0 100.1858826 24.28290081 0 103.1684837 22.95738792 0 100.4819463
482 29.7313633 0 100.1858826 25.01886272 0 97.64737701 22.95738792 0 100.4819463
483 110 0 110 105.838604 0 108.2570686 107.225736 0 105.5047124
483 110 0 110 110 0 105 107.225736 0 105.5047124
484 101.6772079 0 106.5141373 105.838604 0 108.2570686 107.225736 0 105.5047124
484 101.6772079 0 106.5141373 105.838604 0 103.2570686 107.225736 0 105.5047124
376 110 0 100 110 0 105 107.225736 0 105.5047124
376 110 0 100 105.838604 0 103.2570686 107.225736 0 105.5047124
376 110 0 100 105.838604 0 103.2570686 103.7866694 0 100.4493612
376 110 0 100 104.8414001 0 97.41697311 103.7866694 0 100.4493612
484 101.6772079 0 106.5141373 105.838604 0 103.2570686 103.7866694 0 100.4493612
484 101.6772079 0 106.5141373 100.6800041 0 100.6740417 103.7866694 0 100.4493612
374 99.68280029 0 94.83394623 104.8414001 0 97.41697311 103.7866694 0 100.4493612
374 99.68280029 0 94.83394623 100.6800041 0 100.6740417 103.7866694 0 100.4493612
485 90.04026794 0 100.8053589 94.86153412 0 97.81965256 97.13342539 0 100.7178141
485 90.04026794 0 100.8053589 95.85873795 0 103.6597481 97.13342539 0 100.7178141
374 99.68280029 0 94.83394623 94.86153412 0 97.81965256 97.13342539 0 100.7178141
374 99.68280029 0 94.83394623 100.6800041 0 100.6740417 97.13342539 0 100.7178141
484 101.6772079 0 106.5141373 95.85873795 0 103.6597481 97.13342539 0 100.7178141
484 101.6772079 0 106.5141373 100.6800041 0 100.6740417 97.13342539 0 100.7178141
421 42.1639061 0 85.30944824 41.3894825 0 90.74469757 38.53885651 0 90.8302536
421 42.1639061 0 85.30944824 37.50075531 0 88.15540695 38.53885651 0 90.8302536
420 40.6150589 0 96.1799469 41.3894825 0 90.74469757 38.53885651 0 90.8302536
420 40.6150589 0 96.1799469 36.72633171 0 93.59065628 38.53885651 0 90.8302536
486 32.83760452 0 91.00136566 37.50075531 0 88.15540695 38.53885651 0 90.8302536
486 32.83760452 0 91.00136566 36.72633171 0 93.59065628 38.53885651 0 90.8302536
420 40.6150589 0 96.1799469 35.1732111 0 98.18291473 34.39467557 0 95.78906504
420 40.6150589 0 96.1799469 36.72633171 0 93.59065628 34.39467557 0 95.78906504
482 29.7313633 0 100.1858826 35.1732111 0 98.18291473 34.39467557 0 95.78906504
482 29.7313633 0 100.1858826 31.28448391 0 95.59362411 34.39467557 0 95.78906504
486 32.83760452 0 91.00136566 36.72633171 0 93.59065628 34.39467557 0 95.78906504
486 32.83760452 0 91.00136566 31.28448391 0 95.59362411 34.39467557 0 95.78906504
482 29.7313633 0 100.1858826 25.01886272 0 97.64737701 27.62510999 0 95.4320399
482 29.7313633 0 100.1858826 31.28448391 0 95.59362411 27.62510999 0 95.4320399
384 20.30636215 0 95.10887146 25.01886272 0 97.64737701 27.62510999 0 95.4320399
384 20.30636215 0 95.10887146 26.57198334 0 93.05511856 27.62510999 0 95.4320399
486 32.83760452 0 91.00136566 31.28448391 0 95.59362411 27.62510999 0 95.4320399
486 32.83760452 0 91.00136566 26.57198334 0 93.05511856 27.62510999 0 95.4320399
384 20.30636215 0 95.10887146 22.45662975 0 91.15081406 25.91695468 0 91.10099792
384 20.30636215 0 95.10887146 26.57198334 0 93.05511856 25.91695468 0 91.10099792
411 24.60689735 0 87.19275665 22.45662975 0 91.15081406 25.91695468 0 91.10099792
411 24.60689735 0 87.19275665 28.72225094 0 89.09706116 25.91695468 0 91.10099792
486 32.83760452 0 91.00136566 26.57198334 0 93.05511856 25.91695468 0 91.10099792
486 32.83760452 0 91.00136566 28.72225094 0 89.09706116 25.91695468 0 91.10099792
409 30.79657936 0 81.28424835 36.48024273 0 83.2968483 35.26602999 0 85.86502075
409 30.79657936 0 81.28424835 31.81709194 0 86.14280701 35.26602999 0 85.86502075
421 42.1639061 0 85.30944824 36.48024273 0 83.2968483 35.26602999 0 85.86502075
421 42.1639061 0 85.30944824 37.50075531 0 88.15540695 35.26602999 0 85.86502075
486 32.83760452 0 91.00136566 31.81709194 0 86.14280701 35.26602999 0 85.86502075
486 32.83760452 0 91.00136566 37.50075531 0 88.15540695 35.26602999 0 85.86502075
411 24.60689735 0 87.19275665 27.70173836 0 84.2385025 29.41369375 0 86.49279022
411 24.60689735 0 87.19275665 28.72225094 0 89.09706116 29.41369375 0 86.49279022
409 30.79657936 0 81.28424835 27.70173836 0 84.2385025 29.41369375 0 86.49279022
409 30.79657936 0 81.28424835 31.81709194 0 86.14280701 29.41369375 0 86.49279022
486 32.83760452 0 91.00136566 28.72225094 0 89.09706116 29.41369375 0 86.49279022
486 32.83760452 0 91.00136566 31.81709194 0 86.14280701 29.41369375 0 86.49279022
487 10 0 60 14.49146461 0 64.70154953 12.99430974 0 66.46769969
487 10 0 60 10 0 65 12.99430974 0 66.46769969
488 18.98292923 0 69.40309906 14.49146461 0 64.70154953 12.99430974 0 66.46769969
488 18.98292923 0 69.40309906 14.49146461 0 69.70154953 12.99430974 0 66.46769969
406 10 0 70 10 0 65 12.99430974 0 66.46769969
406 10 0 70 14.49146461 0 69.70154953 12.99430974 0 66.46769969
487 10 0 60 16.40382004 0 61.00052643 17.2635231 0 63.80138397
487 10 0 60 14.49146461 0 64.70154953 17.2635231 0 63.80138397
419 22.80764008 0 62.00105286 16.40382004 0 61.00052643 17.2635231 0 63.80138397
419 22.80764008 0 62.00105286 20.89528465 0 65.70207596 17.2635231 0 63.80138397
488 18.98292923 0 69.40309906 14.49146461 0 64.70154953 17.2635231 0 63.80138397
488 18.98292923 0 69.40309906 20.89528465 0 65.70207596 17.2635231 0 63.80138397
410 27.88671494 0 71.74340057 23.43482208 0 70.57324982 23.22576141 0 67.71585083
410 27.88671494 0 71.74340057 25.34717751 0 66.87222672 23.22576141 0 67.71585083
488 18.98292923 0 69.40309906 23.43482208 0 70.57324982 23.22576141 0 67.71585083
488 18.98292923 0 69.40309906 20.89528465 0 65.70207596 23.22576141 0 67.71585083
419 22.80764008 0 62.00105286 25.34717751 0 66.87222672 23.22576141 0 67.71585083
419 22.80764008 0 62.00105286 20.89528465 0 65.70207596 23.22576141 0 67.71585083
407 19.95947075 0 78.35272217 14.97973537 0 74.17636108 16.31413333 0 72.58527374
407 19.95947075 0 78.35272217 19.47119999 0 73.87791061 16.31413333 0 72.58527374
406 10 0 70 14.97973537 0 74.17636108 16.31413333 0 72.58527374
406 10 0 70 14.49146461 0 69.70154953 16.31413333 0 72.58527374
488 18.98292923 0 69.40309906 19.47119999 0 73.87791061 16.31413333 0 72.58527374
488 18.98292923 0 69.40309906 14.49146461 0 69.70154953 16.31413333 0 72.58527374
488 18.98292923 0 69.40309906 23.43482208 0 70.57324982 22.27637164 0 73.16640727
488 18.98292923 0 69.40309906 19.47119999 0 73.87791061 22.27637164 0 73.16640727
410 27.88671494 0 71.74340057 23.43482208 0 70.57324982 22.27637164 0 73.16640727
410 27.88671494 0 71.74340057 23.92309284 0 75.04806137 22.27637164 0 73.16640727
407 19.95947075 0 78.35272217 19.47119999 0 73.87791061 22.27637164 0 73.16640727
407 19.95947075 0 78.35272217 23.92309284 0 75.04806137 22.27637164 0 73.16640727
489 34.43805695 0 159.9585114 34.38481712 0 164.6181946 31.65483983 0 163.4972738
489 34.43805695 0 159.9585114 30.3164711 0 160.6069717 31.65483983 0 163.4972738
343 34.3315773 0 169.2778778 34.38481712 0 164.6181946 31.65483983 0 163.4972738
343 34.3315773 0 169.2778778 30.26323128 0 165.266655 31.65483983 0 163.4972738
388 26.19488525 0 161.2554321 30.3164711 0 160.6069717 31.65483983 0 163.4972738
388 26.19488525 0 161.2554321 30.26323128 0 165.266655 31.65483983 0 163.4972738
489 34.43805695 0 159.9585114 38.87986755 0 161.1906738 37.3637708 0 163.8864085
489 34.43805695 0 159.9585114 34.38481712 0 164.6181946 37.3637708 0 163.8864085
439 43.32167816 0 162.4228363 38.87986755 0 161.1906738 37.3637708 0 163.8864085
439 43.32167816 0 162.4228363 38.82662773 0 165.8503571 37.3637708 0 163.8864085
343 34.3315773 0 169.2778778 34.38481712 0 164.6181946 37.3637708 0 163.8864085
343 34.3315773 0 169.2778778 38.82662773 0 165.8503571 37.3637708 0 163.8864085
364 76.59942627 0 146.1630096 80.49176788 0 148.943718 79.58992004 0 150.6466675
364 76.59942627 0 146.1630096 77.19282532 0 150.1077881 79.58992004 0 150.6466675
490 84.3841095 0 151.7244263 80.49176788 0 148.943718 79.58992004 0 150.6466675
490 84.3841095 0 151.7244263 81.08516693 0 152.8884964 79.58992004 0 150.6466675
491 77.78622437 0 154.0525665 77.19282532 0 150.1077881 79.58992004 0 150.6466675
491 77.78622437 0 154.0525665 81.08516693 0 152.8884964 79.58992004 0 150.6466675
491 77.78622437 0 154.0525665 73.81541824 0 153.9978485 74.74342092 0 151.3862356
491 77.78622437 0 154.0525665 77.19282532 0 150.1077881 74.74342092 0 151.3862356
365 69.84461212 0 153.9431305 73.81541824 0 153.9978485 74.74342092 0 151.3862356
365 69.84461212 0 153.9431305 73.2220192 0 150.0530701 74.74342092 0 151.3862356
364 76.59942627 0 146.1630096 77.19282532 0 150.1077881 74.74342092 0 151.3862356
364 76.59942627 0 146.1630096 73.2220192 0 150.0530701 74.74342092 0 151.3862356
491 77.78622437 0 154.0525665 76.38648987 0 158.498764 74.20586395 0 156.9802195
491 77.78622437 0 154.0525665 73.81541824 0 153.9978485 74.20586395 0 156.9802195
464 74.98675537 0 162.9449615 76.38648987 0 158.498764 74.20586395 0 156.9802195
464 74.98675537 0 162.9449615 72.41568375 0 158.444046 74.20586395 0 156.9802195
365 69.84461212 0 153.9431305 73.81541824 0 153.9978485 74.20586395 0 156.9802195
365 69.84461212 0 153.9431305 72.41568375 0 158.444046 74.20586395 0 156.9802195
491 77.78622437 0 154.0525665 81.30106354 0 156.4803848 79.19629415 0 158.6352437
491 77.78622437 0 154.0525665 76.38648987 0 158.498764 79.19629415 0 158.6352437
465 84.81590271 0 158.9082031 81.30106354 0 156.4803848 79.19629415 0 158.6352437
465 84.81590271 0 158.9082031 79.90132904 0 160.9265823 79.19629415 0 158.6352437
464 74.98675537 0 162.9449615 76.38648987 0 158.498764 79.19629415 0 158.6352437
464 74.98675537 0 162.9449615 79.90132904 0 160.9265823 79.19629415 0 158.6352437
490 84.3841095 0 151.7244263 84.6000061 0 155.3163147 82.32874552 0 154.8950653
490 84.3841095 0 151.7244263 81.08516693 0 152.8884964 82.32874552 0 154.8950653
465 84.81590271 0 158.9082031 84.6000061 0 155.3163147 82.32874552 0 154.8950653
465 84.81590271 0 158.9082031 81.30106354 0 156.4803848 82.32874552 0 154.8950653
491 77.78622437 0 154.0525665 81.08516693 0 152.8884964 82.32874552 0 154.8950653
491 77.78622437 0 154.0525665 81.30106354 0 156.4803848 82.32874552 0 154.8950653
421 42.1639061 0 85.30944824 36.48024273 0 83.2968483 36.79512978 0 80.2510732
421 42.1639061 0 85.30944824 39.79440498 0 79.73448563 36.79512978 0 80.2510732
409 30.79657936 0 81.28424835 36.48024273 0 83.2968483 36.79512978 0 80.2510732
409 30.79657936 0 81.28424835 34.11074162 0 77.72188568 36.79512978 0 80.2510732
492 37.42490387 0 74.15952301 39.79440498 0 79.73448563 36.79512978 0 80.2510732
492 37.42490387 0 74.15952301 34.11074162 0 77.72188568 36.79512978 0 80.2510732
410 27.88671494 0 71.74340057 32.6558094 0 72.95146179 32.03606606 0 75.72905731
410 27.88671494 0 71.74340057 29.34164715 0 76.51382446 32.03606606 0 75.72905731
492 37.42490387 0 74.15952301 32.6558094 0 72.95146179 32.03606606 0 75.72905731
492 37.42490387 0 74.15952301 34.11074162 0 77.72188568 32.03606606 0 75.72905731
409 30.79657936 0 81.28424835 29.34164715 0 76.51382446 32.03606606 0 75.72905731
409 30.79657936 0 81.28424835 34.11074162 0 77.72188568 32.03606606 0 75.72905731
492 37.42490387 0 74.15952301 32.6558094 0 72.95146179 33.12196477 0 70.00393677
492 37.42490387 0 74.15952301 35.73958969 0 69.13420486 33.12196477 0 70.00393677
410 27.88671494 0 71.74340057 32.6558094 0 72.95146179 33.12196477 0 70.00393677
410 27.88671494 0 71.74340057 30.97049522 0 67.92614365 33.12196477 0 70.00393677
418 34.05427551 0 64.10888672 35.73958969 0 69.13420486 33.12196477 0 70.00393677
418 34.05427551 0 64.10888672 30.97049522 0 67.92614365 33.12196477 0 70.00393677
369 45.1167984 0 67.1243515 41.27085114 0 70.64193726 38.86532593 0 68.46425374
369 45.1167984 0 67.1243515 39.58553696 0 65.61661911 38.86532593 0 68.46425374
492 37.42490387 0 74.15952301 41.27085114 0 70.64193726 38.86532593 0 68.46425374
492 37.42490387 0 74.15952301 35.73958969 0 69.13420486 38.86532593 0 68.46425374
418 34.05427551 0 64.10888672 39.58553696 0 65.61661911 38.86532593 0 68.46425374
418 34.05427551 0 64.10888672 35.73958969 0 69.13420486 38.86532593 0 68.46425374
492 37.42490387 0 74.15952301 41.83075523 0 75.23093796 41.94180552 0 78.59044139
492 37.42490387 0 74.15952301 39.79440498 0 79.73448563 41.94180552 0 78.59044139
473 46.2366066 0 76.30235291 41.83075523 0 75.23093796 41.94180552 0 78.59044139
473 46.2366066 0 76.30235291 44.20025635 0 80.80590057 41.94180552 0 78.59044139
421 42.1639061 0 85.30944824 39.79440498 0 79.73448563 41.94180552 0 78.59044139
421 42.1639061 0 85.30944824 44.20025635 0 80.80590057 41.94180552 0 78.59044139
492 37.42490387 0 74.15952301 41.27085114 0 70.64193726 42.92610296 0 72.52874247
492 37.42490387 0 74.15952301 41.83075523 0 75.23093796 42.92610296 0 72.52874247
369 45.1167984 0 67.1243515 41.27085114 0 70.64193726 42.92610296 0 72.52874247
369 45.1167984 0 67.1243515 45.6767025 0 71.7133522 42.92610296 0 72.52874247
473 46.2366066 0 76.30235291 41.83075523 0 75.23093796 42.92610296 0 72.52874247
473 46.2366066 0 76.30235291 45.6767025 0 71.7133522 42.92610296 0 72.52874247
493 87.88189697 0 92.28291321 83.68657303 0 94.01054764 81.4671758 0 91.25959269
493 87.88189697 0 92.28291321 82.45513916 0 89.020298 81.4671758 0 91.25959269
414 79.49124908 0 95.73818207 83.68657303 0 94.01054764 81.4671758 0 91.25959269
414 79.49124908 0 95.73818207 78.25981522 0 90.74793243 81.4671758 0 91.25959269
413 77.02838135 0 85.7576828 82.45513916 0 89.020298 81.4671758 0 91.25959269
413 77.02838135 0 85.7576828 78.25981522 0 90.74793243 81.4671758 0 91.25959269
485 90.04026794 0 100.8053589 84.76575851 0 98.27177048 85.80447133 0 96.27548472
485 90.04026794 0 100.8053589 88.96108246 0 96.54413605 85.80447133 0 96.27548472
414 79.49124908 0 95.73818207 84.76575851 0 98.27177048 85.80447133 0 96.27548472
414 79.49124908 0 95.73818207 83.68657303 0 94.01054764 85.80447133 0 96.27548472
493 87.88189697 0 92.28291321 88.96108246 0 96.54413605 85.80447133 0 96.27548472
493 87.88189697 0 92.28291321 83.68657303 0 94.01054764 85.80447133 0 96.27548472
493 87.88189697 0 92.28291321 93.78234863 0 93.55842972 92.5349884 0 95.97407277
493 87.88189697 0 92.28291321 88.96108246 0 96.54413605 92.5349884 0 95.97407277
374 99.68280029 0 94.83394623 93.78234863 0 93.55842972 92.5349884 0 95.97407277
374 99.68280029 0 94.83394623 94.86153412 0 97.81965256 92.5349884 0 95.97407277
485 90.04026794 0 100.8053589 88.96108246 0 96.54413605 92.5349884 0 95.97407277
485 90.04026794 0 100.8053589 94.86153412 0 97.81965256 92.5349884 0 95.97407277
374 99.68280029 0 94.83394623 93.78234863 0 93.55842972 94.26060486 0 91.62776438
374 99.68280029 0 94.83394623 97.4499588 0 91.30018997 94.26060486 0 91.62776438
493 87.88189697 0 92.28291321 93.78234863 0 93.55842972 94.26060486 0 91.62776438
493 87.88189697 0 92.28291321 91.54950714 0 90.02467346 94.26060486 0 91.62776438
404 95.21711731 0 87.76643372 97.4499588 0 91.30018997 94.26060486 0 91.62776438
404 95.21711731 0 87.76643372 91.54950714 0 90.02467346 94.26060486 0 91.62776438
493 87.88189697 0 92.28291321 82.45513916 0 89.020298 83.96317291 0 86.79935455
493 87.88189697 0 92.28291321 87.4305687 0 87.32019043 83.96317291 0 86.79935455
413 77.02838135 0 85.7576828 82.45513916 0 89.020298 83.96317291 0 86.79935455
413 77.02838135 0 85.7576828 82.00381088 0 84.05757523 83.96317291 0 86.79935455
403 86.97924042 0 82.35746765 87.4305687 0 87.32019043 83.96317291 0 86.79935455
403 86.97924042 0 82.35746765 82.00381088 0 84.05757523 83.96317291 0 86.79935455
403 86.97924042 0 82.35746765 91.09817886 0 85.06195068 90.0260849 0 87.46893819
403 86.97924042 0 82.35746765 87.4305687 0 87.32019043 90.0260849 0 87.46893819
404 95.21711731 0 87.76643372 91.09817886 0 85.06195068 90.0260849 0 87.46893819
404 95.21711731 0 87.76643372 91.54950714 0 90.02467346 90.0260849 0 87.46893819
493 87.88189697 0 92.28291321 87.4305687 0 87.32019043 90.0260849 0 87.46893819
493 87.88189697 0 92.28291321 91.54950714 0 90.02467346 90.0260849 0 87.46893819
494 102.6369858 0 54.79268265 106.3184929 0 52.39634132 107.5456619 0 54.93089422
494 102.6369858 0 54.79268265 106.3184929 0 57.39634132 107.5456619 0 54.93089422
495 110 0 50 106.3184929 0 52.39634132 107.5456619 0 54.93089422
495 110 0 50 110 0 55 107.5456619 0 54.93089422
475 110 0 60 106.3184929 0 57.39634132 107.5456619 0 54.93089422
475 110 0 60 110 0 55 107.5456619 0 54.93089422
496 98.03009796 0 48.53336716 104.015049 0 49.26668358 103.5556946 0 51.10868327
496 98.03009796 0 48.53336716 100.3335419 0 51.6630249 103.5556946 0 51.10868327
495 110 0 50 104.015049 0 49.26668358 103.5556946 0 51.10868327
495 110 0 50 106.3184929 0 52.39634132 103.5556946 0 51.10868327
494 102.6369858 0 54.79268265 100.3335419 0 51.6630249 103.5556946 0 51.10868327
494 102.6369858 0 54.79268265 106.3184929 0 52.39634132 103.5556946 0 51.10868327
476 99.66145325 0 61.1517067 101.1492195 0 57.97219467 104.0994797 0 58.64812978
476 99.66145325 0 61.1517067 104.8307266 0 60.57585335 104.0994797 0 58.64812978
494 102.6369858 0 54.79268265 101.1492195 0 57.97219467 104.0994797 0 58.64812978
494 102.6369858 0 54.79268265 106.3184929 0 57.39634132 104.0994797 0 58.64812978
475 110 0 60 104.8307266 0 60.57585335 104.0994797 0 58.64812978
475 110 0 60 106.3184929 0 57.39634132 104.0994797 0 58.64812978
497 82.69608307 0 41.25838852 78.13764572 0 39.22144318 78.48065186 0 36.42540677
497 82.69608307 0 41.25838852 80.9313736 0 36.04586124 78.48065186 0 36.42540677
498 73.57920837 0 37.18449783 78.13764572 0 39.22144318 78.48065186 0 36.42540677
498 73.57920837 0 37.18449783 76.37293625 0 34.0089159 78.48065186 0 36.42540677
434 79.16666412 0 30.83333397 80.9313736 0 36.04586124 78.48065186 0 36.42540677
434 79.16666412 0 30.83333397 76.37293625 0 34.0089159 78.48065186 0 36.42540677
498 73.57920837 0 37.18449783 78.13764572 0 39.22144318 76.33562724 0 41.28548177
498 73.57920837 0 37.18449783 73.15539932 0 41.2990284 76.33562724 0 41.28548177
497 82.69608307 0 41.25838852 78.13764572 0 39.22144318 76.33562724 0 41.28548177
497 82.69608307 0 41.25838852 77.71383667 0 43.33597374 76.33562724 0 41.28548177
499 72.73159027 0 45.41355896 73.15539932 0 41.2990284 76.33562724 0 41.28548177
499 72.73159027 0 45.41355896 77.71383667 0 43.33597374 76.33562724 0 41.28548177
434 79.16666412 0 30.83333397 76.37293625 0 34.0089159 73.81105804 0 33.03903516
434 79.16666412 0 30.83333397 73.92698288 0 30.96630383 73.81105804 0 33.03903516
498 73.57920837 0 37.18449783 76.37293625 0 34.0089159 73.81105804 0 33.03903516
498 73.57920837 0 37.18449783 71.133255 0 34.14188576 73.81105804 0 33.03903516
435 68.68730164 0 31.09927368 73.92698288 0 30.96630383 73.81105804 0 33.03903516
435 68.68730164 0 31.09927368 71.133255 0 34.14188576 73.81105804 0 33.03903516
495 110 0 50 105.6907997 0 45.5180912 107.1271998 0 43.67872747
495 110 0 50 110 0 45 107.1271998 0 43.67872747
500 101.3815994 0 41.0361824 105.6907997 0 45.5180912 107.1271998 0 43.67872747
500 101.3815994 0 41.0361824 105.6907997 0 40.5180912 107.1271998 0 43.67872747
457 110 0 40 110 0 45 107.1271998 0 43.67872747
457 110 0 40 105.6907997 0 40.5180912 107.1271998 0 43.67872747
496 98.03009796 0 48.53336716 99.70584869 0 44.78477478 103.1372325 0 46.52318319
496 98.03009796 0 48.53336716 104.015049 0 49.26668358 103.1372325 0 46.52318319
500 101.3815994 0 41.0361824 99.70584869 0 44.78477478 103.1372325 0 46.52318319
500 101.3815994 0 41.0361824 105.6907997 0 45.5180912 103.1372325 0 46.52318319
495 110 0 50 104.015049 0 49.26668358 103.1372325 0 46.52318319
495 110 0 50 105.6907997 0 45.5180912 103.1372325 0 46.52318319
500 101.3815994 0 41.0361824 102.1065483 0 36.76115799 104.7376989 0 37.84077199
500 101.3815994 0 41.0361824 105.6907997 0 40.5180912 104.7376989 0 37.84077199
458 102.8314972 0 32.48613358 102.1065483 0 36.76115799 104.7376989 0 37.84077199
458 102.8314972 0 32.48613358 106.4157486 0 36.24306679 104.7376989 0 37.84077199
457 110 0 40 105.6907997 0 40.5180912 104.7376989 0 37.84077199
457 110 0 40 106.4157486 0 36.24306679 104.7376989 0 37.84077199
458 102.8314972 0 32.48613358 102.1065483 0 36.76115799 99.76360067 0 36.00569407
458 102.8314972 0 32.48613358 98.95460129 0 33.49044991 99.76360067 0 36.00569407
500 101.3815994 0 41.0361824 102.1065483 0 36.76115799 99.76360067 0 36.00569407
500 101.3815994 0 41.0361824 98.2296524 0 37.76547432 99.76360067 0 36.00569407
501 95.07770538 0 34.49476624 98.95460129 0 33.49044991 99.76360067 0 36.00569407
501 95.07770538 0 34.49476624 98.2296524 0 37.76547432 99.76360067 0 36.00569407
502 18.47885895 0 41.13119125 14.23942947 0 45.56559563 12.82628632 0 43.71039708
502 18.47885895 0 41.13119125 14.23942947 0 40.56559563 12.82628632 0 43.71039708
503 10 0 50 14.23942947 0 45.56559563 12.82628632 0 43.71039708
503 10 0 50 10 0 45 12.82628632 0 43.71039708
459 10 0 40 14.23942947 0 40.56559563 12.82628632 0 43.71039708
459 10 0 40 10 0 45 12.82628632 0 43.71039708
502 18.47885895 0 41.13119125 20.72647095 0 44.62801743 17.15098063 0 46.41867828
502 18.47885895 0 41.13119125 14.23942947 0 45.56559563 17.15098063 0 46.41867828
504 22.97408295 0 48.1248436 20.72647095 0 44.62801743 17.15098063 0 46.41867828
504 22.97408295 0 48.1248436 16.48704147 0 49.0624218 17.15098063 0 46.41867828
503 10 0 50 14.23942947 0 45.56559563 17.15098063 0 46.41867828
503 10 0 50 16.48704147 0 49.0624218 17.15098063 0 46.41867828
459 10 0 40 13.57297707 0 36.22861862 15.20827103 0 37.8628095
459 10 0 40 14.23942947 0 40.56559563 15.20827103 0 37.8628095
460 17.14595413 0 32.45723724 13.57297707 0 36.22861862 15.20827103 0 37.8628095
460 17.14595413 0 32.45723724 17.81240654 0 36.79421425 15.20827103 0 37.8628095
502 18.47885895 0 41.13119125 14.23942947 0 40.56559563 15.20827103 0 37.8628095
502 18.47885895 0 41.13119125 17.81240654 0 36.79421425 15.20827103 0 37.8628095
505 24.78698349 0 34.32139206 21.63292122 0 37.72629166 20.13726552 0 35.96994019
505 24.78698349 0 34.32139206 20.96646881 0 33.38931465 20.13726552 0 35.96994019
502 18.47885895 0 41.13119125 21.63292122 0 37.72629166 20.13726552 0 35.96994019
502 18.47885895 0 41.13119125 17.81240654 0 36.79421425 20.13726552 0 35.96994019
460 17.14595413 0 32.45723724 20.96646881 0 33.38931465 20.13726552 0 35.96994019
460 17.14595413 0 32.45723724 17.81240654 0 36.79421425 20.13726552 0 35.96994019
503 10 0 50 13.6716423 0 52.31748772 12.44776154 0 54.87832514
503 10 0 50 10 0 55 12.44776154 0 54.87832514
506 17.34328461 0 54.63497543 13.6716423 0 52.31748772 12.44776154 0 54.87832514
506 17.34328461 0 54.63497543 13.6716423 0 57.31748772 12.44776154 0 54.87832514
487 10 0 60 10 0 55 12.44776154 0 54.87832514
487 10 0 60 13.6716423 0 57.31748772 12.44776154 0 54.87832514
503 10 0 50 16.48704147 0 49.0624218 16.77245585 0 50.91993968
503 10 0 50 13.6716423 0 52.31748772 16.77245585 0 50.91993968
504 22.97408295 0 48.1248436 16.48704147 0 49.0624218 16.77245585 0 50.91993968
504 22.97408295 0 48.1248436 20.15868378 0 51.37990952 16.77245585 0 50.91993968
506 17.34328461 0 54.63497543 13.6716423 0 52.31748772 16.77245585 0 50.91993968
506 17.34328461 0 54.63497543 20.15868378 0 51.37990952 16.77245585 0 50.91993968
419 22.80764008 0 62.00105286 16.40382004 0 61.00052643 16.71697489 0 58.8786761
419 22.80764008 0 62.00105286 20.07546234 0 58.31801414 16.71697489 0 58.8786761
487 10 0 60 16.40382004 0 61.00052643 16.71697489 0 58.8786761
487 10 0 60 13.6716423 0 57.31748772 16.71697489 0 58.8786761
506 17.34328461 0 54.63497543 20.07546234 0 58.31801414 16.71697489 0 58.8786761
506 17.34328461 0 54.63497543 13.6716423 0 57.31748772 16.71697489 0 58.8786761
444 10 0 140 12.93770599 0 142.5 11.95847066 1.208560929e-31 145
444 10 0 140 10 1.812841393e-31 145 11.95847066 1.208560929e-31 145
507 15.87541199 0 145 12.93770599 0 142.5 11.95847066 1.208560929e-31 145
507 15.87541199 0 145 12.93770599 1.812841393e-31 147.5 11.95847066 1.208560929e-31 145
338 10 3.625682786e-31 150 10 1.812841393e-31 145 11.95847066 1.208560929e-31 145
338 10 3.625682786e-31 150 12.93770599 1.812841393e-31 147.5 11.95847066 1.208560929e-31 145
445 17.83411407 0 135.5963135 16.85476303 0 140.2981567 14.56984202 0 140.1987712
445 17.83411407 0 135.5963135 13.91705704 0 137.7981567 14.56984202 0 140.1987712
507 15.87541199 0 145 16.85476303 0 140.2981567 14.56984202 0 140.1987712
507 15.87541199 0 145 12.93770599 0 142.5 14.56984202 0 140.1987712
444 10 0 140 13.91705704 0 137.7981567 14.56984202 0 140.1987712
444 10 0 140 12.93770599 0 142.5 14.56984202 0 140.1987712
427 110 0 140 110 0 145 108.053421 0 145
427 110 0 140 107.0801315 0 142.5 108.053421 0 145
348 110 0 150 110 0 145 108.053421 0 145
348 110 0 150 107.0801315 0 147.5 108.053421 0 145
508 104.1602631 0 145 107.0801315 0 142.5 108.053421 0 145
508 104.1602631 0 145 107.0801315 0 147.5 108.053421 0 145
508 104.1602631 0 145 107.0801315 0 147.5 105.6212285 0 150.2105713
508 104.1602631 0 145 103.4318428 0 150.3158569 105.6212285 0 150.2105713
348 110 0 150 107.0801315 0 147.5 105.6212285 0 150.2105713
348 110 0 150 106.3517113 0 152.8158569 105.6212285 0 150.2105713
350 102.7034225 0 155.6317139 103.4318428 0 150.3158569 105.6212285 0 150.2105713
350 102.7034225 0 155.6317139 106.3517113 0 152.8158569 105.6212285 0 150.2105713
509 97.69693756 0 149.1626892 100.9286003 0 147.0813446 101.5202077 0 149.9314677
509 97.69693756 0 149.1626892 100.2001801 0 152.3972015 101.5202077 0 149.9314677
508 104.1602631 0 145 100.9286003 0 147.0813446 101.5202077 0 149.9314677
508 104.1602631 0 145 103.4318428 0 150.3158569 101.5202077 0 149.9314677
350 102.7034225 0 155.6317139 100.2001801 0 152.3972015 101.5202077 0 149.9314677
350 102.7034225 0 155.6317139 103.4318428 0 150.3158569 101.5202077 0 149.9314677
427 110 0 140 107.0801315 0 142.5 105.278923 0 140.4181366
427 110 0 140 105.838253 0 138.1272049 105.278923 0 140.4181366
508 104.1602631 0 145 107.0801315 0 142.5 105.278923 0 140.4181366
508 104.1602631 0 145 102.9183846 0 140.6272049 105.278923 0 140.4181366
428 101.676506 0 136.2544098 105.838253 0 138.1272049 105.278923 0 140.4181366
428 101.676506 0 136.2544098 102.9183846 0 140.6272049 105.278923 0 140.4181366
510 57.02628708 0 105.7655716 58.3097229 0 100.5720787 60.68660482 0 101.1061045
510 57.02628708 0 105.7655716 61.23332787 0 103.9698639 60.68660482 0 101.1061045
372 59.59315872 0 95.37858582 58.3097229 0 100.5720787 60.68660482 0 101.1061045
372 59.59315872 0 95.37858582 62.51676369 0 98.776371 60.68660482 0 101.1061045
511 65.44036865 0 102.1741562 61.23332787 0 103.9698639 60.68660482 0 101.1061045
511 65.44036865 0 102.1741562 62.51676369 0 98.776371 60.68660482 0 101.1061045
372 59.59315872 0 95.37858582 64.68691444 0 95.00305939 64.93806585 0 97.39342499
372 59.59315872 0 95.37858582 62.51676369 0 98.776371 64.93806585 0 97.39342499
412 69.78067017 0 94.62753296 64.68691444 0 95.00305939 64.93806585 0 97.39342499
412 69.78067017 0 94.62753296 67.61051941 0 98.40084457 64.93806585 0 97.39342499
511 65.44036865 0 102.1741562 62.51676369 0 98.776371 64.93806585 0 97.39342499
511 65.44036865 0 102.1741562 67.61051941 0 98.40084457 64.93806585 0 97.39342499
412 69.78067017 0 94.62753296 71.43413544 0 99.11291122 69.43621318 0 100.1333262
412 69.78067017 0 94.62753296 67.61051941 0 98.40084457 69.43621318 0 100.1333262
415 73.08760071 0 103.5982895 71.43413544 0 99.11291122 69.43621318 0 100.1333262
415 73.08760071 0 103.5982895 69.26398468 0 102.8862228 69.43621318 0 100.1333262
511 65.44036865 0 102.1741562 67.61051941 0 98.40084457 69.43621318 0 100.1333262
511 65.44036865 0 102.1741562 69.26398468 0 102.8862228 69.43621318 0 100.1333262
466 51.57639694 0 28.14720535 46.10487938 0 29.27105331 45.77357737 0 27.17557653
466 51.57639694 0 28.14720535 48.34368515 0 25.56591415 45.77357737 0 27.17557653
441 40.63336182 0 30.39490128 46.10487938 0 29.27105331 45.77357737 0 27.17557653
441 40.63336182 0 30.39490128 42.87216759 0 26.68976212 45.77357737 0 27.17557653
512 45.11097336 0 22.98462296 48.34368515 0 25.56591415 45.77357737 0 27.17557653
512 45.11097336 0 22.98462296 42.87216759 0 26.68976212 45.77357737 0 27.17557653
512 45.11097336 0 22.98462296 42.87216759 0 26.68976212 40.83360418 0 24.83011627
512 45.11097336 0 22.98462296 40.93372536 0 22.04772377 40.83360418 0 24.83011627
441 40.63336182 0 30.39490128 42.87216759 0 26.68976212 40.83360418 0 24.83011627
441 40.63336182 0 30.39490128 38.69491959 0 25.75286293 40.83360418 0 24.83011627
359 36.75647736 0 21.11082458 40.93372536 0 22.04772377 40.83360418 0 24.83011627
359 36.75647736 0 21.11082458 38.69491959 0 25.75286293 40.83360418 0 24.83011627
512 45.11097336 0 22.98462296 40.93372536 0 22.04772377 42.15518188 0 19.88218594
512 45.11097336 0 22.98462296 44.85453415 0 19.26786661 42.15518188 0 19.88218594
359 36.75647736 0 21.11082458 40.93372536 0 22.04772377 42.15518188 0 19.88218594
359 36.75647736 0 21.11082458 40.67728615 0 18.33096743 42.15518188 0 19.88218594
360 44.59809494 0 15.55111027 44.85453415 0 19.26786661 42.15518188 0 19.88218594
360 44.59809494 0 15.55111027 40.67728615 0 18.33096743 42.15518188 0 19.88218594
442 30.73642349 0 27.65150642 35.68489265 0 29.02320385 34.65472158 0 31.43699455
442 30.73642349 0 27.65150642 31.66540146 0 31.95804119 34.65472158 0 31.43699455
441 40.63336182 0 30.39490128 35.68489265 0 29.02320385 34.65472158 0 31.43699455
441 40.63336182 0 30.39490128 36.61387062 0 33.32973862 34.65472158 0 31.43699455
513 32.59437943 0 36.26457596 31.66540146 0 31.95804119 34.65472158 0 31.43699455
513 32.59437943 0 36.26457596 36.61387062 0 33.32973862 34.65472158 0 31.43699455
513 32.59437943 0 36.26457596 28.69068146 0 35.29298401 29.37259547 0 32.74582481
513 32.59437943 0 36.26457596 31.66540146 0 31.95804119 29.37259547 0 32.74582481
505 24.78698349 0 34.32139206 28.69068146 0 35.29298401 29.37259547 0 32.74582481
505 24.78698349 0 34.32139206 27.76170349 0 30.98644924 29.37259547 0 32.74582481
442 30.73642349 0 27.65150642 31.66540146 0 31.95804119 29.37259547 0 32.74582481
442 30.73642349 0 27.65150642 27.76170349 0 30.98644924 29.37259547 0 32.74582481
311 40 0 0 45 0 0 44.99366124 0 2.336181164
311 40 0 0 42.49049187 0 3.504271746 44.99366124 0 2.336181164
313 50 0 0 45 0 0 44.99366124 0 2.336181164
313 50 0 0 47.49049187 0 3.504271746 44.99366124 0 2.336181164
514 44.98098373 0 7.008543491 42.49049187 0 3.504271746 44.99366124 0 2.336181164
514 44.98098373 0 7.008543491 47.49049187 0 3.504271746 44.99366124 0 2.336181164
311 40 0 0 42.49049187 0 3.504271746 40.03401311 0 5.796595414
311 40 0 0 37.5605278 0 5.190621376 40.03401311 0 5.796595414
514 44.98098373 0 7.008543491 42.49049187 0 3.504271746 40.03401311 0 5.796595414
514 44.98098373 0 7.008543491 40.05101967 0 8.694893122 40.03401311 0 5.796595414
336 35.1210556 0 10.38124275 37.5605278 0 5.190621376 40.03401311 0 5.796595414
336 35.1210556 0 10.38124275 40.05101967 0 8.694893122 40.03401311 0 5.796595414
336 35.1210556 0 10.38124275 40.05101967 0 8.694893122 41.56671143 0 10.98029884
336 35.1210556 0 10.38124275 39.85957527 0 12.96617651 41.56671143 0 10.98029884
514 44.98098373 0 7.008543491 40.05101967 0 8.694893122 41.56671143 0 10.98029884
514 44.98098373 0 7.008543491 44.78953934 0 11.27982688 41.56671143 0 10.98029884
360 44.59809494 0 15.55111027 39.85957527 0 12.96617651 41.56671143 0 10.98029884
360 44.59809494 0 15.55111027 44.78953934 0 11.27982688 41.56671143 0 10.98029884
354 55.01996994 0 10.53685379 50.00047684 0 8.772698641 50.00031789 0 5.848465761
354 55.01996994 0 10.53685379 52.50998497 0 5.268426895 50.00031789 0 5.848465761
514 44.98098373 0 7.008543491 50.00047684 0 8.772698641 50.00031789 0 5.848465761
514 44.98098373 0 7.008543491 47.49049187 0 3.504271746 50.00031789 0 5.848465761
313 50 0 0 52.50998497 0 5.268426895 50.00031789 0 5.848465761
313 50 0 0 47.49049187 0 3.504271746 50.00031789 0 5.848465761
360 44.59809494 0 15.55111027 44.78953934 0 11.27982688 48.19968287 0 11.03216918
360 44.59809494 0 15.55111027 49.80903244 0 13.04398203 48.19968287 0 11.03216918
514 44.98098373 0 7.008543491 44.78953934 0 11.27982688 48.19968287 0 11.03216918
514 44.98098373 0 7.008543491 50.00047684 0 8.772698641 48.19968287 0 11.03216918
354 55.01996994 0 10.53685379 49.80903244 0 13.04398203 48.19968287 0 11.03216918
354 55.01996994 0 10.53685379 50.00047684 0 8.772698641 48.19968287 0 11.03216918
317 80 0 0 77.53687286 0 3.476706028 75.02458191 0 2.317804019
317 80 0 0 75 0 0 75.02458191 0 2.317804019
515 75.07374573 0 6.953412056 77.53687286 0 3.476706028 75.02458191 0 2.317804019
515 75.07374573 0 6.953412056 72.53687286 0 3.476706028 75.02458191 0 2.317804019
316 70 0 0 75 0 0 75.02458191 0 2.317804019
316 70 0 0 72.53687286 0 3.476706028 75.02458191 0 2.317804019
317 80 0 0 82.42075729 0 5.168957233 79.97175344 0 5.763775508
317 80 0 0 77.53687286 0 3.476706028 79.97175344 0 5.763775508
337 84.84151459 0 10.33791447 82.42075729 0 5.168957233 79.97175344 0 5.763775508
337 84.84151459 0 10.33791447 79.95763016 0 8.645663261 79.97175344 0 5.763775508
515 75.07374573 0 6.953412056 77.53687286 0 3.476706028 79.97175344 0 5.763775508
515 75.07374573 0 6.953412056 79.95763016 0 8.645663261 79.97175344 0 5.763775508
337 84.84151459 0 10.33791447 79.99071121 0 12.79286432 78.35172272 0 10.84638023
337 84.84151459 0 10.33791447 79.95763016 0 8.645663261 78.35172272 0 10.84638023
357 75.13990784 0 15.24781418 79.99071121 0 12.79286432 78.35172272 0 10.84638023
357 75.13990784 0 15.24781418 75.10682678 0 11.10061312 78.35172272 0 10.84638023
515 75.07374573 0 6.953412056 79.95763016 0 8.645663261 78.35172272 0 10.84638023
515 75.07374573 0 6.953412056 75.10682678 0 11.10061312 78.35172272 0 10.84638023
316 70 0 0 72.53687286 0 3.476706028 70.36802928 0 5.693496386
316 70 0 0 68.01517105 0 5.063538551 70.36802928 0 5.693496386
515 75.07374573 0 6.953412056 72.53687286 0 3.476706028 70.36802928 0 5.693496386
515 75.07374573 0 6.953412056 70.55204391 0 8.540244579 70.36802928 0 5.693496386
389 66.0303421 0 10.1270771 68.01517105 0 5.063538551 70.36802928 0 5.693496386
389 66.0303421 0 10.1270771 70.55204391 0 8.540244579 70.36802928 0 5.693496386
515 75.07374573 0 6.953412056 75.10682678 0 11.10061312 72.08133189 0 10.77610111
515 75.07374573 0 6.953412056 70.55204391 0 8.540244579 72.08133189 0 10.77610111
357 75.13990784 0 15.24781418 75.10682678 0 11.10061312 72.08133189 0 10.77610111
357 75.13990784 0 15.24781418 70.58512497 0 12.68744564 72.08133189 0 10.77610111
389 66.0303421 0 10.1270771 70.55204391 0 8.540244579 72.08133189 0 10.77610111
389 66.0303421 0 10.1270771 70.58512497 0 12.68744564 72.08133189 0 10.77610111
390 59.67986298 0 20.10898399 55.69061661 0 19.86787128 55.46706772 0 16.75753212
390 59.67986298 0 20.10898399 57.34991646 0 15.32291889 55.46706772 0 16.75753212
516 51.70137024 0 19.62675858 55.69061661 0 19.86787128 55.46706772 0 16.75753212
516 51.70137024 0 19.62675858 53.36067009 0 15.08180618 55.46706772 0 16.75753212
354 55.01996994 0 10.53685379 57.34991646 0 15.32291889 55.46706772 0 16.75753212
354 55.01996994 0 10.53685379 53.36067009 0 15.08180618 55.46706772 0 16.75753212
360 44.59809494 0 15.55111027 49.80903244 0 13.04398203 50.43981171 0 15.23824088
360 44.59809494 0 15.55111027 48.14973259 0 17.58893442 50.43981171 0 15.23824088
354 55.01996994 0 10.53685379 49.80903244 0 13.04398203 50.43981171 0 15.23824088
354 55.01996994 0 10.53685379 53.36067009 0 15.08180618 50.43981171 0 15.23824088
516 51.70137024 0 19.62675858 48.14973259 0 17.58893442 50.43981171 0 15.23824088
516 51.70137024 0 19.62675858 53.36067009 0 15.08180618 50.43981171 0 15.23824088
466 51.57639694 0 28.14720535 51.63888359 0 23.88698196 54.31921005 0 22.62764931
466 51.57639694 0 28.14720535 55.62812996 0 24.12809467 54.31921005 0 22.62764931
516 51.70137024 0 19.62675858 51.63888359 0 23.88698196 54.31921005 0 22.62764931
516 51.70137024 0 19.62675858 55.69061661 0 19.86787128 54.31921005 0 22.62764931
390 59.67986298 0 20.10898399 55.62812996 0 24.12809467 54.31921005 0 22.62764931
390 59.67986298 0 20.10898399 55.69061661 0 19.86787128 54.31921005 0 22.62764931
512 45.11097336 0 22.98462296 44.85453415 0 19.26786661 47.13681285 0 19.38749727
512 45.11097336 0 22.98462296 48.4061718 0 21.30569077 47.13681285 0 19.38749727
360 44.59809494 0 15.55111027 44.85453415 0 19.26786661 47.13681285 0 19.38749727
360 44.59809494 0 15.55111027 48.14973259 0 17.58893442 47.13681285 0 19.38749727
516 51.70137024 0 19.62675858 48.4061718 0 21.30569077 47.13681285 0 19.38749727
516 51.70137024 0 19.62675858 48.14973259 0 17.58893442 47.13681285 0 19.38749727
512 45.11097336 0 22.98462296 48.4061718 0 21.30569077 49.46291351 0 23.58619563
512 45.11097336 0 22.98462296 48.34368515 0 25.56591415 49.46291351 0 23.58619563
516 51.70137024 0 19.62675858 48.4061718 0 21.30569077 49.46291351 0 23.58619563
516 51.70137024 0 19.62675858 51.63888359 0 23.88698196 49.46291351 0 23.58619563
466 51.57639694 0 28.14720535 48.34368515 0 25.56591415 49.46291351 0 23.58619563
466 51.57639694 0 28.14720535 51.63888359 0 23.88698196 49.46291351 0 23.58619563
381 71.96064758 0 119.2061615 65.81471825 0 117.3942032 66.30090968 0 115.0046183
381 71.96064758 0 119.2061615 69.61697006 0 114.7158051 66.30090968 0 115.0046183
380 59.66878891 0 115.5822449 65.81471825 0 117.3942032 66.30090968 0 115.0046183
380 59.66878891 0 115.5822449 63.47104073 0 112.9038467 66.30090968 0 115.0046183
517 67.27329254 0 110.2254486 69.61697006 0 114.7158051 66.30090968 0 115.0046183
517 67.27329254 0 110.2254486 63.47104073 0 112.9038467 66.30090968 0 115.0046183
380 59.66878891 0 115.5822449 58.34753799 0 110.6739082 61.32278951 0 110.5244217
380 59.66878891 0 115.5822449 63.47104073 0 112.9038467 61.32278951 0 110.5244217
510 57.02628708 0 105.7655716 58.34753799 0 110.6739082 61.32278951 0 110.5244217
510 57.02628708 0 105.7655716 62.14978981 0 107.9955101 61.32278951 0 110.5244217
517 67.27329254 0 110.2254486 63.47104073 0 112.9038467 61.32278951 0 110.5244217
517 67.27329254 0 110.2254486 62.14978981 0 107.9955101 61.32278951 0 110.5244217
511 65.44036865 0 102.1741562 69.26398468 0 102.8862228 68.60042063 0 105.3326314
511 65.44036865 0 102.1741562 66.3568306 0 106.1998024 68.60042063 0 105.3326314
415 73.08760071 0 103.5982895 69.26398468 0 102.8862228 68.60042063 0 105.3326314
415 73.08760071 0 103.5982895 70.18044662 0 106.911869 68.60042063 0 105.3326314
517 67.27329254 0 110.2254486 66.3568306 0 106.1998024 68.60042063 0 105.3326314
517 67.27329254 0 110.2254486 70.18044662 0 106.911869 68.60042063 0 105.3326314
511 65.44036865 0 102.1741562 66.3568306 0 106.1998024 63.24664942 0 106.0550588
511 65.44036865 0 102.1741562 61.23332787 0 103.9698639 63.24664942 0 106.0550588
517 67.27329254 0 110.2254486 66.3568306 0 106.1998024 63.24664942 0 106.0550588
517 67.27329254 0 110.2254486 62.14978981 0 107.9955101 63.24664942 0 106.0550588
510 57.02628708 0 105.7655716 61.23332787 0 103.9698639 63.24664942 0 106.0550588
510 57.02628708 0 105.7655716 62.14978981 0 107.9955101 63.24664942 0 106.0550588
518 61.72239685 0 152.5762787 58.29375458 0 149.4154892 60.78523763 0 147.3799133
518 61.72239685 0 152.5762787 63.74530029 0 147.9425201 60.78523763 0 147.3799133
361 54.8651123 0 146.2546997 58.29375458 0 149.4154892 60.78523763 0 147.3799133
361 54.8651123 0 146.2546997 60.31665802 0 144.7817307 60.78523763 0 147.3799133
363 65.76820374 0 143.3087616 63.74530029 0 147.9425201 60.78523763 0 147.3799133
363 65.76820374 0 143.3087616 60.31665802 0 144.7817307 60.78523763 0 147.3799133
363 65.76820374 0 143.3087616 67.80640793 0 148.625946 65.77840424 0 149.9427236
363 65.76820374 0 143.3087616 63.74530029 0 147.9425201 65.77840424 0 149.9427236
365 69.84461212 0 153.9431305 67.80640793 0 148.625946 65.77840424 0 149.9427236
365 69.84461212 0 153.9431305 65.78350449 0 153.2597046 65.77840424 0 149.9427236
518 61.72239685 0 152.5762787 63.74530029 0 147.9425201 65.77840424 0 149.9427236
518 61.72239685 0 152.5762787 65.78350449 0 153.2597046 65.77840424 0 149.9427236
499 72.73159027 0 45.41355896 77.71383667 0 43.33597374 78.54079946 0 46.10638046
499 72.73159027 0 45.41355896 76.46315765 0 48.53037643 78.54079946 0 46.10638046
497 82.69608307 0 41.25838852 77.71383667 0 43.33597374 78.54079946 0 46.10638046
497 82.69608307 0 41.25838852 81.44540405 0 46.45279121 78.54079946 0 46.10638046
519 80.19472504 0 51.64719391 76.46315765 0 48.53037643 78.54079946 0 46.10638046
519 80.19472504 0 51.64719391 81.44540405 0 46.45279121 78.54079946 0 46.10638046
397 71.59204865 0 57.14767456 72.16181946 0 51.28061676 74.83945465 0 51.40280914
397 71.59204865 0 57.14767456 75.89338684 0 54.39743423 74.83945465 0 51.40280914
499 72.73159027 0 45.41355896 72.16181946 0 51.28061676 74.83945465 0 51.40280914
499 72.73159027 0 45.41355896 76.46315765 0 48.53037643 74.83945465 0 51.40280914
519 80.19472504 0 51.64719391 75.89338684 0 54.39743423 74.83945465 0 51.40280914
519 80.19472504 0 51.64719391 76.46315765 0 48.53037643 74.83945465 0 51.40280914
390 59.67986298 0 20.10898399 62.85510254 0 15.11803055 64.54892476 0 16.36006991
390 59.67986298 0 20.10898399 63.80821609 0 19.47656631 64.54892476 0 16.36006991
389 66.0303421 0 10.1270771 62.85510254 0 15.11803055 64.54892476 0 16.36006991
389 66.0303421 0 10.1270771 66.98345566 0 14.48561287 64.54892476 0 16.36006991
520 67.93656921 0 18.84414864 63.80821609 0 19.47656631 64.54892476 0 16.36006991
520 67.93656921 0 18.84414864 66.98345566 0 14.48561287 64.54892476 0 16.36006991
357 75.13990784 0 15.24781418 71.53823853 0 17.04598141 69.70227305 0 14.73967997
357 75.13990784 0 15.24781418 70.58512497 0 12.68744564 69.70227305 0 14.73967997
520 67.93656921 0 18.84414864 71.53823853 0 17.04598141 69.70227305 0 14.73967997
520 67.93656921 0 18.84414864 66.98345566 0 14.48561287 69.70227305 0 14.73967997
389 66.0303421 0 10.1270771 70.58512497 0 12.68744564 69.70227305 0 14.73967997
389 66.0303421 0 10.1270771 66.98345566 0 14.48561287 69.70227305 0 14.73967997
520 67.93656921 0 18.84414864 71.53823853 0 17.04598141 72.04099782 0 19.29819552
520 67.93656921 0 18.84414864 70.49154282 0 21.32338619 72.04099782 0 19.29819552
357 75.13990784 0 15.24781418 71.53823853 0 17.04598141 72.04099782 0 19.29819552
357 75.13990784 0 15.24781418 74.09321213 0 19.52521896 72.04099782 0 19.29819552
436 73.04651642 0 23.80262375 70.49154282 0 21.32338619 72.04099782 0 19.29819552
436 73.04651642 0 23.80262375 74.09321213 0 19.52521896 72.04099782 0 19.29819552
497 82.69608307 0 41.25838852 80.9313736 0 36.04586124 83.17895253 0 35.77578799
497 82.69608307 0 41.25838852 85.18509674 0 38.247015 83.17895253 0 35.77578799
434 79.16666412 0 30.83333397 80.9313736 0 36.04586124 83.17895253 0 35.77578799
434 79.16666412 0 30.83333397 83.42038727 0 33.03448772 83.17895253 0 35.77578799
521 87.67411041 0 35.23564148 85.18509674 0 38.247015 83.17895253 0 35.77578799
521 87.67411041 0 35.23564148 83.42038727 0 33.03448772 83.17895253 0 35.77578799
521 87.67411041 0 35.23564148 83.42038727 0 33.03448772 85.34831746 0 31.26955859
521 87.67411041 0 35.23564148 88.43914413 0 31.4876709 85.34831746 0 31.26955859
434 79.16666412 0 30.83333397 83.42038727 0 33.03448772 85.34831746 0 31.26955859
434 79.16666412 0 30.83333397 84.18542099 0 29.28651714 85.34831746 0 31.26955859
443 89.20417786 0 27.73970032 88.43914413 0 31.4876709 85.34831746 0 31.26955859
443 89.20417786 0 27.73970032 84.18542099 0 29.28651714 85.34831746 0 31.26955859
521 87.67411041 0 35.23564148 88.43914413 0 31.4876709 90.65199788 0 32.49003601
521 87.67411041 0 35.23564148 91.3759079 0 34.86520386 90.65199788 0 32.49003601
443 89.20417786 0 27.73970032 88.43914413 0 31.4876709 90.65199788 0 32.49003601
443 89.20417786 0 27.73970032 92.14094162 0 31.11723328 90.65199788 0 32.49003601
501 95.07770538 0 34.49476624 91.3759079 0 34.86520386 90.65199788 0 32.49003601
501 95.07770538 0 34.49476624 92.14094162 0 31.11723328 90.65199788 0 32.49003601
522 0 0 180 3.869133711 0 176.4560471 5.912755807 0 177.6373647
522 0 0 180 5 0 180 5.912755807 0 177.6373647
523 7.738267422 0 172.9120941 3.869133711 0 176.4560471 5.912755807 0 177.6373647
523 7.738267422 0 172.9120941 8.869133711 0 176.4560471 5.912755807 0 177.6373647
524 10 0 180 5 0 180 5.912755807 0 177.6373647
524 10 0 180 8.869133711 0 176.4560471 5.912755807 0 177.6373647
522 0 0 180 0 0 175 2.579422474 0 174.3040314
522 0 0 180 3.869133711 0 176.4560471 2.579422474 0 174.3040314
450 0 0 170 0 0 175 2.579422474 0 174.3040314
450 0 0 170 3.869133711 0 171.4560471 2.579422474 0 174.3040314
523 7.738267422 0 172.9120941 3.869133711 0 176.4560471 2.579422474 0 174.3040314
523 7.738267422 0 172.9120941 3.869133711 0 171.4560471 2.579422474 0 174.3040314
449 6.21320343 0 165 6.975735426 0 168.9560471 4.650490284 0 169.3040314
449 6.21320343 0 165 3.106601715 0 167.5 4.650490284 0 169.3040314
523 7.738267422 0 172.9120941 6.975735426 0 168.9560471 4.650490284 0 169.3040314
523 7.738267422 0 172.9120941 3.869133711 0 171.4560471 4.650490284 0 169.3040314
450 0 0 170 3.106601715 0 167.5 4.650490284 0 169.3040314
450 0 0 170 3.869133711 0 171.4560471 4.650490284 0 169.3040314
525 14.90981579 0 167.721283 11.3240416 0 170.3166885 9.62042888 0 168.544459
525 14.90981579 0 167.721283 10.56150961 0 166.3606415 9.62042888 0 168.544459
523 7.738267422 0 172.9120941 11.3240416 0 170.3166885 9.62042888 0 168.544459
523 7.738267422 0 172.9120941 6.975735426 0 168.9560471 9.62042888 0 168.544459
449 6.21320343 0 165 10.56150961 0 166.3606415 9.62042888 0 168.544459
449 6.21320343 0 165 6.975735426 0 168.9560471 9.62042888 0 168.544459
526 120 0 180 116.130867 0 176.4560471 117.420578 0 174.3040314
526 120 0 180 120 0 175 117.420578 0 174.3040314
527 112.261734 0 172.9120941 116.130867 0 176.4560471 117.420578 0 174.3040314
527 112.261734 0 172.9120941 116.130867 0 171.4560471 117.420578 0 174.3040314
453 120 0 170 120 0 175 117.420578 0 174.3040314
453 120 0 170 116.130867 0 171.4560471 117.420578 0 174.3040314
526 120 0 180 115 0 180 114.0872447 0 177.6373647
526 120 0 180 116.130867 0 176.4560471 114.0872447 0 177.6373647
528 110 0 180 115 0 180 114.0872447 0 177.6373647
528 110 0 180 111.130867 0 176.4560471 114.0872447 0 177.6373647
527 112.261734 0 172.9120941 116.130867 0 176.4560471 114.0872447 0 177.6373647
527 112.261734 0 172.9120941 111.130867 0 176.4560471 114.0872447 0 177.6373647
453 120 0 170 116.130867 0 171.4560471 115.3495102 0 169.3040314
453 120 0 170 116.8933983 0 167.5 115.3495102 0 169.3040314
527 112.261734 0 172.9120941 116.130867 0 171.4560471 115.3495102 0 169.3040314
527 112.261734 0 172.9120941 113.0242653 0 168.9560471 115.3495102 0 169.3040314
452 113.7867966 0 165 116.8933983 0 167.5 115.3495102 0 169.3040314
452 113.7867966 0 165 113.0242653 0 168.9560471 115.3495102 0 169.3040314
529 105.0901871 0 167.721283 109.4384918 0 166.3606415 110.3795726 0 168.544459
529 105.0901871 0 167.721283 108.6759605 0 170.3166885 110.3795726 0 168.544459
452 113.7867966 0 165 109.4384918 0 166.3606415 110.3795726 0 168.544459
452 113.7867966 0 165 113.0242653 0 168.9560471 110.3795726 0 168.544459
527 112.261734 0 172.9120941 108.6759605 0 170.3166885 110.3795726 0 168.544459
527 112.261734 0 172.9120941 113.0242653 0 168.9560471 110.3795726 0 168.544459
530 112.3239594 0 7.071137905 111.1619797 0 3.535568953 114.1079865 0 2.357045968
530 112.3239594 0 7.071137905 116.1619797 0 3.535568953 114.1079865 0 2.357045968
322 110 0 0 111.1619797 0 3.535568953 114.1079865 0 2.357045968
322 110 0 0 115 0 0 114.1079865 0 2.357045968
330 120 0 0 116.1619797 0 3.535568953 114.1079865 0 2.357045968
330 120 0 0 115 0 0 114.1079865 0 2.357045968
456 120 0 10 116.1619797 0 8.535568953 117.4413198 0 5.690379302
456 120 0 10 120 0 5 117.4413198 0 5.690379302
530 112.3239594 0 7.071137905 116.1619797 0 8.535568953 117.4413198 0 5.690379302
530 112.3239594 0 7.071137905 116.1619797 0 3.535568953 117.4413198 0 5.690379302
330 120 0 0 120 0 5 117.4413198 0 5.690379302
330 120 0 0 116.1619797 0 3.535568953 117.4413198 0 5.690379302
456 120 0 10 116.8933983 0 12.5 115.370252 0 10.6903793
456 120 0 10 116.1619797 0 8.535568953 115.370252 0 10.6903793
455 113.7867966 0 15 116.8933983 0 12.5 115.370252 0 10.6903793
455 113.7867966 0 15 113.055378 0 11.03556895 115.370252 0 10.6903793
530 112.3239594 0 7.071137905 116.1619797 0 8.535568953 115.370252 0 10.6903793
530 112.3239594 0 7.071137905 113.055378 0 11.03556895 115.370252 0 10.6903793
530 112.3239594 0 7.071137905 113.055378 0 11.03556895 110.4747823 0 11.44043811
530 112.3239594 0 7.071137905 108.8187752 0 9.660657167 110.4747823 0 11.44043811
455 113.7867966 0 15 113.055378 0 11.03556895 110.4747823 0 11.44043811
455 113.7867966 0 15 109.5501938 0 13.62508821 110.4747823 0 11.44043811
531 105.313591 0 12.25017643 108.8187752 0 9.660657167 110.4747823 0 11.44043811
531 105.313591 0 12.25017643 109.5501938 0 13.62508821 110.4747823 0 11.44043811
532 7.676041126 0 7.071137905 3.838020563 0 8.535568953 2.558680375 0 5.690379302
532 7.676041126 0 7.071137905 3.838020563 0 3.535568953 2.558680375 0 5.690379302
3 0 0 10 3.838020563 0 8.535568953 2.558680375 0 5.690379302
3 0 0 10 0 0 5 2.558680375 0 5.690379302
0 0 0 0 3.838020563 0 3.535568953 2.558680375 0 5.690379302
0 0 0 0 0 0 5 2.558680375 0 5.690379302
307 10 0 0 8.838020563 0 3.535568953 5.892013709 0 2.357045968
307 10 0 0 5 0 0 5.892013709 0 2.357045968
532 7.676041126 0 7.071137905 8.838020563 0 3.535568953 5.892013709 0 2.357045968
532 7.676041126 0 7.071137905 3.838020563 0 3.535568953 5.892013709 0 2.357045968
0 0 0 0 5 0 0 5.892013709 0 2.357045968
0 0 0 0 3.838020563 0 3.535568953 5.892013709 0 2.357045968
3 0 0 10 3.838020563 0 8.535568953 4.629748185 0 10.6903793
3 0 0 10 3.106601715 0 12.5 4.629748185 0 10.6903793
532 7.676041126 0 7.071137905 3.838020563 0 8.535568953 4.629748185 0 10.6903793
532 7.676041126 0 7.071137905 6.944622278 0 11.03556895 4.629748185 0 10.6903793
447 6.21320343 0 15 3.106601715 0 12.5 4.629748185 0 10.6903793
447 6.21320343 0 15 6.944622278 0 11.03556895 4.629748185 0 10.6903793
533 14.68640709 0 12.25017643 10.44980526 0 13.62508821 9.525217215 0 11.44043811
533 14.68640709 0 12.25017643 11.18122411 0 9.660657167 9.525217215 0 11.44043811
447 6.21320343 0 15 10.44980526 0 13.62508821 9.525217215 0 11.44043811
447 6.21320343 0 15 6.944622278 0 11.03556895 9.525217215 0 11.44043811
532 7.676041126 0 7.071137905 11.18122411 0 9.660657167 9.525217215 0 11.44043811
532 7.676041126 0 7.071137905 6.944622278 0 11.03556895 9.525217215 0 11.44043811
534 50.71311569 0 160.4055786 54.72954178 0 160.4767456 53.64493815 0 163.013677
534 50.71311569 0 160.4055786 51.09442329 0 164.2465591 53.64493815 0 163.013677
535 58.74596786 0 160.5479126 54.72954178 0 160.4767456 53.64493815 0 163.013677
535 58.74596786 0 160.5479126 55.11084938 0 164.3177261 53.64493815 0 163.013677
440 51.4757309 0 168.0875397 51.09442329 0 164.2465591 53.64493815 0 163.013677
440 51.4757309 0 168.0875397 55.11084938 0 164.3177261 53.64493815 0 163.013677
534 50.71311569 0 160.4055786 51.09442329 0 164.2465591 48.50350825 0 163.6386515
534 50.71311569 0 160.4055786 47.01739693 0 161.4142075 48.50350825 0 163.6386515
440 51.4757309 0 168.0875397 51.09442329 0 164.2465591 48.50350825 0 163.6386515
440 51.4757309 0 168.0875397 47.39870453 0 165.255188 48.50350825 0 163.6386515
439 43.32167816 0 162.4228363 47.01739693 0 161.4142075 48.50350825 0 163.6386515
439 43.32167816 0 162.4228363 47.39870453 0 165.255188 48.50350825 0 163.6386515
534 50.71311569 0 160.4055786 47.01739693 0 161.4142075 47.34494909 0 158.6886597
534 50.71311569 0 160.4055786 49.35658455 0 156.8215714 47.34494909 0 158.6886597
439 43.32167816 0 162.4228363 47.01739693 0 161.4142075 47.34494909 0 158.6886597
439 43.32167816 0 162.4228363 45.66086578 0 157.8302002 47.34494909 0 158.6886597
394 48.00005341 0 153.2375641 49.35658455 0 156.8215714 47.34494909 0 158.6886597
394 48.00005341 0 153.2375641 45.66086578 0 157.8302002 47.34494909 0 158.6886597
466 51.57639694 0 28.14720535 55.62812996 0 24.12809467 57.23119736 0 25.98611514
466 51.57639694 0 28.14720535 56.00686455 0 28.92468071 57.23119736 0 25.98611514
390 59.67986298 0 20.10898399 55.62812996 0 24.12809467 57.23119736 0 25.98611514
390 59.67986298 0 20.10898399 60.05859756 0 24.90557003 57.23119736 0 25.98611514
536 60.43733215 0 29.70215607 56.00686455 0 28.92468071 57.23119736 0 25.98611514
536 60.43733215 0 29.70215607 60.05859756 0 24.90557003 57.23119736 0 25.98611514
417 56.85445023 0 37.67863083 54.21542358 0 32.91291809 56.28939311 0 31.84266408
417 56.85445023 0 37.67863083 58.64589119 0 33.69039345 56.28939311 0 31.84266408
466 51.57639694 0 28.14720535 54.21542358 0 32.91291809 56.28939311 0 31.84266408
466 51.57639694 0 28.14720535 56.00686455 0 28.92468071 56.28939311 0 31.84266408
536 60.43733215 0 29.70215607 58.64589119 0 33.69039345 56.28939311 0 31.84266408
536 60.43733215 0 29.70215607 56.00686455 0 28.92468071 56.28939311 0 31.84266408
537 88.85474396 0 145.19104 86.61942673 0 148.4577332 83.27942657 0 147.6928253
537 88.85474396 0 145.19104 82.72708511 0 145.6770248 83.27942657 0 147.6928253
490 84.3841095 0 151.7244263 86.61942673 0 148.4577332 83.27942657 0 147.6928253
490 84.3841095 0 151.7244263 80.49176788 0 148.943718 83.27942657 0 147.6928253
364 76.59942627 0 146.1630096 82.72708511 0 145.6770248 83.27942657 0 147.6928253
364 76.59942627 0 146.1630096 80.49176788 0 148.943718 83.27942657 0 147.6928253
537 88.85474396 0 145.19104 82.72708511 0 145.6770248 82.0749766 0 142.467748
537 88.85474396 0 145.19104 84.81275177 0 140.6201172 82.0749766 0 142.467748
364 76.59942627 0 146.1630096 82.72708511 0 145.6770248 82.0749766 0 142.467748
364 76.59942627 0 146.1630096 78.68509293 0 141.106102 82.0749766 0 142.467748
472 80.77075958 0 136.0491943 84.81275177 0 140.6201172 82.0749766 0 142.467748
472 80.77075958 0 136.0491943 78.68509293 0 141.106102 82.0749766 0 142.467748
472 80.77075958 0 136.0491943 86.43335724 0 136.5571594 87.24048615 0 139.4351196
472 80.77075958 0 136.0491943 84.81275177 0 140.6201172 87.24048615 0 139.4351196
430 92.0959549 0 137.0651245 86.43335724 0 136.5571594 87.24048615 0 139.4351196
430 92.0959549 0 137.0651245 90.47534943 0 141.1280823 87.24048615 0 139.4351196
537 88.85474396 0 145.19104 84.81275177 0 140.6201172 87.24048615 0 139.4351196
537 88.85474396 0 145.19104 90.47534943 0 141.1280823 87.24048615 0 139.4351196
538 110 0 120 105.9390068 0 119.8190079 107.2926712 0 116.5460052
538 110 0 120 110 0 115 107.2926712 0 116.5460052
539 101.8780136 0 119.6380157 105.9390068 0 119.8190079 107.2926712 0 116.5460052
539 101.8780136 0 119.6380157 105.9390068 0 114.8190079 107.2926712 0 116.5460052
483 110 0 110 110 0 115 107.2926712 0 116.5460052
483 110 0 110 105.9390068 0 114.8190079 107.2926712 0 116.5460052
426 110 0 130 105.9390068 0 124.8190079 107.2926712 0 123.2126719
426 110 0 130 110 0 125 107.2926712 0 123.2126719
539 101.8780136 0 119.6380157 105.9390068 0 124.8190079 107.2926712 0 123.2126719
539 101.8780136 0 119.6380157 105.9390068 0 119.8190079 107.2926712 0 123.2126719
538 110 0 120 110 0 125 107.2926712 0 123.2126719
538 110 0 120 105.9390068 0 119.8190079 107.2926712 0 123.2126719
426 110 0 130 103.7837372 0 128.8655701 103.148496 0 125.7897186
426 110 0 130 105.9390068 0 124.8190079 103.148496 0 125.7897186
429 97.56747437 0 127.7311401 103.7837372 0 128.8655701 103.148496 0 125.7897186
429 97.56747437 0 127.7311401 99.72274399 0 123.6845779 103.148496 0 125.7897186
539 101.8780136 0 119.6380157 105.9390068 0 124.8190079 103.148496 0 125.7897186
539 101.8780136 0 119.6380157 99.72274399 0 123.6845779 103.148496 0 125.7897186
483 110 0 110 105.9390068 0 114.8190079 104.5184072 0 112.0507177
483 110 0 110 105.838604 0 108.2570686 104.5184072 0 112.0507177
539 101.8780136 0 119.6380157 105.9390068 0 114.8190079 104.5184072 0 112.0507177
539 101.8780136 0 119.6380157 101.7776108 0 113.0760765 104.5184072 0 112.0507177
484 101.6772079 0 106.5141373 105.838604 0 108.2570686 104.5184072 0 112.0507177
484 101.6772079 0 106.5141373 101.7776108 0 113.0760765 104.5184072 0 112.0507177
539 101.8780136 0 119.6380157 99.0780983 0 116.6909981 99.94446818 0 113.2987111
539 101.8780136 0 119.6380157 101.7776108 0 113.0760765 99.94446818 0 113.2987111
540 96.27818298 0 113.7439804 99.0780983 0 116.6909981 99.94446818 0 113.2987111
540 96.27818298 0 113.7439804 98.97769547 0 110.1290588 99.94446818 0 113.2987111
484 101.6772079 0 106.5141373 101.7776108 0 113.0760765 99.94446818 0 113.2987111
484 101.6772079 0 106.5141373 98.97769547 0 110.1290588 99.94446818 0 113.2987111
364 76.59942627 0 146.1630096 71.183815 0 144.7358856 71.57709757 0 142.5227051
364 76.59942627 0 146.1630096 74.48154449 0 142.1296768 71.57709757 0 142.5227051
363 65.76820374 0 143.3087616 71.183815 0 144.7358856 71.57709757 0 142.5227051
363 65.76820374 0 143.3087616 69.06593323 0 140.7025528 71.57709757 0 142.5227051
541 72.36366272 0 138.096344 74.48154449 0 142.1296768 71.57709757 0 142.5227051
541 72.36366272 0 138.096344 69.06593323 0 140.7025528 71.57709757 0 142.5227051
541 72.36366272 0 138.096344 76.56721115 0 137.0727692 76.57794952 0 140.1028493
541 72.36366272 0 138.096344 74.48154449 0 142.1296768 76.57794952 0 140.1028493
472 80.77075958 0 136.0491943 76.56721115 0 137.0727692 76.57794952 0 140.1028493
472 80.77075958 0 136.0491943 78.68509293 0 141.106102 76.57794952 0 140.1028493
364 76.59942627 0 146.1630096 74.48154449 0 142.1296768 76.57794952 0 140.1028493
364 76.59942627 0 146.1630096 78.68509293 0 141.106102 76.57794952 0 140.1028493
541 72.36366272 0 138.096344 72.98100662 0 134.7262802 75.57759094 0 135.1672516
541 72.36366272 0 138.096344 76.56721115 0 137.0727692 75.57759094 0 135.1672516
382 73.59835052 0 131.3562164 72.98100662 0 134.7262802 75.57759094 0 135.1672516
382 73.59835052 0 131.3562164 77.18455505 0 133.7027054 75.57759094 0 135.1672516
472 80.77075958 0 136.0491943 76.56721115 0 137.0727692 75.57759094 0 135.1672516
472 80.77075958 0 136.0491943 77.18455505 0 133.7027054 75.57759094 0 135.1672516
340 7.07106781 1.570092458e-15 157.0710754 12.04594135 7.850462291e-16 157.0606613 12.0491155 5.233641528e-16 158.5778758
340 7.07106781 1.570092458e-15 157.0710754 9.5632658 7.850462291e-16 159.3416901 12.0491155 5.233641528e-16 158.5778758
339 17.0208149 0 157.0502472 12.04594135 7.850462291e-16 157.0606613 12.0491155 5.233641528e-16 158.5778758
339 17.0208149 0 157.0502472 14.53813934 0 159.3312759 12.0491155 5.233641528e-16 158.5778758
542 12.05546379 0 161.6123047 9.5632658 7.850462291e-16 159.3416901 12.0491155 5.233641528e-16 158.5778758
542 12.05546379 0 161.6123047 14.53813934 0 159.3312759 12.0491155 5.233641528e-16 158.5778758
449 6.21320343 0 165 6.64213562 7.850462291e-16 161.0355377 8.446578344 5.233641528e-16 161.2277934
449 6.21320343 0 165 9.134333611 0 163.3061523 8.446578344 5.233641528e-16 161.2277934
340 7.07106781 1.570092458e-15 157.0710754 6.64213562 7.850462291e-16 161.0355377 8.446578344 5.233641528e-16 161.2277934
340 7.07106781 1.570092458e-15 157.0710754 9.5632658 7.850462291e-16 159.3416901 8.446578344 5.233641528e-16 161.2277934
542 12.05546379 0 161.6123047 9.134333611 0 163.3061523 8.446578344 5.233641528e-16 161.2277934
542 12.05546379 0 161.6123047 9.5632658 7.850462291e-16 159.3416901 8.446578344 5.233641528e-16 161.2277934
449 6.21320343 0 165 9.134333611 0 163.3061523 11.05949434 0 164.7778625
449 6.21320343 0 165 10.56150961 0 166.3606415 11.05949434 0 164.7778625
542 12.05546379 0 161.6123047 9.134333611 0 163.3061523 11.05949434 0 164.7778625
542 12.05546379 0 161.6123047 13.48263979 0 164.6667938 11.05949434 0 164.7778625
525 14.90981579 0 167.721283 10.56150961 0 166.3606415 11.05949434 0 164.7778625
525 14.90981579 0 167.721283 13.48263979 0 164.6667938 11.05949434 0 164.7778625
345 103.3182373 0 23.18281746 105.6704483 0 20.78502274 108.0899429 -5.233641528e-16 21.49965922
345 103.3182373 0 23.18281746 108.1235847 -7.850462291e-16 23.05587482 108.0899429 -5.233641528e-16 21.49965922
543 108.0226593 0 18.38722801 105.6704483 0 20.78502274 108.0899429 -5.233641528e-16 21.49965922
543 108.0226593 0 18.38722801 110.4757957 -7.850462291e-16 20.6580801 108.0899429 -5.233641528e-16 21.49965922
346 112.9289322 -1.570092458e-15 22.92893219 108.1235847 -7.850462291e-16 23.05587482 108.0899429 -5.233641528e-16 21.49965922
346 112.9289322 -1.570092458e-15 22.92893219 110.4757957 -7.850462291e-16 20.6580801 108.0899429 -5.233641528e-16 21.49965922
543 108.0226593 0 18.38722801 110.9047279 0 16.69361401 111.5794627 -5.233641528e-16 18.7720534
543 108.0226593 0 18.38722801 110.4757957 -7.850462291e-16 20.6580801 111.5794627 -5.233641528e-16 18.7720534
455 113.7867966 0 15 110.9047279 0 16.69361401 111.5794627 -5.233641528e-16 18.7720534
455 113.7867966 0 15 113.3578644 -7.850462291e-16 18.96446609 111.5794627 -5.233641528e-16 18.7720534
346 112.9289322 -1.570092458e-15 22.92893219 110.4757957 -7.850462291e-16 20.6580801 111.5794627 -5.233641528e-16 18.7720534
346 112.9289322 -1.570092458e-15 22.92893219 113.3578644 -7.850462291e-16 18.96446609 111.5794627 -5.233641528e-16 18.7720534
543 108.0226593 0 18.38722801 106.6681252 0 15.31870222 109.0410156 0 15.21246815
543 108.0226593 0 18.38722801 110.9047279 0 16.69361401 109.0410156 0 15.21246815
531 105.313591 0 12.25017643 106.6681252 0 15.31870222 109.0410156 0 15.21246815
531 105.313591 0 12.25017643 109.5501938 0 13.62508821 109.0410156 0 15.21246815
455 113.7867966 0 15 110.9047279 0 16.69361401 109.0410156 0 15.21246815
455 113.7867966 0 15 109.5501938 0 13.62508821 109.0410156 0 15.21246815
347 16.6817627 0 23.18281746 11.87641525 -7.850462291e-16 23.05587482 11.91005802 -5.233641528e-16 21.49965922
347 16.6817627 0 23.18281746 14.32955313 0 20.78502274 11.91005802 -5.233641528e-16 21.49965922
13 7.07106781 -1.570092458e-15 22.92893219 11.87641525 -7.850462291e-16 23.05587482 11.91005802 -5.233641528e-16 21.49965922
13 7.07106781 -1.570092458e-15 22.92893219 9.524205685 -7.850462291e-16 20.6580801 11.91005802 -5.233641528e-16 21.49965922
544 11.97734356 0 18.38722801 14.32955313 0 20.78502274 11.91005802 -5.233641528e-16 21.49965922
544 11.97734356 0 18.38722801 9.524205685 -7.850462291e-16 20.6580801 11.91005802 -5.233641528e-16 21.49965922
544 11.97734356 0 18.38722801 9.524205685 -7.850462291e-16 20.6580801 8.420538266 -5.233641528e-16 18.7720534
544 11.97734356 0 18.38722801 9.095273495 0 16.69361401 8.420538266 -5.233641528e-16 18.7720534
13 7.07106781 -1.570092458e-15 22.92893219 9.524205685 -7.850462291e-16 20.6580801 8.420538266 -5.233641528e-16 18.7720534
13 7.07106781 -1.570092458e-15 22.92893219 6.64213562 -7.850462291e-16 18.96446609 8.420538266 -5.233641528e-16 18.7720534
447 6.21320343 0 15 9.095273495 0 16.69361401 8.420538266 -5.233641528e-16 18.7720534
447 6.21320343 0 15 6.64213562 -7.850462291e-16 18.96446609 8.420538266 -5.233641528e-16 18.7720534
544 11.97734356 0 18.38722801 9.095273495 0 16.69361401 10.95898469 0 15.21246815
544 11.97734356 0 18.38722801 13.33187532 0 15.31870222 10.95898469 0 15.21246815
447 6.21320343 0 15 9.095273495 0 16.69361401 10.95898469 0 15.21246815
447 6.21320343 0 15 10.44980526 0 13.62508821 10.95898469 0 15.21246815
533 14.68640709 0 12.25017643 13.33187532 0 15.31870222 10.95898469 0 15.21246815
533 14.68640709 0 12.25017643 10.44980526 0 13.62508821 10.95898469 0 15.21246815
408 10 0 80 13.48727322 0 83.0654335 12.32484881 0 85.37695567
408 10 0 80 10 0 85 12.32484881 0 85.37695567
545 16.97454643 0 86.130867 13.48727322 0 83.0654335 12.32484881 0 85.37695567
545 16.97454643 0 86.130867 13.48727322 0 88.0654335 12.32484881 0 85.37695567
383 10 0 90 10 0 85 12.32484881 0 85.37695567
383 10 0 90 13.48727322 0 88.0654335 12.32484881 0 85.37695567
383 10 0 90 13.48727322 0 88.0654335 15.76030286 0 90.41324615
383 10 0 90 15.15318108 0 92.55443573 15.76030286 0 90.41324615
545 16.97454643 0 86.130867 13.48727322 0 88.0654335 15.76030286 0 90.41324615
545 16.97454643 0 86.130867 18.64045429 0 90.61986923 15.76030286 0 90.41324615
384 20.30636215 0 95.10887146 15.15318108 0 92.55443573 15.76030286 0 90.41324615
384 20.30636215 0 95.10887146 18.64045429 0 90.61986923 15.76030286 0 90.41324615
545 16.97454643 0 86.130867 20.79072189 0 86.66181183 20.62926865 0 89.47749837
545 16.97454643 0 86.130867 18.64045429 0 90.61986923 20.62926865 0 89.47749837
411 24.60689735 0 87.19275665 20.79072189 0 86.66181183 20.62926865 0 89.47749837
411 24.60689735 0 87.19275665 22.45662975 0 91.15081406 20.62926865 0 89.47749837
384 20.30636215 0 95.10887146 18.64045429 0 90.61986923 20.62926865 0 89.47749837
384 20.30636215 0 95.10887146 22.45662975 0 91.15081406 20.62926865 0 89.47749837
408 10 0 80 14.97973537 0 79.17636108 15.64467239 0 81.49452972
408 10 0 80 13.48727322 0 83.0654335 15.64467239 0 81.49452972
407 19.95947075 0 78.35272217 14.97973537 0 79.17636108 15.64467239 0 81.49452972
407 19.95947075 0 78.35272217 18.46700859 0 82.24179459 15.64467239 0 81.49452972
545 16.97454643 0 86.130867 13.48727322 0 83.0654335 15.64467239 0 81.49452972
545 16.97454643 0 86.130867 18.46700859 0 82.24179459 15.64467239 0 81.49452972
545 16.97454643 0 86.130867 18.46700859 0 82.24179459 20.51363818 0 83.89211528
545 16.97454643 0 86.130867 20.79072189 0 86.66181183 20.51363818 0 83.89211528
407 19.95947075 0 78.35272217 18.46700859 0 82.24179459 20.51363818 0 83.89211528
407 19.95947075 0 78.35272217 22.28318405 0 82.77273941 20.51363818 0 83.89211528
411 24.60689735 0 87.19275665 20.79072189 0 86.66181183 20.51363818 0 83.89211528
411 24.60689735 0 87.19275665 22.28318405 0 82.77273941 20.51363818 0 83.89211528
546 102.9609528 0 86.26745605 106.4804764 0 83.13372803 107.6536509 0 85.42248535
546 102.9609528 0 86.26745605 106.4804764 0 88.13372803 107.6536509 0 85.42248535
401 110 0 80 106.4804764 0 83.13372803 107.6536509 0 85.42248535
401 110 0 80 110 0 85 107.6536509 0 85.42248535
375 110 0 90 106.4804764 0 88.13372803 107.6536509 0 85.42248535
375 110 0 90 110 0 85 107.6536509 0 85.42248535
546 102.9609528 0 86.26745605 106.4804764 0 88.13372803 104.2145844 0 90.36713409
546 102.9609528 0 86.26745605 101.3218765 0 90.55070114 104.2145844 0 90.36713409
375 110 0 90 106.4804764 0 88.13372803 104.2145844 0 90.36713409
375 110 0 90 104.8414001 0 92.41697311 104.2145844 0 90.36713409
374 99.68280029 0 94.83394623 101.3218765 0 90.55070114 104.2145844 0 90.36713409
374 99.68280029 0 94.83394623 104.8414001 0 92.41697311 104.2145844 0 90.36713409
374 99.68280029 0 94.83394623 97.4499588 0 91.30018997 99.28695679 0 89.622612
374 99.68280029 0 94.83394623 101.3218765 0 90.55070114 99.28695679 0 89.622612
404 95.21711731 0 87.76643372 97.4499588 0 91.30018997 99.28695679 0 89.622612
404 95.21711731 0 87.76643372 99.08903503 0 87.01694489 99.28695679 0 89.622612
546 102.9609528 0 86.26745605 101.3218765 0 90.55070114 99.28695679 0 89.622612
546 102.9609528 0 86.26745605 99.08903503 0 87.01694489 99.28695679 0 89.622612
399 99.90486145 0 78.73690796 104.9524307 0 79.36845398 104.2886047 0 81.66812134
399 99.90486145 0 78.73690796 101.4329071 0 82.50218201 104.2886047 0 81.66812134
401 110 0 80 104.9524307 0 79.36845398 104.2886047 0 81.66812134
401 110 0 80 106.4804764 0 83.13372803 104.2886047 0 81.66812134
546 102.9609528 0 86.26745605 101.4329071 0 82.50218201 104.2886047 0 81.66812134
546 102.9609528 0 86.26745605 106.4804764 0 83.13372803 104.2886047 0 81.66812134
546 102.9609528 0 86.26745605 99.08903503 0 87.01694489 99.36097717 0 84.25693258
546 102.9609528 0 86.26745605 101.4329071 0 82.50218201 99.36097717 0 84.25693258
404 95.21711731 0 87.76643372 99.08903503 0 87.01694489 99.36097717 0 84.25693258
404 95.21711731 0 87.76643372 97.56098938 0 83.25167084 99.36097717 0 84.25693258
399 99.90486145 0 78.73690796 101.4329071 0 82.50218201 99.36097717 0 84.25693258
399 99.90486145 0 78.73690796 97.56098938 0 83.25167084 99.36097717 0 84.25693258
547 107.2677689 0 161.6555328 104.9855957 0 158.6436234 107.6333745 5.233641528e-16 158.1194407
547 107.2677689 0 161.6555328 110.0983505 7.850462291e-16 159.3633041 107.6333745 5.233641528e-16 158.1194407
350 102.7034225 0 155.6317139 104.9855957 0 158.6436234 107.6333745 5.233641528e-16 158.1194407
350 102.7034225 0 155.6317139 107.8161774 7.850462291e-16 156.3513947 107.6333745 5.233641528e-16 158.1194407
349 112.9289322 1.570092458e-15 157.0710754 110.0983505 7.850462291e-16 159.3633041 107.6333745 5.233641528e-16 158.1194407
349 112.9289322 1.570092458e-15 157.0710754 107.8161774 7.850462291e-16 156.3513947 107.6333745 5.233641528e-16 158.1194407
349 112.9289322 1.570092458e-15 157.0710754 113.3578644 7.850462291e-16 161.0355377 111.3278325 5.233641528e-16 161.2422028
349 112.9289322 1.570092458e-15 157.0710754 110.0983505 7.850462291e-16 159.3633041 111.3278325 5.233641528e-16 161.2422028
452 113.7867966 0 165 113.3578644 7.850462291e-16 161.0355377 111.3278325 5.233641528e-16 161.2422028
452 113.7867966 0 165 110.5272827 0 163.3277664 111.3278325 5.233641528e-16 161.2422028
547 107.2677689 0 161.6555328 110.0983505 7.850462291e-16 159.3633041 111.3278325 5.233641528e-16 161.2422028
547 107.2677689 0 161.6555328 110.5272827 0 163.3277664 111.3278325 5.233641528e-16 161.2422028
529 105.0901871 0 167.721283 106.178978 0 164.6884079 108.7149175 0 164.7922719
529 105.0901871 0 167.721283 109.4384918 0 166.3606415 108.7149175 0 164.7922719
547 107.2677689 0 161.6555328 106.178978 0 164.6884079 108.7149175 0 164.7922719
547 107.2677689 0 161.6555328 110.5272827 0 163.3277664 108.7149175 0 164.7922719
452 113.7867966 0 165 109.4384918 0 166.3606415 108.7149175 0 164.7922719
452 113.7867966 0 165 110.5272827 0 163.3277664 108.7149175 0 164.7922719
423 50.23206329 0 117.8357391 50.93730736 0 114.6364365 53.84780121 0 114.9517059
423 50.23206329 0 117.8357391 54.9504261 0 116.708992 53.84780121 0 114.9517059
548 51.64255142 0 111.4371338 50.93730736 0 114.6364365 53.84780121 0 114.9517059
548 51.64255142 0 111.4371338 55.65567017 0 113.5096893 53.84780121 0 114.9517059
380 59.66878891 0 115.5822449 54.9504261 0 116.708992 53.84780121 0 114.9517059
380 59.66878891 0 115.5822449 55.65567017 0 113.5096893 53.84780121 0 114.9517059
548 51.64255142 0 111.4371338 54.33441925 0 108.6013527 56.11254247 0 110.9283168
548 51.64255142 0 111.4371338 55.65567017 0 113.5096893 56.11254247 0 110.9283168
510 57.02628708 0 105.7655716 54.33441925 0 108.6013527 56.11254247 0 110.9283168
510 57.02628708 0 105.7655716 58.34753799 0 110.6739082 56.11254247 0 110.9283168
380 59.66878891 0 115.5822449 55.65567017 0 113.5096893 56.11254247 0 110.9283168
380 59.66878891 0 115.5822449 58.34753799 0 110.6739082 56.11254247 0 110.9283168
549 45.37021255 0 105.4022446 51.19824982 0 105.5839081 51.34635035 0 107.5349833
549 45.37021255 0 105.4022446 48.50638199 0 108.4196892 51.34635035 0 107.5349833
510 57.02628708 0 105.7655716 51.19824982 0 105.5839081 51.34635035 0 107.5349833
510 57.02628708 0 105.7655716 54.33441925 0 108.6013527 51.34635035 0 107.5349833
548 51.64255142 0 111.4371338 48.50638199 0 108.4196892 51.34635035 0 107.5349833
548 51.64255142 0 111.4371338 54.33441925 0 108.6013527 51.34635035 0 107.5349833
550 27.99572563 0 118.5497665 32.28544712 0 114.9430008 33.66758792 0 116.3257395
550 27.99572563 0 118.5497665 32.21379757 0 118.8204918 33.66758792 0 116.3257395
551 36.57516861 0 111.336235 32.28544712 0 114.9430008 33.66758792 0 116.3257395
551 36.57516861 0 111.336235 36.50351906 0 115.213726 33.66758792 0 116.3257395
552 36.43186951 0 119.091217 32.21379757 0 118.8204918 33.66758792 0 116.3257395
552 36.43186951 0 119.091217 36.50351906 0 115.213726 33.66758792 0 116.3257395
550 27.99572563 0 118.5497665 32.21379757 0 118.8204918 32.7215875 0 121.816274
550 27.99572563 0 118.5497665 30.8664465 0 123.1788025 32.7215875 0 121.816274
552 36.43186951 0 119.091217 32.21379757 0 118.8204918 32.7215875 0 121.816274
552 36.43186951 0 119.091217 35.08451843 0 123.4495277 32.7215875 0 121.816274
479 33.73716736 0 127.8078384 30.8664465 0 123.1788025 32.7215875 0 121.816274
479 33.73716736 0 127.8078384 35.08451843 0 123.4495277 32.7215875 0 121.816274
333 20.39638519 0 127.0360641 24.19605541 0 122.7929153 27.37642606 0 124.4645564
333 20.39638519 0 127.0360641 27.06677628 0 127.4219513 27.37642606 0 124.4645564
550 27.99572563 0 118.5497665 24.19605541 0 122.7929153 27.37642606 0 124.4645564
550 27.99572563 0 118.5497665 30.8664465 0 123.1788025 27.37642606 0 124.4645564
479 33.73716736 0 127.8078384 27.06677628 0 127.4219513 27.37642606 0 124.4645564
479 33.73716736 0 127.8078384 30.8664465 0 123.1788025 27.37642606 0 124.4645564
398 75.21970367 0 67.00991821 73.40587616 0 62.07879639 75.38489278 0 61.38030879
398 75.21970367 0 67.00991821 77.28131485 0 63.4966259 75.38489278 0 61.38030879
397 71.59204865 0 57.14767456 73.40587616 0 62.07879639 75.38489278 0 61.38030879
397 71.59204865 0 57.14767456 75.46748734 0 58.56550407 75.38489278 0 61.38030879
553 79.34292603 0 59.98333359 77.28131485 0 63.4966259 75.38489278 0 61.38030879
553 79.34292603 0 59.98333359 75.46748734 0 58.56550407 75.38489278 0 61.38030879
554 86.27010345 0 57.38189697 85.26641846 0 61.89668655 83.29192098 0 61.25890223
554 86.27010345 0 57.38189697 82.80651474 0 58.68261528 83.29192098 0 61.25890223
470 84.26273346 0 66.41147614 85.26641846 0 61.89668655 83.29192098 0 61.25890223
470 84.26273346 0 66.41147614 81.80282974 0 63.19740486 83.29192098 0 61.25890223
553 79.34292603 0 59.98333359 82.80651474 0 58.68261528 83.29192098 0 61.25890223
553 79.34292603 0 59.98333359 81.80282974 0 63.19740486 83.29192098 0 61.25890223
553 79.34292603 0 59.98333359 81.80282974 0 63.19740486 79.60845439 0 64.46824265
553 79.34292603 0 59.98333359 77.28131485 0 63.4966259 79.60845439 0 64.46824265
470 84.26273346 0 66.41147614 81.80282974 0 63.19740486 79.60845439 0 64.46824265
470 84.26273346 0 66.41147614 79.74121857 0 66.71069717 79.60845439 0 64.46824265
398 75.21970367 0 67.00991821 77.28131485 0 63.4966259 79.60845439 0 64.46824265
398 75.21970367 0 67.00991821 79.74121857 0 66.71069717 79.60845439 0 64.46824265
553 79.34292603 0 59.98333359 79.76882553 0 55.81526375 81.93591817 0 56.33747482
553 79.34292603 0 59.98333359 82.80651474 0 58.68261528 81.93591817 0 56.33747482
519 80.19472504 0 51.64719391 79.76882553 0 55.81526375 81.93591817 0 56.33747482
519 80.19472504 0 51.64719391 83.23241425 0 54.51454544 81.93591817 0 56.33747482
554 86.27010345 0 57.38189697 82.80651474 0 58.68261528 81.93591817 0 56.33747482
554 86.27010345 0 57.38189697 83.23241425 0 54.51454544 81.93591817 0 56.33747482
519 80.19472504 0 51.64719391 79.76882553 0 55.81526375 77.04323324 0 56.25940069
519 80.19472504 0 51.64719391 75.89338684 0 54.39743423 77.04323324 0 56.25940069
553 79.34292603 0 59.98333359 79.76882553 0 55.81526375 77.04323324 0 56.25940069
553 79.34292603 0 59.98333359 75.46748734 0 58.56550407 77.04323324 0 56.25940069
397 71.59204865 0 57.14767456 75.89338684 0 54.39743423 77.04323324 0 56.25940069
397 71.59204865 0 57.14767456 75.46748734 0 58.56550407 77.04323324 0 56.25940069
555 91.59241486 0 118.8681183 87.4751091 0 119.9170647 86.51785024 0 117.6565832
555 91.59241486 0 118.8681183 88.09787369 0 116.0018692 86.51785024 0 117.6565832
556 83.35780334 0 120.966011 87.4751091 0 119.9170647 86.51785024 0 117.6565832
556 83.35780334 0 120.966011 83.98056793 0 117.0508156 86.51785024 0 117.6565832
557 84.60333252 0 113.1356201 88.09787369 0 116.0018692 86.51785024 0 117.6565832
557 84.60333252 0 113.1356201 83.98056793 0 117.0508156 86.51785024 0 117.6565832
555 91.59241486 0 118.8681183 89.41876984 0 123.3477669 87.39844767 0 122.5538483
555 91.59241486 0 118.8681183 87.4751091 0 119.9170647 87.39844767 0 122.5538483
471 87.24512482 0 127.8274155 89.41876984 0 123.3477669 87.39844767 0 122.5538483
471 87.24512482 0 127.8274155 85.30146408 0 124.3967133 87.39844767 0 122.5538483
556 83.35780334 0 120.966011 87.4751091 0 119.9170647 87.39844767 0 122.5538483
556 83.35780334 0 120.966011 85.30146408 0 124.3967133 87.39844767 0 122.5538483
429 97.56747437 0 127.7311401 92.40629959 0 127.7792778 92.13500468 0 124.8088913
429 97.56747437 0 127.7311401 94.57994461 0 123.2996292 92.13500468 0 124.8088913
471 87.24512482 0 127.8274155 92.40629959 0 127.7792778 92.13500468 0 124.8088913
471 87.24512482 0 127.8274155 89.41876984 0 123.3477669 92.13500468 0 124.8088913
555 91.59241486 0 118.8681183 94.57994461 0 123.2996292 92.13500468 0 124.8088913
555 91.59241486 0 118.8681183 89.41876984 0 123.3477669 92.13500468 0 124.8088913
539 101.8780136 0 119.6380157 96.73521423 0 119.253067 96.58287048 0 117.4167048
539 101.8780136 0 119.6380157 99.0780983 0 116.6909981 96.58287048 0 117.4167048
555 91.59241486 0 118.8681183 96.73521423 0 119.253067 96.58287048 0 117.4167048
555 91.59241486 0 118.8681183 93.93529892 0 116.3060493 96.58287048 0 117.4167048
540 96.27818298 0 113.7439804 99.0780983 0 116.6909981 96.58287048 0 117.4167048
540 96.27818298 0 113.7439804 93.93529892 0 116.3060493 96.58287048 0 117.4167048
539 101.8780136 0 119.6380157 99.72274399 0 123.6845779 97.01263428 0 122.0790914
539 101.8780136 0 119.6380157 96.73521423 0 119.253067 97.01263428 0 122.0790914
429 97.56747437 0 127.7311401 99.72274399 0 123.6845779 97.01263428 0 122.0790914
429 97.56747437 0 127.7311401 94.57994461 0 123.2996292 97.01263428 0 122.0790914
555 91.59241486 0 118.8681183 96.73521423 0 119.253067 97.01263428 0 122.0790914
555 91.59241486 0 118.8681183 94.57994461 0 123.2996292 97.01263428 0 122.0790914
481 10 0 110 13.87401295 0 114.2623596 12.5826753 0 116.1749064
481 10 0 110 10 0 115 12.5826753 0 116.1749064
558 17.74802589 0 118.5247192 13.87401295 0 114.2623596 12.5826753 0 116.1749064
558 17.74802589 0 118.5247192 13.87401295 0 119.2623596 12.5826753 0 116.1749064
335 10 0 120 10 0 115 12.5826753 0 116.1749064
335 10 0 120 13.87401295 0 119.2623596 12.5826753 0 116.1749064
335 10 0 120 13.87401295 0 119.2623596 16.04813703 0 121.8535945
335 10 0 120 15.1981926 0 123.5180321 16.04813703 0 121.8535945
558 17.74802589 0 118.5247192 13.87401295 0 119.2623596 16.04813703 0 121.8535945
558 17.74802589 0 118.5247192 19.07220554 0 122.7803917 16.04813703 0 121.8535945
333 20.39638519 0 127.0360641 15.1981926 0 123.5180321 16.04813703 0 121.8535945
333 20.39638519 0 127.0360641 19.07220554 0 122.7803917 16.04813703 0 121.8535945
481 10 0 110 14.41721916 0 108.0755424 15.52748807 0 111.5586014
481 10 0 110 13.87401295 0 114.2623596 15.52748807 0 111.5586014
480 18.83443832 0 106.1510849 14.41721916 0 108.0755424 15.52748807 0 111.5586014
480 18.83443832 0 106.1510849 18.29123211 0 112.3379021 15.52748807 0 111.5586014
558 17.74802589 0 118.5247192 13.87401295 0 114.2623596 15.52748807 0 111.5586014
558 17.74802589 0 118.5247192 18.29123211 0 112.3379021 15.52748807 0 111.5586014
558 17.74802589 0 118.5247192 18.29123211 0 112.3379021 20.01525561 0 112.6332118
558 17.74802589 0 118.5247192 20.60566425 0 115.8742752 20.01525561 0 112.6332118
480 18.83443832 0 106.1510849 18.29123211 0 112.3379021 20.01525561 0 112.6332118
480 18.83443832 0 106.1510849 21.14887047 0 109.687458 20.01525561 0 112.6332118
559 23.46330261 0 113.2238312 20.60566425 0 115.8742752 20.01525561 0 112.6332118
559 23.46330261 0 113.2238312 21.14887047 0 109.687458 20.01525561 0 112.6332118
559 23.46330261 0 113.2238312 25.72951412 0 115.8867989 23.06901805 0 116.7661057
559 23.46330261 0 113.2238312 20.60566425 0 115.8742752 23.06901805 0 116.7661057
550 27.99572563 0 118.5497665 25.72951412 0 115.8867989 23.06901805 0 116.7661057
550 27.99572563 0 118.5497665 22.87187576 0 118.5372429 23.06901805 0 116.7661057
558 17.74802589 0 118.5247192 20.60566425 0 115.8742752 23.06901805 0 116.7661057
558 17.74802589 0 118.5247192 22.87187576 0 118.5372429 23.06901805 0 116.7661057
558 17.74802589 0 118.5247192 22.87187576 0 118.5372429 22.04671224 0 121.3701833
558 17.74802589 0 118.5247192 19.07220554 0 122.7803917 22.04671224 0 121.3701833
550 27.99572563 0 118.5497665 22.87187576 0 118.5372429 22.04671224 0 121.3701833
550 27.99572563 0 118.5497665 24.19605541 0 122.7929153 22.04671224 0 121.3701833
333 20.39638519 0 127.0360641 19.07220554 0 122.7803917 22.04671224 0 121.3701833
333 20.39638519 0 127.0360641 24.19605541 0 122.7929153 22.04671224 0 121.3701833
560 58.98109818 0 172.256958 59.49054909 0 176.128479 56.32703273 0 177.418986
560 58.98109818 0 172.256958 54.49054909 0 176.128479 56.32703273 0 177.418986
561 60 0 180 59.49054909 0 176.128479 56.32703273 0 177.418986
561 60 0 180 55 0 180 56.32703273 0 177.418986
438 50 0 180 54.49054909 0 176.128479 56.32703273 0 177.418986
438 50 0 180 55 0 180 56.32703273 0 177.418986
461 70 0 180 65 0 180 62.99369939 0 177.418986
461 70 0 180 64.49054909 0 176.128479 62.99369939 0 177.418986
561 60 0 180 65 0 180 62.99369939 0 177.418986
561 60 0 180 59.49054909 0 176.128479 62.99369939 0 177.418986
560 58.98109818 0 172.256958 64.49054909 0 176.128479 62.99369939 0 177.418986
560 58.98109818 0 172.256958 59.49054909 0 176.128479 62.99369939 0 177.418986
560 58.98109818 0 172.256958 62.78595161 0 170.3319168 65.19063441 0 173.5546112
560 58.98109818 0 172.256958 64.49054909 0 176.128479 65.19063441 0 173.5546112
463 66.59080505 0 168.4068756 62.78595161 0 170.3319168 65.19063441 0 173.5546112
463 66.59080505 0 168.4068756 68.29540253 0 174.2034378 65.19063441 0 173.5546112
461 70 0 180 64.49054909 0 176.128479 65.19063441 0 173.5546112
461 70 0 180 68.29540253 0 174.2034378 65.19063441 0 173.5546112
463 66.59080505 0 168.4068756 62.78595161 0 170.3319168 61.43929036 0 167.0705821
463 66.59080505 0 168.4068756 62.66838646 0 164.4773941 61.43929036 0 167.0705821
560 58.98109818 0 172.256958 62.78595161 0 170.3319168 61.43929036 0 167.0705821
560 58.98109818 0 172.256958 58.86353302 0 166.4024353 61.43929036 0 167.0705821
535 58.74596786 0 160.5479126 62.66838646 0 164.4773941 61.43929036 0 167.0705821
535 58.74596786 0 160.5479126 58.86353302 0 166.4024353 61.43929036 0 167.0705821
560 58.98109818 0 172.256958 54.49054909 0 176.128479 53.48560969 0 173.4481659
560 58.98109818 0 172.256958 55.22841454 0 170.1722488 53.48560969 0 173.4481659
438 50 0 180 54.49054909 0 176.128479 53.48560969 0 173.4481659
438 50 0 180 50.73786545 0 174.0437698 53.48560969 0 173.4481659
440 51.4757309 0 168.0875397 55.22841454 0 170.1722488 53.48560969 0 173.4481659
440 51.4757309 0 168.0875397 50.73786545 0 174.0437698 53.48560969 0 173.4481659
535 58.74596786 0 160.5479126 58.86353302 0 166.4024353 56.40093231 0 166.9641368
535 58.74596786 0 160.5479126 55.11084938 0 164.3177261 56.40093231 0 166.9641368
560 58.98109818 0 172.256958 58.86353302 0 166.4024353 56.40093231 0 166.9641368
560 58.98109818 0 172.256958 55.22841454 0 170.1722488 56.40093231 0 166.9641368
440 51.4757309 0 168.0875397 55.11084938 0 164.3177261 56.40093231 0 166.9641368
440 51.4757309 0 168.0875397 55.22841454 0 170.1722488 56.40093231 0 166.9641368
562 40.69845963 0 154.3488159 37.61506844 0 153.115448 39.24091085 0 150.7694092
562 40.69845963 0 154.3488159 41.59552765 0 150.2130737 39.24091085 0 150.7694092
477 34.53167725 0 151.8820801 37.61506844 0 153.115448 39.24091085 0 150.7694092
477 34.53167725 0 151.8820801 38.51213646 0 148.9797058 39.24091085 0 150.7694092
395 42.49259567 0 146.0773315 41.59552765 0 150.2130737 39.24091085 0 150.7694092
395 42.49259567 0 146.0773315 38.51213646 0 148.9797058 39.24091085 0 150.7694092
562 40.69845963 0 154.3488159 41.59552765 0 150.2130737 43.73036957 0 151.2212372
562 40.69845963 0 154.3488159 44.34925652 0 153.79319 43.73036957 0 151.2212372
395 42.49259567 0 146.0773315 41.59552765 0 150.2130737 43.73036957 0 151.2212372
395 42.49259567 0 146.0773315 45.24632454 0 149.6574478 43.73036957 0 151.2212372
394 48.00005341 0 153.2375641 44.34925652 0 153.79319 43.73036957 0 151.2212372
394 48.00005341 0 153.2375641 45.24632454 0 149.6574478 43.73036957 0 151.2212372
394 48.00005341 0 153.2375641 45.66086578 0 157.8302002 44.0067304 0 156.6697388
394 48.00005341 0 153.2375641 44.34925652 0 153.79319 44.0067304 0 156.6697388
439 43.32167816 0 162.4228363 45.66086578 0 157.8302002 44.0067304 0 156.6697388
439 43.32167816 0 162.4228363 42.01006889 0 158.3858261 44.0067304 0 156.6697388
562 40.69845963 0 154.3488159 44.34925652 0 153.79319 44.0067304 0 156.6697388
562 40.69845963 0 154.3488159 42.01006889 0 158.3858261 44.0067304 0 156.6697388
562 40.69845963 0 154.3488159 42.01006889 0 158.3858261 39.48606491 0 158.9100545
562 40.69845963 0 154.3488159 37.56825829 0 157.1536636 39.48606491 0 158.9100545
439 43.32167816 0 162.4228363 42.01006889 0 158.3858261 39.48606491 0 158.9100545
439 43.32167816 0 162.4228363 38.87986755 0 161.1906738 39.48606491 0 158.9100545
489 34.43805695 0 159.9585114 37.56825829 0 157.1536636 39.48606491 0 158.9100545
489 34.43805695 0 159.9585114 38.87986755 0 161.1906738 39.48606491 0 158.9100545
562 40.69845963 0 154.3488159 37.56825829 0 157.1536636 36.55606461 0 155.3964691
562 40.69845963 0 154.3488159 37.61506844 0 153.115448 36.55606461 0 155.3964691
489 34.43805695 0 159.9585114 37.56825829 0 157.1536636 36.55606461 0 155.3964691
489 34.43805695 0 159.9585114 34.4848671 0 155.9202957 36.55606461 0 155.3964691
477 34.53167725 0 151.8820801 37.61506844 0 153.115448 36.55606461 0 155.3964691
477 34.53167725 0 151.8820801 34.4848671 0 155.9202957 36.55606461 0 155.3964691
381 71.96064758 0 119.2061615 77.65922546 0 120.0860863 77.72061666 0 121.7903239
381 71.96064758 0 119.2061615 74.90202332 0 122.2024803 77.72061666 0 121.7903239
556 83.35780334 0 120.966011 77.65922546 0 120.0860863 77.72061666 0 121.7903239
556 83.35780334 0 120.966011 80.6006012 0 123.0824051 77.72061666 0 121.7903239
563 77.84339905 0 125.1987991 74.90202332 0 122.2024803 77.72061666 0 121.7903239
563 77.84339905 0 125.1987991 80.6006012 0 123.0824051 77.72061666 0 121.7903239
381 71.96064758 0 119.2061615 74.90202332 0 122.2024803 74.46746572 0 125.2537257
381 71.96064758 0 119.2061615 72.77949905 0 125.281189 74.46746572 0 125.2537257
563 77.84339905 0 125.1987991 74.90202332 0 122.2024803 74.46746572 0 125.2537257
563 77.84339905 0 125.1987991 75.72087479 0 128.2775078 74.46746572 0 125.2537257
382 73.59835052 0 131.3562164 72.77949905 0 125.281189 74.46746572 0 125.2537257
382 73.59835052 0 131.3562164 75.72087479 0 128.2775078 74.46746572 0 125.2537257
472 80.77075958 0 136.0491943 77.18455505 0 133.7027054 77.40416972 0 130.86807
472 80.77075958 0 136.0491943 79.30707932 0 130.6239967 77.40416972 0 130.86807
382 73.59835052 0 131.3562164 77.18455505 0 133.7027054 77.40416972 0 130.86807
382 73.59835052 0 131.3562164 75.72087479 0 128.2775078 77.40416972 0 130.86807
563 77.84339905 0 125.1987991 79.30707932 0 130.6239967 77.40416972 0 130.86807
563 77.84339905 0 125.1987991 75.72087479 0 128.2775078 77.40416972 0 130.86807
471 87.24512482 0 127.8274155 82.54426193 0 126.5131073 82.8154424 0 124.6640752
471 87.24512482 0 127.8274155 85.30146408 0 124.3967133 82.8154424 0 124.6640752
563 77.84339905 0 125.1987991 82.54426193 0 126.5131073 82.8154424 0 124.6640752
563 77.84339905 0 125.1987991 80.6006012 0 123.0824051 82.8154424 0 124.6640752
556 83.35780334 0 120.966011 85.30146408 0 124.3967133 82.8154424 0 124.6640752
556 83.35780334 0 120.966011 80.6006012 0 123.0824051 82.8154424 0 124.6640752
472 80.77075958 0 136.0491943 79.30707932 0 130.6239967 81.95309448 0 129.691803
472 80.77075958 0 136.0491943 84.0079422 0 131.9383049 81.95309448 0 129.691803
563 77.84339905 0 125.1987991 79.30707932 0 130.6239967 81.95309448 0 129.691803
563 77.84339905 0 125.1987991 82.54426193 0 126.5131073 81.95309448 0 129.691803
471 87.24512482 0 127.8274155 84.0079422 0 131.9383049 81.95309448 0 129.691803
471 87.24512482 0 127.8274155 82.54426193 0 126.5131073 81.95309448 0 129.691803
554 86.27010345 0 57.38189697 83.23241425 0 54.51454544 85.08669281 0 52.69806544
554 86.27010345 0 57.38189697 87.5326767 0 53.22350121 85.08669281 0 52.69806544
519 80.19472504 0 51.64719391 83.23241425 0 54.51454544 85.08669281 0 52.69806544
519 80.19472504 0 51.64719391 84.49498749 0 50.35614967 85.08669281 0 52.69806544
564 88.79524994 0 49.06510544 87.5326767 0 53.22350121 85.08669281 0 52.69806544
564 88.79524994 0 49.06510544 84.49498749 0 50.35614967 85.08669281 0 52.69806544
519 80.19472504 0 51.64719391 81.44540405 0 46.45279121 83.89535268 0 47.32356262
519 80.19472504 0 51.64719391 84.49498749 0 50.35614967 83.89535268 0 47.32356262
497 82.69608307 0 41.25838852 81.44540405 0 46.45279121 83.89535268 0 47.32356262
497 82.69608307 0 41.25838852 85.7456665 0 45.16174698 83.89535268 0 47.32356262
564 88.79524994 0 49.06510544 84.49498749 0 50.35614967 83.89535268 0 47.32356262
564 88.79524994 0 49.06510544 85.7456665 0 45.16174698 83.89535268 0 47.32356262
433 44.76070404 0 131.2397003 44.06620216 0 127.0224876 47.36457952 0 126.665919
433 44.76070404 0 131.2397003 49.36101913 0 128.596241 47.36457952 0 126.665919
565 43.37170029 0 122.805275 44.06620216 0 127.0224876 47.36457952 0 126.665919
565 43.37170029 0 122.805275 48.66651726 0 124.3790283 47.36457952 0 126.665919
424 53.96133423 0 125.9527817 49.36101913 0 128.596241 47.36457952 0 126.665919
424 53.96133423 0 125.9527817 48.66651726 0 124.3790283 47.36457952 0 126.665919
423 50.23206329 0 117.8357391 52.09669876 0 121.8942604 49.18836594 0 122.1979319
423 50.23206329 0 117.8357391 46.80188179 0 120.320507 49.18836594 0 122.1979319
424 53.96133423 0 125.9527817 52.09669876 0 121.8942604 49.18836594 0 122.1979319
424 53.96133423 0 125.9527817 48.66651726 0 124.3790283 49.18836594 0 122.1979319
565 43.37170029 0 122.805275 46.80188179 0 120.320507 49.18836594 0 122.1979319
565 43.37170029 0 122.805275 48.66651726 0 124.3790283 49.18836594 0 122.1979319
552 36.43186951 0 119.091217 39.9017849 0 120.948246 37.84691238 0 123.2347768
552 36.43186951 0 119.091217 35.08451843 0 123.4495277 37.84691238 0 123.2347768
565 43.37170029 0 122.805275 39.9017849 0 120.948246 37.84691238 0 123.2347768
565 43.37170029 0 122.805275 38.55443382 0 125.3065567 37.84691238 0 123.2347768
479 33.73716736 0 127.8078384 35.08451843 0 123.4495277 37.84691238 0 123.2347768
479 33.73716736 0 127.8078384 38.55443382 0 125.3065567 37.84691238 0 123.2347768
565 43.37170029 0 122.805275 44.06620216 0 127.0224876 40.62319056 0 127.2842712
565 43.37170029 0 122.805275 38.55443382 0 125.3065567 40.62319056 0 127.2842712
433 44.76070404 0 131.2397003 44.06620216 0 127.0224876 40.62319056 0 127.2842712
433 44.76070404 0 131.2397003 39.2489357 0 129.5237694 40.62319056 0 127.2842712
479 33.73716736 0 127.8078384 38.55443382 0 125.3065567 40.62319056 0 127.2842712
479 33.73716736 0 127.8078384 39.2489357 0 129.5237694 40.62319056 0 127.2842712
367 49.3513298 0 57.82374191 47.2340641 0 62.47404671 45.15883255 0 61.39142354
367 49.3513298 0 57.82374191 45.17984962 0 58.52495956 45.15883255 0 61.39142354
369 45.1167984 0 67.1243515 47.2340641 0 62.47404671 45.15883255 0 61.39142354
369 45.1167984 0 67.1243515 43.06258392 0 63.17526436 45.15883255 0 61.39142354
566 41.00836945 0 59.22617722 45.17984962 0 58.52495956 45.15883255 0 61.39142354
566 41.00836945 0 59.22617722 43.06258392 0 63.17526436 45.15883255 0 61.39142354
567 34.95658493 0 55.23533249 37.98247719 0 57.23075485 36.67307663 0 59.52346547
567 34.95658493 0 55.23533249 34.50543022 0 59.6721096 36.67307663 0 59.52346547
566 41.00836945 0 59.22617722 37.98247719 0 57.23075485 36.67307663 0 59.52346547
566 41.00836945 0 59.22617722 37.53132248 0 61.66753197 36.67307663 0 59.52346547
418 34.05427551 0 64.10888672 34.50543022 0 59.6721096 36.67307663 0 59.52346547
418 34.05427551 0 64.10888672 37.53132248 0 61.66753197 36.67307663 0 59.52346547
369 45.1167984 0 67.1243515 39.58553696 0 65.61661911 40.05981445 0 63.48647181
369 45.1167984 0 67.1243515 43.06258392 0 63.17526436 40.05981445 0 63.48647181
418 34.05427551 0 64.10888672 39.58553696 0 65.61661911 40.05981445 0 63.48647181
418 34.05427551 0 64.10888672 37.53132248 0 61.66753197 40.05981445 0 63.48647181
566 41.00836945 0 59.22617722 43.06258392 0 63.17526436 40.05981445 0 63.48647181
566 41.00836945 0 59.22617722 37.53132248 0 61.66753197 40.05981445 0 63.48647181
468 43.4654541 0 43.94316483 38.46632957 0 44.52946281 38.83164597 0 42.51066971
468 43.4654541 0 43.94316483 41.51386642 0 41.20812416 38.83164597 0 42.51066971
568 33.46720505 0 45.1157608 38.46632957 0 44.52946281 38.83164597 0 42.51066971
568 33.46720505 0 45.1157608 36.5147419 0 41.79442215 38.83164597 0 42.51066971
569 39.56227875 0 38.4730835 41.51386642 0 41.20812416 38.83164597 0 42.51066971
569 39.56227875 0 38.4730835 36.5147419 0 41.79442215 38.83164597 0 42.51066971
441 40.63336182 0 30.39490128 44.14217949 0 33.52095413 42.61554591 0 35.17166392
441 40.63336182 0 30.39490128 40.09782028 0 34.43399239 42.61554591 0 35.17166392
467 47.65099716 0 36.64700699 44.14217949 0 33.52095413 42.61554591 0 35.17166392
467 47.65099716 0 36.64700699 43.60663795 0 37.56004524 42.61554591 0 35.17166392
569 39.56227875 0 38.4730835 40.09782028 0 34.43399239 42.61554591 0 35.17166392
569 39.56227875 0 38.4730835 43.60663795 0 37.56004524 42.61554591 0 35.17166392
467 47.65099716 0 36.64700699 45.55822563 0 40.29508591 43.55957667 0 39.68775177
467 47.65099716 0 36.64700699 43.60663795 0 37.56004524 43.55957667 0 39.68775177
468 43.4654541 0 43.94316483 45.55822563 0 40.29508591 43.55957667 0 39.68775177
468 43.4654541 0 43.94316483 41.51386642 0 41.20812416 43.55957667 0 39.68775177
569 39.56227875 0 38.4730835 43.60663795 0 37.56004524 43.55957667 0 39.68775177
569 39.56227875 0 38.4730835 41.51386642 0 41.20812416 43.55957667 0 39.68775177
513 32.59437943 0 36.26457596 36.61387062 0 33.32973862 37.59667333 0 35.04418691
513 32.59437943 0 36.26457596 36.07832909 0 37.36882973 37.59667333 0 35.04418691
441 40.63336182 0 30.39490128 36.61387062 0 33.32973862 37.59667333 0 35.04418691
441 40.63336182 0 30.39490128 40.09782028 0 34.43399239 37.59667333 0 35.04418691
569 39.56227875 0 38.4730835 36.07832909 0 37.36882973 37.59667333 0 35.04418691
569 39.56227875 0 38.4730835 40.09782028 0 34.43399239 37.59667333 0 35.04418691
568 33.46720505 0 45.1157608 33.03079224 0 40.69016838 35.20795441 0 39.95114009
568 33.46720505 0 45.1157608 36.5147419 0 41.79442215 35.20795441 0 39.95114009
513 32.59437943 0 36.26457596 33.03079224 0 40.69016838 35.20795441 0 39.95114009
513 32.59437943 0 36.26457596 36.07832909 0 37.36882973 35.20795441 0 39.95114009
569 39.56227875 0 38.4730835 36.5147419 0 41.79442215 35.20795441 0 39.95114009
569 39.56227875 0 38.4730835 36.07832909 0 37.36882973 35.20795441 0 39.95114009
570 41.95722198 0 51.60438538 38.45690346 0 53.41985893 36.79367065 0 50.65182622
570 41.95722198 0 51.60438538 37.71221352 0 48.36007309 36.79367065 0 50.65182622
567 34.95658493 0 55.23533249 38.45690346 0 53.41985893 36.79367065 0 50.65182622
567 34.95658493 0 55.23533249 34.21189499 0 50.17554665 36.79367065 0 50.65182622
568 33.46720505 0 45.1157608 37.71221352 0 48.36007309 36.79367065 0 50.65182622
568 33.46720505 0 45.1157608 34.21189499 0 50.17554665 36.79367065 0 50.65182622
568 33.46720505 0 45.1157608 38.46632957 0 44.52946281 39.62996038 0 46.88777033
568 33.46720505 0 45.1157608 37.71221352 0 48.36007309 39.62996038 0 46.88777033
468 43.4654541 0 43.94316483 38.46632957 0 44.52946281 39.62996038 0 46.88777033
468 43.4654541 0 43.94316483 42.71133804 0 47.7737751 39.62996038 0 46.88777033
570 41.95722198 0 51.60438538 37.71221352 0 48.36007309 39.62996038 0 46.88777033
570 41.95722198 0 51.60438538 42.71133804 0 47.7737751 39.62996038 0 46.88777033
570 41.95722198 0 51.60438538 42.71133804 0 47.7737751 45.72954814 0 47.49358749
570 41.95722198 0 51.60438538 46.86159515 0 49.26879883 45.72954814 0 47.49358749
468 43.4654541 0 43.94316483 42.71133804 0 47.7737751 45.72954814 0 47.49358749
468 43.4654541 0 43.94316483 47.61571121 0 45.43818855 45.72954814 0 47.49358749
405 51.76596832 0 46.93321228 46.86159515 0 49.26879883 45.72954814 0 47.49358749
405 51.76596832 0 46.93321228 47.61571121 0 45.43818855 45.72954814 0 47.49358749
367 49.3513298 0 57.82374191 45.65427589 0 54.71406364 47.6915067 0 52.12044652
367 49.3513298 0 57.82374191 50.55864906 0 52.3784771 47.6915067 0 52.12044652
570 41.95722198 0 51.60438538 45.65427589 0 54.71406364 47.6915067 0 52.12044652
570 41.95722198 0 51.60438538 46.86159515 0 49.26879883 47.6915067 0 52.12044652
405 51.76596832 0 46.93321228 50.55864906 0 52.3784771 47.6915067 0 52.12044652
405 51.76596832 0 46.93321228 46.86159515 0 49.26879883 47.6915067 0 52.12044652
567 34.95658493 0 55.23533249 38.45690346 0 53.41985893 39.30739212 0 55.35529836
567 34.95658493 0 55.23533249 37.98247719 0 57.23075485 39.30739212 0 55.35529836
570 41.95722198 0 51.60438538 38.45690346 0 53.41985893 39.30739212 0 55.35529836
570 41.95722198 0 51.60438538 41.48279572 0 55.4152813 39.30739212 0 55.35529836
566 41.00836945 0 59.22617722 37.98247719 0 57.23075485 39.30739212 0 55.35529836
566 41.00836945 0 59.22617722 41.48279572 0 55.4152813 39.30739212 0 55.35529836
367 49.3513298 0 57.82374191 45.17984962 0 58.52495956 44.10564041 0 56.2181015
367 49.3513298 0 57.82374191 45.65427589 0 54.71406364 44.10564041 0 56.2181015
566 41.00836945 0 59.22617722 45.17984962 0 58.52495956 44.10564041 0 56.2181015
566 41.00836945 0 59.22617722 41.48279572 0 55.4152813 44.10564041 0 56.2181015
570 41.95722198 0 51.60438538 45.65427589 0 54.71406364 44.10564041 0 56.2181015
570 41.95722198 0 51.60438538 41.48279572 0 55.4152813 44.10564041 0 56.2181015
347 16.6817627 0 23.18281746 21.30493164 0 21.27031708 21.88856951 0 23.31159592
347 16.6817627 0 23.18281746 19.86880398 0 25.28848553 21.88856951 0 23.31159592
358 25.92810059 0 19.3578167 21.30493164 0 21.27031708 21.88856951 0 23.31159592
358 25.92810059 0 19.3578167 24.49197292 0 23.37598515 21.88856951 0 23.31159592
571 23.05584526 0 27.39415359 19.86880398 0 25.28848553 21.88856951 0 23.31159592
571 23.05584526 0 27.39415359 24.49197292 0 23.37598515 21.88856951 0 23.31159592
442 30.73642349 0 27.65150642 26.89613438 0 27.52283001 26.57345645 0 24.80115891
442 30.73642349 0 27.65150642 28.33226204 0 23.50466156 26.57345645 0 24.80115891
571 23.05584526 0 27.39415359 26.89613438 0 27.52283001 26.57345645 0 24.80115891
571 23.05584526 0 27.39415359 24.49197292 0 23.37598515 26.57345645 0 24.80115891
358 25.92810059 0 19.3578167 28.33226204 0 23.50466156 26.57345645 0 24.80115891
358 25.92810059 0 19.3578167 24.49197292 0 23.37598515 26.57345645 0 24.80115891
442 30.73642349 0 27.65150642 27.76170349 0 30.98644924 26.19308408 0 29.78901736
442 30.73642349 0 27.65150642 26.89613438 0 27.52283001 26.19308408 0 29.78901736
505 24.78698349 0 34.32139206 27.76170349 0 30.98644924 26.19308408 0 29.78901736
505 24.78698349 0 34.32139206 23.92141438 0 30.85777283 26.19308408 0 29.78901736
571 23.05584526 0 27.39415359 26.89613438 0 27.52283001 26.19308408 0 29.78901736
571 23.05584526 0 27.39415359 23.92141438 0 30.85777283 26.19308408 0 29.78901736
505 24.78698349 0 34.32139206 20.96646881 0 33.38931465 21.66292763 0 31.39092763
505 24.78698349 0 34.32139206 23.92141438 0 30.85777283 21.66292763 0 31.39092763
460 17.14595413 0 32.45723724 20.96646881 0 33.38931465 21.66292763 0 31.39092763
460 17.14595413 0 32.45723724 20.1008997 0 29.92569542 21.66292763 0 31.39092763
571 23.05584526 0 27.39415359 23.92141438 0 30.85777283 21.66292763 0 31.39092763
571 23.05584526 0 27.39415359 20.1008997 0 29.92569542 21.66292763 0 31.39092763
460 17.14595413 0 32.45723724 16.91385841 0 27.82002735 18.96118736 0 27.67806943
460 17.14595413 0 32.45723724 20.1008997 0 29.92569542 18.96118736 0 27.67806943
347 16.6817627 0 23.18281746 16.91385841 0 27.82002735 18.96118736 0 27.67806943
347 16.6817627 0 23.18281746 19.86880398 0 25.28848553 18.96118736 0 27.67806943
571 23.05584526 0 27.39415359 20.1008997 0 29.92569542 18.96118736 0 27.67806943
571 23.05584526 0 27.39415359 19.86880398 0 25.28848553 18.96118736 0 27.67806943
345 103.3182373 0 23.18281746 100.1094704 0 25.31753254 98.09694672 0 23.33096059
345 103.3182373 0 23.18281746 98.69506836 0 21.27031708 98.09694672 0 23.33096059
572 96.90070343 0 27.45224762 100.1094704 0 25.31753254 98.09694672 0 23.33096059
572 96.90070343 0 27.45224762 95.48630142 0 23.40503216 98.09694672 0 23.33096059
356 94.07189941 0 19.3578167 98.69506836 0 21.27031708 98.09694672 0 23.33096059
356 94.07189941 0 19.3578167 95.48630142 0 23.40503216 98.09694672 0 23.33096059
572 96.90070343 0 27.45224762 93.05244064 0 27.59597397 93.39226023 0 24.84992154
572 96.90070343 0 27.45224762 95.48630142 0 23.40503216 93.39226023 0 24.84992154
443 89.20417786 0 27.73970032 93.05244064 0 27.59597397 93.39226023 0 24.84992154
443 89.20417786 0 27.73970032 91.63803864 0 23.54875851 93.39226023 0 24.84992154
356 94.07189941 0 19.3578167 95.48630142 0 23.40503216 93.39226023 0 24.84992154
356 94.07189941 0 19.3578167 91.63803864 0 23.54875851 93.39226023 0 24.84992154
443 89.20417786 0 27.73970032 93.05244064 0 27.59597397 93.72752889 0 29.89557139
443 89.20417786 0 27.73970032 92.14094162 0 31.11723328 93.72752889 0 29.89557139
572 96.90070343 0 27.45224762 93.05244064 0 27.59597397 93.72752889 0 29.89557139
572 96.90070343 0 27.45224762 95.98920441 0 30.97350693 93.72752889 0 29.89557139
501 95.07770538 0 34.49476624 92.14094162 0 31.11723328 93.72752889 0 29.89557139
501 95.07770538 0 34.49476624 95.98920441 0 30.97350693 93.72752889 0 29.89557139
572 96.90070343 0 27.45224762 99.86610031 0 29.9691906 98.26996867 0 31.47771581
572 96.90070343 0 27.45224762 95.98920441 0 30.97350693 98.26996867 0 31.47771581
458 102.8314972 0 32.48613358 99.86610031 0 29.9691906 98.26996867 0 31.47771581
458 102.8314972 0 32.48613358 98.95460129 0 33.49044991 98.26996867 0 31.47771581
501 95.07770538 0 34.49476624 95.98920441 0 30.97350693 98.26996867 0 31.47771581
501 95.07770538 0 34.49476624 98.95460129 0 33.49044991 98.26996867 0 31.47771581
345 103.3182373 0 23.18281746 103.0748672 0 27.83447552 101.0168126 0 27.70706622
345 103.3182373 0 23.18281746 100.1094704 0 25.31753254 101.0168126 0 27.70706622
458 102.8314972 0 32.48613358 103.0748672 0 27.83447552 101.0168126 0 27.70706622
458 102.8314972 0 32.48613358 99.86610031 0 29.9691906 101.0168126 0 27.70706622
572 96.90070343 0 27.45224762 100.1094704 0 25.31753254 101.0168126 0 27.70706622
572 96.90070343 0 27.45224762 99.86610031 0 29.9691906 101.0168126 0 27.70706622
484 101.6772079 0 106.5141373 96.14075851 0 107.8575096 94.10726166 0 105.5067927
484 101.6772079 0 106.5141373 95.85873795 0 103.6597481 94.10726166 0 105.5067927
573 90.60430908 0 109.200882 96.14075851 0 107.8575096 94.10726166 0 105.5067927
573 90.60430908 0 109.200882 90.32228851 0 105.0031204 94.10726166 0 105.5067927
485 90.04026794 0 100.8053589 95.85873795 0 103.6597481 94.10726166 0 105.5067927
485 90.04026794 0 100.8053589 90.32228851 0 105.0031204 94.10726166 0 105.5067927
540 96.27818298 0 113.7439804 93.44124603 0 111.4724312 96.18656667 0 109.8196665
540 96.27818298 0 113.7439804 98.97769547 0 110.1290588 96.18656667 0 109.8196665
573 90.60430908 0 109.200882 93.44124603 0 111.4724312 96.18656667 0 109.8196665
573 90.60430908 0 109.200882 96.14075851 0 107.8575096 96.18656667 0 109.8196665
484 101.6772079 0 106.5141373 98.97769547 0 110.1290588 96.18656667 0 109.8196665
484 101.6772079 0 106.5141373 96.14075851 0 107.8575096 96.18656667 0 109.8196665
555 91.59241486 0 118.8681183 91.09836197 0 114.0345001 92.82496897 0 113.9376602
555 91.59241486 0 118.8681183 93.93529892 0 116.3060493 92.82496897 0 113.9376602
573 90.60430908 0 109.200882 91.09836197 0 114.0345001 92.82496897 0 113.9376602
573 90.60430908 0 109.200882 93.44124603 0 111.4724312 92.82496897 0 113.9376602
540 96.27818298 0 113.7439804 93.93529892 0 116.3060493 92.82496897 0 113.9376602
540 96.27818298 0 113.7439804 93.44124603 0 111.4724312 92.82496897 0 113.9376602
555 91.59241486 0 118.8681183 88.09787369 0 116.0018692 88.93335215 0 113.7348735
555 91.59241486 0 118.8681183 91.09836197 0 114.0345001 88.93335215 0 113.7348735
557 84.60333252 0 113.1356201 88.09787369 0 116.0018692 88.93335215 0 113.7348735
557 84.60333252 0 113.1356201 87.6038208 0 111.168251 88.93335215 0 113.7348735
573 90.60430908 0 109.200882 91.09836197 0 114.0345001 88.93335215 0 113.7348735
573 90.60430908 0 109.200882 87.6038208 0 111.168251 88.93335215 0 113.7348735
567 34.95658493 0 55.23533249 31.05311012 0 55.09033203 31.85780843 0 51.76547496
567 34.95658493 0 55.23533249 34.21189499 0 50.17554665 31.85780843 0 51.76547496
574 27.14963531 0 54.94533157 31.05311012 0 55.09033203 31.85780843 0 51.76547496
574 27.14963531 0 54.94533157 30.30842018 0 50.03054619 31.85780843 0 51.76547496
568 33.46720505 0 45.1157608 34.21189499 0 50.17554665 31.85780843 0 51.76547496
568 33.46720505 0 45.1157608 30.30842018 0 50.03054619 31.85780843 0 51.76547496
568 33.46720505 0 45.1157608 30.30842018 0 50.03054619 27.8636411 0 49.39531199
568 33.46720505 0 45.1157608 28.220644 0 46.6203022 27.8636411 0 49.39531199
574 27.14963531 0 54.94533157 30.30842018 0 50.03054619 27.8636411 0 49.39531199
574 27.14963531 0 54.94533157 25.06185913 0 51.53508759 27.8636411 0 49.39531199
504 22.97408295 0 48.1248436 28.220644 0 46.6203022 27.8636411 0 49.39531199
504 22.97408295 0 48.1248436 25.06185913 0 51.53508759 27.8636411 0 49.39531199
574 27.14963531 0 54.94533157 31.05311012 0 55.09033203 32.05349859 0 58.09651693
574 27.14963531 0 54.94533157 30.60195541 0 59.52710915 32.05349859 0 58.09651693
567 34.95658493 0 55.23533249 31.05311012 0 55.09033203 32.05349859 0 58.09651693
567 34.95658493 0 55.23533249 34.50543022 0 59.6721096 32.05349859 0 58.09651693
418 34.05427551 0 64.10888672 30.60195541 0 59.52710915 32.05349859 0 58.09651693
418 34.05427551 0 64.10888672 34.50543022 0 59.6721096 32.05349859 0 58.09651693
418 34.05427551 0 64.10888672 28.43095779 0 63.05496979 28.0038503 0 60.35175705
418 34.05427551 0 64.10888672 30.60195541 0 59.52710915 28.0038503 0 60.35175705
419 22.80764008 0 62.00105286 28.43095779 0 63.05496979 28.0038503 0 60.35175705
419 22.80764008 0 62.00105286 24.9786377 0 58.47319221 28.0038503 0 60.35175705
574 27.14963531 0 54.94533157 30.60195541 0 59.52710915 28.0038503 0 60.35175705
574 27.14963531 0 54.94533157 24.9786377 0 58.47319221 28.0038503 0 60.35175705
506 17.34328461 0 54.63497543 20.15868378 0 51.37990952 22.48900096 0 52.56838353
506 17.34328461 0 54.63497543 22.24645996 0 54.7901535 22.48900096 0 52.56838353
504 22.97408295 0 48.1248436 20.15868378 0 51.37990952 22.48900096 0 52.56838353
504 22.97408295 0 48.1248436 25.06185913 0 51.53508759 22.48900096 0 52.56838353
574 27.14963531 0 54.94533157 22.24645996 0 54.7901535 22.48900096 0 52.56838353
574 27.14963531 0 54.94533157 25.06185913 0 51.53508759 22.48900096 0 52.56838353
506 17.34328461 0 54.63497543 22.24645996 0 54.7901535 22.43352 0 57.19378662
506 17.34328461 0 54.63497543 20.07546234 0 58.31801414 22.43352 0 57.19378662
574 27.14963531 0 54.94533157 22.24645996 0 54.7901535 22.43352 0 57.19378662
574 27.14963531 0 54.94533157 24.9786377 0 58.47319221 22.43352 0 57.19378662
419 22.80764008 0 62.00105286 20.07546234 0 58.31801414 22.43352 0 57.19378662
419 22.80764008 0 62.00105286 24.9786377 0 58.47319221 22.43352 0 57.19378662
414 79.49124908 0 95.73818207 84.76575851 0 98.27177048 83.91188558 0 100.7613856
414 79.49124908 0 95.73818207 80.8476944 0 100.739399 83.91188558 0 100.7613856
485 90.04026794 0 100.8053589 84.76575851 0 98.27177048 83.91188558 0 100.7613856
485 90.04026794 0 100.8053589 86.12220383 0 103.2729874 83.91188558 0 100.7613856
575 82.20413971 0 105.7406158 80.8476944 0 100.739399 83.91188558 0 100.7613856
575 82.20413971 0 105.7406158 86.12220383 0 103.2729874 83.91188558 0 100.7613856
575 82.20413971 0 105.7406158 77.64587021 0 104.6694527 78.2609965 0 101.6923625
575 82.20413971 0 105.7406158 80.8476944 0 100.739399 78.2609965 0 101.6923625
415 73.08760071 0 103.5982895 77.64587021 0 104.6694527 78.2609965 0 101.6923625
415 73.08760071 0 103.5982895 76.2894249 0 99.66823578 78.2609965 0 101.6923625
414 79.49124908 0 95.73818207 80.8476944 0 100.739399 78.2609965 0 101.6923625
414 79.49124908 0 95.73818207 76.2894249 0 99.66823578 78.2609965 0 101.6923625
573 90.60430908 0 109.200882 86.4042244 0 107.4707489 87.61623891 0 105.2489522
573 90.60430908 0 109.200882 90.32228851 0 105.0031204 87.61623891 0 105.2489522
575 82.20413971 0 105.7406158 86.4042244 0 107.4707489 87.61623891 0 105.2489522
575 82.20413971 0 105.7406158 86.12220383 0 103.2729874 87.61623891 0 105.2489522
485 90.04026794 0 100.8053589 90.32228851 0 105.0031204 87.61623891 0 105.2489522
485 90.04026794 0 100.8053589 86.12220383 0 103.2729874 87.61623891 0 105.2489522
557 84.60333252 0 113.1356201 83.40373611 0 109.438118 85.8039271 0 109.3590393
557 84.60333252 0 113.1356201 87.6038208 0 111.168251 85.8039271 0 109.3590393
575 82.20413971 0 105.7406158 83.40373611 0 109.438118 85.8039271 0 109.3590393
575 82.20413971 0 105.7406158 86.4042244 0 107.4707489 85.8039271 0 109.3590393
573 90.60430908 0 109.200882 87.6038208 0 111.168251 85.8039271 0 109.3590393
573 90.60430908 0 109.200882 86.4042244 0 107.4707489 85.8039271 0 109.3590393
393 93.80592346 0 161.2394104 98.254673 0 158.4355621 99.05716451 0 160.0117798
393 93.80592346 0 161.2394104 97.23403549 0 162.2018127 99.05716451 0 160.0117798
350 102.7034225 0 155.6317139 98.254673 0 158.4355621 99.05716451 0 160.0117798
350 102.7034225 0 155.6317139 101.682785 0 159.3979645 99.05716451 0 160.0117798
576 100.6621475 0 163.1642151 97.23403549 0 162.2018127 99.05716451 0 160.0117798
576 100.6621475 0 163.1642151 101.682785 0 159.3979645 99.05716451 0 160.0117798
576 100.6621475 0 163.1642151 98.53190231 0 166.8919067 96.95657603 0 165.0077413
576 100.6621475 0 163.1642151 97.23403549 0 162.2018127 96.95657603 0 165.0077413
391 96.4016571 0 170.6195984 98.53190231 0 166.8919067 96.95657603 0 165.0077413
391 96.4016571 0 170.6195984 95.10379028 0 165.9295044 96.95657603 0 165.0077413
393 93.80592346 0 161.2394104 97.23403549 0 162.2018127 96.95657603 0 165.0077413
393 93.80592346 0 161.2394104 95.10379028 0 165.9295044 96.95657603 0 165.0077413
529 105.0901871 0 167.721283 100.7459221 0 169.1704407 100.7179972 0 167.1683655
529 105.0901871 0 167.721283 102.8761673 0 165.442749 100.7179972 0 167.1683655
391 96.4016571 0 170.6195984 100.7459221 0 169.1704407 100.7179972 0 167.1683655
391 96.4016571 0 170.6195984 98.53190231 0 166.8919067 100.7179972 0 167.1683655
576 100.6621475 0 163.1642151 102.8761673 0 165.442749 100.7179972 0 167.1683655
576 100.6621475 0 163.1642151 98.53190231 0 166.8919067 100.7179972 0 167.1683655
576 100.6621475 0 163.1642151 103.9649582 0 162.409874 104.3400345 0 164.1803436
576 100.6621475 0 163.1642151 102.8761673 0 165.442749 104.3400345 0 164.1803436
547 107.2677689 0 161.6555328 103.9649582 0 162.409874 104.3400345 0 164.1803436
547 107.2677689 0 161.6555328 106.178978 0 164.6884079 104.3400345 0 164.1803436
529 105.0901871 0 167.721283 102.8761673 0 165.442749 104.3400345 0 164.1803436
529 105.0901871 0 167.721283 106.178978 0 164.6884079 104.3400345 0 164.1803436
576 100.6621475 0 163.1642151 101.682785 0 159.3979645 103.5444463 0 160.1504873
576 100.6621475 0 163.1642151 103.9649582 0 162.409874 103.5444463 0 160.1504873
350 102.7034225 0 155.6317139 101.682785 0 159.3979645 103.5444463 0 160.1504873
350 102.7034225 0 155.6317139 104.9855957 0 158.6436234 103.5444463 0 160.1504873
547 107.2677689 0 161.6555328 103.9649582 0 162.409874 103.5444463 0 160.1504873
547 107.2677689 0 161.6555328 104.9855957 0 158.6436234 103.5444463 0 160.1504873
445 17.83411407 0 135.5963135 22.55118465 0 136.0170898 22.38128789 0 137.7926839
445 17.83411407 0 135.5963135 19.93780422 0 138.4700928 22.38128789 0 137.7926839
446 27.26825523 0 136.4378662 22.55118465 0 136.0170898 22.38128789 0 137.7926839
446 27.26825523 0 136.4378662 24.6548748 0 138.8908691 22.38128789 0 137.7926839
577 22.04149437 0 141.3438721 19.93780422 0 138.4700928 22.38128789 0 137.7926839
577 22.04149437 0 141.3438721 24.6548748 0 138.8908691 22.38128789 0 137.7926839
577 22.04149437 0 141.3438721 24.6548748 0 138.8908691 26.73123042 0 140.7978719
577 22.04149437 0 141.3438721 26.46271801 0 142.9778748 26.73123042 0 140.7978719
446 27.26825523 0 136.4378662 24.6548748 0 138.8908691 26.73123042 0 140.7978719
446 27.26825523 0 136.4378662 29.07609844 0 140.5248718 26.73123042 0 140.7978719
478 30.88394165 0 144.6118774 26.46271801 0 142.9778748 26.73123042 0 140.7978719
478 30.88394165 0 144.6118774 29.07609844 0 140.5248718 26.73123042 0 140.7978719
578 21.68233681 0 148.6672821 21.86191559 0 145.0055771 24.86925761 0 144.8743439
578 21.68233681 0 148.6672821 26.28313923 0 146.6395798 24.86925761 0 144.8743439
577 22.04149437 0 141.3438721 21.86191559 0 145.0055771 24.86925761 0 144.8743439
577 22.04149437 0 141.3438721 26.46271801 0 142.9778748 24.86925761 0 144.8743439
478 30.88394165 0 144.6118774 26.28313923 0 146.6395798 24.86925761 0 144.8743439
478 30.88394165 0 144.6118774 26.46271801 0 142.9778748 24.86925761 0 144.8743439
507 15.87541199 0 145 18.95845318 0 143.171936 19.86641439 0 145.0037181
507 15.87541199 0 145 18.7788744 0 146.8336411 19.86641439 0 145.0037181
577 22.04149437 0 141.3438721 18.95845318 0 143.171936 19.86641439 0 145.0037181
577 22.04149437 0 141.3438721 21.86191559 0 145.0055771 19.86641439 0 145.0037181
578 21.68233681 0 148.6672821 18.7788744 0 146.8336411 19.86641439 0 145.0037181
578 21.68233681 0 148.6672821 21.86191559 0 145.0055771 19.86641439 0 145.0037181
445 17.83411407 0 135.5963135 19.93780422 0 138.4700928 18.58367348 0 140.6467285
445 17.83411407 0 135.5963135 16.85476303 0 140.2981567 18.58367348 0 140.6467285
577 22.04149437 0 141.3438721 19.93780422 0 138.4700928 18.58367348 0 140.6467285
577 22.04149437 0 141.3438721 18.95845318 0 143.171936 18.58367348 0 140.6467285
507 15.87541199 0 145 16.85476303 0 140.2981567 18.58367348 0 140.6467285
507 15.87541199 0 145 18.95845318 0 143.171936 18.58367348 0 140.6467285
494 102.6369858 0 54.79268265 98.36321259 0 55.32379532 98.25217438 0 53.06031926
494 102.6369858 0 54.79268265 100.3335419 0 51.6630249 98.25217438 0 53.06031926
579 94.08943939 0 55.85490799 98.36321259 0 55.32379532 98.25217438 0 53.06031926
579 94.08943939 0 55.85490799 96.05976868 0 52.19413757 98.25217438 0 53.06031926
496 98.03009796 0 48.53336716 100.3335419 0 51.6630249 98.25217438 0 53.06031926
496 98.03009796 0 48.53336716 96.05976868 0 52.19413757 98.25217438 0 53.06031926
476 99.66145325 0 61.1517067 96.87544632 0 58.50330734 98.79595947 0 57.26643244
476 99.66145325 0 61.1517067 101.1492195 0 57.97219467 98.79595947 0 57.26643244
579 94.08943939 0 55.85490799 96.87544632 0 58.50330734 98.79595947 0 57.26643244
579 94.08943939 0 55.85490799 98.36321259 0 55.32379532 98.79595947 0 57.26643244
494 102.6369858 0 54.79268265 101.1492195 0 57.97219467 98.79595947 0 57.26643244
494 102.6369858 0 54.79268265 98.36321259 0 55.32379532 98.79595947 0 57.26643244
564 88.79524994 0 49.06510544 91.44234467 0 52.46000671 89.71826426 0 54.1006368
564 88.79524994 0 49.06510544 87.5326767 0 53.22350121 89.71826426 0 54.1006368
579 94.08943939 0 55.85490799 91.44234467 0 52.46000671 89.71826426 0 54.1006368
579 94.08943939 0 55.85490799 90.17977142 0 56.61840248 89.71826426 0 54.1006368
554 86.27010345 0 57.38189697 87.5326767 0 53.22350121 89.71826426 0 54.1006368
554 86.27010345 0 57.38189697 90.17977142 0 56.61840248 89.71826426 0 54.1006368
579 94.08943939 0 55.85490799 91.44234467 0 52.46000671 93.63826243 0 51.15112686
579 94.08943939 0 55.85490799 96.05976868 0 52.19413757 93.63826243 0 51.15112686
564 88.79524994 0 49.06510544 91.44234467 0 52.46000671 93.63826243 0 51.15112686
564 88.79524994 0 49.06510544 93.41267395 0 48.7992363 93.63826243 0 51.15112686
496 98.03009796 0 48.53336716 96.05976868 0 52.19413757 93.63826243 0 51.15112686
496 98.03009796 0 48.53336716 93.41267395 0 48.7992363 93.63826243 0 51.15112686
388 26.19488525 0 161.2554321 22.89580059 0 162.2727661 20.93747203 0 160.5319265
388 26.19488525 0 161.2554321 21.60785007 0 159.1528397 20.93747203 0 160.5319265
580 19.59671593 0 163.2901001 22.89580059 0 162.2727661 20.93747203 0 160.5319265
580 19.59671593 0 163.2901001 18.30876541 0 160.1701736 20.93747203 0 160.5319265
339 17.0208149 0 157.0502472 21.60785007 0 159.1528397 20.93747203 0 160.5319265
339 17.0208149 0 157.0502472 18.30876541 0 160.1701736 20.93747203 0 160.5319265
388 26.19488525 0 161.2554321 25.02062511 0 165.9630356 23.21265539 0 165.0720571
388 26.19488525 0 161.2554321 22.89580059 0 162.2727661 23.21265539 0 165.0720571
386 23.84636497 0 170.670639 25.02062511 0 165.9630356 23.21265539 0 165.0720571
386 23.84636497 0 170.670639 21.72154045 0 166.9803696 23.21265539 0 165.0720571
580 19.59671593 0 163.2901001 22.89580059 0 162.2727661 23.21265539 0 165.0720571
580 19.59671593 0 163.2901001 21.72154045 0 166.9803696 23.21265539 0 165.0720571
386 23.84636497 0 170.670639 19.37809038 0 169.195961 19.45096556 0 167.2273407
386 23.84636497 0 170.670639 21.72154045 0 166.9803696 19.45096556 0 167.2273407
525 14.90981579 0 167.721283 19.37809038 0 169.195961 19.45096556 0 167.2273407
525 14.90981579 0 167.721283 17.25326586 0 165.5056915 19.45096556 0 167.2273407
580 19.59671593 0 163.2901001 21.72154045 0 166.9803696 19.45096556 0 167.2273407
580 19.59671593 0 163.2901001 17.25326586 0 165.5056915 19.45096556 0 167.2273407
580 19.59671593 0 163.2901001 17.25326586 0 165.5056915 15.52066517 0 164.2078959
580 19.59671593 0 163.2901001 15.82608986 0 162.4512024 15.52066517 0 164.2078959
525 14.90981579 0 167.721283 17.25326586 0 165.5056915 15.52066517 0 164.2078959
525 14.90981579 0 167.721283 13.48263979 0 164.6667938 15.52066517 0 164.2078959
542 12.05546379 0 161.6123047 15.82608986 0 162.4512024 15.52066517 0 164.2078959
542 12.05546379 0 161.6123047 13.48263979 0 164.6667938 15.52066517 0 164.2078959
580 19.59671593 0 163.2901001 15.82608986 0 162.4512024 16.22433154 0 160.650884
580 19.59671593 0 163.2901001 18.30876541 0 160.1701736 16.22433154 0 160.650884
542 12.05546379 0 161.6123047 15.82608986 0 162.4512024 16.22433154 0 160.650884
542 12.05546379 0 161.6123047 14.53813934 0 159.3312759 16.22433154 0 160.650884
339 17.0208149 0 157.0502472 18.30876541 0 160.1701736 16.22433154 0 160.650884
339 17.0208149 0 157.0502472 14.53813934 0 159.3312759 16.22433154 0 160.650884
388 26.19488525 0 161.2554321 21.60785007 0 159.1528397 23.40009562 0 157.425649
388 26.19488525 0 161.2554321 26.58973598 0 157.6133499 23.40009562 0 157.425649
339 17.0208149 0 157.0502472 21.60785007 0 159.1528397 23.40009562 0 157.425649
339 17.0208149 0 157.0502472 22.00270081 0 155.5107574 23.40009562 0 157.425649
581 26.98458672 0 153.9712677 26.58973598 0 157.6133499 23.40009562 0 157.425649
581 26.98458672 0 153.9712677 22.00270081 0 155.5107574 23.40009562 0 157.425649
339 17.0208149 0 157.0502472 19.35157585 0 152.8587646 21.89591281 0 153.229599
339 17.0208149 0 157.0502472 22.00270081 0 155.5107574 21.89591281 0 153.229599
578 21.68233681 0 148.6672821 19.35157585 0 152.8587646 21.89591281 0 153.229599
578 21.68233681 0 148.6672821 24.33346176 0 151.3192749 21.89591281 0 153.229599
581 26.98458672 0 153.9712677 22.00270081 0 155.5107574 21.89591281 0 153.229599
581 26.98458672 0 153.9712677 24.33346176 0 151.3192749 21.89591281 0 153.229599
581 26.98458672 0 153.9712677 24.33346176 0 151.3192749 26.51695506 0 149.0834757
581 26.98458672 0 153.9712677 28.93426418 0 149.2915726 26.51695506 0 149.0834757
578 21.68233681 0 148.6672821 24.33346176 0 151.3192749 26.51695506 0 149.0834757
578 21.68233681 0 148.6672821 26.28313923 0 146.6395798 26.51695506 0 149.0834757
478 30.88394165 0 144.6118774 28.93426418 0 149.2915726 26.51695506 0 149.0834757
478 30.88394165 0 144.6118774 26.28313923 0 146.6395798 26.51695506 0 149.0834757
581 26.98458672 0 153.9712677 28.93426418 0 149.2915726 30.80006854 0 150.1550751
581 26.98458672 0 153.9712677 30.75813198 0 152.9266739 30.80006854 0 150.1550751
478 30.88394165 0 144.6118774 28.93426418 0 149.2915726 30.80006854 0 150.1550751
478 30.88394165 0 144.6118774 32.70780945 0 148.2469788 30.80006854 0 150.1550751
477 34.53167725 0 151.8820801 30.75813198 0 152.9266739 30.80006854 0 150.1550751
477 34.53167725 0 151.8820801 32.70780945 0 148.2469788 30.80006854 0 150.1550751
388 26.19488525 0 161.2554321 26.58973598 0 157.6133499 29.20584297 0 158.3950704
388 26.19488525 0 161.2554321 30.3164711 0 160.6069717 29.20584297 0 158.3950704
581 26.98458672 0 153.9712677 26.58973598 0 157.6133499 29.20584297 0 158.3950704
581 26.98458672 0 153.9712677 30.71132183 0 156.9648895 29.20584297 0 158.3950704
489 34.43805695 0 159.9585114 30.3164711 0 160.6069717 29.20584297 0 158.3950704
489 34.43805695 0 159.9585114 30.71132183 0 156.9648895 29.20584297 0 158.3950704
477 34.53167725 0 151.8820801 34.4848671 0 155.9202957 31.98477364 0 155.2706197
477 34.53167725 0 151.8820801 30.75813198 0 152.9266739 31.98477364 0 155.2706197
489 34.43805695 0 159.9585114 34.4848671 0 155.9202957 31.98477364 0 155.2706197
489 34.43805695 0 159.9585114 30.71132183 0 156.9648895 31.98477364 0 155.2706197
581 26.98458672 0 153.9712677 30.75813198 0 152.9266739 31.98477364 0 155.2706197
581 26.98458672 0 153.9712677 30.71132183 0 156.9648895 31.98477364 0 155.2706197
393 93.80592346 0 161.2394104 93.07439041 0 157.5232544 96.28406779 0 156.8927409
393 93.80592346 0 161.2394104 98.254673 0 158.4355621 96.28406779 0 156.8927409
582 92.34285736 0 153.8070984 93.07439041 0 157.5232544 96.28406779 0 156.8927409
582 92.34285736 0 153.8070984 97.52313995 0 154.7194061 96.28406779 0 156.8927409
350 102.7034225 0 155.6317139 98.254673 0 158.4355621 96.28406779 0 156.8927409
350 102.7034225 0 155.6317139 97.52313995 0 154.7194061 96.28406779 0 156.8927409
509 97.69693756 0 149.1626892 100.2001801 0 152.3972015 97.58107249 0 152.8671672
509 97.69693756 0 149.1626892 95.01989746 0 151.4848938 97.58107249 0 152.8671672
350 102.7034225 0 155.6317139 100.2001801 0 152.3972015 97.58107249 0 152.8671672
350 102.7034225 0 155.6317139 97.52313995 0 154.7194061 97.58107249 0 152.8671672
582 92.34285736 0 153.8070984 95.01989746 0 151.4848938 97.58107249 0 152.8671672
582 92.34285736 0 153.8070984 97.52313995 0 154.7194061 97.58107249 0 152.8671672
582 92.34285736 0 153.8070984 93.07439041 0 157.5232544 90.32156118 0 157.984904
582 92.34285736 0 153.8070984 88.57938004 0 156.3576508 90.32156118 0 157.984904
393 93.80592346 0 161.2394104 93.07439041 0 157.5232544 90.32156118 0 157.984904
393 93.80592346 0 161.2394104 89.31091309 0 160.0738068 90.32156118 0 157.984904
465 84.81590271 0 158.9082031 88.57938004 0 156.3576508 90.32156118 0 157.984904
465 84.81590271 0 158.9082031 89.31091309 0 160.0738068 90.32156118 0 157.984904
582 92.34285736 0 153.8070984 88.57938004 0 156.3576508 87.18095652 0 154.8132426
582 92.34285736 0 153.8070984 88.36348343 0 152.7657623 87.18095652 0 154.8132426
465 84.81590271 0 158.9082031 88.57938004 0 156.3576508 87.18095652 0 154.8132426
465 84.81590271 0 158.9082031 84.6000061 0 155.3163147 87.18095652 0 154.8132426
490 84.3841095 0 151.7244263 88.36348343 0 152.7657623 87.18095652 0 154.8132426
490 84.3841095 0 151.7244263 84.6000061 0 155.3163147 87.18095652 0 154.8132426
582 92.34285736 0 153.8070984 90.59880066 0 149.4990692 92.96484629 0 149.3869425
582 92.34285736 0 153.8070984 95.01989746 0 151.4848938 92.96484629 0 149.3869425
537 88.85474396 0 145.19104 90.59880066 0 149.4990692 92.96484629 0 149.3869425
537 88.85474396 0 145.19104 93.27584076 0 147.1768646 92.96484629 0 149.3869425
509 97.69693756 0 149.1626892 95.01989746 0 151.4848938 92.96484629 0 149.3869425
509 97.69693756 0 149.1626892 93.27584076 0 147.1768646 92.96484629 0 149.3869425
582 92.34285736 0 153.8070984 88.36348343 0 152.7657623 88.52723694 0 150.2408549
582 92.34285736 0 153.8070984 90.59880066 0 149.4990692 88.52723694 0 150.2408549
490 84.3841095 0 151.7244263 88.36348343 0 152.7657623 88.52723694 0 150.2408549
490 84.3841095 0 151.7244263 86.61942673 0 148.4577332 88.52723694 0 150.2408549
537 88.85474396 0 145.19104 90.59880066 0 149.4990692 88.52723694 0 150.2408549
537 88.85474396 0 145.19104 86.61942673 0 148.4577332 88.52723694 0 150.2408549
347 16.6817627 0 23.18281746 18.07626343 0 20.05842876 20.69354248 0 19.82489141
347 16.6817627 0 23.18281746 21.30493164 0 21.27031708 20.69354248 0 19.82489141
583 19.47076416 0 16.93404007 18.07626343 0 20.05842876 20.69354248 0 19.82489141
583 19.47076416 0 16.93404007 22.69943237 0 18.14592838 20.69354248 0 19.82489141
358 25.92810059 0 19.3578167 21.30493164 0 21.27031708 20.69354248 0 19.82489141
358 25.92810059 0 19.3578167 22.69943237 0 18.14592838 20.69354248 0 19.82489141
583 19.47076416 0 16.93404007 21.61941814 0 13.15172195 23.05564562 0 15.2204202
583 19.47076416 0 16.93404007 22.69943237 0 18.14592838 23.05564562 0 15.2204202
378 23.76807213 0 9.369403839 21.61941814 0 13.15172195 23.05564562 0 15.2204202
378 23.76807213 0 9.369403839 24.84808636 0 14.36361027 23.05564562 0 15.2204202
358 25.92810059 0 19.3578167 22.69943237 0 18.14592838 23.05564562 0 15.2204202
358 25.92810059 0 19.3578167 24.84808636 0 14.36361027 23.05564562 0 15.2204202
533 14.68640709 0 12.25017643 19.22723961 0 10.80979013 19.30841446 0 12.85120678
533 14.68640709 0 12.25017643 17.07858562 0 14.59210825 19.30841446 0 12.85120678
378 23.76807213 0 9.369403839 19.22723961 0 10.80979013 19.30841446 0 12.85120678
378 23.76807213 0 9.369403839 21.61941814 0 13.15172195 19.30841446 0 12.85120678
583 19.47076416 0 16.93404007 17.07858562 0 14.59210825 19.30841446 0 12.85120678
583 19.47076416 0 16.93404007 21.61941814 0 13.15172195 19.30841446 0 12.85120678
583 19.47076416 0 16.93404007 15.72405386 0 17.66063404 15.3781716 0 15.85714817
583 19.47076416 0 16.93404007 17.07858562 0 14.59210825 15.3781716 0 15.85714817
544 11.97734356 0 18.38722801 15.72405386 0 17.66063404 15.3781716 0 15.85714817
544 11.97734356 0 18.38722801 13.33187532 0 15.31870222 15.3781716 0 15.85714817
533 14.68640709 0 12.25017643 17.07858562 0 14.59210825 15.3781716 0 15.85714817
533 14.68640709 0 12.25017643 13.33187532 0 15.31870222 15.3781716 0 15.85714817
347 16.6817627 0 23.18281746 14.32955313 0 20.78502274 16.04329014 0 19.50136185
347 16.6817627 0 23.18281746 18.07626343 0 20.05842876 16.04329014 0 19.50136185
544 11.97734356 0 18.38722801 14.32955313 0 20.78502274 16.04329014 0 19.50136185
544 11.97734356 0 18.38722801 15.72405386 0 17.66063404 16.04329014 0 19.50136185
583 19.47076416 0 16.93404007 18.07626343 0 20.05842876 16.04329014 0 19.50136185
583 19.47076416 0 16.93404007 15.72405386 0 17.66063404 16.04329014 0 19.50136185
356 94.07189941 0 19.3578167 97.30056763 0 18.14592838 99.30645752 0 19.82489141
356 94.07189941 0 19.3578167 98.69506836 0 21.27031708 99.30645752 0 19.82489141
584 100.5292358 0 16.93404007 97.30056763 0 18.14592838 99.30645752 0 19.82489141
584 100.5292358 0 16.93404007 101.9237366 0 20.05842876 99.30645752 0 19.82489141
345 103.3182373 0 23.18281746 98.69506836 0 21.27031708 99.30645752 0 19.82489141
345 103.3182373 0 23.18281746 101.9237366 0 20.05842876 99.30645752 0 19.82489141
356 94.07189941 0 19.3578167 95.15093994 0 14.36248207 96.94370524 0 15.21966807
356 94.07189941 0 19.3578167 97.30056763 0 18.14592838 96.94370524 0 15.21966807
377 96.22998047 0 9.367147446 95.15093994 0 14.36248207 96.94370524 0 15.21966807
377 96.22998047 0 9.367147446 98.37960815 0 13.15059376 96.94370524 0 15.21966807
584 100.5292358 0 16.93404007 97.30056763 0 18.14592838 96.94370524 0 15.21966807
584 100.5292358 0 16.93404007 98.37960815 0 13.15059376 96.94370524 0 15.21966807
584 100.5292358 0 16.93404007 98.37960815 0 13.15059376 100.6909358 0 12.85045465
584 100.5292358 0 16.93404007 102.9214134 0 14.59210825 100.6909358 0 12.85045465
377 96.22998047 0 9.367147446 98.37960815 0 13.15059376 100.6909358 0 12.85045465
377 96.22998047 0 9.367147446 100.7717857 0 10.80866194 100.6909358 0 12.85045465
531 105.313591 0 12.25017643 102.9214134 0 14.59210825 100.6909358 0 12.85045465
531 105.313591 0 12.25017643 100.7717857 0 10.80866194 100.6909358 0 12.85045465
584 100.5292358 0 16.93404007 102.9214134 0 14.59210825 104.6218287 0 15.85714817
584 100.5292358 0 16.93404007 104.2759476 0 17.66063404 104.6218287 0 15.85714817
531 105.313591 0 12.25017643 102.9214134 0 14.59210825 104.6218287 0 15.85714817
531 105.313591 0 12.25017643 106.6681252 0 15.31870222 104.6218287 0 15.85714817
543 108.0226593 0 18.38722801 104.2759476 0 17.66063404 104.6218287 0 15.85714817
543 108.0226593 0 18.38722801 106.6681252 0 15.31870222 104.6218287 0 15.85714817
345 103.3182373 0 23.18281746 101.9237366 0 20.05842876 103.9567108 0 19.50136185
345 103.3182373 0 23.18281746 105.6704483 0 20.78502274 103.9567108 0 19.50136185
584 100.5292358 0 16.93404007 101.9237366 0 20.05842876 103.9567108 0 19.50136185
584 100.5292358 0 16.93404007 104.2759476 0 17.66063404 103.9567108 0 19.50136185
543 108.0226593 0 18.38722801 105.6704483 0 20.78502274 103.9567108 0 19.50136185
543 108.0226593 0 18.38722801 104.2759476 0 17.66063404 103.9567108 0 19.50136185
585 66.17242432 0 38.68897247 64.42017555 0 42.28345299 61.89826711 0 40.74851227
585 66.17242432 0 38.68897247 61.51343727 0 38.18380165 61.89826711 0 40.74851227
416 62.66792679 0 45.8779335 64.42017555 0 42.28345299 61.89826711 0 40.74851227
416 62.66792679 0 45.8779335 59.76118851 0 41.77828217 61.89826711 0 40.74851227
417 56.85445023 0 37.67863083 61.51343727 0 38.18380165 61.89826711 0 40.74851227
417 56.85445023 0 37.67863083 59.76118851 0 41.77828217 61.89826711 0 40.74851227
416 62.66792679 0 45.8779335 64.42017555 0 42.28345299 67.19064713 0 43.32682165
416 62.66792679 0 45.8779335 67.69975853 0 45.64574623 67.19064713 0 43.32682165
585 66.17242432 0 38.68897247 64.42017555 0 42.28345299 67.19064713 0 43.32682165
585 66.17242432 0 38.68897247 69.45200729 0 42.05126572 67.19064713 0 43.32682165
499 72.73159027 0 45.41355896 67.69975853 0 45.64574623 67.19064713 0 43.32682165
499 72.73159027 0 45.41355896 69.45200729 0 42.05126572 67.19064713 0 43.32682165
585 66.17242432 0 38.68897247 69.87581635 0 37.93673515 70.82774099 0 40.42900976
585 66.17242432 0 38.68897247 69.45200729 0 42.05126572 70.82774099 0 40.42900976
498 73.57920837 0 37.18449783 69.87581635 0 37.93673515 70.82774099 0 40.42900976
498 73.57920837 0 37.18449783 73.15539932 0 41.2990284 70.82774099 0 40.42900976
499 72.73159027 0 45.41355896 69.45200729 0 42.05126572 70.82774099 0 40.42900976
499 72.73159027 0 45.41355896 73.15539932 0 41.2990284 70.82774099 0 40.42900976
585 66.17242432 0 38.68897247 67.42986298 0 34.89412308 69.47964478 0 35.65758133
585 66.17242432 0 38.68897247 69.87581635 0 37.93673515 69.47964478 0 35.65758133
435 68.68730164 0 31.09927368 67.42986298 0 34.89412308 69.47964478 0 35.65758133
435 68.68730164 0 31.09927368 71.133255 0 34.14188576 69.47964478 0 35.65758133
498 73.57920837 0 37.18449783 69.87581635 0 37.93673515 69.47964478 0 35.65758133
498 73.57920837 0 37.18449783 71.133255 0 34.14188576 69.47964478 0 35.65758133
417 56.85445023 0 37.67863083 58.64589119 0 33.69039345 61.15473557 0 35.35658646
417 56.85445023 0 37.67863083 61.51343727 0 38.18380165 61.15473557 0 35.35658646
536 60.43733215 0 29.70215607 58.64589119 0 33.69039345 61.15473557 0 35.35658646
536 60.43733215 0 29.70215607 63.30487823 0 34.19556427 61.15473557 0 35.35658646
585 66.17242432 0 38.68897247 61.51343727 0 38.18380165 61.15473557 0 35.35658646
585 66.17242432 0 38.68897247 63.30487823 0 34.19556427 61.15473557 0 35.35658646
435 68.68730164 0 31.09927368 67.42986298 0 34.89412308 65.09901937 0 33.16346741
435 68.68730164 0 31.09927368 64.56231689 0 30.40071487 65.09901937 0 33.16346741
585 66.17242432 0 38.68897247 67.42986298 0 34.89412308 65.09901937 0 33.16346741
585 66.17242432 0 38.68897247 63.30487823 0 34.19556427 65.09901937 0 33.16346741
536 60.43733215 0 29.70215607 64.56231689 0 30.40071487 65.09901937 0 33.16346741
536 60.43733215 0 29.70215607 63.30487823 0 34.19556427 65.09901937 0 33.16346741
501 95.07770538 0 34.49476624 98.2296524 0 37.76547432 96.24503835 0 39.04495239
501 95.07770538 0 34.49476624 93.67675781 0 38.04933739 96.24503835 0 39.04495239
500 101.3815994 0 41.0361824 98.2296524 0 37.76547432 96.24503835 0 39.04495239
500 101.3815994 0 41.0361824 96.82870483 0 41.32004547 96.24503835 0 39.04495239
586 92.27581024 0 41.60390854 93.67675781 0 38.04933739 96.24503835 0 39.04495239
586 92.27581024 0 41.60390854 96.82870483 0 41.32004547 96.24503835 0 39.04495239
500 101.3815994 0 41.0361824 99.70584869 0 44.78477478 97.22916921 0 43.72448603
500 101.3815994 0 41.0361824 96.82870483 0 41.32004547 97.22916921 0 43.72448603
496 98.03009796 0 48.53336716 99.70584869 0 44.78477478 97.22916921 0 43.72448603
496 98.03009796 0 48.53336716 95.1529541 0 45.06863785 97.22916921 0 43.72448603
586 92.27581024 0 41.60390854 96.82870483 0 41.32004547 97.22916921 0 43.72448603
586 92.27581024 0 41.60390854 95.1529541 0 45.06863785 97.22916921 0 43.72448603
501 95.07770538 0 34.49476624 93.67675781 0 38.04933739 91.67587535 0 37.11143875
501 95.07770538 0 34.49476624 91.3759079 0 34.86520386 91.67587535 0 37.11143875
586 92.27581024 0 41.60390854 93.67675781 0 38.04933739 91.67587535 0 37.11143875
586 92.27581024 0 41.60390854 89.97496033 0 38.41977501 91.67587535 0 37.11143875
521 87.67411041 0 35.23564148 91.3759079 0 34.86520386 91.67587535 0 37.11143875
521 87.67411041 0 35.23564148 89.97496033 0 38.41977501 91.67587535 0 37.11143875
521 87.67411041 0 35.23564148 89.97496033 0 38.41977501 87.54866791 0 39.36597951
521 87.67411041 0 35.23564148 85.18509674 0 38.247015 87.54866791 0 39.36597951
586 92.27581024 0 41.60390854 89.97496033 0 38.41977501 87.54866791 0 39.36597951
586 92.27581024 0 41.60390854 87.48594666 0 41.43114853 87.54866791 0 39.36597951
497 82.69608307 0 41.25838852 85.18509674 0 38.247015 87.54866791 0 39.36597951
497 82.69608307 0 41.25838852 87.48594666 0 41.43114853 87.54866791 0 39.36597951
496 98.03009796 0 48.53336716 93.41267395 0 48.7992363 93.03371938 0 46.40079371
496 98.03009796 0 48.53336716 95.1529541 0 45.06863785 93.03371938 0 46.40079371
564 88.79524994 0 49.06510544 93.41267395 0 48.7992363 93.03371938 0 46.40079371
564 88.79524994 0 49.06510544 90.53553009 0 45.33450699 93.03371938 0 46.40079371
586 92.27581024 0 41.60390854 95.1529541 0 45.06863785 93.03371938 0 46.40079371
586 92.27581024 0 41.60390854 90.53553009 0 45.33450699 93.03371938 0 46.40079371
564 88.79524994 0 49.06510544 85.7456665 0 45.16174698 87.92238108 0 43.97580083
564 88.79524994 0 49.06510544 90.53553009 0 45.33450699 87.92238108 0 43.97580083
497 82.69608307 0 41.25838852 85.7456665 0 45.16174698 87.92238108 0 43.97580083
497 82.69608307 0 41.25838852 87.48594666 0 41.43114853 87.92238108 0 43.97580083
586 92.27581024 0 41.60390854 90.53553009 0 45.33450699 87.92238108 0 43.97580083
586 92.27581024 0 41.60390854 87.48594666 0 41.43114853 87.92238108 0 43.97580083
463 66.59080505 0 168.4068756 62.66838646 0 164.4773941 63.8534406 0 163.0296529
463 66.59080505 0 168.4068756 66.40717697 0 164.2705231 63.8534406 0 163.0296529
535 58.74596786 0 160.5479126 62.66838646 0 164.4773941 63.8534406 0 163.0296529
535 58.74596786 0 160.5479126 62.48475838 0 160.3410416 63.8534406 0 163.0296529
587 66.22354889 0 160.1341705 66.40717697 0 164.2705231 63.8534406 0 163.0296529
587 66.22354889 0 160.1341705 62.48475838 0 160.3410416 63.8534406 0 163.0296529
587 66.22354889 0 160.1341705 70.60515213 0 161.539566 69.26703644 0 163.8286692
587 66.22354889 0 160.1341705 66.40717697 0 164.2705231 69.26703644 0 163.8286692
464 74.98675537 0 162.9449615 70.60515213 0 161.539566 69.26703644 0 163.8286692
464 74.98675537 0 162.9449615 70.78878021 0 165.6759186 69.26703644 0 163.8286692
463 66.59080505 0 168.4068756 66.40717697 0 164.2705231 69.26703644 0 163.8286692
463 66.59080505 0 168.4068756 70.78878021 0 165.6759186 69.26703644 0 163.8286692
587 66.22354889 0 160.1341705 68.03408051 0 157.0386505 70.35163879 0 159.0074209
587 66.22354889 0 160.1341705 70.60515213 0 161.539566 70.35163879 0 159.0074209
365 69.84461212 0 153.9431305 68.03408051 0 157.0386505 70.35163879 0 159.0074209
365 69.84461212 0 153.9431305 72.41568375 0 158.444046 70.35163879 0 159.0074209
464 74.98675537 0 162.9449615 70.60515213 0 161.539566 70.35163879 0 159.0074209
464 74.98675537 0 162.9449615 72.41568375 0 158.444046 70.35163879 0 159.0074209
535 58.74596786 0 160.5479126 60.23418236 0 156.5620956 62.23063787 0 157.7527873
535 58.74596786 0 160.5479126 62.48475838 0 160.3410416 62.23063787 0 157.7527873
518 61.72239685 0 152.5762787 60.23418236 0 156.5620956 62.23063787 0 157.7527873
518 61.72239685 0 152.5762787 63.97297287 0 156.3552246 62.23063787 0 157.7527873
587 66.22354889 0 160.1341705 62.48475838 0 160.3410416 62.23063787 0 157.7527873
587 66.22354889 0 160.1341705 63.97297287 0 156.3552246 62.23063787 0 157.7527873
365 69.84461212 0 153.9431305 68.03408051 0 157.0386505 65.93018595 0 155.5511932
365 69.84461212 0 153.9431305 65.78350449 0 153.2597046 65.93018595 0 155.5511932
587 66.22354889 0 160.1341705 68.03408051 0 157.0386505 65.93018595 0 155.5511932
587 66.22354889 0 160.1341705 63.97297287 0 156.3552246 65.93018595 0 155.5511932
518 61.72239685 0 152.5762787 65.78350449 0 153.2597046 65.93018595 0 155.5511932
518 61.72239685 0 152.5762787 63.97297287 0 156.3552246 65.93018595 0 155.5511932
363 65.76820374 0 143.3087616 62.43885803 0 139.031311 63.92583974 0 137.518575
363 65.76820374 0 143.3087616 66.33400345 0 138.9009323 63.92583974 0 137.518575
362 59.10951233 0 134.7538605 62.43885803 0 139.031311 63.92583974 0 137.518575
362 59.10951233 0 134.7538605 63.00465775 0 134.6234818 63.92583974 0 137.518575
588 66.89980316 0 134.493103 66.33400345 0 138.9009323 63.92583974 0 137.518575
588 66.89980316 0 134.493103 63.00465775 0 134.6234818 63.92583974 0 137.518575
362 59.10951233 0 134.7538605 61.38440323 0 129.8520889 63.22286987 0 131.3990936
362 59.10951233 0 134.7538605 63.00465775 0 134.6234818 63.22286987 0 131.3990936
379 63.65929413 0 124.9503174 61.38440323 0 129.8520889 63.22286987 0 131.3990936
379 63.65929413 0 124.9503174 65.27954865 0 129.7217102 63.22286987 0 131.3990936
588 66.89980316 0 134.493103 63.00465775 0 134.6234818 63.22286987 0 131.3990936
588 66.89980316 0 134.493103 65.27954865 0 129.7217102 63.22286987 0 131.3990936
379 63.65929413 0 124.9503174 68.62882233 0 128.1532669 68.0524826 0 130.2665456
379 63.65929413 0 124.9503174 65.27954865 0 129.7217102 68.0524826 0 130.2665456
382 73.59835052 0 131.3562164 68.62882233 0 128.1532669 68.0524826 0 130.2665456
382 73.59835052 0 131.3562164 70.24907684 0 132.9246597 68.0524826 0 130.2665456
588 66.89980316 0 134.493103 65.27954865 0 129.7217102 68.0524826 0 130.2665456
588 66.89980316 0 134.493103 70.24907684 0 132.9246597 68.0524826 0 130.2665456
541 72.36366272 0 138.096344 69.63173294 0 136.2947235 70.9539388 0 134.6485545
541 72.36366272 0 138.096344 72.98100662 0 134.7262802 70.9539388 0 134.6485545
588 66.89980316 0 134.493103 69.63173294 0 136.2947235 70.9539388 0 134.6485545
588 66.89980316 0 134.493103 70.24907684 0 132.9246597 70.9539388 0 134.6485545
382 73.59835052 0 131.3562164 72.98100662 0 134.7262802 70.9539388 0 134.6485545
382 73.59835052 0 131.3562164 70.24907684 0 132.9246597 70.9539388 0 134.6485545
363 65.76820374 0 143.3087616 66.33400345 0 138.9009323 68.34388987 0 138.6327362
363 65.76820374 0 143.3087616 69.06593323 0 140.7025528 68.34388987 0 138.6327362
588 66.89980316 0 134.493103 66.33400345 0 138.9009323 68.34388987 0 138.6327362
588 66.89980316 0 134.493103 69.63173294 0 136.2947235 68.34388987 0 138.6327362
541 72.36366272 0 138.096344 69.06593323 0 140.7025528 68.34388987 0 138.6327362
541 72.36366272 0 138.096344 69.63173294 0 136.2947235 68.34388987 0 138.6327362
589 29.01407242 0 108.6895218 23.92425537 0 107.4203033 25.85995801 0 105.0088298
589 29.01407242 0 108.6895218 29.37271786 0 104.4377022 25.85995801 0 105.0088298
480 18.83443832 0 106.1510849 23.92425537 0 107.4203033 25.85995801 0 105.0088298
480 18.83443832 0 106.1510849 24.28290081 0 103.1684837 25.85995801 0 105.0088298
482 29.7313633 0 100.1858826 29.37271786 0 104.4377022 25.85995801 0 105.0088298
482 29.7313633 0 100.1858826 24.28290081 0 103.1684837 25.85995801 0 105.0088298
559 23.46330261 0 113.2238312 21.14887047 0 109.687458 23.77060445 0 109.3548126
559 23.46330261 0 113.2238312 26.23868752 0 110.9566765 23.77060445 0 109.3548126
480 18.83443832 0 106.1510849 21.14887047 0 109.687458 23.77060445 0 109.3548126
480 18.83443832 0 106.1510849 23.92425537 0 107.4203033 23.77060445 0 109.3548126
589 29.01407242 0 108.6895218 26.23868752 0 110.9566765 23.77060445 0 109.3548126
589 29.01407242 0 108.6895218 23.92425537 0 107.4203033 23.77060445 0 109.3548126
550 27.99572563 0 118.5497665 25.72951412 0 115.8867989 26.82436689 0 113.4877065
550 27.99572563 0 118.5497665 28.50489902 0 113.6196442 26.82436689 0 113.4877065
559 23.46330261 0 113.2238312 25.72951412 0 115.8867989 26.82436689 0 113.4877065
559 23.46330261 0 113.2238312 26.23868752 0 110.9566765 26.82436689 0 113.4877065
589 29.01407242 0 108.6895218 28.50489902 0 113.6196442 26.82436689 0 113.4877065
589 29.01407242 0 108.6895218 26.23868752 0 110.9566765 26.82436689 0 113.4877065
550 27.99572563 0 118.5497665 28.50489902 0 113.6196442 31.19498889 0 112.8585078
550 27.99572563 0 118.5497665 32.28544712 0 114.9430008 31.19498889 0 112.8585078
589 29.01407242 0 108.6895218 28.50489902 0 113.6196442 31.19498889 0 112.8585078
589 29.01407242 0 108.6895218 32.79462051 0 110.0128784 31.19498889 0 112.8585078
551 36.57516861 0 111.336235 32.28544712 0 114.9430008 31.19498889 0 112.8585078
551 36.57516861 0 111.336235 32.79462051 0 110.0128784 31.19498889 0 112.8585078
319 100 0 0 105 0 0 104.9417267 0 1.774231434
319 100 0 0 102.41259 0 2.661347151 104.9417267 0 1.774231434
322 110 0 0 105 0 0 104.9417267 0 1.774231434
322 110 0 0 107.41259 0 2.661347151 104.9417267 0 1.774231434
590 104.8251801 0 5.322694302 102.41259 0 2.661347151 104.9417267 0 1.774231434
590 104.8251801 0 5.322694302 107.41259 0 2.661347151 104.9417267 0 1.774231434
377 96.22998047 0 9.367147446 98.11499023 0 4.683573723 100.3517202 0 4.896613916
377 96.22998047 0 9.367147446 100.5275803 0 7.344920874 100.3517202 0 4.896613916
319 100 0 0 98.11499023 0 4.683573723 100.3517202 0 4.896613916
319 100 0 0 102.41259 0 2.661347151 100.3517202 0 4.896613916
590 104.8251801 0 5.322694302 100.5275803 0 7.344920874 100.3517202 0 4.896613916
590 104.8251801 0 5.322694302 102.41259 0 2.661347151 100.3517202 0 4.896613916
531 105.313591 0 12.25017643 100.7717857 0 10.80866194 102.1229172 0 8.980006059
531 105.313591 0 12.25017643 105.0693855 0 8.786435366 102.1229172 0 8.980006059
377 96.22998047 0 9.367147446 100.7717857 0 10.80866194 102.1229172 0 8.980006059
377 96.22998047 0 9.367147446 100.5275803 0 7.344920874 102.1229172 0 8.980006059
590 104.8251801 0 5.322694302 105.0693855 0 8.786435366 102.1229172 0 8.980006059
590 104.8251801 0 5.322694302 100.5275803 0 7.344920874 102.1229172 0 8.980006059
590 104.8251801 0 5.322694302 107.41259 0 2.661347151 109.0497131 0 4.131277402
590 104.8251801 0 5.322694302 108.5745697 0 6.196916103 109.0497131 0 4.131277402
322 110 0 0 107.41259 0 2.661347151 109.0497131 0 4.131277402
322 110 0 0 111.1619797 0 3.535568953 109.0497131 0 4.131277402
530 112.3239594 0 7.071137905 108.5745697 0 6.196916103 109.0497131 0 4.131277402
530 112.3239594 0 7.071137905 111.1619797 0 3.535568953 109.0497131 0 4.131277402
531 105.313591 0 12.25017643 105.0693855 0 8.786435366 107.4875768 0 8.214669545
531 105.313591 0 12.25017643 108.8187752 0 9.660657167 107.4875768 0 8.214669545
590 104.8251801 0 5.322694302 105.0693855 0 8.786435366 107.4875768 0 8.214669545
590 104.8251801 0 5.322694302 108.5745697 0 6.196916103 107.4875768 0 8.214669545
530 112.3239594 0 7.071137905 108.8187752 0 9.660657167 107.4875768 0 8.214669545
530 112.3239594 0 7.071137905 108.5745697 0 6.196916103 107.4875768 0 8.214669545
591 15.17471981 0 5.32281208 12.58735991 0 2.66140604 15.05823994 0 1.774270693
591 15.17471981 0 5.32281208 17.58735991 0 2.66140604 15.05823994 0 1.774270693
307 10 0 0 12.58735991 0 2.66140604 15.05823994 0 1.774270693
307 10 0 0 15 0 0 15.05823994 0 1.774270693
308 20 0 0 17.58735991 0 2.66140604 15.05823994 0 1.774270693
308 20 0 0 15 0 0 15.05823994 0 1.774270693
378 23.76807213 0 9.369403839 19.47139597 0 7.34610796 19.64759731 0 4.897405306
378 23.76807213 0 9.369403839 21.88403606 0 4.68470192 19.64759731 0 4.897405306
591 15.17471981 0 5.32281208 19.47139597 0 7.34610796 19.64759731 0 4.897405306
591 15.17471981 0 5.32281208 17.58735991 0 2.66140604 19.64759731 0 4.897405306
308 20 0 0 21.88403606 0 4.68470192 19.64759731 0 4.897405306
308 20 0 0 17.58735991 0 2.66140604 19.64759731 0 4.897405306
591 15.17471981 0 5.32281208 19.47139597 0 7.34610796 17.87639968 0 8.98079745
591 15.17471981 0 5.32281208 14.93056345 0 8.786494255 17.87639968 0 8.98079745
378 23.76807213 0 9.369403839 19.47139597 0 7.34610796 17.87639968 0 8.98079745
378 23.76807213 0 9.369403839 19.22723961 0 10.80979013 17.87639968 0 8.98079745
533 14.68640709 0 12.25017643 14.93056345 0 8.786494255 17.87639968 0 8.98079745
533 14.68640709 0 12.25017643 19.22723961 0 10.80979013 17.87639968 0 8.98079745
307 10 0 0 12.58735991 0 2.66140604 10.95025365 0 4.131316662
307 10 0 0 8.838020563 0 3.535568953 10.95025365 0 4.131316662
591 15.17471981 0 5.32281208 12.58735991 0 2.66140604 10.95025365 0 4.131316662
591 15.17471981 0 5.32281208 11.42538047 0 6.196974993 10.95025365 0 4.131316662
532 7.676041126 0 7.071137905 8.838020563 0 3.535568953 10.95025365 0 4.131316662
532 7.676041126 0 7.071137905 11.42538047 0 6.196974993 10.95025365 0 4.131316662
533 14.68640709 0 12.25017643 11.18122411 0 9.660657167 12.51238934 0 8.214708805
533 14.68640709 0 12.25017643 14.93056345 0 8.786494255 12.51238934 0 8.214708805
532 7.676041126 0 7.071137905 11.18122411 0 9.660657167 12.51238934 0 8.214708805
532 7.676041126 0 7.071137905 11.42538047 0 6.196974993 12.51238934 0 8.214708805
591 15.17471981 0 5.32281208 14.93056345 0 8.786494255 12.51238934 0 8.214708805
591 15.17471981 0 5.32281208 11.42538047 0 6.196974993 12.51238934 0 8.214708805
592 43.93725967 0 114.6513062 40.18456459 0 116.8712616 38.9814326 0 115.0262527
592 43.93725967 0 114.6513062 40.25621414 0 112.9937706 38.9814326 0 115.0262527
552 36.43186951 0 119.091217 40.18456459 0 116.8712616 38.9814326 0 115.0262527
552 36.43186951 0 119.091217 36.50351906 0 115.213726 38.9814326 0 115.0262527
551 36.57516861 0 111.336235 40.25621414 0 112.9937706 38.9814326 0 115.0262527
551 36.57516861 0 111.336235 36.50351906 0 115.213726 38.9814326 0 115.0262527
551 36.57516861 0 111.336235 40.97269058 0 108.3692398 41.96088028 0 110.4632619
551 36.57516861 0 111.336235 40.25621414 0 112.9937706 41.96088028 0 110.4632619
549 45.37021255 0 105.4022446 40.97269058 0 108.3692398 41.96088028 0 110.4632619
549 45.37021255 0 105.4022446 44.65373611 0 110.0267754 41.96088028 0 110.4632619
592 43.93725967 0 114.6513062 40.25621414 0 112.9937706 41.96088028 0 110.4632619
592 43.93725967 0 114.6513062 44.65373611 0 110.0267754 41.96088028 0 110.4632619
549 45.37021255 0 105.4022446 48.50638199 0 108.4196892 46.98334122 0 110.4968948
549 45.37021255 0 105.4022446 44.65373611 0 110.0267754 46.98334122 0 110.4968948
548 51.64255142 0 111.4371338 48.50638199 0 108.4196892 46.98334122 0 110.4968948
548 51.64255142 0 111.4371338 47.78990555 0 113.04422 46.98334122 0 110.4968948
592 43.93725967 0 114.6513062 44.65373611 0 110.0267754 46.98334122 0 110.4968948
592 43.93725967 0 114.6513062 47.78990555 0 113.04422 46.98334122 0 110.4968948
548 51.64255142 0 111.4371338 50.93730736 0 114.6364365 48.60395813 0 114.641393
548 51.64255142 0 111.4371338 47.78990555 0 113.04422 48.60395813 0 114.641393
423 50.23206329 0 117.8357391 50.93730736 0 114.6364365 48.60395813 0 114.641393
423 50.23206329 0 117.8357391 47.08466148 0 116.2435226 48.60395813 0 114.641393
592 43.93725967 0 114.6513062 47.78990555 0 113.04422 48.60395813 0 114.641393
592 43.93725967 0 114.6513062 47.08466148 0 116.2435226 48.60395813 0 114.641393
592 43.93725967 0 114.6513062 43.65447998 0 118.7282906 41.24694316 0 118.8492661
592 43.93725967 0 114.6513062 40.18456459 0 116.8712616 41.24694316 0 118.8492661
565 43.37170029 0 122.805275 43.65447998 0 118.7282906 41.24694316 0 118.8492661
565 43.37170029 0 122.805275 39.9017849 0 120.948246 41.24694316 0 118.8492661
552 36.43186951 0 119.091217 40.18456459 0 116.8712616 41.24694316 0 118.8492661
552 36.43186951 0 119.091217 39.9017849 0 120.948246 41.24694316 0 118.8492661
423 50.23206329 0 117.8357391 46.80188179 0 120.320507 45.84700775 0 118.4307734
423 50.23206329 0 117.8357391 47.08466148 0 116.2435226 45.84700775 0 118.4307734
565 43.37170029 0 122.805275 46.80188179 0 120.320507 45.84700775 0 118.4307734
565 43.37170029 0 122.805275 43.65447998 0 118.7282906 45.84700775 0 118.4307734
592 43.93725967 0 114.6513062 47.08466148 0 116.2435226 45.84700775 0 118.4307734
592 43.93725967 0 114.6513062 43.65447998 0 118.7282906 45.84700775 0 118.4307734
556 83.35780334 0 120.966011 77.65922546 0 120.0860863 77.46652985 0 117.4391759
556 83.35780334 0 120.966011 80.21947098 0 116.5556831 77.46652985 0 117.4391759
381 71.96064758 0 119.2061615 77.65922546 0 120.0860863 77.46652985 0 117.4391759
381 71.96064758 0 119.2061615 74.5208931 0 115.6757584 77.46652985 0 117.4391759
593 77.08113861 0 112.1453552 80.21947098 0 116.5556831 77.46652985 0 117.4391759
593 77.08113861 0 112.1453552 74.5208931 0 115.6757584 77.46652985 0 117.4391759
556 83.35780334 0 120.966011 80.21947098 0 116.5556831 81.68075816 0 115.4156621
556 83.35780334 0 120.966011 83.98056793 0 117.0508156 81.68075816 0 115.4156621
593 77.08113861 0 112.1453552 80.21947098 0 116.5556831 81.68075816 0 115.4156621
593 77.08113861 0 112.1453552 80.84223557 0 112.6404877 81.68075816 0 115.4156621
557 84.60333252 0 113.1356201 83.98056793 0 117.0508156 81.68075816 0 115.4156621
557 84.60333252 0 113.1356201 80.84223557 0 112.6404877 81.68075816 0 115.4156621
415 73.08760071 0 103.5982895 75.08436966 0 107.8718224 72.48067729 0 108.6563644
415 73.08760071 0 103.5982895 70.18044662 0 106.911869 72.48067729 0 108.6563644
593 77.08113861 0 112.1453552 75.08436966 0 107.8718224 72.48067729 0 108.6563644
593 77.08113861 0 112.1453552 72.17721558 0 111.1854019 72.48067729 0 108.6563644
517 67.27329254 0 110.2254486 70.18044662 0 106.911869 72.48067729 0 108.6563644
517 67.27329254 0 110.2254486 72.17721558 0 111.1854019 72.48067729 0 108.6563644
593 77.08113861 0 112.1453552 74.5208931 0 115.6757584 72.10502625 0 113.8589884
593 77.08113861 0 112.1453552 72.17721558 0 111.1854019 72.10502625 0 113.8589884
381 71.96064758 0 119.2061615 74.5208931 0 115.6757584 72.10502625 0 113.8589884
381 71.96064758 0 119.2061615 69.61697006 0 114.7158051 72.10502625 0 113.8589884
517 67.27329254 0 110.2254486 72.17721558 0 111.1854019 72.10502625 0 113.8589884
517 67.27329254 0 110.2254486 69.61697006 0 114.7158051 72.10502625 0 113.8589884
593 77.08113861 0 112.1453552 75.08436966 0 107.8718224 77.45762634 0 107.1614202
593 77.08113861 0 112.1453552 79.64263916 0 108.9429855 77.45762634 0 107.1614202
415 73.08760071 0 103.5982895 75.08436966 0 107.8718224 77.45762634 0 107.1614202
415 73.08760071 0 103.5982895 77.64587021 0 104.6694527 77.45762634 0 107.1614202
575 82.20413971 0 105.7406158 79.64263916 0 108.9429855 77.45762634 0 107.1614202
575 82.20413971 0 105.7406158 77.64587021 0 104.6694527 77.45762634 0 107.1614202
557 84.60333252 0 113.1356201 80.84223557 0 112.6404877 81.29620361 0 110.3405304
557 84.60333252 0 113.1356201 83.40373611 0 109.438118 81.29620361 0 110.3405304
593 77.08113861 0 112.1453552 80.84223557 0 112.6404877 81.29620361 0 110.3405304
593 77.08113861 0 112.1453552 79.64263916 0 108.9429855 81.29620361 0 110.3405304
575 82.20413971 0 105.7406158 83.40373611 0 109.438118 81.29620361 0 110.3405304
575 82.20413971 0 105.7406158 79.64263916 0 108.9429855 81.29620361 0 110.3405304
368 60.47595978 0 55.38421631 63.67142105 0 53.17003059 66.31163025 0 54.49591192
368 60.47595978 0 55.38421631 66.03400421 0 56.26594543 66.31163025 0 54.49591192
594 66.86688232 0 50.95584488 63.67142105 0 53.17003059 66.31163025 0 54.49591192
594 66.86688232 0 50.95584488 69.22946548 0 54.05175972 66.31163025 0 54.49591192
397 71.59204865 0 57.14767456 66.03400421 0 56.26594543 66.31163025 0 54.49591192
397 71.59204865 0 57.14767456 69.22946548 0 54.05175972 66.31163025 0 54.49591192
397 71.59204865 0 57.14767456 69.22946548 0 54.05175972 70.39684041 0 51.17235947
397 71.59204865 0 57.14767456 72.16181946 0 51.28061676 70.39684041 0 51.17235947
594 66.86688232 0 50.95584488 69.22946548 0 54.05175972 70.39684041 0 51.17235947
594 66.86688232 0 50.95584488 69.7992363 0 48.18470192 70.39684041 0 51.17235947
499 72.73159027 0 45.41355896 72.16181946 0 51.28061676 70.39684041 0 51.17235947
499 72.73159027 0 45.41355896 69.7992363 0 48.18470192 70.39684041 0 51.17235947
416 62.66792679 0 45.8779335 64.76740456 0 48.41688919 63.33692296 0 50.73933156
416 62.66792679 0 45.8779335 61.57194328 0 50.63107491 63.33692296 0 50.73933156
594 66.86688232 0 50.95584488 64.76740456 0 48.41688919 63.33692296 0 50.73933156
594 66.86688232 0 50.95584488 63.67142105 0 53.17003059 63.33692296 0 50.73933156
368 60.47595978 0 55.38421631 61.57194328 0 50.63107491 63.33692296 0 50.73933156
368 60.47595978 0 55.38421631 63.67142105 0 53.17003059 63.33692296 0 50.73933156
594 66.86688232 0 50.95584488 64.76740456 0 48.41688919 67.42213313 0 47.41577911
594 66.86688232 0 50.95584488 69.7992363 0 48.18470192 67.42213313 0 47.41577911
416 62.66792679 0 45.8779335 64.76740456 0 48.41688919 67.42213313 0 47.41577911
416 62.66792679 0 45.8779335 67.69975853 0 45.64574623 67.42213313 0 47.41577911
499 72.73159027 0 45.41355896 69.7992363 0 48.18470192 67.42213313 0 47.41577911
499 72.73159027 0 45.41355896 67.69975853 0 45.64574623 67.42213313 0 47.41577911
428 101.676506 0 136.2544098 99.72893524 0 139.2245483 97.18460846 0 138.5047404
428 101.676506 0 136.2544098 96.88623047 0 136.6597672 97.18460846 0 138.5047404
595 97.78136444 0 142.1946869 99.72893524 0 139.2245483 97.18460846 0 138.5047404
595 97.78136444 0 142.1946869 94.93865967 0 139.6299057 97.18460846 0 138.5047404
430 92.0959549 0 137.0651245 96.88623047 0 136.6597672 97.18460846 0 138.5047404
430 92.0959549 0 137.0651245 94.93865967 0 139.6299057 97.18460846 0 138.5047404
595 97.78136444 0 142.1946869 100.9708138 0 143.5973434 99.87952169 0 145.4524587
595 97.78136444 0 142.1946869 97.739151 0 145.678688 99.87952169 0 145.4524587
508 104.1602631 0 145 100.9708138 0 143.5973434 99.87952169 0 145.4524587
508 104.1602631 0 145 100.9286003 0 147.0813446 99.87952169 0 145.4524587
509 97.69693756 0 149.1626892 97.739151 0 145.678688 99.87952169 0 145.4524587
509 97.69693756 0 149.1626892 100.9286003 0 147.0813446 99.87952169 0 145.4524587
595 97.78136444 0 142.1946869 99.72893524 0 139.2245483 101.2060445 0 141.1496989
595 97.78136444 0 142.1946869 100.9708138 0 143.5973434 101.2060445 0 141.1496989
428 101.676506 0 136.2544098 99.72893524 0 139.2245483 101.2060445 0 141.1496989
428 101.676506 0 136.2544098 102.9183846 0 140.6272049 101.2060445 0 141.1496989
508 104.1602631 0 145 100.9708138 0 143.5973434 101.2060445 0 141.1496989
508 104.1602631 0 145 102.9183846 0 140.6272049 101.2060445 0 141.1496989
430 92.0959549 0 137.0651245 94.93865967 0 139.6299057 92.91068776 0 141.4836171
430 92.0959549 0 137.0651245 90.47534943 0 141.1280823 92.91068776 0 141.4836171
595 97.78136444 0 142.1946869 94.93865967 0 139.6299057 92.91068776 0 141.4836171
595 97.78136444 0 142.1946869 93.3180542 0 143.6928635 92.91068776 0 141.4836171
537 88.85474396 0 145.19104 90.47534943 0 141.1280823 92.91068776 0 141.4836171
537 88.85474396 0 145.19104 93.3180542 0 143.6928635 92.91068776 0 141.4836171
509 97.69693756 0 149.1626892 93.27584076 0 147.1768646 94.77768199 0 145.5161387
509 97.69693756 0 149.1626892 97.739151 0 145.678688 94.77768199 0 145.5161387
537 88.85474396 0 145.19104 93.27584076 0 147.1768646 94.77768199 0 145.5161387
537 88.85474396 0 145.19104 93.3180542 0 143.6928635 94.77768199 0 145.5161387
595 97.78136444 0 142.1946869 97.739151 0 145.678688 94.77768199 0 145.5161387
595 97.78136444 0 142.1946869 93.3180542 0 143.6928635 94.77768199 0 145.5161387
596 52.57553482 0 72.16998291 53.88667107 0 68.59347916 55.9554774 0 70.56144714
596 52.57553482 0 72.16998291 56.33431244 0 73.33368301 55.9554774 0 70.56144714
366 55.19780731 0 65.0169754 53.88667107 0 68.59347916 55.9554774 0 70.56144714
366 55.19780731 0 65.0169754 57.64544868 0 69.75717926 55.9554774 0 70.56144714
373 60.09309006 0 74.49738312 56.33431244 0 73.33368301 55.9554774 0 70.56144714
373 60.09309006 0 74.49738312 57.64544868 0 69.75717926 55.9554774 0 70.56144714
366 55.19780731 0 65.0169754 53.88667107 0 68.59347916 50.96338018 0 68.10376994
366 55.19780731 0 65.0169754 50.15730286 0 66.07066345 50.96338018 0 68.10376994
596 52.57553482 0 72.16998291 53.88667107 0 68.59347916 50.96338018 0 68.10376994
596 52.57553482 0 72.16998291 48.84616661 0 69.64716721 50.96338018 0 68.10376994
369 45.1167984 0 67.1243515 50.15730286 0 66.07066345 50.96338018 0 68.10376994
369 45.1167984 0 67.1243515 48.84616661 0 69.64716721 50.96338018 0 68.10376994
370 53.83298111 0 83.17263031 53.20425797 0 77.67130661 55.50053533 0 76.61333211
370 53.83298111 0 83.17263031 56.96303558 0 78.83500671 55.50053533 0 76.61333211
596 52.57553482 0 72.16998291 53.20425797 0 77.67130661 55.50053533 0 76.61333211
596 52.57553482 0 72.16998291 56.33431244 0 73.33368301 55.50053533 0 76.61333211
373 60.09309006 0 74.49738312 56.96303558 0 78.83500671 55.50053533 0 76.61333211
373 60.09309006 0 74.49738312 56.33431244 0 73.33368301 55.50053533 0 76.61333211
473 46.2366066 0 76.30235291 45.6767025 0 71.7133522 47.97631327 0 71.86556244
473 46.2366066 0 76.30235291 49.40607071 0 74.23616791 47.97631327 0 71.86556244
369 45.1167984 0 67.1243515 45.6767025 0 71.7133522 47.97631327 0 71.86556244
369 45.1167984 0 67.1243515 48.84616661 0 69.64716721 47.97631327 0 71.86556244
596 52.57553482 0 72.16998291 49.40607071 0 74.23616791 47.97631327 0 71.86556244
596 52.57553482 0 72.16998291 48.84616661 0 69.64716721 47.97631327 0 71.86556244
370 53.83298111 0 83.17263031 50.03479385 0 79.73749161 50.88170751 0 77.21498871
370 53.83298111 0 83.17263031 53.20425797 0 77.67130661 50.88170751 0 77.21498871
473 46.2366066 0 76.30235291 50.03479385 0 79.73749161 50.88170751 0 77.21498871
473 46.2366066 0 76.30235291 49.40607071 0 74.23616791 50.88170751 0 77.21498871
596 52.57553482 0 72.16998291 53.20425797 0 77.67130661 50.88170751 0 77.21498871
596 52.57553482 0 72.16998291 49.40607071 0 74.23616791 50.88170751 0 77.21498871
387 20 0 180 15 0 180 15.10125987 0 178.1908366
387 20 0 180 17.6518898 0 177.2862549 15.10125987 0 178.1908366
524 10 0 180 15 0 180 15.10125987 0 178.1908366
524 10 0 180 12.6518898 0 177.2862549 15.10125987 0 178.1908366
597 15.3037796 0 174.5725098 17.6518898 0 177.2862549 15.10125987 0 178.1908366
597 15.3037796 0 174.5725098 12.6518898 0 177.2862549 15.10125987 0 178.1908366
387 20 0 180 17.6518898 0 177.2862549 19.71671486 0 175.0810496
387 20 0 180 21.92318249 0 175.3353195 19.71671486 0 175.0810496
597 15.3037796 0 174.5725098 17.6518898 0 177.2862549 19.71671486 0 175.0810496
597 15.3037796 0 174.5725098 19.57507229 0 172.6215744 19.71671486 0 175.0810496
386 23.84636497 0 170.670639 21.92318249 0 175.3353195 19.71671486 0 175.0810496
386 23.84636497 0 170.670639 19.57507229 0 172.6215744 19.71671486 0 175.0810496
525 14.90981579 0 167.721283 19.37809038 0 169.195961 18.01998679 0 170.9881439
525 14.90981579 0 167.721283 15.1067977 0 171.1468964 18.01998679 0 170.9881439
386 23.84636497 0 170.670639 19.37809038 0 169.195961 18.01998679 0 170.9881439
386 23.84636497 0 170.670639 19.57507229 0 172.6215744 18.01998679 0 170.9881439
597 15.3037796 0 174.5725098 15.1067977 0 171.1468964 18.01998679 0 170.9881439
597 15.3037796 0 174.5725098 19.57507229 0 172.6215744 18.01998679 0 170.9881439
524 10 0 180 8.869133711 0 176.4560471 11.01401567 0 175.8282013
524 10 0 180 12.6518898 0 177.2862549 11.01401567 0 175.8282013
523 7.738267422 0 172.9120941 8.869133711 0 176.4560471 11.01401567 0 175.8282013
523 7.738267422 0 172.9120941 11.52102351 0 173.7423019 11.01401567 0 175.8282013
597 15.3037796 0 174.5725098 12.6518898 0 177.2862549 11.01401567 0 175.8282013
597 15.3037796 0 174.5725098 11.52102351 0 173.7423019 11.01401567 0 175.8282013
525 14.90981579 0 167.721283 15.1067977 0 171.1468964 12.65062094 0 171.7352956
525 14.90981579 0 167.721283 11.3240416 0 170.3166885 12.65062094 0 171.7352956
597 15.3037796 0 174.5725098 15.1067977 0 171.1468964 12.65062094 0 171.7352956
597 15.3037796 0 174.5725098 11.52102351 0 173.7423019 12.65062094 0 171.7352956
523 7.738267422 0 172.9120941 11.3240416 0 170.3166885 12.65062094 0 171.7352956
523 7.738267422 0 172.9120941 11.52102351 0 173.7423019 12.65062094 0 171.7352956
528 110 0 180 105 0 180 104.9047648 0 178.1895955
528 110 0 180 107.3571472 0 177.2843933 104.9047648 0 178.1895955
392 100 0 180 105 0 180 104.9047648 0 178.1895955
392 100 0 180 102.3571472 0 177.2843933 104.9047648 0 178.1895955
598 104.7142944 0 174.5687866 107.3571472 0 177.2843933 104.9047648 0 178.1895955
598 104.7142944 0 174.5687866 102.3571472 0 177.2843933 104.9047648 0 178.1895955
391 96.4016571 0 170.6195984 100.5579758 0 172.5941925 100.3719838 0 175.062795
391 96.4016571 0 170.6195984 98.20082855 0 175.3097992 100.3719838 0 175.062795
598 104.7142944 0 174.5687866 100.5579758 0 172.5941925 100.3719838 0 175.062795
598 104.7142944 0 174.5687866 102.3571472 0 177.2843933 100.3719838 0 175.062795
392 100 0 180 98.20082855 0 175.3097992 100.3719838 0 175.062795
392 100 0 180 102.3571472 0 177.2843933 100.3719838 0 175.062795
598 104.7142944 0 174.5687866 100.5579758 0 172.5941925 102.0687129 0 170.9698893
598 104.7142944 0 174.5687866 104.9022408 0 171.1450348 102.0687129 0 170.9698893
391 96.4016571 0 170.6195984 100.5579758 0 172.5941925 102.0687129 0 170.9698893
391 96.4016571 0 170.6195984 100.7459221 0 169.1704407 102.0687129 0 170.9698893
529 105.0901871 0 167.721283 104.9022408 0 171.1450348 102.0687129 0 170.9698893
529 105.0901871 0 167.721283 100.7459221 0 169.1704407 102.0687129 0 170.9698893
598 104.7142944 0 174.5687866 108.4880142 0 173.7404404 108.9920095 0 175.8269602
598 104.7142944 0 174.5687866 107.3571472 0 177.2843933 108.9920095 0 175.8269602
527 112.261734 0 172.9120941 108.4880142 0 173.7404404 108.9920095 0 175.8269602
527 112.261734 0 172.9120941 111.130867 0 176.4560471 108.9920095 0 175.8269602
528 110 0 180 107.3571472 0 177.2843933 108.9920095 0 175.8269602
528 110 0 180 111.130867 0 176.4560471 108.9920095 0 175.8269602
529 105.0901871 0 167.721283 108.6759605 0 170.3166885 107.3554052 0 171.7340546
529 105.0901871 0 167.721283 104.9022408 0 171.1450348 107.3554052 0 171.7340546
527 112.261734 0 172.9120941 108.6759605 0 170.3166885 107.3554052 0 171.7340546
527 112.261734 0 172.9120941 108.4880142 0 173.7404404 107.3554052 0 171.7340546
598 104.7142944 0 174.5687866 104.9022408 0 171.1450348 107.3554052 0 171.7340546
598 104.7142944 0 174.5687866 108.4880142 0 173.7404404 107.3554052 0 171.7340546
599 37.03863907 0 103.2983551 33.38500118 0 101.7421188 35.79502042 0 99.88806152
599 37.03863907 0 103.2983551 38.82684898 0 99.739151 35.79502042 0 99.88806152
482 29.7313633 0 100.1858826 33.38500118 0 101.7421188 35.79502042 0 99.88806152
482 29.7313633 0 100.1858826 35.1732111 0 98.18291473 35.79502042 0 99.88806152
420 40.6150589 0 96.1799469 38.82684898 0 99.739151 35.79502042 0 99.88806152
420 40.6150589 0 96.1799469 35.1732111 0 98.18291473 35.79502042 0 99.88806152
599 37.03863907 0 103.2983551 38.82684898 0 99.739151 41.00797017 0 101.6268489
599 37.03863907 0 103.2983551 41.20442581 0 104.3502998 41.00797017 0 101.6268489
420 40.6150589 0 96.1799469 38.82684898 0 99.739151 41.00797017 0 101.6268489
420 40.6150589 0 96.1799469 42.99263573 0 100.7910957 41.00797017 0 101.6268489
549 45.37021255 0 105.4022446 41.20442581 0 104.3502998 41.00797017 0 101.6268489
549 45.37021255 0 105.4022446 42.99263573 0 100.7910957 41.00797017 0 101.6268489
551 36.57516861 0 111.336235 36.80690384 0 107.3172951 39.66134008 0 106.6789449
551 36.57516861 0 111.336235 40.97269058 0 108.3692398 39.66134008 0 106.6789449
599 37.03863907 0 103.2983551 36.80690384 0 107.3172951 39.66134008 0 106.6789449
599 37.03863907 0 103.2983551 41.20442581 0 104.3502998 39.66134008 0 106.6789449
549 45.37021255 0 105.4022446 40.97269058 0 108.3692398 39.66134008 0 106.6789449
549 45.37021255 0 105.4022446 41.20442581 0 104.3502998 39.66134008 0 106.6789449
589 29.01407242 0 108.6895218 29.37271786 0 104.4377022 31.92802493 0 104.0579198
589 29.01407242 0 108.6895218 33.02635574 0 105.9939384 31.92802493 0 104.0579198
482 29.7313633 0 100.1858826 29.37271786 0 104.4377022 31.92802493 0 104.0579198
482 29.7313633 0 100.1858826 33.38500118 0 101.7421188 31.92802493 0 104.0579198
599 37.03863907 0 103.2983551 33.02635574 0 105.9939384 31.92802493 0 104.0579198
599 37.03863907 0 103.2983551 33.38500118 0 101.7421188 31.92802493 0 104.0579198
589 29.01407242 0 108.6895218 33.02635574 0 105.9939384 34.20929337 0 107.774704
589 29.01407242 0 108.6895218 32.79462051 0 110.0128784 34.20929337 0 107.774704
599 37.03863907 0 103.2983551 33.02635574 0 105.9939384 34.20929337 0 107.774704
599 37.03863907 0 103.2983551 36.80690384 0 107.3172951 34.20929337 0 107.774704
551 36.57516861 0 111.336235 32.79462051 0 110.0128784 34.20929337 0 107.774704
551 36.57516861 0 111.336235 36.80690384 0 107.3172951 34.20929337 0 107.774704
600 51.05091095 0 99.74452972 48.21056175 0 102.5733871 45.67872747 0 100.4422404
600 51.05091095 0 99.74452972 45.83298492 0 97.96223831 45.67872747 0 100.4422404
549 45.37021255 0 105.4022446 48.21056175 0 102.5733871 45.67872747 0 100.4422404
549 45.37021255 0 105.4022446 42.99263573 0 100.7910957 45.67872747 0 100.4422404
420 40.6150589 0 96.1799469 45.83298492 0 97.96223831 45.67872747 0 100.4422404
420 40.6150589 0 96.1799469 42.99263573 0 100.7910957 45.67872747 0 100.4422404
372 59.59315872 0 95.37858582 58.3097229 0 100.5720787 55.89011892 0 100.296229
372 59.59315872 0 95.37858582 55.32203484 0 97.56155777 55.89011892 0 100.296229
510 57.02628708 0 105.7655716 58.3097229 0 100.5720787 55.89011892 0 100.296229
510 57.02628708 0 105.7655716 54.03859901 0 102.7550507 55.89011892 0 100.296229
600 51.05091095 0 99.74452972 55.32203484 0 97.56155777 55.89011892 0 100.296229
600 51.05091095 0 99.74452972 54.03859901 0 102.7550507 55.89011892 0 100.296229
600 51.05091095 0 99.74452972 54.03859901 0 102.7550507 51.14913686 0 103.6374486
600 51.05091095 0 99.74452972 48.21056175 0 102.5733871 51.14913686 0 103.6374486
510 57.02628708 0 105.7655716 54.03859901 0 102.7550507 51.14913686 0 103.6374486
510 57.02628708 0 105.7655716 51.19824982 0 105.5839081 51.14913686 0 103.6374486
549 45.37021255 0 105.4022446 48.21056175 0 102.5733871 51.14913686 0 103.6374486
549 45.37021255 0 105.4022446 51.19824982 0 105.5839081 51.14913686 0 103.6374486
600 51.05091095 0 99.74452972 50.28691483 0 95.89606094 53.38899612 0 95.72356923
600 51.05091095 0 99.74452972 55.32203484 0 97.56155777 53.38899612 0 95.72356923
422 49.5229187 0 92.04759216 50.28691483 0 95.89606094 53.38899612 0 95.72356923
422 49.5229187 0 92.04759216 54.55803871 0 93.71308899 53.38899612 0 95.72356923
372 59.59315872 0 95.37858582 55.32203484 0 97.56155777 53.38899612 0 95.72356923
372 59.59315872 0 95.37858582 54.55803871 0 93.71308899 53.38899612 0 95.72356923
600 51.05091095 0 99.74452972 45.83298492 0 97.96223831 47.06296285 0 95.9906896
600 51.05091095 0 99.74452972 50.28691483 0 95.89606094 47.06296285 0 95.9906896
420 40.6150589 0 96.1799469 45.83298492 0 97.96223831 47.06296285 0 95.9906896
420 40.6150589 0 96.1799469 45.0689888 0 94.11376953 47.06296285 0 95.9906896
422 49.5229187 0 92.04759216 50.28691483 0 95.89606094 47.06296285 0 95.9906896
422 49.5229187 0 92.04759216 45.0689888 0 94.11376953 47.06296285 0 95.9906896
601 16.09640312 0 150.4338531 16.55860901 0 153.7420502 14.37240601 1.208560929e-31 152.4947001
601 16.09640312 0 150.4338531 13.04820156 1.812841393e-31 150.2169266 14.37240601 1.208560929e-31 152.4947001
339 17.0208149 0 157.0502472 16.55860901 0 153.7420502 14.37240601 1.208560929e-31 152.4947001
339 17.0208149 0 157.0502472 13.51040745 1.812841393e-31 153.5251236 14.37240601 1.208560929e-31 152.4947001
338 10 3.625682786e-31 150 13.04820156 1.812841393e-31 150.2169266 14.37240601 1.208560929e-31 152.4947001
338 10 3.625682786e-31 150 13.51040745 1.812841393e-31 153.5251236 14.37240601 1.208560929e-31 152.4947001
339 17.0208149 0 157.0502472 16.55860901 0 153.7420502 18.26651827 0 152.0504608
339 17.0208149 0 157.0502472 19.35157585 0 152.8587646 18.26651827 0 152.0504608
601 16.09640312 0 150.4338531 16.55860901 0 153.7420502 18.26651827 0 152.0504608
601 16.09640312 0 150.4338531 18.88936996 0 149.5505676 18.26651827 0 152.0504608
578 21.68233681 0 148.6672821 19.35157585 0 152.8587646 18.26651827 0 152.0504608
578 21.68233681 0 148.6672821 18.88936996 0 149.5505676 18.26651827 0 152.0504608
507 15.87541199 0 145 15.98590755 0 147.7169266 13.99060504 1.208560929e-31 148.477951
507 15.87541199 0 145 12.93770599 1.812841393e-31 147.5 13.99060504 1.208560929e-31 148.477951
601 16.09640312 0 150.4338531 15.98590755 0 147.7169266 13.99060504 1.208560929e-31 148.477951
601 16.09640312 0 150.4338531 13.04820156 1.812841393e-31 150.2169266 13.99060504 1.208560929e-31 148.477951
338 10 3.625682786e-31 150 12.93770599 1.812841393e-31 147.5 13.99060504 1.208560929e-31 148.477951
338 10 3.625682786e-31 150 13.04820156 1.812841393e-31 150.2169266 13.99060504 1.208560929e-31 148.477951
601 16.09640312 0 150.4338531 15.98590755 0 147.7169266 17.88471731 0 148.0337118
601 16.09640312 0 150.4338531 18.88936996 0 149.5505676 17.88471731 0 148.0337118
507 15.87541199 0 145 15.98590755 0 147.7169266 17.88471731 0 148.0337118
507 15.87541199 0 145 18.7788744 0 146.8336411 17.88471731 0 148.0337118
578 21.68233681 0 148.6672821 18.88936996 0 149.5505676 17.88471731 0 148.0337118
578 21.68233681 0 148.6672821 18.7788744 0 146.8336411 17.88471731 0 148.0337118
424 53.96133423 0 125.9527817 56.53542328 0 130.3533211 55.13226191 0 131.1625748
424 53.96133423 0 125.9527817 53.1436367 0 129.3669319 55.13226191 0 131.1625748
362 59.10951233 0 134.7538605 56.53542328 0 130.3533211 55.13226191 0 131.1625748
362 59.10951233 0 134.7538605 55.71772575 0 133.7674713 55.13226191 0 131.1625748
602 52.32593918 0 132.7810822 53.1436367 0 129.3669319 55.13226191 0 131.1625748
602 52.32593918 0 132.7810822 55.71772575 0 133.7674713 55.13226191 0 131.1625748
424 53.96133423 0 125.9527817 53.1436367 0 129.3669319 50.34932582 0 129.991188
424 53.96133423 0 125.9527817 49.36101913 0 128.596241 50.34932582 0 129.991188
602 52.32593918 0 132.7810822 53.1436367 0 129.3669319 50.34932582 0 129.991188
602 52.32593918 0 132.7810822 48.54332161 0 132.0103912 50.34932582 0 129.991188
433 44.76070404 0 131.2397003 49.36101913 0 128.596241 50.34932582 0 129.991188
433 44.76070404 0 131.2397003 48.54332161 0 132.0103912 50.34932582 0 129.991188
362 59.10951233 0 134.7538605 54.47099113 0 136.9310837 53.75597382 0 135.5477498
362 59.10951233 0 134.7538605 55.71772575 0 133.7674713 53.75597382 0 135.5477498
431 49.83246994 0 139.1083069 54.47099113 0 136.9310837 53.75597382 0 135.5477498
431 49.83246994 0 139.1083069 51.07920456 0 135.9446945 53.75597382 0 135.5477498
602 52.32593918 0 132.7810822 55.71772575 0 133.7674713 53.75597382 0 135.5477498
602 52.32593918 0 132.7810822 51.07920456 0 135.9446945 53.75597382 0 135.5477498
602 52.32593918 0 132.7810822 51.07920456 0 135.9446945 48.97303772 0 134.3763631
602 52.32593918 0 132.7810822 48.54332161 0 132.0103912 48.97303772 0 134.3763631
431 49.83246994 0 139.1083069 51.07920456 0 135.9446945 48.97303772 0 134.3763631
431 49.83246994 0 139.1083069 47.29658699 0 135.1740036 48.97303772 0 134.3763631
433 44.76070404 0 131.2397003 48.54332161 0 132.0103912 48.97303772 0 134.3763631
433 44.76070404 0 131.2397003 47.29658699 0 135.1740036 48.97303772 0 134.3763631
603 26.46030045 0 40.99155426 29.96375275 0 43.05365753 27.63386281 0 44.74405289
603 26.46030045 0 40.99155426 24.7171917 0 44.55819893 27.63386281 0 44.74405289
568 33.46720505 0 45.1157608 29.96375275 0 43.05365753 27.63386281 0 44.74405289
568 33.46720505 0 45.1157608 28.220644 0 46.6203022 27.63386281 0 44.74405289
504 22.97408295 0 48.1248436 24.7171917 0 44.55819893 27.63386281 0 44.74405289
504 22.97408295 0 48.1248436 28.220644 0 46.6203022 27.63386281 0 44.74405289
603 26.46030045 0 40.99155426 22.4695797 0 41.06137276 23.24204763 0 38.81471252
603 26.46030045 0 40.99155426 25.62364197 0 37.65647316 23.24204763 0 38.81471252
502 18.47885895 0 41.13119125 22.4695797 0 41.06137276 23.24204763 0 38.81471252
502 18.47885895 0 41.13119125 21.63292122 0 37.72629166 23.24204763 0 38.81471252
505 24.78698349 0 34.32139206 25.62364197 0 37.65647316 23.24204763 0 38.81471252
505 24.78698349 0 34.32139206 21.63292122 0 37.72629166 23.24204763 0 38.81471252
504 22.97408295 0 48.1248436 20.72647095 0 44.62801743 22.63774745 0 43.41586304
504 22.97408295 0 48.1248436 24.7171917 0 44.55819893 22.63774745 0 43.41586304
502 18.47885895 0 41.13119125 20.72647095 0 44.62801743 22.63774745 0 43.41586304
502 18.47885895 0 41.13119125 22.4695797 0 41.06137276 22.63774745 0 43.41586304
603 26.46030045 0 40.99155426 24.7171917 0 44.55819893 22.63774745 0 43.41586304
603 26.46030045 0 40.99155426 22.4695797 0 41.06137276 22.63774745 0 43.41586304
603 26.46030045 0 40.99155426 25.62364197 0 37.65647316 27.94722112 0 37.19250743
603 26.46030045 0 40.99155426 29.52733994 0 38.62806511 27.94722112 0 37.19250743
505 24.78698349 0 34.32139206 25.62364197 0 37.65647316 27.94722112 0 37.19250743
505 24.78698349 0 34.32139206 28.69068146 0 35.29298401 27.94722112 0 37.19250743
513 32.59437943 0 36.26457596 29.52733994 0 38.62806511 27.94722112 0 37.19250743
513 32.59437943 0 36.26457596 28.69068146 0 35.29298401 27.94722112 0 37.19250743
513 32.59437943 0 36.26457596 33.03079224 0 40.69016838 30.84062831 0 40.79063034
513 32.59437943 0 36.26457596 29.52733994 0 38.62806511 30.84062831 0 40.79063034
568 33.46720505 0 45.1157608 33.03079224 0 40.69016838 30.84062831 0 40.79063034
568 33.46720505 0 45.1157608 29.96375275 0 43.05365753 30.84062831 0 40.79063034
603 26.46030045 0 40.99155426 29.52733994 0 38.62806511 30.84062831 0 40.79063034
603 26.46030045 0 40.99155426 29.96375275 0 43.05365753 30.84062831 0 40.79063034
435 68.68730164 0 31.09927368 67.23677063 0 28.01676178 69.17335256 0 26.6120491
435 68.68730164 0 31.09927368 70.86690903 0 27.45094872 69.17335256 0 26.6120491
604 65.78623962 0 24.93424988 67.23677063 0 28.01676178 69.17335256 0 26.6120491
604 65.78623962 0 24.93424988 69.41637802 0 24.36843681 69.17335256 0 26.6120491
436 73.04651642 0 23.80262375 70.86690903 0 27.45094872 69.17335256 0 26.6120491
436 73.04651642 0 23.80262375 69.41637802 0 24.36843681 69.17335256 0 26.6120491
520 67.93656921 0 18.84414864 66.86140442 0 21.88919926 64.46755727 0 21.29579417
520 67.93656921 0 18.84414864 63.80821609 0 19.47656631 64.46755727 0 21.29579417
604 65.78623962 0 24.93424988 66.86140442 0 21.88919926 64.46755727 0 21.29579417
604 65.78623962 0 24.93424988 62.7330513 0 22.52161694 64.46755727 0 21.29579417
390 59.67986298 0 20.10898399 63.80821609 0 19.47656631 64.46755727 0 21.29579417
390 59.67986298 0 20.10898399 62.7330513 0 22.52161694 64.46755727 0 21.29579417
604 65.78623962 0 24.93424988 66.86140442 0 21.88919926 68.92310842 0 22.52700742
604 65.78623962 0 24.93424988 69.41637802 0 24.36843681 68.92310842 0 22.52700742
520 67.93656921 0 18.84414864 66.86140442 0 21.88919926 68.92310842 0 22.52700742
520 67.93656921 0 18.84414864 70.49154282 0 21.32338619 68.92310842 0 22.52700742
436 73.04651642 0 23.80262375 69.41637802 0 24.36843681 68.92310842 0 22.52700742
436 73.04651642 0 23.80262375 70.49154282 0 21.32338619 68.92310842 0 22.52700742
604 65.78623962 0 24.93424988 63.11178589 0 27.31820297 61.96781158 0 24.91512998
604 65.78623962 0 24.93424988 62.7330513 0 22.52161694 61.96781158 0 24.91512998
536 60.43733215 0 29.70215607 63.11178589 0 27.31820297 61.96781158 0 24.91512998
536 60.43733215 0 29.70215607 60.05859756 0 24.90557003 61.96781158 0 24.91512998
390 59.67986298 0 20.10898399 62.7330513 0 22.52161694 61.96781158 0 24.91512998
390 59.67986298 0 20.10898399 60.05859756 0 24.90557003 61.96781158 0 24.91512998
536 60.43733215 0 29.70215607 63.11178589 0 27.31820297 64.97029114 0 28.57855988
536 60.43733215 0 29.70215607 64.56231689 0 30.40071487 64.97029114 0 28.57855988
604 65.78623962 0 24.93424988 63.11178589 0 27.31820297 64.97029114 0 28.57855988
604 65.78623962 0 24.93424988 67.23677063 0 28.01676178 64.97029114 0 28.57855988
435 68.68730164 0 31.09927368 64.56231689 0 30.40071487 64.97029114 0 28.57855988
435 68.68730164 0 31.09927368 67.23677063 0 28.01676178 64.97029114 0 28.57855988
605 54.80932999 0 154.6044006 51.4046917 0 153.9209824 52.55816523 0 151.3655548
605 54.80932999 0 154.6044006 54.83722115 0 150.4295502 52.55816523 0 151.3655548
394 48.00005341 0 153.2375641 51.4046917 0 153.9209824 52.55816523 0 151.3655548
394 48.00005341 0 153.2375641 51.43258286 0 149.7461319 52.55816523 0 151.3655548
361 54.8651123 0 146.2546997 54.83722115 0 150.4295502 52.55816523 0 151.3655548
361 54.8651123 0 146.2546997 51.43258286 0 149.7461319 52.55816523 0 151.3655548
605 54.80932999 0 154.6044006 58.26586342 0 153.5903397 58.42589823 0 155.9095306
605 54.80932999 0 154.6044006 56.77764893 0 157.5761566 58.42589823 0 155.9095306
518 61.72239685 0 152.5762787 58.26586342 0 153.5903397 58.42589823 0 155.9095306
518 61.72239685 0 152.5762787 60.23418236 0 156.5620956 58.42589823 0 155.9095306
535 58.74596786 0 160.5479126 56.77764893 0 157.5761566 58.42589823 0 155.9095306
535 58.74596786 0 160.5479126 60.23418236 0 156.5620956 58.42589823 0 155.9095306
605 54.80932999 0 154.6044006 54.83722115 0 150.4295502 57.13227971 0 151.1451263
605 54.80932999 0 154.6044006 58.26586342 0 153.5903397 57.13227971 0 151.1451263
361 54.8651123 0 146.2546997 54.83722115 0 150.4295502 57.13227971 0 151.1451263
361 54.8651123 0 146.2546997 58.29375458 0 149.4154892 57.13227971 0 151.1451263
518 61.72239685 0 152.5762787 58.26586342 0 153.5903397 57.13227971 0 151.1451263
518 61.72239685 0 152.5762787 58.29375458 0 149.4154892 57.13227971 0 151.1451263
605 54.80932999 0 154.6044006 56.77764893 0 157.5761566 54.75613785 0 158.5192973
605 54.80932999 0 154.6044006 52.76122284 0 157.5049896 54.75613785 0 158.5192973
535 58.74596786 0 160.5479126 56.77764893 0 157.5761566 54.75613785 0 158.5192973
535 58.74596786 0 160.5479126 54.72954178 0 160.4767456 54.75613785 0 158.5192973
534 50.71311569 0 160.4055786 52.76122284 0 157.5049896 54.75613785 0 158.5192973
534 50.71311569 0 160.4055786 54.72954178 0 160.4767456 54.75613785 0 158.5192973
394 48.00005341 0 153.2375641 51.4046917 0 153.9209824 51.17416636 0 156.0825144
394 48.00005341 0 153.2375641 49.35658455 0 156.8215714 51.17416636 0 156.0825144
605 54.80932999 0 154.6044006 51.4046917 0 153.9209824 51.17416636 0 156.0825144
605 54.80932999 0 154.6044006 52.76122284 0 157.5049896 51.17416636 0 156.0825144
534 50.71311569 0 160.4055786 49.35658455 0 156.8215714 51.17416636 0 156.0825144
534 50.71311569 0 160.4055786 52.76122284 0 157.5049896 51.17416636 0 156.0825144
470 84.26273346 0 66.41147614 85.26641846 0 61.89668655 87.66745249 0 62.81029002
470 84.26273346 0 66.41147614 88.36612701 0 65.52448654 87.66745249 0 62.81029002
554 86.27010345 0 57.38189697 85.26641846 0 61.89668655 87.66745249 0 62.81029002
554 86.27010345 0 57.38189697 89.36981201 0 61.00969696 87.66745249 0 62.81029002
606 92.46952057 0 64.63749695 88.36612701 0 65.52448654 87.66745249 0 62.81029002
606 92.46952057 0 64.63749695 89.36981201 0 61.00969696 87.66745249 0 62.81029002
606 92.46952057 0 64.63749695 91.87371445 0 68.99077225 89.33672078 0 68.13100688
606 92.46952057 0 64.63749695 88.36612701 0 65.52448654 89.33672078 0 68.13100688
402 91.27790833 0 73.34404755 91.87371445 0 68.99077225 89.33672078 0 68.13100688
402 91.27790833 0 73.34404755 87.77032089 0 69.87776184 89.33672078 0 68.13100688
470 84.26273346 0 66.41147614 88.36612701 0 65.52448654 89.33672078 0 68.13100688
470 84.26273346 0 66.41147614 87.77032089 0 69.87776184 89.33672078 0 68.13100688
402 91.27790833 0 73.34404755 91.87371445 0 68.99077225 94.8812383 0 69.22109731
402 91.27790833 0 73.34404755 96.08709717 0 71.51289749 94.8812383 0 69.22109731
606 92.46952057 0 64.63749695 91.87371445 0 68.99077225 94.8812383 0 69.22109731
606 92.46952057 0 64.63749695 96.68290329 0 67.15962219 94.8812383 0 69.22109731
474 100.896286 0 69.68174744 96.08709717 0 71.51289749 94.8812383 0 69.22109731
474 100.896286 0 69.68174744 96.68290329 0 67.15962219 94.8812383 0 69.22109731
606 92.46952057 0 64.63749695 96.06548691 0 62.89460182 97.67575328 0 65.15698369
606 92.46952057 0 64.63749695 96.68290329 0 67.15962219 97.67575328 0 65.15698369
476 99.66145325 0 61.1517067 96.06548691 0 62.89460182 97.67575328 0 65.15698369
476 99.66145325 0 61.1517067 100.2788696 0 65.41672707 97.67575328 0 65.15698369
474 100.896286 0 69.68174744 96.68290329 0 67.15962219 97.67575328 0 65.15698369
474 100.896286 0 69.68174744 100.2788696 0 65.41672707 97.67575328 0 65.15698369
554 86.27010345 0 57.38189697 90.17977142 0 56.61840248 90.94302114 0 59.29143397
554 86.27010345 0 57.38189697 89.36981201 0 61.00969696 90.94302114 0 59.29143397
579 94.08943939 0 55.85490799 90.17977142 0 56.61840248 90.94302114 0 59.29143397
579 94.08943939 0 55.85490799 93.27947998 0 60.24620247 90.94302114 0 59.29143397
606 92.46952057 0 64.63749695 89.36981201 0 61.00969696 90.94302114 0 59.29143397
606 92.46952057 0 64.63749695 93.27947998 0 60.24620247 90.94302114 0 59.29143397
579 94.08943939 0 55.85490799 96.87544632 0 58.50330734 95.4068044 0 60.54803721
579 94.08943939 0 55.85490799 93.27947998 0 60.24620247 95.4068044 0 60.54803721
476 99.66145325 0 61.1517067 96.87544632 0 58.50330734 95.4068044 0 60.54803721
476 99.66145325 0 61.1517067 96.06548691 0 62.89460182 95.4068044 0 60.54803721
606 92.46952057 0 64.63749695 93.27947998 0 60.24620247 95.4068044 0 60.54803721
606 92.46952057 0 64.63749695 96.06548691 0 62.89460182 95.4068044 0 60.54803721
607 10 9.68112278 44.29846954 10 14.84056139 47.14923477 10 16.56037426 44.76615651
607 10 9.68112278 44.29846954 10 14.84056139 42.14923477 10 16.56037426 44.76615651
198 10 20 50 10 14.84056139 47.14923477 10 16.56037426 44.76615651
198 10 20 50 10 20 45 10 16.56037426 44.76615651
155 10 20 40 10 14.84056139 42.14923477 10 16.56037426 44.76615651
155 10 20 40 10 20 45 10 16.56037426 44.76615651
503 10 0 50 10 4.84056139 47.14923477 10 3.227040927 44.76615651
503 10 0 50 10 0 45 10 3.227040927 44.76615651
607 10 9.68112278 44.29846954 10 4.84056139 47.14923477 10 3.227040927 44.76615651
607 10 9.68112278 44.29846954 10 4.84056139 42.14923477 10 3.227040927 44.76615651
459 10 0 40 10 0 45 10 3.227040927 44.76615651
459 10 0 40 10 4.84056139 42.14923477 10 3.227040927 44.76615651
184 10 20 60 10 15 62.5 10 16.66666667 65
184 10 20 60 10 20 65 10 16.66666667 65
608 10 10 65 10 15 62.5 10 16.66666667 65
608 10 10 65 10 15 67.5 10 16.66666667 65
104 10 20 70 10 20 65 10 16.66666667 65
104 10 20 70 10 15 67.5 10 16.66666667 65
406 10 0 70 10 5 67.5 10 3.333333333 65
406 10 0 70 10 0 65 10 3.333333333 65
608 10 10 65 10 5 67.5 10 3.333333333 65
608 10 10 65 10 5 62.5 10 3.333333333 65
487 10 0 60 10 0 65 10 3.333333333 65
487 10 0 60 10 5 62.5 10 3.333333333 65
609 10 10 85 10 15 87.5 10 16.66666667 85
609 10 10 85 10 15 82.5 10 16.66666667 85
80 10 20 90 10 15 87.5 10 16.66666667 85
80 10 20 90 10 20 85 10 16.66666667 85
102 10 20 80 10 15 82.5 10 16.66666667 85
102 10 20 80 10 20 85 10 16.66666667 85
383 10 0 90 10 5 87.5 10 3.333333333 85
383 10 0 90 10 0 85 10 3.333333333 85
609 10 10 85 10 5 87.5 10 3.333333333 85
609 10 10 85 10 5 82.5 10 3.333333333 85
408 10 0 80 10 0 85 10 3.333333333 85
408 10 0 80 10 5 82.5 10 3.333333333 85
78 10 20 100 10 15 102.5 10 16.66666667 105
78 10 20 100 10 20 105 10 16.66666667 105
610 10 10 105 10 15 102.5 10 16.66666667 105
610 10 10 105 10 15 107.5 10 16.66666667 105
176 10 20 110 10 20 105 10 16.66666667 105
176 10 20 110 10 15 107.5 10 16.66666667 105
481 10 0 110 10 5 107.5 10 3.333333333 105
481 10 0 110 10 0 105 10 3.333333333 105
610 10 10 105 10 5 107.5 10 3.333333333 105
610 10 10 105 10 5 102.5 10 3.333333333 105
385 10 0 100 10 0 105 10 3.333333333 105
385 10 0 100 10 5 102.5 10 3.333333333 105
22 10 20 120 10 14.89583349 122.5694427 10 16.59722233 125.0462952
22 10 20 120 10 20 125 10 16.59722233 125.0462952
611 10 9.791666985 125.1388855 10 14.89583349 122.5694427 10 16.59722233 125.0462952
611 10 9.791666985 125.1388855 10 14.89583349 127.5694427 10 16.59722233 125.0462952
20 10 20 130 10 20 125 10 16.59722233 125.0462952
20 10 20 130 10 14.89583349 127.5694427 10 16.59722233 125.0462952
334 10 0 130 10 4.895833492 127.5694427 10 3.263888995 125.0462952
334 10 0 130 10 0 125 10 3.263888995 125.0462952
611 10 9.791666985 125.1388855 10 4.895833492 127.5694427 10 3.263888995 125.0462952
611 10 9.791666985 125.1388855 10 4.895833492 122.5694427 10 3.263888995 125.0462952
335 10 0 120 10 0 125 10 3.263888995 125.0462952
335 10 0 120 10 4.895833492 122.5694427 10 3.263888995 125.0462952
20 10 20 130 10 15.07316446 133.0146332 10 16.71544298 135.3430888
20 10 20 130 10 20 135 10 16.71544298 135.3430888
612 10 10.14632893 136.0292664 10 15.07316446 133.0146332 10 16.71544298 135.3430888
612 10 10.14632893 136.0292664 10 15.07316446 138.0146332 10 16.71544298 135.3430888
141 10 20 140 10 20 135 10 16.71544298 135.3430888
141 10 20 140 10 15.07316446 138.0146332 10 16.71544298 135.3430888
612 10 10.14632893 136.0292664 10 5.073164463 133.0146332 10 3.382109642 135.3430888
612 10 10.14632893 136.0292664 10 5.073164463 138.0146332 10 3.382109642 135.3430888
334 10 0 130 10 5.073164463 133.0146332 10 3.382109642 135.3430888
334 10 0 130 10 0 135 10 3.382109642 135.3430888
444 10 0 140 10 5.073164463 138.0146332 10 3.382109642 135.3430888
444 10 0 140 10 0 135 10 3.382109642 135.3430888
20 10 20 130 10 14.89583349 127.5694427 10 13.3126653 130.389384
20 10 20 130 10 15.07316446 133.0146332 10 13.3126653 130.389384
611 10 9.791666985 125.1388855 10 14.89583349 127.5694427 10 13.3126653 130.389384
611 10 9.791666985 125.1388855 10 9.968997955 130.5840759 10 13.3126653 130.389384
612 10 10.14632893 136.0292664 10 15.07316446 133.0146332 10 13.3126653 130.389384
612 10 10.14632893 136.0292664 10 9.968997955 130.5840759 10 13.3126653 130.389384
612 10 10.14632893 136.0292664 10 9.968997955 130.5840759 10 6.645998637 130.389384
612 10 10.14632893 136.0292664 10 5.073164463 133.0146332 10 6.645998637 130.389384
611 10 9.791666985 125.1388855 10 9.968997955 130.5840759 10 6.645998637 130.389384
611 10 9.791666985 125.1388855 10 4.895833492 127.5694427 10 6.645998637 130.389384
334 10 0 130 10 5.073164463 133.0146332 10 6.645998637 130.389384
334 10 0 130 10 4.895833492 127.5694427 10 6.645998637 130.389384
613 10 9.946853638 54.88307953 10 14.97342682 57.44153976 10 16.64895121 54.96102651
613 10 9.946853638 54.88307953 10 14.97342682 52.44153976 10 16.64895121 54.96102651
184 10 20 60 10 14.97342682 57.44153976 10 16.64895121 54.96102651
184 10 20 60 10 20 55 10 16.64895121 54.96102651
198 10 20 50 10 14.97342682 52.44153976 10 16.64895121 54.96102651
198 10 20 50 10 20 55 10 16.64895121 54.96102651
487 10 0 60 10 4.973426819 57.44153976 10 3.315617879 54.96102651
487 10 0 60 10 0 55 10 3.315617879 54.96102651
613 10 9.946853638 54.88307953 10 4.973426819 57.44153976 10 3.315617879 54.96102651
613 10 9.946853638 54.88307953 10 4.973426819 52.44153976 10 3.315617879 54.96102651
503 10 0 50 10 0 55 10 3.315617879 54.96102651
503 10 0 50 10 4.973426819 52.44153976 10 3.315617879 54.96102651
607 10 9.68112278 44.29846954 10 9.813988209 49.59077454 10 13.20932547 49.72718302
607 10 9.68112278 44.29846954 10 14.84056139 47.14923477 10 13.20932547 49.72718302
613 10 9.946853638 54.88307953 10 9.813988209 49.59077454 10 13.20932547 49.72718302
613 10 9.946853638 54.88307953 10 14.97342682 52.44153976 10 13.20932547 49.72718302
198 10 20 50 10 14.84056139 47.14923477 10 13.20932547 49.72718302
198 10 20 50 10 14.97342682 52.44153976 10 13.20932547 49.72718302
613 10 9.946853638 54.88307953 10 9.813988209 49.59077454 10 6.542658806 49.72718302
613 10 9.946853638 54.88307953 10 4.973426819 52.44153976 10 6.542658806 49.72718302
607 10 9.68112278 44.29846954 10 9.813988209 49.59077454 10 6.542658806 49.72718302
607 10 9.68112278 44.29846954 10 4.84056139 47.14923477 10 6.542658806 49.72718302
503 10 0 50 10 4.973426819 52.44153976 10 6.542658806 49.72718302
503 10 0 50 10 4.84056139 47.14923477 10 6.542658806 49.72718302
613 10 9.946853638 54.88307953 10 9.973426819 59.94153976 10 13.31561788 59.96102651
613 10 9.946853638 54.88307953 10 14.97342682 57.44153976 10 13.31561788 59.96102651
608 10 10 65 10 9.973426819 59.94153976 10 13.31561788 59.96102651
608 10 10 65 10 15 62.5 10 13.31561788 59.96102651
184 10 20 60 10 14.97342682 57.44153976 10 13.31561788 59.96102651
184 10 20 60 10 15 62.5 10 13.31561788 59.96102651
487 10 0 60 10 5 62.5 10 6.648951213 59.96102651
487 10 0 60 10 4.973426819 57.44153976 10 6.648951213 59.96102651
608 10 10 65 10 5 62.5 10 6.648951213 59.96102651
608 10 10 65 10 9.973426819 59.94153976 10 6.648951213 59.96102651
613 10 9.946853638 54.88307953 10 4.973426819 57.44153976 10 6.648951213 59.96102651
613 10 9.946853638 54.88307953 10 9.973426819 59.94153976 10 6.648951213 59.96102651
614 10 10 75 10 15 77.5 10 16.66666667 75
614 10 10 75 10 15 72.5 10 16.66666667 75
102 10 20 80 10 15 77.5 10 16.66666667 75
102 10 20 80 10 20 75 10 16.66666667 75
104 10 20 70 10 15 72.5 10 16.66666667 75
104 10 20 70 10 20 75 10 16.66666667 75
408 10 0 80 10 5 77.5 10 3.333333333 75
408 10 0 80 10 0 75 10 3.333333333 75
614 10 10 75 10 5 77.5 10 3.333333333 75
614 10 10 75 10 5 72.5 10 3.333333333 75
406 10 0 70 10 0 75 10 3.333333333 75
406 10 0 70 10 5 72.5 10 3.333333333 75
104 10 20 70 10 15 67.5 10 13.33333333 70
104 10 20 70 10 15 72.5 10 13.33333333 70
608 10 10 65 10 15 67.5 10 13.33333333 70
608 10 10 65 10 10 70 10 13.33333333 70
614 10 10 75 10 15 72.5 10 13.33333333 70
614 10 10 75 10 10 70 10 13.33333333 70
614 10 10 75 10 10 70 10 6.666666667 70
614 10 10 75 10 5 72.5 10 6.666666667 70
608 10 10 65 10 10 70 10 6.666666667 70
608 10 10 65 10 5 67.5 10 6.666666667 70
406 10 0 70 10 5 72.5 10 6.666666667 70
406 10 0 70 10 5 67.5 10 6.666666667 70
614 10 10 75 10 10 80 10 13.33333333 80
614 10 10 75 10 15 77.5 10 13.33333333 80
609 10 10 85 10 10 80 10 13.33333333 80
609 10 10 85 10 15 82.5 10 13.33333333 80
102 10 20 80 10 15 77.5 10 13.33333333 80
102 10 20 80 10 15 82.5 10 13.33333333 80
609 10 10 85 10 10 80 10 6.666666667 80
609 10 10 85 10 5 82.5 10 6.666666667 80
614 10 10 75 10 10 80 10 6.666666667 80
614 10 10 75 10 5 77.5 10 6.666666667 80
408 10 0 80 10 5 82.5 10 6.666666667 80
408 10 0 80 10 5 77.5 10 6.666666667 80
80 10 20 90 10 15 92.5 10 16.66666667 95
80 10 20 90 10 20 95 10 16.66666667 95
615 10 10 95 10 15 92.5 10 16.66666667 95
615 10 10 95 10 15 97.5 10 16.66666667 95
78 10 20 100 10 20 95 10 16.66666667 95
78 10 20 100 10 15 97.5 10 16.66666667 95
383 10 0 90 10 0 95 10 3.333333333 95
383 10 0 90 10 5 92.5 10 3.333333333 95
385 10 0 100 10 0 95 10 3.333333333 95
385 10 0 100 10 5 97.5 10 3.333333333 95
615 10 10 95 10 5 92.5 10 3.333333333 95
615 10 10 95 10 5 97.5 10 3.333333333 95
80 10 20 90 10 15 87.5 10 13.33333333 90
80 10 20 90 10 15 92.5 10 13.33333333 90
609 10 10 85 10 15 87.5 10 13.33333333 90
609 10 10 85 10 10 90 10 13.33333333 90
615 10 10 95 10 15 92.5 10 13.33333333 90
615 10 10 95 10 10 90 10 13.33333333 90
383 10 0 90 10 5 92.5 10 6.666666667 90
383 10 0 90 10 5 87.5 10 6.666666667 90
615 10 10 95 10 5 92.5 10 6.666666667 90
615 10 10 95 10 10 90 10 6.666666667 90
609 10 10 85 10 5 87.5 10 6.666666667 90
609 10 10 85 10 10 90 10 6.666666667 90
78 10 20 100 10 15 97.5 10 13.33333333 100
78 10 20 100 10 15 102.5 10 13.33333333 100
615 10 10 95 10 15 97.5 10 13.33333333 100
615 10 10 95 10 10 100 10 13.33333333 100
610 10 10 105 10 15 102.5 10 13.33333333 100
610 10 10 105 10 10 100 10 13.33333333 100
615 10 10 95 10 5 97.5 10 6.666666667 100
615 10 10 95 10 10 100 10 6.666666667 100
385 10 0 100 10 5 97.5 10 6.666666667 100
385 10 0 100 10 5 102.5 10 6.666666667 100
610 10 10 105 10 10 100 10 6.666666667 100
610 10 10 105 10 5 102.5 10 6.666666667 100
176 10 20 110 10 14.98263884 112.5115738 10 16.65509256 115.0077159
176 10 20 110 10 20 115 10 16.65509256 115.0077159
616 10 9.965277672 115.0231476 10 14.98263884 112.5115738 10 16.65509256 115.0077159
616 10 9.965277672 115.0231476 10 14.98263884 117.5115738 10 16.65509256 115.0077159
22 10 20 120 10 20 115 10 16.65509256 115.0077159
22 10 20 120 10 14.98263884 117.5115738 10 16.65509256 115.0077159
335 10 0 120 10 4.982638836 117.5115738 10 3.321759224 115.0077159
335 10 0 120 10 0 115 10 3.321759224 115.0077159
616 10 9.965277672 115.0231476 10 4.982638836 117.5115738 10 3.321759224 115.0077159
616 10 9.965277672 115.0231476 10 4.982638836 112.5115738 10 3.321759224 115.0077159
481 10 0 110 10 0 115 10 3.321759224 115.0077159
481 10 0 110 10 4.982638836 112.5115738 10 3.321759224 115.0077159
610 10 10 105 10 9.982638836 110.0115738 10 13.32175922 110.0077159
610 10 10 105 10 15 107.5 10 13.32175922 110.0077159
616 10 9.965277672 115.0231476 10 9.982638836 110.0115738 10 13.32175922 110.0077159
616 10 9.965277672 115.0231476 10 14.98263884 112.5115738 10 13.32175922 110.0077159
176 10 20 110 10 15 107.5 10 13.32175922 110.0077159
176 10 20 110 10 14.98263884 112.5115738 10 13.32175922 110.0077159
481 10 0 110 10 4.982638836 112.5115738 10 6.655092557 110.0077159
481 10 0 110 10 5 107.5 10 6.655092557 110.0077159
616 10 9.965277672 115.0231476 10 4.982638836 112.5115738 10 6.655092557 110.0077159
616 10 9.965277672 115.0231476 10 9.982638836 110.0115738 10 6.655092557 110.0077159
610 10 10 105 10 5 107.5 10 6.655092557 110.0077159
610 10 10 105 10 9.982638836 110.0115738 10 6.655092557 110.0077159
22 10 20 120 10 14.98263884 117.5115738 10 13.25231489 120.054011
22 10 20 120 10 14.89583349 122.5694427 10 13.25231489 120.054011
616 10 9.965277672 115.0231476 10 14.98263884 117.5115738 10 13.25231489 120.054011
616 10 9.965277672 115.0231476 10 9.878472328 120.0810165 10 13.25231489 120.054011
611 10 9.791666985 125.1388855 10 14.89583349 122.5694427 10 13.25231489 120.054011
611 10 9.791666985 125.1388855 10 9.878472328 120.0810165 10 13.25231489 120.054011
611 10 9.791666985 125.1388855 10 9.878472328 120.0810165 10 6.585648219 120.054011
611 10 9.791666985 125.1388855 10 4.895833492 122.5694427 10 6.585648219 120.054011
616 10 9.965277672 115.0231476 10 9.878472328 120.0810165 10 6.585648219 120.054011
616 10 9.965277672 115.0231476 10 4.982638836 117.5115738 10 6.585648219 120.054011
335 10 0 120 10 4.895833492 122.5694427 10 6.585648219 120.054011
335 10 0 120 10 4.982638836 117.5115738 10 6.585648219 120.054011
617 10 12.64609146 37.10555267 10 16.32304573 33.55277634 10 14.21536382 32.36851756
617 10 12.64609146 37.10555267 10 11.32304573 33.55277634 10 14.21536382 32.36851756
19 10 20 30 10 16.32304573 33.55277634 10 14.21536382 32.36851756
19 10 20 30 10 15 30 10 14.21536382 32.36851756
15 10 10 30 10 11.32304573 33.55277634 10 14.21536382 32.36851756
15 10 10 30 10 15 30 10 14.21536382 32.36851756
617 10 12.64609146 37.10555267 10 16.32304573 38.55277634 10 17.54869715 35.70185089
617 10 12.64609146 37.10555267 10 16.32304573 33.55277634 10 17.54869715 35.70185089
155 10 20 40 10 16.32304573 38.55277634 10 17.54869715 35.70185089
155 10 20 40 10 20 35 10 17.54869715 35.70185089
19 10 20 30 10 16.32304573 33.55277634 10 17.54869715 35.70185089
19 10 20 30 10 20 35 10 17.54869715 35.70185089
155 10 20 40 10 16.32304573 38.55277634 10 14.10907141 40.46800741
155 10 20 40 10 14.84056139 42.14923477 10 14.10907141 40.46800741
617 10 12.64609146 37.10555267 10 16.32304573 38.55277634 10 14.10907141 40.46800741
617 10 12.64609146 37.10555267 10 11.16360712 40.70201111 10 14.10907141 40.46800741
607 10 9.68112278 44.29846954 10 14.84056139 42.14923477 10 14.10907141 40.46800741
607 10 9.68112278 44.29846954 10 11.16360712 40.70201111 10 14.10907141 40.46800741
618 10 7.024970531 143.207962 10 3.512485266 141.603981 10 2.341656844 144.402654
618 10 7.024970531 143.207962 10 3.512485266 146.603981 10 2.341656844 144.402654
444 10 0 140 10 3.512485266 141.603981 10 2.341656844 144.402654
444 10 0 140 10 1.812841393e-31 145 10 2.341656844 144.402654
338 10 3.625682786e-31 150 10 3.512485266 146.603981 10 2.341656844 144.402654
338 10 3.625682786e-31 150 10 1.812841393e-31 145 10 2.341656844 144.402654
618 10 7.024970531 143.207962 10 3.512485266 146.603981 10 5.674990177 147.7359873
618 10 7.024970531 143.207962 10 8.512485266 146.603981 10 5.674990177 147.7359873
338 10 3.625682786e-31 150 10 3.512485266 146.603981 10 5.674990177 147.7359873
338 10 3.625682786e-31 150 10 5 150 10 5.674990177 147.7359873
619 10 10 150 10 8.512485266 146.603981 10 5.674990177 147.7359873
619 10 10 150 10 5 150 10 5.674990177 147.7359873
612 10 10.14632893 136.0292664 10 5.073164463 138.0146332 10 5.723766486 139.7457428
612 10 10.14632893 136.0292664 10 8.585649729 139.6186142 10 5.723766486 139.7457428
444 10 0 140 10 5.073164463 138.0146332 10 5.723766486 139.7457428
444 10 0 140 10 3.512485266 141.603981 10 5.723766486 139.7457428
618 10 7.024970531 143.207962 10 8.585649729 139.6186142 10 5.723766486 139.7457428
618 10 7.024970531 143.207962 10 3.512485266 141.603981 10 5.723766486 139.7457428
141 10 20 140 10 16.81927919 141.9668427 10 17.87951946 144.6445618
141 10 20 140 10 20 145 10 17.87951946 144.6445618
620 10 13.63855839 143.9336853 10 16.81927919 141.9668427 10 17.87951946 144.6445618
620 10 13.63855839 143.9336853 10 16.81927919 146.9668427 10 17.87951946 144.6445618
30 10 20 150 10 20 145 10 17.87951946 144.6445618
30 10 20 150 10 16.81927919 146.9668427 10 17.87951946 144.6445618
30 10 20 150 10 16.81927919 146.9668427 10 14.54618613 147.9778951
30 10 20 150 10 15 150 10 14.54618613 147.9778951
620 10 13.63855839 143.9336853 10 16.81927919 146.9668427 10 14.54618613 147.9778951
620 10 13.63855839 143.9336853 10 11.81927919 146.9668427 10 14.54618613 147.9778951
619 10 10 150 10 15 150 10 14.54618613 147.9778951
619 10 10 150 10 11.81927919 146.9668427 10 14.54618613 147.9778951
612 10 10.14632893 136.0292664 10 11.89244366 139.9814758 10 14.59496244 139.9876506
612 10 10.14632893 136.0292664 10 15.07316446 138.0146332 10 14.59496244 139.9876506
620 10 13.63855839 143.9336853 10 11.89244366 139.9814758 10 14.59496244 139.9876506
620 10 13.63855839 143.9336853 10 16.81927919 141.9668427 10 14.59496244 139.9876506
141 10 20 140 10 15.07316446 138.0146332 10 14.59496244 139.9876506
141 10 20 140 10 16.81927919 141.9668427 10 14.59496244 139.9876506
619 10 10 150 10 11.81927919 146.9668427 10 10.22117631 145.7138824
619 10 10 150 10 8.512485266 146.603981 10 10.22117631 145.7138824
620 10 13.63855839 143.9336853 10 11.81927919 146.9668427 10 10.22117631 145.7138824
620 10 13.63855839 143.9336853 10 10.33176446 143.5708237 10 10.22117631 145.7138824
618 10 7.024970531 143.207962 10 8.512485266 146.603981 10 10.22117631 145.7138824
618 10 7.024970531 143.207962 10 10.33176446 143.5708237 10 10.22117631 145.7138824
620 10 13.63855839 143.9336853 10 11.89244366 139.9814758 10 10.26995262 141.0569712
620 10 13.63855839 143.9336853 10 10.33176446 143.5708237 10 10.26995262 141.0569712
612 10 10.14632893 136.0292664 10 11.89244366 139.9814758 10 10.26995262 141.0569712
612 10 10.14632893 136.0292664 10 8.585649729 139.6186142 10 10.26995262 141.0569712
618 10 7.024970531 143.207962 10 10.33176446 143.5708237 10 10.26995262 141.0569712
618 10 7.024970531 143.207962 10 8.585649729 139.6186142 10 10.26995262 141.0569712
14 10 2.719262148e-31 30 10 3.232721329 33.14040184 10 5.488480886 32.09360123
14 10 2.719262148e-31 30 10 5 30 10 5.488480886 32.09360123
621 10 6.465442657 36.28080368 10 3.232721329 33.14040184 10 5.488480886 32.09360123
621 10 6.465442657 36.28080368 10 8.232721329 33.14040184 10 5.488480886 32.09360123
15 10 10 30 10 5 30 10 5.488480886 32.09360123
15 10 10 30 10 8.232721329 33.14040184 10 5.488480886 32.09360123
459 10 0 40 10 3.232721329 38.14040184 10 2.155147552 35.42693456
459 10 0 40 10 1.359631074e-31 35 10 2.155147552 35.42693456
621 10 6.465442657 36.28080368 10 3.232721329 38.14040184 10 2.155147552 35.42693456
621 10 6.465442657 36.28080368 10 3.232721329 33.14040184 10 2.155147552 35.42693456
14 10 2.719262148e-31 30 10 1.359631074e-31 35 10 2.155147552 35.42693456
14 10 2.719262148e-31 30 10 3.232721329 33.14040184 10 2.155147552 35.42693456
607 10 9.68112278 44.29846954 10 8.073282719 40.28963661 10 5.382188479 40.19309107
607 10 9.68112278 44.29846954 10 4.84056139 42.14923477 10 5.382188479 40.19309107
621 10 6.465442657 36.28080368 10 8.073282719 40.28963661 10 5.382188479 40.19309107
621 10 6.465442657 36.28080368 10 3.232721329 38.14040184 10 5.382188479 40.19309107
459 10 0 40 10 4.84056139 42.14923477 10 5.382188479 40.19309107
459 10 0 40 10 3.232721329 38.14040184 10 5.382188479 40.19309107
621 10 6.465442657 36.28080368 10 9.555767059 36.69317818 10 9.703844706 34.46211878
621 10 6.465442657 36.28080368 10 8.232721329 33.14040184 10 9.703844706 34.46211878
617 10 12.64609146 37.10555267 10 9.555767059 36.69317818 10 9.703844706 34.46211878
617 10 12.64609146 37.10555267 10 11.32304573 33.55277634 10 9.703844706 34.46211878
15 10 10 30 10 8.232721329 33.14040184 10 9.703844706 34.46211878
15 10 10 30 10 11.32304573 33.55277634 10 9.703844706 34.46211878
621 10 6.465442657 36.28080368 10 8.073282719 40.28963661 10 9.597552299 39.2282753
621 10 6.465442657 36.28080368 10 9.555767059 36.69317818 10 9.597552299 39.2282753
607 10 9.68112278 44.29846954 10 8.073282719 40.28963661 10 9.597552299 39.2282753
607 10 9.68112278 44.29846954 10 11.16360712 40.70201111 10 9.597552299 39.2282753
617 10 12.64609146 37.10555267 10 9.555767059 36.69317818 10 9.597552299 39.2282753
617 10 12.64609146 37.10555267 10 11.16360712 40.70201111 10 9.597552299 39.2282753
622 120 10 10 120 15 10 120 16.66666667 13.33333333
622 120 10 10 120 15 15 120 16.66666667 13.33333333
151 120 20 10 120 15 10 120 16.66666667 13.33333333
151 120 20 10 120 20 15 120 16.66666667 13.33333333
150 120 20 20 120 15 15 120 16.66666667 13.33333333
150 120 20 20 120 20 15 120 16.66666667 13.33333333
150 120 20 20 120 15 20 120 13.33333333 16.66666667
150 120 20 20 120 15 15 120 13.33333333 16.66666667
623 120 10 20 120 15 20 120 13.33333333 16.66666667
623 120 10 20 120 10 15 120 13.33333333 16.66666667
622 120 10 10 120 15 15 120 13.33333333 16.66666667
622 120 10 10 120 10 15 120 13.33333333 16.66666667
624 120 5 15 120 2.5 17.5 120 1.666666667 15
624 120 5 15 120 2.5 12.5 120 1.666666667 15
454 120 -1.110223025e-15 20 120 2.5 17.5 120 1.666666667 15
454 120 -1.110223025e-15 20 120 -5.551115123e-16 15 120 1.666666667 15
456 120 0 10 120 2.5 12.5 120 1.666666667 15
456 120 0 10 120 -5.551115123e-16 15 120 1.666666667 15
454 120 -1.110223025e-15 20 120 2.5 17.5 120 5 18.33333333
454 120 -1.110223025e-15 20 120 5 20 120 5 18.33333333
624 120 5 15 120 2.5 17.5 120 5 18.33333333
624 120 5 15 120 7.5 17.5 120 5 18.33333333
623 120 10 20 120 5 20 120 5 18.33333333
623 120 10 20 120 7.5 17.5 120 5 18.33333333
624 120 5 15 120 2.5 12.5 120 5 11.66666667
624 120 5 15 120 7.5 12.5 120 5 11.66666667
456 120 0 10 120 2.5 12.5 120 5 11.66666667
456 120 0 10 120 5 10 120 5 11.66666667
622 120 10 10 120 7.5 12.5 120 5 11.66666667
622 120 10 10 120 5 10 120 5 11.66666667
623 120 10 20 120 7.5 17.5 120 8.333333333 15
623 120 10 20 120 10 15 120 8.333333333 15
624 120 5 15 120 7.5 17.5 120 8.333333333 15
624 120 5 15 120 7.5 12.5 120 8.333333333 15
622 120 10 10 120 10 15 120 8.333333333 15
622 120 10 10 120 7.5 12.5 120 8.333333333 15
151 120 20 10 120 17.5 7.5 120 18.33333333 5
151 120 20 10 120 20 5 120 18.33333333 5
625 120 15 5 120 17.5 7.5 120 18.33333333 5
625 120 15 5 120 17.5 2.5 120 18.33333333 5
226 120 20 0 120 20 5 120 18.33333333 5
226 120 20 0 120 17.5 2.5 120 18.33333333 5
226 120 20 0 120 17.5 2.5 120 15 1.666666667
226 120 20 0 120 15 0 120 15 1.666666667
625 120 15 5 120 17.5 2.5 120 15 1.666666667
625 120 15 5 120 12.5 2.5 120 15 1.666666667
329 120 10 0 120 15 0 120 15 1.666666667
329 120 10 0 120 12.5 2.5 120 15 1.666666667
151 120 20 10 120 15 10 120 15 8.333333333
151 120 20 10 120 17.5 7.5 120 15 8.333333333
622 120 10 10 120 15 10 120 15 8.333333333
622 120 10 10 120 12.5 7.5 120 15 8.333333333
625 120 15 5 120 17.5 7.5 120 15 8.333333333
625 120 15 5 120 12.5 7.5 120 15 8.333333333
626 120 5 5 120 2.5 2.5 120 5 1.666666667
626 120 5 5 120 7.5 2.5 120 5 1.666666667
330 120 0 0 120 2.5 2.5 120 5 1.666666667
330 120 0 0 120 5 0 120 5 1.666666667
329 120 10 0 120 7.5 2.5 120 5 1.666666667
329 120 10 0 120 5 0 120 5 1.666666667
330 120 0 0 120 2.5 2.5 120 1.666666667 5
330 120 0 0 120 0 5 120 1.666666667 5
626 120 5 5 120 2.5 2.5 120 1.666666667 5
626 120 5 5 120 2.5 7.5 120 1.666666667 5
456 120 0 10 120 0 5 120 1.666666667 5
456 120 0 10 120 2.5 7.5 120 1.666666667 5
626 120 5 5 120 7.5 7.5 120 5 8.333333333
626 120 5 5 120 2.5 7.5 120 5 8.333333333
622 120 10 10 120 7.5 7.5 120 5 8.333333333
622 120 10 10 120 5 10 120 5 8.333333333
456 120 0 10 120 2.5 7.5 120 5 8.333333333
456 120 0 10 120 5 10 120 5 8.333333333
625 120 15 5 120 10 5 120 10 3.333333333
625 120 15 5 120 12.5 2.5 120 10 3.333333333
626 120 5 5 120 10 5 120 10 3.333333333
626 120 5 5 120 7.5 2.5 120 10 3.333333333
329 120 10 0 120 12.5 2.5 120 10 3.333333333
329 120 10 0 120 7.5 2.5 120 10 3.333333333
622 120 10 10 120 7.5 7.5 120 10 6.666666667
622 120 10 10 120 12.5 7.5 120 10 6.666666667
626 120 5 5 120 7.5 7.5 120 10 6.666666667
626 120 5 5 120 10 5 120 10 6.666666667
625 120 15 5 120 12.5 7.5 120 10 6.666666667
625 120 15 5 120 10 5 120 10 6.666666667
37 112.9289322 20 22.92893219 112.9289322 15.9578743 22.92893219 115.2859548 17.30524953 21.95262146
37 112.9289322 20 22.92893219 116.4644661 20 21.46446609 115.2859548 17.30524953 21.95262146
627 112.9289322 11.9157486 22.92893219 112.9289322 15.9578743 22.92893219 115.2859548 17.30524953 21.95262146
627 112.9289322 11.9157486 22.92893219 116.4644661 15.9578743 21.46446609 115.2859548 17.30524953 21.95262146
150 120 20 20 116.4644661 20 21.46446609 115.2859548 17.30524953 21.95262146
150 120 20 20 116.4644661 15.9578743 21.46446609 115.2859548 17.30524953 21.95262146
36 110 20 30 111.4644661 15.9578743 26.46446609 111.9526215 17.30524953 25.28595479
36 110 20 30 111.4644661 20 26.46446609 111.9526215 17.30524953 25.28595479
627 112.9289322 11.9157486 22.92893219 111.4644661 15.9578743 26.46446609 111.9526215 17.30524953 25.28595479
627 112.9289322 11.9157486 22.92893219 112.9289322 15.9578743 22.92893219 111.9526215 17.30524953 25.28595479
37 112.9289322 20 22.92893219 111.4644661 20 26.46446609 111.9526215 17.30524953 25.28595479
37 112.9289322 20 22.92893219 112.9289322 15.9578743 22.92893219 111.9526215 17.30524953 25.28595479
627 112.9289322 11.9157486 22.92893219 116.4644661 10.9578743 21.46446609 117.6429774 13.9719162 20.97631073
627 112.9289322 11.9157486 22.92893219 116.4644661 15.9578743 21.46446609 117.6429774 13.9719162 20.97631073
623 120 10 20 116.4644661 10.9578743 21.46446609 117.6429774 13.9719162 20.97631073
623 120 10 20 120 15 20 117.6429774 13.9719162 20.97631073
150 120 20 20 116.4644661 15.9578743 21.46446609 117.6429774 13.9719162 20.97631073
150 120 20 20 120 15 20 117.6429774 13.9719162 20.97631073
628 110 10 30 111.4644661 10.9578743 26.46446609 110.9763107 13.9719162 27.6429774
628 110 10 30 110 15 30 110.9763107 13.9719162 27.6429774
627 112.9289322 11.9157486 22.92893219 111.4644661 10.9578743 26.46446609 110.9763107 13.9719162 27.6429774
627 112.9289322 11.9157486 22.92893219 111.4644661 15.9578743 26.46446609 110.9763107 13.9719162 27.6429774
36 110 20 30 110 15 30 110.9763107 13.9719162 27.6429774
36 110 20 30 111.4644661 15.9578743 26.46446609 110.9763107 13.9719162 27.6429774
346 112.9289322 -1.570092458e-15 22.92893219 112.1469574 2.513944864 23.94273376 111.4313049 1.675963243 25.96182251
346 112.9289322 -1.570092458e-15 22.92893219 111.4644661 -7.850462291e-16 26.46446609 111.4313049 1.675963243 25.96182251
629 111.3649826 5.027889729 24.95653534 112.1469574 2.513944864 23.94273376 111.4313049 1.675963243 25.96182251
629 111.3649826 5.027889729 24.95653534 110.6824913 2.513944864 27.47826767 111.4313049 1.675963243 25.96182251
344 110 0 30 111.4644661 -7.850462291e-16 26.46446609 111.4313049 1.675963243 25.96182251
344 110 0 30 110.6824913 2.513944864 27.47826767 111.4313049 1.675963243 25.96182251
629 111.3649826 5.027889729 24.95653534 110.6824913 7.513944864 27.47826767 110.4549942 5.009296576 28.31884511
629 111.3649826 5.027889729 24.95653534 110.6824913 2.513944864 27.47826767 110.4549942 5.009296576 28.31884511
628 110 10 30 110.6824913 7.513944864 27.47826767 110.4549942 5.009296576 28.31884511
628 110 10 30 110 5 30 110.4549942 5.009296576 28.31884511
344 110 0 30 110.6824913 2.513944864 27.47826767 110.4549942 5.009296576 28.31884511
344 110 0 30 110 5 30 110.4549942 5.009296576 28.31884511
627 112.9289322 11.9157486 22.92893219 111.4644661 10.9578743 26.46446609 111.4313049 8.981212775 25.96182251
627 112.9289322 11.9157486 22.92893219 112.1469574 8.471819162 23.94273376 111.4313049 8.981212775 25.96182251
628 110 10 30 111.4644661 10.9578743 26.46446609 111.4313049 8.981212775 25.96182251
628 110 10 30 110.6824913 7.513944864 27.47826767 111.4313049 8.981212775 25.96182251
629 111.3649826 5.027889729 24.95653534 112.1469574 8.471819162 23.94273376 111.4313049 8.981212775 25.96182251
629 111.3649826 5.027889729 24.95653534 110.6824913 7.513944864 27.47826767 111.4313049 8.981212775 25.96182251
346 112.9289322 -1.570092458e-15 22.92893219 116.4644661 -1.340157741e-15 21.46446609 116.0305049 1.677587032 21.39227422
346 112.9289322 -1.570092458e-15 22.92893219 114.0457573 2.516380548 22.08841133 116.0305049 1.677587032 21.39227422
454 120 -1.110223025e-15 20 116.4644661 -1.340157741e-15 21.46446609 116.0305049 1.677587032 21.39227422
454 120 -1.110223025e-15 20 117.5812912 2.516380548 20.62394524 116.0305049 1.677587032 21.39227422
630 115.1625824 5.032761097 21.24789047 114.0457573 2.516380548 22.08841133 116.0305049 1.677587032 21.39227422
630 115.1625824 5.032761097 21.24789047 117.5812912 2.516380548 20.62394524 116.0305049 1.677587032 21.39227422
623 120 10 20 117.5812912 7.516380548 20.62394524 118.3875275 5.010920366 20.41596349
623 120 10 20 120 5 20 118.3875275 5.010920366 20.41596349
630 115.1625824 5.032761097 21.24789047 117.5812912 7.516380548 20.62394524 118.3875275 5.010920366 20.41596349
630 115.1625824 5.032761097 21.24789047 117.5812912 2.516380548 20.62394524 118.3875275 5.010920366 20.41596349
454 120 -1.110223025e-15 20 120 5 20 118.3875275 5.010920366 20.41596349
454 120 -1.110223025e-15 20 117.5812912 2.516380548 20.62394524 118.3875275 5.010920366 20.41596349
623 120 10 20 116.4644661 10.9578743 21.46446609 116.0305049 8.982836564 21.39227422
623 120 10 20 117.5812912 7.516380548 20.62394524 116.0305049 8.982836564 21.39227422
627 112.9289322 11.9157486 22.92893219 116.4644661 10.9578743 21.46446609 116.0305049 8.982836564 21.39227422
627 112.9289322 11.9157486 22.92893219 114.0457573 8.474254847 22.08841133 116.0305049 8.982836564 21.39227422
630 115.1625824 5.032761097 21.24789047 117.5812912 7.516380548 20.62394524 116.0305049 8.982836564 21.39227422
630 115.1625824 5.032761097 21.24789047 114.0457573 8.474254847 22.08841133 116.0305049 8.982836564 21.39227422
346 112.9289322 -1.570092458e-15 22.92893219 114.0457573 2.516380548 22.08841133 113.1521657 3.353550275 23.04445267
346 112.9289322 -1.570092458e-15 22.92893219 112.1469574 2.513944864 23.94273376 113.1521657 3.353550275 23.04445267
630 115.1625824 5.032761097 21.24789047 114.0457573 2.516380548 22.08841133 113.1521657 3.353550275 23.04445267
630 115.1625824 5.032761097 21.24789047 113.2637825 5.030325413 23.10221291 113.1521657 3.353550275 23.04445267
629 111.3649826 5.027889729 24.95653534 112.1469574 2.513944864 23.94273376 113.1521657 3.353550275 23.04445267
629 111.3649826 5.027889729 24.95653534 113.2637825 5.030325413 23.10221291 113.1521657 3.353550275 23.04445267
627 112.9289322 11.9157486 22.92893219 112.1469574 8.471819162 23.94273376 113.1521657 7.325466474 23.04445267
627 112.9289322 11.9157486 22.92893219 114.0457573 8.474254847 22.08841133 113.1521657 7.325466474 23.04445267
629 111.3649826 5.027889729 24.95653534 112.1469574 8.471819162 23.94273376 113.1521657 7.325466474 23.04445267
629 111.3649826 5.027889729 24.95653534 113.2637825 5.030325413 23.10221291 113.1521657 7.325466474 23.04445267
630 115.1625824 5.032761097 21.24789047 114.0457573 8.474254847 22.08841133 113.1521657 7.325466474 23.04445267
630 115.1625824 5.032761097 21.24789047 113.2637825 5.030325413 23.10221291 113.1521657 7.325466474 23.04445267
190 110 20 50 110 14.84056139 47.14923477 110 16.56037426 44.76615651
190 110 20 50 110 20 45 110 16.56037426 44.76615651
631 110 9.68112278 44.29846954 110 14.84056139 47.14923477 110 16.56037426 44.76615651
631 110 9.68112278 44.29846954 110 14.84056139 42.14923477 110 16.56037426 44.76615651
154 110 20 40 110 20 45 110 16.56037426 44.76615651
154 110 20 40 110 14.84056139 42.14923477 110 16.56037426 44.76615651
457 110 0 40 110 4.84056139 42.14923477 110 3.227040927 44.76615651
457 110 0 40 110 0 45 110 3.227040927 44.76615651
631 110 9.68112278 44.29846954 110 4.84056139 42.14923477 110 3.227040927 44.76615651
631 110 9.68112278 44.29846954 110 4.84056139 47.14923477 110 3.227040927 44.76615651
495 110 0 50 110 0 45 110 3.227040927 44.76615651
495 110 0 50 110 4.84056139 47.14923477 110 3.227040927 44.76615651
95 110 20 70 110 15 67.5 110 16.66666667 65
95 110 20 70 110 20 65 110 16.66666667 65
632 110 10 65 110 15 67.5 110 16.66666667 65
632 110 10 65 110 15 62.5 110 16.66666667 65
170 110 20 60 110 20 65 110 16.66666667 65
170 110 20 60 110 15 62.5 110 16.66666667 65
400 110 0 70 110 0 65 110 3.333333333 65
400 110 0 70 110 5 67.5 110 3.333333333 65
475 110 0 60 110 0 65 110 3.333333333 65
475 110 0 60 110 5 62.5 110 3.333333333 65
632 110 10 65 110 5 67.5 110 3.333333333 65
632 110 10 65 110 5 62.5 110 3.333333333 65
633 110 10 85 110 15 82.5 110 16.66666667 85
633 110 10 85 110 15 87.5 110 16.66666667 85
97 110 20 80 110 15 82.5 110 16.66666667 85
97 110 20 80 110 20 85 110 16.66666667 85
69 110 20 90 110 15 87.5 110 16.66666667 85
69 110 20 90 110 20 85 110 16.66666667 85
375 110 0 90 110 0 85 110 3.333333333 85
375 110 0 90 110 5 87.5 110 3.333333333 85
401 110 0 80 110 0 85 110 3.333333333 85
401 110 0 80 110 5 82.5 110 3.333333333 85
633 110 10 85 110 5 87.5 110 3.333333333 85
633 110 10 85 110 5 82.5 110 3.333333333 85
180 110 20 110 110 15 107.5 110 16.66666667 105
180 110 20 110 110 20 105 110 16.66666667 105
634 110 10 105 110 15 107.5 110 16.66666667 105
634 110 10 105 110 15 102.5 110 16.66666667 105
68 110 20 100 110 20 105 110 16.66666667 105
68 110 20 100 110 15 102.5 110 16.66666667 105
376 110 0 100 110 5 102.5 110 3.333333333 105
376 110 0 100 110 0 105 110 3.333333333 105
634 110 10 105 110 5 102.5 110 3.333333333 105
634 110 10 105 110 5 107.5 110 3.333333333 105
483 110 0 110 110 0 105 110 3.333333333 105
483 110 0 110 110 5 107.5 110 3.333333333 105
635 110 9.791666985 125.1388855 110 14.89583349 122.5694427 110 16.59722233 125.0462952
635 110 9.791666985 125.1388855 110 14.89583349 127.5694427 110 16.59722233 125.0462952
238 110 20 120 110 14.89583349 122.5694427 110 16.59722233 125.0462952
238 110 20 120 110 20 125 110 16.59722233 125.0462952
122 110 20 130 110 14.89583349 127.5694427 110 16.59722233 125.0462952
122 110 20 130 110 20 125 110 16.59722233 125.0462952
635 110 9.791666985 125.1388855 110 4.895833492 127.5694427 110 3.263888995 125.0462952
635 110 9.791666985 125.1388855 110 4.895833492 122.5694427 110 3.263888995 125.0462952
426 110 0 130 110 4.895833492 127.5694427 110 3.263888995 125.0462952
426 110 0 130 110 0 125 110 3.263888995 125.0462952
538 110 0 120 110 4.895833492 122.5694427 110 3.263888995 125.0462952
538 110 0 120 110 0 125 110 3.263888995 125.0462952
636 110 10.14632893 136.0292664 110 15.07316446 133.0146332 110 16.71544298 135.3430888
636 110 10.14632893 136.0292664 110 15.07316446 138.0146332 110 16.71544298 135.3430888
122 110 20 130 110 15.07316446 133.0146332 110 16.71544298 135.3430888
122 110 20 130 110 20 135 110 16.71544298 135.3430888
124 110 20 140 110 15.07316446 138.0146332 110 16.71544298 135.3430888
124 110 20 140 110 20 135 110 16.71544298 135.3430888
426 110 0 130 110 5.073164463 133.0146332 110 3.382109642 135.3430888
426 110 0 130 110 0 135 110 3.382109642 135.3430888
636 110 10.14632893 136.0292664 110 5.073164463 133.0146332 110 3.382109642 135.3430888
636 110 10.14632893 136.0292664 110 5.073164463 138.0146332 110 3.382109642 135.3430888
427 110 0 140 110 0 135 110 3.382109642 135.3430888
427 110 0 140 110 5.073164463 138.0146332 110 3.382109642 135.3430888
636 110 10.14632893 136.0292664 110 9.968997955 130.5840759 110 13.3126653 130.389384
636 110 10.14632893 136.0292664 110 15.07316446 133.0146332 110 13.3126653 130.389384
635 110 9.791666985 125.1388855 110 9.968997955 130.5840759 110 13.3126653 130.389384
635 110 9.791666985 125.1388855 110 14.89583349 127.5694427 110 13.3126653 130.389384
122 110 20 130 110 15.07316446 133.0146332 110 13.3126653 130.389384
122 110 20 130 110 14.89583349 127.5694427 110 13.3126653 130.389384
635 110 9.791666985 125.1388855 110 9.968997955 130.5840759 110 6.645998637 130.389384
635 110 9.791666985 125.1388855 110 4.895833492 127.5694427 110 6.645998637 130.389384
636 110 10.14632893 136.0292664 110 9.968997955 130.5840759 110 6.645998637 130.389384
636 110 10.14632893 136.0292664 110 5.073164463 133.0146332 110 6.645998637 130.389384
426 110 0 130 110 4.895833492 127.5694427 110 6.645998637 130.389384
426 110 0 130 110 5.073164463 133.0146332 110 6.645998637 130.389384
170 110 20 60 110 14.97342682 57.44153976 110 16.64895121 54.96102651
170 110 20 60 110 20 55 110 16.64895121 54.96102651
637 110 9.946853638 54.88307953 110 14.97342682 57.44153976 110 16.64895121 54.96102651
637 110 9.946853638 54.88307953 110 14.97342682 52.44153976 110 16.64895121 54.96102651
190 110 20 50 110 20 55 110 16.64895121 54.96102651
190 110 20 50 110 14.97342682 52.44153976 110 16.64895121 54.96102651
475 110 0 60 110 0 55 110 3.315617879 54.96102651
475 110 0 60 110 4.973426819 57.44153976 110 3.315617879 54.96102651
495 110 0 50 110 0 55 110 3.315617879 54.96102651
495 110 0 50 110 4.973426819 52.44153976 110 3.315617879 54.96102651
637 110 9.946853638 54.88307953 110 4.973426819 57.44153976 110 3.315617879 54.96102651
637 110 9.946853638 54.88307953 110 4.973426819 52.44153976 110 3.315617879 54.96102651
190 110 20 50 110 14.97342682 52.44153976 110 13.20932547 49.72718302
190 110 20 50 110 14.84056139 47.14923477 110 13.20932547 49.72718302
637 110 9.946853638 54.88307953 110 14.97342682 52.44153976 110 13.20932547 49.72718302
637 110 9.946853638 54.88307953 110 9.813988209 49.59077454 110 13.20932547 49.72718302
631 110 9.68112278 44.29846954 110 14.84056139 47.14923477 110 13.20932547 49.72718302
631 110 9.68112278 44.29846954 110 9.813988209 49.59077454 110 13.20932547 49.72718302
637 110 9.946853638 54.88307953 110 4.973426819 52.44153976 110 6.542658806 49.72718302
637 110 9.946853638 54.88307953 110 9.813988209 49.59077454 110 6.542658806 49.72718302
495 110 0 50 110 4.973426819 52.44153976 110 6.542658806 49.72718302
495 110 0 50 110 4.84056139 47.14923477 110 6.542658806 49.72718302
631 110 9.68112278 44.29846954 110 9.813988209 49.59077454 110 6.542658806 49.72718302
631 110 9.68112278 44.29846954 110 4.84056139 47.14923477 110 6.542658806 49.72718302
170 110 20 60 110 15 62.5 110 13.31561788 59.96102651
170 110 20 60 110 14.97342682 57.44153976 110 13.31561788 59.96102651
632 110 10 65 110 15 62.5 110 13.31561788 59.96102651
632 110 10 65 110 9.973426819 59.94153976 110 13.31561788 59.96102651
637 110 9.946853638 54.88307953 110 14.97342682 57.44153976 110 13.31561788 59.96102651
637 110 9.946853638 54.88307953 110 9.973426819 59.94153976 110 13.31561788 59.96102651
637 110 9.946853638 54.88307953 110 9.973426819 59.94153976 110 6.648951213 59.96102651
637 110 9.946853638 54.88307953 110 4.973426819 57.44153976 110 6.648951213 59.96102651
632 110 10 65 110 9.973426819 59.94153976 110 6.648951213 59.96102651
632 110 10 65 110 5 62.5 110 6.648951213 59.96102651
475 110 0 60 110 4.973426819 57.44153976 110 6.648951213 59.96102651
475 110 0 60 110 5 62.5 110 6.648951213 59.96102651
97 110 20 80 110 15 77.5 110 16.66666667 75
97 110 20 80 110 20 75 110 16.66666667 75
638 110 10 75 110 15 77.5 110 16.66666667 75
638 110 10 75 110 15 72.5 110 16.66666667 75
95 110 20 70 110 20 75 110 16.66666667 75
95 110 20 70 110 15 72.5 110 16.66666667 75
401 110 0 80 110 0 75 110 3.333333333 75
401 110 0 80 110 5 77.5 110 3.333333333 75
400 110 0 70 110 0 75 110 3.333333333 75
400 110 0 70 110 5 72.5 110 3.333333333 75
638 110 10 75 110 5 77.5 110 3.333333333 75
638 110 10 75 110 5 72.5 110 3.333333333 75
632 110 10 65 110 15 67.5 110 13.33333333 70
632 110 10 65 110 10 70 110 13.33333333 70
95 110 20 70 110 15 67.5 110 13.33333333 70
95 110 20 70 110 15 72.5 110 13.33333333 70
638 110 10 75 110 10 70 110 13.33333333 70
638 110 10 75 110 15 72.5 110 13.33333333 70
638 110 10 75 110 5 72.5 110 6.666666667 70
638 110 10 75 110 10 70 110 6.666666667 70
400 110 0 70 110 5 72.5 110 6.666666667 70
400 110 0 70 110 5 67.5 110 6.666666667 70
632 110 10 65 110 10 70 110 6.666666667 70
632 110 10 65 110 5 67.5 110 6.666666667 70
638 110 10 75 110 15 77.5 110 13.33333333 80
638 110 10 75 110 10 80 110 13.33333333 80
97 110 20 80 110 15 77.5 110 13.33333333 80
97 110 20 80 110 15 82.5 110 13.33333333 80
633 110 10 85 110 10 80 110 13.33333333 80
633 110 10 85 110 15 82.5 110 13.33333333 80
633 110 10 85 110 5 82.5 110 6.666666667 80
633 110 10 85 110 10 80 110 6.666666667 80
401 110 0 80 110 5 82.5 110 6.666666667 80
401 110 0 80 110 5 77.5 110 6.666666667 80
638 110 10 75 110 10 80 110 6.666666667 80
638 110 10 75 110 5 77.5 110 6.666666667 80
68 110 20 100 110 15 97.5 110 16.66666667 95
68 110 20 100 110 20 95 110 16.66666667 95
639 110 10 95 110 15 97.5 110 16.66666667 95
639 110 10 95 110 15 92.5 110 16.66666667 95
69 110 20 90 110 20 95 110 16.66666667 95
69 110 20 90 110 15 92.5 110 16.66666667 95
376 110 0 100 110 0 95 110 3.333333333 95
376 110 0 100 110 5 97.5 110 3.333333333 95
375 110 0 90 110 0 95 110 3.333333333 95
375 110 0 90 110 5 92.5 110 3.333333333 95
639 110 10 95 110 5 97.5 110 3.333333333 95
639 110 10 95 110 5 92.5 110 3.333333333 95
633 110 10 85 110 15 87.5 110 13.33333333 90
633 110 10 85 110 10 90 110 13.33333333 90
69 110 20 90 110 15 87.5 110 13.33333333 90
69 110 20 90 110 15 92.5 110 13.33333333 90
639 110 10 95 110 10 90 110 13.33333333 90
639 110 10 95 110 15 92.5 110 13.33333333 90
633 110 10 85 110 10 90 110 6.666666667 90
633 110 10 85 110 5 87.5 110 6.666666667 90
639 110 10 95 110 10 90 110 6.666666667 90
639 110 10 95 110 5 92.5 110 6.666666667 90
375 110 0 90 110 5 87.5 110 6.666666667 90
375 110 0 90 110 5 92.5 110 6.666666667 90
68 110 20 100 110 15 102.5 110 13.33333333 100
68 110 20 100 110 15 97.5 110 13.33333333 100
634 110 10 105 110 15 102.5 110 13.33333333 100
634 110 10 105 110 10 100 110 13.33333333 100
639 110 10 95 110 15 97.5 110 13.33333333 100
639 110 10 95 110 10 100 110 13.33333333 100
639 110 10 95 110 10 100 110 6.666666667 100
639 110 10 95 110 5 97.5 110 6.666666667 100
634 110 10 105 110 10 100 110 6.666666667 100
634 110 10 105 110 5 102.5 110 6.666666667 100
376 110 0 100 110 5 97.5 110 6.666666667 100
376 110 0 100 110 5 102.5 110 6.666666667 100
640 110 9.965277672 115.0231476 110 14.98263884 112.5115738 110 16.65509256 115.0077159
640 110 9.965277672 115.0231476 110 14.98263884 117.5115738 110 16.65509256 115.0077159
180 110 20 110 110 14.98263884 112.5115738 110 16.65509256 115.0077159
180 110 20 110 110 20 115 110 16.65509256 115.0077159
238 110 20 120 110 14.98263884 117.5115738 110 16.65509256 115.0077159
238 110 20 120 110 20 115 110 16.65509256 115.0077159
640 110 9.965277672 115.0231476 110 4.982638836 117.5115738 110 3.321759224 115.0077159
640 110 9.965277672 115.0231476 110 4.982638836 112.5115738 110 3.321759224 115.0077159
538 110 0 120 110 4.982638836 117.5115738 110 3.321759224 115.0077159
538 110 0 120 110 0 115 110 3.321759224 115.0077159
483 110 0 110 110 4.982638836 112.5115738 110 3.321759224 115.0077159
483 110 0 110 110 0 115 110 3.321759224 115.0077159
640 110 9.965277672 115.0231476 110 9.982638836 110.0115738 110 13.32175922 110.0077159
640 110 9.965277672 115.0231476 110 14.98263884 112.5115738 110 13.32175922 110.0077159
634 110 10 105 110 9.982638836 110.0115738 110 13.32175922 110.0077159
634 110 10 105 110 15 107.5 110 13.32175922 110.0077159
180 110 20 110 110 14.98263884 112.5115738 110 13.32175922 110.0077159
180 110 20 110 110 15 107.5 110 13.32175922 110.0077159
483 110 0 110 110 5 107.5 110 6.655092557 110.0077159
483 110 0 110 110 4.982638836 112.5115738 110 6.655092557 110.0077159
634 110 10 105 110 5 107.5 110 6.655092557 110.0077159
634 110 10 105 110 9.982638836 110.0115738 110 6.655092557 110.0077159
640 110 9.965277672 115.0231476 110 4.982638836 112.5115738 110 6.655092557 110.0077159
640 110 9.965277672 115.0231476 110 9.982638836 110.0115738 110 6.655092557 110.0077159
635 110 9.791666985 125.1388855 110 9.878472328 120.0810165 110 13.25231489 120.054011
635 110 9.791666985 125.1388855 110 14.89583349 122.5694427 110 13.25231489 120.054011
640 110 9.965277672 115.0231476 110 9.878472328 120.0810165 110 13.25231489 120.054011
640 110 9.965277672 115.0231476 110 14.98263884 117.5115738 110 13.25231489 120.054011
238 110 20 120 110 14.89583349 122.5694427 110 13.25231489 120.054011
238 110 20 120 110 14.98263884 117.5115738 110 13.25231489 120.054011
635 110 9.791666985 125.1388855 110 4.895833492 122.5694427 110 6.585648219 120.054011
635 110 9.791666985 125.1388855 110 9.878472328 120.0810165 110 6.585648219 120.054011
538 110 0 120 110 4.895833492 122.5694427 110 6.585648219 120.054011
538 110 0 120 110 4.982638836 117.5115738 110 6.585648219 120.054011
640 110 9.965277672 115.0231476 110 9.878472328 120.0810165 110 6.585648219 120.054011
640 110 9.965277672 115.0231476 110 4.982638836 117.5115738 110 6.585648219 120.054011
154 110 20 40 110 16.32304573 38.55277634 110 17.54869715 35.70185089
154 110 20 40 110 20 35 110 17.54869715 35.70185089
641 110 12.64609146 37.10555267 110 16.32304573 38.55277634 110 17.54869715 35.70185089
641 110 12.64609146 37.10555267 110 16.32304573 33.55277634 110 17.54869715 35.70185089
36 110 20 30 110 20 35 110 17.54869715 35.70185089
36 110 20 30 110 16.32304573 33.55277634 110 17.54869715 35.70185089
36 110 20 30 110 16.32304573 33.55277634 110 14.21536382 32.36851756
36 110 20 30 110 15 30 110 14.21536382 32.36851756
641 110 12.64609146 37.10555267 110 16.32304573 33.55277634 110 14.21536382 32.36851756
641 110 12.64609146 37.10555267 110 11.32304573 33.55277634 110 14.21536382 32.36851756
628 110 10 30 110 15 30 110 14.21536382 32.36851756
628 110 10 30 110 11.32304573 33.55277634 110 14.21536382 32.36851756
154 110 20 40 110 14.84056139 42.14923477 110 14.10907141 40.46800741
154 110 20 40 110 16.32304573 38.55277634 110 14.10907141 40.46800741
631 110 9.68112278 44.29846954 110 14.84056139 42.14923477 110 14.10907141 40.46800741
631 110 9.68112278 44.29846954 110 11.16360712 40.70201111 110 14.10907141 40.46800741
641 110 12.64609146 37.10555267 110 16.32304573 38.55277634 110 14.10907141 40.46800741
641 110 12.64609146 37.10555267 110 11.16360712 40.70201111 110 14.10907141 40.46800741
427 110 0 140 110 3.512485266 141.603981 110 2.341656844 144.402654
427 110 0 140 110 0 145 110 2.341656844 144.402654
642 110 7.024970531 143.207962 110 3.512485266 141.603981 110 2.341656844 144.402654
642 110 7.024970531 143.207962 110 3.512485266 146.603981 110 2.341656844 144.402654
348 110 0 150 110 0 145 110 2.341656844 144.402654
348 110 0 150 110 3.512485266 146.603981 110 2.341656844 144.402654
642 110 7.024970531 143.207962 110 8.512485266 146.603981 110 5.674990177 147.7359873
642 110 7.024970531 143.207962 110 3.512485266 146.603981 110 5.674990177 147.7359873
643 110 10 150 110 8.512485266 146.603981 110 5.674990177 147.7359873
643 110 10 150 110 5 150 110 5.674990177 147.7359873
348 110 0 150 110 3.512485266 146.603981 110 5.674990177 147.7359873
348 110 0 150 110 5 150 110 5.674990177 147.7359873
427 110 0 140 110 5.073164463 138.0146332 110 5.723766486 139.7457428
427 110 0 140 110 3.512485266 141.603981 110 5.723766486 139.7457428
636 110 10.14632893 136.0292664 110 5.073164463 138.0146332 110 5.723766486 139.7457428
636 110 10.14632893 136.0292664 110 8.585649729 139.6186142 110 5.723766486 139.7457428
642 110 7.024970531 143.207962 110 3.512485266 141.603981 110 5.723766486 139.7457428
642 110 7.024970531 143.207962 110 8.585649729 139.6186142 110 5.723766486 139.7457428
644 110 13.63855839 143.9336853 110 16.81927919 141.9668427 110 17.87951946 144.6445618
644 110 13.63855839 143.9336853 110 16.81927919 146.9668427 110 17.87951946 144.6445618
124 110 20 140 110 16.81927919 141.9668427 110 17.87951946 144.6445618
124 110 20 140 110 20 145 110 17.87951946 144.6445618
39 110 20 150 110 16.81927919 146.9668427 110 17.87951946 144.6445618
39 110 20 150 110 20 145 110 17.87951946 144.6445618
644 110 13.63855839 143.9336853 110 16.81927919 146.9668427 110 14.54618613 147.9778951
644 110 13.63855839 143.9336853 110 11.81927919 146.9668427 110 14.54618613 147.9778951
39 110 20 150 110 16.81927919 146.9668427 110 14.54618613 147.9778951
39 110 20 150 110 15 150 110 14.54618613 147.9778951
643 110 10 150 110 11.81927919 146.9668427 110 14.54618613 147.9778951
643 110 10 150 110 15 150 110 14.54618613 147.9778951
636 110 10.14632893 136.0292664 110 15.07316446 138.0146332 110 14.59496244 139.9876506
636 110 10.14632893 136.0292664 110 11.89244366 139.9814758 110 14.59496244 139.9876506
124 110 20 140 110 15.07316446 138.0146332 110 14.59496244 139.9876506
124 110 20 140 110 16.81927919 141.9668427 110 14.59496244 139.9876506
644 110 13.63855839 143.9336853 110 11.89244366 139.9814758 110 14.59496244 139.9876506
644 110 13.63855839 143.9336853 110 16.81927919 141.9668427 110 14.59496244 139.9876506
642 110 7.024970531 143.207962 110 10.33176446 143.5708237 110 10.22117631 145.7138824
642 110 7.024970531 143.207962 110 8.512485266 146.603981 110 10.22117631 145.7138824
644 110 13.63855839 143.9336853 110 10.33176446 143.5708237 110 10.22117631 145.7138824
644 110 13.63855839 143.9336853 110 11.81927919 146.9668427 110 10.22117631 145.7138824
643 110 10 150 110 8.512485266 146.603981 110 10.22117631 145.7138824
643 110 10 150 110 11.81927919 146.9668427 110 10.22117631 145.7138824
642 110 7.024970531 143.207962 110 8.585649729 139.6186142 110 10.26995262 141.0569712
642 110 7.024970531 143.207962 110 10.33176446 143.5708237 110 10.26995262 141.0569712
636 110 10.14632893 136.0292664 110 8.585649729 139.6186142 110 10.26995262 141.0569712
636 110 10.14632893 136.0292664 110 11.89244366 139.9814758 110 10.26995262 141.0569712
644 110 13.63855839 143.9336853 110 10.33176446 143.5708237 110 10.26995262 141.0569712
644 110 13.63855839 143.9336853 110 11.89244366 139.9814758 110 10.26995262 141.0569712
457 110 0 40 110 0 35 110 2.155147552 35.42693456
457 110 0 40 110 3.232721329 38.14040184 110 2.155147552 35.42693456
344 110 0 30 110 0 35 110 2.155147552 35.42693456
344 110 0 30 110 3.232721329 33.14040184 110 2.155147552 35.42693456
645 110 6.465442657 36.28080368 110 3.232721329 38.14040184 110 2.155147552 35.42693456
645 110 6.465442657 36.28080368 110 3.232721329 33.14040184 110 2.155147552 35.42693456
645 110 6.465442657 36.28080368 110 3.232721329 33.14040184 110 5.488480886 32.09360123
645 110 6.465442657 36.28080368 110 8.232721329 33.14040184 110 5.488480886 32.09360123
344 110 0 30 110 3.232721329 33.14040184 110 5.488480886 32.09360123
344 110 0 30 110 5 30 110 5.488480886 32.09360123
628 110 10 30 110 8.232721329 33.14040184 110 5.488480886 32.09360123
628 110 10 30 110 5 30 110 5.488480886 32.09360123
631 110 9.68112278 44.29846954 110 4.84056139 42.14923477 110 5.382188479 40.19309107
631 110 9.68112278 44.29846954 110 8.073282719 40.28963661 110 5.382188479 40.19309107
457 110 0 40 110 4.84056139 42.14923477 110 5.382188479 40.19309107
457 110 0 40 110 3.232721329 38.14040184 110 5.382188479 40.19309107
645 110 6.465442657 36.28080368 110 8.073282719 40.28963661 110 5.382188479 40.19309107
645 110 6.465442657 36.28080368 110 3.232721329 38.14040184 110 5.382188479 40.19309107
645 110 6.465442657 36.28080368 110 8.232721329 33.14040184 110 9.703844706 34.46211878
645 110 6.465442657 36.28080368 110 9.555767059 36.69317818 110 9.703844706 34.46211878
628 110 10 30 110 8.232721329 33.14040184 110 9.703844706 34.46211878
628 110 10 30 110 11.32304573 33.55277634 110 9.703844706 34.46211878
641 110 12.64609146 37.10555267 110 9.555767059 36.69317818 110 9.703844706 34.46211878
641 110 12.64609146 37.10555267 110 11.32304573 33.55277634 110 9.703844706 34.46211878
641 110 12.64609146 37.10555267 110 11.16360712 40.70201111 110 9.597552299 39.2282753
641 110 12.64609146 37.10555267 110 9.555767059 36.69317818 110 9.597552299 39.2282753
631 110 9.68112278 44.29846954 110 11.16360712 40.70201111 110 9.597552299 39.2282753
631 110 9.68112278 44.29846954 110 8.073282719 40.28963661 110 9.597552299 39.2282753
645 110 6.465442657 36.28080368 110 9.555767059 36.69317818 110 9.597552299 39.2282753
645 110 6.465442657 36.28080368 110 8.073282719 40.28963661 110 9.597552299 39.2282753
41 112.9289322 20 157.0710754 112.9289322 15.9578743 157.0710754 111.9526215 17.30524953 154.7140503
41 112.9289322 20 157.0710754 111.4644661 20 153.5355377 111.9526215 17.30524953 154.7140503
646 112.9289322 11.9157486 157.0710754 112.9289322 15.9578743 157.0710754 111.9526215 17.30524953 154.7140503
646 112.9289322 11.9157486 157.0710754 111.4644661 15.9578743 153.5355377 111.9526215 17.30524953 154.7140503
39 110 20 150 111.4644661 20 153.5355377 111.9526215 17.30524953 154.7140503
39 110 20 150 111.4644661 15.9578743 153.5355377 111.9526215 17.30524953 154.7140503
646 112.9289322 11.9157486 157.0710754 112.9289322 15.9578743 157.0710754 115.2859548 17.30524953 158.0473836
646 112.9289322 11.9157486 157.0710754 116.4644661 15.9578743 158.5355377 115.2859548 17.30524953 158.0473836
41 112.9289322 20 157.0710754 112.9289322 15.9578743 157.0710754 115.2859548 17.30524953 158.0473836
41 112.9289322 20 157.0710754 116.4644661 20 158.5355377 115.2859548 17.30524953 158.0473836
148 120 20 160 116.4644661 15.9578743 158.5355377 115.2859548 17.30524953 158.0473836
148 120 20 160 116.4644661 20 158.5355377 115.2859548 17.30524953 158.0473836
646 112.9289322 11.9157486 157.0710754 111.4644661 10.9578743 153.5355377 110.9763107 13.9719162 152.3570251
646 112.9289322 11.9157486 157.0710754 111.4644661 15.9578743 153.5355377 110.9763107 13.9719162 152.3570251
643 110 10 150 111.4644661 10.9578743 153.5355377 110.9763107 13.9719162 152.3570251
643 110 10 150 110 15 150 110.9763107 13.9719162 152.3570251
39 110 20 150 111.4644661 15.9578743 153.5355377 110.9763107 13.9719162 152.3570251
39 110 20 150 110 15 150 110.9763107 13.9719162 152.3570251
647 120 10 160 116.4644661 10.9578743 158.5355377 117.6429774 13.9719162 159.0236918
647 120 10 160 120 15 160 117.6429774 13.9719162 159.0236918
646 112.9289322 11.9157486 157.0710754 116.4644661 10.9578743 158.5355377 117.6429774 13.9719162 159.0236918
646 112.9289322 11.9157486 157.0710754 116.4644661 15.9578743 158.5355377 117.6429774 13.9719162 159.0236918
148 120 20 160 120 15 160 117.6429774 13.9719162 159.0236918
148 120 20 160 116.4644661 15.9578743 158.5355377 117.6429774 13.9719162 159.0236918
349 112.9289322 1.570092458e-15 157.0710754 113.9427338 2.513944864 157.8530426 115.9618225 1.675963243 158.5686951
349 112.9289322 1.570092458e-15 157.0710754 116.4644661 1.340157741e-15 158.5355377 115.9618225 1.675963243 158.5686951
648 114.9565353 5.027889729 158.6350098 113.9427338 2.513944864 157.8530426 115.9618225 1.675963243 158.5686951
648 114.9565353 5.027889729 158.6350098 117.4782677 2.513944864 159.3175049 115.9618225 1.675963243 158.5686951
451 120 1.110223025e-15 160 116.4644661 1.340157741e-15 158.5355377 115.9618225 1.675963243 158.5686951
451 120 1.110223025e-15 160 117.4782677 2.513944864 159.3175049 115.9618225 1.675963243 158.5686951
648 114.9565353 5.027889729 158.6350098 117.4782677 7.513944864 159.3175049 118.3188451 5.009296576 159.5450033
648 114.9565353 5.027889729 158.6350098 117.4782677 2.513944864 159.3175049 118.3188451 5.009296576 159.5450033
647 120 10 160 117.4782677 7.513944864 159.3175049 118.3188451 5.009296576 159.5450033
647 120 10 160 120 5 160 118.3188451 5.009296576 159.5450033
451 120 1.110223025e-15 160 117.4782677 2.513944864 159.3175049 118.3188451 5.009296576 159.5450033
451 120 1.110223025e-15 160 120 5 160 118.3188451 5.009296576 159.5450033
648 114.9565353 5.027889729 158.6350098 113.9427338 8.471819162 157.8530426 115.9618225 8.981212775 158.5686951
648 114.9565353 5.027889729 158.6350098 117.4782677 7.513944864 159.3175049 115.9618225 8.981212775 158.5686951
646 112.9289322 11.9157486 157.0710754 113.9427338 8.471819162 157.8530426 115.9618225 8.981212775 158.5686951
646 112.9289322 11.9157486 157.0710754 116.4644661 10.9578743 158.5355377 115.9618225 8.981212775 158.5686951
647 120 10 160 117.4782677 7.513944864 159.3175049 115.9618225 8.981212775 158.5686951
647 120 10 160 116.4644661 10.9578743 158.5355377 115.9618225 8.981212775 158.5686951
348 110 0 150 110.6239471 2.516380548 152.4187088 111.3922755 1.677587032 153.9694977
348 110 0 150 111.4644661 7.850462291e-16 153.5355377 111.3922755 1.677587032 153.9694977
649 111.2478943 5.032761097 154.8374176 110.6239471 2.516380548 152.4187088 111.3922755 1.677587032 153.9694977
649 111.2478943 5.032761097 154.8374176 112.0884132 2.516380548 155.9542465 111.3922755 1.677587032 153.9694977
349 112.9289322 1.570092458e-15 157.0710754 111.4644661 7.850462291e-16 153.5355377 111.3922755 1.677587032 153.9694977
349 112.9289322 1.570092458e-15 157.0710754 112.0884132 2.516380548 155.9542465 111.3922755 1.677587032 153.9694977
348 110 0 150 110 5 150 110.4159648 5.010920366 151.6124725
348 110 0 150 110.6239471 2.516380548 152.4187088 110.4159648 5.010920366 151.6124725
643 110 10 150 110 5 150 110.4159648 5.010920366 151.6124725
643 110 10 150 110.6239471 7.516380548 152.4187088 110.4159648 5.010920366 151.6124725
649 111.2478943 5.032761097 154.8374176 110.6239471 2.516380548 152.4187088 110.4159648 5.010920366 151.6124725
649 111.2478943 5.032761097 154.8374176 110.6239471 7.516380548 152.4187088 110.4159648 5.010920366 151.6124725
646 112.9289322 11.9157486 157.0710754 112.0884132 8.474254847 155.9542465 111.3922755 8.982836564 153.9694977
646 112.9289322 11.9157486 157.0710754 111.4644661 10.9578743 153.5355377 111.3922755 8.982836564 153.9694977
649 111.2478943 5.032761097 154.8374176 112.0884132 8.474254847 155.9542465 111.3922755 8.982836564 153.9694977
649 111.2478943 5.032761097 154.8374176 110.6239471 7.516380548 152.4187088 111.3922755 8.982836564 153.9694977
643 110 10 150 111.4644661 10.9578743 153.5355377 111.3922755 8.982836564 153.9694977
643 110 10 150 110.6239471 7.516380548 152.4187088 111.3922755 8.982836564 153.9694977
349 112.9289322 1.570092458e-15 157.0710754 112.0884132 2.516380548 155.9542465 113.0444539 3.353550275 156.8478343
349 112.9289322 1.570092458e-15 157.0710754 113.9427338 2.513944864 157.8530426 113.0444539 3.353550275 156.8478343
649 111.2478943 5.032761097 154.8374176 112.0884132 2.516380548 155.9542465 113.0444539 3.353550275 156.8478343
649 111.2478943 5.032761097 154.8374176 113.1022148 5.030325413 156.7362137 113.0444539 3.353550275 156.8478343
648 114.9565353 5.027889729 158.6350098 113.9427338 2.513944864 157.8530426 113.0444539 3.353550275 156.8478343
648 114.9565353 5.027889729 158.6350098 113.1022148 5.030325413 156.7362137 113.0444539 3.353550275 156.8478343
648 114.9565353 5.027889729 158.6350098 113.1022148 5.030325413 156.7362137 113.0444539 7.325466474 156.8478343
648 114.9565353 5.027889729 158.6350098 113.9427338 8.471819162 157.8530426 113.0444539 7.325466474 156.8478343
649 111.2478943 5.032761097 154.8374176 113.1022148 5.030325413 156.7362137 113.0444539 7.325466474 156.8478343
649 111.2478943 5.032761097 154.8374176 112.0884132 8.474254847 155.9542465 113.0444539 7.325466474 156.8478343
646 112.9289322 11.9157486 157.0710754 113.9427338 8.471819162 157.8530426 113.0444539 7.325466474 156.8478343
646 112.9289322 11.9157486 157.0710754 112.0884132 8.474254847 155.9542465 113.0444539 7.325466474 156.8478343
223 120 20 180 120 17.5 177.5 120 18.33333333 175
223 120 20 180 120 20 175 120 18.33333333 175
650 120 15 175 120 17.5 177.5 120 18.33333333 175
650 120 15 175 120 17.5 172.5 120 18.33333333 175
149 120 20 170 120 20 175 120 18.33333333 175
149 120 20 170 120 17.5 172.5 120 18.33333333 175
651 120 10 180 120 12.5 177.5 120 15 178.3333333
651 120 10 180 120 15 180 120 15 178.3333333
650 120 15 175 120 12.5 177.5 120 15 178.3333333
650 120 15 175 120 17.5 177.5 120 15 178.3333333
223 120 20 180 120 15 180 120 15 178.3333333
223 120 20 180 120 17.5 177.5 120 15 178.3333333
650 120 15 175 120 12.5 172.5 120 15 171.6666667
650 120 15 175 120 17.5 172.5 120 15 171.6666667
652 120 10 170 120 12.5 172.5 120 15 171.6666667
652 120 10 170 120 15 170 120 15 171.6666667
149 120 20 170 120 17.5 172.5 120 15 171.6666667
149 120 20 170 120 15 170 120 15 171.6666667
652 120 10 170 120 12.5 172.5 120 11.66666667 175
652 120 10 170 120 10 175 120 11.66666667 175
650 120 15 175 120 12.5 172.5 120 11.66666667 175
650 120 15 175 120 12.5 177.5 120 11.66666667 175
651 120 10 180 120 10 175 120 11.66666667 175
651 120 10 180 120 12.5 177.5 120 11.66666667 175
149 120 20 170 120 17.5 167.5 120 18.33333333 165
149 120 20 170 120 20 165 120 18.33333333 165
653 120 15 165 120 17.5 167.5 120 18.33333333 165
653 120 15 165 120 17.5 162.5 120 18.33333333 165
148 120 20 160 120 20 165 120 18.33333333 165
148 120 20 160 120 17.5 162.5 120 18.33333333 165
148 120 20 160 120 17.5 162.5 120 15 161.6666667
148 120 20 160 120 15 160 120 15 161.6666667
653 120 15 165 120 17.5 162.5 120 15 161.6666667
653 120 15 165 120 12.5 162.5 120 15 161.6666667
647 120 10 160 120 15 160 120 15 161.6666667
647 120 10 160 120 12.5 162.5 120 15 161.6666667
652 120 10 170 120 12.5 167.5 120 15 168.3333333
652 120 10 170 120 15 170 120 15 168.3333333
653 120 15 165 120 12.5 167.5 120 15 168.3333333
653 120 15 165 120 17.5 167.5 120 15 168.3333333
149 120 20 170 120 15 170 120 15 168.3333333
149 120 20 170 120 17.5 167.5 120 15 168.3333333
451 120 1.110223025e-15 160 120 2.5 162.5 120 1.666666667 165
451 120 1.110223025e-15 160 120 5.551115123e-16 165 120 1.666666667 165
654 120 5 165 120 2.5 162.5 120 1.666666667 165
654 120 5 165 120 2.5 167.5 120 1.666666667 165
453 120 0 170 120 5.551115123e-16 165 120 1.666666667 165
453 120 0 170 120 2.5 167.5 120 1.666666667 165
451 120 1.110223025e-15 160 120 5 160 120 5 161.6666667
451 120 1.110223025e-15 160 120 2.5 162.5 120 5 161.6666667
647 120 10 160 120 5 160 120 5 161.6666667
647 120 10 160 120 7.5 162.5 120 5 161.6666667
654 120 5 165 120 2.5 162.5 120 5 161.6666667
654 120 5 165 120 7.5 162.5 120 5 161.6666667
453 120 0 170 120 2.5 167.5 120 5 168.3333333
453 120 0 170 120 5 170 120 5 168.3333333
654 120 5 165 120 2.5 167.5 120 5 168.3333333
654 120 5 165 120 7.5 167.5 120 5 168.3333333
652 120 10 170 120 5 170 120 5 168.3333333
652 120 10 170 120 7.5 167.5 120 5 168.3333333
654 120 5 165 120 7.5 162.5 120 10 163.3333333
654 120 5 165 120 10 165 120 10 163.3333333
647 120 10 160 120 7.5 162.5 120 10 163.3333333
647 120 10 160 120 12.5 162.5 120 10 163.3333333
653 120 15 165 120 10 165 120 10 163.3333333
653 120 15 165 120 12.5 162.5 120 10 163.3333333
653 120 15 165 120 12.5 167.5 120 10 166.6666667
653 120 15 165 120 10 165 120 10 166.6666667
652 120 10 170 120 12.5 167.5 120 10 166.6666667
652 120 10 170 120 7.5 167.5 120 10 166.6666667
654 120 5 165 120 10 165 120 10 166.6666667
654 120 5 165 120 7.5 167.5 120 10 166.6666667
453 120 0 170 120 2.5 172.5 120 1.666666667 175
453 120 0 170 120 0 175 120 1.666666667 175
655 120 5 175 120 2.5 172.5 120 1.666666667 175
655 120 5 175 120 2.5 177.5 120 1.666666667 175
526 120 0 180 120 0 175 120 1.666666667 175
526 120 0 180 120 2.5 177.5 120 1.666666667 175
655 120 5 175 120 7.5 177.5 120 5 178.3333333
655 120 5 175 120 2.5 177.5 120 5 178.3333333
651 120 10 180 120 7.5 177.5 120 5 178.3333333
651 120 10 180 120 5 180 120 5 178.3333333
526 120 0 180 120 2.5 177.5 120 5 178.3333333
526 120 0 180 120 5 180 120 5 178.3333333
652 120 10 170 120 7.5 172.5 120 5 171.6666667
652 120 10 170 120 5 170 120 5 171.6666667
655 120 5 175 120 7.5 172.5 120 5 171.6666667
655 120 5 175 120 2.5 172.5 120 5 171.6666667
453 120 0 170 120 5 170 120 5 171.6666667
453 120 0 170 120 2.5 172.5 120 5 171.6666667
652 120 10 170 120 10 175 120 8.333333333 175
652 120 10 170 120 7.5 172.5 120 8.333333333 175
651 120 10 180 120 10 175 120 8.333333333 175
651 120 10 180 120 7.5 177.5 120 8.333333333 175
655 120 5 175 120 7.5 172.5 120 8.333333333 175
655 120 5 175 120 7.5 177.5 120 8.333333333 175
218 10 20 180 12.14923477 14.96811247 180 14.76615651 16.64540831 180
218 10 20 180 15 20 180 14.76615651 16.64540831 180
656 14.29846954 9.936224937 180 12.14923477 14.96811247 180 14.76615651 16.64540831 180
656 14.29846954 9.936224937 180 17.14923477 14.96811247 180 14.76615651 16.64540831 180
82 20 20 180 15 20 180 14.76615651 16.64540831 180
82 20 20 180 17.14923477 14.96811247 180 14.76615651 16.64540831 180
656 14.29846954 9.936224937 180 12.14923477 4.968112469 180 14.76615651 3.312074979 180
656 14.29846954 9.936224937 180 17.14923477 4.968112469 180 14.76615651 3.312074979 180
524 10 0 180 12.14923477 4.968112469 180 14.76615651 3.312074979 180
524 10 0 180 15 0 180 14.76615651 3.312074979 180
387 20 0 180 17.14923477 4.968112469 180 14.76615651 3.312074979 180
387 20 0 180 15 0 180 14.76615651 3.312074979 180
34 30 20 180 32.5 15 180 35 16.66666667 180
34 30 20 180 35 20 180 35 16.66666667 180
657 35 10 180 32.5 15 180 35 16.66666667 180
657 35 10 180 37.5 15 180 35 16.66666667 180
32 40 20 180 35 20 180 35 16.66666667 180
32 40 20 180 37.5 15 180 35 16.66666667 180
657 35 10 180 32.5 5 180 35 3.333333333 180
657 35 10 180 37.5 5 180 35 3.333333333 180
342 30 0 180 32.5 5 180 35 3.333333333 180
342 30 0 180 35 0 180 35 3.333333333 180
341 40 0 180 37.5 5 180 35 3.333333333 180
341 40 0 180 35 0 180 35 3.333333333 180
133 50 20 180 52.5 15 180 55 16.66666667 180
133 50 20 180 55 20 180 55 16.66666667 180
658 55 10 180 52.5 15 180 55 16.66666667 180
658 55 10 180 57.5 15 180 55 16.66666667 180
260 60 20 180 55 20 180 55 16.66666667 180
260 60 20 180 57.5 15 180 55 16.66666667 180
438 50 0 180 55 0 180 55 3.333333333 180
438 50 0 180 52.5 5 180 55 3.333333333 180
561 60 0 180 55 0 180 55 3.333333333 180
561 60 0 180 57.5 5 180 55 3.333333333 180
658 55 10 180 52.5 5 180 55 3.333333333 180
658 55 10 180 57.5 5 180 55 3.333333333 180
659 75 10 180 77.5 15 180 75 16.66666667 180
659 75 10 180 72.5 15 180 75 16.66666667 180
44 80 20 180 77.5 15 180 75 16.66666667 180
44 80 20 180 75 20 180 75 16.66666667 180
158 70 20 180 72.5 15 180 75 16.66666667 180
158 70 20 180 75 20 180 75 16.66666667 180
352 80 0 180 77.5 5 180 75 3.333333333 180
352 80 0 180 75 0 180 75 3.333333333 180
659 75 10 180 77.5 5 180 75 3.333333333 180
659 75 10 180 72.5 5 180 75 3.333333333 180
461 70 0 180 75 0 180 75 3.333333333 180
461 70 0 180 72.5 5 180 75 3.333333333 180
660 95.1388855 10.20833302 180 97.56944275 15.10416651 180 95.04629517 16.73611101 180
660 95.1388855 10.20833302 180 92.56944275 15.10416651 180 95.04629517 16.73611101 180
87 100 20 180 97.56944275 15.10416651 180 95.04629517 16.73611101 180
87 100 20 180 95 20 180 95.04629517 16.73611101 180
42 90 20 180 92.56944275 15.10416651 180 95.04629517 16.73611101 180
42 90 20 180 95 20 180 95.04629517 16.73611101 180
392 100 0 180 97.56944275 5.104166508 180 95.04629517 3.402777672 180
392 100 0 180 95 0 180 95.04629517 3.402777672 180
660 95.1388855 10.20833302 180 97.56944275 5.104166508 180 95.04629517 3.402777672 180
660 95.1388855 10.20833302 180 92.56944275 5.104166508 180 95.04629517 3.402777672 180
351 90 0 180 95 0 180 95.04629517 3.402777672 180
351 90 0 180 92.56944275 5.104166508 180 95.04629517 3.402777672 180
661 106.0292664 9.853671074 180 108.0146332 14.92683554 180 105.3430888 16.61789036 180
661 106.0292664 9.853671074 180 103.0146332 14.92683554 180 105.3430888 16.61789036 180
224 110 20 180 108.0146332 14.92683554 180 105.3430888 16.61789036 180
224 110 20 180 105 20 180 105.3430888 16.61789036 180
87 100 20 180 103.0146332 14.92683554 180 105.3430888 16.61789036 180
87 100 20 180 105 20 180 105.3430888 16.61789036 180
528 110 0 180 108.0146332 4.926835537 180 105.3430888 3.284557025 180
528 110 0 180 105 0 180 105.3430888 3.284557025 180
661 106.0292664 9.853671074 180 108.0146332 4.926835537 180 105.3430888 3.284557025 180
661 106.0292664 9.853671074 180 103.0146332 4.926835537 180 105.3430888 3.284557025 180
392 100 0 180 105 0 180 105.3430888 3.284557025 180
392 100 0 180 103.0146332 4.926835537 180 105.3430888 3.284557025 180
87 100 20 180 97.56944275 15.10416651 180 100.389384 13.35400136 180
87 100 20 180 103.0146332 14.92683554 180 100.389384 13.35400136 180
660 95.1388855 10.20833302 180 97.56944275 15.10416651 180 100.389384 13.35400136 180
660 95.1388855 10.20833302 180 100.5840759 10.03100204 180 100.389384 13.35400136 180
661 106.0292664 9.853671074 180 103.0146332 14.92683554 180 100.389384 13.35400136 180
661 106.0292664 9.853671074 180 100.5840759 10.03100204 180 100.389384 13.35400136 180
661 106.0292664 9.853671074 180 100.5840759 10.03100204 180 100.389384 6.687334696 180
661 106.0292664 9.853671074 180 103.0146332 4.926835537 180 100.389384 6.687334696 180
660 95.1388855 10.20833302 180 100.5840759 10.03100204 180 100.389384 6.687334696 180
660 95.1388855 10.20833302 180 97.56944275 5.104166508 180 100.389384 6.687334696 180
392 100 0 180 103.0146332 4.926835537 180 100.389384 6.687334696 180
392 100 0 180 97.56944275 5.104166508 180 100.389384 6.687334696 180
82 20 20 180 22.44153881 14.99468517 180 24.96102587 16.66312345 180
82 20 20 180 25 20 180 24.96102587 16.66312345 180
662 24.88307762 9.989370346 180 22.44153881 14.99468517 180 24.96102587 16.66312345 180
662 24.88307762 9.989370346 180 27.44153881 14.99468517 180 24.96102587 16.66312345 180
34 30 20 180 25 20 180 24.96102587 16.66312345 180
34 30 20 180 27.44153881 14.99468517 180 24.96102587 16.66312345 180
387 20 0 180 25 0 180 24.96102587 3.329790115 180
387 20 0 180 22.44153881 4.994685173 180 24.96102587 3.329790115 180
342 30 0 180 25 0 180 24.96102587 3.329790115 180
342 30 0 180 27.44153881 4.994685173 180 24.96102587 3.329790115 180
662 24.88307762 9.989370346 180 22.44153881 4.994685173 180 24.96102587 3.329790115 180
662 24.88307762 9.989370346 180 27.44153881 4.994685173 180 24.96102587 3.329790115 180
656 14.29846954 9.936224937 180 19.59077358 9.962797642 180 19.72718239 13.30853176 180
656 14.29846954 9.936224937 180 17.14923477 14.96811247 180 19.72718239 13.30853176 180
662 24.88307762 9.989370346 180 19.59077358 9.962797642 180 19.72718239 13.30853176 180
662 24.88307762 9.989370346 180 22.44153881 14.99468517 180 19.72718239 13.30853176 180
82 20 20 180 17.14923477 14.96811247 180 19.72718239 13.30853176 180
82 20 20 180 22.44153881 14.99468517 180 19.72718239 13.30853176 180
387 20 0 180 22.44153881 4.994685173 180 19.72718239 6.641865095 180
387 20 0 180 17.14923477 4.968112469 180 19.72718239 6.641865095 180
662 24.88307762 9.989370346 180 22.44153881 4.994685173 180 19.72718239 6.641865095 180
662 24.88307762 9.989370346 180 19.59077358 9.962797642 180 19.72718239 6.641865095 180
656 14.29846954 9.936224937 180 17.14923477 4.968112469 180 19.72718239 6.641865095 180
656 14.29846954 9.936224937 180 19.59077358 9.962797642 180 19.72718239 6.641865095 180
657 35 10 180 32.5 15 180 29.96102587 13.32979012 180
657 35 10 180 29.94153881 9.994685173 180 29.96102587 13.32979012 180
34 30 20 180 32.5 15 180 29.96102587 13.32979012 180
34 30 20 180 27.44153881 14.99468517 180 29.96102587 13.32979012 180
662 24.88307762 9.989370346 180 29.94153881 9.994685173 180 29.96102587 13.32979012 180
662 24.88307762 9.989370346 180 27.44153881 14.99468517 180 29.96102587 13.32979012 180
657 35 10 180 29.94153881 9.994685173 180 29.96102587 6.663123449 180
657 35 10 180 32.5 5 180 29.96102587 6.663123449 180
662 24.88307762 9.989370346 180 29.94153881 9.994685173 180 29.96102587 6.663123449 180
662 24.88307762 9.989370346 180 27.44153881 4.994685173 180 29.96102587 6.663123449 180
342 30 0 180 32.5 5 180 29.96102587 6.663123449 180
342 30 0 180 27.44153881 4.994685173 180 29.96102587 6.663123449 180
32 40 20 180 42.5 15 180 45 16.66666667 180
32 40 20 180 45 20 180 45 16.66666667 180
663 45 10 180 42.5 15 180 45 16.66666667 180
663 45 10 180 47.5 15 180 45 16.66666667 180
133 50 20 180 45 20 180 45 16.66666667 180
133 50 20 180 47.5 15 180 45 16.66666667 180
438 50 0 180 47.5 5 180 45 3.333333333 180
438 50 0 180 45 0 180 45 3.333333333 180
663 45 10 180 47.5 5 180 45 3.333333333 180
663 45 10 180 42.5 5 180 45 3.333333333 180
341 40 0 180 45 0 180 45 3.333333333 180
341 40 0 180 42.5 5 180 45 3.333333333 180
657 35 10 180 40 10 180 40 13.33333333 180
657 35 10 180 37.5 15 180 40 13.33333333 180
663 45 10 180 40 10 180 40 13.33333333 180
663 45 10 180 42.5 15 180 40 13.33333333 180
32 40 20 180 37.5 15 180 40 13.33333333 180
32 40 20 180 42.5 15 180 40 13.33333333 180
341 40 0 180 42.5 5 180 40 6.666666667 180
341 40 0 180 37.5 5 180 40 6.666666667 180
663 45 10 180 42.5 5 180 40 6.666666667 180
663 45 10 180 40 10 180 40 6.666666667 180
657 35 10 180 37.5 5 180 40 6.666666667 180
657 35 10 180 40 10 180 40 6.666666667 180
133 50 20 180 47.5 15 180 50 13.33333333 180
133 50 20 180 52.5 15 180 50 13.33333333 180
663 45 10 180 47.5 15 180 50 13.33333333 180
663 45 10 180 50 10 180 50 13.33333333 180
658 55 10 180 52.5 15 180 50 13.33333333 180
658 55 10 180 50 10 180 50 13.33333333 180
658 55 10 180 50 10 180 50 6.666666667 180
658 55 10 180 52.5 5 180 50 6.666666667 180
663 45 10 180 50 10 180 50 6.666666667 180
663 45 10 180 47.5 5 180 50 6.666666667 180
438 50 0 180 52.5 5 180 50 6.666666667 180
438 50 0 180 47.5 5 180 50 6.666666667 180
260 60 20 180 62.5 15 180 65 16.66666667 180
260 60 20 180 65 20 180 65 16.66666667 180
664 65 10 180 62.5 15 180 65 16.66666667 180
664 65 10 180 67.5 15 180 65 16.66666667 180
158 70 20 180 65 20 180 65 16.66666667 180
158 70 20 180 67.5 15 180 65 16.66666667 180
664 65 10 180 62.5 5 180 65 3.333333333 180
664 65 10 180 67.5 5 180 65 3.333333333 180
561 60 0 180 62.5 5 180 65 3.333333333 180
561 60 0 180 65 0 180 65 3.333333333 180
461 70 0 180 67.5 5 180 65 3.333333333 180
461 70 0 180 65 0 180 65 3.333333333 180
658 55 10 180 60 10 180 60 13.33333333 180
658 55 10 180 57.5 15 180 60 13.33333333 180
664 65 10 180 60 10 180 60 13.33333333 180
664 65 10 180 62.5 15 180 60 13.33333333 180
260 60 20 180 57.5 15 180 60 13.33333333 180
260 60 20 180 62.5 15 180 60 13.33333333 180
658 55 10 180 57.5 5 180 60 6.666666667 180
658 55 10 180 60 10 180 60 6.666666667 180
561 60 0 180 57.5 5 180 60 6.666666667 180
561 60 0 180 62.5 5 180 60 6.666666667 180
664 65 10 180 60 10 180 60 6.666666667 180
664 65 10 180 62.5 5 180 60 6.666666667 180
659 75 10 180 72.5 15 180 70 13.33333333 180
659 75 10 180 70 10 180 70 13.33333333 180
158 70 20 180 72.5 15 180 70 13.33333333 180
158 70 20 180 67.5 15 180 70 13.33333333 180
664 65 10 180 70 10 180 70 13.33333333 180
664 65 10 180 67.5 15 180 70 13.33333333 180
659 75 10 180 70 10 180 70 6.666666667 180
659 75 10 180 72.5 5 180 70 6.666666667 180
664 65 10 180 70 10 180 70 6.666666667 180
664 65 10 180 67.5 5 180 70 6.666666667 180
461 70 0 180 72.5 5 180 70 6.666666667 180
461 70 0 180 67.5 5 180 70 6.666666667 180
665 85.02314758 10.03472233 180 87.51157379 15.01736116 180 85.00771586 16.67824078 180
665 85.02314758 10.03472233 180 82.51157379 15.01736116 180 85.00771586 16.67824078 180
42 90 20 180 87.51157379 15.01736116 180 85.00771586 16.67824078 180
42 90 20 180 85 20 180 85.00771586 16.67824078 180
44 80 20 180 82.51157379 15.01736116 180 85.00771586 16.67824078 180
44 80 20 180 85 20 180 85.00771586 16.67824078 180
351 90 0 180 87.51157379 5.017361164 180 85.00771586 3.344907443 180
351 90 0 180 85 0 180 85.00771586 3.344907443 180
665 85.02314758 10.03472233 180 87.51157379 5.017361164 180 85.00771586 3.344907443 180
665 85.02314758 10.03472233 180 82.51157379 5.017361164 180 85.00771586 3.344907443 180
352 80 0 180 85 0 180 85.00771586 3.344907443 180
352 80 0 180 82.51157379 5.017361164 180 85.00771586 3.344907443 180
659 75 10 180 80.01157379 10.01736116 180 80.00771586 13.34490744 180
659 75 10 180 77.5 15 180 80.00771586 13.34490744 180
665 85.02314758 10.03472233 180 80.01157379 10.01736116 180 80.00771586 13.34490744 180
665 85.02314758 10.03472233 180 82.51157379 15.01736116 180 80.00771586 13.34490744 180
44 80 20 180 77.5 15 180 80.00771586 13.34490744 180
44 80 20 180 82.51157379 15.01736116 180 80.00771586 13.34490744 180
352 80 0 180 82.51157379 5.017361164 180 80.00771586 6.678240776 180
352 80 0 180 77.5 5 180 80.00771586 6.678240776 180
665 85.02314758 10.03472233 180 82.51157379 5.017361164 180 80.00771586 6.678240776 180
665 85.02314758 10.03472233 180 80.01157379 10.01736116 180 80.00771586 6.678240776 180
659 75 10 180 77.5 5 180 80.00771586 6.678240776 180
659 75 10 180 80.01157379 10.01736116 180 80.00771586 6.678240776 180
665 85.02314758 10.03472233 180 90.08101654 10.12152767 180 90.05401103 13.41435178 180
665 85.02314758 10.03472233 180 87.51157379 15.01736116 180 90.05401103 13.41435178 180
660 95.1388855 10.20833302 180 90.08101654 10.12152767 180 90.05401103 13.41435178 180
660 95.1388855 10.20833302 180 92.56944275 15.10416651 180 90.05401103 13.41435178 180
42 90 20 180 87.51157379 15.01736116 180 90.05401103 13.41435178 180
42 90 20 180 92.56944275 15.10416651 180 90.05401103 13.41435178 180
351 90 0 180 92.56944275 5.104166508 180 90.05401103 6.747685115 180
351 90 0 180 87.51157379 5.017361164 180 90.05401103 6.747685115 180
660 95.1388855 10.20833302 180 92.56944275 5.104166508 180 90.05401103 6.747685115 180
660 95.1388855 10.20833302 180 90.08101654 10.12152767 180 90.05401103 6.747685115 180
665 85.02314758 10.03472233 180 87.51157379 5.017361164 180 90.05401103 6.747685115 180
665 85.02314758 10.03472233 180 90.08101654 10.12152767 180 90.05401103 6.747685115 180
220 0 20 180 3.552776575 16.32968616 180 5.70185105 17.55312411 180
220 0 20 180 5 20 180 5.70185105 17.55312411 180
666 7.10555315 12.65937233 180 3.552776575 16.32968616 180 5.70185105 17.55312411 180
666 7.10555315 12.65937233 180 8.552776575 16.32968616 180 5.70185105 17.55312411 180
218 10 20 180 5 20 180 5.70185105 17.55312411 180
218 10 20 180 8.552776575 16.32968616 180 5.70185105 17.55312411 180
220 0 20 180 0 15 180 2.368517717 14.21979078 180
220 0 20 180 3.552776575 16.32968616 180 2.368517717 14.21979078 180
667 0 10 180 0 15 180 2.368517717 14.21979078 180
667 0 10 180 3.552776575 11.32968616 180 2.368517717 14.21979078 180
666 7.10555315 12.65937233 180 3.552776575 16.32968616 180 2.368517717 14.21979078 180
666 7.10555315 12.65937233 180 3.552776575 11.32968616 180 2.368517717 14.21979078 180
218 10 20 180 8.552776575 16.32968616 180 10.46800756 14.19853242 180
218 10 20 180 12.14923477 14.96811247 180 10.46800756 14.19853242 180
666 7.10555315 12.65937233 180 8.552776575 16.32968616 180 10.46800756 14.19853242 180
666 7.10555315 12.65937233 180 10.70201135 11.29779863 180 10.46800756 14.19853242 180
656 14.29846954 9.936224937 180 12.14923477 14.96811247 180 10.46800756 14.19853242 180
656 14.29846954 9.936224937 180 10.70201135 11.29779863 180 10.46800756 14.19853242 180
668 113.207962 12.97502899 180 116.603981 16.4875145 180 114.402654 17.658343 180
668 113.207962 12.97502899 180 111.603981 16.4875145 180 114.402654 17.658343 180
223 120 20 180 116.603981 16.4875145 180 114.402654 17.658343 180
223 120 20 180 115 20 180 114.402654 17.658343 180
224 110 20 180 111.603981 16.4875145 180 114.402654 17.658343 180
224 110 20 180 115 20 180 114.402654 17.658343 180
668 113.207962 12.97502899 180 116.603981 11.4875145 180 117.7359873 14.32500966 180
668 113.207962 12.97502899 180 116.603981 16.4875145 180 117.7359873 14.32500966 180
651 120 10 180 116.603981 11.4875145 180 117.7359873 14.32500966 180
651 120 10 180 120 15 180 117.7359873 14.32500966 180
223 120 20 180 116.603981 16.4875145 180 117.7359873 14.32500966 180
223 120 20 180 120 15 180 117.7359873 14.32500966 180
668 113.207962 12.97502899 180 111.603981 16.4875145 180 109.7457428 14.27623336 180
668 113.207962 12.97502899 180 109.6186142 11.41435003 180 109.7457428 14.27623336 180
224 110 20 180 111.603981 16.4875145 180 109.7457428 14.27623336 180
224 110 20 180 108.0146332 14.92683554 180 109.7457428 14.27623336 180
661 106.0292664 9.853671074 180 109.6186142 11.41435003 180 109.7457428 14.27623336 180
661 106.0292664 9.853671074 180 108.0146332 14.92683554 180 109.7457428 14.27623336 180
526 120 0 180 116.9668465 3.180720568 180 114.6445643 2.120480378 180
526 120 0 180 115 0 180 114.6445643 2.120480378 180
669 113.9336929 6.361441135 180 116.9668465 3.180720568 180 114.6445643 2.120480378 180
669 113.9336929 6.361441135 180 111.9668465 3.180720568 180 114.6445643 2.120480378 180
528 110 0 180 115 0 180 114.6445643 2.120480378 180
528 110 0 180 111.9668465 3.180720568 180 114.6445643 2.120480378 180
526 120 0 180 120 5 180 117.9778976 5.453813712 180
526 120 0 180 116.9668465 3.180720568 180 117.9778976 5.453813712 180
651 120 10 180 120 5 180 117.9778976 5.453813712 180
651 120 10 180 116.9668465 8.180720568 180 117.9778976 5.453813712 180
669 113.9336929 6.361441135 180 116.9668465 3.180720568 180 117.9778976 5.453813712 180
669 113.9336929 6.361441135 180 116.9668465 8.180720568 180 117.9778976 5.453813712 180
669 113.9336929 6.361441135 180 109.9814796 8.107556105 180 109.9876531 5.405037403 180
669 113.9336929 6.361441135 180 111.9668465 3.180720568 180 109.9876531 5.405037403 180
661 106.0292664 9.853671074 180 109.9814796 8.107556105 180 109.9876531 5.405037403 180
661 106.0292664 9.853671074 180 108.0146332 4.926835537 180 109.9876531 5.405037403 180
528 110 0 180 111.9668465 3.180720568 180 109.9876531 5.405037403 180
528 110 0 180 108.0146332 4.926835537 180 109.9876531 5.405037403 180
651 120 10 180 116.603981 11.4875145 180 115.713885 9.778823376 180
651 120 10 180 116.9668465 8.180720568 180 115.713885 9.778823376 180
668 113.207962 12.97502899 180 116.603981 11.4875145 180 115.713885 9.778823376 180
668 113.207962 12.97502899 180 113.5708275 9.668235064 180 115.713885 9.778823376 180
669 113.9336929 6.361441135 180 116.9668465 8.180720568 180 115.713885 9.778823376 180
669 113.9336929 6.361441135 180 113.5708275 9.668235064 180 115.713885 9.778823376 180
669 113.9336929 6.361441135 180 113.5708275 9.668235064 180 111.0569738 9.730047067 180
669 113.9336929 6.361441135 180 109.9814796 8.107556105 180 111.0569738 9.730047067 180
668 113.207962 12.97502899 180 113.5708275 9.668235064 180 111.0569738 9.730047067 180
668 113.207962 12.97502899 180 109.6186142 11.41435003 180 111.0569738 9.730047067 180
661 106.0292664 9.853671074 180 109.9814796 8.107556105 180 111.0569738 9.730047067 180
661 106.0292664 9.853671074 180 109.6186142 11.41435003 180 111.0569738 9.730047067 180
524 10 0 180 8.140402317 3.259559631 180 5.426934878 2.173039754 180
524 10 0 180 5 0 180 5.426934878 2.173039754 180
670 6.280804634 6.519119263 180 8.140402317 3.259559631 180 5.426934878 2.173039754 180
670 6.280804634 6.519119263 180 3.140402317 3.259559631 180 5.426934878 2.173039754 180
522 0 0 180 5 0 180 5.426934878 2.173039754 180
522 0 0 180 3.140402317 3.259559631 180 5.426934878 2.173039754 180
522 0 0 180 3.140402317 3.259559631 180 2.093601545 5.506373088 180
522 0 0 180 0 5 180 2.093601545 5.506373088 180
670 6.280804634 6.519119263 180 3.140402317 3.259559631 180 2.093601545 5.506373088 180
670 6.280804634 6.519119263 180 3.140402317 8.259559631 180 2.093601545 5.506373088 180
667 0 10 180 0 5 180 2.093601545 5.506373088 180
667 0 10 180 3.140402317 8.259559631 180 2.093601545 5.506373088 180
670 6.280804634 6.519119263 180 8.140402317 3.259559631 180 10.19309139 5.485114733 180
670 6.280804634 6.519119263 180 10.28963709 8.2276721 180 10.19309139 5.485114733 180
524 10 0 180 8.140402317 3.259559631 180 10.19309139 5.485114733 180
524 10 0 180 12.14923477 4.968112469 180 10.19309139 5.485114733 180
656 14.29846954 9.936224937 180 10.28963709 8.2276721 180 10.19309139 5.485114733 180
656 14.29846954 9.936224937 180 12.14923477 4.968112469 180 10.19309139 5.485114733 180
670 6.280804634 6.519119263 180 6.693178892 9.589245796 180 4.462119261 9.726163864 180
670 6.280804634 6.519119263 180 3.140402317 8.259559631 180 4.462119261 9.726163864 180
666 7.10555315 12.65937233 180 6.693178892 9.589245796 180 4.462119261 9.726163864 180
666 7.10555315 12.65937233 180 3.552776575 11.32968616 180 4.462119261 9.726163864 180
667 0 10 180 3.140402317 8.259559631 180 4.462119261 9.726163864 180
667 0 10 180 3.552776575 11.32968616 180 4.462119261 9.726163864 180
670 6.280804634 6.519119263 180 10.28963709 8.2276721 180 9.228275776 9.70490551 180
670 6.280804634 6.519119263 180 6.693178892 9.589245796 180 9.228275776 9.70490551 180
656 14.29846954 9.936224937 180 10.28963709 8.2276721 180 9.228275776 9.70490551 180
656 14.29846954 9.936224937 180 10.70201135 11.29779863 180 9.228275776 9.70490551 180
666 7.10555315 12.65937233 180 6.693178892 9.589245796 180 9.228275776 9.70490551 180
666 7.10555315 12.65937233 180 10.70201135 11.29779863 180 9.228275776 9.70490551 180
146 0 20 170 0 17.5 172.5 0 18.33333333 175
146 0 20 170 0 20 175 0 18.33333333 175
671 0 15 175 0 17.5 172.5 0 18.33333333 175
671 0 15 175 0 17.5 177.5 0 18.33333333 175
220 0 20 180 0 20 175 0 18.33333333 175
220 0 20 180 0 17.5 177.5 0 18.33333333 175
671 0 15 175 0 12.5 177.5 0 15 178.3333333
671 0 15 175 0 17.5 177.5 0 15 178.3333333
667 0 10 180 0 12.5 177.5 0 15 178.3333333
667 0 10 180 0 15 180 0 15 178.3333333
220 0 20 180 0 17.5 177.5 0 15 178.3333333
220 0 20 180 0 15 180 0 15 178.3333333
672 0 10 170 0 12.5 172.5 0 15 171.6666667
672 0 10 170 0 15 170 0 15 171.6666667
671 0 15 175 0 12.5 172.5 0 15 171.6666667
671 0 15 175 0 17.5 172.5 0 15 171.6666667
146 0 20 170 0 15 170 0 15 171.6666667
146 0 20 170 0 17.5 172.5 0 15 171.6666667
672 0 10 170 0 10 175 0 11.66666667 175
672 0 10 170 0 12.5 172.5 0 11.66666667 175
667 0 10 180 0 10 175 0 11.66666667 175
667 0 10 180 0 12.5 177.5 0 11.66666667 175
671 0 15 175 0 12.5 172.5 0 11.66666667 175
671 0 15 175 0 12.5 177.5 0 11.66666667 175
145 1.545127416e-13 20 160 7.725637079e-14 17.5 162.5 5.150424719e-14 18.33333333 165
145 1.545127416e-13 20 160 7.725637079e-14 20 165 5.150424719e-14 18.33333333 165
673 0 15 165 7.725637079e-14 17.5 162.5 5.150424719e-14 18.33333333 165
673 0 15 165 0 17.5 167.5 5.150424719e-14 18.33333333 165
146 0 20 170 7.725637079e-14 20 165 5.150424719e-14 18.33333333 165
146 0 20 170 0 17.5 167.5 5.150424719e-14 18.33333333 165
145 1.545127416e-13 20 160 7.725637079e-14 15 160 5.150424719e-14 15 161.6666667
145 1.545127416e-13 20 160 7.725637079e-14 17.5 162.5 5.150424719e-14 15 161.6666667
674 0 10 160 7.725637079e-14 15 160 5.150424719e-14 15 161.6666667
674 0 10 160 0 12.5 162.5 5.150424719e-14 15 161.6666667
673 0 15 165 7.725637079e-14 17.5 162.5 5.150424719e-14 15 161.6666667
673 0 15 165 0 12.5 162.5 5.150424719e-14 15 161.6666667
146 0 20 170 0 17.5 167.5 0 15 168.3333333
146 0 20 170 0 15 170 0 15 168.3333333
673 0 15 165 0 17.5 167.5 0 15 168.3333333
673 0 15 165 0 12.5 167.5 0 15 168.3333333
672 0 10 170 0 15 170 0 15 168.3333333
672 0 10 170 0 12.5 167.5 0 15 168.3333333
675 0 5 175 0 2.5 172.5 0 1.666666667 175
675 0 5 175 0 2.5 177.5 0 1.666666667 175
450 0 0 170 0 2.5 172.5 0 1.666666667 175
450 0 0 170 0 0 175 0 1.666666667 175
522 0 0 180 0 2.5 177.5 0 1.666666667 175
522 0 0 180 0 0 175 0 1.666666667 175
667 0 10 180 0 7.5 177.5 0 5 178.3333333
667 0 10 180 0 5 180 0 5 178.3333333
675 0 5 175 0 7.5 177.5 0 5 178.3333333
675 0 5 175 0 2.5 177.5 0 5 178.3333333
522 0 0 180 0 5 180 0 5 178.3333333
522 0 0 180 0 2.5 177.5 0 5 178.3333333
672 0 10 170 0 5 170 0 5 171.6666667
672 0 10 170 0 7.5 172.5 0 5 171.6666667
450 0 0 170 0 5 170 0 5 171.6666667
450 0 0 170 0 2.5 172.5 0 5 171.6666667
675 0 5 175 0 7.5 172.5 0 5 171.6666667
675 0 5 175 0 2.5 172.5 0 5 171.6666667
672 0 10 170 0 7.5 172.5 0 8.333333333 175
672 0 10 170 0 10 175 0 8.333333333 175
675 0 5 175 0 7.5 172.5 0 8.333333333 175
675 0 5 175 0 7.5 177.5 0 8.333333333 175
667 0 10 180 0 10 175 0 8.333333333 175
667 0 10 180 0 7.5 177.5 0 8.333333333 175
450 0 0 170 0 2.5 167.5 5.150424719e-14 1.666666667 165
450 0 0 170 7.725637079e-14 5.551115123e-16 165 5.150424719e-14 1.666666667 165
676 0 5 165 0 2.5 167.5 5.150424719e-14 1.666666667 165
676 0 5 165 7.725637079e-14 2.5 162.5 5.150424719e-14 1.666666667 165
448 1.545127416e-13 1.110223025e-15 160 7.725637079e-14 5.551115123e-16 165 5.150424719e-14 1.666666667 165
448 1.545127416e-13 1.110223025e-15 160 7.725637079e-14 2.5 162.5 5.150424719e-14 1.666666667 165
448 1.545127416e-13 1.110223025e-15 160 7.725637079e-14 2.5 162.5 5.150424719e-14 5 161.6666667
448 1.545127416e-13 1.110223025e-15 160 7.725637079e-14 5 160 5.150424719e-14 5 161.6666667
676 0 5 165 7.725637079e-14 2.5 162.5 5.150424719e-14 5 161.6666667
676 0 5 165 0 7.5 162.5 5.150424719e-14 5 161.6666667
674 0 10 160 7.725637079e-14 5 160 5.150424719e-14 5 161.6666667
674 0 10 160 0 7.5 162.5 5.150424719e-14 5 161.6666667
672 0 10 170 0 7.5 167.5 0 5 168.3333333
672 0 10 170 0 5 170 0 5 168.3333333
676 0 5 165 0 7.5 167.5 0 5 168.3333333
676 0 5 165 0 2.5 167.5 0 5 168.3333333
450 0 0 170 0 5 170 0 5 168.3333333
450 0 0 170 0 2.5 167.5 0 5 168.3333333
673 0 15 165 0 12.5 162.5 0 10 163.3333333
673 0 15 165 0 10 165 0 10 163.3333333
674 0 10 160 0 12.5 162.5 0 10 163.3333333
674 0 10 160 0 7.5 162.5 0 10 163.3333333
676 0 5 165 0 10 165 0 10 163.3333333
676 0 5 165 0 7.5 162.5 0 10 163.3333333
676 0 5 165 0 7.5 167.5 0 10 166.6666667
676 0 5 165 0 10 165 0 10 166.6666667
672 0 10 170 0 7.5 167.5 0 10 166.6666667
672 0 10 170 0 12.5 167.5 0 10 166.6666667
673 0 15 165 0 10 165 0 10 166.6666667
673 0 15 165 0 12.5 167.5 0 10 166.6666667
677 7.07106781 8.084251404 157.0710754 7.07106781 4.042125702 157.0710754 4.714045207 2.694750468 158.0473836
677 7.07106781 8.084251404 157.0710754 3.535533905 4.042125702 158.5355377 4.714045207 2.694750468 158.0473836
340 7.07106781 1.570092458e-15 157.0710754 7.07106781 4.042125702 157.0710754 4.714045207 2.694750468 158.0473836
340 7.07106781 1.570092458e-15 157.0710754 3.535533905 1.340157741e-15 158.5355377 4.714045207 2.694750468 158.0473836
448 1.545127416e-13 1.110223025e-15 160 3.535533905 4.042125702 158.5355377 4.714045207 2.694750468 158.0473836
448 1.545127416e-13 1.110223025e-15 160 3.535533905 1.340157741e-15 158.5355377 4.714045207 2.694750468 158.0473836
340 7.07106781 1.570092458e-15 157.0710754 7.07106781 4.042125702 157.0710754 8.04737854 2.694750468 154.7140503
340 7.07106781 1.570092458e-15 157.0710754 8.535533905 7.850462291e-16 153.5355377 8.04737854 2.694750468 154.7140503
677 7.07106781 8.084251404 157.0710754 7.07106781 4.042125702 157.0710754 8.04737854 2.694750468 154.7140503
677 7.07106781 8.084251404 157.0710754 8.535533905 4.042125702 153.5355377 8.04737854 2.694750468 154.7140503
338 10 3.625682786e-31 150 8.535533905 7.850462291e-16 153.5355377 8.04737854 2.694750468 154.7140503
338 10 3.625682786e-31 150 8.535533905 4.042125702 153.5355377 8.04737854 2.694750468 154.7140503
338 10 3.625682786e-31 150 8.535533905 4.042125702 153.5355377 9.02368927 6.028083801 152.3570251
338 10 3.625682786e-31 150 10 5 150 9.02368927 6.028083801 152.3570251
677 7.07106781 8.084251404 157.0710754 8.535533905 4.042125702 153.5355377 9.02368927 6.028083801 152.3570251
677 7.07106781 8.084251404 157.0710754 8.535533905 9.042125702 153.5355377 9.02368927 6.028083801 152.3570251
619 10 10 150 10 5 150 9.02368927 6.028083801 152.3570251
619 10 10 150 8.535533905 9.042125702 153.5355377 9.02368927 6.028083801 152.3570251
677 7.07106781 8.084251404 157.0710754 3.535533905 4.042125702 158.5355377 2.357022603 6.028083801 159.0236918
677 7.07106781 8.084251404 157.0710754 3.535533905 9.042125702 158.5355377 2.357022603 6.028083801 159.0236918
448 1.545127416e-13 1.110223025e-15 160 3.535533905 4.042125702 158.5355377 2.357022603 6.028083801 159.0236918
448 1.545127416e-13 1.110223025e-15 160 7.725637079e-14 5 160 2.357022603 6.028083801 159.0236918
674 0 10 160 3.535533905 9.042125702 158.5355377 2.357022603 6.028083801 159.0236918
674 0 10 160 7.725637079e-14 5 160 2.357022603 6.028083801 159.0236918
31 7.07106781 20 157.0710754 6.057265997 17.48605537 157.8530426 4.038177331 18.32403692 158.5686951
31 7.07106781 20 157.0710754 3.535533905 20 158.5355377 4.038177331 18.32403692 158.5686951
678 5.043464184 14.97211075 158.6350098 6.057265997 17.48605537 157.8530426 4.038177331 18.32403692 158.5686951
678 5.043464184 14.97211075 158.6350098 2.521732092 17.48605537 159.3175049 4.038177331 18.32403692 158.5686951
145 1.545127416e-13 20 160 3.535533905 20 158.5355377 4.038177331 18.32403692 158.5686951
145 1.545127416e-13 20 160 2.521732092 17.48605537 159.3175049 4.038177331 18.32403692 158.5686951
678 5.043464184 14.97211075 158.6350098 2.521732092 12.48605537 159.3175049 1.681154728 14.99070358 159.5450033
678 5.043464184 14.97211075 158.6350098 2.521732092 17.48605537 159.3175049 1.681154728 14.99070358 159.5450033
674 0 10 160 2.521732092 12.48605537 159.3175049 1.681154728 14.99070358 159.5450033
674 0 10 160 7.725637079e-14 15 160 1.681154728 14.99070358 159.5450033
145 1.545127416e-13 20 160 2.521732092 17.48605537 159.3175049 1.681154728 14.99070358 159.5450033
145 1.545127416e-13 20 160 7.725637079e-14 15 160 1.681154728 14.99070358 159.5450033
678 5.043464184 14.97211075 158.6350098 6.057265997 11.52818108 157.8530426 4.038177331 11.01878738 158.5686951
678 5.043464184 14.97211075 158.6350098 2.521732092 12.48605537 159.3175049 4.038177331 11.01878738 158.5686951
677 7.07106781 8.084251404 157.0710754 6.057265997 11.52818108 157.8530426 4.038177331 11.01878738 158.5686951
677 7.07106781 8.084251404 157.0710754 3.535533905 9.042125702 158.5355377 4.038177331 11.01878738 158.5686951
674 0 10 160 2.521732092 12.48605537 159.3175049 4.038177331 11.01878738 158.5686951
674 0 10 160 3.535533905 9.042125702 158.5355377 4.038177331 11.01878738 158.5686951
30 10 20 150 9.263106346 17.47706747 152.612648 8.532426834 18.31804498 154.0987905
30 10 20 150 8.535533905 20 153.5355377 8.532426834 18.31804498 154.0987905
679 8.526212692 14.95413494 155.225296 9.263106346 17.47706747 152.612648 8.532426834 18.31804498 154.0987905
679 8.526212692 14.95413494 155.225296 7.798640251 17.47706747 156.1481857 8.532426834 18.31804498 154.0987905
31 7.07106781 20 157.0710754 8.535533905 20 153.5355377 8.532426834 18.31804498 154.0987905
31 7.07106781 20 157.0710754 7.798640251 17.47706747 156.1481857 8.532426834 18.31804498 154.0987905
30 10 20 150 10 15 150 9.508737564 14.98471165 151.7417653
30 10 20 150 9.263106346 17.47706747 152.612648 9.508737564 14.98471165 151.7417653
619 10 10 150 10 15 150 9.508737564 14.98471165 151.7417653
619 10 10 150 9.263106346 12.47706747 152.612648 9.508737564 14.98471165 151.7417653
679 8.526212692 14.95413494 155.225296 9.263106346 17.47706747 152.612648 9.508737564 14.98471165 151.7417653
679 8.526212692 14.95413494 155.225296 9.263106346 12.47706747 152.612648 9.508737564 14.98471165 151.7417653
679 8.526212692 14.95413494 155.225296 9.263106346 12.47706747 152.612648 8.532426834 11.01279545 154.0987905
679 8.526212692 14.95413494 155.225296 7.798640251 11.51919317 156.1481857 8.532426834 11.01279545 154.0987905
619 10 10 150 9.263106346 12.47706747 152.612648 8.532426834 11.01279545 154.0987905
619 10 10 150 8.535533905 9.042125702 153.5355377 8.532426834 11.01279545 154.0987905
677 7.07106781 8.084251404 157.0710754 7.798640251 11.51919317 156.1481857 8.532426834 11.01279545 154.0987905
677 7.07106781 8.084251404 157.0710754 8.535533905 9.042125702 153.5355377 8.532426834 11.01279545 154.0987905
679 8.526212692 14.95413494 155.225296 6.784838438 14.96312284 156.9301529 6.880248229 16.6420819 156.9771271
679 8.526212692 14.95413494 155.225296 7.798640251 17.47706747 156.1481857 6.880248229 16.6420819 156.9771271
678 5.043464184 14.97211075 158.6350098 6.784838438 14.96312284 156.9301529 6.880248229 16.6420819 156.9771271
678 5.043464184 14.97211075 158.6350098 6.057265997 17.48605537 157.8530426 6.880248229 16.6420819 156.9771271
31 7.07106781 20 157.0710754 7.798640251 17.47706747 156.1481857 6.880248229 16.6420819 156.9771271
31 7.07106781 20 157.0710754 6.057265997 17.48605537 157.8530426 6.880248229 16.6420819 156.9771271
678 5.043464184 14.97211075 158.6350098 6.784838438 14.96312284 156.9301529 6.880248229 12.6701657 156.9771271
678 5.043464184 14.97211075 158.6350098 6.057265997 11.52818108 157.8530426 6.880248229 12.6701657 156.9771271
679 8.526212692 14.95413494 155.225296 6.784838438 14.96312284 156.9301529 6.880248229 12.6701657 156.9771271
679 8.526212692 14.95413494 155.225296 7.798640251 11.51919317 156.1481857 6.880248229 12.6701657 156.9771271
677 7.07106781 8.084251404 157.0710754 6.057265997 11.52818108 157.8530426 6.880248229 12.6701657 156.9771271
677 7.07106781 8.084251404 157.0710754 7.798640251 11.51919317 156.1481857 6.880248229 12.6701657 156.9771271
