# FacetFiber Data Generated with LDPM Mesh Generation Tool
# Format: Intersection number followed by one line per Interaction
# Intersection [N]
# [Te Fa fN fM fL S L df I]

Number of Total Intersection: 4351
Number of Maximum Intersection: 3
Intersection: 1
1 4 -0.08082985514 0.1412798654 0.9866643473 12.45543592 17.54456408 0.5 1
Intersection: 2
1 8 0.5348193723 0.8033097427 0.2620337694 6.281706113 15.32061119 0.5 1
Intersection: 3
7 7 0.3366741292 -0.1395093484 0.9312291192 9.20379483 20.79620517 0.5 1
Intersection: 4
7 10 0.08773037019 0.9836877523 0.1570407213 2.276491396 14.71333746 0.5 1
Intersection: 5
8 2 0.1021606352 0.05348397915 0.9933290837 5.723608184 24.27639182 0.5 1
Intersection: 6
8 11 -0.9787609721 -0.1698828563 -0.1147465673 6.811002341 23.18899766 0.5 1
Intersection: 7
8 12 -0.9787609721 -0.1698828563 -0.1147465673 8.035684072 21.96431593 0.5 1
Intersection: 8
10 4 0.2122363897 0.8980769325 -0.385244777 7.904371014 10.12421185 0.5 1
Intersection: 9
17 9 -0.1058540775 0.06726707503 -0.9921038529 0.06159516103 29.93840484 0.5 1
Intersection: 10
18 4 0.90834436 0.2052129685 -0.3644148203 1.142571291 15.67344712 0.5 1
Intersection: 11
18 7 -0.9853753375 0.1190608984 -0.121901381 6.689396074 19.70810648 0.5 1
Intersection: 12
18 9 0.08773037019 0.9836877523 0.1570407213 1.41251762 15.57731123 0.5 1
Intersection: 13
23 2 -0.734312341 -0.4482227909 -0.5097859507 10.31174246 19.68825754 0.5 1
Intersection: 14
23 7 0.9963509951 0.02728998201 -0.08086996653 8.761868738 21.23813126 0.5 1
Intersection: 15
23 8 -0.734312341 -0.4482227909 -0.5097859507 10.11746661 19.88253339 0.5 1
Intersection: 16
23 9 0.9963509951 0.02728998201 -0.08086996653 8.297892445 21.70210755 0.5 1
Intersection: 17
27 3 -0.2982768599 0.02496439496 -0.9541528671 14.12436342 15.87563658 0.5 1
Intersection: 18
27 12 -0.2982768599 0.02496439496 -0.9541528671 14.00393446 15.99606554 0.5 1
Intersection: 19
28 6 -0.4365007609 -0.09499242223 0.8946750949 7.73156454 22.26843546 0.5 1
Intersection: 20
33 3 0.093935923 0.1674216353 0.98140004 2.985011364 27.01498864 0.5 1
Intersection: 21
33 6 -0.8654482805 0.4322281895 0.2533339023 9.945492723 20.05450728 0.5 1
Intersection: 22
33 10 -0.8654482805 0.4322281895 0.2533339023 10.55748609 19.44251391 0.5 1
Intersection: 23
33 12 -0.8654482805 0.4322281895 0.2533339023 9.67673931 20.32326069 0.5 1
Intersection: 24
33 12 0.093935923 0.1674216353 0.98140004 3.83946413 26.16053587 0.5 2
Intersection: 25
35 4 -0.9750112518 0.08337364386 -0.2059172026 3.525651164 5.695754383 0.5 1
Intersection: 26
35 8 -0.9750112518 0.08337364386 -0.2059172026 3.247211635 5.974193912 0.5 1
Intersection: 27
36 10 -0.4124792381 0.7683197934 -0.4894339314 1.429258332 1.441663139 0.5 1
Intersection: 28
38 5 -0.9962775916 -0.01619965739 0.08466718106 3.699344638 26.30065536 0.5 1
Intersection: 29
43 5 0.2903466846 -0.2736875821 0.9169481502 4.428600588 25.57139941 0.5 1
Intersection: 30
43 12 0.1218514069 -0.875592906 0.4674283877 6.259222918 14.33187448 0.5 1
Intersection: 31
43 12 0.2903466846 -0.2736875821 0.9169481502 4.193740452 25.80625955 0.5 2
Intersection: 32
46 3 -0.5319798179 0.5980460935 0.5994483659 1.805314013 12.6410051 0.5 1
Intersection: 33
47 3 -0.1182455039 -0.09155704734 0.9887544224 3.356214887 26.64378511 0.5 1
Intersection: 34
47 4 -0.1182455039 -0.09155704734 0.9887544224 2.419590276 27.58040972 0.5 1
Intersection: 35
47 7 0.4979482421 0.2610963452 -0.826968105 5.582076104 10.67670343 0.5 1
Intersection: 36
48 2 0.04354377576 -0.3346052182 0.9413518405 6.101222507 23.89877749 0.5 1
Intersection: 37
49 1 -0.5036956558 -0.549346292 -0.666715335 4.179572082 23.6444716 0.5 1
Intersection: 38
49 2 -0.4640417175 -0.5589791626 0.6871736172 4.260229992 9.943658814 0.5 1
Intersection: 39
49 4 -0.5036956558 -0.549346292 -0.666715335 5.854895252 21.96914843 0.5 1
Intersection: 40
49 6 -0.4640417175 -0.5589791626 0.6871736172 6.3809451 7.822943706 0.5 1
Intersection: 41
51 4 0.9763390886 0.1730383069 -0.1296908954 9.584928736 20.41507126 0.5 1
Intersection: 42
51 6 0.9763390886 0.1730383069 -0.1296908954 7.353663264 22.64633674 0.5 1
Intersection: 43
51 7 -0.8416184822 -0.1907393778 -0.5052690572 3.075944634 26.92405537 0.5 1
Intersection: 44
53 1 0.2443683797 0.3038950785 -0.9208321651 4.029524166 7.470822937 0.5 1
Intersection: 45
54 4 0.6035466977 -0.3476135412 0.7175626869 8.623801041 21.37619896 0.5 1
Intersection: 46
54 12 0.6035466977 -0.3476135412 0.7175626869 9.729619909 20.27038009 0.5 1
Intersection: 47
55 5 0.02776234581 -0.05959490986 0.9978365091 1.673786404 28.3262136 0.5 1
Intersection: 48
55 9 -0.1434625627 0.01714514542 -0.9895072193 0.7749174734 29.22508253 0.5 1
Intersection: 49
56 8 0.0001568604055 -0.004383395412 -0.9999903806 7.656800921 8.395962133 0.5 1
Intersection: 50
56 10 0.4240677607 -0.2389973233 -0.8735255084 14.12737948 15.87262052 0.5 1
Intersection: 51
56 11 0.1931238367 0.9580640043 0.2116991907 6.846148261 10.32167739 0.5 1
Intersection: 52
56 11 0.4240677607 -0.2389973233 -0.8735255084 10.77412422 19.22587578 0.5 2
Intersection: 53
59 8 -0.7051555274 0.6999349258 -0.1133436448 6.408171744 8.763552249 0.5 1
Intersection: 54
59 11 0.3978765855 0.6067394961 0.6881579809 1.995053993 7.504797462 0.5 1
Intersection: 55
59 12 -0.7051555274 0.6999349258 -0.1133436448 7.472002637 7.699721356 0.5 1
Intersection: 56
59 12 0.3978765855 0.6067394961 0.6881579809 0.4147559751 9.08509548 0.5 2
Intersection: 57
63 4 -0.9258789784 0.01402966654 0.3775596455 1.473517322 28.52648268 0.5 1
Intersection: 58
66 6 0.4409399281 0.3892542713 -0.8087354896 2.757113043 27.24288696 0.5 1
Intersection: 59
66 7 0.3374311107 0.1174538935 -0.9339940195 5.244379278 11.96586685 0.5 1
Intersection: 60
68 12 0.4533388018 0.7064987085 0.5434551552 0.7537535869 23.61066999 0.5 1
Intersection: 61
69 5 -0.2148569988 0.2373445309 0.9473669003 1.092182149 2.209362455 0.5 1
Intersection: 62
69 9 -0.1030160284 0.4215763736 0.900922338 2.316054799 3.635778849 0.5 1
Intersection: 63
69 9 -0.03374371938 0.02627625564 0.9990850413 2.5691144 21.07116021 0.5 2
Intersection: 64
70 3 0.1923148466 0.02657657904 0.9809733356 2.619906624 27.38009338 0.5 1
Intersection: 65
71 2 -0.07531781325 0.1257628325 -0.9891971173 10.84931121 19.15068879 0.5 1
Intersection: 66
71 7 -0.07600099912 0.2054658251 0.97570879 10.0581604 19.9418396 0.5 1
Intersection: 67
72 8 0.02776234581 -0.05959490986 0.9978365091 1.982936436 28.01706356 0.5 1
Intersection: 68
73 1 0.8761225483 0.2957903908 -0.3806800823 12.94304145 17.05695855 0.5 1
Intersection: 69
73 3 -0.6888731005 -0.3728428209 0.6216446592 6.123341636 9.997929811 0.5 1
Intersection: 70
73 3 0.4292430757 0.5463512051 -0.7192014618 7.324152731 15.3418844 0.5 2
Intersection: 71
73 4 0.2586919016 -0.9458980791 0.195845153 7.33316405 8.651493302 0.5 1
Intersection: 72
75 12 0.203693634 -0.4924230997 0.8461846101 4.63724967 25.36275033 0.5 1
Intersection: 73
76 2 0.3588596737 -0.2790434028 0.8907045043 11.71953615 18.28046385 0.5 1
Intersection: 74
76 9 0.3588596737 -0.2790434028 0.8907045043 13.17817806 16.82182194 0.5 1
Intersection: 75
80 4 0.07450432958 -0.2729140711 0.9591491097 8.902901126 21.09709887 0.5 1
Intersection: 76
80 11 -0.214352898 -0.1110074169 -0.9704278379 8.080285299 21.9197147 0.5 1
Intersection: 77
82 7 -0.1955560093 0.05649174807 -0.9790641091 12.10545355 17.89454645 0.5 1
Intersection: 78
82 9 -0.1955560093 0.05649174807 -0.9790641091 12.93785588 17.06214412 0.5 1
Intersection: 79
83 2 0.4348111579 -0.4222694901 0.7953789881 1.411782061 1.574526468 0.5 1
Intersection: 80
86 7 -0.2330499355 0.3749401498 -0.8972778898 0.87855224 25.34029106 0.5 1
Intersection: 81
86 9 0.1570382382 0.6452503179 0.7476570196 2.713746016 8.45646176 0.5 1
Intersection: 82
86 12 -0.2330499355 0.3749401498 -0.8972778898 4.02673416 22.19210914 0.5 1
Intersection: 83
86 12 0.003820153459 0.8585664014 -0.5126881516 1.720344377 12.4830854 0.5 2
Intersection: 84
88 11 -0.4190651163 -0.7665600217 0.4865903426 4.39948929 19.94989518 0.5 1
Intersection: 85
90 2 0.1755405448 0.3581087558 -0.9170297902 8.176094166 21.82390583 0.5 1
Intersection: 86
93 6 -0.2669788286 0.8279852232 0.4931153772 3.06598531 12.18868927 0.5 1
Intersection: 87
93 9 -0.2669788286 0.8279852232 0.4931153772 4.737694517 10.51698006 0.5 1
Intersection: 88
93 12 0.1360985624 -0.4185358482 -0.8979448341 3.756037424 26.24396258 0.5 1
Intersection: 89
94 7 0.09549726906 -0.5681236664 -0.817383491 2.403295079 17.26533273 0.5 1
Intersection: 90
94 9 0.7945723125 -0.5581323523 0.2390462664 4.092741242 9.996391073 0.5 1
Intersection: 91
95 9 0.1031645331 -0.464857509 -0.8793546357 9.911085526 10.32763137 0.5 1
Intersection: 92
97 6 0.413645783 0.2709724652 0.869178399 6.645882369 23.35411763 0.5 1
Intersection: 93
99 9 -0.2881563771 -0.2127109943 0.9336594321 5.44557781 24.55442219 0.5 1
Intersection: 94
103 4 0.01551711516 -0.9012219431 -0.4330799331 1.937302004 6.781387262 0.5 1
Intersection: 95
103 12 0.952688449 0.2051208277 0.2242992758 6.431093876 23.56890612 0.5 1
Intersection: 96
104 6 0.7786240436 0.09361369417 -0.6204684319 5.114601736 8.869495659 0.5 1
Intersection: 97
104 9 0.7786240436 0.09361369417 -0.6204684319 5.394676465 8.58942093 0.5 1
Intersection: 98
104 10 0.05743218163 0.3879561014 0.9198867365 11.00523945 18.99476055 0.5 1
Intersection: 99
104 12 0.1062614426 -0.2973721735 -0.9488299617 7.56873516 22.43126484 0.5 1
Intersection: 100
105 4 0.923874732 -0.3804849419 0.04106931424 7.181569536 22.81843046 0.5 1
Intersection: 101
107 5 -0.2874202408 -0.1810325502 -0.9405407067 2.574191829 27.42580817 0.5 1
Intersection: 102
107 6 -0.2874202408 -0.1810325502 -0.9405407067 2.431041195 27.56895881 0.5 1
Intersection: 103
109 9 -0.406484311 -0.01636428505 0.9135112014 0.3041649067 29.69583509 0.5 1
Intersection: 104
109 11 -0.406484311 -0.01636428505 0.9135112014 0.3427793056 29.65722069 0.5 1
Intersection: 105
110 6 0.7986750685 -0.1348940213 0.5864484103 4.452782268 23.97810585 0.5 1
Intersection: 106
110 12 0.7986750685 -0.1348940213 0.5864484103 5.359859223 23.07102889 0.5 1
Intersection: 107
111 10 -0.441788858 -0.05794430895 0.895245811 10.4396102 19.5603898 0.5 1
Intersection: 108
115 1 -0.1918906133 0.08498748637 0.9777295739 3.965935885 26.03406412 0.5 1
Intersection: 109
115 12 0.1404160467 0.1213350601 0.9826297049 9.395485416 16.50048745 0.5 1
Intersection: 110
119 3 -0.5427228143 0.3656351209 0.7561500547 8.269918757 21.73008124 0.5 1
Intersection: 111
119 5 0.3998104171 -0.4183022734 0.8155825148 5.860971893 24.13902811 0.5 1
Intersection: 112
119 10 0.3639353892 0.8061429723 -0.4665667591 0.9852101263 21.89799903 0.5 1
Intersection: 113
122 5 0.03510409315 0.04299297277 0.9984584653 8.97254515 21.02745485 0.5 1
Intersection: 114
122 7 0.04124383054 0.145975815 -0.9884280489 0.2532475037 29.7467525 0.5 1
Intersection: 115
122 10 0.3796806367 0.296162518 -0.8764304748 0.7461894666 12.84624063 0.5 1
Intersection: 116
122 12 0.03510409315 0.04299297277 0.9984584653 11.03700057 18.96299943 0.5 1
Intersection: 117
126 4 -0.4919513962 0.8088439999 -0.3221105519 5.051482167 11.47495663 0.5 1
Intersection: 118
126 9 -0.1191901236 0.2860048358 -0.9507864893 3.931463778 26.06853622 0.5 1
Intersection: 119
127 5 0.02461678131 0.0002495157917 0.99969693 2.612324153 27.38767585 0.5 1
Intersection: 120
128 2 0.8672466529 0.3949628069 -0.3031297152 3.266212905 5.264528769 0.5 1
Intersection: 121
130 5 -0.9158857285 -0.3019546203 -0.2645311693 1.335441927 28.66455807 0.5 1
Intersection: 122
132 3 0.1755405448 0.3581087558 -0.9170297902 0.07248624955 29.92751375 0.5 1
Intersection: 123
132 12 0.1755405448 0.3581087558 -0.9170297902 0.5328410797 29.46715892 0.5 1
Intersection: 124
133 11 0.03565423407 0.04163283111 0.9984966114 3.075000669 26.92499933 0.5 1
Intersection: 125
134 10 0.3796806367 0.296162518 -0.8764304748 5.113866807 8.478563285 0.5 1
Intersection: 126
135 1 0.5920020086 0.07302498832 0.8026213135 11.38073571 18.61926429 0.5 1
Intersection: 127
136 6 -0.01781033319 -0.02914525456 -0.9994165028 5.690988585 24.30901142 0.5 1
Intersection: 128
137 3 -0.8551538247 0.513462963 0.0711879316 0.3864637403 28.94306529 0.5 1
Intersection: 129
138 7 0.02490440274 0.06419363751 0.9976266574 7.305388861 7.393381623 0.5 1
Intersection: 130
139 3 -0.294806744 -0.08135499355 0.952087364 7.077474806 22.92252519 0.5 1
Intersection: 131
139 4 -0.294806744 -0.08135499355 0.952087364 7.547672332 22.45232767 0.5 1
Intersection: 132
141 3 -0.9745861888 -0.1709198666 0.1448038667 2.811254112 23.26516075 0.5 1
Intersection: 133
142 7 -0.00557382391 0.04624099844 -0.9989147624 12.60572436 17.39427564 0.5 1
Intersection: 134
142 8 -0.00557382391 0.04624099844 -0.9989147624 12.23420798 17.76579202 0.5 1
Intersection: 135
142 9 -0.1507848326 0.3724804013 -0.9157086244 2.377303332 26.72414591 0.5 1
Intersection: 136
142 9 -0.00557382391 0.04624099844 -0.9989147624 14.46387759 15.53612241 0.5 2
Intersection: 137
142 10 0.09947362002 -0.02145799157 -0.9948088025 5.084843477 24.91515652 0.5 1
Intersection: 138
143 6 0.01070542592 0.04929690958 0.9987267938 10.61814182 19.38185818 0.5 1
Intersection: 139
143 11 0.04659552186 -0.01667742241 -0.9987746097 4.759345076 25.24065492 0.5 1
Intersection: 140
143 12 0.01070542592 0.04929690958 0.9987267938 12.85799269 17.14200731 0.5 1
Intersection: 141
144 9 -0.1955560093 0.05649174807 -0.9790641091 6.168466123 23.83153388 0.5 1
Intersection: 142
145 4 -0.2793760988 -0.912728206 0.2981211455 3.099753468 18.28112577 0.5 1
Intersection: 143
149 9 -0.05157011271 0.3561243135 0.9330144676 9.034735595 20.9652644 0.5 1
Intersection: 144
150 5 0.4875787712 0.7957950523 -0.3591339258 4.36006353 12.06494303 0.5 1
Intersection: 145
154 4 -0.4914590255 -0.776713125 0.3939349536 3.218317962 10.79225776 0.5 1
Intersection: 146
154 10 0.005459177026 -0.02352742624 0.9997082863 6.694561616 23.30543838 0.5 1
Intersection: 147
155 3 0.04115225386 0.1696077661 -0.9846520693 9.255390139 20.74460986 0.5 1
Intersection: 148
155 3 0.413645783 0.2709724652 0.869178399 1.310674172 28.68932583 0.5 2
Intersection: 149
155 6 0.04115225386 0.1696077661 -0.9846520693 11.58533621 18.41466379 0.5 1
Intersection: 150
155 10 0.2381594539 0.1181123765 0.9640173966 0.7291103548 29.27088965 0.5 1
Intersection: 151
156 8 0.3721240227 0.1437010835 0.9169916632 9.36352558 20.06940334 0.5 1
Intersection: 152
157 4 0.2481135161 0.1286040409 -0.9601565934 7.556909885 22.44309011 0.5 1
Intersection: 153
159 4 0.1126438401 -0.5705753859 0.8134833092 2.936331291 27.06366871 0.5 1
Intersection: 154
159 7 0.1126438401 -0.5705753859 0.8134833092 4.193362793 25.80663721 0.5 1
Intersection: 155
159 8 0.1126438401 -0.5705753859 0.8134833092 3.784341796 26.2156582 0.5 1
Intersection: 156
159 9 -0.1375956779 0.126453086 0.9823833501 3.249016222 26.75098378 0.5 1
Intersection: 157
161 5 0.7839054771 -0.6168229318 -0.07086376905 5.503322197 11.52664374 0.5 1
Intersection: 158
161 7 -0.6598398202 -0.3902077446 0.64214432 14.08296689 14.22892482 0.5 1
Intersection: 159
161 7 -0.09445626451 -0.5012413423 -0.8601366931 7.457440598 22.5425594 0.5 2
Intersection: 160
161 8 -0.04391175125 -0.09756092898 -0.9942603398 6.815261551 23.18473845 0.5 1
Intersection: 161
161 9 -0.09445626451 -0.5012413423 -0.8601366931 8.282888791 21.71711121 0.5 1
Intersection: 162
162 6 0.2661078683 0.03185958078 -0.9634166127 2.964003337 27.03599666 0.5 1
Intersection: 163
163 3 0.8038481078 0.5499291666 0.2267292025 12.34766385 14.44845232 0.5 1
Intersection: 164
164 4 -0.520163637 -0.4156825282 0.7460816487 1.164242024 21.90184432 0.5 1
Intersection: 165
164 4 -0.159376463 0.06485631241 -0.9850851749 4.268273811 25.73172619 0.5 2
Intersection: 166
165 5 -0.6327624862 0.4707992373 -0.6147842827 6.073056135 23.92694386 0.5 1
Intersection: 167
165 11 0.02776234581 -0.05959490986 0.9978365091 12.16543516 17.83456484 0.5 1
Intersection: 168
166 6 -0.2716824583 -0.2992067297 -0.9146933774 10.14303196 19.85696804 0.5 1
Intersection: 169
167 11 -0.1787397266 0.2494331269 0.951753763 9.879686535 20.12031347 0.5 1
Intersection: 170
168 12 -0.1955560093 0.05649174807 -0.9790641091 3.737284907 26.26271509 0.5 1
Intersection: 171
169 4 -0.1033474611 0.05216890917 -0.9932762492 1.527185184 28.47281482 0.5 1
Intersection: 172
169 10 0.06031934315 0.05118569822 -0.9968658892 12.09452414 17.90547586 0.5 1
Intersection: 173
169 11 0.06031934315 0.05118569822 -0.9968658892 9.900456569 20.09954343 0.5 1
Intersection: 174
170 2 -0.441788858 -0.05794430895 0.895245811 0.2057664172 29.79423358 0.5 1
Intersection: 175
170 10 0.0266720945 0.05373902321 -0.9981987361 7.604174596 22.3958254 0.5 1
Intersection: 176
170 12 0.0266720945 0.05373902321 -0.9981987361 9.711094041 20.28890596 0.5 1
Intersection: 177
173 6 -0.06694857809 0.9966041589 0.04793785867 4.051402197 11.12222003 0.5 1
Intersection: 178
176 5 -0.6071293898 -0.3428958348 0.7168098427 6.635342408 23.36465759 0.5 1
Intersection: 179
179 11 -0.9787609721 -0.1698828563 -0.1147465673 2.504820617 27.49517938 0.5 1
Intersection: 180
180 9 -0.08770754368 -0.4620335514 -0.8825148068 6.065077877 23.93492212 0.5 1
Intersection: 181
182 12 -0.9300385907 -0.2807531713 0.2370777859 6.461853765 23.53814623 0.5 1
Intersection: 182
185 3 0.4502392294 -0.3304600835 0.8295063408 1.074447038 15.11947709 0.5 1
Intersection: 183
186 11 0.2771756678 0.03562983819 -0.9601584056 10.5355113 19.4644887 0.5 1
Intersection: 184
188 3 -0.9977607584 -0.04674538904 -0.04783657125 11.6565762 16.92221624 0.5 1
Intersection: 185
188 8 -0.02212358618 0.3280777429 -0.9443916251 4.195712249 12.99148801 0.5 1
Intersection: 186
188 11 -0.9977607584 -0.04674538904 -0.04783657125 13.72685642 14.85193602 0.5 1
Intersection: 187
188 12 -0.9977607584 -0.04674538904 -0.04783657125 12.75865709 15.82013535 0.5 1
Intersection: 188
189 4 -0.05253004477 -0.5455067276 0.836458609 5.637005107 24.36299489 0.5 1
Intersection: 189
189 7 -0.6901586843 0.2900002868 -0.6630089171 11.16208092 18.83791908 0.5 1
Intersection: 190
189 7 -0.02710952046 0.1342015281 -0.9905831736 14.40426041 15.59573959 0.5 2
Intersection: 191
191 2 -0.0506653036 0.0439555643 -0.9977479318 13.32171497 16.67828503 0.5 1
Intersection: 192
191 9 0.01038349252 0.2088740191 -0.9778874308 0.6340558163 29.36594418 0.5 1
Intersection: 193
191 12 0.7945723125 -0.5581323523 0.2390462664 4.9932074 9.095924915 0.5 1
Intersection: 194
192 4 0.4709731023 0.2319646536 0.8511032466 4.040456896 25.9595431 0.5 1
Intersection: 195
192 6 0.4709731023 0.2319646536 0.8511032466 6.570716523 23.42928348 0.5 1
Intersection: 196
192 8 0.4709731023 0.2319646536 0.8511032466 4.134531272 25.86546873 0.5 1
Intersection: 197
195 7 0.02490440274 0.06419363751 0.9976266574 2.216437849 12.48233263 0.5 1
Intersection: 198
197 4 -0.2614715106 -0.2921775958 0.9199265741 0.8632907219 29.13670928 0.5 1
Intersection: 199
202 3 -0.4913115513 0.08230386903 0.8670865197 1.138481723 19.32348666 0.5 1
Intersection: 200
202 5 -0.4913115513 0.08230386903 0.8670865197 2.230624278 18.2313441 0.5 1
Intersection: 201
203 5 0.5533124796 0.2134833762 0.8051522514 9.298672735 17.05097513 0.5 1
Intersection: 202
204 3 -0.602576441 0.4038470493 0.6883379937 8.242109824 21.75789018 0.5 1
Intersection: 203
204 9 -0.2957036859 -0.07903517501 -0.9520046067 13.37094981 16.62905019 0.5 1
Intersection: 204
204 10 -0.2957036859 -0.07903517501 -0.9520046067 13.19909016 16.80090984 0.5 1
Intersection: 205
205 1 -0.6364275165 0.1113978809 -0.7632499776 2.124150931 24.75325399 0.5 1
Intersection: 206
206 3 -0.1442836686 -0.1007696353 -0.9843920477 0.6275762355 21.74052306 0.5 1
Intersection: 207
206 7 0.886835471 -0.4546156363 -0.08274944419 0.09895331706 4.631734621 0.5 1
Intersection: 208
208 10 -0.7612818378 -0.5526572719 -0.3391458436 2.087972477 27.91202752 0.5 1
Intersection: 209
211 7 0.2672559478 0.03082332665 -0.9631324836 6.793486353 23.20651365 0.5 1
Intersection: 210
211 8 0.1159075594 -0.497185564 0.8598674041 2.2640327 7.527868254 0.5 1
Intersection: 211
211 9 -0.01979854607 0.02139018938 0.9995751484 7.671283948 22.32871605 0.5 1
Intersection: 212
213 8 -0.8031137453 0.5325576596 -0.2671902905 4.211018161 25.78898184 0.5 1
Intersection: 213
213 8 -0.04391175125 -0.09756092898 -0.9942603398 11.74909969 18.25090031 0.5 2
Intersection: 214
213 10 -0.2832115733 0.1298698834 -0.9502236674 9.725530381 20.27446962 0.5 1
Intersection: 215
216 5 -0.2330499355 0.3749401498 -0.8972778898 8.769128988 17.44971431 0.5 1
Intersection: 216
217 2 0.2665781903 -0.5669519081 -0.7794238913 1.295745705 16.46066843 0.5 1
Intersection: 217
217 8 0.5409403847 0.6605957815 -0.5205734469 4.959117087 23.17399664 0.5 1
Intersection: 218
218 7 0.6322485457 -0.3247051441 -0.7034403641 12.78373364 17.21626636 0.5 1
Intersection: 219
218 11 0.5840894452 -0.463971239 -0.6660106676 10.76134576 19.23865424 0.5 1
Intersection: 220
220 5 0.3588596737 -0.2790434028 0.8907045043 4.266464649 25.73353535 0.5 1
Intersection: 221
220 7 -0.9365655172 -0.003684509894 -0.3504731892 12.12565884 17.87434116 0.5 1
Intersection: 222
223 3 0.479483952 -0.1035631522 0.8714182769 5.796099405 8.125385467 0.5 1
Intersection: 223
223 5 0.479483952 -0.1035631522 0.8714182769 6.571668152 7.34981672 0.5 1
Intersection: 224
224 10 0.3924665828 -0.3755993287 -0.8395803271 2.387238192 27.61276181 0.5 1
Intersection: 225
226 4 0.5082827114 -0.8492981195 0.1426232435 0.1763412173 3.479035832 0.5 1
Intersection: 226
228 10 0.3796806367 0.296162518 -0.8764304748 5.041953693 8.550476399 0.5 1
Intersection: 227
230 11 -0.201013985 0.9338916551 0.295702138 1.850860041 2.024501292 0.5 1
Intersection: 228
233 1 0.4240677607 -0.2389973233 -0.8735255084 2.625540437 27.37445956 0.5 1
Intersection: 229
233 2 0.4240677607 -0.2389973233 -0.8735255084 1.875578907 28.12442109 0.5 1
Intersection: 230
234 12 0.5025298212 0.1912705171 -0.8431366248 8.289902881 21.71009712 0.5 1
Intersection: 231
235 7 0.01428029739 0.003146472527 -0.9998930807 14.88675127 15.11324873 0.5 1
Intersection: 232
237 9 0.1939856019 0.0202459098 -0.9807954371 10.0948262 19.9051738 0.5 1
Intersection: 233
237 10 0.1939856019 0.0202459098 -0.9807954371 10.874774 19.125226 0.5 1
Intersection: 234
237 10 0.5117287018 0.1960588656 -0.8364775293 9.54747282 20.45252718 0.5 2
Intersection: 235
238 2 0.3308259031 0.2929163538 -0.8970809504 4.099188965 18.54120484 0.5 1
Intersection: 236
240 1 -0.1017463863 -0.468911956 0.8773649471 2.127707249 3.541685001 0.5 1
Intersection: 237
240 2 -0.1017463863 -0.468911956 0.8773649471 0.3223748535 5.347017396 0.5 1
Intersection: 238
240 10 -0.1017463863 -0.468911956 0.8773649471 2.441322507 3.228069742 0.5 1
Intersection: 239
253 1 -0.6293736229 0.5728211953 -0.5251330507 1.54921317 25.44086247 0.5 1
Intersection: 240
253 2 0.00995676814 0.8493823063 -0.5276841485 0.1346092567 11.55614311 0.5 1
Intersection: 241
253 5 -0.6293736229 0.5728211953 -0.5251330507 4.008131233 22.98194441 0.5 1
Intersection: 242
253 6 -0.6293736229 0.5728211953 -0.5251330507 3.711947429 23.27812821 0.5 1
Intersection: 243
254 1 0.4153365359 0.9010753242 -0.1247350072 5.355895717 7.50291481 0.5 1
Intersection: 244
254 5 0.07450432958 -0.2729140711 0.9591491097 13.69654119 16.30345881 0.5 1
Intersection: 245
254 12 0.07450432958 -0.2729140711 0.9591491097 13.15132692 16.84867308 0.5 1
Intersection: 246
255 2 0.3628715574 -0.5938577708 -0.7180927384 5.563797138 24.43620286 0.5 1
Intersection: 247
260 3 -0.2134760794 -0.1377188088 0.9671925833 8.558216913 20.47756578 0.5 1
Intersection: 248
260 4 -0.2134760794 -0.1377188088 0.9671925833 7.702699259 21.33308344 0.5 1
Intersection: 249
261 11 0.203693634 -0.4924230997 0.8461846101 8.279714878 21.72028512 0.5 1
Intersection: 250
262 3 -0.5719455694 -0.5316359269 -0.6246931301 0.2987456002 3.427694787 0.5 1
Intersection: 251
262 4 0.02323805035 0.1126955289 0.993357796 9.950397401 20.0496026 0.5 1
Intersection: 252
262 5 -0.1231319886 -0.02364776804 0.9921085104 0.9514841273 29.04851587 0.5 1
Intersection: 253
262 10 -0.01979854607 0.02139018938 0.9995751484 1.683205056 28.31679494 0.5 1
Intersection: 254
263 8 -0.9183937858 -0.1440364412 0.3685191418 14.54264359 15.45735641 0.5 1
Intersection: 255
263 9 0.9763274547 -0.2121789676 0.04200936726 7.548441646 22.45155835 0.5 1
Intersection: 256
263 11 0.9763274547 -0.2121789676 0.04200936726 6.544295599 23.4557044 0.5 1
Intersection: 257
264 9 0.1481292575 -0.1037371705 0.9835122381 1.129545461 28.87045454 0.5 1
Intersection: 258
264 12 0.1550713704 0.09749277076 -0.9830808867 11.07133919 18.92866081 0.5 1
Intersection: 259
265 7 0.9020550491 0.176811694 -0.3937439691 14.68470908 15.31529092 0.5 1
Intersection: 260
265 9 -0.5232705178 0.852084636 -0.01182109902 3.569028228 17.72590594 0.5 1
Intersection: 261
267 1 0.2310830856 -0.08395571414 -0.9693049291 4.269314213 25.73068579 0.5 1
Intersection: 262
267 3 -0.3159488755 -0.8978762456 0.3065853154 8.77069756 10.39118932 0.5 1
Intersection: 263
268 1 -0.4092604613 -0.7780303542 0.4766284117 1.601816308 1.975290677 0.5 1
Intersection: 264
268 10 -0.4092604613 -0.7780303542 0.4766284117 0.5091959421 3.067911043 0.5 1
Intersection: 265
271 1 -0.03944440697 -0.8744322775 0.4835414469 3.503226047 13.29089724 0.5 1
Intersection: 266
271 3 -0.01979854607 0.02139018938 0.9995751484 11.49299404 18.50700596 0.5 1
Intersection: 267
271 4 0.1242412439 0.1604533566 0.9791929502 8.425927596 21.5740724 0.5 1
Intersection: 268
271 5 -0.03944440697 -0.8744322775 0.4835414469 4.97936764 11.81475564 0.5 1
Intersection: 269
271 5 -0.01979854607 0.02139018938 0.9995751484 12.27493074 17.72506926 0.5 2
Intersection: 270
271 7 0.5716541356 -0.5466651291 0.6118568344 1.796290936 28.20370906 0.5 1
Intersection: 271
271 9 0.5716541356 -0.5466651291 0.6118568344 1.534636558 28.46536344 0.5 1
Intersection: 272
272 4 -0.03950055493 0.01027499365 -0.9991667182 0.2006134622 29.79938654 0.5 1
Intersection: 273
273 1 0.346286246 -0.7950656761 -0.4979522131 5.672473764 16.89118983 0.5 1
Intersection: 274
275 8 -0.1182455039 -0.09155704734 0.9887544224 3.453644136 26.54635586 0.5 1
Intersection: 275
275 11 0.4979482421 0.2610963452 -0.826968105 2.026831765 14.23194777 0.5 1
Intersection: 276
275 12 0.4979482421 0.2610963452 -0.826968105 1.116589602 15.14218993 0.5 1
Intersection: 277
279 7 -0.7059458665 0.3141313454 0.6347928256 0.8812653236 1.075042135 0.5 1
Intersection: 278
279 12 -0.556116704 0.7596500162 0.3371439817 3.325903917 7.524705704 0.5 1
Intersection: 279
280 3 -0.3804735108 0.1051684134 -0.9187924207 13.66000073 16.33999927 0.5 1
Intersection: 280
280 7 -0.3804735108 0.1051684134 -0.9187924207 13.65737209 16.34262791 0.5 1
Intersection: 281
281 6 -0.1750254496 0.6083663056 0.7741166128 3.090997263 14.99311026 0.5 1
Intersection: 282
281 10 -0.1750254496 0.6083663056 0.7741166128 1.275326235 16.80878128 0.5 1
Intersection: 283
282 8 0.02039652817 0.01879805966 -0.9996152333 14.28280274 15.71719726 0.5 1
Intersection: 284
284 11 0.5438688555 0.6522476607 -0.5279958874 2.190213731 2.343691512 0.5 1
Intersection: 285
287 9 -0.2191913045 0.371077286 0.902361801 8.784190984 9.010656496 0.5 1
Intersection: 286
287 11 -0.01876774444 0.01169941002 0.9997554179 3.335527586 26.66447241 0.5 1
Intersection: 287
287 12 -0.1022563908 0.8154798662 0.5696808039 6.297917416 14.18190806 0.5 1
Intersection: 288
288 2 0.4218499268 -0.1121359021 0.8997044952 5.552654816 24.44734518 0.5 1
Intersection: 289
289 1 0.02323805035 0.1126955289 0.993357796 14.11043956 15.88956044 0.5 1
Intersection: 290
289 11 0.02490610723 -0.04145116193 0.9988300591 2.921475809 27.07852419 0.5 1
Intersection: 291
289 11 0.4533388018 0.7064987085 0.5434551552 5.326314154 19.03810942 0.5 2
Intersection: 292
290 1 0.1657401003 -0.7892321727 0.5913060094 3.719810224 5.379615986 0.5 1
Intersection: 293
290 2 0.8551258962 -0.5133107579 0.07260693771 1.873374458 13.0987208 0.5 1
Intersection: 294
290 8 0.8551258962 -0.5133107579 0.07260693771 1.186462458 13.7856328 0.5 1
Intersection: 295
293 9 -0.6364275165 0.1113978809 -0.7632499776 7.804627416 19.0727775 0.5 1
Intersection: 296
293 10 -0.6364275165 0.1113978809 -0.7632499776 8.66437958 18.21302534 0.5 1
Intersection: 297
296 8 -0.04882360787 0.008722197887 0.998769332 2.141472851 11.59587151 0.5 1
Intersection: 298
296 9 0.2814761412 -0.0766774184 0.9564997415 1.90023025 28.09976975 0.5 1
Intersection: 299
298 2 0.202860515 0.7739041151 -0.5999333564 1.896357898 4.021458167 0.5 1
Intersection: 300
298 8 -0.1955560093 0.05649174807 -0.9790641091 9.471407189 20.52859281 0.5 1
Intersection: 301
300 10 -0.9627394581 -0.08746337884 -0.2558962546 0.7417177193 21.85383882 0.5 1
Intersection: 302
301 2 -0.07531781325 0.1257628325 -0.9891971173 7.469421523 22.53057848 0.5 1
Intersection: 303
301 7 0.01428029739 0.003146472527 -0.9998930807 6.149193298 23.8508067 0.5 1
Intersection: 304
301 10 0.01428029739 0.003146472527 -0.9998930807 7.697626798 22.3023732 0.5 1
Intersection: 305
305 11 0.1189269641 0.02489093048 -0.9925909625 12.33708438 17.66291562 0.5 1
Intersection: 306
306 2 -0.01619714664 -0.6185150773 -0.7856059773 7.165214845 19.44354926 0.5 1
Intersection: 307
306 4 -0.01619714664 -0.6185150773 -0.7856059773 8.350685056 18.25807905 0.5 1
Intersection: 308
307 4 0.1337307127 -0.02063193654 0.9908029167 8.273684017 21.72631598 0.5 1
Intersection: 309
307 9 -0.3424824684 -0.9094311215 0.2358830094 3.211102827 15.53449869 0.5 1
Intersection: 310
307 11 0.1242412439 0.1604533566 0.9791929502 5.128047077 24.87195292 0.5 1
Intersection: 311
308 1 0.02019400774 0.008026476228 -0.999763861 5.374081984 24.62591802 0.5 1
Intersection: 312
308 5 -0.7056615733 0.08496658368 0.7034361546 10.58782096 19.41217904 0.5 1
Intersection: 313
308 6 0.02019400774 0.008026476228 -0.999763861 5.789298168 24.21070183 0.5 1
Intersection: 314
310 4 0.7825529405 -0.1201336796 0.6108836177 7.914986423 22.08501358 0.5 1
Intersection: 315
310 5 -0.4190651163 -0.7665600217 0.4865903426 2.045272303 22.30411216 0.5 1
Intersection: 316
311 12 0.7825529405 -0.1201336796 0.6108836177 1.160699434 28.83930057 0.5 1
Intersection: 317
314 2 -0.4365007609 -0.09499242223 0.8946750949 0.3948745839 29.60512542 0.5 1
Intersection: 318
314 8 -0.4365007609 -0.09499242223 0.8946750949 0.3947509512 29.60524905 0.5 1
Intersection: 319
315 4 0.06031934315 0.05118569822 -0.9968658892 10.95262659 19.04737341 0.5 1
Intersection: 320
315 8 0.3618416294 0.09120473953 -0.9277673904 4.049956677 25.95004332 0.5 1
Intersection: 321
316 12 0.4318041576 -0.7375433231 -0.5192061402 4.47666048 20.27926253 0.5 1
Intersection: 322
317 3 0.4502392294 -0.3304600835 0.8295063408 4.304062949 11.88986118 0.5 1
Intersection: 323
317 6 0.4502392294 -0.3304600835 0.8295063408 6.026946363 10.16697776 0.5 1
Intersection: 324
319 7 0.2665781903 -0.5669519081 -0.7794238913 6.137838788 11.61857534 0.5 1
Intersection: 325
319 8 0.001958061974 -0.003563274062 0.9999917345 0.01201215037 26.11286172 0.5 1
Intersection: 326
319 9 0.2665781903 -0.5669519081 -0.7794238913 6.997449407 10.75896473 0.5 1
Intersection: 327
319 10 0.2665781903 -0.5669519081 -0.7794238913 8.236227992 9.52018614 0.5 1
Intersection: 328
320 4 -0.03086512459 0.01463856467 0.9994163579 11.37412836 18.62587164 0.5 1
Intersection: 329
322 3 0.5716541356 -0.5466651291 0.6118568344 4.752796034 25.24720397 0.5 1
Intersection: 330
322 6 -0.03779796575 0.06724423065 -0.9970203244 1.956472293 12.66026495 0.5 1
Intersection: 331
322 7 0.5716541356 -0.5466651291 0.6118568344 3.922829907 26.07717009 0.5 1
Intersection: 332
322 10 -0.03779796575 0.06724423065 -0.9970203244 3.081383969 11.53535327 0.5 1
Intersection: 333
322 11 -0.4124792381 0.7683197934 -0.4894339314 0.7936178309 2.077303641 0.5 1
Intersection: 334
322 12 -0.4124792381 0.7683197934 -0.4894339314 1.184040007 1.686881464 0.5 1
Intersection: 335
322 12 0.5716541356 -0.5466651291 0.6118568344 4.702921088 25.29707891 0.5 2
Intersection: 336
323 11 -0.7003963615 0.08986292701 0.7080745661 4.759135636 25.24086436 0.5 1
Intersection: 337
324 6 -0.08317115329 0.2090950045 -0.9743520095 1.83231192 21.03904267 0.5 1
Intersection: 338
326 2 0.7757652267 -0.004373355624 -0.6310064871 11.8377707 18.1622293 0.5 1
Intersection: 339
326 11 -0.9853194422 0.1120769713 0.1287802366 11.66760091 18.33239909 0.5 1
Intersection: 340
327 3 -0.028025372 -0.08987307589 -0.9955588424 8.766173628 21.23382637 0.5 1
Intersection: 341
327 3 0.2295764464 0.1861525168 -0.9553229275 1.564965961 28.43503404 0.5 2
Intersection: 342
327 5 -0.03775600773 -0.0610093396 0.9974228513 2.265451424 27.73454858 0.5 1
Intersection: 343
327 12 -0.03775600773 -0.0610093396 0.9974228513 1.685707678 28.31429232 0.5 1
Intersection: 344
328 2 -0.07342675597 -0.4296159376 0.9000214762 3.320644519 9.756553976 0.5 1
Intersection: 345
331 7 0.01742263306 0.005083858691 0.9998352896 4.624464327 25.37553567 0.5 1
Intersection: 346
331 8 -0.007167039539 0.3828779843 -0.9237711203 6.237476259 23.76252374 0.5 1
Intersection: 347
331 8 0.01742263306 0.005083858691 0.9998352896 3.051780903 26.9482191 0.5 2
Intersection: 348
331 11 0.01742263306 0.005083858691 0.9998352896 5.221857434 24.77814257 0.5 1
Intersection: 349
332 7 -0.7753372996 -0.04952602304 0.6296024499 9.554040172 20.44595983 0.5 1
Intersection: 350
332 10 0.6920407665 -0.5627503285 -0.4520969423 4.642626866 13.94530301 0.5 1
Intersection: 351
333 5 -0.1375956779 0.126453086 0.9823833501 3.580442281 26.41955772 0.5 1
Intersection: 352
335 1 0.6630470161 -0.2651616328 -0.7000414009 0.2973205296 2.52634995 0.5 1
Intersection: 353
335 4 0.393126034 -0.6970788269 0.5996107324 1.273285992 26.48418433 0.5 1
Intersection: 354
335 8 0.393126034 -0.6970788269 0.5996107324 1.032017608 26.72545272 0.5 1
Intersection: 355
335 12 0.393126034 -0.6970788269 0.5996107324 2.068591096 25.68887923 0.5 1
Intersection: 356
340 6 0.7097592314 -0.1358715993 -0.6912168559 11.27797255 18.72202745 0.5 1
Intersection: 357
340 11 0.7097592314 -0.1358715993 -0.6912168559 8.374235633 21.62576437 0.5 1
Intersection: 358
342 3 -0.05253004477 -0.5455067276 0.836458609 1.753936307 28.24606369 0.5 1
Intersection: 359
342 4 -0.1442836686 -0.1007696353 -0.9843920477 8.035724472 14.33237482 0.5 1
Intersection: 360
344 5 0.1774785486 -0.1982691902 -0.9639453786 3.321844331 26.67815567 0.5 1
Intersection: 361
344 5 0.3564816904 -0.9075834755 -0.2218401214 9.568876532 12.01338478 0.5 2
Intersection: 362
344 8 -0.2071432291 0.2369948 0.9491707683 2.246378013 27.75362199 0.5 1
Intersection: 363
344 12 0.1071987706 0.8233528159 0.5573137035 1.163295408 13.05492803 0.5 1
Intersection: 364
347 5 -0.5427228143 0.3656351209 0.7561500547 3.585630142 26.41436986 0.5 1
Intersection: 365
347 12 -0.5427228143 0.3656351209 0.7561500547 1.602078507 28.39792149 0.5 1
Intersection: 366
349 3 0.04266206044 -0.009312221422 -0.9990461607 2.353742149 27.64625785 0.5 1
Intersection: 367
349 4 0.04266206044 -0.009312221422 -0.9990461607 2.57680903 27.42319097 0.5 1
Intersection: 368
350 5 -0.01362219218 0.2881296848 -0.9574945016 2.046633324 27.95336668 0.5 1
Intersection: 369
350 9 0.2737396922 0.2414041167 -0.9310159147 3.497314016 10.34129765 0.5 1
Intersection: 370
350 10 0.2737396922 0.2414041167 -0.9310159147 3.907223847 9.93138782 0.5 1
Intersection: 371
352 10 0.04266206044 -0.009312221422 -0.9990461607 9.767348788 20.23265121 0.5 1
Intersection: 372
353 10 -0.214352898 -0.1110074169 -0.9704278379 9.447940435 20.55205956 0.5 1
Intersection: 373
354 2 0.01930622002 0.01713064464 -0.9996668499 7.176448849 22.82355115 0.5 1
Intersection: 374
354 9 -0.4483892904 0.8891698308 -0.09123626589 5.147751649 13.0104114 0.5 1
Intersection: 375
355 7 0.1262545607 -0.04148288559 -0.9911301409 1.735114304 28.2648857 0.5 1
Intersection: 376
358 8 0.004391438959 -0.6337815817 -0.773499594 1.351005694 4.419885184 0.5 1
Intersection: 377
360 4 -0.6003472452 -0.2608263167 0.7560111227 6.750593413 23.24940659 0.5 1
Intersection: 378
361 4 0.1604232984 0.01394442805 0.9869498053 9.074622204 20.9253778 0.5 1
Intersection: 379
364 10 -0.2716824583 -0.2992067297 -0.9146933774 4.211253801 25.7887462 0.5 1
Intersection: 380
366 1 -0.09642123724 -0.006172749729 0.9953214768 7.001638356 22.99836164 0.5 1
Intersection: 381
366 6 -0.09642123724 -0.006172749729 0.9953214768 7.642821096 22.3571789 0.5 1
Intersection: 382
367 11 0.08353447892 0.06678040928 0.9942647373 3.449980106 26.55001989 0.5 1
Intersection: 383
369 1 -0.4903420866 0.1522520652 -0.8581281645 5.747731343 24.25226866 0.5 1
Intersection: 384
370 10 0.004451579778 -0.3631428831 -0.9317228289 6.024289679 23.97571032 0.5 1
Intersection: 385
370 12 0.2747813948 0.1903226944 0.9424820726 12.43764617 17.56235383 0.5 1
Intersection: 386
372 4 -0.406484311 -0.01636428505 0.9135112014 7.190292834 22.80970717 0.5 1
Intersection: 387
372 8 -0.406484311 -0.01636428505 0.9135112014 7.944065869 22.05593413 0.5 1
Intersection: 388
372 12 -0.3293478705 0.1024648203 0.9386324844 7.558760184 8.918961518 0.5 1
Intersection: 389
372 12 0.7725992587 -0.5952342613 -0.2208767975 10.26681127 19.73318873 0.5 2
Intersection: 390
375 11 0.2113667871 0.1224907943 -0.9697010295 2.85175984 27.14824016 0.5 1
Intersection: 391
376 8 0.7413836039 0.5592995559 0.3708562507 5.734961953 8.282259025 0.5 1
Intersection: 392
381 11 0.6119883709 0.3296685425 0.7188803002 12.01475105 17.98524895 0.5 1
Intersection: 393
381 12 0.6119883709 0.3296685425 0.7188803002 12.6987998 17.3012002 0.5 1
Intersection: 394
382 2 -0.8031137453 0.5325576596 -0.2671902905 0.8496568774 29.15034312 0.5 1
Intersection: 395
382 5 -0.8031137453 0.5325576596 -0.2671902905 1.831435028 28.16856497 0.5 1
Intersection: 396
382 5 -0.2832115733 0.1298698834 -0.9502236674 5.907988036 24.09201196 0.5 2
Intersection: 397
382 5 0.9083594651 -0.1942662134 0.3703292055 12.99304022 17.00695978 0.5 3
Intersection: 398
382 6 -0.2832115733 0.1298698834 -0.9502236674 5.016747387 24.98325261 0.5 1
Intersection: 399
382 7 0.02776234581 -0.05959490986 0.9978365091 3.129116613 26.87088339 0.5 1
Intersection: 400
384 6 0.02323805035 0.1126955289 0.993357796 4.465056682 25.53494332 0.5 1
Intersection: 401
384 11 -0.3782033676 0.4193427298 -0.8252962424 6.016592093 23.98340791 0.5 1
Intersection: 402
384 11 0.1481292575 -0.1037371705 0.9835122381 14.44522047 15.55477953 0.5 2
Intersection: 403
385 11 -0.8537761995 0.3092924673 -0.4188130499 14.07255252 15.92744748 0.5 1
Intersection: 404
387 1 0.01930622002 0.01713064464 -0.9996668499 13.87936889 16.12063111 0.5 1
Intersection: 405
388 9 -0.5740877984 0.4905980565 0.6555430929 4.218979475 24.20077886 0.5 1
Intersection: 406
388 10 -0.5740877984 0.4905980565 0.6555430929 4.889416717 23.53034162 0.5 1
Intersection: 407
388 12 0.3127799932 0.8283240625 -0.4648095559 0.02945938093 2.137088698 0.5 1
Intersection: 408
390 9 0.2499112951 0.8258813531 -0.5054347982 2.643577294 19.00555824 0.5 1
Intersection: 409
390 11 -0.1955560093 0.05649174807 -0.9790641091 5.845347755 24.15465225 0.5 1
Intersection: 410
391 8 0.04944278866 -0.9003479711 -0.4323527975 0.006066506835 2.729289439 0.5 1
Intersection: 411
392 5 0.1775828746 0.03877044791 -0.9833418404 3.493436655 26.50656334 0.5 1
Intersection: 412
392 6 0.1775828746 0.03877044791 -0.9833418404 5.208134761 24.79186524 0.5 1
Intersection: 413
393 2 -0.269972217 -0.04969581347 0.9615848003 0.8803225703 29.11967743 0.5 1
Intersection: 414
393 8 -0.269972217 -0.04969581347 0.9615848003 1.881834519 28.11816548 0.5 1
Intersection: 415
395 2 -0.7667403192 -0.4596913845 0.4480994464 14.82411898 15.17588102 0.5 1
Intersection: 416
395 5 -0.7667403192 -0.4596913845 0.4480994464 14.12750226 15.87249774 0.5 1
Intersection: 417
395 8 -0.7667403192 -0.4596913845 0.4480994464 14.34953239 15.65046761 0.5 1
Intersection: 418
396 7 -0.2988377096 0.2443803739 0.922482659 2.361752056 27.63824794 0.5 1
Intersection: 419
396 7 -0.03775600773 -0.0610093396 0.9974228513 11.65028164 18.34971836 0.5 2
Intersection: 420
396 11 -0.2988377096 0.2443803739 0.922482659 2.244394212 27.75560579 0.5 1
Intersection: 421
396 12 0.3588596737 -0.2790434028 0.8907045043 3.96559568 26.03440432 0.5 1
Intersection: 422
397 1 -0.496651562 -0.8664290089 -0.05136145066 0.7459910686 15.45131727 0.5 1
Intersection: 423
397 2 0.1202290089 0.05574432828 0.9911798804 8.034420261 16.67303456 0.5 1
Intersection: 424
397 3 0.1202290089 0.05574432828 0.9911798804 7.321887433 17.38556739 0.5 1
Intersection: 425
402 6 0.06031934315 0.05118569822 -0.9968658892 6.202867899 23.7971321 0.5 1
Intersection: 426
403 8 0.03404213322 -0.002556368399 -0.9994171292 8.689747431 21.31025257 0.5 1
Intersection: 427
403 10 0.03404213322 -0.002556368399 -0.9994171292 5.051742774 24.94825723 0.5 1
Intersection: 428
404 11 -0.4386543784 -0.8373191744 0.3263111039 1.906773247 6.802765241 0.5 1
Intersection: 429
405 3 -0.2719874627 -0.2958483311 -0.9156945916 14.02759186 15.83919287 0.5 1
Intersection: 430
405 10 -0.2719874627 -0.2958483311 -0.9156945916 11.41753856 18.44924617 0.5 1
Intersection: 431
405 12 -0.9053993944 -0.3193232033 -0.2797939036 4.020325943 25.97967406 0.5 1
Intersection: 432
407 2 -0.269972217 -0.04969581347 0.9615848003 9.390893763 20.60910624 0.5 1
Intersection: 433
407 7 -0.3975498249 0.1377125652 -0.9071876245 14.48240488 15.51759512 0.5 1
Intersection: 434
408 4 0.003147776779 0.008711205223 -0.9999571023 1.036027216 28.96397278 0.5 1
Intersection: 435
409 2 0.2947703714 0.452623673 -0.8415712915 9.196012796 20.8039872 0.5 1
Intersection: 436
409 3 0.4683870952 0.5118235899 -0.7201736887 10.26666136 19.73333864 0.5 1
Intersection: 437
409 3 0.8617026612 0.3724099991 -0.3446437527 12.09115661 17.90884339 0.5 2
Intersection: 438
411 12 0.4240677607 -0.2389973233 -0.8735255084 14.22719181 15.77280819 0.5 1
Intersection: 439
413 1 0.9080542348 0.05760772454 0.4148720969 10.07498355 19.92501645 0.5 1
Intersection: 440
413 2 0.006629883853 0.03973531286 -0.9991882453 0.03040469737 29.9695953 0.5 1
Intersection: 441
413 7 -0.1201138324 -0.5003913842 0.8574270406 7.538687762 7.852107447 0.5 1
Intersection: 442
413 10 -0.007493240522 0.002903937966 -0.9999677087 0.4109654915 29.58903451 0.5 1
Intersection: 443
416 5 -0.05253004477 -0.5455067276 0.836458609 7.078080088 22.92191991 0.5 1
Intersection: 444
419 5 0.8197655393 -0.1774590757 -0.5445114664 12.45479135 14.61633544 0.5 1
Intersection: 445
422 2 0.01139112705 0.004562468342 0.9999247102 2.950777931 27.04922207 0.5 1
Intersection: 446
422 5 0.01139112705 0.004562468342 0.9999247102 0.7923885793 29.20761142 0.5 1
Intersection: 447
422 6 0.01139112705 0.004562468342 0.9999247102 1.056187618 28.94381238 0.5 1
Intersection: 448
423 10 0.8417478302 0.06222502503 0.5362729124 8.974741775 21.02525822 0.5 1
Intersection: 449
424 9 0.8406667462 0.2907918193 -0.4568583365 5.046096661 11.20746828 0.5 1
Intersection: 450
425 1 -0.7051555274 0.6999349258 -0.1133436448 3.664457197 11.5072668 0.5 1
Intersection: 451
425 1 -0.2697198294 0.7442246728 -0.6110489752 2.143377876 19.27900739 0.5 2
Intersection: 452
425 12 -0.2137440023 0.4361278644 -0.8741315618 2.410471859 11.73953621 0.5 1
Intersection: 453
425 12 0.161604066 -0.4208872885 0.892601824 0.3580084649 29.64199154 0.5 2
Intersection: 454
426 10 0.1775828746 0.03877044791 -0.9833418404 13.0913267 16.9086733 0.5 1
Intersection: 455
432 1 0.9140388216 0.04699303606 -0.40289538 11.25863492 18.74136508 0.5 1
Intersection: 456
432 7 0.9140388216 0.04699303606 -0.40289538 9.414948814 20.58505119 0.5 1
Intersection: 457
433 2 0.4783278889 0.06746350224 -0.8755861503 9.067425997 15.90478604 0.5 1
Intersection: 458
434 11 -0.935135771 -0.2697483414 -0.2296887506 8.074353024 21.92564698 0.5 1
Intersection: 459
436 1 0.02490440274 0.06419363751 0.9976266574 3.370136937 11.32863355 0.5 1
Intersection: 460
436 2 0.02490440274 0.06419363751 0.9976266574 2.925795765 11.77297472 0.5 1
Intersection: 461
441 9 0.203693634 -0.4924230997 0.8461846101 1.135560096 28.8644399 0.5 1
Intersection: 462
443 2 0.02776234581 -0.05959490986 0.9978365091 3.113648327 26.88635167 0.5 1
Intersection: 463
443 9 0.04287472235 -0.4673262025 0.8830447207 6.005903328 23.99409667 0.5 1
Intersection: 464
443 11 -0.1608469948 -0.3962086646 0.9039618014 14.89251187 15.10748813 0.5 1
Intersection: 465
445 4 -0.1434625627 0.01714514542 -0.9895072193 6.09165113 23.90834887 0.5 1
Intersection: 466
445 4 0.8471496621 -0.4120614865 -0.3354739652 8.655425918 9.640471788 0.5 2
Intersection: 467
445 6 0.8471496621 -0.4120614865 -0.3354739652 5.614614334 12.68128337 0.5 1
Intersection: 468
447 3 0.3493794841 -0.4544248977 -0.8194095364 1.890896153 18.27338469 0.5 1
Intersection: 469
447 4 0.3493794841 -0.4544248977 -0.8194095364 0.8383235003 19.32595734 0.5 1
Intersection: 470
449 1 0.6035466977 -0.3476135412 0.7175626869 9.400730389 20.59926961 0.5 1
Intersection: 471
449 8 0.6035466977 -0.3476135412 0.7175626869 10.70810444 19.29189556 0.5 1
Intersection: 472
450 2 0.3639353892 0.8061429723 -0.4665667591 8.764721546 14.11848761 0.5 1
Intersection: 473
450 3 -0.05042405318 0.1262390705 0.9907174733 9.204956758 20.79504324 0.5 1
Intersection: 474
450 4 -0.2373628519 0.1880393974 0.9530477751 9.51749506 20.48250494 0.5 1
Intersection: 475
452 12 0.003820153459 0.8585664014 -0.5126881516 3.531884145 10.67154563 0.5 1
Intersection: 476
453 1 0.2026930188 -0.02646725036 -0.978884582 13.32402792 16.67597208 0.5 1
Intersection: 477
453 10 -0.3981878327 0.8706833399 0.2887160743 2.204777622 2.357423835 0.5 1
Intersection: 478
456 3 -0.8654482805 0.4322281895 0.2533339023 0.7207869256 29.27921307 0.5 1
Intersection: 479
456 6 -0.8654482805 0.4322281895 0.2533339023 2.831767364 27.16823264 0.5 1
Intersection: 480
456 6 0.1934427472 0.8164286699 -0.5440809962 1.975862731 19.97277069 0.5 2
Intersection: 481
458 3 -0.3975498249 0.1377125652 -0.9071876245 9.578458867 20.42154113 0.5 1
Intersection: 482
458 4 -0.3975498249 0.1377125652 -0.9071876245 8.941985706 21.05801429 0.5 1
Intersection: 483
460 8 0.1242412439 0.1604533566 0.9791929502 0.2455417326 29.75445827 0.5 1
Intersection: 484
461 5 -0.3646785124 0.838276417 -0.4053421164 8.973786097 14.47442171 0.5 1
Intersection: 485
461 6 -0.3646785124 0.838276417 -0.4053421164 8.134294479 15.31391333 0.5 1
Intersection: 486
461 8 -0.1020304957 -0.0545736972 -0.993283187 12.25511802 17.74488198 0.5 1
Intersection: 487
462 8 0.5716541356 -0.5466651291 0.6118568344 13.37620882 16.62379118 0.5 1
Intersection: 488
463 1 0.01038349252 0.2088740191 -0.9778874308 14.14603447 15.85396553 0.5 1
Intersection: 489
464 2 0.203693634 -0.4924230997 0.8461846101 9.948413119 20.05158688 0.5 1
Intersection: 490
464 3 0.07645930797 0.8941937931 0.4411025217 7.127176289 10.49954029 0.5 1
Intersection: 491
465 1 0.753894222 -0.005931296953 0.6569690417 3.382749806 9.166613379 0.5 1
Intersection: 492
465 10 0.753894222 -0.005931296953 0.6569690417 4.559111657 7.990251528 0.5 1
Intersection: 493
467 6 0.5440488561 -0.3398437592 -0.7671486567 8.184952707 21.81504729 0.5 1
Intersection: 494
467 10 0.9814093774 -0.1698325248 0.08940104804 6.043876169 23.95612383 0.5 1
Intersection: 495
468 3 0.6252532215 -0.529549314 -0.5732677673 2.53635725 9.932283835 0.5 1
Intersection: 496
468 4 0.6252532215 -0.529549314 -0.5732677673 2.973680743 9.494960342 0.5 1
Intersection: 497
468 8 -0.6682970769 -0.319130763 0.6719632231 14.27982016 15.72017984 0.5 1
Intersection: 498
470 2 0.1934427472 0.8164286699 -0.5440809962 1.627612274 20.32102114 0.5 1
Intersection: 499
470 4 0.1934427472 0.8164286699 -0.5440809962 1.72797888 20.22065454 0.5 1
Intersection: 500
472 2 -0.35974041 0.6281193399 0.689965892 0.7900977617 17.32347591 0.5 1
Intersection: 501
476 9 -0.3971187582 0.7440652746 0.5372741935 0.8110357776 3.594450288 0.5 1
Intersection: 502
478 5 -0.718319017 0.2458869412 0.6508128779 9.508864575 20.49113543 0.5 1
Intersection: 503
479 12 0.6205427688 -0.7829315694 0.04410022343 2.97571477 3.937227563 0.5 1
Intersection: 504
485 11 0.5644230676 0.04747420356 -0.8241194093 13.9840244 16.0159756 0.5 1
Intersection: 505
487 1 0.1923148466 0.02657657904 0.9809733356 0.2866765791 29.71332342 0.5 1
Intersection: 506
487 7 -0.09445626451 -0.5012413423 -0.8601366931 0.27142331 29.72857669 0.5 1
Intersection: 507
488 5 0.2499112951 0.8258813531 -0.5054347982 6.651146998 14.99798853 0.5 1
Intersection: 508
488 12 0.2499112951 0.8258813531 -0.5054347982 7.017155289 14.63198024 0.5 1
Intersection: 509
494 4 0.4659825618 0.08774236267 0.8804325811 4.004979429 25.99502057 0.5 1
Intersection: 510
495 4 0.1999150944 0.134750018 -0.9705031621 8.501912448 9.835004743 0.5 1
Intersection: 511
495 9 -0.2524461479 0.8040199067 -0.5383520521 6.399460887 13.17581578 0.5 1
Intersection: 512
495 11 -0.2524461479 0.8040199067 -0.5383520521 7.187815826 12.38746084 0.5 1
Intersection: 513
495 12 0.0513349571 -0.0732023185 -0.9959950516 7.869178602 14.4814461 0.5 1
Intersection: 514
496 10 0.7986750685 -0.1348940213 0.5864484103 0.457541138 27.97334698 0.5 1
Intersection: 515
497 6 -0.05157011271 0.3561243135 0.9330144676 6.024234577 23.97576542 0.5 1
Intersection: 516
497 6 0.1242412439 0.1604533566 0.9791929502 12.64388175 17.35611825 0.5 2
Intersection: 517
500 7 0.5031430898 -0.3382911032 0.7952396876 0.6663255888 29.33367441 0.5 1
Intersection: 518
500 8 0.5031430898 -0.3382911032 0.7952396876 1.003203943 28.99679606 0.5 1
Intersection: 519
509 2 -0.08056732783 -0.412734875 0.9072810086 6.515026102 23.4849739 0.5 1
Intersection: 520
509 11 0.7552400501 -0.5809962048 -0.303407114 9.813410542 10.1081227 0.5 1
Intersection: 521
511 4 -0.02613757908 -0.04507938262 -0.9986414152 4.228277777 25.77172222 0.5 1
Intersection: 522
511 5 0.01315274342 -0.001961488778 -0.999911575 14.32439762 15.67560238 0.5 1
Intersection: 523
512 2 -0.7597409328 -0.1656553717 -0.6287702386 3.792922948 26.20707705 0.5 1
Intersection: 524
512 3 -0.7597409328 -0.1656553717 -0.6287702386 5.201728655 24.79827135 0.5 1
Intersection: 525
512 4 -0.7597409328 -0.1656553717 -0.6287702386 4.959249654 25.04075035 0.5 1
Intersection: 526
512 11 0.005459177026 -0.02352742624 0.9997082863 3.666888911 26.33311109 0.5 1
Intersection: 527
513 7 -0.09450109675 0.1092708509 0.9895096886 14.68926312 15.31073688 0.5 1
Intersection: 528
514 2 -0.2719874627 -0.2958483311 -0.9156945916 1.483856856 28.38292787 0.5 1
Intersection: 529
514 4 -0.2719874627 -0.2958483311 -0.9156945916 2.145317591 27.72146714 0.5 1
Intersection: 530
514 5 0.8866035791 -0.06982096982 -0.457229839 9.562963819 20.43703618 0.5 1
Intersection: 531
516 2 -0.1405765762 0.1918193956 -0.9713102211 2.175580671 10.03213453 0.5 1
Intersection: 532
516 3 0.4748642429 0.8800569262 -0.001938431919 5.938231126 9.319825111 0.5 1
Intersection: 533
516 5 0.7952483908 0.4907588607 0.3559996315 7.451840946 15.98673686 0.5 1
Intersection: 534
516 6 0.7952483908 0.4907588607 0.3559996315 6.763262558 16.67531525 0.5 1
Intersection: 535
519 1 0.3156291913 -0.899014278 0.3035647237 1.040884756 16.15457008 0.5 1
Intersection: 536
519 7 0.01258920238 0.01223456563 0.9998459018 7.574457675 22.42554232 0.5 1
Intersection: 537
519 7 0.02907838787 0.3012196515 0.9531113098 3.500102492 26.49989751 0.5 2
Intersection: 538
519 8 0.2118992345 0.1742492871 -0.9616318944 0.8542453093 29.14575469 0.5 1
Intersection: 539
519 9 0.3156291913 -0.899014278 0.3035647237 3.309660803 13.88579403 0.5 1
Intersection: 540
519 11 0.02907838787 0.3012196515 0.9531113098 4.383669432 25.61633057 0.5 1
Intersection: 541
519 11 0.3156291913 -0.899014278 0.3035647237 5.195758284 11.99969655 0.5 2
Intersection: 542
521 6 0.8471496621 -0.4120614865 -0.3354739652 4.515443562 13.78045414 0.5 1
Intersection: 543
523 1 0.6734229735 0.09194214731 0.7335176482 2.680808687 11.26232474 0.5 1
Intersection: 544
524 2 -0.5315350108 0.5164619777 0.6713699113 4.394955056 20.33208958 0.5 1
Intersection: 545
524 3 -0.6293736229 0.5728211953 -0.5251330507 7.099873127 19.89020251 0.5 1
Intersection: 546
528 2 -0.3980221727 0.3590493306 -0.8441930634 10.65567442 19.34432558 0.5 1
Intersection: 547
528 8 -0.3980221727 0.3590493306 -0.8441930634 11.64390426 18.35609574 0.5 1
Intersection: 548
530 2 0.02870064197 0.0005090507166 -0.9995879221 5.102419239 24.89758076 0.5 1
Intersection: 549
530 2 0.4240677607 -0.2389973233 -0.8735255084 8.326187896 21.6738121 0.5 2
Intersection: 550
530 4 0.01785193658 0.05364328905 0.9984005739 14.77384322 15.22615678 0.5 1
Intersection: 551
530 7 0.02870064197 0.0005090507166 -0.9995879221 7.225211346 22.77478865 0.5 1
Intersection: 552
530 8 0.408295077 0.903432475 -0.1307856768 6.044275159 8.367880223 0.5 1
Intersection: 553
533 3 -0.01023863229 -0.05028580002 0.9986823863 1.307268286 28.69273171 0.5 1
Intersection: 554
537 3 -0.1936631449 0.485502626 0.8525149773 4.589423883 19.97939631 0.5 1
Intersection: 555
537 7 0.3312467969 -0.8524795596 0.4044182983 2.367235963 7.628162411 0.5 1
Intersection: 556
540 1 0.4583118656 -0.04164266867 0.8878153648 14.40855538 15.59144462 0.5 1
Intersection: 557
540 2 0.4583118656 -0.04164266867 0.8878153648 13.61143587 16.38856413 0.5 1
Intersection: 558
541 10 0.3618416294 0.09120473953 -0.9277673904 0.04378904595 29.95621095 0.5 1
Intersection: 559
541 11 -0.2330499355 0.3749401498 -0.8972778898 4.872298045 21.34654525 0.5 1
Intersection: 560
541 11 0.003820153459 0.8585664014 -0.5126881516 2.384603957 11.81882582 0.5 2
Intersection: 561
541 12 -0.2330499355 0.3749401498 -0.8972778898 5.693820328 20.52502297 0.5 1
Intersection: 562
541 12 -0.0399143898 0.9992021722 0.001364052923 1.295403503 4.065946039 0.5 2
Intersection: 563
544 4 -0.9627394581 -0.08746337884 -0.2558962546 5.813277836 16.7822787 0.5 1
Intersection: 564
548 9 -0.6327624862 0.4707992373 -0.6147842827 10.78725085 19.21274915 0.5 1
Intersection: 565
549 2 -0.7269604714 0.6521190112 0.215102925 1.391363848 3.355973874 0.5 1
Intersection: 566
549 4 -0.7269604714 0.6521190112 0.215102925 0.3169988914 4.430338831 0.5 1
Intersection: 567
549 7 0.07645930797 0.8941937931 0.4411025217 5.796375239 11.83034134 0.5 1
Intersection: 568
549 11 0.07645930797 0.8941937931 0.4411025217 5.441046795 12.18566979 0.5 1
Intersection: 569
554 2 0.9851415214 -0.1709153038 -0.01685650172 0.9775642008 21.46984616 0.5 1
Intersection: 570
554 7 0.9851415214 -0.1709153038 -0.01685650172 0.1705163479 22.27689401 0.5 1
Intersection: 571
558 11 -0.1936631449 0.485502626 0.8525149773 6.351296092 18.21752411 0.5 1
Intersection: 572
558 11 0.1570382382 0.6452503179 0.7476570196 3.847078144 7.323129633 0.5 2
Intersection: 573
561 5 0.806052063 -0.1360307999 0.5759997337 13.87778871 16.12221129 0.5 1
Intersection: 574
561 8 -0.06900910372 0.007082881531 0.9975908863 10.98103103 13.03339362 0.5 1
Intersection: 575
561 12 0.93112199 -0.3334636326 0.1476951095 1.492930258 28.50706974 0.5 1
Intersection: 576
562 7 -0.2982768599 0.02496439496 -0.9541528671 14.62071191 15.37928809 0.5 1
Intersection: 577
562 10 0.02776234581 -0.05959490986 0.9978365091 4.738744767 25.26125523 0.5 1
Intersection: 578
565 1 0.7097592314 -0.1358715993 -0.6912168559 13.02868844 16.97131156 0.5 1
Intersection: 579
565 2 0.7097592314 -0.1358715993 -0.6912168559 13.66002271 16.33997729 0.5 1
Intersection: 580
565 7 0.8197655393 -0.1774590757 -0.5445114664 4.12900806 22.94211874 0.5 1
Intersection: 581
566 4 0.9646640069 0.226648064 0.1343652072 6.521189105 23.47881089 0.5 1
Intersection: 582
569 12 0.346286246 -0.7950656761 -0.4979522131 4.17435604 18.38930755 0.5 1
Intersection: 583
570 5 0.4831110123 0.6236375926 -0.6145566719 3.9840327 26.0159673 0.5 1
Intersection: 584
570 11 0.4831110123 0.6236375926 -0.6145566719 2.065666884 27.93433312 0.5 1
Intersection: 585
572 5 0.02039652817 0.01879805966 -0.9996152333 0.5156243071 29.48437569 0.5 1
Intersection: 586
572 7 0.05956112351 -0.1485278487 -0.9871129372 8.664875236 21.33512476 0.5 1
Intersection: 587
573 3 -0.01604328325 0.0421814676 -0.9989811494 11.93855711 18.06144289 0.5 1
Intersection: 588
573 8 0.1625368486 -0.9228113 -0.3492865263 0.5749792119 13.9060093 0.5 1
Intersection: 589
573 9 0.1625368486 -0.9228113 -0.3492865263 1.607162693 12.87382582 0.5 1
Intersection: 590
574 4 0.02870064197 0.0005090507166 -0.9995879221 10.80423363 19.19576637 0.5 1
Intersection: 591
576 2 0.8551258962 -0.5133107579 0.07260693771 4.921619132 10.05047612 0.5 1
Intersection: 592
576 8 0.8551258962 -0.5133107579 0.07260693771 5.115464972 9.856630284 0.5 1
Intersection: 593
577 10 0.1755405448 0.3581087558 -0.9170297902 13.78385933 16.21614067 0.5 1
Intersection: 594
577 11 0.5031430898 -0.3382911032 0.7952396876 3.596455275 26.40354473 0.5 1
Intersection: 595
577 12 0.5031430898 -0.3382911032 0.7952396876 3.00390684 26.99609316 0.5 1
Intersection: 596
580 3 -0.3782033676 0.4193427298 -0.8252962424 6.410018909 23.58998109 0.5 1
Intersection: 597
580 12 -0.3782033676 0.4193427298 -0.8252962424 6.482153978 23.51784602 0.5 1
Intersection: 598
581 1 0.1031645331 -0.464857509 -0.8793546357 2.906669796 17.3320471 0.5 1
Intersection: 599
582 5 0.327490016 0.5817774883 0.7445033536 4.030316074 12.00906789 0.5 1
Intersection: 600
582 5 0.5407941177 -0.05668804491 -0.8392426275 4.971274309 25.02872569 0.5 2
Intersection: 601
582 10 0.479483952 -0.1035631522 0.8714182769 2.662246585 11.25923829 0.5 1
Intersection: 602
585 8 0.6177875734 0.7217983874 0.3120025675 1.979634203 22.8880032 0.5 1
Intersection: 603
586 12 0.7630843672 0.4200438408 -0.4911877649 1.544155216 12.74121902 0.5 1
Intersection: 604
587 4 0.01038349252 0.2088740191 -0.9778874308 1.612096557 28.38790344 0.5 1
Intersection: 605
588 6 -0.8955421605 0.09067307372 -0.4356404854 4.976231548 25.02376845 0.5 1
Intersection: 606
588 11 0.04266206044 -0.009312221422 -0.9990461607 8.015987002 21.984013 0.5 1
Intersection: 607
588 12 0.04266206044 -0.009312221422 -0.9990461607 9.005601294 20.99439871 0.5 1
Intersection: 608
592 6 0.0513349571 -0.0732023185 -0.9959950516 5.7496882 16.6009365 0.5 1
Intersection: 609
595 6 0.7010144598 -0.2559369382 0.6656387991 13.44491917 16.55508083 0.5 1
Intersection: 610
597 7 -0.6620842821 0.7151426389 -0.2240879504 1.083265599 5.242129281 0.5 1
Intersection: 611
598 12 0.7689978176 0.4159641582 0.4854031063 12.48118168 17.51881832 0.5 1
Intersection: 612
599 9 0.1860737113 0.9694818215 -0.1596294829 2.263004386 9.738797632 0.5 1
Intersection: 613
600 12 -0.06809573032 0.09337124593 0.9932999456 7.887912281 22.11208772 0.5 1
Intersection: 614
601 10 0.4423628931 0.8964245015 -0.02716953948 8.890204119 11.04326944 0.5 1
Intersection: 615
602 4 -0.09401167526 -0.1321994703 -0.9867548353 3.854465297 6.237481239 0.5 1
Intersection: 616
604 10 0.1408061112 0.2270729895 0.9636449017 11.4918324 18.5081676 0.5 1
Intersection: 617
604 12 -0.1955560093 0.05649174807 -0.9790641091 14.98737661 15.01262339 0.5 1
Intersection: 618
605 3 0.1105719309 0.0625868381 0.9918955267 9.432945376 20.56705462 0.5 1
Intersection: 619
606 4 -0.3980221727 0.3590493306 -0.8441930634 14.86017999 15.13982001 0.5 1
Intersection: 620
608 6 0.07121368619 -0.1104983468 -0.9913217067 0.2186178131 5.507425319 0.5 1
Intersection: 621
608 8 0.4141300361 -0.3814170753 0.8264486239 2.066781549 6.236534377 0.5 1
Intersection: 622
610 3 -0.07531781325 0.1257628325 -0.9891971173 6.702007472 23.29799253 0.5 1
Intersection: 623
610 5 -0.07531781325 0.1257628325 -0.9891971173 5.559746278 24.44025372 0.5 1
Intersection: 624
614 6 0.09601827816 0.0465963764 0.9942883224 2.054690193 10.28492236 0.5 1
Intersection: 625
617 1 0.01428029739 0.003146472527 -0.9998930807 11.02487987 18.97512013 0.5 1
Intersection: 626
617 10 0.944707346 -0.215958805 0.2467586371 8.820532659 21.17946734 0.5 1
Intersection: 627
618 3 -0.1091857644 -0.5186331931 -0.8479965093 3.062938043 5.298862828 0.5 1
Intersection: 628
618 4 -0.2405750545 0.2248855861 -0.9442193158 11.51650178 18.48349822 0.5 1
Intersection: 629
618 8 -0.2405750545 0.2248855861 -0.9442193158 12.7957417 17.2042583 0.5 1
Intersection: 630
618 8 -0.1091857644 -0.5186331931 -0.8479965093 3.210782542 5.15101833 0.5 2
Intersection: 631
620 7 0.0266720945 0.05373902321 -0.9981987361 2.903543859 27.09645614 0.5 1
Intersection: 632
621 9 -0.9355937987 0.3522555107 0.02408939495 1.675890195 3.036059484 0.5 1
Intersection: 633
621 11 0.4693004726 0.7676096083 -0.4365003501 1.249434745 19.76784885 0.5 1
Intersection: 634
621 12 0.4693004726 0.7676096083 -0.4365003501 0.6497949692 20.36748863 0.5 1
Intersection: 635
623 5 0.517017016 -0.8553188318 0.03351269942 3.431225974 10.15136531 0.5 1
Intersection: 636
623 11 0.9337654602 -0.3560852797 -0.03585162334 7.524076349 22.47592365 0.5 1
Intersection: 637
623 12 0.517017016 -0.8553188318 0.03351269942 3.164671901 10.41791938 0.5 1
Intersection: 638
626 11 -0.107643255 -0.1549124796 0.9820463601 8.608084746 9.779142091 0.5 1
Intersection: 639
626 12 -0.1173068912 -0.9046928541 -0.4095972814 1.409602563 4.924402336 0.5 1
Intersection: 640
626 12 -0.107643255 -0.1549124796 0.9820463601 8.006485693 10.38074114 0.5 2
Intersection: 641
627 9 -0.1299545142 -0.005228906568 0.9915061688 2.145346386 13.21222942 0.5 1
Intersection: 642
627 11 0.09601827816 0.0465963764 0.9942883224 2.001180087 10.33843247 0.5 1
Intersection: 643
628 6 0.04272576103 0.6042565577 -0.795643464 4.394413179 18.87508314 0.5 1
Intersection: 644
629 5 -0.06026908983 0.2275389174 -0.9719020927 7.404513765 22.59548623 0.5 1
Intersection: 645
629 9 -0.06026908983 0.2275389174 -0.9719020927 5.262444703 24.7375553 0.5 1
Intersection: 646
629 11 -0.4640417175 -0.5589791626 0.6871736172 1.733620275 12.47026853 0.5 1
Intersection: 647
630 12 0.5491166119 -0.7414058222 -0.3857309338 1.86958478 6.489223206 0.5 1
Intersection: 648
632 6 0.7689978176 0.4159641582 0.4854031063 7.222579152 22.77742085 0.5 1
Intersection: 649
634 12 0.4533388018 0.7064987085 0.5434551552 4.552100142 19.81232343 0.5 1
Intersection: 650
635 8 -0.8934869098 -0.26806652 -0.3603074837 11.07615015 18.92384985 0.5 1
Intersection: 651
636 3 -0.004873312861 -0.06045823918 0.9981588311 5.245184488 24.75481551 0.5 1
Intersection: 652
636 6 0.944707346 -0.215958805 0.2467586371 2.269350601 27.7306494 0.5 1
Intersection: 653
636 7 -0.01324428172 0.009960516772 -0.9998626791 7.620660455 22.37933955 0.5 1
Intersection: 654
640 2 -0.007493240522 0.002903937966 -0.9999677087 5.323158692 24.67684131 0.5 1
Intersection: 655
644 4 0.2211220963 -0.7289942422 -0.647821282 1.510490086 21.61968624 0.5 1
Intersection: 656
646 8 -0.06026908983 0.2275389174 -0.9719020927 2.7976395 27.2023605 0.5 1
Intersection: 657
646 11 -0.4640417175 -0.5589791626 0.6871736172 5.436509293 8.767379513 0.5 1
Intersection: 658
647 3 -0.7546538384 0.5439086248 0.3669618401 12.00887514 17.99112486 0.5 1
Intersection: 659
647 4 0.06939599265 -0.1484764148 -0.9864780537 6.935984565 23.06401543 0.5 1
Intersection: 660
647 5 -0.7546538384 0.5439086248 0.3669618401 13.35730358 16.64269642 0.5 1
Intersection: 661
648 9 -0.5036956558 -0.549346292 -0.666715335 5.479523469 22.34452021 0.5 1
Intersection: 662
648 10 -0.5775984809 0.7458266628 -0.3318472298 3.593951971 11.09954568 0.5 1
Intersection: 663
649 11 0.06939599265 -0.1484764148 -0.9864780537 12.63531993 17.36468007 0.5 1
Intersection: 664
651 5 0.9557705942 -0.2181281501 0.1972883204 7.828208203 21.82352659 0.5 1
Intersection: 665
652 4 0.005459177026 -0.02352742624 0.9997082863 0.1055436889 29.89445631 0.5 1
Intersection: 666
652 7 0.8866035791 -0.06982096982 -0.457229839 3.705464837 26.29453516 0.5 1
Intersection: 667
654 12 -0.1745778778 -0.3185474673 0.9316920498 1.668450324 28.33154968 0.5 1
Intersection: 668
656 7 -0.04547190497 0.03166622931 -0.9984635976 0.05621865183 2.034622235 0.5 1
Intersection: 669
656 10 -0.04547190497 0.03166622931 -0.9984635976 0.8310492124 1.259791674 0.5 1
Intersection: 670
658 7 0.02082738163 0.01187573127 0.9997125523 8.066077859 21.93392214 0.5 1
Intersection: 671
660 2 0.2034577805 -0.1126674863 -0.9725795438 10.71781805 19.28218195 0.5 1
Intersection: 672
662 4 -0.2670085112 0.03196129115 0.9631640207 13.28205411 16.71794589 0.5 1
Intersection: 673
664 6 -0.5036956558 -0.549346292 -0.666715335 13.35312169 14.47092199 0.5 1
Intersection: 674
664 8 -0.2373628519 0.1880393974 0.9530477751 4.364707523 25.63529248 0.5 1
Intersection: 675
664 9 0.04266206044 -0.009312221422 -0.9990461607 11.20225977 18.79774023 0.5 1
Intersection: 676
664 10 0.04266206044 -0.009312221422 -0.9990461607 10.13045899 19.86954101 0.5 1
Intersection: 677
666 4 0.3641397501 -0.2472946131 -0.8979129227 2.38837351 27.61162649 0.5 1
Intersection: 678
668 3 -0.2405750545 0.2248855861 -0.9442193158 14.77486008 15.22513992 0.5 1
Intersection: 679
668 12 -0.2405750545 0.2248855861 -0.9442193158 14.8422325 15.1577675 0.5 1
Intersection: 680
668 12 0.2499112951 0.8258813531 -0.5054347982 7.766576793 13.88255874 0.5 2
Intersection: 681
669 1 -0.5036956558 -0.549346292 -0.666715335 10.03506064 17.78898305 0.5 1
Intersection: 682
669 1 0.9557705942 -0.2181281501 0.1972883204 4.959164346 24.69257045 0.5 2
Intersection: 683
669 7 0.1823340748 -0.9156325952 -0.3582893185 0.207933824 5.573139387 0.5 1
Intersection: 684
670 3 -0.9962775916 -0.01619965739 0.08466718106 7.754443471 22.24555653 0.5 1
Intersection: 685
672 5 0.01187220448 0.04995670662 -0.998680819 8.633076289 21.36692371 0.5 1
Intersection: 686
673 1 -0.05011316513 -0.01403043296 -0.9986449908 4.115491234 25.88450877 0.5 1
Intersection: 687
673 4 -0.01768458865 -0.6584054002 -0.7524557025 0.08282413809 3.342566665 0.5 1
Intersection: 688
673 8 -0.8778659632 0.375696797 -0.296990349 3.186600279 26.81339972 0.5 1
Intersection: 689
675 7 -0.08317115329 0.2090950045 -0.9743520095 0.4407065376 22.43064805 0.5 1
Intersection: 690
676 11 0.8923714574 0.3213054763 -0.31691635 13.14020886 16.85979114 0.5 1
Intersection: 691
676 12 0.4090079663 -0.4250338463 -0.8075015251 1.373170021 10.24503541 0.5 1
Intersection: 692
677 4 -0.00557382391 0.04624099844 -0.9989147624 0.72975974 29.27024026 0.5 1
Intersection: 693
684 1 0.4423628931 0.8964245015 -0.02716953948 5.181587581 14.75188597 0.5 1
Intersection: 694
684 3 -0.820675162 0.5369783684 -0.1953113164 10.28828133 18.78213951 0.5 1
Intersection: 695
684 4 0.01139112705 0.004562468342 0.9999247102 4.039970463 25.96002954 0.5 1
Intersection: 696
684 5 -0.820675162 0.5369783684 -0.1953113164 7.687726165 21.38269468 0.5 1
Intersection: 697
684 6 -0.820675162 0.5369783684 -0.1953113164 6.623692929 22.44672792 0.5 1
Intersection: 698
684 10 0.4423628931 0.8964245015 -0.02716953948 6.98602246 12.94745109 0.5 1
Intersection: 699
687 3 -0.2373628519 0.1880393974 0.9530477751 0.8963895446 29.10361046 0.5 1
Intersection: 700
691 7 -0.8955421605 0.09067307372 -0.4356404854 2.842465034 27.15753497 0.5 1
Intersection: 701
691 11 -0.8654482805 0.4322281895 0.2533339023 0.08885329488 29.91114671 0.5 1
Intersection: 702
692 3 0.6734229735 0.09194214731 0.7335176482 3.185290389 10.75784304 0.5 1
Intersection: 703
692 7 0.6734229735 0.09194214731 0.7335176482 6.791199059 7.151934367 0.5 1
Intersection: 704
693 2 -0.1033474611 0.05216890917 -0.9932762492 1.362297408 28.63770259 0.5 1
Intersection: 705
695 8 0.06994573945 0.9857839354 -0.1527665744 1.77943665 18.14831977 0.5 1
Intersection: 706
696 6 0.2499112951 0.8258813531 -0.5054347982 1.422263001 20.22687253 0.5 1
Intersection: 707
696 10 0.2499112951 0.8258813531 -0.5054347982 2.583456524 19.06567901 0.5 1
Intersection: 708
697 10 0.8471496621 -0.4120614865 -0.3354739652 3.453483928 14.84241378 0.5 1
Intersection: 709
699 11 -0.3922750999 0.1590761526 -0.9059884236 4.98843879 25.01156121 0.5 1
Intersection: 710
701 1 0.7605224505 -0.05855523538 0.6466659777 7.029627541 22.97037246 0.5 1
Intersection: 711
702 5 -0.2373628519 0.1880393974 0.9530477751 7.463605414 22.53639459 0.5 1
Intersection: 712
702 9 -0.2373628519 0.1880393974 0.9530477751 8.480968948 21.51903105 0.5 1
Intersection: 713
705 2 -0.5686216749 0.1693373609 -0.8049808998 9.574024405 20.42597559 0.5 1
Intersection: 714
705 9 -0.9252737592 -0.05707060643 -0.3749818881 3.305681633 26.69431837 0.5 1
Intersection: 715
709 3 -0.1434625627 0.01714514542 -0.9895072193 14.855708 15.144292 0.5 1
Intersection: 716
709 5 -0.1434625627 0.01714514542 -0.9895072193 14.50248977 15.49751023 0.5 1
Intersection: 717
712 4 0.05956112351 -0.1485278487 -0.9871129372 4.174238875 25.82576112 0.5 1
Intersection: 718
713 4 -0.06809573032 0.09337124593 0.9932999456 13.97418652 16.02581348 0.5 1
Intersection: 719
713 11 0.02490610723 -0.04145116193 0.9988300591 5.821343863 24.17865614 0.5 1
Intersection: 720
714 1 0.4583118656 -0.04164266867 0.8878153648 1.125690914 28.87430909 0.5 1
Intersection: 721
714 10 0.4423628931 0.8964245015 -0.02716953948 0.5618696227 19.37160393 0.5 1
Intersection: 722
716 11 0.203693634 -0.4924230997 0.8461846101 4.38881889 25.61118111 0.5 1
Intersection: 723
720 5 -0.8827197198 0.297623787 -0.3636289011 9.307937557 20.69206244 0.5 1
Intersection: 724
720 12 -0.8827197198 0.297623787 -0.3636289011 10.20663407 19.79336593 0.5 1
Intersection: 725
722 11 0.6370620658 -0.1078938396 0.76322398 14.7388903 15.2611097 0.5 1
Intersection: 726
725 11 0.01785193658 0.05364328905 0.9984005739 8.112124427 21.88787557 0.5 1
Intersection: 727
725 11 0.02870064197 0.0005090507166 -0.9995879221 12.29636121 17.70363879 0.5 2
Intersection: 728
725 12 0.01785193658 0.05364328905 0.9984005739 7.221447175 22.77855283 0.5 1
Intersection: 729
725 12 0.02870064197 0.0005090507166 -0.9995879221 13.22007521 16.77992479 0.5 2
Intersection: 730
726 5 -0.9028647344 -0.3205692066 -0.286479764 3.563186312 6.208327923 0.5 1
Intersection: 731
726 6 -0.9028647344 -0.3205692066 -0.286479764 2.484053892 7.287460343 0.5 1
Intersection: 732
727 7 0.4153365359 0.9010753242 -0.1247350072 4.137043437 8.72176709 0.5 1
Intersection: 733
727 8 0.4153365359 0.9010753242 -0.1247350072 3.287328883 9.571481644 0.5 1
Intersection: 734
727 8 0.5031430898 -0.3382911032 0.7952396876 6.535966936 23.46403306 0.5 2
Intersection: 735
728 4 0.08476815414 0.9922614215 -0.09072833832 1.007204349 3.493070323 0.5 1
Intersection: 736
728 8 0.08476815414 0.9922614215 -0.09072833832 0.3250983522 4.17517632 0.5 1
Intersection: 737
728 12 -0.9962775916 -0.01619965739 0.08466718106 6.49930859 23.50069141 0.5 1
Intersection: 738
729 2 0.04517087364 0.4089709243 -0.9114287549 13.26023213 16.73976787 0.5 1
Intersection: 739
729 3 -0.7511608159 0.4041988844 -0.5219010352 7.167996201 22.8320038 0.5 1
Intersection: 740
729 3 -0.3782033676 0.4193427298 -0.8252962424 13.22089072 16.77910928 0.5 2
Intersection: 741
729 4 -0.7511608159 0.4041988844 -0.5219010352 7.826872434 22.17312757 0.5 1
Intersection: 742
730 1 0.06994573945 0.9857839354 -0.1527665744 0.5544014383 19.37335498 0.5 1
Intersection: 743
730 10 0.06994573945 0.9857839354 -0.1527665744 1.264342977 18.66341344 0.5 1
Intersection: 744
733 7 -0.2405750545 0.2248855861 -0.9442193158 8.253426124 21.74657388 0.5 1
Intersection: 745
736 12 -0.1986287447 -0.3180733236 -0.9270253409 1.98641 15.97328404 0.5 1
Intersection: 746
741 3 -0.05040580692 0.9352532776 -0.3503720328 2.488729051 8.989074848 0.5 1
Intersection: 747
741 12 -0.05040580692 0.9352532776 -0.3503720328 2.798783606 8.679020293 0.5 1
Intersection: 748
742 1 -0.9943222971 -0.09160018994 0.05415325169 5.231997049 6.921699126 0.5 1
Intersection: 749
742 4 -0.9943222971 -0.09160018994 0.05415325169 4.703488959 7.450207215 0.5 1
Intersection: 750
742 7 0.4292430757 0.5463512051 -0.7192014618 0.6609766114 22.00506052 0.5 1
Intersection: 751
744 6 -0.1745778778 -0.3185474673 0.9316920498 3.491503822 26.50849618 0.5 1
Intersection: 752
745 6 -0.7597409328 -0.1656553717 -0.6287702386 11.84642416 18.15357584 0.5 1
Intersection: 753
745 10 -0.7597409328 -0.1656553717 -0.6287702386 10.91610461 19.08389539 0.5 1
Intersection: 754
747 12 -0.7681239242 0.6227715445 -0.1487993292 1.674982064 7.603970063 0.5 1
Intersection: 755
748 3 -0.7612260358 0.5173642544 0.3909848471 0.6725055159 14.51129831 0.5 1
Intersection: 756
749 10 -0.7681239242 0.6227715445 -0.1487993292 1.290580011 7.988372116 0.5 1
Intersection: 757
750 3 0.01428029739 0.003146472527 -0.9998930807 13.16088277 16.83911723 0.5 1
Intersection: 758
750 11 0.4709152389 -0.8708525042 0.1409068972 3.722370349 8.83467273 0.5 1
Intersection: 759
750 12 0.4709152389 -0.8708525042 0.1409068972 4.47007584 8.086967239 0.5 1
Intersection: 760
753 3 0.5840894452 -0.463971239 -0.6660106676 4.147469694 25.85253031 0.5 1
Intersection: 761
753 3 0.6322485457 -0.3247051441 -0.7034403641 3.494755114 26.50524489 0.5 2
Intersection: 762
753 4 0.5840894452 -0.463971239 -0.6660106676 3.373885942 26.62611406 0.5 1
Intersection: 763
753 5 0.5840894452 -0.463971239 -0.6660106676 6.069310149 23.93068985 0.5 1
Intersection: 764
753 5 0.6322485457 -0.3247051441 -0.7034403641 4.408211875 25.59178812 0.5 2
Intersection: 765
753 9 0.8191012542 0.5626097019 0.1119975836 14.38947038 15.61052962 0.5 1
Intersection: 766
753 11 0.8191012542 0.5626097019 0.1119975836 14.89632412 15.10367588 0.5 1
Intersection: 767
755 3 0.4095352038 -0.2182588013 -0.8858013392 12.06692605 17.93307395 0.5 1
Intersection: 768
755 11 0.4095352038 -0.2182588013 -0.8858013392 10.98002613 19.01997387 0.5 1
Intersection: 769
757 4 0.04124383054 0.145975815 -0.9884280489 5.249192063 24.75080794 0.5 1
Intersection: 770
759 10 0.1053235528 -0.5061754685 -0.8559750839 7.110333504 8.414797748 0.5 1
Intersection: 771
764 5 -0.8654482805 0.4322281895 0.2533339023 3.6237839 26.3762161 0.5 1
Intersection: 772
765 6 -0.05011316513 -0.01403043296 -0.9986449908 10.25791865 19.74208135 0.5 1
Intersection: 773
766 7 0.4153365359 0.9010753242 -0.1247350072 1.725634253 11.13317627 0.5 1
Intersection: 774
766 8 0.4153365359 0.9010753242 -0.1247350072 0.4836367309 12.3751738 0.5 1
Intersection: 775
766 9 0.4153365359 0.9010753242 -0.1247350072 2.875306839 9.983503688 0.5 1
Intersection: 776
766 11 0.5031430898 -0.3382911032 0.7952396876 5.085127785 24.91487221 0.5 1
Intersection: 777
766 12 0.5031430898 -0.3382911032 0.7952396876 4.574095654 25.42590435 0.5 1
Intersection: 778
768 2 0.952688449 0.2051208277 0.2242992758 1.835613474 28.16438653 0.5 1
Intersection: 779
768 8 0.3639353892 0.8061429723 -0.4665667591 1.522702769 21.36050639 0.5 1
Intersection: 780
768 8 0.952688449 0.2051208277 0.2242992758 1.797810209 28.20218979 0.5 2
Intersection: 781
770 6 0.7640075781 -0.4258325078 -0.4847257945 5.293684191 24.70631581 0.5 1
Intersection: 782
773 9 -0.1434625627 0.01714514542 -0.9895072193 7.206529743 22.79347026 0.5 1
Intersection: 783
773 10 -0.3922750999 0.1590761526 -0.9059884236 12.28963632 17.71036368 0.5 1
Intersection: 784
774 1 0.4602889928 0.2980665662 0.8362358311 6.208493714 23.79150629 0.5 1
Intersection: 785
774 9 -0.7613245094 -0.3318024917 0.5570386861 11.11298688 18.88701312 0.5 1
Intersection: 786
774 11 -0.7613245094 -0.3318024917 0.5570386861 11.35689087 18.64310913 0.5 1
Intersection: 787
774 12 0.8417914971 0.4452346796 -0.3052100187 7.126801041 13.02531962 0.5 1
Intersection: 788
775 3 0.2026930188 -0.02646725036 -0.978884582 4.339787992 25.66021201 0.5 1
Intersection: 789
775 5 0.5802356901 0.6877148828 -0.4363195892 2.373365549 17.10119535 0.5 1
Intersection: 790
775 7 0.2026930188 -0.02646725036 -0.978884582 6.149490674 23.85050933 0.5 1
Intersection: 791
781 7 0.01336908195 -0.001559211008 -0.9999094142 7.289425151 22.71057485 0.5 1
Intersection: 792
786 9 0.806052063 -0.1360307999 0.5759997337 10.57928989 19.42071011 0.5 1
Intersection: 793
788 6 0.03510409315 0.04299297277 0.9984584653 0.2584354225 29.74156458 0.5 1
Intersection: 794
788 7 0.181272187 0.7564467703 0.6284335112 4.272955655 7.157837908 0.5 1
Intersection: 795
790 2 -0.8654482805 0.4322281895 0.2533339023 11.60044259 18.39955741 0.5 1
Intersection: 796
791 11 -0.5686216749 0.1693373609 -0.8049808998 14.31420567 15.68579433 0.5 1
Intersection: 797
793 5 0.8761225483 0.2957903908 -0.3806800823 13.84357954 16.15642046 0.5 1
Intersection: 798
794 6 0.06994573945 0.9857839354 -0.1527665744 1.714845435 18.21291098 0.5 1
Intersection: 799
797 2 0.7541436671 0.6559022611 -0.03255077967 3.717703246 7.469287588 0.5 1
Intersection: 800
797 3 0.8477962086 -0.5247496397 -0.07667727326 9.865685943 20.13431406 0.5 1
Intersection: 801
797 4 0.7541436671 0.6559022611 -0.03255077967 3.037678845 8.149311989 0.5 1
Intersection: 802
797 5 0.7541436671 0.6559022611 -0.03255077967 2.116472315 9.070518519 0.5 1
Intersection: 803
798 2 0.8406639805 -0.1219336707 -0.5276516387 1.382182127 28.61781787 0.5 1
Intersection: 804
798 3 -0.2719874627 -0.2958483311 -0.9156945916 6.0317206 23.83506413 0.5 1
Intersection: 805
798 4 -0.1247481314 -0.2750410325 0.9533049534 10.51467195 19.48532805 0.5 1
Intersection: 806
798 6 -0.1247481314 -0.2750410325 0.9533049534 8.197333725 21.80266627 0.5 1
Intersection: 807
799 1 -0.2417276403 -0.2435892035 0.939272084 4.767811723 16.74318134 0.5 1
Intersection: 808
799 3 -0.520163637 -0.4156825282 0.7460816487 11.28770158 11.77838477 0.5 1
Intersection: 809
799 3 -0.2417276403 -0.2435892035 0.939272084 1.83022847 19.6807646 0.5 2
Intersection: 810
799 6 -0.2832115733 0.1298698834 -0.9502236674 8.987979031 21.01202097 0.5 1
Intersection: 811
799 9 -0.004873312861 -0.06045823918 0.9981588311 7.188909281 22.81109072 0.5 1
Intersection: 812
799 10 -0.7013394162 -0.1696261676 -0.6923510573 0.499821303 29.5001787 0.5 1
Intersection: 813
800 8 0.05956112351 -0.1485278487 -0.9871129372 14.28354659 15.71645341 0.5 1
Intersection: 814
802 7 0.7692800395 -0.5846653395 -0.2576328038 5.392694681 24.60730532 0.5 1
Intersection: 815
802 9 0.7692800395 -0.5846653395 -0.2576328038 7.173195754 22.82680425 0.5 1
Intersection: 816
804 4 0.01551711516 -0.9012219431 -0.4330799331 2.457467417 6.261221849 0.5 1
Intersection: 817
806 4 -0.3604819232 0.6652115544 -0.6538703013 2.586839917 17.44892462 0.5 1
Intersection: 818
806 5 -0.3604819232 0.6652115544 -0.6538703013 5.169052473 14.86671206 0.5 1
Intersection: 819
808 7 0.3861966051 0.7697037501 0.5083387841 2.846278516 15.56481396 0.5 1
Intersection: 820
808 10 -0.7613245094 -0.3318024917 0.5570386861 1.302279939 28.69772006 0.5 1
Intersection: 821
810 5 0.1625368486 -0.9228113 -0.3492865263 4.531524709 9.949463802 0.5 1
Intersection: 822
810 8 0.1550713704 0.09749277076 -0.9830808867 14.00256673 15.99743327 0.5 1
Intersection: 823
810 10 0.1550713704 0.09749277076 -0.9830808867 11.25565116 18.74434884 0.5 1
Intersection: 824
811 12 0.3641397501 -0.2472946131 -0.8979129227 13.46384744 16.53615256 0.5 1
Intersection: 825
812 11 -0.01876774444 0.01169941002 0.9997554179 13.8188618 16.1811382 0.5 1
Intersection: 826
813 3 0.04287472235 -0.4673262025 0.8830447207 9.967548623 20.03245138 0.5 1
Intersection: 827
814 1 0.3618416294 0.09120473953 -0.9277673904 12.18217371 17.81782629 0.5 1
Intersection: 828
817 4 0.1841180059 -0.9813961259 -0.05442613355 2.1987674 17.946577 0.5 1
Intersection: 829
818 3 0.6217542186 0.7750792924 -0.1125778935 2.480165053 20.47068874 0.5 1
Intersection: 830
818 10 -0.9745476709 0.1329091139 0.1805325583 11.64124929 18.35875071 0.5 1
Intersection: 831
819 7 0.06129321069 -0.05475750187 0.9966166556 1.478960789 28.52103921 0.5 1
Intersection: 832
822 9 -0.6888731005 -0.3728428209 0.6216446592 5.993866125 10.12740532 0.5 1
Intersection: 833
822 10 0.7474215604 -0.1736376787 0.6412573333 3.385282326 26.61471767 0.5 1
Intersection: 834
823 1 -0.6364275165 0.1113978809 -0.7632499776 7.877449893 18.99995503 0.5 1
Intersection: 835
824 5 -0.2071432291 0.2369948 0.9491707683 10.01611956 19.98388044 0.5 1
Intersection: 836
825 4 0.06031934315 0.05118569822 -0.9968658892 14.48943807 15.51056193 0.5 1
Intersection: 837
825 4 0.3618416294 0.09120473953 -0.9277673904 8.120306237 21.87969376 0.5 2
Intersection: 838
825 6 0.3618416294 0.09120473953 -0.9277673904 9.987109579 20.01289042 0.5 1
Intersection: 839
826 2 -0.2614715106 -0.2921775958 0.9199265741 4.126145606 25.87385439 0.5 1
Intersection: 840
826 8 -0.2614715106 -0.2921775958 0.9199265741 4.943433483 25.05656652 0.5 1
Intersection: 841
828 10 -0.159179755 0.03282758612 -0.9867036816 13.07574947 16.92425053 0.5 1
Intersection: 842
828 11 0.7196279407 -0.2354756722 -0.6532127025 8.440083082 21.55991692 0.5 1
Intersection: 843
829 12 0.5802356901 0.6877148828 -0.4363195892 6.839756752 12.63480415 0.5 1
Intersection: 844
830 5 -0.7486488956 0.6508890008 0.1259695988 4.715598442 21.12667061 0.5 1
Intersection: 845
831 2 -0.003330084401 -0.004243579798 0.9999854512 0.9737187149 29.02628129 0.5 1
Intersection: 846
832 11 0.8085018927 -0.2254902594 -0.5435796469 13.04454603 16.95545397 0.5 1
Intersection: 847
832 12 0.8085018927 -0.2254902594 -0.5435796469 11.82350978 18.17649022 0.5 1
Intersection: 848
833 3 -0.8778659632 0.375696797 -0.296990349 13.18028589 16.81971411 0.5 1
Intersection: 849
833 12 -0.8778659632 0.375696797 -0.296990349 12.29626866 17.70373134 0.5 1
Intersection: 850
834 2 0.9990182623 -0.04060722711 0.01770775889 12.89424876 17.10575124 0.5 1
Intersection: 851
836 11 0.4141300361 -0.3814170753 0.8264486239 1.126838868 7.176477058 0.5 1
Intersection: 852
841 11 0.0250067421 -0.2768745139 -0.9605806402 2.273578902 18.58138204 0.5 1
Intersection: 853
843 1 -0.3257705875 -0.08023334119 0.9420382876 0.06191019659 29.9380898 0.5 1
Intersection: 854
848 10 0.2735679865 -0.9287137153 0.2503026002 0.5607935745 4.344431339 0.5 1
Intersection: 855
849 12 0.1075376939 -0.0235576868 -0.9939218681 10.64957151 19.35042849 0.5 1
Intersection: 856
851 7 -0.2832072581 -0.5480251719 0.787059121 8.066871249 21.93312875 0.5 1
Intersection: 857
853 2 -0.03950055493 0.01027499365 -0.9991667182 10.47891668 19.52108332 0.5 1
Intersection: 858
854 5 -0.04456381816 0.3566573129 0.9331718101 1.805799442 28.19420056 0.5 1
Intersection: 859
855 1 -0.3257705875 -0.08023334119 0.9420382876 0.5006680337 29.49933197 0.5 1
Intersection: 860
855 4 -0.3257705875 -0.08023334119 0.9420382876 2.802457664 27.19754234 0.5 1
Intersection: 861
855 11 -0.5068080618 0.2636736527 0.8207446578 1.993220346 28.00677965 0.5 1
Intersection: 862
858 6 0.5031430898 -0.3382911032 0.7952396876 8.149813852 21.85018615 0.5 1
Intersection: 863
858 7 0.5031430898 -0.3382911032 0.7952396876 13.05750881 16.94249119 0.5 1
Intersection: 864
861 4 -0.06471437244 -0.7595714208 -0.6471964977 0.4897698243 3.969880243 0.5 1
Intersection: 865
861 6 -0.06471437244 -0.7595714208 -0.6471964977 1.551069003 2.908581064 0.5 1
Intersection: 866
861 6 0.9083594651 -0.1942662134 0.3703292055 3.865365755 26.13463424 0.5 2
Intersection: 867
861 8 0.02279715816 -0.08074795549 -0.9964738116 1.574003141 7.998333097 0.5 1
Intersection: 868
861 10 -0.06471437244 -0.7595714208 -0.6471964977 2.025832098 2.433817969 0.5 1
Intersection: 869
862 1 0.05419437248 -0.15306965 -0.9867282565 9.719818124 20.28018188 0.5 1
Intersection: 870
862 8 0.05419437248 -0.15306965 -0.9867282565 13.4345495 16.5654505 0.5 1
Intersection: 871
864 11 0.9083594651 -0.1942662134 0.3703292055 5.152073351 24.84792665 0.5 1
Intersection: 872
867 1 -0.2162115214 -0.8970810003 -0.3853547156 2.954189332 13.90111955 0.5 1
Intersection: 873
868 2 -0.5023440697 -0.8646575845 -0.004206806132 0.8865375114 18.92934098 0.5 1
Intersection: 874
868 9 -0.5023440697 -0.8646575845 -0.004206806132 2.568647496 17.24723099 0.5 1
Intersection: 875
869 9 0.6599722903 -0.7100217271 0.245572236 4.388208506 19.67142831 0.5 1
Intersection: 876
869 12 -0.546061721 -0.5103839714 -0.664322812 0.4610336494 12.98491199 0.5 1
Intersection: 877
869 12 0.2381594539 0.1181123765 0.9640173966 5.987697976 24.01230202 0.5 2
Intersection: 878
870 2 -0.6435974614 -0.7193698484 -0.26132227 1.11090505 7.913693478 0.5 1
Intersection: 879
874 12 0.1727285225 0.3792368582 0.9090347974 7.194019489 10.26824677 0.5 1
Intersection: 880
875 2 0.008790844313 -0.02060957044 -0.9997489518 3.379309902 6.696006258 0.5 1
Intersection: 881
876 7 -0.07600099912 0.2054658251 0.97570879 14.41054824 15.58945176 0.5 1
Intersection: 882
876 7 -0.006726003603 0.9735453434 0.2283948886 0.625139542 16.53328257 0.5 2
Intersection: 883
876 11 0.01428029739 0.003146472527 -0.9998930807 9.291790513 20.70820949 0.5 1
Intersection: 884
876 12 0.01428029739 0.003146472527 -0.9998930807 10.42248501 19.57751499 0.5 1
Intersection: 885
877 3 0.4199782592 -0.9008499518 -0.1099437412 4.421937526 8.704182019 0.5 1
Intersection: 886
878 12 0.1704123523 0.5571798667 0.8127178024 3.121023282 3.265567172 0.5 1
Intersection: 887
880 5 -0.5427228143 0.3656351209 0.7561500547 5.44554213 24.55445787 0.5 1
Intersection: 888
880 6 0.4709152389 -0.8708525042 0.1409068972 3.30848592 9.248557158 0.5 1
Intersection: 889
880 8 -0.1394438523 0.2714148875 0.9523073931 14.07860521 15.92139479 0.5 1
Intersection: 890
880 10 -0.1394438523 0.2714148875 0.9523073931 11.25593904 18.74406096 0.5 1
Intersection: 891
880 11 -0.01732895777 0.05488026996 -0.998342558 13.44558003 16.55441997 0.5 1
Intersection: 892
880 12 -0.5427228143 0.3656351209 0.7561500547 5.424239473 24.57576053 0.5 1
Intersection: 893
882 8 -0.9183937858 -0.1440364412 0.3685191418 8.338940226 21.66105977 0.5 1
Intersection: 894
883 7 -0.1978271318 0.5436850421 0.8156414659 13.88390405 16.11609595 0.5 1
Intersection: 895
883 9 -0.3818762362 -0.1001012577 -0.9187765117 7.251630933 22.74836907 0.5 1
Intersection: 896
883 11 -0.3818762362 -0.1001012577 -0.9187765117 6.645852291 23.35414771 0.5 1
Intersection: 897
883 11 0.317180288 -0.4384602992 -0.8409216557 11.90208408 18.09791592 0.5 2
Intersection: 898
884 8 0.02134529382 0.06951993147 -0.9973521733 2.206066293 17.1644191 0.5 1
Intersection: 899
885 12 -0.2644629835 -0.7854449932 0.5595851079 1.39045704 8.256099579 0.5 1
Intersection: 900
886 2 -0.5686216749 0.1693373609 -0.8049808998 10.04152217 19.95847783 0.5 1
Intersection: 901
886 3 -0.5686216749 0.1693373609 -0.8049808998 9.179485059 20.82051494 0.5 1
Intersection: 902
886 4 -0.5686216749 0.1693373609 -0.8049808998 9.366256211 20.63374379 0.5 1
Intersection: 903
886 11 0.6405303126 -0.7128483257 -0.2856014411 3.182637025 7.353718346 0.5 1
Intersection: 904
886 12 0.6405303126 -0.7128483257 -0.2856014411 1.874579122 8.66177625 0.5 1
Intersection: 905
893 4 -0.7013394162 -0.1696261676 -0.6923510573 11.16465343 18.83534657 0.5 1
Intersection: 906
893 4 0.2636510875 -0.07094126437 0.9620059465 14.98440508 15.01559492 0.5 2
Intersection: 907
893 10 -0.8689098229 0.4945865317 0.01949057213 6.058026618 23.94197338 0.5 1
Intersection: 908
893 12 -0.7003963615 0.08986292701 0.7080745661 11.73289836 18.26710164 0.5 1
Intersection: 909
894 5 0.07645930797 0.8941937931 0.4411025217 0.8280915066 16.79862508 0.5 1
Intersection: 910
895 6 -0.3013660686 0.4764832992 0.825918978 5.350559358 8.41435461 0.5 1
Intersection: 911
895 6 -0.06960053032 0.7408752208 0.6680267011 3.093978479 8.821157371 0.5 2
Intersection: 912
895 7 -0.006726003603 0.9735453434 0.2283948886 3.270765895 13.88765621 0.5 1
Intersection: 913
897 10 0.7640075781 -0.4258325078 -0.4847257945 2.341043418 27.65895658 0.5 1
Intersection: 914
898 1 -0.6293736229 0.5728211953 -0.5251330507 7.435260853 19.55481479 0.5 1
Intersection: 915
898 7 -0.6293736229 0.5728211953 -0.5251330507 9.376332263 17.61374338 0.5 1
Intersection: 916
898 10 -0.6293736229 0.5728211953 -0.5251330507 8.383763523 18.60631212 0.5 1
Intersection: 917
898 11 -0.6293736229 0.5728211953 -0.5251330507 9.565155566 17.42492008 0.5 1
Intersection: 918
899 7 0.8957731187 -0.3209840829 -0.3075056719 7.39600172 22.60399828 0.5 1
Intersection: 919
899 11 0.8957731187 -0.3209840829 -0.3075056719 8.035792277 21.96420772 0.5 1
Intersection: 920
903 1 0.4602889928 0.2980665662 0.8362358311 0.6141473643 29.38585264 0.5 1
Intersection: 921
903 6 -0.6364275165 0.1113978809 -0.7632499776 2.767492969 24.10991195 0.5 1
Intersection: 922
903 11 -0.6364275165 0.1113978809 -0.7632499776 1.133521304 25.74388362 0.5 1
Intersection: 923
903 12 -0.06809573032 0.09337124593 0.9932999456 3.691447619 26.30855238 0.5 1
Intersection: 924
903 12 0.02490610723 -0.04145116193 0.9988300591 14.8370016 15.1629984 0.5 2
Intersection: 925
906 5 0.5375901167 -0.3559968386 -0.76437106 1.225175069 21.21175671 0.5 1
Intersection: 926
907 3 0.1755405448 0.3581087558 -0.9170297902 8.606339753 21.39366025 0.5 1
Intersection: 927
907 5 0.1755405448 0.3581087558 -0.9170297902 7.930147445 22.06985255 0.5 1
Intersection: 928
910 7 0.944707346 -0.215958805 0.2467586371 5.074667483 24.92533252 0.5 1
Intersection: 929
913 4 0.9717322847 0.2104383327 -0.1070143683 13.07242503 16.92757497 0.5 1
Intersection: 930
916 5 0.02134529382 0.06951993147 -0.9973521733 8.985545094 10.3849403 0.5 1
Intersection: 931
916 5 0.6617814237 -0.5803664596 -0.474573619 8.41685955 12.89621662 0.5 2
Intersection: 932
916 10 0.6617814237 -0.5803664596 -0.474573619 9.949752239 11.36332393 0.5 1
Intersection: 933
917 12 0.0580227068 0.03587313859 0.9976705285 2.889022285 27.11097772 0.5 1
Intersection: 934
918 2 0.01758924738 0.1284353079 -0.9915618942 11.51105494 18.48894506 0.5 1
Intersection: 935
918 2 0.3374311107 0.1174538935 -0.9339940195 2.431501653 14.77874448 0.5 2
Intersection: 936
919 9 -0.9745861888 -0.1709198666 0.1448038667 11.84611488 14.23029999 0.5 1
Intersection: 937
920 8 -0.01518546738 0.5986833198 0.8008418597 0.434911885 0.7243634419 0.5 1
Intersection: 938
922 12 0.2672559478 0.03082332665 -0.9631324836 6.005787134 23.99421287 0.5 1
Intersection: 939
923 1 -0.4434311984 0.1313549737 0.8866310637 8.941834211 17.98859489 0.5 1
Intersection: 940
927 1 -0.2770904719 -0.5267401741 -0.8035954576 1.652236226 28.34776377 0.5 1
Intersection: 941
928 7 0.5203635449 0.5859387202 0.6212065657 0.6469568073 2.359201571 0.5 1
Intersection: 942
928 10 0.2090460067 -0.05044727297 0.9766037271 2.115710677 18.44362479 0.5 1
Intersection: 943
930 3 -0.3230814938 0.6288627858 0.7072128003 3.42802862 26.57197138 0.5 1
Intersection: 944
930 5 -0.5064807486 0.8203007866 0.265676252 4.113850134 17.62393155 0.5 1
Intersection: 945
930 12 -0.5064807486 0.8203007866 0.265676252 4.107049828 17.63073186 0.5 1
Intersection: 946
932 4 -0.9853753375 0.1190608984 -0.121901381 1.0227549 25.37474766 0.5 1
Intersection: 947
932 8 -0.9853753375 0.1190608984 -0.121901381 2.278632857 24.1188697 0.5 1
Intersection: 948
933 7 0.8191012542 0.5626097019 0.1119975836 5.1996843 24.8003157 0.5 1
Intersection: 949
933 11 0.8191012542 0.5626097019 0.1119975836 5.122469035 24.87753097 0.5 1
Intersection: 950
934 6 0.5812621677 0.09512568174 0.8081369915 8.094619367 21.90538063 0.5 1
Intersection: 951
934 8 -0.491598622 0.4188373037 0.7634828799 8.007303247 8.490479657 0.5 1
Intersection: 952
935 3 0.2612985397 -0.04705704223 0.9641103194 0.5225496666 24.74942243 0.5 1
Intersection: 953
938 7 0.7341724654 -0.5523015242 -0.3949098853 2.806168021 20.90778491 0.5 1
Intersection: 954
941 6 -0.2405750545 0.2248855861 -0.9442193158 0.2303431414 29.76965686 0.5 1
Intersection: 955
941 8 -0.6603564811 0.1569655851 -0.7343644347 4.471068383 14.15652285 0.5 1
Intersection: 956
941 11 0.8761225483 0.2957903908 -0.3806800823 0.1959363243 29.80406368 0.5 1
Intersection: 957
946 7 0.9767350369 -0.2094842904 0.045880276 11.2716958 18.7283042 0.5 1
Intersection: 958
949 3 0.1337307127 -0.02063193654 0.9908029167 2.864992039 27.13500796 0.5 1
Intersection: 959
952 1 -0.2330499355 0.3749401498 -0.8972778898 11.38777051 14.83107279 0.5 1
Intersection: 960
952 2 -0.2330499355 0.3749401498 -0.8972778898 10.56115206 15.65769124 0.5 1
Intersection: 961
952 10 0.00995676814 0.8493823063 -0.5276841485 5.119699767 6.571052605 0.5 1
Intersection: 962
952 11 0.0580227068 0.03587313859 0.9976705285 6.408288183 23.59171182 0.5 1
Intersection: 963
953 12 0.4831110123 0.6236375926 -0.6145566719 14.57003779 15.42996221 0.5 1
Intersection: 964
955 4 -0.4729963981 0.7571827643 0.4504982451 3.468581011 20.17283406 0.5 1
Intersection: 965
955 9 0.08414852397 0.1995012705 -0.9762777622 5.454069368 24.54593063 0.5 1
Intersection: 966
959 2 -0.7446018647 0.6659727852 -0.04525828631 4.287625415 17.8145941 0.5 1
Intersection: 967
960 9 -0.294806744 -0.08135499355 0.952087364 8.615828608 21.38417139 0.5 1
Intersection: 968
961 6 0.923874732 -0.3804849419 0.04106931424 1.978823024 28.02117698 0.5 1
Intersection: 969
961 8 -0.6003472452 -0.2608263167 0.7560111227 11.91456048 18.08543952 0.5 1
Intersection: 970
961 10 -0.05011316513 -0.01403043296 -0.9986449908 12.39192988 17.60807012 0.5 1
Intersection: 971
964 1 -0.03087542559 0.05124227086 -0.9982088648 14.23910769 15.76089231 0.5 1
Intersection: 972
964 8 -0.3257705875 -0.08023334119 0.9420382876 8.180277791 21.81972221 0.5 1
Intersection: 973
967 8 0.9911834666 0.1317807776 0.01375362726 1.391329894 3.845389746 0.5 1
Intersection: 974
968 9 0.7630843672 0.4200438408 -0.4911877649 4.980853335 9.304520904 0.5 1
Intersection: 975
970 6 0.6617814237 -0.5803664596 -0.474573619 3.025643031 18.28743314 0.5 1
Intersection: 976
970 9 0.0513349571 -0.0732023185 -0.9959950516 9.477729788 12.87289491 0.5 1
Intersection: 977
971 1 -0.0506653036 0.0439555643 -0.9977479318 9.234246899 20.7657531 0.5 1
Intersection: 978
971 2 -0.0506653036 0.0439555643 -0.9977479318 8.827390457 21.17260954 0.5 1
Intersection: 979
971 10 0.01038349252 0.2088740191 -0.9778874308 7.89662519 22.10337481 0.5 1
Intersection: 980
973 5 -0.2985792332 0.3446126557 -0.8899958197 5.953582563 24.04641744 0.5 1
Intersection: 981
973 12 -0.2985792332 0.3446126557 -0.8899958197 4.875996796 25.1240032 0.5 1
Intersection: 982
974 7 0.04517087364 0.4089709243 -0.9114287549 0.977838714 29.02216129 0.5 1
Intersection: 983
976 10 -0.7186835753 -0.1677813768 -0.6747913219 14.96622316 15.03377684 0.5 1
Intersection: 984
976 12 -0.7186835753 -0.1677813768 -0.6747913219 13.05435706 16.94564294 0.5 1
Intersection: 985
978 8 -0.03779796575 0.06724423065 -0.9970203244 1.511120129 13.10561711 0.5 1
Intersection: 986
978 10 0.7692800395 -0.5846653395 -0.2576328038 7.192591378 22.80740862 0.5 1
Intersection: 987
980 2 -0.6657486868 0.04771099184 0.7446491437 7.344122828 22.65587717 0.5 1
Intersection: 988
984 3 0.5658591763 -0.2079311903 0.7978521246 11.63500221 18.36499779 0.5 1
Intersection: 989
984 11 -0.9745476709 0.1329091139 0.1805325583 6.384803008 23.61519699 0.5 1
Intersection: 990
985 9 -0.2832115733 0.1298698834 -0.9502236674 9.618548857 20.38145114 0.5 1
Intersection: 991
985 9 -0.04391175125 -0.09756092898 -0.9942603398 9.151164932 20.84883507 0.5 2
Intersection: 992
988 1 0.9646640069 0.226648064 0.1343652072 0.02172042829 29.97827957 0.5 1
Intersection: 993
988 7 0.9646640069 0.226648064 0.1343652072 1.085841532 28.91415847 0.5 1
Intersection: 994
989 5 0.08353447892 0.06678040928 0.9942647373 8.588037122 21.41196288 0.5 1
Intersection: 995
989 7 0.08353447892 0.06678040928 0.9942647373 10.17059461 19.82940539 0.5 1
Intersection: 996
989 11 0.08353447892 0.06678040928 0.9942647373 9.445854751 20.55414525 0.5 1
Intersection: 997
991 2 0.3924665828 -0.3755993287 -0.8395803271 11.27202966 18.72797034 0.5 1
Intersection: 998
991 8 0.09038885096 -0.009043756164 -0.9958654859 14.04209365 15.95790635 0.5 1
Intersection: 999
991 10 0.09038885096 -0.009043756164 -0.9958654859 11.24189435 18.75810565 0.5 1
Intersection: 1000
992 4 0.1202290089 0.05574432828 0.9911798804 0.3328836039 24.37457122 0.5 1
Intersection: 1001
992 8 0.03307019248 0.4727145091 0.8805948871 0.8442642135 2.215749311 0.5 1
Intersection: 1002
992 12 0.03307019248 0.4727145091 0.8805948871 0.8470809076 2.212932616 0.5 1
Intersection: 1003
993 6 -0.1507848326 0.3724804013 -0.9157086244 12.73436072 16.36708852 0.5 1
Intersection: 1004
993 8 -0.00557382391 0.04624099844 -0.9989147624 1.162750209 28.83724979 0.5 1
Intersection: 1005
993 9 -0.00557382391 0.04624099844 -0.9989147624 3.510642736 26.48935726 0.5 1
Intersection: 1006
993 12 -0.313082541 0.1707125603 0.9342572153 9.632479508 20.36752049 0.5 1
Intersection: 1007
996 3 0.4240639364 0.8541132551 0.3010985309 4.377782555 12.42667457 0.5 1
Intersection: 1008
998 5 0.3420716133 -0.4009840814 -0.849822792 2.829196671 27.17080333 0.5 1
Intersection: 1009
1001 1 -0.09642123724 -0.006172749729 0.9953214768 11.15725294 18.84274706 0.5 1
Intersection: 1010
1001 3 -0.09642123724 -0.006172749729 0.9953214768 13.03402924 16.96597076 0.5 1
Intersection: 1011
1001 9 -0.001075913647 0.0003212465362 -0.9999993696 7.183891301 22.8161087 0.5 1
Intersection: 1012
1001 11 -0.001075913647 0.0003212465362 -0.9999993696 4.496373012 25.50362699 0.5 1
Intersection: 1013
1002 10 -0.3419762424 0.170872474 0.9240426653 1.530746723 15.48793458 0.5 1
Intersection: 1014
1005 7 -0.2832072581 -0.5480251719 0.787059121 4.30127199 25.69872801 0.5 1
Intersection: 1015
1009 4 0.3203670881 0.3342961768 0.8863469947 0.6986686691 16.98116847 0.5 1
Intersection: 1016
1009 8 -0.606600363 0.02350517205 0.7946593651 14.8977882 15.1022118 0.5 1
Intersection: 1017
1011 1 -0.01604328325 0.0421814676 -0.9989811494 2.602425299 27.3975747 0.5 1
Intersection: 1018
1011 7 0.2672559478 0.03082332665 -0.9631324836 0.8219355899 29.17806441 0.5 1
Intersection: 1019
1011 11 -0.01979854607 0.02139018938 0.9995751484 0.3708763686 29.62912363 0.5 1
Intersection: 1020
1012 10 0.3464845932 0.6629528659 0.6636579875 3.740342299 22.78155172 0.5 1
Intersection: 1021
1014 11 -0.3270639952 0.2797794163 -0.9026364835 10.71163552 11.64433244 0.5 1
Intersection: 1022
1016 8 0.1733906895 0.968536172 0.178531096 0.11370947 2.144844678 0.5 1
Intersection: 1023
1019 3 0.7814241811 -0.07062483471 -0.6199906306 11.37920973 18.62079027 0.5 1
Intersection: 1024
1019 4 0.7814241811 -0.07062483471 -0.6199906306 10.58160503 19.41839497 0.5 1
Intersection: 1025
1019 6 0.7814241811 -0.07062483471 -0.6199906306 12.69344374 17.30655626 0.5 1
Intersection: 1026
1021 12 0.4409399281 0.3892542713 -0.8087354896 6.44538164 23.55461836 0.5 1
Intersection: 1027
1022 3 0.7013766626 0.1734571665 -0.6913634273 7.269120647 22.73087935 0.5 1
Intersection: 1028
1024 1 0.1126438401 -0.5705753859 0.8134833092 2.452868305 27.54713169 0.5 1
Intersection: 1029
1025 5 0.3308259031 0.2929163538 -0.8970809504 9.39621839 13.24417541 0.5 1
Intersection: 1030
1028 2 -0.9750457392 0.1475542006 -0.1658721328 0.08982420004 3.979375969 0.5 1
Intersection: 1031
1028 8 -0.9750457392 0.1475542006 -0.1658721328 0.1209031558 3.948297013 0.5 1
Intersection: 1032
1029 9 -0.5036956558 -0.549346292 -0.666715335 8.648168561 19.17587512 0.5 1
Intersection: 1033
1030 1 -0.1231319886 -0.02364776804 0.9921085104 4.128885081 25.87111492 0.5 1
Intersection: 1034
1030 2 0.02323805035 0.1126955289 0.993357796 13.38238552 16.61761448 0.5 1
Intersection: 1035
1030 3 0.4533388018 0.7064987085 0.5434551552 9.563502355 14.80092122 0.5 1
Intersection: 1036
1030 8 -0.1231319886 -0.02364776804 0.9921085104 5.993248524 24.00675148 0.5 1
Intersection: 1037
1030 12 0.4533388018 0.7064987085 0.5434551552 11.69955589 12.66486768 0.5 1
Intersection: 1038
1031 2 0.2090460067 -0.05044727297 0.9766037271 2.740237685 17.81909778 0.5 1
Intersection: 1039
1032 8 -0.7186835753 -0.1677813768 -0.6747913219 5.319299464 24.68070054 0.5 1
Intersection: 1040
1033 7 0.9140388216 0.04699303606 -0.40289538 3.439685981 26.56031402 0.5 1
Intersection: 1041
1037 1 -0.3778662974 -0.2784034361 0.8830110917 2.128531363 27.87146864 0.5 1
Intersection: 1042
1037 9 -0.6293736229 0.5728211953 -0.5251330507 7.816712153 19.17336349 0.5 1
Intersection: 1043
1038 10 0.4443150622 0.5087207318 0.7374193803 2.753716305 3.775700617 0.5 1
Intersection: 1044
1044 3 -0.7446018647 0.6659727852 -0.04525828631 10.15621142 11.94600809 0.5 1
Intersection: 1045
1044 7 0.5409403847 0.6605957815 -0.5205734469 13.07013319 15.06298053 0.5 1
Intersection: 1046
1044 8 0.5409403847 0.6605957815 -0.5205734469 13.64818416 14.48492956 0.5 1
Intersection: 1047
1044 12 -0.6901586843 0.2900002868 -0.6630089171 10.95741086 19.04258914 0.5 1
Intersection: 1048
1046 6 -0.2373628519 0.1880393974 0.9530477751 10.55939931 19.44060069 0.5 1
Intersection: 1049
1046 8 0.04266206044 -0.009312221422 -0.9990461607 3.055738328 26.94426167 0.5 1
Intersection: 1050
1046 10 -0.2373628519 0.1880393974 0.9530477751 12.16773435 17.83226565 0.5 1
Intersection: 1051
1046 10 -0.05042405318 0.1262390705 0.9907174733 0.589381456 29.41061854 0.5 2
Intersection: 1052
1047 7 -0.3530681262 -0.1285916845 0.9267184453 6.522281545 23.47771845 0.5 1
Intersection: 1053
1049 1 0.001958061974 -0.003563274062 0.9999917345 11.51608168 14.60879219 0.5 1
Intersection: 1054
1053 2 0.03510409315 0.04299297277 0.9984584653 10.48547074 19.51452926 0.5 1
Intersection: 1055
1053 6 0.04124383054 0.145975815 -0.9884280489 6.849675912 23.15032409 0.5 1
Intersection: 1056
1053 10 0.04124383054 0.145975815 -0.9884280489 9.509912655 20.49008735 0.5 1
Intersection: 1057
1054 1 0.5716541356 -0.5466651291 0.6118568344 3.291716775 26.70828323 0.5 1
Intersection: 1058
1054 8 0.5716541356 -0.5466651291 0.6118568344 1.959361914 28.04063809 0.5 1
Intersection: 1059
1057 1 -0.04205755104 0.5295771899 0.8472184856 2.063349859 27.40753466 0.5 1
Intersection: 1060
1057 12 -0.9436024464 0.2826277066 0.1724413019 4.663156531 25.33684347 0.5 1
Intersection: 1061
1058 12 -0.9982649827 0.0310580627 0.05002420416 6.25669818 23.74330182 0.5 1
Intersection: 1062
1059 8 0.3030195329 -0.3225985025 -0.8967214556 9.792104056 20.20789594 0.5 1
Intersection: 1063
1059 11 0.7097592314 -0.1358715993 -0.6912168559 6.096109207 23.90389079 0.5 1
Intersection: 1064
1060 4 0.1031645331 -0.464857509 -0.8793546357 0.3425189488 19.89619795 0.5 1
Intersection: 1065
1060 7 0.1031645331 -0.464857509 -0.8793546357 2.383751126 17.85496577 0.5 1
Intersection: 1066
1061 2 -0.1375956779 0.126453086 0.9823833501 14.54045247 15.45954753 0.5 1
Intersection: 1067
1064 2 0.4602889928 0.2980665662 0.8362358311 8.193230478 21.80676952 0.5 1
Intersection: 1068
1065 7 -0.2029852127 0.4571693428 0.8659059969 3.557596485 8.350939937 0.5 1
Intersection: 1069
1068 4 -0.09445626451 -0.5012413423 -0.8601366931 5.324126077 24.67587392 0.5 1
Intersection: 1070
1069 5 0.093935923 0.1674216353 0.98140004 0.5743168818 29.42568312 0.5 1
Intersection: 1071
1069 7 0.202860515 0.7739041151 -0.5999333564 1.895690704 4.022125361 0.5 1
Intersection: 1072
1069 8 0.202860515 0.7739041151 -0.5999333564 1.018021118 4.899794946 0.5 1
Intersection: 1073
1069 11 -0.1955560093 0.05649174807 -0.9790641091 9.986436572 20.01356343 0.5 1
Intersection: 1074
1069 12 -0.1955560093 0.05649174807 -0.9790641091 10.57508309 19.42491691 0.5 1
Intersection: 1075
1075 11 -0.3922750999 0.1590761526 -0.9059884236 0.885704142 29.11429586 0.5 1
Intersection: 1076
1076 12 0.2665781903 -0.5669519081 -0.7794238913 4.714372389 13.04204174 0.5 1
Intersection: 1077
1082 6 -0.09840346532 0.9296745082 -0.3549958687 3.376763573 11.81996131 0.5 1
Intersection: 1078
1084 9 0.4583118656 -0.04164266867 0.8878153648 11.39705593 18.60294407 0.5 1
Intersection: 1079
1084 10 0.4583118656 -0.04164266867 0.8878153648 10.29677598 19.70322402 0.5 1
Intersection: 1080
1086 4 0.9990182623 -0.04060722711 0.01770775889 4.295257466 25.70474253 0.5 1
Intersection: 1081
1087 6 0.5746106145 -0.2382711566 0.7829747746 0.1644181243 29.83558188 0.5 1
Intersection: 1082
1089 2 0.1324758804 0.08532913689 -0.9875064959 0.1456693098 29.85433069 0.5 1
Intersection: 1083
1091 9 -0.3230814938 0.6288627858 0.7072128003 6.630931148 23.36906885 0.5 1
Intersection: 1084
1092 2 0.8085018927 -0.2254902594 -0.5435796469 7.605635138 22.39436486 0.5 1
Intersection: 1085
1092 4 0.8085018927 -0.2254902594 -0.5435796469 10.51539118 19.48460882 0.5 1
Intersection: 1086
1092 12 0.9083594651 -0.1942662134 0.3703292055 0.5721897387 29.42781026 0.5 1
Intersection: 1087
1093 10 0.4693004726 0.7676096083 -0.4365003501 0.7412560848 20.27602751 0.5 1
Intersection: 1088
1095 9 -0.1033474611 0.05216890917 -0.9932762492 1.62496458 28.37503542 0.5 1
Intersection: 1089
1095 11 -0.1033474611 0.05216890917 -0.9932762492 3.683795745 26.31620425 0.5 1
Intersection: 1090
1096 6 0.09601827816 0.0465963764 0.9942883224 2.200164119 10.13944844 0.5 1
Intersection: 1091
1097 6 -0.1438193852 0.9728866148 0.1811287365 0.5204877974 18.19530055 0.5 1
Intersection: 1092
1098 1 -0.09618725811 0.1694000005 -0.9808423172 1.262723097 28.7372769 0.5 1
Intersection: 1093
1098 2 -0.269972217 -0.04969581347 0.9615848003 6.50718115 23.49281885 0.5 1
Intersection: 1094
1098 7 -0.6901586843 0.2900002868 -0.6630089171 1.88564367 28.11435633 0.5 1
Intersection: 1095
1099 9 -0.9844541237 0.0008245911025 -0.1756399678 2.909440928 4.293595548 0.5 1
Intersection: 1096
1101 4 -0.8062234341 -0.3793973899 -0.4539398583 1.636594821 28.36340518 0.5 1
Intersection: 1097
1101 10 -0.01072806888 0.9468933228 0.3213688594 3.857854766 8.849638736 0.5 1
Intersection: 1098
1103 1 0.9963509951 0.02728998201 -0.08086996653 1.852106481 28.14789352 0.5 1
Intersection: 1099
1103 8 -0.05347068342 -0.1635059386 0.9850922262 7.8486502 22.1513498 0.5 1
Intersection: 1100
1103 11 0.9998950976 -0.006254086944 0.01306446646 2.610978006 27.38902199 0.5 1
Intersection: 1101
1103 12 -0.3646785124 0.838276417 -0.4053421164 8.749496283 14.69871153 0.5 1
Intersection: 1102
1107 3 -0.7753372996 -0.04952602304 0.6296024499 5.722933615 24.27706638 0.5 1
Intersection: 1103
1108 9 0.6735842853 -0.2205548127 0.7054358831 10.35879849 16.28468547 0.5 1
Intersection: 1104
1108 9 0.9144621263 -0.02980239854 0.4035725914 4.954817442 16.6930313 0.5 2
Intersection: 1105
1109 5 0.7796998611 0.2731841429 -0.5634168534 12.85238107 17.14761893 0.5 1
Intersection: 1106
1109 6 0.7796998611 0.2731841429 -0.5634168534 13.42322156 16.57677844 0.5 1
Intersection: 1107
1110 1 -0.4903420866 0.1522520652 -0.8581281645 12.11390874 17.88609126 0.5 1
Intersection: 1108
1110 2 0.9650327034 -0.0624681525 0.254577319 0.8539495605 29.14605044 0.5 1
Intersection: 1109
1110 3 0.1752371289 0.1328564841 0.9755209394 14.6634526 15.3365474 0.5 1
Intersection: 1110
1111 4 0.6778158657 0.4844899877 -0.5530236017 4.050894101 25.9491059 0.5 1
Intersection: 1111
1112 2 0.9492624892 0.1871781201 -0.2527154091 5.002418639 24.99758136 0.5 1
Intersection: 1112
1113 6 -0.2406210041 -0.150698063 -0.9588491155 1.683886894 28.31611311 0.5 1
Intersection: 1113
1113 9 -0.599916948 -0.7966285779 0.07404434042 7.505532838 12.22366057 0.5 1
Intersection: 1114
1113 9 -0.4729963981 0.7571827643 0.4504982451 9.745509921 13.89590515 0.5 2
Intersection: 1115
1114 5 0.6177875734 0.7217983874 0.3120025675 5.137405668 19.73023173 0.5 1
Intersection: 1116
1114 6 -0.02832911784 0.03472967969 -0.9989951504 14.41795958 15.58204042 0.5 1
Intersection: 1117
1114 10 -0.02832911784 0.03472967969 -0.9989951504 12.92135905 17.07864095 0.5 1
Intersection: 1118
1115 1 0.8175925047 -0.341979313 0.4632414552 0.6756924471 27.19794556 0.5 1
Intersection: 1119
1116 6 0.1404160467 0.1213350601 0.9826297049 1.887098735 24.00887413 0.5 1
Intersection: 1120
1117 5 0.9763274547 -0.2121789676 0.04200936726 14.52713889 15.47286111 0.5 1
Intersection: 1121
1117 7 -0.1033474611 0.05216890917 -0.9932762492 10.28321213 19.71678787 0.5 1
Intersection: 1122
1118 1 0.7689978176 0.4159641582 0.4854031063 2.321121087 27.67887891 0.5 1
Intersection: 1123
1118 4 -0.4877301938 0.3673917989 -0.791923307 3.034068531 10.93197842 0.5 1
Intersection: 1124
1118 8 -0.4877301938 0.3673917989 -0.791923307 2.478269091 11.48777786 0.5 1
Intersection: 1125
1121 1 -0.9787609721 -0.1698828563 -0.1147465673 1.043573158 28.95642684 0.5 1
Intersection: 1126
1121 10 -0.9787609721 -0.1698828563 -0.1147465673 0.3256666453 29.67433335 0.5 1
Intersection: 1127
1122 1 0.2741634462 0.3455280631 -0.8974657444 4.281428024 25.71857198 0.5 1
Intersection: 1128
1122 4 0.5715969855 0.6738123663 -0.4682454284 0.2965620707 11.66333105 0.5 1
Intersection: 1129
1124 9 0.7239447074 0.6097645019 -0.3226318535 6.858757635 19.69593427 0.5 1
Intersection: 1130
1124 10 0.7239447074 0.6097645019 -0.3226318535 5.163565839 21.39112607 0.5 1
Intersection: 1131
1124 11 0.7239447074 0.6097645019 -0.3226318535 7.340663457 19.21402845 0.5 1
Intersection: 1132
1127 2 -0.8062234341 -0.3793973899 -0.4539398583 2.990224171 27.00977583 0.5 1
Intersection: 1133
1130 11 0.3974088773 0.09205522959 0.9130126061 0.554072521 29.44592748 0.5 1
Intersection: 1134
1130 12 0.5658591763 -0.2079311903 0.7978521246 3.441381511 26.55861849 0.5 1
Intersection: 1135
1131 9 0.07019156521 0.06489963745 -0.9954201029 3.835513701 4.231117899 0.5 1
Intersection: 1136
1131 12 0.07019156521 0.06489963745 -0.9954201029 1.346215681 6.720415919 0.5 1
Intersection: 1137
1134 11 -0.7100270615 0.1109278279 -0.6953823329 6.754181702 23.2458183 0.5 1
Intersection: 1138
1137 4 -0.1716129279 0.9295719496 0.3262590895 1.510970445 6.491856852 0.5 1
Intersection: 1139
1139 5 0.9140388216 0.04699303606 -0.40289538 7.690794237 22.30920576 0.5 1
Intersection: 1140
1139 12 0.9140388216 0.04699303606 -0.40289538 5.978717561 24.02128244 0.5 1
Intersection: 1141
1142 1 0.1053235528 -0.5061754685 -0.8559750839 2.003998964 13.52113229 0.5 1
Intersection: 1142
1144 1 0.6332285417 0.03433332592 0.7732029726 13.23558754 16.76441246 0.5 1
Intersection: 1143
1144 5 0.7756592579 0.05275062777 -0.6289436278 6.372319704 23.6276803 0.5 1
Intersection: 1144
1144 7 0.6332285417 0.03433332592 0.7732029726 14.77165051 15.22834949 0.5 1
Intersection: 1145
1147 8 -0.9982649827 0.0310580627 0.05002420416 14.44505896 15.55494104 0.5 1
Intersection: 1146
1150 4 -0.7186835753 -0.1677813768 -0.6747913219 8.143236381 21.85676362 0.5 1
Intersection: 1147
1150 7 0.5348193723 0.8033097427 0.2620337694 2.973208361 18.62910894 0.5 1
Intersection: 1148
1151 5 -0.9982649827 0.0310580627 0.05002420416 14.73408329 15.26591671 0.5 1
Intersection: 1149
1151 12 0.6583653641 0.4727834794 0.5856883377 6.956570987 10.55206258 0.5 1
Intersection: 1150
1152 1 0.1262545607 -0.04148288559 -0.9911301409 2.369942029 27.63005797 0.5 1
Intersection: 1151
1152 2 0.1262545607 -0.04148288559 -0.9911301409 0.8769078598 29.12309214 0.5 1
Intersection: 1152
1152 6 0.6137567097 0.5118666246 0.6010784141 2.015151695 10.15926558 0.5 1
Intersection: 1153
1152 10 0.6137567097 0.5118666246 0.6010784141 3.536564397 8.637852876 0.5 1
Intersection: 1154
1153 7 -0.9787609721 -0.1698828563 -0.1147465673 9.947005661 20.05299434 0.5 1
Intersection: 1155
1158 5 0.4602889928 0.2980665662 0.8362358311 9.357096671 20.64290333 0.5 1
Intersection: 1156
1158 6 0.4602889928 0.2980665662 0.8362358311 10.55594387 19.44405613 0.5 1
Intersection: 1157
1162 11 0.4602889928 0.2980665662 0.8362358311 13.30348423 16.69651577 0.5 1
Intersection: 1158
1165 6 0.393126034 -0.6970788269 0.5996107324 11.90841354 15.84905679 0.5 1
Intersection: 1159
1165 9 -0.4914590255 -0.776713125 0.3939349536 1.894889457 12.11568627 0.5 1
Intersection: 1160
1166 12 -0.8206533537 -0.2347714767 -0.5209706583 2.862337106 21.87143421 0.5 1
Intersection: 1161
1167 12 -0.8505733115 0.1584189951 0.5014264291 4.491291527 10.76703303 0.5 1
Intersection: 1162
1169 1 -0.520163637 -0.4156825282 0.7460816487 6.356308203 16.70977814 0.5 1
Intersection: 1163
1169 3 -0.7511608159 0.4041988844 -0.5219010352 1.536651809 28.46334819 0.5 1
Intersection: 1164
1169 5 -0.7511608159 0.4041988844 -0.5219010352 2.89843685 27.10156315 0.5 1
Intersection: 1165
1171 10 -0.05464477083 0.9770501356 0.2058809889 1.218206702 9.880079847 0.5 1
Intersection: 1166
1172 9 -0.8827197198 0.297623787 -0.3636289011 1.766324409 28.23367559 0.5 1
Intersection: 1167
1174 11 0.07355460921 -0.1996323039 -0.9771062699 2.457891388 27.54210861 0.5 1
Intersection: 1168
1178 3 0.1105719309 0.0625868381 0.9918955267 4.068540005 25.93145999 0.5 1
Intersection: 1169
1181 3 -0.5775984809 0.7458266628 -0.3318472298 0.710460062 13.98303759 0.5 1
Intersection: 1170
1181 3 0.3608388969 -0.1970884163 0.9115653825 8.030978294 21.96902171 0.5 2
Intersection: 1171
1181 6 -0.5775984809 0.7458266628 -0.3318472298 1.812354312 12.88114334 0.5 1
Intersection: 1172
1182 7 0.9258832729 -0.2418812351 0.2902303105 14.3765598 15.6234402 0.5 1
Intersection: 1173
1185 5 -0.1716129279 0.9295719496 0.3262590895 3.899367144 4.103460153 0.5 1
Intersection: 1174
1188 12 -0.8206533537 -0.2347714767 -0.5209706583 5.143325067 19.59044624 0.5 1
Intersection: 1175
1189 1 -0.441788858 -0.05794430895 0.895245811 2.165331723 27.83466828 0.5 1
Intersection: 1176
1189 6 0.3203670881 0.3342961768 0.8863469947 8.744968619 8.934868518 0.5 1
Intersection: 1177
1189 8 0.8417478302 0.06222502503 0.5362729124 11.24916932 18.75083068 0.5 1
Intersection: 1178
1189 10 0.8417478302 0.06222502503 0.5362729124 9.599832626 20.40016737 0.5 1
Intersection: 1179
1190 4 -0.2982768599 0.02496439496 -0.9541528671 7.485722336 22.51427766 0.5 1
Intersection: 1180
1190 4 -0.2851443737 -0.1702973451 0.9432345946 0.5525233604 17.69276249 0.5 2
Intersection: 1181
1190 12 -0.4914590255 -0.776713125 0.3939349536 6.132613369 7.877962357 0.5 1
Intersection: 1182
1190 12 0.4683870952 0.5118235899 -0.7201736887 0.2204065743 29.77959343 0.5 2
Intersection: 1183
1192 10 0.09601827816 0.0465963764 0.9942883224 2.15252739 10.18708516 0.5 1
Intersection: 1184
1193 3 -0.336707558 0.04714913753 0.940428083 12.01927733 17.98072267 0.5 1
Intersection: 1185
1194 11 -0.02432821165 0.01666887401 -0.9995650488 7.916966761 22.08303324 0.5 1
Intersection: 1186
1195 1 -0.1022563908 0.8154798662 0.5696808039 1.188561993 19.29126348 0.5 1
Intersection: 1187
1195 7 -0.1022563908 0.8154798662 0.5696808039 3.954959464 16.52486601 0.5 1
Intersection: 1188
1195 8 0.2381594539 0.1181123765 0.9640173966 13.61913183 16.38086817 0.5 1
Intersection: 1189
1195 11 0.7605224505 -0.05855523538 0.6466659777 11.19331608 18.80668392 0.5 1
Intersection: 1190
1196 12 0.393126034 -0.6970788269 0.5996107324 5.086902094 22.67056823 0.5 1
Intersection: 1191
1197 7 0.8175925047 -0.341979313 0.4632414552 8.465106049 19.40853196 0.5 1
Intersection: 1192
1197 9 0.8175925047 -0.341979313 0.4632414552 9.492463983 18.38117402 0.5 1
Intersection: 1193
1198 2 0.589723977 -0.4675584593 0.658494281 0.7291933096 1.668419833 0.5 1
Intersection: 1194
1198 2 0.8217151958 0.2893795171 0.4909619456 8.946854575 21.05314543 0.5 2
Intersection: 1195
1199 1 -0.2952982697 -0.2261247221 -0.9282599539 11.36489453 12.95857846 0.5 1
Intersection: 1196
1201 4 -0.2585862316 0.6322439184 0.7303429252 0.00371587411 0.6279188021 0.5 1
Intersection: 1197
1201 6 0.7825529405 -0.1201336796 0.6108836177 4.729132064 25.27086794 0.5 1
Intersection: 1198
1201 11 -0.2697198294 0.7442246728 -0.6110489752 3.224955716 18.19742955 0.5 1
Intersection: 1199
1205 12 -0.6364275165 0.1113978809 -0.7632499776 8.754975724 18.1224292 0.5 1
Intersection: 1200
1207 10 0.5354060945 0.8253893426 -0.1790886573 4.002400587 17.66468531 0.5 1
Intersection: 1201
1207 11 0.9712436365 -0.2341234835 -0.04326653457 0.07960174282 29.92039826 0.5 1
Intersection: 1202
1209 3 -0.935135771 -0.2697483414 -0.2296887506 13.26719845 16.73280155 0.5 1
Intersection: 1203
1209 5 -0.935135771 -0.2697483414 -0.2296887506 13.49010557 16.50989443 0.5 1
Intersection: 1204
1212 5 0.001958061974 -0.003563274062 0.9999917345 6.596115158 19.52875871 0.5 1
Intersection: 1205
1212 6 0.2741634462 0.3455280631 -0.8974657444 10.83522896 19.16477104 0.5 1
Intersection: 1206
1215 2 0.02323805035 0.1126955289 0.993357796 8.854378717 21.14562128 0.5 1
Intersection: 1207
1215 3 -0.1231319886 -0.02364776804 0.9921085104 14.03204435 15.96795565 0.5 1
Intersection: 1208
1215 3 -0.01979854607 0.02139018938 0.9995751484 14.36664057 15.63335943 0.5 2
Intersection: 1209
1215 4 0.1242412439 0.1604533566 0.9791929502 4.024529446 25.97547055 0.5 1
Intersection: 1210
1215 7 -0.01979854607 0.02139018938 0.9995751484 12.92107752 17.07892248 0.5 1
Intersection: 1211
1215 12 -0.2716824583 -0.2992067297 -0.9146933774 1.30067158 28.69932842 0.5 1
Intersection: 1212
1215 12 -0.1231319886 -0.02364776804 0.9921085104 13.20465499 16.79534501 0.5 2
Intersection: 1213
1217 1 0.2771756678 0.03562983819 -0.9601584056 1.534770745 28.46522926 0.5 1
Intersection: 1214
1222 7 -0.8160024621 0.5193514346 -0.2537992695 0.6370258618 2.573361787 0.5 1
Intersection: 1215
1224 9 0.3618416294 0.09120473953 -0.9277673904 1.612424414 28.38757559 0.5 1
Intersection: 1216
1224 12 -0.9252737592 -0.05707060643 -0.3749818881 2.211200688 27.78879931 0.5 1
Intersection: 1217
1227 11 -0.02547542986 0.01497460664 0.9995632865 8.983634948 21.01636505 0.5 1
Intersection: 1218
1229 10 -0.3604819232 0.6652115544 -0.6538703013 5.344363831 14.6914007 0.5 1
Intersection: 1219
1230 3 -0.5906255944 0.04508207863 0.8056854308 5.11118545 13.34898616 0.5 1
Intersection: 1220
1230 3 -0.1915193001 -0.228536676 0.9545110504 9.811817935 11.2508582 0.5 2
Intersection: 1221
1230 5 -0.5906255944 0.04508207863 0.8056854308 6.872074552 11.58809706 0.5 1
Intersection: 1222
1230 5 -0.1915193001 -0.228536676 0.9545110504 9.752617297 11.31005884 0.5 2
Intersection: 1223
1230 6 -0.5906255944 0.04508207863 0.8056854308 7.967649571 10.49252204 0.5 1
Intersection: 1224
1230 11 0.2843969336 -0.511981045 -0.8105515368 8.741015187 14.44710479 0.5 1
Intersection: 1225
1232 11 0.2741634462 0.3455280631 -0.8974657444 0.2982586484 29.70174135 0.5 1
Intersection: 1226
1233 12 -0.2957036859 -0.07903517501 -0.9520046067 5.668002759 24.33199724 0.5 1
Intersection: 1227
1234 7 -0.1784070739 0.216594163 0.9598217983 3.584619049 20.78377842 0.5 1
Intersection: 1228
1234 7 0.03565423407 0.04163283111 0.9984966114 6.46131502 23.53868498 0.5 2
Intersection: 1229
1234 12 -0.1784070739 0.216594163 0.9598217983 5.363618975 19.0047785 0.5 1
Intersection: 1230
1235 3 0.2765040569 -0.05654236794 0.9593479385 13.63959179 16.36040821 0.5 1
Intersection: 1231
1235 4 0.2765040569 -0.05654236794 0.9593479385 12.42304848 17.57695152 0.5 1
Intersection: 1232
1236 9 -0.2406210041 -0.150698063 -0.9588491155 4.94874573 25.05125427 0.5 1
Intersection: 1233
1237 11 0.1481292575 -0.1037371705 0.9835122381 4.281312012 25.71868799 0.5 1
Intersection: 1234
1238 4 0.7796998611 0.2731841429 -0.5634168534 1.009507854 28.99049215 0.5 1
Intersection: 1235
1238 8 -0.05011316513 -0.01403043296 -0.9986449908 1.425547818 28.57445218 0.5 1
Intersection: 1236
1240 12 0.1923148466 0.02657657904 0.9809733356 11.91408394 18.08591606 0.5 1
Intersection: 1237
1241 2 0.6408832221 -0.3371651718 -0.6896291341 2.907056706 3.145745342 0.5 1
Intersection: 1238
1241 3 0.005459177026 -0.02352742624 0.9997082863 12.9026073 17.0973927 0.5 1
Intersection: 1239
1241 7 0.1218514069 -0.875592906 0.4674283877 2.76937035 17.82172705 0.5 1
Intersection: 1240
1241 7 0.2947703714 0.452623673 -0.8415712915 0.9404428803 29.05955712 0.5 2
Intersection: 1241
1241 9 0.1218514069 -0.875592906 0.4674283877 3.154434051 17.43666335 0.5 1
Intersection: 1242
1242 1 -0.204921976 0.5495543068 -0.8099364467 4.343526631 6.452950607 0.5 1
Intersection: 1243
1244 11 -0.06062371825 0.1715888793 0.9833015922 8.68973219 21.31026781 0.5 1
Intersection: 1244
1247 3 -0.9258789784 0.01402966654 0.3775596455 1.692699046 28.30730095 0.5 1
Intersection: 1245
1251 5 0.4583118656 -0.04164266867 0.8878153648 12.68562237 17.31437763 0.5 1
Intersection: 1246
1251 6 0.4583118656 -0.04164266867 0.8878153648 13.63610099 16.36389901 0.5 1
Intersection: 1247
1254 1 -0.734312341 -0.4482227909 -0.5097859507 6.401154691 23.59884531 0.5 1
Intersection: 1248
1255 11 0.05419437248 -0.15306965 -0.9867282565 7.870789058 22.12921094 0.5 1
Intersection: 1249
1257 9 -0.9536597196 0.2960840589 0.05354782155 2.51957761 8.803635524 0.5 1
Intersection: 1250
1261 12 -0.04383474938 -0.01841428236 0.998869075 3.307529188 25.73253958 0.5 1
Intersection: 1251
1264 4 -0.06026908983 0.2275389174 -0.9719020927 4.015230444 25.98476956 0.5 1
Intersection: 1252
1264 12 -0.4640417175 -0.5589791626 0.6871736172 3.117528391 11.08636042 0.5 1
Intersection: 1253
1266 2 -0.4434311984 0.1313549737 0.8866310637 5.651434254 21.27899485 0.5 1
Intersection: 1254
1266 2 -0.336707558 0.04714913753 0.940428083 5.233901651 24.76609835 0.5 2
Intersection: 1255
1266 5 -0.1918906133 0.08498748637 0.9777295739 11.12617782 18.87382218 0.5 1
Intersection: 1256
1268 9 0.5840894452 -0.463971239 -0.6660106676 2.356839404 27.6431606 0.5 1
Intersection: 1257
1270 3 -0.5775984809 0.7458266628 -0.3318472298 3.937633266 10.75586439 0.5 1
Intersection: 1258
1273 3 0.1105719309 0.0625868381 0.9918955267 0.3566128592 29.64338714 0.5 1
Intersection: 1259
1273 4 0.1105719309 0.0625868381 0.9918955267 1.11689674 28.88310326 0.5 1
Intersection: 1260
1273 10 -0.0506653036 0.0439555643 -0.9977479318 3.479184665 26.52081533 0.5 1
Intersection: 1261
1274 3 -0.9853194422 0.1120769713 0.1287802366 9.683195138 20.31680486 0.5 1
Intersection: 1262
1274 4 -0.9853194422 0.1120769713 0.1287802366 9.025824835 20.97417517 0.5 1
Intersection: 1263
1275 11 0.08194919974 -0.3427664793 0.9358394464 2.203064487 27.79693551 0.5 1
Intersection: 1264
1278 6 -0.9258789784 0.01402966654 0.3775596455 1.842254463 28.15774554 0.5 1
Intersection: 1265
1278 10 -0.9258789784 0.01402966654 0.3775596455 2.678881081 27.32111892 0.5 1
Intersection: 1266
1279 3 -0.9977607584 -0.04674538904 -0.04783657125 3.557228719 25.02156372 0.5 1
Intersection: 1267
1279 8 0.04124383054 0.145975815 -0.9884280489 13.79528623 16.20471377 0.5 1
Intersection: 1268
1279 8 0.9718318609 -0.151165704 0.1808086396 0.416129514 29.58387049 0.5 2
Intersection: 1269
1279 12 -0.9977607584 -0.04674538904 -0.04783657125 5.05817781 23.52061463 0.5 1
Intersection: 1270
1281 5 0.9767350369 -0.2094842904 0.045880276 12.37408592 17.62591408 0.5 1
Intersection: 1271
1281 11 0.09350681465 -0.1326110607 0.9867475777 7.103724858 22.89627514 0.5 1
Intersection: 1272
1282 3 -0.8505733115 0.1584189951 0.5014264291 1.840704421 13.41762014 0.5 1
Intersection: 1273
1282 5 -0.8505733115 0.1584189951 0.5014264291 1.527977759 13.7303468 0.5 1
Intersection: 1274
1282 6 -0.8505733115 0.1584189951 0.5014264291 0.8505588876 14.40776567 0.5 1
Intersection: 1275
1283 7 -0.01362219218 0.2881296848 -0.9574945016 11.74742234 18.25257766 0.5 1
Intersection: 1276
1283 9 -0.01362219218 0.2881296848 -0.9574945016 10.61789662 19.38210338 0.5 1
Intersection: 1277
1285 5 0.7757652267 -0.004373355624 -0.6310064871 9.118008954 20.88199105 0.5 1
Intersection: 1278
1285 7 -0.9853194422 0.1120769713 0.1287802366 2.664997754 27.33500225 0.5 1
Intersection: 1279
1285 9 -0.9853194422 0.1120769713 0.1287802366 1.528297069 28.47170293 0.5 1
Intersection: 1280
1286 5 0.8217151958 0.2893795171 0.4909619456 3.220765486 26.77923451 0.5 1
Intersection: 1281
1288 9 0.6708918191 0.08540499736 -0.7366207664 0.4054324392 16.45120408 0.5 1
Intersection: 1282
1289 8 0.05556358008 0.2904073515 0.9552885735 5.576304076 24.42369592 0.5 1
Intersection: 1283
1289 9 -0.9419847097 -0.2111715845 -0.2609049034 6.046661029 23.95333897 0.5 1
Intersection: 1284
1292 1 0.4602889928 0.2980665662 0.8362358311 13.87378681 16.12621319 0.5 1
Intersection: 1285
1293 8 -0.7604096099 0.6046339682 -0.2370548243 4.401362753 8.284204129 0.5 1
Intersection: 1286
1295 1 -0.159376463 0.06485631241 -0.9850851749 14.58280797 15.41719203 0.5 1
Intersection: 1287
1295 4 0.2636510875 -0.07094126437 0.9620059465 3.433156207 26.56684379 0.5 1
Intersection: 1288
1295 8 0.2636510875 -0.07094126437 0.9620059465 2.676630198 27.3233698 0.5 1
Intersection: 1289
1296 1 0.04659552186 -0.01667742241 -0.9987746097 0.03935832437 29.96064168 0.5 1
Intersection: 1290
1296 3 -0.3165138157 0.9473334754 0.0487677236 6.361980365 8.109208257 0.5 1
Intersection: 1291
1296 3 0.01070542592 0.04929690958 0.9987267938 8.869428364 21.13057164 0.5 2
Intersection: 1292
1296 9 0.04659552186 -0.01667742241 -0.9987746097 1.580425123 28.41957488 0.5 1
Intersection: 1293
1297 1 -0.2406210041 -0.150698063 -0.9588491155 4.491242377 25.50875762 0.5 1
Intersection: 1294
1300 10 0.2361877355 -0.9301653862 0.2810830979 1.984581286 19.30537256 0.5 1
Intersection: 1295
1301 3 0.4709731023 0.2319646536 0.8511032466 11.95790777 18.04209223 0.5 1
Intersection: 1296
1301 4 0.3608388969 -0.1970884163 0.9115653825 2.606918896 27.3930811 0.5 1
Intersection: 1297
1301 6 -0.08056732783 -0.412734875 0.9072810086 6.212700866 23.78729913 0.5 1
Intersection: 1298
1301 11 0.4709731023 0.2319646536 0.8511032466 10.34591833 19.65408167 0.5 1
Intersection: 1299
1302 3 -0.8513800967 0.1911964961 -0.4884627221 12.16000965 17.83999035 0.5 1
Intersection: 1300
1302 4 -0.4028605346 0.246935383 -0.8813207738 4.24107797 25.75892203 0.5 1
Intersection: 1301
1303 5 0.001958061974 -0.003563274062 0.9999917345 12.95598991 13.16888396 0.5 1
Intersection: 1302
1304 11 0.9337654602 -0.3560852797 -0.03585162334 14.8397841 15.1602159 0.5 1
Intersection: 1303
1305 6 0.01930622002 0.01713064464 -0.9996668499 0.6743466347 29.32565337 0.5 1
Intersection: 1304
1305 11 -0.1048989951 0.1736442753 0.9792057325 0.7076664436 29.29233356 0.5 1
Intersection: 1305
1311 4 0.09401340302 -0.7884112323 0.6079220418 4.749446194 5.34834441 0.5 1
Intersection: 1306
1313 2 -0.9191180379 -0.2388379799 -0.3133344088 5.185176501 24.8148235 0.5 1
Intersection: 1307
1313 4 0.2584744711 -0.6735200445 0.6925039332 6.271569771 13.75763201 0.5 1
Intersection: 1308
1314 6 0.008333494603 0.1916138992 -0.9814350037 0.2109661555 29.78903384 0.5 1
Intersection: 1309
1318 6 0.4533388018 0.7064987085 0.5434551552 2.693615833 21.67080774 0.5 1
Intersection: 1310
1319 10 -0.6364275165 0.1113978809 -0.7632499776 11.43561596 15.44178896 0.5 1
Intersection: 1311
1320 5 0.1262545607 -0.04148288559 -0.9911301409 8.900258535 21.09974146 0.5 1
Intersection: 1312
1321 6 0.06031934315 0.05118569822 -0.9968658892 3.066700872 26.93329913 0.5 1
Intersection: 1313
1325 11 0.01466726917 -0.05807328691 0.9982045705 5.067049917 24.93295008 0.5 1
Intersection: 1314
1327 1 0.6137567097 0.5118666246 0.6010784141 3.082795254 9.091622019 0.5 1
Intersection: 1315
1327 5 0.9609509139 0.2733608061 0.04297919072 0.1613216989 10.48127397 0.5 1
Intersection: 1316
1328 5 -0.7100270615 0.1109278279 -0.6953823329 5.376503493 24.62349651 0.5 1
Intersection: 1317
1331 6 -0.2298428797 0.6388418919 -0.7342024841 3.107603603 14.53873702 0.5 1
Intersection: 1318
1333 9 -0.4190651163 -0.7665600217 0.4865903426 2.984094989 21.36528948 0.5 1
Intersection: 1319
1336 4 -0.3424824684 -0.9094311215 0.2358830094 6.701445834 12.04415568 0.5 1
Intersection: 1320
1336 5 0.1408327255 0.09097990623 -0.9858442068 10.66871947 19.33128053 0.5 1
Intersection: 1321
1336 5 0.346286246 -0.7950656761 -0.4979522131 7.053513428 15.51015017 0.5 2
Intersection: 1322
1336 6 0.346286246 -0.7950656761 -0.4979522131 6.535661562 16.02800203 0.5 1
Intersection: 1323
1336 12 0.1408327255 0.09097990623 -0.9858442068 11.13574277 18.86425723 0.5 1
Intersection: 1324
1336 12 0.3904023439 -0.1709243799 -0.9046385279 10.21552959 19.78447041 0.5 2
Intersection: 1325
1339 3 -0.7721979731 -0.3227831476 -0.5472854191 2.034001923 27.96599808 0.5 1
Intersection: 1326
1339 11 0.04266206044 -0.009312221422 -0.9990461607 2.41725608 27.58274392 0.5 1
Intersection: 1327
1339 11 0.6370620658 -0.1078938396 0.76322398 10.30744302 19.69255698 0.5 2
Intersection: 1328
1339 12 -0.7721979731 -0.3227831476 -0.5472854191 2.102969021 27.89703098 0.5 1
Intersection: 1329
1340 4 -0.03944440697 -0.8744322775 0.4835414469 2.691486383 14.1026369 0.5 1
Intersection: 1330
1340 6 -0.03944440697 -0.8744322775 0.4835414469 1.473817366 15.32030592 0.5 1
Intersection: 1331
1344 4 -0.9977607584 -0.04674538904 -0.04783657125 2.954080271 25.62471217 0.5 1
Intersection: 1332
1347 12 0.2835710832 0.05626055677 -0.9572994258 11.73827024 18.26172976 0.5 1
Intersection: 1333
1348 3 -0.2417276403 -0.2435892035 0.939272084 5.567052685 15.94394038 0.5 1
Intersection: 1334
1348 10 0.4709152389 -0.8708525042 0.1409068972 1.74277702 10.81426606 0.5 1
Intersection: 1335
1352 7 -0.09450109675 0.1092708509 0.9895096886 5.234388406 24.76561159 0.5 1
Intersection: 1336
1352 8 -0.09450109675 0.1092708509 0.9895096886 4.102854556 25.89714544 0.5 1
Intersection: 1337
1360 6 -0.4729963981 0.7571827643 0.4504982451 3.405731385 20.23568369 0.5 1
Intersection: 1338
1364 1 0.9763390886 0.1730383069 -0.1296908954 14.53102574 15.46897426 0.5 1
Intersection: 1339
1364 5 -0.2874202408 -0.1810325502 -0.9405407067 8.214204629 21.78579537 0.5 1
Intersection: 1340
1367 1 -0.6598398202 -0.3902077446 0.64214432 10.5088838 17.80300791 0.5 1
Intersection: 1341
1367 6 -0.01324428172 0.009960516772 -0.9998626791 11.60243306 18.39756694 0.5 1
Intersection: 1342
1370 4 -0.004873312861 -0.06045823918 0.9981588311 3.093497057 26.90650294 0.5 1
Intersection: 1343
1370 7 -0.2832115733 0.1298698834 -0.9502236674 4.992645353 25.00735465 0.5 1
Intersection: 1344
1370 9 -0.2832115733 0.1298698834 -0.9502236674 3.579796918 26.42020308 0.5 1
Intersection: 1345
1370 11 0.008333494603 0.1916138992 -0.9814350037 7.210541142 22.78945886 0.5 1
Intersection: 1346
1372 2 -0.001075913647 0.0003212465362 -0.9999993696 13.5694667 16.4305333 0.5 1
Intersection: 1347
1372 8 -0.001075913647 0.0003212465362 -0.9999993696 14.61381982 15.38618018 0.5 1
Intersection: 1348
1373 5 -0.02832911784 0.03472967969 -0.9989951504 8.171281028 21.82871897 0.5 1
Intersection: 1349
1373 6 -0.02832911784 0.03472967969 -0.9989951504 7.971632121 22.02836788 0.5 1
Intersection: 1350
1373 10 -0.02832911784 0.03472967969 -0.9989951504 7.012398845 22.98760116 0.5 1
Intersection: 1351
1374 1 0.2127668301 -0.2475779655 0.9452171322 4.303792478 16.24861007 0.5 1
Intersection: 1352
1376 4 -0.313082541 0.1707125603 0.9342572153 2.647836725 27.35216327 0.5 1
Intersection: 1353
1380 9 0.1013187253 -0.9880167841 0.1164360352 1.459675614 11.28018227 0.5 1
Intersection: 1354
1381 8 -0.02547542986 0.01497460664 0.9995632865 5.981971468 24.01802853 0.5 1
Intersection: 1355
1382 11 -0.935135771 -0.2697483414 -0.2296887506 5.758498323 24.24150168 0.5 1
Intersection: 1356
1383 7 0.03510409315 0.04299297277 0.9984584653 0.6880653564 29.31193464 0.5 1
Intersection: 1357
1384 7 0.4141078528 0.6039616483 -0.6809882625 6.015999335 9.550802838 0.5 1
Intersection: 1358
1385 5 0.202860515 0.7739041151 -0.5999333564 1.073490178 4.844325887 0.5 1
Intersection: 1359
1385 11 -0.1955560093 0.05649174807 -0.9790641091 4.60966771 25.39033229 0.5 1
Intersection: 1360
1386 3 -0.01072806888 0.9468933228 0.3213688594 4.576354888 8.131138614 0.5 1
Intersection: 1361
1386 7 -0.8062234341 -0.3793973899 -0.4539398583 6.632327697 23.3676723 0.5 1
Intersection: 1362
1386 11 -0.8062234341 -0.3793973899 -0.4539398583 6.524661351 23.47533865 0.5 1
Intersection: 1363
1387 6 -0.8188956505 -0.06567719473 0.570172272 3.505213654 7.326678297 0.5 1
Intersection: 1364
1387 7 0.05623936538 0.2165112313 0.9746589252 1.197325375 10.45321448 0.5 1
Intersection: 1365
1387 10 -0.8188956505 -0.06567719473 0.570172272 3.26469343 7.567198521 0.5 1
Intersection: 1366
1387 11 0.05623936538 0.2165112313 0.9746589252 2.112078549 9.538461304 0.5 1
Intersection: 1367
1388 4 -0.2297224789 0.4027570635 -0.8860103445 5.442985702 24.5570143 0.5 1
Intersection: 1368
1388 5 0.005396212632 0.07990176573 -0.9967881363 3.273483931 26.72651607 0.5 1
Intersection: 1369
1388 6 0.2113667871 0.1224907943 -0.9697010295 13.4992222 16.5007778 0.5 1
Intersection: 1370
1388 10 0.2113667871 0.1224907943 -0.9697010295 14.45423606 15.54576394 0.5 1
Intersection: 1371
1388 12 -0.03775600773 -0.0610093396 0.9974228513 10.94620032 19.05379968 0.5 1
Intersection: 1372
1389 3 -0.8689098229 0.4945865317 0.01949057213 12.71533688 17.28466312 0.5 1
Intersection: 1373
1389 4 0.4409399281 0.3892542713 -0.8087354896 9.646101464 20.35389854 0.5 1
Intersection: 1374
1390 11 -0.1022563908 0.8154798662 0.5696808039 1.80154547 18.67828 0.5 1
Intersection: 1375
1390 11 0.5812621677 0.09512568174 0.8081369915 11.6967112 18.3032888 0.5 2
Intersection: 1376
1391 7 0.06274381182 0.5831635513 0.8099280749 13.35948499 16.64051501 0.5 1
Intersection: 1377
1392 6 -0.4434311984 0.1313549737 0.8866310637 12.78276404 14.14766506 0.5 1
Intersection: 1378
1394 2 -0.2988377096 0.2443803739 0.922482659 10.34083181 19.65916819 0.5 1
Intersection: 1379
1395 1 0.9718318609 -0.151165704 0.1808086396 7.576064795 22.4239352 0.5 1
Intersection: 1380
1395 4 -0.2957036859 -0.07903517501 -0.9520046067 8.037133389 21.96286661 0.5 1
Intersection: 1381
1395 8 -0.9977607584 -0.04674538904 -0.04783657125 9.241274879 19.33751756 0.5 1
Intersection: 1382
1398 7 -0.08082985514 0.1412798654 0.9866643473 1.697483252 28.30251675 0.5 1
Intersection: 1383
1398 9 -0.08082985514 0.1412798654 0.9866643473 2.457719278 27.54228072 0.5 1
Intersection: 1384
1401 11 0.05022118376 -0.2658375991 -0.9627087844 4.065972275 14.3795719 0.5 1
Intersection: 1385
1401 12 0.05022118376 -0.2658375991 -0.9627087844 3.180981037 15.26456313 0.5 1
Intersection: 1386
1402 4 0.9140388216 0.04699303606 -0.40289538 7.016571365 22.98342864 0.5 1
Intersection: 1387
1402 8 -0.1978531615 0.03564266174 0.9795834457 11.99499172 13.39100357 0.5 1
Intersection: 1388
1404 2 -0.6340491871 -0.2670800376 -0.7257064708 11.67405988 18.32594012 0.5 1
Intersection: 1389
1404 6 0.05767179781 0.02862168422 0.9979252291 10.67433668 19.32566332 0.5 1
Intersection: 1390
1404 6 0.8967073829 -0.01893379239 0.4422187027 10.52451561 19.47548439 0.5 2
Intersection: 1391
1404 11 0.7761443644 0.5246163941 0.3498250487 2.364923895 15.21682842 0.5 1
Intersection: 1392
1406 6 0.05657783725 -0.03595932301 0.9977504074 1.198791925 28.80120808 0.5 1
Intersection: 1393
1407 12 0.7474215604 -0.1736376787 0.6412573333 0.7729374691 29.22706253 0.5 1
Intersection: 1394
1408 1 -0.0506653036 0.0439555643 -0.9977479318 9.857479241 20.14252076 0.5 1
Intersection: 1395
1408 1 0.3641397501 -0.2472946131 -0.8979129227 7.289398588 22.71060141 0.5 2
Intersection: 1396
1411 8 0.952688449 0.2051208277 0.2242992758 9.818974459 20.18102554 0.5 1
Intersection: 1397
1412 3 0.4734539625 0.7217740901 0.5048598897 1.470024416 6.006494193 0.5 1
Intersection: 1398
1412 4 -0.1135452355 0.537780067 0.8354041411 4.329385491 8.416671159 0.5 1
Intersection: 1399
1412 10 -0.6606346631 0.6079396471 0.4404216472 4.22137211 25.77862789 0.5 1
Intersection: 1400
1413 1 -0.1246452869 -0.02831743479 0.9917971947 5.059674113 23.85706092 0.5 1
Intersection: 1401
1413 4 0.8004473307 -0.582534454 -0.1412008522 9.452929439 20.54707056 0.5 1
Intersection: 1402
1413 6 0.2843969336 -0.511981045 -0.8105515368 2.212096468 20.97602351 0.5 1
Intersection: 1403
1413 9 -0.1246452869 -0.02831743479 0.9917971947 6.651960483 22.26477455 0.5 1
Intersection: 1404
1415 12 -0.6901586843 0.2900002868 -0.6630089171 12.53086909 17.46913091 0.5 1
Intersection: 1405
1418 3 -0.269972217 -0.04969581347 0.9615848003 6.30143741 23.69856259 0.5 1
Intersection: 1406
1419 3 0.4783278889 0.06746350224 -0.8755861503 6.432175847 18.54003619 0.5 1
Intersection: 1407
1420 3 -0.2289000305 -0.6075014308 0.7606226316 6.848296246 22.46458613 0.5 1
Intersection: 1408
1420 5 -0.2289000305 -0.6075014308 0.7606226316 5.092852609 24.22002977 0.5 1
Intersection: 1409
1420 7 0.1775828746 0.03877044791 -0.9833418404 6.833694924 23.16630508 0.5 1
Intersection: 1410
1421 12 -0.1182455039 -0.09155704734 0.9887544224 6.288338691 23.71166131 0.5 1
Intersection: 1411
1422 6 -0.2127923477 -0.04876633042 0.9758797374 11.14679436 18.85320564 0.5 1
Intersection: 1412
1422 12 -0.1191901236 0.2860048358 -0.9507864893 13.97254888 16.02745112 0.5 1
Intersection: 1413
1423 12 -0.2832072581 -0.5480251719 0.787059121 10.53306901 19.46693099 0.5 1
Intersection: 1414
1424 3 0.1280776288 -0.08916732531 0.9877475938 5.376463472 24.62353653 0.5 1
Intersection: 1415
1425 8 -0.1859068835 -0.2078432976 0.9603331684 0.3194844168 12.86531688 0.5 1
Intersection: 1416
1425 10 -0.1859068835 -0.2078432976 0.9603331684 1.203350317 11.98145098 0.5 1
Intersection: 1417
1427 5 0.4583118656 -0.04164266867 0.8878153648 7.087287894 22.91271211 0.5 1
Intersection: 1418
1428 7 -0.7003963615 0.08986292701 0.7080745661 2.717883669 27.28211633 0.5 1
Intersection: 1419
1428 9 -0.7003963615 0.08986292701 0.7080745661 4.076725923 25.92327408 0.5 1
Intersection: 1420
1430 3 0.5985305306 0.3553667924 -0.7179663271 0.2726411251 16.0182692 0.5 1
Intersection: 1421
1430 5 0.04272576103 0.6042565577 -0.795643464 11.18977751 12.07971881 0.5 1
Intersection: 1422
1430 8 -0.5740877984 0.4905980565 0.6555430929 7.711367683 20.70839065 0.5 1
Intersection: 1423
1431 2 -0.05068276355 -0.05020307083 -0.997452209 8.525564141 21.47443586 0.5 1
Intersection: 1424
1431 3 -0.01347769453 0.07804916893 0.9968584047 4.508898869 25.49110113 0.5 1
Intersection: 1425
1434 6 0.1694857392 -0.164017944 -0.971788402 10.88737849 19.11262151 0.5 1
Intersection: 1426
1435 12 -0.2010846651 -0.9540852482 0.2220051725 0.3609956758 15.92353265 0.5 1
Intersection: 1427
1436 2 0.3151231191 0.5245573973 -0.7909089434 2.64449811 10.82488697 0.5 1
Intersection: 1428
1436 3 0.3151231191 0.5245573973 -0.7909089434 4.189494335 9.27989074 0.5 1
Intersection: 1429
1436 4 0.3151231191 0.5245573973 -0.7909089434 3.64668798 9.822697095 0.5 1
Intersection: 1430
1437 8 0.6457789285 -0.1291400202 -0.75252404 3.922565288 26.07743471 0.5 1
Intersection: 1431
1439 2 0.4318041576 -0.7375433231 -0.5192061402 0.987080483 23.76884253 0.5 1
Intersection: 1432
1439 5 0.4318041576 -0.7375433231 -0.5192061402 2.733596802 22.02232621 0.5 1
Intersection: 1433
1441 1 -0.2952982697 -0.2261247221 -0.9282599539 5.079187002 19.24428599 0.5 1
Intersection: 1434
1441 1 -0.09761757321 -0.36900067 -0.9242885453 5.280136822 16.13228834 0.5 2
Intersection: 1435
1442 1 0.3998104171 -0.4183022734 0.8155825148 0.7477815586 29.25221844 0.5 1
Intersection: 1436
1443 8 0.7986750685 -0.1348940213 0.5864484103 7.670657509 20.76023061 0.5 1
Intersection: 1437
1443 11 -0.1784070739 0.216594163 0.9598217983 11.41500015 12.95339732 0.5 1
Intersection: 1438
1447 7 0.6735842853 -0.2205548127 0.7054358831 0.3151354078 26.32834855 0.5 1
Intersection: 1439
1447 9 0.6735842853 -0.2205548127 0.7054358831 1.750505227 24.89297873 0.5 1
Intersection: 1440
1449 10 -0.6901586843 0.2900002868 -0.6630089171 3.359486983 26.64051302 0.5 1
Intersection: 1441
1450 12 0.9650327034 -0.0624681525 0.254577319 10.76934709 19.23065291 0.5 1
Intersection: 1442
1451 2 0.7550561621 0.4882738402 0.4375829624 2.624441923 2.708528679 0.5 1
Intersection: 1443
1452 7 0.0266720945 0.05373902321 -0.9981987361 9.922290165 20.07770983 0.5 1
Intersection: 1444
1452 11 0.5658591763 -0.2079311903 0.7978521246 8.11227832 21.88772168 0.5 1
Intersection: 1445
1454 2 0.3721240227 0.1437010835 0.9169916632 5.003441709 24.42948721 0.5 1
Intersection: 1446
1454 8 0.3721240227 0.1437010835 0.9169916632 4.099805764 25.33312316 0.5 1
Intersection: 1447
1456 3 0.3924665828 -0.3755993287 -0.8395803271 10.51079225 19.48920775 0.5 1
Intersection: 1448
1456 11 0.3924665828 -0.3755993287 -0.8395803271 13.43128703 16.56871297 0.5 1
Intersection: 1449
1458 12 -0.6003472452 -0.2608263167 0.7560111227 8.099398387 21.90060161 0.5 1
Intersection: 1450
1459 1 -0.9787609721 -0.1698828563 -0.1147465673 12.19484981 17.80515019 0.5 1
Intersection: 1451
1462 2 0.6252532215 -0.529549314 -0.5732677673 0.93341627 11.53522482 0.5 1
Intersection: 1452
1462 4 -0.1442836686 -0.1007696353 -0.9843920477 10.0398302 12.32826909 0.5 1
Intersection: 1453
1462 7 0.6252532215 -0.529549314 -0.5732677673 2.676606176 9.792034909 0.5 1
Intersection: 1454
1462 8 0.6252532215 -0.529549314 -0.5732677673 1.930691179 10.53794991 0.5 1
Intersection: 1455
1465 4 0.2612985397 -0.04705704223 0.9641103194 7.839336132 17.43263597 0.5 1
Intersection: 1456
1465 12 0.2612985397 -0.04705704223 0.9641103194 7.569370896 17.7026012 0.5 1
Intersection: 1457
1469 5 -0.03108618318 0.2359668004 -0.9712637738 9.025381566 20.97461843 0.5 1
Intersection: 1458
1469 12 -0.09340597983 0.08394769797 -0.9920827117 6.656996875 23.34300313 0.5 1
Intersection: 1459
1470 11 -0.3270639952 0.2797794163 -0.9026364835 7.121674553 15.23429341 0.5 1
Intersection: 1460
1471 9 -0.1758036084 -0.5189478664 0.8365322488 3.275270923 24.17515766 0.5 1
Intersection: 1461
1472 9 -0.313082541 0.1707125603 0.9342572153 14.51430522 15.48569478 0.5 1
Intersection: 1462
1473 8 0.404563394 -0.4909896731 -0.771529391 4.353465878 6.534363694 0.5 1
Intersection: 1463
1475 4 -0.602576441 0.4038470493 0.6883379937 1.414245437 28.58575456 0.5 1
Intersection: 1464
1479 4 -0.441788858 -0.05794430895 0.895245811 9.700790068 20.29920993 0.5 1
Intersection: 1465
1479 11 -0.441788858 -0.05794430895 0.895245811 8.70417827 21.29582173 0.5 1
Intersection: 1466
1483 5 -0.1375956779 0.126453086 0.9823833501 8.828152281 21.17184772 0.5 1
Intersection: 1467
1483 10 -0.1375956779 0.126453086 0.9823833501 10.62885599 19.37114401 0.5 1
Intersection: 1468
1485 2 0.0188954547 0.03605986487 0.9991709803 10.95901984 19.04098016 0.5 1
Intersection: 1469
1486 5 0.7757652267 -0.004373355624 -0.6310064871 4.004309204 25.9956908 0.5 1
Intersection: 1470
1486 7 -0.4028605346 0.246935383 -0.8813207738 1.554479886 28.44552011 0.5 1
Intersection: 1471
1486 11 -0.4028605346 0.246935383 -0.8813207738 1.587906086 28.41209391 0.5 1
Intersection: 1472
1488 7 0.1129634494 -0.9472962524 0.2997817028 0.6550420277 19.97849614 0.5 1
Intersection: 1473
1488 11 0.1129634494 -0.9472962524 0.2997817028 1.533752876 19.0997853 0.5 1
Intersection: 1474
1489 9 -0.04138947229 -0.2878029785 0.9567948354 13.13220366 16.86779634 0.5 1
Intersection: 1475
1492 3 -0.279000496 0.9546573673 0.1038654627 2.359641977 3.882347932 0.5 1
Intersection: 1476
1492 3 -0.03606971792 0.5200051253 0.8534012216 4.325317878 9.484861144 0.5 2
Intersection: 1477
1492 12 -0.03606971792 0.5200051253 0.8534012216 5.318875364 8.491303658 0.5 1
Intersection: 1478
1493 2 0.24150044 -0.1356343695 -0.9608750467 0.07055918115 3.345843081 0.5 1
Intersection: 1479
1495 4 0.1939856019 0.0202459098 -0.9807954371 12.54999406 17.45000594 0.5 1
Intersection: 1480
1495 10 -0.2678709725 -0.0445472253 -0.9624243798 6.958238446 23.04176155 0.5 1
Intersection: 1481
1495 10 -0.2550399622 0.3000707068 0.9191910512 4.669395735 25.33060426 0.5 2
Intersection: 1482
1497 2 -0.4028605346 0.246935383 -0.8813207738 12.67815802 17.32184198 0.5 1
Intersection: 1483
1499 10 -0.4370580376 0.6912670795 -0.5754390468 2.448400655 8.097787751 0.5 1
Intersection: 1484
1500 6 0.08353447892 0.06678040928 0.9942647373 0.365819274 29.63418073 0.5 1
Intersection: 1485
1501 1 -0.6606346631 0.6079396471 0.4404216472 1.123688781 28.87631122 0.5 1
Intersection: 1486
1502 5 -0.9158857285 -0.3019546203 -0.2645311693 8.927056543 21.07294346 0.5 1
Intersection: 1487
1503 9 0.7757652267 -0.004373355624 -0.6310064871 3.036675298 26.9633247 0.5 1
Intersection: 1488
1503 10 0.1923148466 0.02657657904 0.9809733356 7.065410216 22.93458978 0.5 1
Intersection: 1489
1503 10 0.7757652267 -0.004373355624 -0.6310064871 2.544234279 27.45576572 0.5 2
Intersection: 1490
1506 7 -0.004873312861 -0.06045823918 0.9981588311 14.26229588 15.73770412 0.5 1
Intersection: 1491
1506 11 -0.5427228143 0.3656351209 0.7561500547 11.75448727 18.24551273 0.5 1
Intersection: 1492
1508 11 0.3585167581 0.1926953814 -0.9134189752 7.6844276 22.3155724 0.5 1
Intersection: 1493
1509 5 0.2606939239 0.7548262022 0.6018937469 8.216637291 13.43318462 0.5 1
Intersection: 1494
1509 11 -0.07805119202 0.02206008196 -0.9967052544 7.442309114 22.55769089 0.5 1
Intersection: 1495
1509 12 -0.07805119202 0.02206008196 -0.9967052544 7.645863661 22.35413634 0.5 1
Intersection: 1496
1513 7 0.03565423407 0.04163283111 0.9984966114 8.946594442 21.05340556 0.5 1
Intersection: 1497
1519 9 0.7796998611 0.2731841429 -0.5634168534 2.005734029 27.99426597 0.5 1
Intersection: 1498
1521 1 -0.3620479174 0.9313901277 0.03786470017 2.879427481 12.71639901 0.5 1
Intersection: 1499
1521 2 -0.3620479174 0.9313901277 0.03786470017 3.140494473 12.45533202 0.5 1
Intersection: 1500
1521 11 0.317180288 -0.4384602992 -0.8409216557 4.371014507 25.62898549 0.5 1
Intersection: 1501
1522 3 -0.862123667 -0.3667185267 -0.3496574108 1.254002979 28.74599702 0.5 1
Intersection: 1502
1523 3 0.4240639364 0.8541132551 0.3010985309 3.785957307 13.01849982 0.5 1
Intersection: 1503
1523 5 0.8004473307 -0.582534454 -0.1412008522 4.721725567 25.27827443 0.5 1
Intersection: 1504
1526 4 0.3956913846 0.8754154052 0.2776260011 8.327373211 13.4866954 0.5 1
Intersection: 1505
1526 11 0.4555365426 -0.2986631776 -0.8386219438 12.81776387 17.18223613 0.5 1
Intersection: 1506
1527 7 0.923874732 -0.3804849419 0.04106931424 12.24473021 17.75526979 0.5 1
Intersection: 1507
1527 8 0.6332285417 0.03433332592 0.7732029726 2.43740345 27.56259655 0.5 1
Intersection: 1508
1528 7 -0.8629694759 -0.4421574946 0.2445003756 0.6138289221 1.112124156 0.5 1
Intersection: 1509
1533 9 -0.09840346532 0.9296745082 -0.3549958687 3.432067269 11.76465761 0.5 1
Intersection: 1510
1536 4 -0.1996064528 0.134577965 0.9705905601 1.25654273 28.74345727 0.5 1
Intersection: 1511
1536 9 0.5510591017 0.8085585164 -0.2063176968 1.545487229 5.320933438 0.5 1
Intersection: 1512
1536 11 0.5510591017 0.8085585164 -0.2063176968 0.2324793926 6.633941274 0.5 1
Intersection: 1513
1539 5 0.5271179444 -0.8141662599 -0.243474791 3.86731763 18.60149924 0.5 1
Intersection: 1514
1540 1 0.6457789285 -0.1291400202 -0.75252404 8.00371076 21.99628924 0.5 1
Intersection: 1515
1540 6 -0.09618725811 0.1694000005 -0.9808423172 10.00356516 19.99643484 0.5 1
Intersection: 1516
1540 10 0.6457789285 -0.1291400202 -0.75252404 9.382795681 20.61720432 0.5 1
Intersection: 1517
1543 4 -0.4190651163 -0.7665600217 0.4865903426 7.790655642 16.55872882 0.5 1
Intersection: 1518
1545 8 -0.9419847097 -0.2111715845 -0.2609049034 8.596974818 21.40302518 0.5 1
Intersection: 1519
1546 1 0.05419437248 -0.15306965 -0.9867282565 4.458497623 25.54150238 0.5 1
Intersection: 1520
1546 6 -0.2645238833 -0.5350812809 0.8023186013 6.430510221 23.56948978 0.5 1
Intersection: 1521
1547 2 -0.6340491871 -0.2670800376 -0.7257064708 0.9775995283 29.02240047 0.5 1
Intersection: 1522
1547 3 0.6058506063 0.4195796864 -0.6759422532 3.604345773 21.24432218 0.5 1
Intersection: 1523
1547 12 0.6058506063 0.4195796864 -0.6759422532 2.810252614 22.03841534 0.5 1
Intersection: 1524
1548 1 0.02606156785 -0.0520784673 -0.9983028738 4.310588084 25.68941192 0.5 1
Intersection: 1525
1548 4 0.9775661816 0.1188786969 -0.1738741384 13.08032851 16.91967149 0.5 1
Intersection: 1526
1548 5 0.04115225386 0.1696077661 -0.9846520693 11.38326809 18.61673191 0.5 1
Intersection: 1527
1548 8 0.9775661816 0.1188786969 -0.1738741384 13.51365468 16.48634532 0.5 1
Intersection: 1528
1548 10 0.9775661816 0.1188786969 -0.1738741384 12.22746215 17.77253785 0.5 1
Intersection: 1529
1548 11 0.04115225386 0.1696077661 -0.9846520693 13.83659573 16.16340427 0.5 1
Intersection: 1530
1552 4 -0.1299545142 -0.005228906568 0.9915061688 6.378091809 8.979483996 0.5 1
Intersection: 1531
1552 8 -0.1299545142 -0.005228906568 0.9915061688 5.674144818 9.683430988 0.5 1
Intersection: 1532
1554 4 -0.8778659632 0.375696797 -0.296990349 10.68126422 19.31873578 0.5 1
Intersection: 1533
1555 7 0.7725992587 -0.5952342613 -0.2208767975 14.3429969 15.6570031 0.5 1
Intersection: 1534
1555 8 0.7725992587 -0.5952342613 -0.2208767975 14.67030958 15.32969042 0.5 1
Intersection: 1535
1555 9 0.7725992587 -0.5952342613 -0.2208767975 13.55954039 16.44045961 0.5 1
Intersection: 1536
1556 12 0.2819155279 0.1675827722 0.94469024 9.041753926 20.95824607 0.5 1
Intersection: 1537
1559 5 0.2122363897 0.8980769325 -0.385244777 4.163061383 13.86552148 0.5 1
Intersection: 1538
1560 9 -0.4903420866 0.1522520652 -0.8581281645 3.510757366 26.48924263 0.5 1
Intersection: 1539
1560 12 -0.2134760794 -0.1377188088 0.9671925833 13.03444846 16.00133424 0.5 1
Intersection: 1540
1561 4 -0.08287870961 0.009743453779 -0.9965120093 13.15509254 16.84490746 0.5 1
Intersection: 1541
1561 4 0.09487320303 -0.8370074284 -0.5389041104 7.300044489 15.85295148 0.5 2
Intersection: 1542
1561 5 0.9492624892 0.1871781201 -0.2527154091 9.069790607 20.93020939 0.5 1
Intersection: 1543
1564 11 -0.4458992172 -0.7294911168 -0.5186681006 10.17553259 14.89024944 0.5 1
Intersection: 1544
1566 1 0.9866689856 0.01937839487 -0.1615821485 0.1986002868 14.17081611 0.5 1
Intersection: 1545
1566 2 0.9866689856 0.01937839487 -0.1615821485 0.8334924783 13.53592392 0.5 1
Intersection: 1546
1567 2 -0.9053993944 -0.3193232033 -0.2797939036 1.075133211 28.92486679 0.5 1
Intersection: 1547
1570 9 -0.1608469948 -0.3962086646 0.9039618014 7.566460587 22.43353941 0.5 1
Intersection: 1548
1571 5 0.8256309521 -0.3133743192 -0.4691802074 6.706394682 23.29360532 0.5 1
Intersection: 1549
1571 11 0.8256309521 -0.3133743192 -0.4691802074 4.739109308 25.26089069 0.5 1
Intersection: 1550
1571 12 -0.3270639952 0.2797794163 -0.9026364835 4.227996617 18.12797135 0.5 1
Intersection: 1551
1572 8 0.02323805035 0.1126955289 0.993357796 3.453101437 26.54689856 0.5 1
Intersection: 1552
1572 8 0.1337307127 -0.02063193654 0.9908029167 11.9863001 18.0136999 0.5 2
Intersection: 1553
1573 1 -0.8513800967 0.1911964961 -0.4884627221 2.440994283 27.55900572 0.5 1
Intersection: 1554
1575 7 0.1752371289 0.1328564841 0.9755209394 14.19650898 15.80349102 0.5 1
Intersection: 1555
1578 2 -0.7813628473 -0.3065233343 -0.5436134162 0.1374573776 5.014078261 0.5 1
Intersection: 1556
1580 11 0.0266720945 0.05373902321 -0.9981987361 0.5687438018 29.4312562 0.5 1
Intersection: 1557
1580 12 0.0266720945 0.05373902321 -0.9981987361 1.733465637 28.26653436 0.5 1
Intersection: 1558
1581 4 0.3656022422 -0.3893303027 0.8454329754 1.593123909 28.40687609 0.5 1
Intersection: 1559
1583 2 0.0188954547 0.03605986487 0.9991709803 6.372375966 23.62762403 0.5 1
Intersection: 1560
1584 11 -0.9833264392 -0.1600279855 -0.08637220549 6.531127447 23.46887255 0.5 1
Intersection: 1561
1584 12 0.9014012983 0.1794906501 0.3940289405 1.088050596 28.9119494 0.5 1
Intersection: 1562
1586 7 0.6332285417 0.03433332592 0.7732029726 8.604851848 21.39514815 0.5 1
Intersection: 1563
1586 9 0.7013766626 0.1734571665 -0.6913634273 9.11579597 20.88420403 0.5 1
Intersection: 1564
1590 8 -0.4851144539 -0.2154555604 -0.847492105 2.84701779 12.02944908 0.5 1
Intersection: 1565
1591 11 0.04517087364 0.4089709243 -0.9114287549 6.471197724 23.52880228 0.5 1
Intersection: 1566
1592 11 -0.1471469216 0.2897753953 -0.945715604 7.877915525 12.60005004 0.5 1
Intersection: 1567
1596 1 -0.7013394162 -0.1696261676 -0.6923510573 8.46154506 21.53845494 0.5 1
Intersection: 1568
1596 2 0.5554491251 -0.3676910721 0.7458415012 14.46307235 15.53692765 0.5 1
Intersection: 1569
1596 3 -0.6598398202 -0.3902077446 0.64214432 0.7977786728 27.51411303 0.5 1
Intersection: 1570
1596 7 -0.7013394162 -0.1696261676 -0.6923510573 6.335104441 23.66489556 0.5 1
Intersection: 1571
1596 7 0.5554491251 -0.3676910721 0.7458415012 13.69116537 16.30883463 0.5 2
Intersection: 1572
1596 9 0.2636510875 -0.07094126437 0.9620059465 10.73564611 19.26435389 0.5 1
Intersection: 1573
1596 10 0.2636510875 -0.07094126437 0.9620059465 11.28827426 18.71172574 0.5 1
Intersection: 1574
1596 11 -0.6598398202 -0.3902077446 0.64214432 1.100271165 27.21162054 0.5 1
Intersection: 1575
1599 1 -0.1936631449 0.485502626 0.8525149773 4.896855114 19.67196508 0.5 1
Intersection: 1576
1599 6 0.9775661816 0.1188786969 -0.1738741384 8.819091043 21.18090896 0.5 1
Intersection: 1577
1601 9 -0.2645238833 -0.5350812809 0.8023186013 11.33228048 18.66771952 0.5 1
Intersection: 1578
1604 2 -0.45473084 0.7574719375 -0.4684614466 3.646588166 6.943751847 0.5 1
Intersection: 1579
1604 10 -0.45473084 0.7574719375 -0.4684614466 3.862821918 6.727518095 0.5 1
Intersection: 1580
1605 8 0.7331299562 -0.3539424537 -0.5807281695 2.971219273 3.4313127 0.5 1
Intersection: 1581
1605 11 0.7331299562 -0.3539424537 -0.5807281695 2.18467369 4.217858283 0.5 1
Intersection: 1582
1607 7 0.1724409683 0.3603728039 -0.9167309063 10.25410581 11.9687863 0.5 1
Intersection: 1583
1607 8 0.1724409683 0.3603728039 -0.9167309063 9.208673174 13.01421893 0.5 1
Intersection: 1584
1607 8 0.9014012983 0.1794906501 0.3940289405 10.88228085 19.11771915 0.5 2
Intersection: 1585
1611 8 -0.7924659044 0.1250654796 -0.5969559583 0.3961751614 3.727655702 0.5 1
Intersection: 1586
1612 10 -0.3922750999 0.1590761526 -0.9059884236 6.884492507 23.11550749 0.5 1
Intersection: 1587
1613 2 -0.3646785124 0.838276417 -0.4053421164 1.553402171 21.89480564 0.5 1
Intersection: 1588
1613 3 -0.3646785124 0.838276417 -0.4053421164 2.407757679 21.04045013 0.5 1
Intersection: 1589
1615 2 -0.2985792332 0.3446126557 -0.8899958197 0.6664135999 29.3335864 0.5 1
Intersection: 1590
1615 4 0.8004473307 -0.582534454 -0.1412008522 10.59354751 19.40645249 0.5 1
Intersection: 1591
1615 8 -0.8551538247 0.513462963 0.0711879316 4.891749016 24.43778001 0.5 1
Intersection: 1592
1616 11 0.05743218163 0.3879561014 0.9198867365 14.22007231 15.77992769 0.5 1
Intersection: 1593
1618 4 -0.6661913877 0.340401197 0.6635631545 8.315755047 21.68424495 0.5 1
Intersection: 1594
1624 4 0.8692917593 0.4569138569 0.1885777415 4.477693175 7.437232821 0.5 1
Intersection: 1595
1624 11 0.2489360091 0.629447029 -0.7360891936 5.849876592 7.409503331 0.5 1
Intersection: 1596
1625 3 -0.3229518594 -0.1483222277 0.9347206071 2.796195575 7.473672087 0.5 1
Intersection: 1597
1626 1 0.393126034 -0.6970788269 0.5996107324 0.5595136174 27.19795671 0.5 1
Intersection: 1598
1626 9 0.7640075781 -0.4258325078 -0.4847257945 9.011679934 20.98832007 0.5 1
Intersection: 1599
1627 6 -0.02832911784 0.03472967969 -0.9989951504 5.09414881 24.90585119 0.5 1
Intersection: 1600
1627 10 -0.02832911784 0.03472967969 -0.9989951504 4.052338184 25.94766182 0.5 1
Intersection: 1601
1629 9 0.4883282414 -0.06505142849 0.8702320612 8.809423263 10.85371523 0.5 1
Intersection: 1602
1631 4 -0.8551538247 0.513462963 0.0711879316 12.4438858 16.88564322 0.5 1
Intersection: 1603
1631 10 -0.4742024269 -0.09265047372 0.87552724 1.865178532 2.918921357 0.5 1
Intersection: 1604
1632 3 0.001958061974 -0.003563274062 0.9999917345 10.15635408 15.96851979 0.5 1
Intersection: 1605
1632 4 0.001958061974 -0.003563274062 0.9999917345 8.864596788 17.26027708 0.5 1
Intersection: 1606
1632 7 -0.9536597196 0.2960840589 0.05354782155 4.223400404 7.099812731 0.5 1
Intersection: 1607
1632 8 0.001958061974 -0.003563274062 0.9999917345 7.57491766 18.54995621 0.5 1
Intersection: 1608
1632 8 0.2741634462 0.3455280631 -0.8974657444 11.70582948 18.29417052 0.5 2
Intersection: 1609
1632 9 0.2771756678 0.03562983819 -0.9601584056 13.40893157 16.59106843 0.5 1
Intersection: 1610
1633 5 0.5070078076 0.004508710487 0.8619296691 0.1972392099 29.80276079 0.5 1
Intersection: 1611
1633 6 0.5070078076 0.004508710487 0.8619296691 1.490244167 28.50975583 0.5 1
Intersection: 1612
1633 11 0.520944786 -0.5375697182 0.6630500193 0.9882831646 5.389088431 0.5 1
Intersection: 1613
1636 6 -0.5565033203 0.6999583034 -0.4476186189 1.647058864 12.35925195 0.5 1
Intersection: 1614
1637 3 0.6408832221 -0.3371651718 -0.6896291341 2.166535891 3.886266157 0.5 1
Intersection: 1615
1637 11 0.4583118656 -0.04164266867 0.8878153648 4.070275812 25.92972419 0.5 1
Intersection: 1616
1637 12 0.4583118656 -0.04164266867 0.8878153648 2.716079382 27.28392062 0.5 1
Intersection: 1617
1639 3 -0.06026908983 0.2275389174 -0.9719020927 12.47445005 17.52554995 0.5 1
Intersection: 1618
1639 7 -0.06026908983 0.2275389174 -0.9719020927 14.82826787 15.17173213 0.5 1
Intersection: 1619
1639 7 0.9258832729 -0.2418812351 0.2902303105 8.921237153 21.07876285 0.5 2
Intersection: 1620
1639 9 -0.7721979731 -0.3227831476 -0.5472854191 7.068239597 22.9317604 0.5 1
Intersection: 1621
1639 10 0.9258832729 -0.2418812351 0.2902303105 10.277739 19.722261 0.5 1
Intersection: 1622
1639 12 -0.06026908983 0.2275389174 -0.9719020927 13.75169535 16.24830465 0.5 1
Intersection: 1623
1642 2 0.005459177026 -0.02352742624 0.9997082863 10.94919352 19.05080648 0.5 1
Intersection: 1624
1643 3 -0.5579822955 -0.5589670108 -0.6133609367 5.461533948 12.6258934 0.5 1
Intersection: 1625
1647 4 0.04037665897 -0.01268226887 -0.9991040414 13.63513724 16.36486276 0.5 1
Intersection: 1626
1648 3 0.7796998611 0.2731841429 -0.5634168534 14.14530298 15.85469702 0.5 1
Intersection: 1627
1648 5 0.7796998611 0.2731841429 -0.5634168534 13.28012095 16.71987905 0.5 1
Intersection: 1628
1648 9 -0.1048989951 0.1736442753 0.9792057325 7.501991924 22.49800808 0.5 1
Intersection: 1629
1653 7 -0.146301138 -0.0772567023 -0.9862187277 13.63553424 16.36446576 0.5 1
Intersection: 1630
1656 4 -0.01604328325 0.0421814676 -0.9989811494 2.989688286 27.01031171 0.5 1
Intersection: 1631
1656 7 -0.5686216749 0.1693373609 -0.8049808998 3.287001136 26.71299886 0.5 1
Intersection: 1632
1660 5 0.4558862562 -0.7767639153 0.4345175961 8.070183002 12.99010249 0.5 1
Intersection: 1633
1660 6 0.1129634494 -0.9472962524 0.2997817028 8.098498115 12.53504006 0.5 1
Intersection: 1634
1661 11 -0.01362219218 0.2881296848 -0.9574945016 1.599896703 28.4001033 0.5 1
Intersection: 1635
1663 7 -0.03108618318 0.2359668004 -0.9712637738 8.02686127 21.97313873 0.5 1
Intersection: 1636
1663 12 0.04659552186 -0.01667742241 -0.9987746097 14.74888197 15.25111803 0.5 1
Intersection: 1637
1664 5 -0.8778659632 0.375696797 -0.296990349 0.6592946085 29.34070539 0.5 1
Intersection: 1638
1665 6 0.3680570292 -0.1306519685 -0.9205781262 1.341625324 28.65837468 0.5 1
Intersection: 1639
1665 9 0.3680570292 -0.1306519685 -0.9205781262 0.07140388195 29.92859612 0.5 1
Intersection: 1640
1665 10 0.3680570292 -0.1306519685 -0.9205781262 0.481700556 29.51829944 0.5 1
Intersection: 1641
1665 12 0.7171995028 0.1409949117 0.6824553524 6.719737962 16.46674572 0.5 1
Intersection: 1642
1666 2 -0.6003472452 -0.2608263167 0.7560111227 0.7078754094 29.29212459 0.5 1
Intersection: 1643
1666 6 0.8643455088 -0.4389902232 -0.2453455224 3.654341362 8.540820179 0.5 1
Intersection: 1644
1671 6 0.2819155279 0.1675827722 0.94469024 5.103531882 24.89646812 0.5 1
Intersection: 1645
1671 8 0.3178023467 -0.1606346582 -0.9344507344 2.392954144 27.31600477 0.5 1
Intersection: 1646
1675 7 -0.07489171757 0.4456725308 -0.8920578602 4.343865572 17.99533854 0.5 1
Intersection: 1647
1678 11 -0.3480298315 -0.1747605905 -0.9210504722 11.74940844 18.25059156 0.5 1
Intersection: 1648
1681 3 0.0462421476 -0.3557136352 -0.9334503059 1.815919676 28.18408032 0.5 1
Intersection: 1649
1683 11 0.6119883709 0.3296685425 0.7188803002 9.324078378 20.67592162 0.5 1
Intersection: 1650
1683 12 0.6119883709 0.3296685425 0.7188803002 8.542380038 21.45761996 0.5 1
Intersection: 1651
1684 9 0.04517087364 0.4089709243 -0.9114287549 5.226375952 24.77362405 0.5 1
Intersection: 1652
1684 10 0.04517087364 0.4089709243 -0.9114287549 4.090541996 25.909458 0.5 1
Intersection: 1653
1685 11 0.4964879094 -0.6935846963 0.5219578765 2.13756799 24.76631442 0.5 1
Intersection: 1654
1687 8 0.6332285417 0.03433332592 0.7732029726 5.836391729 24.16360827 0.5 1
Intersection: 1655
1688 3 0.2118992345 0.1742492871 -0.9616318944 12.0002504 17.9997496 0.5 1
Intersection: 1656
1689 3 -0.7185833772 -0.3539586578 -0.5986244219 11.19721523 12.91342584 0.5 1
Intersection: 1657
1697 2 0.7064143112 -0.0577284953 0.7054404594 13.94352409 16.05647591 0.5 1
Intersection: 1658
1700 7 0.7796998611 0.2731841429 -0.5634168534 7.565230259 22.43476974 0.5 1
Intersection: 1659
1702 2 -0.4761464731 0.4415614229 -0.760465677 12.63453792 17.36546208 0.5 1
Intersection: 1660
1703 1 0.393126034 -0.6970788269 0.5996107324 0.2567214522 27.50074887 0.5 1
Intersection: 1661
1707 11 -0.1996064528 0.134577965 0.9705905601 10.62276917 19.37723083 0.5 1
Intersection: 1662
1707 12 -0.1272885435 -0.08472175371 -0.988240786 6.165625785 23.83437421 0.5 1
Intersection: 1663
1711 3 0.2034577805 -0.1126674863 -0.9725795438 8.405021419 21.59497858 0.5 1
Intersection: 1664
1712 4 0.405723921 0.8110794033 0.4213529417 0.5746203556 3.090050587 0.5 1
Intersection: 1665
1713 7 0.0188954547 0.03605986487 0.9991709803 11.9518701 18.0481299 0.5 1
Intersection: 1666
1714 1 0.3861966051 0.7697037501 0.5083387841 6.706511143 11.70458134 0.5 1
Intersection: 1667
1714 3 0.3861966051 0.7697037501 0.5083387841 7.660910999 10.75018148 0.5 1
Intersection: 1668
1714 10 0.3861966051 0.7697037501 0.5083387841 6.656970232 11.75412225 0.5 1
Intersection: 1669
1715 7 0.520944786 -0.5375697182 0.6630500193 1.383829511 4.993542085 0.5 1
Intersection: 1670
1715 9 0.520944786 -0.5375697182 0.6630500193 2.208023237 4.169348359 0.5 1
Intersection: 1671
1716 6 -0.3804735108 0.1051684134 -0.9187924207 10.21282964 19.78717036 0.5 1
Intersection: 1672
1717 7 0.1126438401 -0.5705753859 0.8134833092 4.503791396 25.4962086 0.5 1
Intersection: 1673
1717 9 -0.3293478705 0.1024648203 0.9386324844 7.807734372 8.66998733 0.5 1
Intersection: 1674
1717 9 0.1126438401 -0.5705753859 0.8134833092 3.267034336 26.73296566 0.5 2
Intersection: 1675
1717 10 0.1126438401 -0.5705753859 0.8134833092 2.270248099 27.7297519 0.5 1
Intersection: 1676
1717 11 0.7725992587 -0.5952342613 -0.2208767975 10.84557987 19.15442013 0.5 1
Intersection: 1677
1717 12 0.7725992587 -0.5952342613 -0.2208767975 12.02753866 17.97246134 0.5 1
Intersection: 1678
1720 6 0.1481292575 -0.1037371705 0.9835122381 1.53926777 28.46073223 0.5 1
Intersection: 1679
1721 3 -0.9183937858 -0.1440364412 0.3685191418 4.404850958 25.59514904 0.5 1
Intersection: 1680
1721 5 -0.9183937858 -0.1440364412 0.3685191418 5.399999453 24.60000055 0.5 1
Intersection: 1681
1721 8 -0.9853194422 0.1120769713 0.1287802366 5.779425373 24.22057463 0.5 1
Intersection: 1682
1721 12 -0.9183937858 -0.1440364412 0.3685191418 5.02001853 24.97998147 0.5 1
Intersection: 1683
1721 12 0.7196279407 -0.2354756722 -0.6532127025 0.674017357 29.32598264 0.5 2
Intersection: 1684
1722 1 0.7952483908 0.4907588607 0.3559996315 3.315547075 20.12303073 0.5 1
Intersection: 1685
1722 6 0.7952483908 0.4907588607 0.3559996315 4.714262524 18.72431528 0.5 1
Intersection: 1686
1722 9 0.1774785486 -0.1982691902 -0.9639453786 2.283416808 27.71658319 0.5 1
Intersection: 1687
1723 5 -0.1754278756 0.9650478574 0.1946989816 3.352238416 4.289683429 0.5 1
Intersection: 1688
1723 9 0.2661078683 0.03185958078 -0.9634166127 12.07270929 17.92729071 0.5 1
Intersection: 1689
1723 10 0.2661078683 0.03185958078 -0.9634166127 11.65584581 18.34415419 0.5 1
Intersection: 1690
1725 6 -0.6682970769 -0.319130763 0.6719632231 4.938148996 25.061851 0.5 1
Intersection: 1691
1725 6 0.6254727641 0.04941120775 -0.778679879 13.7060965 16.2939035 0.5 2
Intersection: 1692
1727 2 0.01258920238 0.01223456563 0.9998459018 4.785920646 25.21407935 0.5 1
Intersection: 1693
1727 3 0.02907838787 0.3012196515 0.9531113098 3.026223768 26.97377623 0.5 1
Intersection: 1694
1732 6 -0.2524461479 0.8040199067 -0.5383520521 2.38125699 17.19401967 0.5 1
Intersection: 1695
1733 8 0.02039652817 0.01879805966 -0.9996152333 9.606681839 20.39331816 0.5 1
Intersection: 1696
1734 3 -0.9252737592 -0.05707060643 -0.3749818881 14.47446812 15.52553188 0.5 1
Intersection: 1697
1734 6 -0.9252737592 -0.05707060643 -0.3749818881 12.6385418 17.3614582 0.5 1
Intersection: 1698
1734 8 0.4409399281 0.3892542713 -0.8087354896 2.613079742 27.38692026 0.5 1
Intersection: 1699
1734 11 0.8957731187 -0.3209840829 -0.3075056719 7.943184882 22.05681512 0.5 1
Intersection: 1700
1734 12 -0.9252737592 -0.05707060643 -0.3749818881 14.50291077 15.49708923 0.5 1
Intersection: 1701
1734 12 0.9717322847 0.2104383327 -0.1070143683 8.0450837 21.9549163 0.5 2
Intersection: 1702
1736 11 -0.8206533537 -0.2347714767 -0.5209706583 6.005744895 18.72802642 0.5 1
Intersection: 1703
1738 2 0.5554491251 -0.3676910721 0.7458415012 10.85363435 19.14636565 0.5 1
Intersection: 1704
1738 3 0.5554491251 -0.3676910721 0.7458415012 12.77379508 17.22620492 0.5 1
Intersection: 1705
1738 10 0.2636510875 -0.07094126437 0.9620059465 8.010591267 21.98940873 0.5 1
Intersection: 1706
1739 8 -0.2133722665 -0.08067254151 -0.9736345397 2.76857518 27.23142482 0.5 1
Intersection: 1707
1740 8 -0.230986696 -0.1540304485 -0.9606871328 4.874667094 18.23280752 0.5 1
Intersection: 1708
1742 5 -0.2851443737 -0.1702973451 0.9432345946 1.833660358 16.41162549 0.5 1
Intersection: 1709
1742 12 0.6408832221 -0.3371651718 -0.6896291341 0.250749014 5.802053034 0.5 1
Intersection: 1710
1744 10 0.4141078528 0.6039616483 -0.6809882625 3.851223457 11.71557871 0.5 1
Intersection: 1711
1745 5 -0.2678709725 -0.0445472253 -0.9624243798 4.15951619 25.84048381 0.5 1
Intersection: 1712
1745 6 -0.2678709725 -0.0445472253 -0.9624243798 3.532179961 26.46782004 0.5 1
Intersection: 1713
1746 4 0.3059174984 0.610392861 -0.7306401573 0.1659111495 0.8595489276 0.5 1
Intersection: 1714
1748 3 0.2852333599 -0.4264707842 -0.858349929 3.7107713 26.2892287 0.5 1
Intersection: 1715
1748 11 0.2414389764 -0.7655672483 0.5963338068 8.861139228 13.36653521 0.5 1
Intersection: 1716
1756 10 -0.2727199952 -0.09915669933 -0.95697009 3.431277003 26.568723 0.5 1
Intersection: 1717
1757 7 -0.2134760794 -0.1377188088 0.9671925833 10.19234251 18.84344019 0.5 1
Intersection: 1718
1757 11 0.2814761412 -0.0766774184 0.9564997415 14.49116347 15.50883653 0.5 1
Intersection: 1719
1759 10 0.2489360091 0.629447029 -0.7360891936 2.352986096 10.90639383 0.5 1
Intersection: 1720
1761 9 0.2672209408 0.3013444243 0.9153056903 3.436756361 11.50175413 0.5 1
Intersection: 1721
1762 11 0.8222677733 0.136208474 -0.5525603683 7.907248274 11.97102126 0.5 1
Intersection: 1722
1765 1 -0.6400308554 0.7107198535 -0.2919551231 2.153947976 12.88147807 0.5 1
Intersection: 1723
1765 2 -0.6400308554 0.7107198535 -0.2919551231 2.612447854 12.4229782 0.5 1
Intersection: 1724
1765 5 0.3656022422 -0.3893303027 0.8454329754 8.410507391 21.58949261 0.5 1
Intersection: 1725
1768 2 0.0188954547 0.03605986487 0.9991709803 0.8507255789 29.14927442 0.5 1
Intersection: 1726
1772 4 -0.1346871838 -0.7550799066 0.6416492011 5.555189972 5.996822365 0.5 1
Intersection: 1727
1772 6 -0.1346871838 -0.7550799066 0.6416492011 3.102992964 8.449019373 0.5 1
Intersection: 1728
1772 10 -0.06026908983 0.2275389174 -0.9719020927 1.079751534 28.92024847 0.5 1
Intersection: 1729
1773 2 0.09487320303 -0.8370074284 -0.5389041104 9.915171656 13.23782431 0.5 1
Intersection: 1730
1773 4 0.1745165369 0.1361068884 0.9752019756 2.582863959 27.41713604 0.5 1
Intersection: 1731
1773 10 -0.6294857744 -0.3055692832 -0.7144053982 8.332044914 21.66795509 0.5 1
Intersection: 1732
1775 6 0.3585167581 0.1926953814 -0.9134189752 1.849978734 28.15002127 0.5 1
Intersection: 1733
1775 7 0.8795626696 -0.09620041842 -0.4659559956 11.48655612 18.51344388 0.5 1
Intersection: 1734
1775 9 0.8795626696 -0.09620041842 -0.4659559956 12.55157403 17.44842597 0.5 1
Intersection: 1735
1775 11 0.9381682165 0.340265052 0.06371885059 2.310356603 19.20646802 0.5 1
Intersection: 1736
1775 12 0.9381682165 0.340265052 0.06371885059 1.249287066 20.26753756 0.5 1
Intersection: 1737
1776 2 0.2819155279 0.1675827722 0.94469024 10.7801617 19.2198383 0.5 1
Intersection: 1738
1776 5 -0.2206168567 -0.3670035858 -0.9036794623 4.166248324 25.83375168 0.5 1
Intersection: 1739
1776 6 -0.2206168567 -0.3670035858 -0.9036794623 3.488919167 26.51108083 0.5 1
Intersection: 1740
1776 10 -0.2206168567 -0.3670035858 -0.9036794623 2.757598246 27.24240175 0.5 1
Intersection: 1741
1782 7 0.08194919974 -0.3427664793 0.9358394464 5.961420461 24.03857954 0.5 1
Intersection: 1742
1782 11 0.9492624892 0.1871781201 -0.2527154091 12.28665963 17.71334037 0.5 1
Intersection: 1743
1782 12 0.9767350369 -0.2094842904 0.045880276 4.907776096 25.0922239 0.5 1
Intersection: 1744
1784 7 -0.9727086565 -0.2320193819 -0.002208144664 7.56623157 22.43376843 0.5 1
Intersection: 1745
1785 1 -0.6294857744 -0.3055692832 -0.7144053982 6.402952078 23.59704792 0.5 1
Intersection: 1746
1785 10 -0.6294857744 -0.3055692832 -0.7144053982 7.78122738 22.21877262 0.5 1
Intersection: 1747
1785 11 -0.9158857285 -0.3019546203 -0.2645311693 4.599476292 25.40052371 0.5 1
Intersection: 1748
1789 3 0.1931238367 0.9580640043 0.2116991907 1.479967486 15.68785816 0.5 1
Intersection: 1749
1789 12 0.1931238367 0.9580640043 0.2116991907 1.977627099 15.19019855 0.5 1
Intersection: 1750
1792 9 0.3081519833 0.2292064034 -0.9233129371 0.5779222837 0.6616779243 0.5 1
Intersection: 1751
1794 1 0.9767350369 -0.2094842904 0.045880276 3.036912721 26.96308728 0.5 1
Intersection: 1752
1794 2 0.9767350369 -0.2094842904 0.045880276 3.715422028 26.28457797 0.5 1
Intersection: 1753
1794 11 0.589723977 -0.4675584593 0.658494281 0.2621976949 2.135415447 0.5 1
Intersection: 1754
1794 11 0.8217151958 0.2893795171 0.4909619456 10.17268277 19.82731723 0.5 2
Intersection: 1755
1795 1 -0.4903420866 0.1522520652 -0.8581281645 13.12640555 16.87359445 0.5 1
Intersection: 1756
1795 1 0.9368374631 -0.2717656031 -0.2201795283 12.59335085 17.40664915 0.5 2
Intersection: 1757
1795 2 0.1752371289 0.1328564841 0.9755209394 8.866317233 21.13368277 0.5 1
Intersection: 1758
1795 10 0.588962992 0.09591138631 -0.8024485031 10.31262782 19.68737218 0.5 1
Intersection: 1759
1796 5 0.3618416294 0.09120473953 -0.9277673904 2.537357498 27.4626425 0.5 1
Intersection: 1760
1796 5 0.9889658446 -0.07091716611 -0.1300665741 8.674716978 21.32528302 0.5 2
Intersection: 1761
1796 6 0.01758924738 0.1284353079 -0.9915618942 1.715617792 28.28438221 0.5 1
Intersection: 1762
1796 6 0.3618416294 0.09120473953 -0.9277673904 3.783791234 26.21620877 0.5 2
Intersection: 1763
1796 9 0.3618416294 0.09120473953 -0.9277673904 7.100595158 22.89940484 0.5 1
Intersection: 1764
1796 10 0.01758924738 0.1284353079 -0.9915618942 2.973961927 27.02603807 0.5 1
Intersection: 1765
1796 10 0.3618416294 0.09120473953 -0.9277673904 6.25780474 23.74219526 0.5 2
Intersection: 1766
1798 9 -0.477409928 -0.1662897251 0.862802114 5.101006133 6.242369732 0.5 1
Intersection: 1767
1799 11 -0.491872144 0.8321192629 0.2562017298 1.8371012 4.349721056 0.5 1
Intersection: 1768
1800 1 0.0188954547 0.03605986487 0.9991709803 6.52034055 23.47965945 0.5 1
Intersection: 1769
1801 9 0.2672209408 0.3013444243 0.9153056903 0.2041598322 14.73435066 0.5 1
Intersection: 1770
1804 3 0.1745165369 0.1361068884 0.9752019756 9.055150971 20.94484903 0.5 1
Intersection: 1771
1804 5 0.1745165369 0.1361068884 0.9752019756 9.540529219 20.45947078 0.5 1
Intersection: 1772
1804 12 0.8342137123 -0.5438698341 0.09106638145 9.735171754 12.00690179 0.5 1
Intersection: 1773
1805 2 0.9144621263 -0.02980239854 0.4035725914 5.348073749 16.29977499 0.5 1
Intersection: 1774
1805 8 0.9144621263 -0.02980239854 0.4035725914 5.091852163 16.55599658 0.5 1
Intersection: 1775
1806 3 -0.1833390314 -0.3015842277 -0.9356461688 9.545393896 10.64189649 0.5 1
Intersection: 1776
1806 9 -0.4567183698 0.1727957373 0.8726683012 14.7012963 15.2987037 0.5 1
Intersection: 1777
1806 9 0.5440488561 -0.3398437592 -0.7671486567 10.31661179 19.68338821 0.5 2
Intersection: 1778
1807 2 0.5812621677 0.09512568174 0.8081369915 12.48337458 17.51662542 0.5 1
Intersection: 1779
1808 3 0.6735842853 -0.2205548127 0.7054358831 8.41183481 18.23164914 0.5 1
Intersection: 1780
1811 7 0.01258920238 0.01223456563 0.9998459018 4.173234723 25.82676528 0.5 1
Intersection: 1781
1812 1 -0.1758036084 -0.5189478664 0.8365322488 6.476096031 20.97433255 0.5 1
Intersection: 1782
1812 10 -0.1758036084 -0.5189478664 0.8365322488 6.606165814 20.84426277 0.5 1
Intersection: 1783
1813 3 0.806052063 -0.1360307999 0.5759997337 3.46187833 26.53812167 0.5 1
Intersection: 1784
1813 4 0.806052063 -0.1360307999 0.5759997337 3.973383289 26.02661671 0.5 1
Intersection: 1785
1813 12 -0.08287870961 0.009743453779 -0.9965120093 3.998217391 26.00178261 0.5 1
Intersection: 1786
1813 12 0.806052063 -0.1360307999 0.5759997337 1.984794074 28.01520593 0.5 2
Intersection: 1787
1814 3 0.5644230676 0.04747420356 -0.8241194093 8.043140191 21.95685981 0.5 1
Intersection: 1788
1814 11 0.5644230676 0.04747420356 -0.8241194093 5.73700505 24.26299495 0.5 1
Intersection: 1789
1814 12 0.5644230676 0.04747420356 -0.8241194093 6.39680104 23.60319896 0.5 1
Intersection: 1790
1816 3 -0.2770904719 -0.5267401741 -0.8035954576 0.1542378061 29.84576219 0.5 1
Intersection: 1791
1816 3 0.9144621263 -0.02980239854 0.4035725914 5.691899024 15.95594971 0.5 2
Intersection: 1792
1816 12 -0.9419847097 -0.2111715845 -0.2609049034 0.5737883392 29.42621166 0.5 1
Intersection: 1793
1816 12 -0.2770904719 -0.5267401741 -0.8035954576 3.355499674 26.64450033 0.5 2
Intersection: 1794
1817 6 0.01466726917 -0.05807328691 0.9982045705 13.12849797 16.87150203 0.5 1
Intersection: 1795
1818 6 -0.1754683613 -0.9720744684 -0.1558270902 1.279285875 7.260445685 0.5 1
Intersection: 1796
1818 8 0.806052063 -0.1360307999 0.5759997337 4.024450174 25.97554983 0.5 1
Intersection: 1797
1818 11 -0.1754683613 -0.9720744684 -0.1558270902 2.644140116 5.895591444 0.5 1
Intersection: 1798
1818 11 0.806052063 -0.1360307999 0.5759997337 4.879375857 25.12062414 0.5 2
Intersection: 1799
1819 4 -0.2770904719 -0.5267401741 -0.8035954576 9.080285462 20.91971454 0.5 1
Intersection: 1800
1819 4 -0.028025372 -0.08987307589 -0.9955588424 9.477048762 20.52295124 0.5 2
Intersection: 1801
1819 4 0.005396212632 0.07990176573 -0.9967881363 6.429451361 23.57054864 0.5 3
Intersection: 1802
1819 12 0.2295764464 0.1861525168 -0.9553229275 13.02322799 16.97677201 0.5 1
Intersection: 1803
1821 5 0.6735842853 -0.2205548127 0.7054358831 12.32094801 14.32253594 0.5 1
Intersection: 1804
1823 8 -0.02432821165 0.01666887401 -0.9995650488 8.946768432 21.05323157 0.5 1
Intersection: 1805
1824 3 -0.08287870961 0.009743453779 -0.9965120093 3.993476829 26.00652317 0.5 1
Intersection: 1806
1824 5 -0.08287870961 0.009743453779 -0.9965120093 3.089273358 26.91072664 0.5 1
Intersection: 1807
1824 7 0.2378898277 -0.1710271355 -0.9561161796 12.60058345 17.39941655 0.5 1
Intersection: 1808
1824 12 -0.08287870961 0.009743453779 -0.9965120093 4.265538201 25.7344618 0.5 1
Intersection: 1809
1829 3 0.07400029454 -0.003682273767 0.9972514213 2.547222952 27.45277705 0.5 1
Intersection: 1810
1830 3 0.3909383648 0.4255967482 0.8161094307 7.507178599 8.209577085 0.5 1
Intersection: 1811
1830 12 0.3909383648 0.4255967482 0.8161094307 7.143976903 8.572778782 0.5 1
Intersection: 1812
1832 2 -0.294806744 -0.08135499355 0.952087364 0.1539860283 29.84601397 0.5 1
Intersection: 1813
1833 8 0.9467598369 0.2309699194 -0.2242737335 2.473941607 4.821436978 0.5 1
Intersection: 1814
1835 7 -0.862123667 -0.3667185267 -0.3496574108 2.930571695 27.0694283 0.5 1
Intersection: 1815
1839 3 -0.4365007609 -0.09499242223 0.8946750949 0.8148389353 29.18516106 0.5 1
Intersection: 1816
1842 8 0.9579047338 0.2449899486 0.1496611038 2.210242746 3.710909415 0.5 1
Intersection: 1817
1844 1 0.9337654602 -0.3560852797 -0.03585162334 1.39090876 28.60909124 0.5 1
Intersection: 1818
1846 3 -0.7668348347 0.6417176628 -0.01275842823 4.072268508 15.12051893 0.5 1
Intersection: 1819
1846 5 -0.1787397266 0.2494331269 0.951753763 14.13530579 15.86469421 0.5 1
Intersection: 1820
1846 9 0.93112199 -0.3334636326 0.1476951095 10.63177629 19.36822371 0.5 1
Intersection: 1821
1846 11 0.93112199 -0.3334636326 0.1476951095 11.68650085 18.31349915 0.5 1
Intersection: 1822
1849 10 -0.9745476709 0.1329091139 0.1805325583 0.1285683793 29.87143162 0.5 1
Intersection: 1823
1852 5 -0.5959712063 -0.124768365 0.7932535385 11.58400398 18.41599602 0.5 1
Intersection: 1824
1852 6 0.9862614365 -0.1535464862 -0.0609249983 10.25425427 14.40442938 0.5 1
Intersection: 1825
1852 11 -0.5959712063 -0.124768365 0.7932535385 13.93772523 16.06227477 0.5 1
Intersection: 1826
1854 11 0.5715969855 0.6738123663 -0.4682454284 2.850644128 9.109248993 0.5 1
Intersection: 1827
1855 12 0.4837749668 0.7784992154 -0.3998759221 2.191404902 16.07251793 0.5 1
Intersection: 1828
1858 4 -0.3462159801 0.07849543613 0.9348652104 5.020853535 24.97914646 0.5 1
Intersection: 1829
1859 7 0.3388197447 0.6263630652 -0.7020473568 4.489305414 17.39547663 0.5 1
Intersection: 1830
1860 2 -0.3351062288 -0.6126857026 -0.7157653562 6.56883304 13.29719171 0.5 1
Intersection: 1831
1860 4 -0.3351062288 -0.6126857026 -0.7157653562 7.165153534 12.70087121 0.5 1
Intersection: 1832
1860 8 -0.9363339487 -0.3495922295 0.03261915974 1.104083001 22.80667028 0.5 1
Intersection: 1833
1860 8 -0.3351062288 -0.6126857026 -0.7157653562 7.430028224 12.43599652 0.5 2
Intersection: 1834
1861 7 -0.7486488956 0.6508890008 0.1259695988 4.131929372 21.71033968 0.5 1
Intersection: 1835
1864 1 0.5920020086 0.07302498832 0.8026213135 7.65283156 22.34716844 0.5 1
Intersection: 1836
1864 9 0.003147776779 0.008711205223 -0.9999571023 5.554683037 24.44531696 0.5 1
Intersection: 1837
1865 9 -0.1915193001 -0.228536676 0.9545110504 3.320427137 17.742249 0.5 1
Intersection: 1838
1867 6 -0.1191901236 0.2860048358 -0.9507864893 2.044392633 27.95560737 0.5 1
Intersection: 1839
1868 6 -0.1978531615 0.03564266174 0.9795834457 4.202317181 21.18367811 0.5 1
Intersection: 1840
1872 4 -0.1091857644 -0.5186331931 -0.8479965093 0.8225361524 7.539264719 0.5 1
Intersection: 1841
1873 3 -0.1058540775 0.06726707503 -0.9921038529 8.179176747 21.82082325 0.5 1
Intersection: 1842
1873 12 -0.1182455039 -0.09155704734 0.9887544224 13.85006891 16.14993109 0.5 1
Intersection: 1843
1874 4 0.9767350369 -0.2094842904 0.045880276 0.5830618075 29.41693819 0.5 1
Intersection: 1844
1874 10 -0.1173068912 -0.9046928541 -0.4095972814 1.669027259 4.664977641 0.5 1
Intersection: 1845
1874 10 -0.107643255 -0.1549124796 0.9820463601 6.453724159 11.93350268 0.5 2
Intersection: 1846
1875 5 -0.7398823869 -0.4818037541 0.4695095271 6.661980145 8.142335038 0.5 1
Intersection: 1847
1877 8 -0.441788858 -0.05794430895 0.895245811 13.20511224 16.79488776 0.5 1
Intersection: 1848
1877 10 -0.441788858 -0.05794430895 0.895245811 14.09738812 15.90261188 0.5 1
Intersection: 1849
1881 4 -0.4913115513 0.08230386903 0.8670865197 4.511004518 15.95096386 0.5 1
Intersection: 1850
1884 6 -0.1807126942 -0.02923727752 0.9831012683 10.60332864 19.39667136 0.5 1
Intersection: 1851
1884 9 -0.1807126942 -0.02923727752 0.9831012683 12.08905407 17.91094593 0.5 1
Intersection: 1852
1885 8 0.985738397 -0.1635267194 0.03973442715 12.76300733 17.23699267 0.5 1
Intersection: 1853
1885 10 0.985738397 -0.1635267194 0.03973442715 11.26065628 18.73934372 0.5 1
Intersection: 1854
1886 12 0.093935923 0.1674216353 0.98140004 6.955775962 23.04422404 0.5 1
Intersection: 1855
1887 12 0.04104016914 0.2386897095 -0.9702282861 2.403086046 8.347577278 0.5 1
Intersection: 1856
1890 3 0.05743218163 0.3879561014 0.9198867365 6.881477202 23.1185228 0.5 1
Intersection: 1857
1890 12 0.05743218163 0.3879561014 0.9198867365 7.379858844 22.62014116 0.5 1
Intersection: 1858
1891 4 -0.6655462397 0.4266683299 0.6123743455 14.50228372 15.49771628 0.5 1
Intersection: 1859
1891 6 -0.6655462397 0.4266683299 0.6123743455 13.83552283 16.16447717 0.5 1
Intersection: 1860
1893 2 -0.2966077234 -0.4159129769 -0.8596745047 7.536495744 13.06533593 0.5 1
Intersection: 1861
1893 5 0.8373835319 0.1258527265 -0.5319303636 14.61376669 15.38623331 0.5 1
Intersection: 1862
1893 9 -0.09761757321 -0.36900067 -0.9242885453 7.175556109 14.23686906 0.5 1
Intersection: 1863
1894 12 -0.6437845276 0.7113666763 -0.2819555529 1.779511156 2.958017855 0.5 1
Intersection: 1864
1898 11 0.3280376389 0.1005814571 -0.9392947769 2.634832585 27.36516741 0.5 1
Intersection: 1865
1899 1 -0.1336895895 0.08282594517 0.9875560523 1.631385586 9.836104522 0.5 1
Intersection: 1866
1899 3 -0.5412323008 0.1094521851 -0.8337192668 13.43504219 16.56495781 0.5 1
Intersection: 1867
1899 4 0.4983629773 0.7483940968 -0.4376535374 1.085190606 6.142755857 0.5 1
Intersection: 1868
1899 10 0.2504630651 0.0919277556 0.9637518045 1.199154038 28.80084596 0.5 1
Intersection: 1869
1899 10 0.2831188041 0.7156470736 0.638508425 2.585969777 10.19532251 0.5 2
Intersection: 1870
1901 2 -0.7032621956 -0.5257940274 -0.4785007053 5.424587734 7.529700566 0.5 1
Intersection: 1871
1901 4 -0.7032621956 -0.5257940274 -0.4785007053 6.459235017 6.495053283 0.5 1
Intersection: 1872
1901 8 -0.7032621956 -0.5257940274 -0.4785007053 5.921018404 7.033269896 0.5 1
Intersection: 1873
1904 6 0.3928149488 -0.1857159225 -0.9006697575 10.86563539 19.13436461 0.5 1
Intersection: 1874
1906 7 -0.04038651668 -0.2885523512 0.9566119746 14.27836577 15.72163423 0.5 1
Intersection: 1875
1906 11 0.3030195329 -0.3225985025 -0.8967214556 12.60430691 17.39569309 0.5 1
Intersection: 1876
1907 4 0.1712116146 -0.1188665926 0.978037482 3.025149493 26.97485051 0.5 1
Intersection: 1877
1907 8 0.1712116146 -0.1188665926 0.978037482 2.935200929 27.06479907 0.5 1
Intersection: 1878
1907 9 0.1745165369 0.1361068884 0.9752019756 11.42432976 18.57567024 0.5 1
Intersection: 1879
1907 11 0.2378898277 -0.1710271355 -0.9561161796 11.44654002 18.55345998 0.5 1
Intersection: 1880
1907 12 0.2378898277 -0.1710271355 -0.9561161796 10.95994127 19.04005873 0.5 1
Intersection: 1881
1908 4 0.2105924231 -0.8811425672 -0.4233658083 2.491887692 7.357189185 0.5 1
Intersection: 1882
1908 9 -0.3968703812 -0.1922401184 -0.8975174858 6.438927764 23.56107224 0.5 1
Intersection: 1883
1908 11 -0.3968703812 -0.1922401184 -0.8975174858 7.057680954 22.94231905 0.5 1
Intersection: 1884
1912 1 -0.2645238833 -0.5350812809 0.8023186013 0.5780797812 29.42192022 0.5 1
Intersection: 1885
1915 11 0.01386844627 0.4638723333 0.8857935 12.26750532 17.73249468 0.5 1
Intersection: 1886
1918 11 0.9767350369 -0.2094842904 0.045880276 4.813283511 25.18671649 0.5 1
Intersection: 1887
1919 10 0.2504630651 0.0919277556 0.9637518045 3.13365775 26.86634225 0.5 1
Intersection: 1888
1919 11 -0.03108618318 0.2359668004 -0.9712637738 13.18349562 16.81650438 0.5 1
Intersection: 1889
1920 1 0.2124911664 0.6782924653 0.7033966418 7.744636012 18.22801364 0.5 1
Intersection: 1890
1920 7 -0.1246452869 -0.02831743479 0.9917971947 10.82205464 18.09468039 0.5 1
Intersection: 1891
1920 9 -0.172809682 -0.1201176224 0.9776034833 8.717601263 21.28239874 0.5 1
Intersection: 1892
1920 11 -0.1915193001 -0.228536676 0.9545110504 0.160366024 20.90231011 0.5 1
Intersection: 1893
1920 11 -0.1246452869 -0.02831743479 0.9917971947 8.57866809 20.33806694 0.5 2
Intersection: 1894
1920 12 -0.1246452869 -0.02831743479 0.9917971947 8.15799243 20.7587426 0.5 1
Intersection: 1895
1922 6 -0.7753372996 -0.04952602304 0.6296024499 11.47952693 18.52047307 0.5 1
Intersection: 1896
1922 11 -0.4288568843 0.5815199721 -0.6913149028 11.57722094 14.51444074 0.5 1
Intersection: 1897
1922 12 -0.7753372996 -0.04952602304 0.6296024499 12.82019154 17.17980846 0.5 1
Intersection: 1898
1922 12 0.7900118362 -0.2857482904 0.5424289936 5.952213859 24.04778614 0.5 2
Intersection: 1899
1923 9 0.806052063 -0.1360307999 0.5759997337 11.923371 18.076629 0.5 1
Intersection: 1900
1923 10 0.806052063 -0.1360307999 0.5759997337 11.25266791 18.74733209 0.5 1
Intersection: 1901
1926 9 0.2489360091 0.629447029 -0.7360891936 1.93281413 11.32656579 0.5 1
Intersection: 1902
1927 3 -0.2604417188 0.4591990505 -0.8492975587 2.365857271 6.627545457 0.5 1
Intersection: 1903
1929 2 0.2205650267 -0.7286709953 0.6483746214 2.626798445 8.559772368 0.5 1
Intersection: 1904
1929 4 0.2205650267 -0.7286709953 0.6483746214 2.70901692 8.477553892 0.5 1
Intersection: 1905
1929 8 0.2205650267 -0.7286709953 0.6483746214 2.80865505 8.377915763 0.5 1
Intersection: 1906
1935 1 0.1126438401 -0.5705753859 0.8134833092 5.279284251 24.72071575 0.5 1
Intersection: 1907
1935 4 0.1126438401 -0.5705753859 0.8134833092 6.425418736 23.57458126 0.5 1
Intersection: 1908
1937 11 -0.04038651668 -0.2885523512 0.9566119746 5.648824292 24.35117571 0.5 1
Intersection: 1909
1939 11 -0.1182455039 -0.09155704734 0.9887544224 0.5111279858 29.48887201 0.5 1
Intersection: 1910
1940 11 -0.08724815609 -0.7697957775 -0.632299154 0.679168232 5.322648979 0.5 1
Intersection: 1911
1942 3 0.2737396922 0.2414041167 -0.9310159147 1.250409809 12.58820186 0.5 1
Intersection: 1912
1942 5 0.2737396922 0.2414041167 -0.9310159147 2.431700923 11.40691074 0.5 1
Intersection: 1913
1952 10 -0.8551538247 0.513462963 0.0711879316 14.17851777 15.15101126 0.5 1
Intersection: 1914
1952 12 0.01138050226 0.0171989184 0.9997873181 1.576083516 1.761216307 0.5 1
Intersection: 1915
1953 7 -0.6345556347 -0.6907345824 0.3467346006 0.2112417669 1.368862041 0.5 1
Intersection: 1916
1954 11 0.5491166119 -0.7414058222 -0.3857309338 3.444015458 4.914792528 0.5 1
Intersection: 1917
1956 2 -0.04038651668 -0.2885523512 0.9566119746 1.205362658 28.79463734 0.5 1
Intersection: 1918
1958 11 0.1550713704 0.09749277076 -0.9830808867 8.249113922 21.75088608 0.5 1
Intersection: 1919
1959 8 -0.3419762424 0.170872474 0.9240426653 1.292552159 15.72612915 0.5 1
Intersection: 1920
1961 11 0.09550761107 -0.7499855397 0.6545227165 0.7235378027 8.663029772 0.5 1
Intersection: 1921
1962 4 0.9650327034 -0.0624681525 0.254577319 14.41151951 15.58848049 0.5 1
Intersection: 1922
1965 10 0.5350135458 -0.369046898 0.7599769029 4.378702158 5.512692589 0.5 1
Intersection: 1923
1969 6 -0.820675162 0.5369783684 -0.1953113164 5.185710068 23.88471078 0.5 1
Intersection: 1924
1972 12 -0.1346871838 -0.7550799066 0.6416492011 1.543052765 10.00895957 0.5 1
Intersection: 1925
1974 2 0.1062614426 -0.2973721735 -0.9488299617 7.875204466 22.12479553 0.5 1
Intersection: 1926
1974 9 -0.03606971792 0.5200051253 0.8534012216 5.894183829 7.915995193 0.5 1
Intersection: 1927
1978 1 0.2162918224 -0.3646720872 -0.9056666696 3.446804302 17.74414581 0.5 1
Intersection: 1928
1978 6 0.2162918224 -0.3646720872 -0.9056666696 3.758178007 17.4327721 0.5 1
Intersection: 1929
1978 12 0.9059848112 -0.3536549862 0.2326363526 13.64313979 16.35686021 0.5 1
Intersection: 1930
1980 11 0.7097592314 -0.1358715993 -0.6912168559 11.15884451 18.84115549 0.5 1
Intersection: 1931
1981 2 0.2105924231 -0.8811425672 -0.4233658083 0.3569695762 9.492107301 0.5 1
Intersection: 1932
1982 1 -0.5959712063 -0.124768365 0.7932535385 6.720597347 23.27940265 0.5 1
Intersection: 1933
1982 1 0.4137533613 -0.2241710182 -0.8823579266 11.68789595 18.31210405 0.5 2
Intersection: 1934
1982 2 -0.5959712063 -0.124768365 0.7932535385 7.489017425 22.51098257 0.5 1
Intersection: 1935
1982 2 0.4137533613 -0.2241710182 -0.8823579266 12.5095519 17.4904481 0.5 2
Intersection: 1936
1984 7 -0.6657486868 0.04771099184 0.7446491437 6.599359698 23.4006403 0.5 1
Intersection: 1937
1984 12 -0.6657486868 0.04771099184 0.7446491437 9.084206648 20.91579335 0.5 1
Intersection: 1938
1985 1 -0.7823523963 0.1099497936 -0.61305446 13.07648467 16.92351533 0.5 1
Intersection: 1939
1987 4 -0.07805119202 0.02206008196 -0.9967052544 0.389878576 29.61012142 0.5 1
Intersection: 1940
1987 5 0.8342137123 -0.5438698341 0.09106638145 0.8327309675 20.90934257 0.5 1
Intersection: 1941
1988 2 -0.9834835621 -0.1277689475 0.1281997624 13.36655649 16.63344351 0.5 1
Intersection: 1942
1988 4 0.2378898277 -0.1710271355 -0.9561161796 0.2079890044 29.792011 0.5 1
Intersection: 1943
1988 6 0.5070078076 0.004508710487 0.8619296691 4.012264836 25.98773516 0.5 1
Intersection: 1944
1990 12 -0.1020304957 -0.0545736972 -0.993283187 10.85802055 19.14197945 0.5 1
Intersection: 1945
1991 1 -0.9834835621 -0.1277689475 0.1281997624 7.969792845 22.03020716 0.5 1
Intersection: 1946
1991 4 0.02400994551 0.6141147945 -0.7888514066 1.410213597 28.5897864 0.5 1
Intersection: 1947
1991 7 -0.04456381816 0.3566573129 0.9331718101 5.953728502 24.0462715 0.5 1
Intersection: 1948
1991 11 -0.04456381816 0.3566573129 0.9331718101 7.204444361 22.79555564 0.5 1
Intersection: 1949
1994 5 0.01434371961 0.1280267736 -0.9916669819 3.973989163 26.02601084 0.5 1
Intersection: 1950
1994 7 0.05556358008 0.2904073515 0.9552885735 4.703284535 25.29671547 0.5 1
Intersection: 1951
1994 9 0.05556358008 0.2904073515 0.9552885735 3.560410948 26.43958905 0.5 1
Intersection: 1952
1995 9 0.2831188041 0.7156470736 0.638508425 1.475033131 11.30625915 0.5 1
Intersection: 1953
1995 12 0.2831188041 0.7156470736 0.638508425 4.146467101 8.634825183 0.5 1
Intersection: 1954
1999 3 0.9814093774 -0.1698325248 0.08940104804 0.3078794044 29.6921206 0.5 1
Intersection: 1955
2002 7 0.005396212632 0.07990176573 -0.9967881363 8.42974664 21.57025336 0.5 1
Intersection: 1956
2002 12 0.005396212632 0.07990176573 -0.9967881363 6.598397713 23.40160229 0.5 1
Intersection: 1957
2004 5 -0.3480298315 -0.1747605905 -0.9210504722 2.777781261 27.22221874 0.5 1
Intersection: 1958
2004 7 -0.3480298315 -0.1747605905 -0.9210504722 1.257955223 28.74204478 0.5 1
Intersection: 1959
2004 9 0.4683870952 0.5118235899 -0.7201736887 2.995471521 27.00452848 0.5 1
Intersection: 1960
2006 6 -0.146301138 -0.0772567023 -0.9862187277 7.199124253 22.80087575 0.5 1
Intersection: 1961
2006 6 0.5636831086 -0.03895138634 0.8250722045 5.225835676 24.77416432 0.5 2
Intersection: 1962
2006 12 0.5636831086 -0.03895138634 0.8250722045 2.511643102 27.4883569 0.5 1
Intersection: 1963
2007 5 0.8643455088 -0.4389902232 -0.2453455224 5.202944405 6.992217136 0.5 1
Intersection: 1964
2008 2 0.2127668301 -0.2475779655 0.9452171322 10.2726206 10.27978194 0.5 1
Intersection: 1965
2008 6 0.2127668301 -0.2475779655 0.9452171322 9.67096739 10.88143515 0.5 1
Intersection: 1966
2008 8 0.2127668301 -0.2475779655 0.9452171322 9.72580759 10.82659495 0.5 1
Intersection: 1967
2009 7 -0.1978271318 0.5436850421 0.8156414659 1.071240243 28.92875976 0.5 1
Intersection: 1968
2009 10 0.04915164058 0.9949159815 0.08789940792 1.52463296 4.43528473 0.5 1
Intersection: 1969
2009 11 -0.1978271318 0.5436850421 0.8156414659 2.522970003 27.47703 0.5 1
Intersection: 1970
2012 1 0.90834436 0.2052129685 -0.3644148203 5.190337578 11.62568083 0.5 1
Intersection: 1971
2012 2 0.90834436 0.2052129685 -0.3644148203 6.419255132 10.39676328 0.5 1
Intersection: 1972
2012 4 -0.5565033203 0.6999583034 -0.4476186189 3.437147827 10.56916298 0.5 1
Intersection: 1973
2013 12 0.9348464131 0.3052453645 0.1813489771 13.54579604 16.45420396 0.5 1
Intersection: 1974
2014 9 -0.5959712063 -0.124768365 0.7932535385 7.083238165 22.91676183 0.5 1
Intersection: 1975
2014 10 -0.5959712063 -0.124768365 0.7932535385 8.58998909 21.41001091 0.5 1
Intersection: 1976
2017 9 -0.7667403192 -0.4596913845 0.4480994464 9.356778994 20.64322101 0.5 1
Intersection: 1977
2017 11 -0.7667403192 -0.4596913845 0.4480994464 8.792807995 21.207192 0.5 1
Intersection: 1978
2017 12 -0.3599294519 -0.3797442979 -0.8522001278 14.33383193 15.66616807 0.5 1
Intersection: 1979
2019 3 -0.7398823869 -0.4818037541 0.4695095271 0.04522287134 14.75909231 0.5 1
Intersection: 1980
2019 7 0.8217151958 0.2893795171 0.4909619456 9.597903811 20.40209619 0.5 1
Intersection: 1981
2022 3 -0.7227779795 0.6871278646 -0.07380575863 1.283448265 2.207150656 0.5 1
Intersection: 1982
2022 12 0.7541436671 0.6559022611 -0.03255077967 1.873821796 9.313169038 0.5 1
Intersection: 1983
2023 6 0.1939856019 0.0202459098 -0.9807954371 0.721557704 29.2784423 0.5 1
Intersection: 1984
2023 7 0.8923714574 0.3213054763 -0.31691635 9.867402623 20.13259738 0.5 1
Intersection: 1985
2023 11 -0.2550399622 0.3000707068 0.9191910512 10.23449912 19.76550088 0.5 1
Intersection: 1986
2024 3 -0.2127923477 -0.04876633042 0.9758797374 6.350993506 23.64900649 0.5 1
Intersection: 1987
2024 7 -0.2127923477 -0.04876633042 0.9758797374 8.479546544 21.52045346 0.5 1
Intersection: 1988
2027 1 -0.9853753375 0.1190608984 -0.121901381 9.594772672 16.80272988 0.5 1
Intersection: 1989
2028 3 0.4837749668 0.7784992154 -0.3998759221 6.445677554 11.81824528 0.5 1
Intersection: 1990
2029 10 -0.003330084401 -0.004243579798 0.9999854512 14.03760734 15.96239266 0.5 1
Intersection: 1991
2030 8 0.01336908195 -0.001559211008 -0.9999094142 3.571106367 26.42889363 0.5 1
Intersection: 1992
2030 12 -0.04038651668 -0.2885523512 0.9566119746 10.48230458 19.51769542 0.5 1
Intersection: 1993
2037 1 0.1105719309 0.0625868381 0.9918955267 8.269851576 21.73014842 0.5 1
Intersection: 1994
2037 5 -0.04391175125 -0.09756092898 -0.9942603398 7.072439036 22.92756096 0.5 1
Intersection: 1995
2037 9 -0.8934869098 -0.26806652 -0.3603074837 9.273370453 20.72662955 0.5 1
Intersection: 1996
2037 10 -0.09445626451 -0.5012413423 -0.8601366931 1.680988211 28.31901179 0.5 1
Intersection: 1997
2037 11 0.7341724654 -0.5523015242 -0.3949098853 9.206165069 14.50778787 0.5 1
Intersection: 1998
2037 12 -0.1608469948 -0.3962086646 0.9039618014 8.51140457 21.48859543 0.5 1
Intersection: 1999
2038 8 0.02907838787 0.3012196515 0.9531113098 1.98849188 28.01150812 0.5 1
Intersection: 2000
2039 9 -0.7385331136 -0.2955515139 -0.6059852661 9.879626226 18.51253524 0.5 1
Intersection: 2001
2040 3 0.3178023467 -0.1606346582 -0.9344507344 3.707161322 26.0017976 0.5 1
Intersection: 2002
2040 4 0.3178023467 -0.1606346582 -0.9344507344 2.960336155 26.74862276 0.5 1
Intersection: 2003
2040 5 0.3178023467 -0.1606346582 -0.9344507344 4.382340032 25.32661889 0.5 1
Intersection: 2004
2041 1 0.8645430183 -0.1071350374 0.4910065716 11.25457966 18.74542034 0.5 1
Intersection: 2005
2041 5 0.09350681465 -0.1326110607 0.9867475777 14.13561848 15.86438152 0.5 1
Intersection: 2006
2041 9 0.6778158657 0.4844899877 -0.5530236017 0.2320578087 29.76794219 0.5 1
Intersection: 2007
2042 4 -0.7750576472 0.08157667129 0.6266026573 2.934247627 27.06575237 0.5 1
Intersection: 2008
2042 8 0.4095352038 -0.2182588013 -0.8858013392 7.036964789 22.96303521 0.5 1
Intersection: 2009
2042 9 0.5802356901 0.6877148828 -0.4363195892 6.016635006 13.45792589 0.5 1
Intersection: 2010
2048 4 -0.5609831393 0.7950281882 0.2307121524 8.798252486 14.25918859 0.5 1
Intersection: 2011
2048 11 0.4555365426 -0.2986631776 -0.8386219438 11.69509514 18.30490486 0.5 1
Intersection: 2012
2050 3 0.9781483387 0.03529713196 -0.2048900682 5.213922788 24.78607721 0.5 1
Intersection: 2013
2051 7 -0.07805119202 0.02206008196 -0.9967052544 13.58971679 16.41028321 0.5 1
Intersection: 2014
2051 11 -0.9191180379 -0.2388379799 -0.3133344088 4.329578843 25.67042116 0.5 1
Intersection: 2015
2052 6 0.3928149488 -0.1857159225 -0.9006697575 9.291038828 20.70896117 0.5 1
Intersection: 2016
2052 12 -0.3561128099 0.3696877544 -0.858204306 10.24825482 19.75174518 0.5 1
Intersection: 2017
2053 7 0.2606939239 0.7548262022 0.6018937469 0.01671688569 21.63310503 0.5 1
Intersection: 2018
2054 1 0.4046330042 0.1616423973 0.9000799227 3.109734268 26.89026573 0.5 1
Intersection: 2019
2055 2 -0.9834835621 -0.1277689475 0.1281997624 9.55926996 20.44073004 0.5 1
Intersection: 2020
2056 2 -0.7492663083 0.07272970145 0.6582631615 3.683349756 26.31665024 0.5 1
Intersection: 2021
2056 6 0.6922823052 0.08636933257 0.7164394938 0.2165024742 6.987963064 0.5 1
Intersection: 2022
2056 10 -0.7492663083 0.07272970145 0.6582631615 1.95516786 28.04483214 0.5 1
Intersection: 2023
2059 8 0.9258832729 -0.2418812351 0.2902303105 10.0529887 19.9470113 0.5 1
Intersection: 2024
2059 11 0.413645783 0.2709724652 0.869178399 13.60945305 16.39054695 0.5 1
Intersection: 2025
2064 5 0.2671372184 -0.2175648937 -0.9387775155 7.449948668 22.55005133 0.5 1
Intersection: 2026
2064 7 -0.1690205388 0.1298561152 0.9770206993 12.65879861 17.34120139 0.5 1
Intersection: 2027
2064 8 -0.4174447833 -0.4362095353 0.7971581363 0.2804121693 29.71958783 0.5 1
Intersection: 2028
2064 8 -0.1690205388 0.1298561152 0.9770206993 13.97204798 16.02795202 0.5 2
Intersection: 2029
2065 5 -0.9985270679 0.0494707224 0.02227873956 12.54952194 17.45047806 0.5 1
Intersection: 2030
2065 11 -0.9985270679 0.0494707224 0.02227873956 14.7926673 15.2073327 0.5 1
Intersection: 2031
2066 5 -0.8062234341 -0.3793973899 -0.4539398583 10.29120617 19.70879383 0.5 1
Intersection: 2032
2067 12 -0.01781033319 -0.02914525456 -0.9994165028 4.622841725 25.37715827 0.5 1
Intersection: 2033
2068 10 0.08194919974 -0.3427664793 0.9358394464 5.797874343 24.20212566 0.5 1
Intersection: 2034
2069 8 0.008756378001 0.9431769408 0.3321755321 1.427223714 9.461316721 0.5 1
Intersection: 2035
2070 5 -0.1048989951 0.1736442753 0.9792057325 7.916249735 22.08375026 0.5 1
Intersection: 2036
2072 3 0.3603405345 0.9323515705 0.02958459456 5.243607784 5.799107332 0.5 1
Intersection: 2037
2072 12 0.1291359125 0.4463591621 0.8854871058 3.288719663 26.71128034 0.5 1
Intersection: 2038
2073 12 0.3588596737 -0.2790434028 0.8907045043 13.7322791 16.2677209 0.5 1
Intersection: 2039
2080 4 -0.2134760794 -0.1377188088 0.9671925833 9.263981087 19.77180161 0.5 1
Intersection: 2040
2080 6 -0.5302594017 -0.2526244545 0.8093243181 3.661356501 11.89426554 0.5 1
Intersection: 2041
2080 6 -0.225855937 -0.09515123147 0.9695026245 6.135208913 9.037615284 0.5 2
Intersection: 2042
2080 7 -0.1438193852 0.9728866148 0.1811287365 3.863327692 14.85246065 0.5 1
Intersection: 2043
2080 11 -0.2134760794 -0.1377188088 0.9671925833 11.6419259 17.3938568 0.5 1
Intersection: 2044
2084 1 -0.09618725811 0.1694000005 -0.9808423172 2.527536931 27.47246307 0.5 1
Intersection: 2045
2084 8 -0.09618725811 0.1694000005 -0.9808423172 4.475703299 25.5242967 0.5 1
Intersection: 2046
2085 2 -0.9378709278 -0.156122237 0.3098773467 3.939209725 7.218040063 0.5 1
Intersection: 2047
2085 4 -0.9378709278 -0.156122237 0.3098773467 2.471148883 8.686100905 0.5 1
Intersection: 2048
2087 3 -0.5187975178 -0.3221867929 -0.7918616079 13.35962518 16.64037482 0.5 1
Intersection: 2049
2087 4 0.3928149488 -0.1857159225 -0.9006697575 10.64352191 19.35647809 0.5 1
Intersection: 2050
2088 4 -0.3165138157 0.9473334754 0.0487677236 3.245694677 11.22549395 0.5 1
Intersection: 2051
2088 9 -0.09340597983 0.08394769797 -0.9920827117 11.86232422 18.13767578 0.5 1
Intersection: 2052
2090 4 0.1062614426 -0.2973721735 -0.9488299617 9.798793537 20.20120646 0.5 1
Intersection: 2053
2091 6 0.1923148466 0.02657657904 0.9809733356 14.5621623 15.4378377 0.5 1
Intersection: 2054
2092 1 -0.9853753375 0.1190608984 -0.121901381 5.246501188 21.15100137 0.5 1
Intersection: 2055
2092 5 0.1129634494 -0.9472962524 0.2997817028 2.598824668 18.0347135 0.5 1
Intersection: 2056
2092 6 0.2504630651 0.0919277556 0.9637518045 3.94829376 26.05170624 0.5 1
Intersection: 2057
2092 6 0.6380459459 0.01306488627 0.7698874461 12.00684959 17.99315041 0.5 2
Intersection: 2058
2092 10 0.2504630651 0.0919277556 0.9637518045 5.918677896 24.0813221 0.5 1
Intersection: 2059
2092 10 0.6380459459 0.01306488627 0.7698874461 10.21952626 19.78047374 0.5 2
Intersection: 2060
2093 12 -0.2433759027 0.470782634 -0.8480164394 1.019116629 28.98088337 0.5 1
Intersection: 2061
2094 2 -0.04456381816 0.3566573129 0.9331718101 1.183829476 28.81617052 0.5 1
Intersection: 2062
2097 12 0.05690981836 -0.2417539221 0.9686672874 11.07202775 18.92797225 0.5 1
Intersection: 2063
2098 7 0.700484774 -0.6479244956 0.2991904567 7.10476014 19.34641246 0.5 1
Intersection: 2064
2099 6 -0.172809682 -0.1201176224 0.9776034833 10.1100245 19.8899755 0.5 1
Intersection: 2065
2099 11 -0.1246452869 -0.02831743479 0.9917971947 1.810092634 27.1066424 0.5 1
Intersection: 2066
2101 3 0.7796998611 0.2731841429 -0.5634168534 4.882589924 25.11741008 0.5 1
Intersection: 2067
2101 8 -0.05011316513 -0.01403043296 -0.9986449908 5.712998186 24.28700181 0.5 1
Intersection: 2068
2101 12 0.7796998611 0.2731841429 -0.5634168534 5.057064727 24.94293527 0.5 1
Intersection: 2069
2102 1 -0.07834994139 0.035325489 -0.9962998527 0.7337072613 29.26629274 0.5 1
Intersection: 2070
2102 5 0.0602484732 0.1513225184 0.9866466525 13.7841496 16.2158504 0.5 1
Intersection: 2071
2102 9 0.0602484732 0.1513225184 0.9866466525 13.45146927 16.54853073 0.5 1
Intersection: 2072
2103 8 0.3861966051 0.7697037501 0.5083387841 4.817067274 13.5940252 0.5 1
Intersection: 2073
2104 8 0.9337654602 -0.3560852797 -0.03585162334 14.66106473 15.33893527 0.5 1
Intersection: 2074
2105 9 -0.9745861888 -0.1709198666 0.1448038667 0.5277337806 25.54868108 0.5 1
Intersection: 2075
2106 5 0.952688449 0.2051208277 0.2242992758 13.14200909 16.85799091 0.5 1
Intersection: 2076
2106 6 0.952688449 0.2051208277 0.2242992758 14.01998623 15.98001377 0.5 1
Intersection: 2077
2106 9 0.3998104171 -0.4183022734 0.8155825148 3.716624976 26.28337502 0.5 1
Intersection: 2078
2111 4 0.4683870952 0.5118235899 -0.7201736887 2.734002272 27.26599773 0.5 1
Intersection: 2079
2112 3 0.3924665828 -0.3755993287 -0.8395803271 3.935366393 26.06463361 0.5 1
Intersection: 2080
2112 4 0.3924665828 -0.3755993287 -0.8395803271 3.453637057 26.54636294 0.5 1
Intersection: 2081
2112 8 -0.8416184822 -0.1907393778 -0.5052690572 10.97042744 19.02957256 0.5 1
Intersection: 2082
2113 2 -0.9727239667 0.1371658439 -0.187065806 12.08822489 17.91177511 0.5 1
Intersection: 2083
2113 3 0.08220085525 -0.03607712248 0.9959625799 4.091600425 25.90839957 0.5 1
Intersection: 2084
2113 5 0.08220085525 -0.03607712248 0.9959625799 3.396861183 26.60313882 0.5 1
Intersection: 2085
2114 11 0.7336803297 0.2359877047 -0.6371993228 10.68883773 19.31116227 0.5 1
Intersection: 2086
2115 5 -0.3709666552 0.8328138434 0.4108586656 2.811479812 6.361878971 0.5 1
Intersection: 2087
2115 7 0.06469090092 0.8259243278 0.5600572221 1.359910652 17.17056715 0.5 1
Intersection: 2088
2116 11 -0.9962775916 -0.01619965739 0.08466718106 14.9787394 15.0212606 0.5 1
Intersection: 2089
2116 11 0.1408061112 0.2270729895 0.9636449017 14.33614931 15.66385069 0.5 2
Intersection: 2090
2116 12 0.1408061112 0.2270729895 0.9636449017 14.78119952 15.21880048 0.5 1
Intersection: 2091
2117 2 0.2672209408 0.3013444243 0.9153056903 4.222999132 10.71551136 0.5 1
Intersection: 2092
2117 7 0.3956913846 0.8754154052 0.2776260011 2.862949147 18.95111947 0.5 1
Intersection: 2093
2118 8 0.07355460921 -0.1996323039 -0.9771062699 7.825505388 22.17449461 0.5 1
Intersection: 2094
2118 9 0.1860737113 0.9694818215 -0.1596294829 3.580344557 8.421457461 0.5 1
Intersection: 2095
2118 10 0.1860737113 0.9694818215 -0.1596294829 3.003564905 8.998237113 0.5 1
Intersection: 2096
2118 10 0.2499112951 0.8258813531 -0.5054347982 9.685720778 11.96341475 0.5 2
Intersection: 2097
2119 7 0.1360985624 -0.4185358482 -0.8979448341 3.015011542 26.98498846 0.5 1
Intersection: 2098
2122 3 -0.1020304957 -0.0545736972 -0.993283187 5.10234492 24.89765508 0.5 1
Intersection: 2099
2122 6 -0.1020304957 -0.0545736972 -0.993283187 3.830733374 26.16926663 0.5 1
Intersection: 2100
2122 12 -0.1020304957 -0.0545736972 -0.993283187 5.805318341 24.19468166 0.5 1
Intersection: 2101
2123 1 0.2143123784 0.7659372804 -0.606143784 0.8919103868 24.19206943 0.5 1
Intersection: 2102
2123 7 0.9866689856 0.01937839487 -0.1615821485 4.791782557 9.577633839 0.5 1
Intersection: 2103
2124 9 -0.03993629432 -0.289753744 -0.9562676718 3.098979789 7.696693564 0.5 1
Intersection: 2104
2126 1 0.03118184677 -0.2941962737 -0.9552362247 4.922309031 5.573988508 0.5 1
Intersection: 2105
2126 11 0.6599722903 -0.7100217271 0.245572236 0.5395634775 23.52007334 0.5 1
Intersection: 2106
2127 10 -0.1978271318 0.5436850421 0.8156414659 3.031077736 26.96892226 0.5 1
Intersection: 2107
2128 4 -0.4232624648 0.8852121478 -0.1929982883 4.888132405 16.66449071 0.5 1
Intersection: 2108
2128 9 -0.4761464731 0.4415614229 -0.760465677 3.316081313 26.68391869 0.5 1
Intersection: 2109
2128 10 -0.4761464731 0.4415614229 -0.760465677 2.363025045 27.63697495 0.5 1
Intersection: 2110
2130 11 0.9525094946 -0.2921105186 -0.08600643924 8.83814456 21.16185544 0.5 1
Intersection: 2111
2135 7 0.1193393511 0.1395658483 -0.9829951644 3.123885054 26.87611495 0.5 1
Intersection: 2112
2136 7 0.07121368619 -0.1104983468 -0.9913217067 1.720873183 4.00516995 0.5 1
Intersection: 2113
2138 6 -0.4288568843 0.5815199721 -0.6913149028 2.664559513 23.42710217 0.5 1
Intersection: 2114
2139 10 -0.07834994139 0.035325489 -0.9962998527 2.410189712 27.58981029 0.5 1
Intersection: 2115
2140 5 -0.09761757321 -0.36900067 -0.9242885453 8.130471987 13.28195318 0.5 1
Intersection: 2116
2140 6 -0.9300385907 -0.2807531713 0.2370777859 5.469208556 24.53079144 0.5 1
Intersection: 2117
2140 6 -0.09761757321 -0.36900067 -0.9242885453 8.96582623 12.44659894 0.5 2
Intersection: 2118
2140 10 -0.09761757321 -0.36900067 -0.9242885453 10.68629165 10.72613352 0.5 1
Intersection: 2119
2141 1 0.6034597275 0.3716366557 -0.7054945453 9.092563727 20.90743627 0.5 1
Intersection: 2120
2141 2 0.6034597275 0.3716366557 -0.7054945453 10.57612282 19.42387718 0.5 1
Intersection: 2121
2141 10 0.2671372184 -0.2175648937 -0.9387775155 12.19639155 17.80360845 0.5 1
Intersection: 2122
2141 12 0.2671372184 -0.2175648937 -0.9387775155 14.15612935 15.84387065 0.5 1
Intersection: 2123
2142 12 0.2819155279 0.1675827722 0.94469024 0.8009819831 29.19901802 0.5 1
Intersection: 2124
2143 8 0.1934427472 0.8164286699 -0.5440809962 6.922863363 15.02577005 0.5 1
Intersection: 2125
2143 12 0.346286246 -0.7950656761 -0.4979522131 2.701952341 19.86171125 0.5 1
Intersection: 2126
2145 5 0.7761443644 0.5246163941 0.3498250487 8.238103749 9.343648565 0.5 1
Intersection: 2127
2145 8 0.7761443644 0.5246163941 0.3498250487 7.098965293 10.48278702 0.5 1
Intersection: 2128
2146 3 0.5812621677 0.09512568174 0.8081369915 0.5774790763 29.42252092 0.5 1
Intersection: 2129
2146 4 0.5812621677 0.09512568174 0.8081369915 1.157296669 28.84270333 0.5 1
Intersection: 2130
2147 12 0.4095352038 -0.2182588013 -0.8858013392 10.08148443 19.91851557 0.5 1
Intersection: 2131
2148 8 0.700484774 -0.6479244956 0.2991904567 10.12659167 16.32458092 0.5 1
Intersection: 2132
2151 11 0.6560919904 0.1124969573 -0.7462491104 0.2389313338 29.76106867 0.5 1
Intersection: 2133
2154 7 0.7328336182 0.0164274223 0.680209547 12.44965743 17.55034257 0.5 1
Intersection: 2134
2156 7 -0.214352898 -0.1110074169 -0.9704278379 1.530583425 28.46941657 0.5 1
Intersection: 2135
2156 9 -0.214352898 -0.1110074169 -0.9704278379 0.2462926489 29.75370735 0.5 1
Intersection: 2136
2157 12 0.00993925076 0.003528735364 -0.9999443781 3.314691571 26.68530843 0.5 1
Intersection: 2137
2158 3 0.4409399281 0.3892542713 -0.8087354896 13.06645157 16.93354843 0.5 1
Intersection: 2138
2158 11 0.5554491251 -0.3676910721 0.7458415012 5.876278327 24.12372167 0.5 1
Intersection: 2139
2160 3 -0.07600099912 0.2054658251 0.97570879 14.84345027 15.15654973 0.5 1
Intersection: 2140
2160 3 -0.006726003603 0.9735453434 0.2283948886 1.133218622 16.02520349 0.5 2
Intersection: 2141
2161 10 -0.1346871838 -0.7550799066 0.6416492011 1.376067606 10.17594473 0.5 1
Intersection: 2142
2162 3 -0.03190279637 0.1741291964 -0.9842058903 1.403629258 28.59637074 0.5 1
Intersection: 2143
2162 5 -0.03190279637 0.1741291964 -0.9842058903 2.34068977 27.65931023 0.5 1
Intersection: 2144
2162 5 0.8197655393 -0.1774590757 -0.5445114664 2.727770622 24.34335618 0.5 2
Intersection: 2145
2164 9 0.952688449 0.2051208277 0.2242992758 6.661127436 23.33887256 0.5 1
Intersection: 2146
2165 2 0.895682439 0.3115137752 -0.3173517548 1.601832313 21.20744438 0.5 1
Intersection: 2147
2165 9 0.04163134769 0.9844895206 0.1704324347 2.908707704 2.942334258 0.5 1
Intersection: 2148
2167 4 0.2671372184 -0.2175648937 -0.9387775155 7.192660409 22.80733959 0.5 1
Intersection: 2149
2167 6 0.2671372184 -0.2175648937 -0.9387775155 11.5391399 18.4608601 0.5 1
Intersection: 2150
2169 11 0.2414389764 -0.7655672483 0.5963338068 11.05822367 11.16945077 0.5 1
Intersection: 2151
2169 12 -0.007167039539 0.3828779843 -0.9237711203 12.88528291 17.11471709 0.5 1
Intersection: 2152
2169 12 0.157514822 -0.3740190508 0.9139468423 13.77860226 16.22139774 0.5 2
Intersection: 2153
2171 4 -0.03606971792 0.5200051253 0.8534012216 4.809786848 9.000392174 0.5 1
Intersection: 2154
2171 7 -0.03606971792 0.5200051253 0.8534012216 3.505694622 10.3044844 0.5 1
Intersection: 2155
2171 11 -0.03606971792 0.5200051253 0.8534012216 2.837188889 10.97299013 0.5 1
Intersection: 2156
2172 2 0.6571077204 0.4111119613 0.6318199103 0.2494317713 1.998947212 0.5 1
Intersection: 2157
2176 3 -0.3782033676 0.4193427298 -0.8252962424 10.59759459 19.40240541 0.5 1
Intersection: 2158
2176 3 0.5915685928 0.5240600718 -0.6127051829 5.750267195 5.858462445 0.5 2
Intersection: 2159
2176 11 0.5915685928 0.5240600718 -0.6127051829 1.577973058 10.03075658 0.5 1
Intersection: 2160
2178 9 -0.01023863229 -0.05028580002 0.9986823863 14.56309406 15.43690594 0.5 1
Intersection: 2161
2178 11 -0.01023863229 -0.05028580002 0.9986823863 13.76731119 16.23268881 0.5 1
Intersection: 2162
2179 6 0.04517087364 0.4089709243 -0.9114287549 7.284731309 22.71526869 0.5 1
Intersection: 2163
2180 7 -0.9727239667 0.1371658439 -0.187065806 5.553522152 24.44647785 0.5 1
Intersection: 2164
2180 8 -0.9727239667 0.1371658439 -0.187065806 6.130489172 23.86951083 0.5 1
Intersection: 2165
2183 9 0.1775828746 0.03877044791 -0.9833418404 1.758404567 28.24159543 0.5 1
Intersection: 2166
2184 1 0.2504630651 0.0919277556 0.9637518045 13.02701081 16.97298919 0.5 1
Intersection: 2167
2184 10 0.07400029454 -0.003682273767 0.9972514213 9.126698049 20.87330195 0.5 1
Intersection: 2168
2185 9 -0.2727199952 -0.09915669933 -0.95697009 13.95808703 16.04191297 0.5 1
Intersection: 2169
2186 3 0.1408327255 0.09097990623 -0.9858442068 12.25010595 17.74989405 0.5 1
Intersection: 2170
2186 3 0.3904023439 -0.1709243799 -0.9046385279 12.66761346 17.33238654 0.5 2
Intersection: 2171
2186 5 0.1408327255 0.09097990623 -0.9858442068 10.93146217 19.06853783 0.5 1
Intersection: 2172
2186 5 0.3904023439 -0.1709243799 -0.9046385279 11.18037783 18.81962217 0.5 2
Intersection: 2173
2186 7 -0.02942297373 0.9427336065 -0.3322463482 2.73637331 12.90361312 0.5 1
Intersection: 2174
2186 12 -0.02942297373 0.9427336065 -0.3322463482 6.548324398 9.091662034 0.5 1
Intersection: 2175
2188 12 -0.6888632382 -0.6683226248 0.2807352991 0.0297578797 0.7504931737 0.5 1
Intersection: 2176
2189 5 0.4478862059 0.35281094 -0.8215366012 7.909655921 22.09034408 0.5 1
Intersection: 2177
2189 6 0.4478862059 0.35281094 -0.8215366012 7.325327851 22.67467215 0.5 1
Intersection: 2178
2189 12 0.08220085525 -0.03607712248 0.9959625799 9.845069044 20.15493096 0.5 1
Intersection: 2179
2190 2 0.02461678131 0.0002495157917 0.99969693 0.5996593193 29.40034068 0.5 1
Intersection: 2180
2190 5 0.460794365 0.1528835625 0.8742397666 11.07410174 18.92589826 0.5 1
Intersection: 2181
2190 11 0.6200207651 0.2578310325 0.7410110725 6.082495892 23.91750411 0.5 1
Intersection: 2182
2190 12 -0.5489851324 -0.2768748509 -0.7886416431 12.05812218 17.94187782 0.5 1
Intersection: 2183
2192 3 -0.3804735108 0.1051684134 -0.9187924207 6.649187074 23.35081293 0.5 1
Intersection: 2184
2193 3 -0.5489851324 -0.2768748509 -0.7886416431 3.172974716 26.82702528 0.5 1
Intersection: 2185
2193 3 -0.1817172411 0.06645967152 -0.9811024189 3.463246707 7.126529777 0.5 2
Intersection: 2186
2193 5 0.460794365 0.1528835625 0.8742397666 3.982184653 26.01781535 0.5 1
Intersection: 2187
2193 12 -0.5489851324 -0.2768748509 -0.7886416431 4.181136592 25.81886341 0.5 1
Intersection: 2188
2193 12 -0.1817172411 0.06645967152 -0.9811024189 4.286427076 6.303349408 0.5 2
Intersection: 2189
2193 12 0.460794365 0.1528835625 0.8742397666 3.967656099 26.0323439 0.5 3
Intersection: 2190
2194 4 0.1408061112 0.2270729895 0.9636449017 10.94399589 19.05600411 0.5 1
Intersection: 2191
2194 8 -0.9258789784 0.01402966654 0.3775596455 3.007023571 26.99297643 0.5 1
Intersection: 2192
2194 9 -0.9258789784 0.01402966654 0.3775596455 4.320678304 25.6793217 0.5 1
Intersection: 2193
2194 12 0.093935923 0.1674216353 0.98140004 12.65432659 17.34567341 0.5 1
Intersection: 2194
2196 7 -0.05157011271 0.3561243135 0.9330144676 14.48562594 15.51437406 0.5 1
Intersection: 2195
2196 9 -0.1231319886 -0.02364776804 0.9921085104 12.4282841 17.5717159 0.5 1
Intersection: 2196
2196 11 -0.1231319886 -0.02364776804 0.9921085104 11.54481882 18.45518118 0.5 1
Intersection: 2197
2200 1 0.9963509951 0.02728998201 -0.08086996653 7.41759381 22.58240619 0.5 1
Intersection: 2198
2200 12 -0.5232705178 0.852084636 -0.01182109902 8.517057905 12.77787627 0.5 1
Intersection: 2199
2204 12 0.01742263306 0.005083858691 0.9998352896 0.05683546791 29.94316453 0.5 1
Intersection: 2200
2208 7 -0.05828611113 0.2455348153 -0.96763391 3.850936343 26.14906366 0.5 1
Intersection: 2201
2211 8 0.07645930797 0.8941937931 0.4411025217 6.434382491 11.19233409 0.5 1
Intersection: 2202
2212 8 0.1604232984 0.01394442805 0.9869498053 11.84099534 18.15900466 0.5 1
Intersection: 2203
2215 1 0.9854856749 -0.1651301649 0.03937020714 7.012794597 22.9872054 0.5 1
Intersection: 2204
2215 3 -0.1949297514 0.3317703988 -0.9230009721 10.19597196 13.87633737 0.5 1
Intersection: 2205
2217 5 0.9866689856 0.01937839487 -0.1615821485 3.712077387 10.65733901 0.5 1
Intersection: 2206
2217 11 0.9866689856 0.01937839487 -0.1615821485 2.723302815 11.64611358 0.5 1
Intersection: 2207
2219 10 -0.3739369227 -0.7688319382 0.5187182556 3.064421112 12.56824811 0.5 1
Intersection: 2208
2224 11 -0.3235943466 0.07276268841 0.9433940269 9.561765978 20.43823402 0.5 1
Intersection: 2209
2228 7 0.9020550491 0.176811694 -0.3937439691 11.18705845 18.81294155 0.5 1
Intersection: 2210
2228 11 0.9020550491 0.176811694 -0.3937439691 11.81375105 18.18624895 0.5 1
Intersection: 2211
2230 7 -0.02942297373 0.9427336065 -0.3322463482 3.886973022 11.75301341 0.5 1
Intersection: 2212
2230 12 -0.6327624862 0.4707992373 -0.6147842827 0.4718604742 29.52813953 0.5 1
Intersection: 2213
2230 12 0.952688449 0.2051208277 0.2242992758 12.44869541 17.55130459 0.5 2
Intersection: 2214
2231 7 0.3496202506 -0.9125779881 0.2120544647 6.008608185 8.591700044 0.5 1
Intersection: 2215
2231 8 0.3496202506 -0.9125779881 0.2120544647 7.235257124 7.365051106 0.5 1
Intersection: 2216
2233 7 -0.3980221727 0.3590493306 -0.8441930634 3.478130212 26.52186979 0.5 1
Intersection: 2217
2234 1 0.7825529405 -0.1201336796 0.6108836177 14.28388854 15.71611146 0.5 1
Intersection: 2218
2234 3 -0.3962231236 -0.6041308212 -0.6913994411 7.993012208 22.00698779 0.5 1
Intersection: 2219
2234 11 -0.9853194422 0.1120769713 0.1287802366 10.85733456 19.14266544 0.5 1
Intersection: 2220
2235 2 0.04037665897 -0.01268226887 -0.9991040414 4.244533187 25.75546681 0.5 1
Intersection: 2221
2235 3 -0.9173156224 0.1605558881 0.3643540253 11.52776653 18.47223347 0.5 1
Intersection: 2222
2236 3 0.1159075594 -0.497185564 0.8598674041 1.008693763 8.783207191 0.5 1
Intersection: 2223
2236 5 -0.01979854607 0.02139018938 0.9995751484 12.44509527 17.55490473 0.5 1
Intersection: 2224
2236 7 0.2672559478 0.03082332665 -0.9631324836 12.53530965 17.46469035 0.5 1
Intersection: 2225
2236 10 0.1159075594 -0.497185564 0.8598674041 2.111405843 7.680495111 0.5 1
Intersection: 2226
2236 10 0.1242412439 0.1604533566 0.9791929502 0.9903187806 29.00968122 0.5 2
Intersection: 2227
2236 12 0.1159075594 -0.497185564 0.8598674041 0.7189997517 9.072901203 0.5 1
Intersection: 2228
2236 12 0.1242412439 0.1604533566 0.9791929502 2.331104189 27.66889581 0.5 2
Intersection: 2229
2240 6 -0.07805119202 0.02206008196 -0.9967052544 3.610122737 26.38987726 0.5 1
Intersection: 2230
2241 6 -0.4334015976 0.8736373553 0.2211805295 6.791567478 11.74990004 0.5 1
Intersection: 2231
2241 9 -0.4232624648 0.8852121478 -0.1929982883 8.707177918 12.8454452 0.5 1
Intersection: 2232
2242 11 0.8532820144 -0.5130831855 -0.09303466345 7.119094563 22.88090544 0.5 1
Intersection: 2233
2242 12 0.8532820144 -0.5130831855 -0.09303466345 7.55729661 22.44270339 0.5 1
Intersection: 2234
2245 2 -0.5047154317 0.1435340347 -0.8512698244 3.149180531 26.85081947 0.5 1
Intersection: 2235
2245 6 -0.05828611113 0.2455348153 -0.96763391 8.982176094 21.01782391 0.5 1
Intersection: 2236
2245 7 -0.1394648319 -0.3882692881 -0.9109316772 10.16504994 19.83495006 0.5 1
Intersection: 2237
2245 7 0.2671372184 -0.2175648937 -0.9387775155 5.055332003 24.944668 0.5 2
Intersection: 2238
2245 9 -0.1394648319 -0.3882692881 -0.9109316772 11.1730031 18.8269969 0.5 1
Intersection: 2239
2246 8 -0.06018457224 -0.06824145257 0.9958518572 0.131790222 29.86820978 0.5 1
Intersection: 2240
2247 9 0.1448196783 -0.4209158264 -0.8954647552 4.612661537 25.38733846 0.5 1
Intersection: 2241
2248 12 -0.3922750999 0.1590761526 -0.9059884236 0.967107819 29.03289218 0.5 1
Intersection: 2242
2251 7 0.9020550491 0.176811694 -0.3937439691 10.24678633 19.75321367 0.5 1
Intersection: 2243
2251 12 0.9998950976 -0.006254086944 0.01306446646 1.204242084 28.79575792 0.5 1
Intersection: 2244
2253 2 0.4095352038 -0.2182588013 -0.8858013392 5.133326802 24.8666732 0.5 1
Intersection: 2245
2253 4 0.4095352038 -0.2182588013 -0.8858013392 6.050560005 23.94943999 0.5 1
Intersection: 2246
2254 5 0.2381594539 0.1181123765 0.9640173966 4.237601848 25.76239815 0.5 1
Intersection: 2247
2254 6 0.2381594539 0.1181123765 0.9640173966 5.209928115 24.79007188 0.5 1
Intersection: 2248
2254 8 0.6370620658 -0.1078938396 0.76322398 6.011960312 23.98803969 0.5 1
Intersection: 2249
2254 9 0.413645783 0.2709724652 0.869178399 4.296378829 25.70362117 0.5 1
Intersection: 2250
2254 10 0.2381594539 0.1181123765 0.9640173966 5.813757522 24.18624248 0.5 1
Intersection: 2251
2255 6 -0.1949297514 0.3317703988 -0.9230009721 6.332883937 17.73942539 0.5 1
Intersection: 2252
2255 9 -0.1949297514 0.3317703988 -0.9230009721 8.246217218 15.82609211 0.5 1
Intersection: 2253
2258 3 -0.1936631449 0.485502626 0.8525149773 11.0714455 13.49737469 0.5 1
Intersection: 2254
2258 9 -0.3480298315 -0.1747605905 -0.9210504722 3.619905478 26.38009452 0.5 1
Intersection: 2255
2260 11 0.04115225386 0.1696077661 -0.9846520693 6.741628467 23.25837153 0.5 1
Intersection: 2256
2264 11 0.8423423665 -0.3470225019 -0.4123526655 10.60887155 10.82720766 0.5 1
Intersection: 2257
2265 6 0.4709731023 0.2319646536 0.8511032466 3.915147762 26.08485224 0.5 1
Intersection: 2258
2268 2 0.1712116146 -0.1188665926 0.978037482 4.075837517 25.92416248 0.5 1
Intersection: 2259
2269 2 -0.1299641247 0.1811704071 -0.9748264512 7.825691027 12.93235936 0.5 1
Intersection: 2260
2269 2 0.6599722903 -0.7100217271 0.245572236 9.153541116 14.9060957 0.5 2
Intersection: 2261
2271 3 -0.04391175125 -0.09756092898 -0.9942603398 14.56131533 15.43868467 0.5 1
Intersection: 2262
2271 4 -0.2832115733 0.1298698834 -0.9502236674 3.435093451 26.56490655 0.5 1
Intersection: 2263
2272 10 0.2741634462 0.3455280631 -0.8974657444 5.494730383 24.50526962 0.5 1
Intersection: 2264
2272 10 0.6254727641 0.04941120775 -0.778679879 5.567668324 24.43233168 0.5 2
Intersection: 2265
2273 8 0.02461678131 0.0002495157917 0.99969693 1.610907684 28.38909232 0.5 1
Intersection: 2266
2273 9 0.02461678131 0.0002495157917 0.99969693 3.120640268 26.87935973 0.5 1
Intersection: 2267
2275 8 -0.8091215156 -0.4140988458 -0.4169466619 2.06480761 3.476380421 0.5 1
Intersection: 2268
2279 7 0.3030195329 -0.3225985025 -0.8967214556 1.948551839 28.05144816 0.5 1
Intersection: 2269
2279 11 0.3030195329 -0.3225985025 -0.8967214556 1.611748809 28.38825119 0.5 1
Intersection: 2270
2279 12 0.3030195329 -0.3225985025 -0.8967214556 0.3200001099 29.67999989 0.5 1
Intersection: 2271
2280 2 -0.3257705875 -0.08023334119 0.9420382876 2.566350125 27.43364988 0.5 1
Intersection: 2272
2280 12 -0.159179755 0.03282758612 -0.9867036816 6.42425832 23.57574168 0.5 1
Intersection: 2273
2281 2 0.09549726906 -0.5681236664 -0.817383491 5.493071288 14.17555652 0.5 1
Intersection: 2274
2281 5 -0.7750576472 0.08157667129 0.6266026573 12.36305129 17.63694871 0.5 1
Intersection: 2275
2282 5 0.7552400501 -0.5809962048 -0.303407114 2.430385117 17.49114812 0.5 1
Intersection: 2276
2284 9 0.4974944676 0.07670886252 0.8640688659 11.0768977 18.9231023 0.5 1
Intersection: 2277
2284 12 -0.7667403192 -0.4596913845 0.4480994464 6.41988184 23.58011816 0.5 1
Intersection: 2278
2288 1 -0.556116704 0.7596500162 0.3371439817 1.636958221 9.2136514 0.5 1
Intersection: 2279
2288 2 -0.556116704 0.7596500162 0.3371439817 0.8880438055 9.962565816 0.5 1
Intersection: 2280
2290 11 -0.9479376939 -0.1724175673 -0.2677429944 5.254572461 24.74542754 0.5 1
Intersection: 2281
2292 2 0.05318328106 -0.4670182975 -0.8826468424 5.738672383 24.26132762 0.5 1
Intersection: 2282
2292 5 0.6058506063 0.4195796864 -0.6759422532 11.52487295 13.323795 0.5 1
Intersection: 2283
2292 6 0.05318328106 -0.4670182975 -0.8826468424 7.29155358 22.70844642 0.5 1
Intersection: 2284
2293 3 0.3680570292 -0.1306519685 -0.9205781262 7.507214027 22.49278597 0.5 1
Intersection: 2285
2293 8 -0.4232624648 0.8852121478 -0.1929982883 3.887955717 17.6646674 0.5 1
Intersection: 2286
2294 10 -0.336707558 0.04714913753 0.940428083 11.8484941 18.1515059 0.5 1
Intersection: 2287
2296 12 0.1455464561 -0.06736638978 -0.9870552156 0.4840908215 29.51590918 0.5 1
Intersection: 2288
2299 1 0.2903466846 -0.2736875821 0.9169481502 1.179504741 28.82049526 0.5 1
Intersection: 2289
2299 2 0.1218514069 -0.875592906 0.4674283877 7.855656217 12.73544118 0.5 1
Intersection: 2290
2299 2 0.2903466846 -0.2736875821 0.9169481502 2.313641991 27.68635801 0.5 2
Intersection: 2291
2300 12 -0.718319017 0.2458869412 0.6508128779 1.412136767 28.58786323 0.5 1
Intersection: 2292
2301 6 0.02461678131 0.0002495157917 0.99969693 2.790735855 27.20926414 0.5 1
Intersection: 2293
2301 8 -0.734312341 -0.4482227909 -0.5097859507 1.141576483 28.85842352 0.5 1
Intersection: 2294
2302 1 0.7328336182 0.0164274223 0.680209547 7.690164892 22.30983511 0.5 1
Intersection: 2295
2302 12 -0.8033620388 0.1481107818 0.5767778004 5.434662333 24.56533767 0.5 1
Intersection: 2296
2309 12 -0.1978531615 0.03564266174 0.9795834457 4.57094798 20.81504731 0.5 1
Intersection: 2297
2310 6 -0.03086512459 0.01463856467 0.9994163579 0.5591222839 29.44087772 0.5 1
Intersection: 2298
2311 6 -0.3235943466 0.07276268841 0.9433940269 0.05535259446 29.94464741 0.5 1
Intersection: 2299
2312 8 0.7552400501 -0.5809962048 -0.303407114 1.884599377 18.03693386 0.5 1
Intersection: 2300
2312 9 -0.820675162 0.5369783684 -0.1953113164 6.847625048 22.2227958 0.5 1
Intersection: 2301
2312 11 0.7552400501 -0.5809962048 -0.303407114 4.159019584 15.76251366 0.5 1
Intersection: 2302
2313 3 0.1724409683 0.3603728039 -0.9167309063 10.33832628 11.88456583 0.5 1
Intersection: 2303
2313 8 0.2747813948 0.1903226944 0.9424820726 11.9062143 18.0937857 0.5 1
Intersection: 2304
2313 10 -0.5939837188 0.5475746461 0.589360118 8.312658811 13.27333066 0.5 1
Intersection: 2305
2313 11 -0.8695116056 0.4846282528 0.09531539406 1.516887667 13.50954301 0.5 1
Intersection: 2306
2314 7 0.8532820144 -0.5130831855 -0.09303466345 8.975602313 21.02439769 0.5 1
Intersection: 2307
2316 7 0.9258832729 -0.2418812351 0.2902303105 2.83612568 27.16387432 0.5 1
Intersection: 2308
2317 10 0.6230726537 -0.7804650866 0.05152394439 0.502350044 1.530912751 0.5 1
Intersection: 2309
2320 3 0.8504741262 0.3997682657 -0.3418758464 6.372743472 8.819907786 0.5 1
Intersection: 2310
2320 4 0.4085894144 -0.01746191656 -0.9125512435 3.462370192 26.53762981 0.5 1
Intersection: 2311
2323 11 -0.7613245094 -0.3318024917 0.5570386861 6.167907126 23.83209287 0.5 1
Intersection: 2312
2324 9 -0.8689098229 0.4945865317 0.01949057213 1.715598692 28.28440131 0.5 1
Intersection: 2313
2324 11 -0.1732302006 0.9698207805 0.1715778286 0.8623454934 1.64885032 0.5 1
Intersection: 2314
2326 6 -0.7115633049 0.691921141 -0.1221589041 2.232028145 11.21158698 0.5 1
Intersection: 2315
2327 10 0.01742263306 0.005083858691 0.9998352896 5.068309272 24.93169073 0.5 1
Intersection: 2316
2327 12 0.1229660195 0.06082400405 -0.9905452027 6.181575248 23.81842475 0.5 1
Intersection: 2317
2328 1 -0.4713725288 -0.07419569955 0.8788076793 0.2005393195 29.79946068 0.5 1
Intersection: 2318
2328 9 -0.4713725288 -0.07419569955 0.8788076793 1.805138479 28.19486152 0.5 1
Intersection: 2319
2328 10 -0.4713725288 -0.07419569955 0.8788076793 0.9614840203 29.03851598 0.5 1
Intersection: 2320
2330 3 -0.01732895777 0.05488026996 -0.998342558 5.865358129 24.13464187 0.5 1
Intersection: 2321
2330 4 -0.006726003603 0.9735453434 0.2283948886 8.163785519 8.99463659 0.5 1
Intersection: 2322
2330 4 0.7341724654 -0.5523015242 -0.3949098853 3.609794582 20.10415835 0.5 2
Intersection: 2323
2330 6 -0.01732895777 0.05488026996 -0.998342558 1.614072442 28.38592756 0.5 1
Intersection: 2324
2330 11 -0.1394438523 0.2714148875 0.9523073931 2.99275002 27.00724998 0.5 1
Intersection: 2325
2331 3 0.3904023439 -0.1709243799 -0.9046385279 7.994572931 22.00542707 0.5 1
Intersection: 2326
2331 5 0.3904023439 -0.1709243799 -0.9046385279 6.722674647 23.27732535 0.5 1
Intersection: 2327
2331 12 0.1408327255 0.09097990623 -0.9858442068 6.520946882 23.47905312 0.5 1
Intersection: 2328
2337 7 0.2143123784 0.7659372804 -0.606143784 4.223575577 20.86040424 0.5 1
Intersection: 2329
2338 3 -0.7003963615 0.08986292701 0.7080745661 0.7956469759 29.20435302 0.5 1
Intersection: 2330
2338 4 -0.1745778778 -0.3185474673 0.9316920498 9.232685664 20.76731434 0.5 1
Intersection: 2331
2338 5 -0.7003963615 0.08986292701 0.7080745661 1.728352278 28.27164772 0.5 1
Intersection: 2332
2339 7 -0.9436024464 0.2826277066 0.1724413019 0.200862837 29.79913716 0.5 1
Intersection: 2333
2339 10 0.2835710832 0.05626055677 -0.9572994258 11.34179949 18.65820051 0.5 1
Intersection: 2334
2340 11 0.203693634 -0.4924230997 0.8461846101 3.888158213 26.11184179 0.5 1
Intersection: 2335
2344 3 -0.1802289108 0.5982806155 0.7807546637 1.291293026 7.547162979 0.5 1
Intersection: 2336
2344 11 -0.1802289108 0.5982806155 0.7807546637 2.668245964 6.170210041 0.5 1
Intersection: 2337
2346 2 0.7328336182 0.0164274223 0.680209547 13.71835074 16.28164926 0.5 1
Intersection: 2338
2347 8 -0.3804735108 0.1051684134 -0.9187924207 9.410429953 20.58957005 0.5 1
Intersection: 2339
2351 8 0.4244761275 0.2659436083 -0.8655021747 0.2875130257 4.948503768 0.5 1
Intersection: 2340
2352 1 -0.5489851324 -0.2768748509 -0.7886416431 2.635671082 27.36432892 0.5 1
Intersection: 2341
2353 3 0.02907838787 0.3012196515 0.9531113098 0.524144193 29.47585581 0.5 1
Intersection: 2342
2353 3 0.2118992345 0.1742492871 -0.9616318944 3.573729362 26.42627064 0.5 2
Intersection: 2343
2354 11 0.6205427688 -0.7829315694 0.04410022343 0.0689082903 6.844034044 0.5 1
Intersection: 2344
2355 9 -0.4913490636 -0.2514561004 0.8338740476 7.64343836 22.35656164 0.5 1
Intersection: 2345
2355 9 -0.02613757908 -0.04507938262 -0.9986414152 12.31934561 17.68065439 0.5 2
Intersection: 2346
2355 11 -0.9070238826 0.2330510526 -0.3507062636 0.8482229015 29.1517771 0.5 1
Intersection: 2347
2356 9 0.7336803297 0.2359877047 -0.6371993228 3.363414923 26.63658508 0.5 1
Intersection: 2348
2357 1 -0.529893225 0.5403796392 0.6536076925 0.3428263445 9.456585911 0.5 1
Intersection: 2349
2359 2 0.9990182623 -0.04060722711 0.01770775889 6.697782633 23.30221737 0.5 1
Intersection: 2350
2364 8 0.1280776288 -0.08916732531 0.9877475938 5.721307133 24.27869287 0.5 1
Intersection: 2351
2364 12 0.01742263306 0.005083858691 0.9998352896 10.19532292 19.80467708 0.5 1
Intersection: 2352
2366 5 -0.9070238826 0.2330510526 -0.3507062636 14.31876871 15.68123129 0.5 1
Intersection: 2353
2366 10 0.9691554299 -0.2453000528 0.02378311871 3.65309223 26.34690777 0.5 1
Intersection: 2354
2366 11 -0.9053993944 -0.3193232033 -0.2797939036 12.16796995 17.83203005 0.5 1
Intersection: 2355
2367 6 0.4974944676 0.07670886252 0.8640688659 11.82102571 18.17897429 0.5 1
Intersection: 2356
2367 12 -0.1247481314 -0.2750410325 0.9533049534 12.38132861 17.61867139 0.5 1
Intersection: 2357
2368 8 0.7630843672 0.4200438408 -0.4911877649 7.010099714 7.275274525 0.5 1
Intersection: 2358
2369 3 0.1481292575 -0.1037371705 0.9835122381 2.896350735 27.10364926 0.5 1
Intersection: 2359
2370 7 0.393126034 -0.6970788269 0.5996107324 6.592086215 21.16538411 0.5 1
Intersection: 2360
2370 8 -0.3257705875 -0.08023334119 0.9420382876 10.88554371 19.11445629 0.5 1
Intersection: 2361
2370 8 0.393126034 -0.6970788269 0.5996107324 5.922906505 21.83456382 0.5 2
Intersection: 2362
2372 3 0.05318328106 -0.4670182975 -0.8826468424 5.155088739 24.84491126 0.5 1
Intersection: 2363
2373 11 0.9020550491 0.176811694 -0.3937439691 6.142013881 23.85798612 0.5 1
Intersection: 2364
2376 9 0.7851425418 -0.2745338381 -0.5551417483 4.10340144 10.51664264 0.5 1
Intersection: 2365
2377 5 -0.6293736229 0.5728211953 -0.5251330507 6.016238957 20.97383669 0.5 1
Intersection: 2366
2377 11 -0.6293736229 0.5728211953 -0.5251330507 3.39687676 23.59319888 0.5 1
Intersection: 2367
2377 12 -0.6293736229 0.5728211953 -0.5251330507 4.922309738 22.0677659 0.5 1
Intersection: 2368
2379 6 0.1939856019 0.0202459098 -0.9807954371 7.360834959 22.63916504 0.5 1
Intersection: 2369
2379 12 0.7605224505 -0.05855523538 0.6466659777 5.316031205 24.68396879 0.5 1
Intersection: 2370
2380 3 -0.8056494981 0.2666262682 0.5289984115 11.61728541 18.38271459 0.5 1
Intersection: 2371
2380 3 -0.6708305081 0.7412810905 0.02210823742 8.917751948 10.91084269 0.5 2
Intersection: 2372
2380 5 -0.6708305081 0.7412810905 0.02210823742 8.377313229 11.4512814 0.5 1
Intersection: 2373
2380 7 -0.6708305081 0.7412810905 0.02210823742 8.235489333 11.5931053 0.5 1
Intersection: 2374
2380 11 -0.8056494981 0.2666262682 0.5289984115 13.61559127 16.38440873 0.5 1
Intersection: 2375
2380 12 -0.8056494981 0.2666262682 0.5289984115 12.44871608 17.55128392 0.5 1
Intersection: 2376
2380 12 -0.6708305081 0.7412810905 0.02210823742 9.183880667 10.64471397 0.5 2
Intersection: 2377
2381 2 -0.159376463 0.06485631241 -0.9850851749 10.02978927 19.97021073 0.5 1
Intersection: 2378
2381 2 0.2636510875 -0.07094126437 0.9620059465 6.546955393 23.45304461 0.5 2
Intersection: 2379
2381 12 -0.05042405318 0.1262390705 0.9907174733 7.515244597 22.4847554 0.5 1
Intersection: 2380
2382 10 0.7552400501 -0.5809962048 -0.303407114 1.252896881 18.66863636 0.5 1
Intersection: 2381
2383 4 0.00993925076 0.003528735364 -0.9999443781 12.21362261 17.78637739 0.5 1
Intersection: 2382
2384 2 -0.7492663083 0.07272970145 0.6582631615 0.9783920548 29.02160795 0.5 1
Intersection: 2383
2386 12 -0.8056494981 0.2666262682 0.5289984115 14.63831544 15.36168456 0.5 1
Intersection: 2384
2387 1 0.1550713704 0.09749277076 -0.9830808867 0.6023010264 29.39769897 0.5 1
Intersection: 2385
2387 3 0.1550713704 0.09749277076 -0.9830808867 2.544161285 27.45583871 0.5 1
Intersection: 2386
2387 5 0.1550713704 0.09749277076 -0.9830808867 2.23990009 27.76009991 0.5 1
Intersection: 2387
2387 6 0.1550713704 0.09749277076 -0.9830808867 1.631739989 28.36826001 0.5 1
Intersection: 2388
2387 7 -0.01732895777 0.05488026996 -0.998342558 4.264127587 25.73587241 0.5 1
Intersection: 2389
2389 4 0.9258832729 -0.2418812351 0.2902303105 2.834013384 27.16598662 0.5 1
Intersection: 2390
2389 5 0.7239447074 0.6097645019 -0.3226318535 10.59390699 15.96078492 0.5 1
Intersection: 2391
2389 6 -0.230986696 -0.1540304485 -0.9606871328 7.48663879 15.62083582 0.5 1
Intersection: 2392
2389 8 -0.7721979731 -0.3227831476 -0.5472854191 10.97883425 19.02116575 0.5 1
Intersection: 2393
2390 5 0.6370620658 -0.1078938396 0.76322398 0.6222445046 29.3777555 0.5 1
Intersection: 2394
2390 6 -0.230986696 -0.1540304485 -0.9606871328 10.71222485 12.39524976 0.5 1
Intersection: 2395
2390 7 -0.06026908983 0.2275389174 -0.9719020927 8.128594586 21.87140541 0.5 1
Intersection: 2396
2390 8 0.7605224505 -0.05855523538 0.6466659777 0.5890013555 29.41099864 0.5 1
Intersection: 2397
2390 11 -0.009411361243 -0.826460746 -0.5629156789 5.067858382 7.814562139 0.5 1
Intersection: 2398
2391 3 -0.4048162127 -0.6445405225 0.6486072377 0.7539968153 2.622539131 0.5 1
Intersection: 2399
2394 12 0.9854856749 -0.1651301649 0.03937020714 4.95746765 25.04253235 0.5 1
Intersection: 2400
2398 2 0.7979394838 0.05633574082 -0.6000990455 8.544817762 21.45518224 0.5 1
Intersection: 2401
2398 7 0.1280776288 -0.08916732531 0.9877475938 9.861940686 20.13805931 0.5 1
Intersection: 2402
2398 9 0.1280776288 -0.08916732531 0.9877475938 7.790430405 22.2095696 0.5 1
Intersection: 2403
2400 11 0.60892051 -0.7907657279 0.06249300758 0.7588716313 1.476713259 0.5 1
Intersection: 2404
2401 6 -0.5047154317 0.1435340347 -0.8512698244 6.712502942 23.28749706 0.5 1
Intersection: 2405
2402 9 -0.8689098229 0.4945865317 0.01949057213 10.3081642 19.6918358 0.5 1
Intersection: 2406
2403 9 -0.3604015018 -0.2221936348 -0.9059474301 3.144549881 6.633646711 0.5 1
Intersection: 2407
2403 11 -0.8091215156 -0.4140988458 -0.4169466619 0.7950465488 4.746141482 0.5 1
Intersection: 2408
2403 12 0.8532820144 -0.5130831855 -0.09303466345 1.235387258 28.76461274 0.5 1
Intersection: 2409
2405 2 0.2848121366 -0.9418763471 0.1781880849 1.493346423 9.28473742 0.5 1
Intersection: 2410
2405 4 0.2848121366 -0.9418763471 0.1781880849 1.560280058 9.217803785 0.5 1
Intersection: 2411
2405 8 0.2848121366 -0.9418763471 0.1781880849 2.363216316 8.414867526 0.5 1
Intersection: 2412
2407 1 0.6708918191 0.08540499736 -0.7366207664 0.8045773285 16.05205919 0.5 1
Intersection: 2413
2407 6 0.6708918191 0.08540499736 -0.7366207664 1.679781994 15.17685453 0.5 1
Intersection: 2414
2408 12 -0.5040145814 0.1839995978 -0.8438681471 11.32710713 18.67289287 0.5 1
Intersection: 2415
2409 3 0.2499112951 0.8258813531 -0.5054347982 4.434837362 17.21429817 0.5 1
Intersection: 2416
2409 4 0.2499112951 0.8258813531 -0.5054347982 5.243858407 16.40527712 0.5 1
Intersection: 2417
2409 5 0.03010367494 -0.03441802445 0.9989540372 5.626270536 24.37372946 0.5 1
Intersection: 2418
2409 8 0.2499112951 0.8258813531 -0.5054347982 6.077708794 15.57142674 0.5 1
Intersection: 2419
2409 10 0.346286246 -0.7950656761 -0.4979522131 7.957218871 14.60644472 0.5 1
Intersection: 2420
2410 7 0.4318041576 -0.7375433231 -0.5192061402 5.95051199 18.80541102 0.5 1
Intersection: 2421
2410 8 0.4318041576 -0.7375433231 -0.5192061402 5.480562829 19.27536018 0.5 1
Intersection: 2422
2411 4 -0.5023440697 -0.8646575845 -0.004206806132 8.136532696 11.67934579 0.5 1
Intersection: 2423
2411 8 -0.5023440697 -0.8646575845 -0.004206806132 6.802900438 13.01297805 0.5 1
Intersection: 2424
2414 11 -0.6526401154 -0.689282376 0.3145642793 1.289874511 14.80846067 0.5 1
Intersection: 2425
2415 2 0.5271179444 -0.8141662599 -0.243474791 6.523384248 15.94543262 0.5 1
Intersection: 2426
2415 5 -0.04456381816 0.3566573129 0.9331718101 9.034209349 20.96579065 0.5 1
Intersection: 2427
2415 11 0.8342137123 -0.5438698341 0.09106638145 8.862443579 12.87962996 0.5 1
Intersection: 2428
2415 12 0.8342137123 -0.5438698341 0.09106638145 8.035796732 13.70627681 0.5 1
Intersection: 2429
2418 2 0.09401340302 -0.7884112323 0.6079220418 2.619535189 7.478255415 0.5 1
Intersection: 2430
2421 4 0.008333494603 0.1916138992 -0.9814350037 14.03417458 15.96582542 0.5 1
Intersection: 2431
2422 7 -0.0506653036 0.0439555643 -0.9977479318 8.458194787 21.54180521 0.5 1
Intersection: 2432
2426 1 -0.3922750999 0.1590761526 -0.9059884236 12.91713849 17.08286151 0.5 1
Intersection: 2433
2426 1 -0.2982768599 0.02496439496 -0.9541528671 5.332172196 24.6678278 0.5 2
Intersection: 2434
2426 2 -0.2982768599 0.02496439496 -0.9541528671 5.735575288 24.26442471 0.5 1
Intersection: 2435
2426 2 -0.1434625627 0.01714514542 -0.9895072193 2.398835175 27.60116482 0.5 2
Intersection: 2436
2427 3 -0.3257705875 -0.08023334119 0.9420382876 12.31839438 17.68160562 0.5 1
Intersection: 2437
2427 6 0.005459177026 -0.02352742624 0.9997082863 0.815617553 29.18438245 0.5 1
Intersection: 2438
2428 4 0.05318328106 -0.4670182975 -0.8826468424 12.45683385 17.54316615 0.5 1
Intersection: 2439
2428 7 -0.5315350108 0.5164619777 0.6713699113 7.680657686 17.04638695 0.5 1
Intersection: 2440
2428 7 -0.4913490636 -0.2514561004 0.8338740476 8.007116503 21.9928835 0.5 2
Intersection: 2441
2432 11 0.679729137 0.01992679681 -0.733192487 5.076169672 15.02663202 0.5 1
Intersection: 2442
2433 1 0.4218499268 -0.1121359021 0.8997044952 7.851777876 22.14822212 0.5 1
Intersection: 2443
2434 8 0.8532820144 -0.5130831855 -0.09303466345 12.96628504 17.03371496 0.5 1
Intersection: 2444
2435 1 -0.6340491871 -0.2670800376 -0.7257064708 12.55489992 17.44510008 0.5 1
Intersection: 2445
2435 11 -0.03498301108 0.2257601453 0.9735545931 14.77040673 15.22959327 0.5 1
Intersection: 2446
2435 11 0.05767179781 0.02862168422 0.9979252291 14.17532306 15.82467694 0.5 2
Intersection: 2447
2435 12 0.7761443644 0.5246163941 0.3498250487 1.823251207 15.75850111 0.5 1
Intersection: 2448
2436 9 -0.3975498249 0.1377125652 -0.9071876245 0.9309004852 29.06909951 0.5 1
Intersection: 2449
2438 2 0.1923148466 0.02657657904 0.9809733356 7.900614053 22.09938595 0.5 1
Intersection: 2450
2438 7 0.9889658446 -0.07091716611 -0.1300665741 13.21001821 16.78998179 0.5 1
Intersection: 2451
2438 8 0.9889658446 -0.07091716611 -0.1300665741 13.58403564 16.41596436 0.5 1
Intersection: 2452
2441 7 0.1408061112 0.2270729895 0.9636449017 12.73475202 17.26524798 0.5 1
Intersection: 2453
2443 2 -0.4365007609 -0.09499242223 0.8946750949 10.8219367 19.1780633 0.5 1
Intersection: 2454
2443 12 0.04354377576 -0.3346052182 0.9413518405 9.845260934 20.15473907 0.5 1
Intersection: 2455
2446 1 -0.09445626451 -0.5012413423 -0.8601366931 14.09996165 15.90003835 0.5 1
Intersection: 2456
2446 2 -0.09445626451 -0.5012413423 -0.8601366931 14.45055111 15.54944889 0.5 1
Intersection: 2457
2449 1 0.05767179781 0.02862168422 0.9979252291 11.62007966 18.37992034 0.5 1
Intersection: 2458
2449 3 -0.03498301108 0.2257601453 0.9735545931 12.46075075 17.53924925 0.5 1
Intersection: 2459
2449 5 -0.03498301108 0.2257601453 0.9735545931 12.91978807 17.08021193 0.5 1
Intersection: 2460
2449 9 0.4974944676 0.07670886252 0.8640688659 2.381178054 27.61882195 0.5 1
Intersection: 2461
2449 11 0.2835710832 0.05626055677 -0.9572994258 1.979507529 28.02049247 0.5 1
Intersection: 2462
2450 1 -0.07126697367 0.9423669486 -0.3269029712 0.4716219889 14.1286947 0.5 1
Intersection: 2463
2451 3 0.3564816904 -0.9075834755 -0.2218401214 4.023038412 17.5592229 0.5 1
Intersection: 2464
2451 4 -0.3462159801 0.07849543613 0.9348652104 13.40007839 16.59992161 0.5 1
Intersection: 2465
2451 12 0.3564816904 -0.9075834755 -0.2218401214 5.11506702 16.46719429 0.5 1
Intersection: 2466
2452 1 0.1694857392 -0.164017944 -0.971788402 10.39518625 19.60481375 0.5 1
Intersection: 2467
2452 12 0.09038885096 -0.009043756164 -0.9958654859 0.2998765252 29.70012347 0.5 1
Intersection: 2468
2453 7 -0.5036956558 -0.549346292 -0.666715335 12.94911134 14.87493234 0.5 1
Intersection: 2469
2453 8 -0.5036956558 -0.549346292 -0.666715335 12.18956537 15.63447831 0.5 1
Intersection: 2470
2454 5 -0.3257705875 -0.08023334119 0.9420382876 14.99253278 15.00746722 0.5 1
Intersection: 2471
2454 6 -0.3257705875 -0.08023334119 0.9420382876 13.10738936 16.89261064 0.5 1
Intersection: 2472
2454 11 -0.03087542559 0.05124227086 -0.9982088648 7.240496491 22.75950351 0.5 1
Intersection: 2473
2455 12 -0.007493240522 0.002903937966 -0.9999677087 0.780577243 29.21942276 0.5 1
Intersection: 2474
2456 3 -0.2870713723 -0.5924817952 0.752698711 9.12375775 13.56079221 0.5 1
Intersection: 2475
2458 6 -0.976768187 0.03727749258 -0.2110315079 2.487578373 27.51242163 0.5 1
Intersection: 2476
2458 8 0.9691554299 -0.2453000528 0.02378311871 11.27510755 18.72489245 0.5 1
Intersection: 2477
2458 12 -0.3782516758 -0.2318891434 0.8961880912 6.777477067 23.22252293 0.5 1
Intersection: 2478
2459 1 0.679729137 0.01992679681 -0.733192487 2.980782978 17.12201872 0.5 1
Intersection: 2479
2461 1 -0.9179225963 0.3726570176 0.1361794932 5.116696529 19.80406721 0.5 1
Intersection: 2480
2461 2 -0.9179225963 0.3726570176 0.1361794932 4.433278399 20.48748534 0.5 1
Intersection: 2481
2461 6 -0.9179225963 0.3726570176 0.1361794932 5.944260342 18.9765034 0.5 1
Intersection: 2482
2462 3 -0.5040145814 0.1839995978 -0.8438681471 0.1933398216 29.80666018 0.5 1
Intersection: 2483
2466 5 0.1455464561 -0.06736638978 -0.9870552156 6.347180111 23.65281989 0.5 1
Intersection: 2484
2467 3 0.06469090092 0.8259243278 0.5600572221 5.494985005 13.03549279 0.5 1
Intersection: 2485
2467 5 0.06469090092 0.8259243278 0.5600572221 4.784385752 13.74609205 0.5 1
Intersection: 2486
2468 1 0.0602484732 0.1513225184 0.9866466525 11.59756705 18.40243295 0.5 1
Intersection: 2487
2468 4 0.0602484732 0.1513225184 0.9866466525 9.32434537 20.67565463 0.5 1
Intersection: 2488
2471 2 -0.2029852127 0.4571693428 0.8659059969 2.310991464 9.597544958 0.5 1
Intersection: 2489
2473 2 -0.1745778778 -0.3185474673 0.9316920498 4.617440697 25.3825593 0.5 1
Intersection: 2490
2473 7 -0.1745778778 -0.3185474673 0.9316920498 3.051491901 26.9485081 0.5 1
Intersection: 2491
2473 8 -0.1745778778 -0.3185474673 0.9316920498 3.793241531 26.20675847 0.5 1
Intersection: 2492
2478 1 -0.06018457224 -0.06824145257 0.9958518572 5.59416627 24.40583373 0.5 1
Intersection: 2493
2478 3 0.9014012983 0.1794906501 0.3940289405 4.489901751 25.51009825 0.5 1
Intersection: 2494
2478 9 0.9014012983 0.1794906501 0.3940289405 6.221384866 23.77861513 0.5 1
Intersection: 2495
2478 11 -0.08784623778 -0.05157729705 0.9947978794 3.380985829 26.61901417 0.5 1
Intersection: 2496
2478 12 0.9014012983 0.1794906501 0.3940289405 4.680192772 25.31980723 0.5 1
Intersection: 2497
2480 9 0.02606156785 -0.0520784673 -0.9983028738 14.090213 15.909787 0.5 1
Intersection: 2498
2480 11 0.04115225386 0.1696077661 -0.9846520693 3.722803619 26.27719638 0.5 1
Intersection: 2499
2482 2 0.3628715574 -0.5938577708 -0.7180927384 13.03955275 16.96044725 0.5 1
Intersection: 2500
2483 12 0.317180288 -0.4384602992 -0.8409216557 4.341842266 25.65815773 0.5 1
Intersection: 2501
2484 5 -0.429550284 -0.2653010436 -0.8631928578 3.653057918 12.54695841 0.5 1
Intersection: 2502
2485 10 0.8504741262 0.3997682657 -0.3418758464 0.5096261779 14.68302508 0.5 1
Intersection: 2503
2486 7 0.460794365 0.1528835625 0.8742397666 11.69330666 18.30669334 0.5 1
Intersection: 2504
2486 12 -0.5489851324 -0.2768748509 -0.7886416431 11.99667757 18.00332243 0.5 1
Intersection: 2505
2487 6 -0.1918906133 0.08498748637 0.9777295739 7.258938144 22.74106186 0.5 1
Intersection: 2506
2488 1 -0.03087542559 0.05124227086 -0.9982088648 13.83291633 16.16708367 0.5 1
Intersection: 2507
2488 3 -0.3257705875 -0.08023334119 0.9420382876 10.98132105 19.01867895 0.5 1
Intersection: 2508
2488 11 0.393126034 -0.6970788269 0.5996107324 10.04892567 17.70854465 0.5 1
Intersection: 2509
2488 12 0.393126034 -0.6970788269 0.5996107324 9.213643693 18.54382663 0.5 1
Intersection: 2510
2489 9 -0.3480298315 -0.1747605905 -0.9210504722 9.050208066 20.94979193 0.5 1
Intersection: 2511
2492 5 -0.6672698831 0.01023452588 -0.7447456999 8.699990458 21.30000954 0.5 1
Intersection: 2512
2495 9 0.8379748433 0.1749952428 -0.5168895694 4.663595361 25.33640464 0.5 1
Intersection: 2513
2497 4 0.157514822 -0.3740190508 0.9139468423 6.979602307 23.02039769 0.5 1
Intersection: 2514
2497 12 -0.007167039539 0.3828779843 -0.9237711203 7.773423647 22.22657635 0.5 1
Intersection: 2515
2498 3 0.8038481078 0.5499291666 0.2267292025 5.669978399 21.12613777 0.5 1
Intersection: 2516
2498 7 -0.7286982356 0.2976394485 0.6167735728 6.135163543 10.23870917 0.5 1
Intersection: 2517
2498 11 0.952688449 0.2051208277 0.2242992758 9.173227051 20.82677295 0.5 1
Intersection: 2518
2503 5 0.004451579778 -0.3631428831 -0.9317228289 8.802871818 21.19712818 0.5 1
Intersection: 2519
2503 10 0.004451579778 -0.3631428831 -0.9317228289 6.466998936 23.53300106 0.5 1
Intersection: 2520
2507 3 -0.6293736229 0.5728211953 -0.5251330507 1.422846712 25.56722893 0.5 1
Intersection: 2521
2507 4 -0.6293736229 0.5728211953 -0.5251330507 0.5007480679 26.48932757 0.5 1
Intersection: 2522
2510 2 -0.003330084401 -0.004243579798 0.9999854512 9.372843343 20.62715666 0.5 1
Intersection: 2523
2512 6 -0.294806744 -0.08135499355 0.952087364 3.822062558 26.17793744 0.5 1
Intersection: 2524
2512 12 -0.294806744 -0.08135499355 0.952087364 2.352996071 27.64700393 0.5 1
Intersection: 2525
2513 5 -0.4713725288 -0.07419569955 0.8788076793 12.10577827 17.89422173 0.5 1
Intersection: 2526
2513 10 0.1193393511 0.1395658483 -0.9829951644 2.96498304 27.03501696 0.5 1
Intersection: 2527
2514 6 0.05743218163 0.3879561014 0.9198867365 3.846447353 26.15355265 0.5 1
Intersection: 2528
2515 5 -0.4713725288 -0.07419569955 0.8788076793 14.28535699 15.71464301 0.5 1
Intersection: 2529
2516 11 -0.2719874627 -0.2958483311 -0.9156945916 10.51923411 19.34755062 0.5 1
Intersection: 2530
2516 12 -0.2719874627 -0.2958483311 -0.9156945916 9.987843262 19.87894147 0.5 1
Intersection: 2531
2520 1 0.02606156785 -0.0520784673 -0.9983028738 1.861165621 28.13883438 0.5 1
Intersection: 2532
2520 4 -0.546061721 -0.5103839714 -0.664322812 3.912188203 9.533757432 0.5 1
Intersection: 2533
2520 8 -0.546061721 -0.5103839714 -0.664322812 3.361784187 10.08416145 0.5 1
Intersection: 2534
2521 3 0.6263403473 0.2633196462 -0.733730559 9.623741513 20.37625849 0.5 1
Intersection: 2535
2521 4 -0.4727974277 -0.3806299582 0.7947222328 12.29782924 17.70217076 0.5 1
Intersection: 2536
2521 5 0.1977441629 0.5039020509 0.840821009 11.9496229 18.0503771 0.5 1
Intersection: 2537
2521 7 -0.4727974277 -0.3806299582 0.7947222328 10.94736612 19.05263388 0.5 1
Intersection: 2538
2521 8 -0.4727974277 -0.3806299582 0.7947222328 11.80364318 18.19635682 0.5 1
Intersection: 2539
2521 11 0.6263403473 0.2633196462 -0.733730559 12.49910833 17.50089167 0.5 1
Intersection: 2540
2521 12 0.00993925076 0.003528735364 -0.9999443781 7.867302962 22.13269704 0.5 1
Intersection: 2541
2522 10 0.4478862059 0.35281094 -0.8215366012 0.1324794126 29.86752059 0.5 1
Intersection: 2542
2522 11 0.1229660195 0.06082400405 -0.9905452027 13.97494208 16.02505792 0.5 1
Intersection: 2543
2525 11 0.161604066 -0.4208872885 0.892601824 11.45869827 18.54130173 0.5 1
Intersection: 2544
2526 10 -0.3599294519 -0.3797442979 -0.8522001278 10.53957774 19.46042226 0.5 1
Intersection: 2545
2527 7 -0.04841051708 -0.8680660001 -0.4940828284 1.630743274 5.045908868 0.5 1
Intersection: 2546
2527 10 -0.6672698831 0.01023452588 -0.7447456999 13.91169051 16.08830949 0.5 1
Intersection: 2547
2527 10 -0.01272418069 0.08078905529 -0.9966500006 10.29918696 19.70081304 0.5 2
Intersection: 2548
2527 11 -0.04841051708 -0.8680660001 -0.4940828284 0.6037960044 6.072856138 0.5 1
Intersection: 2549
2528 2 0.02069864564 -0.1239068266 -0.9920779528 4.22159838 25.77840162 0.5 1
Intersection: 2550
2528 4 0.02069864564 -0.1239068266 -0.9920779528 5.837385473 24.16261453 0.5 1
Intersection: 2551
2529 3 0.3496202506 -0.9125779881 0.2120544647 1.21061046 13.38969777 0.5 1
Intersection: 2552
2532 2 -0.9727239667 0.1371658439 -0.187065806 12.94002905 17.05997095 0.5 1
Intersection: 2553
2532 12 0.09111745244 0.007183440614 -0.9958142437 14.09304996 15.90695004 0.5 1
Intersection: 2554
2533 5 -0.0104750664 -0.004819909745 0.9999335185 4.572382512 25.42761749 0.5 1
Intersection: 2555
2533 5 0.5272721019 0.2263950533 0.8189807143 12.26207415 17.73792585 0.5 2
Intersection: 2556
2534 4 -0.6325914198 -0.1460945562 0.7605816697 0.7691649079 9.917304448 0.5 1
Intersection: 2557
2535 12 -0.1986287447 -0.3180733236 -0.9270253409 6.668381994 11.29131205 0.5 1
Intersection: 2558
2536 1 0.5407941177 -0.05668804491 -0.8392426275 0.6854730273 29.31452697 0.5 1
Intersection: 2559
2536 5 -0.4014600128 -0.09999737314 -0.9104012212 8.373651731 21.62634827 0.5 1
Intersection: 2560
2536 6 0.06129321069 -0.05475750187 0.9966166556 1.897038628 28.10296137 0.5 1
Intersection: 2561
2536 10 0.06129321069 -0.05475750187 0.9966166556 2.398482145 27.60151785 0.5 1
Intersection: 2562
2537 7 -0.04205755104 0.5295771899 0.8472184856 6.752063956 22.71882056 0.5 1
Intersection: 2563
2539 4 -0.05347068342 -0.1635059386 0.9850922262 14.25778822 15.74221178 0.5 1
Intersection: 2564
2544 4 0.7689978176 0.4159641582 0.4854031063 3.388471817 26.61152818 0.5 1
Intersection: 2565
2544 5 0.07355460921 -0.1996323039 -0.9771062699 11.55953159 18.44046841 0.5 1
Intersection: 2566
2546 2 0.1456229214 -0.9571961928 -0.2501387879 3.133938578 4.857976314 0.5 1
Intersection: 2567
2546 8 0.1456229214 -0.9571961928 -0.2501387879 2.837417321 5.154497571 0.5 1
Intersection: 2568
2546 9 0.1456229214 -0.9571961928 -0.2501387879 1.96784453 6.024070362 0.5 1
Intersection: 2569
2548 7 -0.3646785124 0.838276417 -0.4053421164 9.736899429 13.71130838 0.5 1
Intersection: 2570
2551 8 -0.2137440023 0.4361278644 -0.8741315618 6.928926343 7.221081721 0.5 1
Intersection: 2571
2553 7 0.7757652267 -0.004373355624 -0.6310064871 0.3863657491 29.61363425 0.5 1
Intersection: 2572
2554 3 0.157514822 -0.3740190508 0.9139468423 10.55950914 19.44049086 0.5 1
Intersection: 2573
2558 2 -0.07932684578 -0.3433056336 0.9358677756 6.68662681 23.31337319 0.5 1
Intersection: 2574
2560 1 0.7761443644 0.5246163941 0.3498250487 3.522855668 14.05889665 0.5 1
Intersection: 2575
2560 5 0.7761443644 0.5246163941 0.3498250487 6.222903893 11.35884842 0.5 1
Intersection: 2576
2560 6 0.7761443644 0.5246163941 0.3498250487 4.681678289 12.90007403 0.5 1
Intersection: 2577
2563 6 0.8373835319 0.1258527265 -0.5319303636 7.235307734 22.76469227 0.5 1
Intersection: 2578
2563 7 -0.01272418069 0.08078905529 -0.9966500006 4.94180925 25.05819075 0.5 1
Intersection: 2579
2564 1 0.6200207651 0.2578310325 0.7410110725 8.060989706 21.93901029 0.5 1
Intersection: 2580
2565 1 -0.04038651668 -0.2885523512 0.9566119746 2.405892024 27.59410798 0.5 1
Intersection: 2581
2566 2 0.5407941177 -0.05668804491 -0.8392426275 4.552600475 25.44739952 0.5 1
Intersection: 2582
2568 9 -0.8033620388 0.1481107818 0.5767778004 6.71246897 23.28753103 0.5 1
Intersection: 2583
2569 9 -0.2256816891 -0.09734215037 0.9693256836 8.148206619 21.85179338 0.5 1
Intersection: 2584
2570 2 -0.4851144539 -0.2154555604 -0.847492105 4.356503159 10.51996371 0.5 1
Intersection: 2585
2570 3 -0.8033620388 0.1481107818 0.5767778004 10.86096566 19.13903434 0.5 1
Intersection: 2586
2570 4 -0.6708305081 0.7412810905 0.02210823742 0.6598819961 19.16871264 0.5 1
Intersection: 2587
2570 11 -0.1978271318 0.5436850421 0.8156414659 13.92453402 16.07546598 0.5 1
Intersection: 2588
2571 10 0.2848121366 -0.9418763471 0.1781880849 3.067832592 7.710251251 0.5 1
Intersection: 2589
2572 9 -0.7667403192 -0.4596913845 0.4480994464 0.1300097927 29.86999021 0.5 1
Intersection: 2590
2572 11 -0.3782516758 -0.2318891434 0.8961880912 2.490085229 27.50991477 0.5 1
Intersection: 2591
2572 12 -0.7823523963 0.1099497936 -0.61305446 2.923409488 27.07659051 0.5 1
Intersection: 2592
2575 2 0.413645783 0.2709724652 0.869178399 0.220715036 29.77928496 0.5 1
Intersection: 2593
2575 6 -0.3100681301 -0.4916922653 -0.8136931061 1.605752323 2.442342244 0.5 1
Intersection: 2594
2579 2 0.01139112705 0.004562468342 0.9999247102 7.037491547 22.96250845 0.5 1
Intersection: 2595
2579 12 0.2032542221 -0.8712281941 0.4468211668 1.811555252 14.20597005 0.5 1
Intersection: 2596
2580 1 0.6922823052 0.08636933257 0.7164394938 2.98654414 4.217921399 0.5 1
Intersection: 2597
2580 2 0.6922823052 0.08636933257 0.7164394938 2.153344477 5.051121062 0.5 1
Intersection: 2598
2584 5 -0.1020304957 -0.0545736972 -0.993283187 3.435403011 26.56459699 0.5 1
Intersection: 2599
2584 8 -0.05347068342 -0.1635059386 0.9850922262 5.795943916 24.20405608 0.5 1
Intersection: 2600
2585 8 0.6200207651 0.2578310325 0.7410110725 2.683382674 27.31661733 0.5 1
Intersection: 2601
2585 12 0.004451579778 -0.3631428831 -0.9317228289 3.267780402 26.7322196 0.5 1
Intersection: 2602
2586 5 -0.7612818378 -0.5526572719 -0.3391458436 10.49747161 19.50252839 0.5 1
Intersection: 2603
2587 2 -0.9727239667 0.1371658439 -0.187065806 4.276904941 25.72309506 0.5 1
Intersection: 2604
2587 6 0.2715262162 0.02805955077 -0.9620219205 11.07299548 18.92700452 0.5 1
Intersection: 2605
2589 7 0.9557705942 -0.2181281501 0.1972883204 1.404241356 28.24749344 0.5 1
Intersection: 2606
2591 12 0.4940367247 -0.06546258589 -0.8669731048 3.488412097 5.602668167 0.5 1
Intersection: 2607
2592 2 0.01758924738 0.1284353079 -0.9915618942 4.175515228 25.82448477 0.5 1
Intersection: 2608
2592 4 0.01758924738 0.1284353079 -0.9915618942 4.145805503 25.8541945 0.5 1
Intersection: 2609
2598 9 -0.2756454111 0.943734475 0.18271521 2.07362666 5.139179592 0.5 1
Intersection: 2610
2603 2 -0.2966077234 -0.4159129769 -0.8596745047 5.706705623 14.89512605 0.5 1
Intersection: 2611
2606 2 -0.07600099912 0.2054658251 0.97570879 1.293783384 28.70621662 0.5 1
Intersection: 2612
2606 3 0.008333494603 0.1916138992 -0.9814350037 8.573991567 21.42600843 0.5 1
Intersection: 2613
2606 7 0.9083594651 -0.1942662134 0.3703292055 5.128859412 24.87114059 0.5 1
Intersection: 2614
2606 9 0.01428029739 0.003146472527 -0.9998930807 11.82712536 18.17287464 0.5 1
Intersection: 2615
2606 9 0.9083594651 -0.1942662134 0.3703292055 4.429804964 25.57019504 0.5 2
Intersection: 2616
2606 11 -0.8031137453 0.5325576596 -0.2671902905 12.54154779 17.45845221 0.5 1
Intersection: 2617
2606 11 0.4709152389 -0.8708525042 0.1409068972 5.17330743 7.383735649 0.5 2
Intersection: 2618
2606 11 0.9083594651 -0.1942662134 0.3703292055 5.142334365 24.85766563 0.5 3
Intersection: 2619
2606 12 -0.8031137453 0.5325576596 -0.2671902905 12.47455422 17.52544578 0.5 1
Intersection: 2620
2607 12 0.02490610723 -0.04145116193 0.9988300591 7.523472433 22.47652757 0.5 1
Intersection: 2621
2608 1 0.2903466846 -0.2736875821 0.9169481502 13.54845651 16.45154349 0.5 1
Intersection: 2622
2608 3 0.2903466846 -0.2736875821 0.9169481502 12.35814208 17.64185792 0.5 1
Intersection: 2623
2608 3 0.7689978176 0.4159641582 0.4854031063 6.906446456 23.09355354 0.5 2
Intersection: 2624
2608 10 0.2903466846 -0.2736875821 0.9169481502 13.84250315 16.15749685 0.5 1
Intersection: 2625
2610 7 -0.03087542559 0.05124227086 -0.9982088648 0.07927790305 29.9207221 0.5 1
Intersection: 2626
2615 9 -0.1936631449 0.485502626 0.8525149773 3.951870245 20.61694995 0.5 1
Intersection: 2627
2615 10 -0.1936631449 0.485502626 0.8525149773 3.200893059 21.36792714 0.5 1
Intersection: 2628
2617 3 -0.6435974614 -0.7193698484 -0.26132227 0.1107220813 8.913876447 0.5 1
Intersection: 2629
2617 10 -0.9627394581 -0.08746337884 -0.2558962546 4.099626719 18.49592982 0.5 1
Intersection: 2630
2617 10 -0.7681239242 0.6227715445 -0.1487993292 0.8318950942 8.447057033 0.5 2
Intersection: 2631
2619 10 -0.2162115214 -0.8970810003 -0.3853547156 8.402928386 8.452380497 0.5 1
Intersection: 2632
2620 1 0.5440488561 -0.3398437592 -0.7671486567 10.72760563 19.27239437 0.5 1
Intersection: 2633
2620 6 0.9814093774 -0.1698325248 0.08940104804 4.230683002 25.769317 0.5 1
Intersection: 2634
2620 10 -0.4567183698 0.1727957373 0.8726683012 5.236096215 24.76390378 0.5 1
Intersection: 2635
2622 7 -0.8505733115 0.1584189951 0.5014264291 6.467644492 8.790680069 0.5 1
Intersection: 2636
2622 8 -0.8505733115 0.1584189951 0.5014264291 5.44814064 9.810183921 0.5 1
Intersection: 2637
2622 9 -0.8505733115 0.1584189951 0.5014264291 6.906188029 8.352136532 0.5 1
Intersection: 2638
2624 1 -0.4518852701 0.2466204493 0.8573086122 3.495154452 8.216513322 0.5 1
Intersection: 2639
2624 2 -0.4518852701 0.2466204493 0.8573086122 4.720420426 6.991247348 0.5 1
Intersection: 2640
2624 7 -0.4518852701 0.2466204493 0.8573086122 4.770129506 6.941538268 0.5 1
Intersection: 2641
2624 8 -0.4518852701 0.2466204493 0.8573086122 5.289158436 6.422509338 0.5 1
Intersection: 2642
2625 5 0.346286246 -0.7950656761 -0.4979522131 9.804393598 12.75927 0.5 1
Intersection: 2643
2625 5 0.7689978176 0.4159641582 0.4854031063 1.219231673 28.78076833 0.5 2
Intersection: 2644
2625 6 0.3904023439 -0.1709243799 -0.9046385279 6.415996218 23.58400378 0.5 1
Intersection: 2645
2625 6 0.7689978176 0.4159641582 0.4854031063 3.153200461 26.84679954 0.5 2
Intersection: 2646
2629 1 0.2143123784 0.7659372804 -0.606143784 5.563757937 19.52022188 0.5 1
Intersection: 2647
2630 3 -0.2952982697 -0.2261247221 -0.9282599539 4.632307383 19.69116561 0.5 1
Intersection: 2648
2630 11 -0.08770754368 -0.4620335514 -0.8825148068 14.15561892 15.84438108 0.5 1
Intersection: 2649
2632 4 0.4153365359 0.9010753242 -0.1247350072 1.995866103 10.86294442 0.5 1
Intersection: 2650
2636 3 -0.03710430986 -0.03267757419 0.9987769753 6.395605662 23.60439434 0.5 1
Intersection: 2651
2636 5 -0.2406210041 -0.150698063 -0.9588491155 0.328751696 29.6712483 0.5 1
Intersection: 2652
2636 6 -0.2406210041 -0.150698063 -0.9588491155 0.9256698276 29.07433017 0.5 1
Intersection: 2653
2637 2 0.06994573945 0.9857839354 -0.1527665744 8.942557477 10.98519894 0.5 1
Intersection: 2654
2638 7 -0.3739369227 -0.7688319382 0.5187182556 1.421605165 14.21106406 0.5 1
Intersection: 2655
2638 10 0.4583118656 -0.04164266867 0.8878153648 6.494893665 23.50510633 0.5 1
Intersection: 2656
2638 11 0.4583118656 -0.04164266867 0.8878153648 7.31595524 22.68404476 0.5 1
Intersection: 2657
2639 2 -0.001075913647 0.0003212465362 -0.9999993696 4.74703877 25.25296123 0.5 1
Intersection: 2658
2639 4 -0.001075913647 0.0003212465362 -0.9999993696 3.797636155 26.20236384 0.5 1
Intersection: 2659
2640 3 0.7814241811 -0.07062483471 -0.6199906306 8.314969909 21.68503009 0.5 1
Intersection: 2660
2643 1 -0.3804735108 0.1051684134 -0.9187924207 12.5590707 17.4409293 0.5 1
Intersection: 2661
2643 2 -0.3804735108 0.1051684134 -0.9187924207 11.43263581 18.56736419 0.5 1
Intersection: 2662
2645 1 -0.2947946523 0.2703444194 -0.9165205987 1.529900754 5.813534637 0.5 1
Intersection: 2663
2645 1 -0.003330084401 -0.004243579798 0.9999854512 7.323024722 22.67697528 0.5 2
Intersection: 2664
2645 5 -0.3419762424 0.170872474 0.9240426653 5.444137445 11.57454386 0.5 1
Intersection: 2665
2645 6 -0.003330084401 -0.004243579798 0.9999854512 7.184646855 22.81535315 0.5 1
Intersection: 2666
2646 8 -0.1683605436 -0.0008048847017 0.9857251542 11.63622548 18.36377452 0.5 1
Intersection: 2667
2647 5 -0.03086512459 0.01463856467 0.9994163579 5.820221732 24.17977827 0.5 1
Intersection: 2668
2650 5 0.1712116146 -0.1188665926 0.978037482 10.11978968 19.88021032 0.5 1
Intersection: 2669
2651 5 0.5636831086 -0.03895138634 0.8250722045 1.311844218 28.68815578 0.5 1
Intersection: 2670
2651 11 -0.03108618318 0.2359668004 -0.9712637738 14.99409439 15.00590561 0.5 1
Intersection: 2671
2651 12 -0.03108618318 0.2359668004 -0.9712637738 14.27038301 15.72961699 0.5 1
Intersection: 2672
2654 9 0.1456229214 -0.9571961928 -0.2501387879 1.340927298 6.650987595 0.5 1
Intersection: 2673
2657 2 0.1157003051 -0.1771696162 -0.9773558034 1.438692945 10.95161319 0.5 1
Intersection: 2674
2660 3 0.1727285225 0.3792368582 0.9090347974 1.940318525 15.52194774 0.5 1
Intersection: 2675
2666 3 -0.2881563771 -0.2127109943 0.9336594321 6.821704714 23.17829529 0.5 1
Intersection: 2676
2666 10 -0.9028647344 -0.3205692066 -0.286479764 0.600668941 9.170845294 0.5 1
Intersection: 2677
2668 3 -0.1299641247 0.1811704071 -0.9748264512 2.13252852 18.62552187 0.5 1
Intersection: 2678
2668 11 -0.6526401154 -0.689282376 0.3145642793 1.0557326 15.04260258 0.5 1
Intersection: 2679
2669 8 0.9889658446 -0.07091716611 -0.1300665741 2.530550681 27.46944932 0.5 1
Intersection: 2680
2669 12 0.7341724654 -0.5523015242 -0.3949098853 0.7839691468 22.92998379 0.5 1
Intersection: 2681
2670 3 -0.1683605436 -0.0008048847017 0.9857251542 2.639939326 27.36006067 0.5 1
Intersection: 2682
2674 1 -0.4877301938 0.3673917989 -0.791923307 2.123136996 11.84290995 0.5 1
Intersection: 2683
2674 7 -0.4877301938 0.3673917989 -0.791923307 4.021769486 9.944277462 0.5 1
Intersection: 2684
2676 7 -0.9158857285 -0.3019546203 -0.2645311693 8.09256392 21.90743608 0.5 1
Intersection: 2685
2681 1 0.7825529405 -0.1201336796 0.6108836177 10.64793785 19.35206215 0.5 1
Intersection: 2686
2681 7 -0.9436024464 0.2826277066 0.1724413019 13.30228683 16.69771317 0.5 1
Intersection: 2687
2683 3 0.752308774 0.3102946837 -0.5811615247 1.451309071 9.833796816 0.5 1
Intersection: 2688
2683 11 -0.1058540775 0.06726707503 -0.9921038529 10.87639388 19.12360612 0.5 1
Intersection: 2689
2686 1 0.1657401003 -0.7892321727 0.5913060094 1.777588345 7.321837865 0.5 1
Intersection: 2690
2690 8 0.5025298212 0.1912705171 -0.8431366248 10.2699287 19.7300713 0.5 1
Intersection: 2691
2690 12 0.5025298212 0.1912705171 -0.8431366248 12.15456758 17.84543242 0.5 1
Intersection: 2692
2691 4 0.1727285225 0.3792368582 0.9090347974 8.024409772 9.437856492 0.5 1
Intersection: 2693
2692 11 -0.2433759027 0.470782634 -0.8480164394 2.221985385 27.77801462 0.5 1
Intersection: 2694
2694 10 -0.8031137453 0.5325576596 -0.2671902905 0.5076062469 29.49239375 0.5 1
Intersection: 2695
2695 5 0.8085018927 -0.2254902594 -0.5435796469 0.3908728997 29.6091271 0.5 1
Intersection: 2696
2695 12 0.8085018927 -0.2254902594 -0.5435796469 0.3095583548 29.69044165 0.5 1
Intersection: 2697
2698 1 -0.02942297373 0.9427336065 -0.3322463482 4.309245304 11.33074113 0.5 1
Intersection: 2698
2699 9 -0.8206533537 -0.2347714767 -0.5209706583 11.01616316 13.71760815 0.5 1
Intersection: 2699
2701 5 0.2904032347 -0.4950814697 0.8188774631 3.46826115 22.99524868 0.5 1
Intersection: 2700
2702 9 -0.006726003603 0.9735453434 0.2283948886 7.212945915 9.945476195 0.5 1
Intersection: 2701
2703 9 0.4046330042 0.1616423973 0.9000799227 5.549088736 24.45091126 0.5 1
Intersection: 2702
2704 4 -0.253123153 0.5431075365 -0.8006015696 0.3590083625 3.936478918 0.5 1
Intersection: 2703
2705 3 0.04517087364 0.4089709243 -0.9114287549 1.309095771 28.69090423 0.5 1
Intersection: 2704
2705 4 0.0250067421 -0.2768745139 -0.9605806402 10.34128686 10.51367408 0.5 1
Intersection: 2705
2705 7 -0.5686216749 0.1693373609 -0.8049808998 3.119242426 26.88075757 0.5 1
Intersection: 2706
2705 11 -0.9745861888 -0.1709198666 0.1448038667 3.286548977 22.78986589 0.5 1
Intersection: 2707
2705 11 -0.5686216749 0.1693373609 -0.8049808998 3.216906728 26.78309327 0.5 2
Intersection: 2708
2706 9 0.6380459459 0.01306488627 0.7698874461 5.294217193 24.70578281 0.5 1
Intersection: 2709
2707 11 0.1193393511 0.1395658483 -0.9829951644 12.806195 17.193805 0.5 1
Intersection: 2710
2708 1 0.8342137123 -0.5438698341 0.09106638145 8.924688348 12.81738519 0.5 1
Intersection: 2711
2713 8 0.9851415214 -0.1709153038 -0.01685650172 10.08632256 12.3610878 0.5 1
Intersection: 2712
2714 12 0.1775828746 0.03877044791 -0.9833418404 8.185933962 21.81406604 0.5 1
Intersection: 2713
2715 4 0.6058506063 0.4195796864 -0.6759422532 0.03551252128 24.81315543 0.5 1
Intersection: 2714
2715 12 -0.2330499355 0.3749401498 -0.8972778898 4.553495007 21.66534829 0.5 1
Intersection: 2715
2715 12 0.8967073829 -0.01893379239 0.4422187027 3.278110492 26.72188951 0.5 2
Intersection: 2716
2716 7 0.4141078528 0.6039616483 -0.6809882625 0.4042645086 15.16253766 0.5 1
Intersection: 2717
2717 12 -0.3351062288 -0.6126857026 -0.7157653562 1.517222156 18.34880259 0.5 1
Intersection: 2718
2719 5 0.2443683797 0.3038950785 -0.9208321651 3.028067329 8.472279774 0.5 1
Intersection: 2719
2724 12 0.6035466977 -0.3476135412 0.7175626869 2.304825825 27.69517418 0.5 1
Intersection: 2720
2728 4 0.6035466977 -0.3476135412 0.7175626869 6.33465558 23.66534442 0.5 1
Intersection: 2721
2731 3 0.1031645331 -0.464857509 -0.8793546357 2.471264144 17.76745275 0.5 1
Intersection: 2722
2732 2 -0.269972217 -0.04969581347 0.9615848003 11.9357835 18.0642165 0.5 1
Intersection: 2723
2735 1 0.1262545607 -0.04148288559 -0.9911301409 8.515190639 21.48480936 0.5 1
Intersection: 2724
2737 4 0.9348464131 0.3052453645 0.1813489771 8.235644945 21.76435506 0.5 1
Intersection: 2725
2737 5 0.2105924231 -0.8811425672 -0.4233658083 4.18899493 5.660081946 0.5 1
Intersection: 2726
2737 7 0.003725831303 0.1894602254 0.9818813274 9.851019707 20.14898029 0.5 1
Intersection: 2727
2737 11 0.003725831303 0.1894602254 0.9818813274 7.227998807 22.77200119 0.5 1
Intersection: 2728
2739 4 -0.09618725811 0.1694000005 -0.9808423172 9.665554699 20.3344453 0.5 1
Intersection: 2729
2739 12 -0.7100270615 0.1109278279 -0.6953823329 2.284004612 27.71599539 0.5 1
Intersection: 2730
2740 5 -0.1058540775 0.06726707503 -0.9921038529 5.241526683 24.75847332 0.5 1
Intersection: 2731
2742 6 0.01466726917 -0.05807328691 0.9982045705 14.40228705 15.59771295 0.5 1
Intersection: 2732
2743 5 -0.8261149986 -0.0956019934 -0.5553325741 11.67827209 18.32172791 0.5 1
Intersection: 2733
2743 6 -0.5609831393 0.7950281882 0.2307121524 2.889678216 20.16776286 0.5 1
Intersection: 2734
2743 11 -0.8261149986 -0.0956019934 -0.5553325741 14.03501819 15.96498181 0.5 1
Intersection: 2735
2744 10 0.4085894144 -0.01746191656 -0.9125512435 7.148906793 22.85109321 0.5 1
Intersection: 2736
2744 12 0.4085894144 -0.01746191656 -0.9125512435 9.133578638 20.86642136 0.5 1
Intersection: 2737
2749 7 0.8477962086 -0.5247496397 -0.07667727326 5.932844803 24.0671552 0.5 1
Intersection: 2738
2749 8 0.8617026612 0.3724099991 -0.3446437527 4.046452439 25.95354756 0.5 1
Intersection: 2739
2750 5 -0.2256816891 -0.09734215037 0.9693256836 0.2462922579 29.75370774 0.5 1
Intersection: 2740
2753 1 -0.820675162 0.5369783684 -0.1953113164 2.483307415 26.58711343 0.5 1
Intersection: 2741
2753 5 -0.820675162 0.5369783684 -0.1953113164 3.526869738 25.54355111 0.5 1
Intersection: 2742
2753 7 -0.820675162 0.5369783684 -0.1953113164 2.18451744 26.8859034 0.5 1
Intersection: 2743
2758 6 0.04287472235 -0.4673262025 0.8830447207 14.22142618 15.77857382 0.5 1
Intersection: 2744
2758 9 -0.1608469948 -0.3962086646 0.9039618014 5.779151177 24.22084882 0.5 1
Intersection: 2745
2762 6 -0.496651562 -0.8664290089 -0.05136145066 0.6886362851 15.50867206 0.5 1
Intersection: 2746
2762 11 -0.496651562 -0.8664290089 -0.05136145066 2.936395906 13.26091244 0.5 1
Intersection: 2747
2763 10 -0.9982649827 0.0310580627 0.05002420416 11.52068218 18.47931782 0.5 1
Intersection: 2748
2764 3 0.5746106145 -0.2382711566 0.7829747746 10.02859443 19.97140557 0.5 1
Intersection: 2749
2764 4 0.5746106145 -0.2382711566 0.7829747746 8.612875292 21.38712471 0.5 1
Intersection: 2750
2764 7 0.6457789285 -0.1291400202 -0.75252404 13.16435332 16.83564668 0.5 1
Intersection: 2751
2768 2 0.003725831303 0.1894602254 0.9818813274 5.571245291 24.42875471 0.5 1
Intersection: 2752
2772 6 -0.7721979731 -0.3227831476 -0.5472854191 4.401484 25.598516 0.5 1
Intersection: 2753
2773 1 0.1159075594 -0.497185564 0.8598674041 3.514028309 6.277872646 0.5 1
Intersection: 2754
2773 3 0.2672559478 0.03082332665 -0.9631324836 9.871355095 20.12864491 0.5 1
Intersection: 2755
2773 5 0.2672559478 0.03082332665 -0.9631324836 9.905454902 20.0945451 0.5 1
Intersection: 2756
2773 12 0.2672559478 0.03082332665 -0.9631324836 9.120905628 20.87909437 0.5 1
Intersection: 2757
2775 10 -0.9982649827 0.0310580627 0.05002420416 7.145907769 22.85409223 0.5 1
Intersection: 2758
2778 8 0.8477962086 -0.5247496397 -0.07667727326 14.53775809 15.46224191 0.5 1
Intersection: 2759
2781 8 0.393126034 -0.6970788269 0.5996107324 5.919490834 21.83797949 0.5 1
Intersection: 2760
2782 9 0.3998104171 -0.4183022734 0.8155825148 5.719818133 24.28018187 0.5 1
Intersection: 2761
2785 11 0.8551258962 -0.5133107579 0.07260693771 0.2670883221 14.70500693 0.5 1
Intersection: 2762
2785 12 0.8551258962 -0.5133107579 0.07260693771 0.742854257 14.229241 0.5 1
Intersection: 2763
2788 2 0.001788015333 0.9263304243 -0.3767077754 2.81287849 7.346664966 0.5 1
Intersection: 2764
2788 3 0.001788015333 0.9263304243 -0.3767077754 3.483200445 6.676343011 0.5 1
Intersection: 2765
2788 12 0.001788015333 0.9263304243 -0.3767077754 4.765768787 5.393774668 0.5 1
Intersection: 2766
2790 9 -0.7613245094 -0.3318024917 0.5570386861 11.23965876 18.76034124 0.5 1
Intersection: 2767
2793 10 0.4502392294 -0.3304600835 0.8295063408 6.090591376 10.10333275 0.5 1
Intersection: 2768
2794 1 -0.2133722665 -0.08067254151 -0.9736345397 2.105960947 27.89403905 0.5 1
Intersection: 2769
2794 3 -0.2550399622 0.3000707068 0.9191910512 1.351764723 28.64823528 0.5 1
Intersection: 2770
2794 6 -0.2678709725 -0.0445472253 -0.9624243798 11.00866779 18.99133221 0.5 1
Intersection: 2771
2794 10 0.1939856019 0.0202459098 -0.9807954371 12.3450357 17.6549643 0.5 1
Intersection: 2772
2794 10 0.5117287018 0.1960588656 -0.8364775293 7.548949759 22.45105024 0.5 2
Intersection: 2773
2794 11 -0.2678709725 -0.0445472253 -0.9624243798 8.917809486 21.08219051 0.5 1
Intersection: 2774
2795 2 -0.2277157405 0.9031144886 -0.3640463734 2.379640656 3.755711343 0.5 1
Intersection: 2775
2795 8 -0.2277157405 0.9031144886 -0.3640463734 1.270647664 4.864704335 0.5 1
Intersection: 2776
2795 9 -0.2277157405 0.9031144886 -0.3640463734 1.007427174 5.127924825 0.5 1
Intersection: 2777
2796 1 0.5117287018 0.1960588656 -0.8364775293 4.087774688 25.91222531 0.5 1
Intersection: 2778
2798 9 -0.3975498249 0.1377125652 -0.9071876245 11.61851144 18.38148856 0.5 1
Intersection: 2779
2800 4 -0.7013394162 -0.1696261676 -0.6923510573 9.470967703 20.5290323 0.5 1
Intersection: 2780
2801 3 -0.9977607584 -0.04674538904 -0.04783657125 5.846881777 22.73191066 0.5 1
Intersection: 2781
2801 5 -0.9977607584 -0.04674538904 -0.04783657125 6.146206673 22.43258576 0.5 1
Intersection: 2782
2802 2 0.1126438401 -0.5705753859 0.8134833092 14.69851024 15.30148976 0.5 1
Intersection: 2783
2802 4 -0.04383474938 -0.01841428236 0.998869075 13.52984821 15.51022055 0.5 1
Intersection: 2784
2802 4 0.1126438401 -0.5705753859 0.8134833092 13.86579379 16.13420621 0.5 2
Intersection: 2785
2803 5 -0.602576441 0.4038470493 0.6883379937 12.39273385 17.60726615 0.5 1
Intersection: 2786
2804 4 0.1435726183 0.270722754 -0.9518907993 1.619301511 9.536629638 0.5 1
Intersection: 2787
2804 7 0.1860737113 0.9694818215 -0.1596294829 3.121080694 8.880721324 0.5 1
Intersection: 2788
2804 12 -0.9258789784 0.01402966654 0.3775596455 11.96018172 18.03981828 0.5 1
Intersection: 2789
2806 12 0.02039652817 0.01879805966 -0.9996152333 5.048054862 24.95194514 0.5 1
Intersection: 2790
2807 11 0.4240677607 -0.2389973233 -0.8735255084 6.328966354 23.67103365 0.5 1
Intersection: 2791
2807 11 0.8761225483 0.2957903908 -0.3806800823 5.198153698 24.8018463 0.5 2
Intersection: 2792
2811 5 0.0250067421 -0.2768745139 -0.9605806402 3.294636806 17.56032413 0.5 1
Intersection: 2793
2811 9 -0.05610557352 -0.7431998936 -0.6667128938 1.972396028 2.645089849 0.5 1
Intersection: 2794
2812 4 0.1604232984 0.01394442805 0.9869498053 0.1207759468 29.87922405 0.5 1
Intersection: 2795
2813 11 -0.01397039023 0.09847631538 -0.9950413275 0.90908951 7.173384416 0.5 1
Intersection: 2796
2813 12 -0.01397039023 0.09847631538 -0.9950413275 0.7825541624 7.299919764 0.5 1
Intersection: 2797
2815 10 -0.958458259 0.2213215099 0.1799293057 9.999578878 20.00042112 0.5 1
Intersection: 2798
2816 3 -0.4877301938 0.3673917989 -0.791923307 0.07372918954 13.89231776 0.5 1
Intersection: 2799
2816 11 0.2903466846 -0.2736875821 0.9169481502 10.97594878 19.02405122 0.5 1
Intersection: 2800
2819 11 -0.3778662974 -0.2784034361 0.8830110917 0.06099224289 29.93900776 0.5 1
Intersection: 2801
2820 3 0.4240677607 -0.2389973233 -0.8735255084 8.286283266 21.71371673 0.5 1
Intersection: 2802
2820 11 -0.9627394581 -0.08746337884 -0.2558962546 9.949350143 12.6462064 0.5 1
Intersection: 2803
2821 1 0.7786037064 0.1905526314 0.5978845734 3.569293075 9.256761574 0.5 1
Intersection: 2804
2821 9 -0.1802289108 0.5982806155 0.7807546637 3.756799704 5.081656301 0.5 1
Intersection: 2805
2821 11 -0.1802289108 0.5982806155 0.7807546637 4.089848836 4.748607169 0.5 1
Intersection: 2806
2823 12 -0.04138947229 -0.2878029785 0.9567948354 1.264319675 28.73568032 0.5 1
Intersection: 2807
2825 2 -0.1608469948 -0.3962086646 0.9039618014 11.25087817 18.74912183 0.5 1
Intersection: 2808
2827 11 -0.1434625627 0.01714514542 -0.9895072193 0.4243056492 29.57569435 0.5 1
Intersection: 2809
2830 6 -0.3293478705 0.1024648203 0.9386324844 4.486837169 11.99088453 0.5 1
Intersection: 2810
2830 9 0.1126438401 -0.5705753859 0.8134833092 1.599449972 28.40055003 0.5 1
Intersection: 2811
2830 10 -0.3293478705 0.1024648203 0.9386324844 4.517241139 11.96048056 0.5 1
Intersection: 2812
2832 2 -0.8206533537 -0.2347714767 -0.5209706583 6.77517855 17.95859276 0.5 1
Intersection: 2813
2833 1 0.6252532215 -0.529549314 -0.5732677673 3.525181318 8.943459767 0.5 1
Intersection: 2814
2833 11 0.6252532215 -0.529549314 -0.5732677673 5.01265031 7.455990776 0.5 1
Intersection: 2815
2834 10 0.2819155279 0.1675827722 0.94469024 0.6772503767 29.32274962 0.5 1
Intersection: 2816
2834 12 -0.04138947229 -0.2878029785 0.9567948354 1.526155639 28.47384436 0.5 1
Intersection: 2817
2836 6 -0.06900910372 0.007082881531 0.9975908863 1.955625783 22.05879887 0.5 1
Intersection: 2818
2837 11 0.6254727641 0.04941120775 -0.778679879 7.885988133 22.11401187 0.5 1
Intersection: 2819
2838 10 -0.05610557352 -0.7431998936 -0.6667128938 2.024416498 2.59306938 0.5 1
Intersection: 2820
2839 3 0.5467644054 -0.4476924384 -0.7075451686 3.453575184 26.54642482 0.5 1
Intersection: 2821
2839 5 -0.8056494981 0.2666262682 0.5289984115 9.466981893 20.53301811 0.5 1
Intersection: 2822
2839 5 -0.6708305081 0.7412810905 0.02210823742 5.387994537 14.4406001 0.5 2
Intersection: 2823
2839 6 -0.8056494981 0.2666262682 0.5289984115 10.61904516 19.38095484 0.5 1
Intersection: 2824
2839 9 0.8967073829 -0.01893379239 0.4422187027 1.634356634 28.36564337 0.5 1
Intersection: 2825
2841 9 0.9512991928 0.2715598505 -0.1458941168 6.155393189 8.551337107 0.5 1
Intersection: 2826
2841 11 -0.9985270679 0.0494707224 0.02227873956 13.29721113 16.70278887 0.5 1
Intersection: 2827
2841 12 -0.9985270679 0.0494707224 0.02227873956 14.31996389 15.68003611 0.5 1
Intersection: 2828
2842 5 0.2481135161 0.1286040409 -0.9601565934 9.77675774 20.22324226 0.5 1
Intersection: 2829
2842 9 -0.01324428172 0.009960516772 -0.9998626791 1.053068116 28.94693188 0.5 1
Intersection: 2830
2843 3 -0.5063489925 -0.174159859 0.844558489 11.4242618 18.5757382 0.5 1
Intersection: 2831
2843 3 0.08120976485 0.5059903253 -0.8587076131 5.942214793 24.05778521 0.5 2
Intersection: 2832
2843 5 0.08120976485 0.5059903253 -0.8587076131 8.292562296 21.7074377 0.5 1
Intersection: 2833
2844 6 0.2481135161 0.1286040409 -0.9601565934 12.16738391 17.83261609 0.5 1
Intersection: 2834
2845 5 0.5025298212 0.1912705171 -0.8431366248 1.619547794 28.38045221 0.5 1
Intersection: 2835
2845 11 0.4659825618 0.08774236267 0.8804325811 6.834497735 23.16550226 0.5 1
Intersection: 2836
2846 9 0.6560919904 0.1124969573 -0.7462491104 7.971319397 22.0286806 0.5 1
Intersection: 2837
2846 10 0.6560919904 0.1124969573 -0.7462491104 7.356601046 22.64339895 0.5 1
Intersection: 2838
2848 4 -0.02547542986 0.01497460664 0.9995632865 14.10585547 15.89414453 0.5 1
Intersection: 2839
2848 6 -0.4739201185 -0.8633893617 0.1730853297 3.443797411 11.60698752 0.5 1
Intersection: 2840
2851 1 -0.2670085112 0.03196129115 0.9631640207 8.971178962 21.02882104 0.5 1
Intersection: 2841
2851 4 -0.2670085112 0.03196129115 0.9631640207 9.659798885 20.34020111 0.5 1
Intersection: 2842
2851 8 -0.2670085112 0.03196129115 0.9631640207 9.651111577 20.34888842 0.5 1
Intersection: 2843
2851 8 -0.02212358618 0.3280777429 -0.9443916251 1.64396098 15.54323928 0.5 2
Intersection: 2844
2851 10 0.8406667462 0.2907918193 -0.4568583365 6.092050975 10.16151397 0.5 1
Intersection: 2845
2852 1 -0.2670085112 0.03196129115 0.9631640207 7.273747779 22.72625222 0.5 1
Intersection: 2846
2852 7 -0.2670085112 0.03196129115 0.9631640207 5.517612215 24.48238779 0.5 1
Intersection: 2847
2855 11 -0.7056615733 0.08496658368 0.7034361546 10.30575403 19.69424597 0.5 1
Intersection: 2848
2856 3 -0.1745778778 -0.3185474673 0.9316920498 14.1076939 15.8923061 0.5 1
Intersection: 2849
2856 6 0.4659825618 0.08774236267 0.8804325811 10.47514664 19.52485336 0.5 1
Intersection: 2850
2856 8 -0.2010846651 -0.9540852482 0.2220051725 5.419102868 10.86542545 0.5 1
Intersection: 2851
2856 10 0.5025298212 0.1912705171 -0.8431366248 3.04182135 26.95817865 0.5 1
Intersection: 2852
2857 4 -0.05068276355 -0.05020307083 -0.997452209 6.111360399 23.8886396 0.5 1
Intersection: 2853
2857 6 -0.05068276355 -0.05020307083 -0.997452209 3.533793282 26.46620672 0.5 1
Intersection: 2854
2857 10 0.7010144598 -0.2559369382 0.6656387991 9.060603067 20.93939693 0.5 1
Intersection: 2855
2857 10 0.7756592579 0.05275062777 -0.6289436278 0.08658587065 29.91341413 0.5 2
Intersection: 2856
2859 1 0.003725831303 0.1894602254 0.9818813274 11.37581978 18.62418022 0.5 1
Intersection: 2857
2859 2 0.003725831303 0.1894602254 0.9818813274 12.05203282 17.94796718 0.5 1
Intersection: 2858
2859 3 -0.6003472452 -0.2608263167 0.7560111227 1.399252837 28.60074716 0.5 1
Intersection: 2859
2859 3 0.2606939239 0.7548262022 0.6018937469 6.283175843 15.36664607 0.5 2
Intersection: 2860
2859 10 0.02400994551 0.6141147945 -0.7888514066 13.04652754 16.95347246 0.5 1
Intersection: 2861
2860 7 0.1021606352 0.05348397915 0.9933290837 8.982783763 21.01721624 0.5 1
Intersection: 2862
2861 11 -0.04205755104 0.5295771899 0.8472184856 7.522176021 21.9487085 0.5 1
Intersection: 2863
2862 9 0.5636831086 -0.03895138634 0.8250722045 13.26592577 16.73407423 0.5 1
Intersection: 2864
2863 5 0.05419437248 -0.15306965 -0.9867282565 3.954356148 26.04564385 0.5 1
Intersection: 2865
2863 11 0.8967073829 -0.01893379239 0.4422187027 13.63517188 16.36482812 0.5 1
Intersection: 2866
2868 11 0.3464845932 0.6629528659 0.6636579875 10.23905126 16.28284276 0.5 1
Intersection: 2867
2868 12 0.07450432958 -0.2729140711 0.9591491097 4.805219072 25.19478093 0.5 1
Intersection: 2868
2870 4 -0.8062234341 -0.3793973899 -0.4539398583 10.66724567 19.33275433 0.5 1
Intersection: 2869
2871 8 0.5348193723 0.8033097427 0.2620337694 0.1289296483 21.47338765 0.5 1
Intersection: 2870
2872 1 -0.01468841311 -0.1786859184 -0.9837965202 0.6600809274 22.82726757 0.5 1
Intersection: 2871
2872 3 -0.8875211643 -0.1789443472 -0.4245999334 8.355629363 21.64437064 0.5 1
Intersection: 2872
2872 7 0.7756592579 0.05275062777 -0.6289436278 8.949786214 21.05021379 0.5 1
Intersection: 2873
2873 1 -0.1557146665 0.05687934071 -0.9861631119 2.88444931 11.7709249 0.5 1
Intersection: 2874
2873 5 -0.3230814938 0.6288627858 0.7072128003 0.5675763676 29.43242363 0.5 1
Intersection: 2875
2873 6 -0.5064807486 0.8203007866 0.265676252 1.238880161 20.49890153 0.5 1
Intersection: 2876
2876 10 -0.8551538247 0.513462963 0.0711879316 8.731012369 20.59851666 0.5 1
Intersection: 2877
2876 11 -0.8551538247 0.513462963 0.0711879316 10.48611281 18.84341622 0.5 1
Intersection: 2878
2878 4 0.6560919904 0.1124969573 -0.7462491104 8.084865053 21.91513495 0.5 1
Intersection: 2879
2878 5 0.6560919904 0.1124969573 -0.7462491104 9.671791418 20.32820858 0.5 1
Intersection: 2880
2878 6 -0.02547542986 0.01497460664 0.9995632865 7.388892558 22.61110744 0.5 1
Intersection: 2881
2880 9 -0.5565033203 0.6999583034 -0.4476186189 5.794167058 8.212143751 0.5 1
Intersection: 2882
2880 9 0.4318041576 -0.7375433231 -0.5192061402 3.327782494 21.42814052 0.5 2
Intersection: 2883
2880 11 0.4318041576 -0.7375433231 -0.5192061402 3.714300027 21.04162298 0.5 1
Intersection: 2884
2882 1 -0.3962231236 -0.6041308212 -0.6913994411 0.5256641881 29.47433581 0.5 1
Intersection: 2885
2882 6 -0.3962231236 -0.6041308212 -0.6913994411 0.7741222144 29.22587779 0.5 1
Intersection: 2886
2882 7 0.01344737428 0.1602442704 -0.9869857861 8.300248867 21.69975113 0.5 1
Intersection: 2887
2882 10 -0.3962231236 -0.6041308212 -0.6913994411 1.782521923 28.21747808 0.5 1
Intersection: 2888
2883 11 -0.7597409328 -0.1656553717 -0.6287702386 2.286472525 27.71352748 0.5 1
Intersection: 2889
2885 12 0.3366741292 -0.1395093484 0.9312291192 3.222147972 26.77785203 0.5 1
Intersection: 2890
2886 5 -0.4729963981 0.7571827643 0.4504982451 3.523435307 20.11797977 0.5 1
Intersection: 2891
2886 6 -0.4729963981 0.7571827643 0.4504982451 1.801509573 21.8399055 0.5 1
Intersection: 2892
2887 2 -0.03950055493 0.01027499365 -0.9991667182 10.45779833 19.54220167 0.5 1
Intersection: 2893
2889 2 0.4240639364 0.8541132551 0.3010985309 3.812211526 12.9922456 0.5 1
Intersection: 2894
2890 6 0.2127668301 -0.2475779655 0.9452171322 8.044111577 12.50829097 0.5 1
Intersection: 2895
2892 1 0.9718318609 -0.151165704 0.1808086396 3.410298968 26.58970103 0.5 1
Intersection: 2896
2892 5 0.6177875734 0.7217983874 0.3120025675 9.111788401 15.755849 0.5 1
Intersection: 2897
2892 12 0.9763390886 0.1730383069 -0.1296908954 14.94384151 15.05615849 0.5 1
Intersection: 2898
2894 6 -0.09618725811 0.1694000005 -0.9808423172 2.354061996 27.645938 0.5 1
Intersection: 2899
2897 4 0.1775828746 0.03877044791 -0.9833418404 12.61310579 17.38689421 0.5 1
Intersection: 2900
2899 1 -0.336707558 0.04714913753 0.940428083 0.4863151539 29.51368485 0.5 1
Intersection: 2901
2899 2 -0.336707558 0.04714913753 0.940428083 1.321075061 28.67892494 0.5 1
Intersection: 2902
2900 8 -0.05068276355 -0.05020307083 -0.997452209 14.89282557 15.10717443 0.5 1
Intersection: 2903
2900 8 0.1291359125 0.4463591621 0.8854871058 9.866311626 20.13368837 0.5 2
Intersection: 2904
2900 8 0.7013766626 0.1734571665 -0.6913634273 14.55080595 15.44919405 0.5 3
Intersection: 2905
2901 9 -0.02547542986 0.01497460664 0.9995632865 0.4394600587 29.56053994 0.5 1
Intersection: 2906
2902 4 0.1977441629 0.5039020509 0.840821009 13.37919762 16.62080238 0.5 1
Intersection: 2907
2905 1 0.4318041576 -0.7375433231 -0.5192061402 0.01640843183 24.73951458 0.5 1
Intersection: 2908
2906 9 -0.3975498249 0.1377125652 -0.9071876245 11.65252099 18.34747901 0.5 1
Intersection: 2909
2907 11 -0.04205755104 0.5295771899 0.8472184856 3.438863661 26.03202086 0.5 1
Intersection: 2910
2908 11 -0.5326162596 0.4555901884 -0.7132723885 3.975738267 26.02426173 0.5 1
Intersection: 2911
2909 11 -0.1764260539 -0.6218045165 -0.7630419325 0.6811252322 12.37150977 0.5 1
Intersection: 2912
2909 12 0.0462421476 -0.3557136352 -0.9334503059 14.96865284 15.03134716 0.5 1
Intersection: 2913
2913 3 -0.03950055493 0.01027499365 -0.9991667182 1.795721666 28.20427833 0.5 1
Intersection: 2914
2913 9 -0.02832911784 0.03472967969 -0.9989951504 6.385636991 23.61436301 0.5 1
Intersection: 2915
2913 10 -0.02832911784 0.03472967969 -0.9989951504 5.782158051 24.21784195 0.5 1
Intersection: 2916
2916 2 -0.958458259 0.2213215099 0.1799293057 1.766757088 28.23324291 0.5 1
Intersection: 2917
2916 10 0.001958061974 -0.003563274062 0.9999917345 1.887317043 24.23755683 0.5 1
Intersection: 2918
2917 1 -0.2308951116 -0.6250993103 -0.7456127009 3.543993643 9.881098479 0.5 1
Intersection: 2919
2917 10 -0.2308951116 -0.6250993103 -0.7456127009 3.243320387 10.18177174 0.5 1
Intersection: 2920
2919 7 -0.5068080618 0.2636736527 0.8207446578 11.83830865 18.16169135 0.5 1
Intersection: 2921
2922 4 -0.06018457224 -0.06824145257 0.9958518572 3.753454464 26.24654554 0.5 1
Intersection: 2922
2924 2 -0.1608469948 -0.3962086646 0.9039618014 0.8699089402 29.13009106 0.5 1
Intersection: 2923
2924 3 -0.6598398202 -0.3902077446 0.64214432 7.402956741 20.90893497 0.5 1
Intersection: 2924
2924 8 -0.1608469948 -0.3962086646 0.9039618014 3.292146748 26.70785325 0.5 1
Intersection: 2925
2927 7 -0.6661913877 0.340401197 0.6635631545 2.172932844 27.82706716 0.5 1
Intersection: 2926
2927 7 -0.2874202408 -0.1810325502 -0.9405407067 5.093092528 24.90690747 0.5 2
Intersection: 2927
2928 9 -0.8778659632 0.375696797 -0.296990349 4.725293801 25.2747062 0.5 1
Intersection: 2928
2929 6 0.2481135161 0.1286040409 -0.9601565934 5.404557009 24.59544299 0.5 1
Intersection: 2929
2930 8 0.08414852397 0.1995012705 -0.9762777622 10.83316027 19.16683973 0.5 1
Intersection: 2930
2930 11 0.09038885096 -0.009043756164 -0.9958654859 8.429905115 21.57009489 0.5 1
Intersection: 2931
2932 1 0.6560919904 0.1124969573 -0.7462491104 5.807454664 24.19254534 0.5 1
Intersection: 2932
2932 2 0.6560919904 0.1124969573 -0.7462491104 5.469265937 24.53073406 0.5 1
Intersection: 2933
2932 6 0.6560919904 0.1124969573 -0.7462491104 6.957827845 23.04217215 0.5 1
Intersection: 2934
2934 1 0.359266169 -0.02431524346 -0.9329183184 10.7324055 19.2675945 0.5 1
Intersection: 2935
2934 2 0.359266169 -0.02431524346 -0.9329183184 8.498740344 21.50125966 0.5 1
Intersection: 2936
2936 10 -0.1286086269 0.7708005197 -0.623960239 2.278299172 2.343350178 0.5 1
Intersection: 2937
2944 6 0.08120976485 0.5059903253 -0.8587076131 4.613442473 25.38655753 0.5 1
Intersection: 2938
2951 10 0.7725992587 -0.5952342613 -0.2208767975 4.872382342 25.12761766 0.5 1
Intersection: 2939
2952 9 -0.2127923477 -0.04876633042 0.9758797374 5.521548874 24.47845113 0.5 1
Intersection: 2940
2952 12 -0.2127923477 -0.04876633042 0.9758797374 8.526466691 21.47353331 0.5 1
Intersection: 2941
2954 12 -0.4729963981 0.7571827643 0.4504982451 9.641587699 13.99982738 0.5 1
Intersection: 2942
2957 2 -0.08724983115 0.02039811538 -0.9959776021 7.486826051 22.51317395 0.5 1
Intersection: 2943
2957 3 -0.08724983115 0.02039811538 -0.9959776021 7.597884635 22.40211536 0.5 1
Intersection: 2944
2957 4 -0.08724983115 0.02039811538 -0.9959776021 7.992108038 22.00789196 0.5 1
Intersection: 2945
2957 4 0.2933781742 0.9467336403 -0.132757905 4.75650916 5.665505276 0.5 2
Intersection: 2946
2957 8 0.2933781742 0.9467336403 -0.132757905 4.433006118 5.989008318 0.5 1
Intersection: 2947
2960 3 0.1694857392 -0.164017944 -0.971788402 4.870199879 25.12980012 0.5 1
Intersection: 2948
2961 9 0.1769930035 0.9609352997 -0.2127835203 1.921082045 5.265055987 0.5 1
Intersection: 2949
2962 4 0.4783278889 0.06746350224 -0.8755861503 4.325401701 20.64681034 0.5 1
Intersection: 2950
2962 6 0.5409403847 0.6605957815 -0.5205734469 3.508016107 24.62509762 0.5 1
Intersection: 2951
2962 8 0.4783278889 0.06746350224 -0.8755861503 4.115645701 20.85656634 0.5 1
Intersection: 2952
2963 3 0.3151231191 0.5245573973 -0.7909089434 0.9168811459 12.55250393 0.5 1
Intersection: 2953
2964 11 -0.1784070739 0.216594163 0.9598217983 10.7521339 13.61626358 0.5 1
Intersection: 2954
2965 2 -0.1465639067 0.3921538131 0.9081488909 1.22225956 2.709289366 0.5 1
Intersection: 2955
2967 12 0.8423423665 -0.3470225019 -0.4123526655 1.118889217 20.31719 0.5 1
Intersection: 2956
2969 9 -0.03710430986 -0.03267757419 0.9987769753 12.47596675 17.52403325 0.5 1
Intersection: 2957
2970 10 0.01138050226 0.0171989184 0.9997873181 0.2930829126 3.04421691 0.5 1
Intersection: 2958
2972 7 -0.6606346631 0.6079396471 0.4404216472 11.76579783 18.23420217 0.5 1
Intersection: 2959
2974 1 0.1404160467 0.1213350601 0.9826297049 12.29350447 13.6024684 0.5 1
Intersection: 2960
2974 4 -0.172809682 -0.1201176224 0.9776034833 2.124992845 27.87500716 0.5 1
Intersection: 2961
2974 10 -0.1246452869 -0.02831743479 0.9917971947 10.0314815 18.88525353 0.5 1
Intersection: 2962
2974 12 0.01386844627 0.4638723333 0.8857935 8.923953684 21.07604632 0.5 1
Intersection: 2963
2975 11 0.08739876991 0.8315261718 0.5485669336 7.530322571 9.867137442 0.5 1
Intersection: 2964
2975 12 -0.2298428797 0.6388418919 -0.7342024841 4.925023206 12.72131742 0.5 1
Intersection: 2965
2976 1 -0.9419847097 -0.2111715845 -0.2609049034 12.65711042 17.34288958 0.5 1
Intersection: 2966
2977 1 0.1262545607 -0.04148288559 -0.9911301409 2.682391094 27.31760891 0.5 1
Intersection: 2967
2978 9 0.7900118362 -0.2857482904 0.5424289936 6.486477934 23.51352207 0.5 1
Intersection: 2968
2979 3 0.2124911664 0.6782924653 0.7033966418 1.222692863 24.74995679 0.5 1
Intersection: 2969
2979 4 0.2124911664 0.6782924653 0.7033966418 0.5093434115 25.46330624 0.5 1
Intersection: 2970
2979 5 0.9609509139 0.2733608061 0.04297919072 4.591547097 6.051048575 0.5 1
Intersection: 2971
2980 1 0.08353447892 0.06678040928 0.9942647373 13.88947753 16.11052247 0.5 1
Intersection: 2972
2980 8 0.08353447892 0.06678040928 0.9942647373 12.10851556 17.89148444 0.5 1
Intersection: 2973
2980 8 0.5658591763 -0.2079311903 0.7978521246 0.6418498105 29.35815019 0.5 2
Intersection: 2974
2981 11 0.9609509139 0.2733608061 0.04297919072 3.364855173 7.2777405 0.5 1
Intersection: 2975
2982 8 0.9609509139 0.2733608061 0.04297919072 0.4616580481 10.18093762 0.5 1
Intersection: 2976
2983 2 -0.6901586843 0.2900002868 -0.6630089171 6.151642626 23.84835737 0.5 1
Intersection: 2977
2984 1 0.6550014939 0.7426834574 0.1392635096 1.8705469 3.751957259 0.5 1
Intersection: 2978
2984 2 0.6550014939 0.7426834574 0.1392635096 0.9604953933 4.662008765 0.5 1
Intersection: 2979
2985 7 0.01930622002 0.01713064464 -0.9996668499 4.57298092 25.42701908 0.5 1
Intersection: 2980
2987 1 0.4312547519 0.9003703425 -0.05790151346 1.088674461 8.617501633 0.5 1
Intersection: 2981
2989 7 0.5271179444 -0.8141662599 -0.243474791 0.8481807163 21.62063615 0.5 1
Intersection: 2982
2990 7 -0.9166144927 -0.1414340652 -0.3739174735 0.3587478427 9.373681775 0.5 1
Intersection: 2983
2991 1 0.2211220963 -0.7289942422 -0.647821282 2.440087653 20.69008867 0.5 1
Intersection: 2984
2994 12 -0.4006104448 0.7330908266 -0.549626338 2.678672156 21.66295619 0.5 1
Intersection: 2985
2998 9 -0.4903420866 0.1522520652 -0.8581281645 4.798929962 25.20107004 0.5 1
Intersection: 2986
2999 7 0.1202290089 0.05574432828 0.9911798804 6.391021531 18.31643329 0.5 1
Intersection: 2987
3000 1 -0.4370580376 0.6912670795 -0.5754390468 0.8901346418 9.656053765 0.5 1
Intersection: 2988
3001 3 0.01386844627 0.4638723333 0.8857935 5.783241203 24.2167588 0.5 1
Intersection: 2989
3001 12 0.01386844627 0.4638723333 0.8857935 6.34162305 23.65837695 0.5 1
Intersection: 2990
3002 7 0.4734539625 0.7217740901 0.5048598897 2.905796133 4.570722476 0.5 1
Intersection: 2991
3005 4 -0.009240273233 0.0001026345811 0.9999573025 11.4799191 13.77242878 0.5 1
Intersection: 2992
3012 7 -0.7694758385 -0.5596805938 0.3076760746 1.152550947 27.98149767 0.5 1
Intersection: 2993
3012 10 -0.02832911784 0.03472967969 -0.9989951504 7.594673802 22.4053262 0.5 1
Intersection: 2994
3014 6 0.1202290089 0.05574432828 0.9911798804 2.173311779 22.53414304 0.5 1
Intersection: 2995
3016 12 -0.9982649827 0.0310580627 0.05002420416 11.57095572 18.42904428 0.5 1
Intersection: 2996
3017 6 -0.5953337906 0.7512238706 0.2850269706 2.516602588 12.15405489 0.5 1
Intersection: 2997
3017 7 0.8191012542 0.5626097019 0.1119975836 0.2246754629 29.77532454 0.5 1
Intersection: 2998
3017 9 0.8191012542 0.5626097019 0.1119975836 1.645802679 28.35419732 0.5 1
Intersection: 2999
3017 10 0.8191012542 0.5626097019 0.1119975836 2.16815518 27.83184482 0.5 1
Intersection: 3000
3023 2 0.01386844627 0.4638723333 0.8857935 0.4540461031 29.5459539 0.5 1
Intersection: 3001
3023 9 0.8645430183 -0.1071350374 0.4910065716 0.1717321501 29.82826785 0.5 1
Intersection: 3002
3027 6 -0.3230814938 0.6288627858 0.7072128003 13.46711114 16.53288886 0.5 1
Intersection: 3003
3027 6 -0.01957265134 -0.9997109422 0.01396221122 3.131656698 4.603640195 0.5 2
Intersection: 3004
3027 7 0.05657783725 -0.03595932301 0.9977504074 14.70513908 15.29486092 0.5 1
Intersection: 3005
3027 11 -0.2614715106 -0.2921775958 0.9199265741 14.32645029 15.67354971 0.5 1
Intersection: 3006
3027 11 0.05657783725 -0.03595932301 0.9977504074 14.61675234 15.38324766 0.5 2
Intersection: 3007
3028 8 0.05657783725 -0.03595932301 0.9977504074 8.50406294 21.49593706 0.5 1
Intersection: 3008
3028 8 0.1734938798 0.01491201529 0.9847220448 5.241707369 24.75829263 0.5 2
Intersection: 3009
3028 11 -0.2614715106 -0.2921775958 0.9199265741 9.368245256 20.63175474 0.5 1
Intersection: 3010
3029 3 -0.2614715106 -0.2921775958 0.9199265741 1.923229261 28.07677074 0.5 1
Intersection: 3011
3029 4 0.2612985397 -0.04705704223 0.9641103194 3.532092678 21.73987942 0.5 1
Intersection: 3012
3030 7 0.3308259031 0.2929163538 -0.8970809504 9.6143981 13.0259957 0.5 1
Intersection: 3013
3030 9 0.3308259031 0.2929163538 -0.8970809504 9.808880029 12.83151377 0.5 1
Intersection: 3014
3031 3 0.3643966855 -0.02734227191 0.9308423367 9.000505254 20.99949475 0.5 1
Intersection: 3015
3031 7 0.9140388216 0.04699303606 -0.40289538 13.79295116 16.20704884 0.5 1
Intersection: 3016
3033 11 0.05657783725 -0.03595932301 0.9977504074 11.91599119 18.08400881 0.5 1
Intersection: 3017
3033 12 0.1734938798 0.01491201529 0.9847220448 8.130277498 21.8697225 0.5 1
Intersection: 3018
3034 5 0.05657783725 -0.03595932301 0.9977504074 12.99259088 17.00740912 0.5 1
Intersection: 3019
3034 6 0.05657783725 -0.03595932301 0.9977504074 11.96144374 18.03855626 0.5 1
Intersection: 3020
3035 10 -0.3293478705 0.1024648203 0.9386324844 5.644649225 10.83307248 0.5 1
Intersection: 3021
3036 9 0.003147776779 0.008711205223 -0.9999571023 6.733740768 23.26625923 0.5 1
Intersection: 3022
3036 11 0.003147776779 0.008711205223 -0.9999571023 5.748239541 24.25176046 0.5 1
Intersection: 3023
3037 6 -0.1299545142 -0.005228906568 0.9915061688 1.286245966 14.07132984 0.5 1
Intersection: 3024
3037 11 -0.1299545142 -0.005228906568 0.9915061688 4.084614859 11.27296095 0.5 1
Intersection: 3025
3038 10 -0.1909343728 0.7637053388 -0.6166832418 3.962482794 10.50525316 0.5 1
Intersection: 3026
3039 2 0.003147776779 0.008711205223 -0.9999571023 12.98775495 17.01224505 0.5 1
Intersection: 3027
3039 4 -0.406484311 -0.01636428505 0.9135112014 11.22608187 18.77391813 0.5 1
Intersection: 3028
3039 5 -0.3293478705 0.1024648203 0.9386324844 2.726207071 13.75151463 0.5 1
Intersection: 3029
3039 9 -0.3293478705 0.1024648203 0.9386324844 1.228169556 15.24955215 0.5 1
Intersection: 3030
3042 8 0.09947362002 -0.02145799157 -0.9948088025 14.07906281 15.92093719 0.5 1
Intersection: 3031
3042 11 -0.00557382391 0.04624099844 -0.9989147624 3.405171221 26.59482878 0.5 1
Intersection: 3032
3046 1 0.003147776779 0.008711205223 -0.9999571023 2.024672741 27.97532726 0.5 1
Intersection: 3033
3046 2 0.003147776779 0.008711205223 -0.9999571023 1.124258792 28.87574121 0.5 1
Intersection: 3034
3048 3 0.09947362002 -0.02145799157 -0.9948088025 11.66317035 18.33682965 0.5 1
Intersection: 3035
3048 4 0.09947362002 -0.02145799157 -0.9948088025 11.9396274 18.0603726 0.5 1
Intersection: 3036
3048 12 -0.00557382391 0.04624099844 -0.9989147624 8.376197056 21.62380294 0.5 1
Intersection: 3037
3052 9 -0.1784070739 0.216594163 0.9598217983 3.167694968 21.2007025 0.5 1
Intersection: 3038
3058 4 0.2090460067 -0.05044727297 0.9766037271 8.820166845 11.73916862 0.5 1
Intersection: 3039
3058 8 0.2090460067 -0.05044727297 0.9766037271 10.20178957 10.35754589 0.5 1
Intersection: 3040
3059 3 -0.2429712199 -0.5922084667 0.7682799739 0.3997136955 1.699699858 0.5 1
Intersection: 3041
3062 9 -0.1751715246 0.01883166037 0.9843578138 2.148761963 4.932702462 0.5 1
Intersection: 3042
3063 3 0.2665781903 -0.5669519081 -0.7794238913 1.102036542 16.65437759 0.5 1
Intersection: 3043
3069 4 -0.06062371825 0.1715888793 0.9833015922 12.94060804 17.05939196 0.5 1
Intersection: 3044
3069 6 -0.09618725811 0.1694000005 -0.9808423172 10.82300118 19.17699882 0.5 1
Intersection: 3045
3070 7 -0.2010846651 -0.9540852482 0.2220051725 1.79222096 14.49230736 0.5 1
Intersection: 3046
3070 8 -0.2010846651 -0.9540852482 0.2220051725 1.075296459 15.20923186 0.5 1
Intersection: 3047
3072 4 0.486333638 0.04941776145 0.8723746199 0.8075262819 0.8298100493 0.5 1
Intersection: 3048
3074 1 0.4659825618 0.08774236267 0.8804325811 13.78763787 16.21236213 0.5 1
Intersection: 3049
3074 2 0.4659825618 0.08774236267 0.8804325811 13.58734356 16.41265644 0.5 1
Intersection: 3050
3074 6 -0.07600099912 0.2054658251 0.97570879 7.186778255 22.81322174 0.5 1
Intersection: 3051
3078 12 0.001958061974 -0.003563274062 0.9999917345 4.799482122 21.32539175 0.5 1
Intersection: 3052
3082 9 -0.2010846651 -0.9540852482 0.2220051725 1.917568177 14.36696014 0.5 1
Intersection: 3053
3085 12 -0.5063489925 -0.174159859 0.844558489 9.242962149 20.75703785 0.5 1
Intersection: 3054
3086 9 0.5409403847 0.6605957815 -0.5205734469 12.55164956 15.58146417 0.5 1
Intersection: 3055
3086 12 -0.7446018647 0.6659727852 -0.04525828631 7.327891032 14.77432848 0.5 1
Intersection: 3056
3087 8 0.5409403847 0.6605957815 -0.5205734469 8.127573063 20.00554066 0.5 1
Intersection: 3057
3090 6 0.3388197447 0.6263630652 -0.7020473568 6.612879124 15.27190292 0.5 1
Intersection: 3058
3090 9 0.3388197447 0.6263630652 -0.7020473568 5.351745579 16.53303647 0.5 1
Intersection: 3059
3091 6 -0.2206168567 -0.3670035858 -0.9036794623 8.35226734 21.64773266 0.5 1
Intersection: 3060
3091 9 -0.5230058497 0.4856514049 -0.7004338613 1.984769715 11.13100767 0.5 1
Intersection: 3061
3092 6 -0.7446018647 0.6659727852 -0.04525828631 9.176706181 12.92551333 0.5 1
Intersection: 3062
3092 9 -0.7446018647 0.6659727852 -0.04525828631 10.68288202 11.41933749 0.5 1
Intersection: 3063
3095 7 -0.05253004477 -0.5455067276 0.836458609 9.999173391 20.00082661 0.5 1
Intersection: 3064
3095 8 -0.06062371825 0.1715888793 0.9833015922 2.005796744 27.99420326 0.5 1
Intersection: 3065
3095 9 -0.02710952046 0.1342015281 -0.9905831736 11.22588194 18.77411806 0.5 1
Intersection: 3066
3095 11 -0.02710952046 0.1342015281 -0.9905831736 12.18225754 17.81774246 0.5 1
Intersection: 3067
3096 9 -0.935135771 -0.2697483414 -0.2296887506 2.754445571 27.24555443 0.5 1
Intersection: 3068
3097 8 -0.08082985514 0.1412798654 0.9866643473 13.96983491 16.03016509 0.5 1
Intersection: 3069
3097 11 -0.08082985514 0.1412798654 0.9866643473 11.84883277 18.15116723 0.5 1
Intersection: 3070
3097 11 0.8256309521 -0.3133743192 -0.4691802074 10.16854349 19.83145651 0.5 2
Intersection: 3071
3097 11 0.8857816998 -0.1927572976 -0.422179351 11.08638789 18.91361211 0.5 3
Intersection: 3072
3098 6 -0.7694758385 -0.5596805938 0.3076760746 4.399447027 24.73460159 0.5 1
Intersection: 3073
3099 3 -0.3021750706 0.2340778961 -0.924065888 8.06850658 21.93149342 0.5 1
Intersection: 3074
3099 5 -0.3021750706 0.2340778961 -0.924065888 7.894334872 22.10566513 0.5 1
Intersection: 3075
3105 7 0.404563394 -0.4909896731 -0.771529391 2.142108883 8.745720689 0.5 1
Intersection: 3076
3105 12 -0.958458259 0.2213215099 0.1799293057 13.06495409 16.93504591 0.5 1
Intersection: 3077
3106 9 -0.1918906133 0.08498748637 0.9777295739 14.20647652 15.79352348 0.5 1
Intersection: 3078
3106 12 -0.2528452092 -0.5848994742 -0.7706892404 10.97541571 19.02458429 0.5 1
Intersection: 3079
3111 1 0.5920020086 0.07302498832 0.8026213135 6.163879396 23.8361206 0.5 1
Intersection: 3080
3111 6 0.5920020086 0.07302498832 0.8026213135 4.838113257 25.16188674 0.5 1
Intersection: 3081
3114 4 -0.3021750706 0.2340778961 -0.924065888 1.366070393 28.63392961 0.5 1
Intersection: 3082
3117 3 -0.04383474938 -0.01841428236 0.998869075 9.229168094 19.81090068 0.5 1
Intersection: 3083
3119 10 0.5354060945 0.8253893426 -0.1790886573 7.131866195 14.5352197 0.5 1
Intersection: 3084
3120 10 -0.04383474938 -0.01841428236 0.998869075 7.746341254 21.29372751 0.5 1
Intersection: 3085
3122 6 0.003147776779 0.008711205223 -0.9999571023 9.275798871 20.72420113 0.5 1
Intersection: 3086
3122 7 -0.406484311 -0.01636428505 0.9135112014 10.82345123 19.17654877 0.5 1
Intersection: 3087
3122 12 0.6254727641 0.04941120775 -0.778679879 4.083259072 25.91674093 0.5 1
Intersection: 3088
3123 5 0.3388197447 0.6263630652 -0.7020473568 0.6318898183 21.25289223 0.5 1
Intersection: 3089
3128 1 0.2665781903 -0.5669519081 -0.7794238913 8.518069131 9.238345001 0.5 1
Intersection: 3090
3128 1 0.2741634462 0.3455280631 -0.8974657444 7.51877652 22.48122348 0.5 2
Intersection: 3091
3128 2 0.2741634462 0.3455280631 -0.8974657444 7.987745124 22.01225488 0.5 1
Intersection: 3092
3128 4 0.2771756678 0.03562983819 -0.9601584056 8.827959835 21.17204017 0.5 1
Intersection: 3093
3128 8 0.2665781903 -0.5669519081 -0.7794238913 7.257930631 10.4984835 0.5 1
Intersection: 3094
3130 3 -0.7446018647 0.6659727852 -0.04525828631 5.187511419 16.91470809 0.5 1
Intersection: 3095
3130 4 -0.7446018647 0.6659727852 -0.04525828631 4.787279469 17.31494004 0.5 1
Intersection: 3096
3131 12 0.003147776779 0.008711205223 -0.9999571023 0.3796481249 29.62035188 0.5 1
Intersection: 3097
3133 1 0.5920020086 0.07302498832 0.8026213135 2.19129617 27.80870383 0.5 1
Intersection: 3098
3135 9 0.5354060945 0.8253893426 -0.1790886573 3.462962198 18.2041237 0.5 1
Intersection: 3099
3135 10 0.5354060945 0.8253893426 -0.1790886573 3.235817836 18.43126806 0.5 1
Intersection: 3100
3135 12 0.2665781903 -0.5669519081 -0.7794238913 5.979521141 11.77689299 0.5 1
Intersection: 3101
3138 5 0.09947362002 -0.02145799157 -0.9948088025 7.169877483 22.83012252 0.5 1
Intersection: 3102
3146 4 0.08120976485 0.5059903253 -0.8587076131 4.072890194 25.92710981 0.5 1
Intersection: 3103
3147 7 -0.5063489925 -0.174159859 0.844558489 6.452624279 23.54737572 0.5 1
Intersection: 3104
3147 7 0.08120976485 0.5059903253 -0.8587076131 4.039163725 25.96083627 0.5 2
Intersection: 3105
3149 11 -0.313082541 0.1707125603 0.9342572153 2.394441457 27.60555854 0.5 1
Intersection: 3106
3155 1 -0.2832072581 -0.5480251719 0.787059121 9.086202639 20.91379736 0.5 1
Intersection: 3107
3155 3 -0.2832072581 -0.5480251719 0.787059121 11.93740942 18.06259058 0.5 1
Intersection: 3108
3159 2 0.0411397763 -0.2923609795 0.9554227214 6.106193356 12.39543986 0.5 1
Intersection: 3109
3159 12 -0.3021750706 0.2340778961 -0.924065888 12.43891708 17.56108292 0.5 1
Intersection: 3110
3160 5 -0.2832072581 -0.5480251719 0.787059121 6.96602902 23.03397098 0.5 1
Intersection: 3111
3161 12 -0.5068080618 0.2636736527 0.8207446578 0.06422756044 29.93577244 0.5 1
Intersection: 3112
3162 3 0.2127668301 -0.2475779655 0.9452171322 4.608135931 15.94426661 0.5 1
Intersection: 3113
3162 5 -0.4386543784 -0.8373191744 0.3263111039 2.017394224 6.692144264 0.5 1
Intersection: 3114
3162 6 -0.4386543784 -0.8373191744 0.3263111039 2.560508094 6.149030394 0.5 1
Intersection: 3115
3162 11 0.2127668301 -0.2475779655 0.9452171322 6.518257705 14.03414484 0.5 1
Intersection: 3116
3162 12 0.2127668301 -0.2475779655 0.9452171322 5.627028674 14.92537387 0.5 1
Intersection: 3117
3164 12 -0.3452727499 -0.4391946605 0.8293942237 1.17784282 1.429476971 0.5 1
Intersection: 3118
3165 5 0.3464845932 0.6629528659 0.6636579875 6.044330927 20.47756309 0.5 1
Intersection: 3119
3166 7 0.8191012542 0.5626097019 0.1119975836 2.67741306 27.32258694 0.5 1
Intersection: 3120
3167 10 -0.07342675597 -0.4296159376 0.9000214762 0.7834620441 12.29373645 0.5 1
Intersection: 3121
3168 10 -0.8537761995 0.3092924673 -0.4188130499 7.877312518 22.12268748 0.5 1
Intersection: 3122
3168 11 -0.4739201185 -0.8633893617 0.1730853297 3.941461713 11.10932322 0.5 1
Intersection: 3123
3170 4 -0.01468841311 -0.1786859184 -0.9837965202 6.774625027 16.71272347 0.5 1
Intersection: 3124
3170 10 -0.8827197198 0.297623787 -0.3636289011 4.21467222 25.78532778 0.5 1
Intersection: 3125
3170 11 -0.4386543784 -0.8373191744 0.3263111039 2.114799069 6.594739419 0.5 1
Intersection: 3126
3171 3 0.2211220963 -0.7289942422 -0.647821282 10.27446998 12.85570635 0.5 1
Intersection: 3127
3172 8 -0.03710430986 -0.03267757419 0.9987769753 3.944474227 26.05552577 0.5 1
Intersection: 3128
3173 12 -0.7185833772 -0.3539586578 -0.5986244219 4.384434539 19.72620653 0.5 1
Intersection: 3129
3175 10 0.4810424355 -0.5341788377 -0.6951626749 4.368645866 4.783514174 0.5 1
Intersection: 3130
3181 3 -0.3021750706 0.2340778961 -0.924065888 7.624059364 22.37594064 0.5 1
Intersection: 3131
3181 10 -0.5867778644 0.166243547 -0.7924990984 11.18712438 18.81287562 0.5 1
Intersection: 3132
3182 12 0.3924665828 -0.3755993287 -0.8395803271 13.95284475 16.04715525 0.5 1
Intersection: 3133
3184 7 0.8175925047 -0.341979313 0.4632414552 11.19249584 16.68114217 0.5 1
Intersection: 3134
3184 9 0.8175925047 -0.341979313 0.4632414552 11.50455557 16.36908244 0.5 1
Intersection: 3135
3184 11 0.4693004726 0.7676096083 -0.4365003501 1.254283895 19.7629997 0.5 1
Intersection: 3136
3185 3 0.8643455088 -0.4389902232 -0.2453455224 1.126256883 11.06890466 0.5 1
Intersection: 3137
3185 4 0.8643455088 -0.4389902232 -0.2453455224 1.711728975 10.48343257 0.5 1
Intersection: 3138
3186 3 0.5746106145 -0.2382711566 0.7829747746 6.969594892 23.03040511 0.5 1
Intersection: 3139
3186 7 0.05022118376 -0.2658375991 -0.9627087844 1.599942359 16.84560181 0.5 1
Intersection: 3140
3186 9 0.05022118376 -0.2658375991 -0.9627087844 2.226166375 16.21937779 0.5 1
Intersection: 3141
3187 5 -0.313082541 0.1707125603 0.9342572153 11.03116358 18.96883642 0.5 1
Intersection: 3142
3188 12 0.08120976485 0.5059903253 -0.8587076131 14.22348535 15.77651465 0.5 1
Intersection: 3143
3190 5 -0.8416184822 -0.1907393778 -0.5052690572 13.43658209 16.56341791 0.5 1
Intersection: 3144
3190 6 -0.8416184822 -0.1907393778 -0.5052690572 13.06082475 16.93917525 0.5 1
Intersection: 3145
3191 11 -0.8416184822 -0.1907393778 -0.5052690572 12.14399621 17.85600379 0.5 1
Intersection: 3146
3192 11 -0.8416184822 -0.1907393778 -0.5052690572 8.456734231 21.54326577 0.5 1
Intersection: 3147
3192 12 -0.8416184822 -0.1907393778 -0.5052690572 6.897799184 23.10220082 0.5 1
Intersection: 3148
3193 12 0.2310830856 -0.08395571414 -0.9693049291 11.86592033 18.13407967 0.5 1
Intersection: 3149
3195 5 -0.602576441 0.4038470493 0.6883379937 6.096793773 23.90320623 0.5 1
Intersection: 3150
3195 7 -0.602576441 0.4038470493 0.6883379937 4.524357278 25.47564272 0.5 1
Intersection: 3151
3196 6 -0.602576441 0.4038470493 0.6883379937 6.738829748 23.26117025 0.5 1
Intersection: 3152
3196 6 -0.3159488755 -0.8978762456 0.3065853154 5.056506101 14.10538078 0.5 2
Intersection: 3153
3196 9 -0.3159488755 -0.8978762456 0.3065853154 6.656926064 12.50496082 0.5 1
Intersection: 3154
3196 10 -0.3159488755 -0.8978762456 0.3065853154 6.252373775 12.90951311 0.5 1
Intersection: 3155
3196 12 -0.602576441 0.4038470493 0.6883379937 9.058935941 20.94106406 0.5 1
Intersection: 3156
3197 3 -0.8416184822 -0.1907393778 -0.5052690572 12.38835738 17.61164262 0.5 1
Intersection: 3157
3197 12 0.3924665828 -0.3755993287 -0.8395803271 2.657351614 27.34264839 0.5 1
Intersection: 3158
3198 10 0.923874732 -0.3804849419 0.04106931424 0.8507275442 29.14927246 0.5 1
Intersection: 3159
3198 11 0.2310830856 -0.08395571414 -0.9693049291 10.46145795 19.53854205 0.5 1
Intersection: 3160
3200 6 -0.7958174721 0.5252243959 -0.3013534224 6.420895489 12.83540629 0.5 1
Intersection: 3161
3201 3 -0.3975498249 0.1377125652 -0.9071876245 3.607737062 26.39226294 0.5 1
Intersection: 3162
3202 11 0.9718318609 -0.151165704 0.1808086396 12.52392554 17.47607446 0.5 1
Intersection: 3163
3203 4 -0.9977607584 -0.04674538904 -0.04783657125 12.79438955 15.78440289 0.5 1
Intersection: 3164
3203 6 -0.9977607584 -0.04674538904 -0.04783657125 10.46412934 18.11466309 0.5 1
Intersection: 3165
3203 9 0.2310830856 -0.08395571414 -0.9693049291 13.53380717 16.46619283 0.5 1
Intersection: 3166
3204 1 0.08414852397 0.1995012705 -0.9762777622 14.95027458 15.04972542 0.5 1
Intersection: 3167
3204 3 0.08414852397 0.1995012705 -0.9762777622 13.48675428 16.51324572 0.5 1
Intersection: 3168
3204 5 0.2310830856 -0.08395571414 -0.9693049291 12.87734535 17.12265465 0.5 1
Intersection: 3169
3204 7 -0.602576441 0.4038470493 0.6883379937 14.16470298 15.83529702 0.5 1
Intersection: 3170
3204 10 0.3924665828 -0.3755993287 -0.8395803271 8.019596537 21.98040346 0.5 1
Intersection: 3171
3204 11 0.09038885096 -0.009043756164 -0.9958654859 13.24673072 16.75326928 0.5 1
Intersection: 3172
3205 1 -0.7694758385 -0.5596805938 0.3076760746 8.603095116 20.53095351 0.5 1
Intersection: 3173
3205 2 -0.7694758385 -0.5596805938 0.3076760746 9.061535276 20.07251334 0.5 1
Intersection: 3174
3205 8 -0.7694758385 -0.5596805938 0.3076760746 10.19340804 18.94064058 0.5 1
Intersection: 3175
3206 3 -0.6661913877 0.340401197 0.6635631545 6.465364148 23.53463585 0.5 1
Intersection: 3176
3207 10 0.5933125346 -0.6577639081 -0.464033272 2.701030873 4.311536959 0.5 1
Intersection: 3177
3208 8 0.8857816998 -0.1927572976 -0.422179351 11.03771314 18.96228686 0.5 1
Intersection: 3178
3209 12 0.923874732 -0.3804849419 0.04106931424 9.30194435 20.69805565 0.5 1
Intersection: 3179
3210 1 -0.599916948 -0.7966285779 0.07404434042 0.9929870705 18.73620634 0.5 1
Intersection: 3180
3210 6 -0.599916948 -0.7966285779 0.07404434042 3.335511113 16.39368229 0.5 1
Intersection: 3181
3212 2 0.7756592579 0.05275062777 -0.6289436278 7.958816738 22.04118326 0.5 1
Intersection: 3182
3213 3 -0.7597409328 -0.1656553717 -0.6287702386 3.825962567 26.17403743 0.5 1
Intersection: 3183
3214 7 0.7010144598 -0.2559369382 0.6656387991 14.26364815 15.73635185 0.5 1
Intersection: 3184
3214 9 0.7010144598 -0.2559369382 0.6656387991 13.53861589 16.46138411 0.5 1
Intersection: 3185
3214 11 0.7010144598 -0.2559369382 0.6656387991 14.28994766 15.71005234 0.5 1
Intersection: 3186
3215 7 0.1455464561 -0.06736638978 -0.9870552156 13.93689132 16.06310868 0.5 1
Intersection: 3187
3215 9 0.1455464561 -0.06736638978 -0.9870552156 14.79691998 15.20308002 0.5 1
Intersection: 3188
3219 1 0.1774785486 -0.1982691902 -0.9639453786 7.497363065 22.50263693 0.5 1
Intersection: 3189
3219 2 0.1774785486 -0.1982691902 -0.9639453786 6.597895613 23.40210439 0.5 1
Intersection: 3190
3221 5 0.2584744711 -0.6735200445 0.6925039332 4.824579794 15.20462199 0.5 1
Intersection: 3191
3221 9 0.4046330042 0.1616423973 0.9000799227 6.891112819 23.10888718 0.5 1
Intersection: 3192
3221 10 0.1291359125 0.4463591621 0.8854871058 5.480932535 24.51906746 0.5 1
Intersection: 3193
3225 1 -0.269972217 -0.04969581347 0.9615848003 1.781848276 28.21815172 0.5 1
Intersection: 3194
3225 2 0.359266169 -0.02431524346 -0.9329183184 14.26475846 15.73524154 0.5 1
Intersection: 3195
3225 4 0.359266169 -0.02431524346 -0.9329183184 13.71876863 16.28123137 0.5 1
Intersection: 3196
3225 6 -0.269972217 -0.04969581347 0.9615848003 1.16851643 28.83148357 0.5 1
Intersection: 3197
3225 8 0.359266169 -0.02431524346 -0.9329183184 14.51011819 15.48988181 0.5 1
Intersection: 3198
3225 10 -0.269972217 -0.04969581347 0.9615848003 2.132613703 27.8673863 0.5 1
Intersection: 3199
3227 9 0.317180288 -0.4384602992 -0.8409216557 8.075446177 21.92455382 0.5 1
Intersection: 3200
3227 12 0.2661078683 0.03185958078 -0.9634166127 8.306321544 21.69367846 0.5 1
Intersection: 3201
3229 3 -0.4727974277 -0.3806299582 0.7947222328 7.565638425 22.43436158 0.5 1
Intersection: 3202
3229 5 -0.4727974277 -0.3806299582 0.7947222328 7.375480389 22.62451961 0.5 1
Intersection: 3203
3229 8 0.6263403473 0.2633196462 -0.733730559 14.06948964 15.93051036 0.5 1
Intersection: 3204
3231 8 0.5644230676 0.04747420356 -0.8241194093 4.837709826 25.16229017 0.5 1
Intersection: 3205
3232 10 0.2584744711 -0.6735200445 0.6925039332 3.264412924 16.76478886 0.5 1
Intersection: 3206
3233 12 -0.1764260539 -0.6218045165 -0.7630419325 3.684946467 9.367688533 0.5 1
Intersection: 3207
3237 6 0.2127668301 -0.2475779655 0.9452171322 7.245108645 13.3072939 0.5 1
Intersection: 3208
3240 10 -0.01468841311 -0.1786859184 -0.9837965202 9.718007873 13.76934062 0.5 1
Intersection: 3209
3240 12 -0.01468841311 -0.1786859184 -0.9837965202 8.355278666 15.13206983 0.5 1
Intersection: 3210
3244 1 0.8857816998 -0.1927572976 -0.422179351 12.66790341 17.33209659 0.5 1
Intersection: 3211
3244 2 0.0462421476 -0.3557136352 -0.9334503059 13.01570798 16.98429202 0.5 1
Intersection: 3212
3244 2 0.8256309521 -0.3133743192 -0.4691802074 5.670637591 24.32936241 0.5 2
Intersection: 3213
3244 6 0.8857816998 -0.1927572976 -0.422179351 11.67642877 18.32357123 0.5 1
Intersection: 3214
3244 10 0.8256309521 -0.3133743192 -0.4691802074 2.545190573 27.45480943 0.5 1
Intersection: 3215
3245 1 0.3366741292 -0.1395093484 0.9312291192 9.19750177 20.80249823 0.5 1
Intersection: 3216
3245 6 0.3366741292 -0.1395093484 0.9312291192 7.885410602 22.1145894 0.5 1
Intersection: 3217
3249 9 0.9348464131 0.3052453645 0.1813489771 0.8324787431 29.16752126 0.5 1
Intersection: 3218
3249 11 0.9348464131 0.3052453645 0.1813489771 0.7408202272 29.25917977 0.5 1
Intersection: 3219
3251 2 0.2584744711 -0.6735200445 0.6925039332 0.4474234362 19.58177835 0.5 1
Intersection: 3220
3251 11 0.1291359125 0.4463591621 0.8854871058 5.407586849 24.59241315 0.5 1
Intersection: 3221
3252 8 -0.09618725811 0.1694000005 -0.9808423172 6.291345913 23.70865409 0.5 1
Intersection: 3222
3254 3 -0.03789663416 -0.9872514508 -0.1545911318 0.4594955068 7.586507688 0.5 1
Intersection: 3223
3254 5 -0.03789663416 -0.9872514508 -0.1545911318 1.476481371 6.569521824 0.5 1
Intersection: 3224
3256 2 -0.1859068835 -0.2078432976 0.9603331684 0.5008713773 12.68392992 0.5 1
Intersection: 3225
3257 12 -0.05040580692 0.9352532776 -0.3503720328 4.250353808 7.227450091 0.5 1
Intersection: 3226
3258 3 0.2211220963 -0.7289942422 -0.647821282 0.8368329918 22.29334333 0.5 1
Intersection: 3227
3258 4 0.2211220963 -0.7289942422 -0.647821282 0.3173268824 22.81284944 0.5 1
Intersection: 3228
3258 5 0.2137203735 -0.7928113157 0.5707659938 2.113573645 3.926377272 0.5 1
Intersection: 3229
3260 3 -0.1191901236 0.2860048358 -0.9507864893 9.98303943 20.01696057 0.5 1
Intersection: 3230
3260 12 -0.1191901236 0.2860048358 -0.9507864893 10.11296873 19.88703127 0.5 1
Intersection: 3231
3263 3 -0.2583388838 0.9037925108 0.341203925 2.46383094 3.707521951 0.5 1
Intersection: 3232
3269 8 0.05657783725 -0.03595932301 0.9977504074 4.917753268 25.08224673 0.5 1
Intersection: 3233
3270 2 0.1868881577 -0.9157706643 0.3555796772 1.658614604 1.843537518 0.5 1
Intersection: 3234
3270 11 -0.7100270615 0.1109278279 -0.6953823329 8.468032954 21.53196705 0.5 1
Intersection: 3235
3270 12 -0.7100270615 0.1109278279 -0.6953823329 7.625876897 22.3741231 0.5 1
Intersection: 3236
3272 7 0.08353447892 0.06678040928 0.9942647373 4.669841957 25.33015804 0.5 1
Intersection: 3237
3274 6 0.9712436365 -0.2341234835 -0.04326653457 8.538324529 21.46167547 0.5 1
Intersection: 3238
3274 10 0.9712436365 -0.2341234835 -0.04326653457 8.771238395 21.2287616 0.5 1
Intersection: 3239
3275 4 0.08353447892 0.06678040928 0.9942647373 11.25997418 18.74002582 0.5 1
Intersection: 3240
3276 7 0.8175925047 -0.341979313 0.4632414552 2.520677051 25.35296095 0.5 1
Intersection: 3241
3279 1 -0.496651562 -0.8664290089 -0.05136145066 3.56508694 12.6322214 0.5 1
Intersection: 3242
3279 7 -0.496651562 -0.8664290089 -0.05136145066 3.835586539 12.3617218 0.5 1
Intersection: 3243
3280 11 -0.9982649827 0.0310580627 0.05002420416 11.87486004 18.12513996 0.5 1
Intersection: 3244
3281 2 -0.4919513962 0.8088439999 -0.3221105519 2.42827492 14.09816387 0.5 1
Intersection: 3245
3281 6 -0.2127923477 -0.04876633042 0.9758797374 11.86383567 18.13616433 0.5 1
Intersection: 3246
3281 12 0.5658591763 -0.2079311903 0.7978521246 13.31790232 16.68209768 0.5 1
Intersection: 3247
3285 5 0.2765040569 -0.05654236794 0.9593479385 6.773582089 23.22641791 0.5 1
Intersection: 3248
3285 6 -0.5906255944 0.04508207863 0.8056854308 7.196841408 11.2633302 0.5 1
Intersection: 3249
3286 2 0.806052063 -0.1360307999 0.5759997337 6.991233284 23.00876672 0.5 1
Intersection: 3250
3287 8 -0.2770904719 -0.5267401741 -0.8035954576 7.769745385 22.23025462 0.5 1
Intersection: 3251
3290 4 -0.326001146 0.4210408239 -0.8464324412 0.7093741132 7.873584311 0.5 1
Intersection: 3252
3290 12 -0.326001146 0.4210408239 -0.8464324412 4.192522035 4.390436389 0.5 1
Intersection: 3253
3291 9 -0.5326162596 0.4555901884 -0.7132723885 1.441084628 28.55891537 0.5 1
Intersection: 3254
3294 4 0.5274154951 0.3967851946 0.7512618751 9.861017559 11.50728791 0.5 1
Intersection: 3255
3294 8 0.5274154951 0.3967851946 0.7512618751 10.23178383 11.13652164 0.5 1
Intersection: 3256
3295 5 -0.1915193001 -0.228536676 0.9545110504 7.787833803 13.27484233 0.5 1
Intersection: 3257
3296 5 -0.08724983115 0.02039811538 -0.9959776021 12.44414188 17.55585812 0.5 1
Intersection: 3258
3296 8 -0.9985270679 0.0494707224 0.02227873956 12.39239754 17.60760246 0.5 1
Intersection: 3259
3296 11 -0.8802712971 0.4498152767 -0.1509591349 4.905024953 4.958035154 0.5 1
Intersection: 3260
3300 12 -0.5834914236 -0.8081629203 0.08006530332 2.882692298 14.27988225 0.5 1
Intersection: 3261
3301 11 0.5658591763 -0.2079311903 0.7978521246 14.60264359 15.39735641 0.5 1
Intersection: 3262
3302 4 -0.04038651668 -0.2885523512 0.9566119746 3.149974619 26.85002538 0.5 1
Intersection: 3263
3306 4 0.1404160467 0.1213350601 0.9826297049 9.170452657 16.72552021 0.5 1
Intersection: 3264
3306 11 0.01386844627 0.4638723333 0.8857935 5.751973237 24.24802676 0.5 1
Intersection: 3265
3307 9 -0.6606346631 0.6079396471 0.4404216472 8.273256261 21.72674374 0.5 1
Intersection: 3266
3308 1 -0.7100270615 0.1109278279 -0.6953823329 1.3800391 28.6199609 0.5 1
Intersection: 3267
3308 5 -0.6606346631 0.6079396471 0.4404216472 4.081414106 25.91858589 0.5 1
Intersection: 3268
3308 10 -0.7100270615 0.1109278279 -0.6953823329 1.443822676 28.55617732 0.5 1
Intersection: 3269
3308 12 0.01386844627 0.4638723333 0.8857935 12.39326819 17.60673181 0.5 1
Intersection: 3270
3309 9 -0.7100270615 0.1109278279 -0.6953823329 4.600346167 25.39965383 0.5 1
Intersection: 3271
3310 10 0.2765040569 -0.05654236794 0.9593479385 7.374743056 22.62525694 0.5 1
Intersection: 3272
3313 5 0.08353447892 0.06678040928 0.9942647373 14.59566184 15.40433816 0.5 1
Intersection: 3273
3315 7 0.1202290089 0.05574432828 0.9911798804 2.117596015 22.58985881 0.5 1
Intersection: 3274
3315 11 0.9492624892 0.1871781201 -0.2527154091 0.2813356862 29.71866431 0.5 1
Intersection: 3275
3316 5 -0.5906255944 0.04508207863 0.8056854308 8.128833526 10.33133808 0.5 1
Intersection: 3276
3316 6 -0.5906255944 0.04508207863 0.8056854308 8.621774975 9.838396635 0.5 1
Intersection: 3277
3320 7 -0.6682970769 -0.319130763 0.6719632231 3.416050154 26.58394985 0.5 1
Intersection: 3278
3320 7 0.03565423407 0.04163283111 0.9984966114 13.9194689 16.0805311 0.5 2
Intersection: 3279
3320 8 0.3643966855 -0.02734227191 0.9308423367 7.632319709 22.36768029 0.5 1
Intersection: 3280
3320 8 0.9712436365 -0.2341234835 -0.04326653457 5.933500749 24.06649925 0.5 2
Intersection: 3281
3320 12 0.9712436365 -0.2341234835 -0.04326653457 8.052258066 21.94774193 0.5 1
Intersection: 3282
3321 5 0.9712436365 -0.2341234835 -0.04326653457 13.39215513 16.60784487 0.5 1
Intersection: 3283
3325 11 -0.05040580692 0.9352532776 -0.3503720328 0.7726450695 10.70515883 0.5 1
Intersection: 3284
3326 6 -0.05040580692 0.9352532776 -0.3503720328 0.9216986383 10.55610526 0.5 1
Intersection: 3285
3327 7 -0.2793760988 -0.912728206 0.2981211455 7.177740377 14.20313886 0.5 1
Intersection: 3286
3328 12 -0.08287870961 0.009743453779 -0.9965120093 11.09222012 18.90777988 0.5 1
Intersection: 3287
3328 12 0.09350681465 -0.1326110607 0.9867475777 0.7065885475 29.29341145 0.5 2
Intersection: 3288
3329 4 0.5017235362 0.102913494 0.8588843379 1.812087645 28.18791236 0.5 1
Intersection: 3289
3330 8 0.2992743619 0.2891027882 -0.9093153656 2.024354546 12.32130753 0.5 1
Intersection: 3290
3331 7 0.1262545607 -0.04148288559 -0.9911301409 14.3882654 15.6117346 0.5 1
Intersection: 3291
3335 2 -0.5953337906 0.7512238706 0.2850269706 1.623047751 13.04760972 0.5 1
Intersection: 3292
3335 12 -0.01347769453 0.07804916893 0.9968584047 8.768652137 21.23134786 0.5 1
Intersection: 3293
3336 5 -0.05068276355 -0.05020307083 -0.997452209 4.062310719 25.93768928 0.5 1
Intersection: 3294
3338 7 0.9712436365 -0.2341234835 -0.04326653457 4.854059638 25.14594036 0.5 1
Intersection: 3295
3338 8 0.9712436365 -0.2341234835 -0.04326653457 5.735738305 24.26426169 0.5 1
Intersection: 3296
3341 7 0.08353447892 0.06678040928 0.9942647373 0.9531853841 29.04681462 0.5 1
Intersection: 3297
3341 8 0.08353447892 0.06678040928 0.9942647373 2.191860004 27.80814 0.5 1
Intersection: 3298
3343 3 0.08353447892 0.06678040928 0.9942647373 0.1929185459 29.80708145 0.5 1
Intersection: 3299
3343 10 -0.2528452092 -0.5848994742 -0.7706892404 6.219818245 23.78018176 0.5 1
Intersection: 3300
3346 2 -0.1471469216 0.2897753953 -0.945715604 1.152428628 19.32553694 0.5 1
Intersection: 3301
3346 10 -0.336707558 0.04714913753 0.940428083 14.4010598 15.5989402 0.5 1
Intersection: 3302
3347 10 0.2124911664 0.6782924653 0.7033966418 0.3311669942 25.64148266 0.5 1
Intersection: 3303
3351 11 0.1324758804 0.08532913689 -0.9875064959 6.14425867 23.85574133 0.5 1
Intersection: 3304
3354 1 -0.6294857744 -0.3055692832 -0.7144053982 10.88266757 19.11733243 0.5 1
Intersection: 3305
3354 1 -0.08724983115 0.02039811538 -0.9959776021 14.60305982 15.39694018 0.5 2
Intersection: 3306
3354 2 -0.08724983115 0.02039811538 -0.9959776021 13.77493192 16.22506808 0.5 1
Intersection: 3307
3354 3 0.2814761412 -0.0766774184 0.9564997415 5.148058741 24.85194126 0.5 1
Intersection: 3308
3354 6 0.9368374631 -0.2717656031 -0.2201795283 6.734253743 23.26574626 0.5 1
Intersection: 3309
3354 11 0.9368374631 -0.2717656031 -0.2201795283 3.928725507 26.07127449 0.5 1
Intersection: 3310
3355 5 -0.08958557823 -0.01957792597 0.9957866885 2.845956675 25.23122513 0.5 1
Intersection: 3311
3356 3 0.806052063 -0.1360307999 0.5759997337 7.653518433 22.34648157 0.5 1
Intersection: 3312
3356 7 0.806052063 -0.1360307999 0.5759997337 11.6723144 18.3276856 0.5 1
Intersection: 3313
3356 12 -0.08958557823 -0.01957792597 0.9957866885 12.8243873 15.25279451 0.5 1
Intersection: 3314
3356 12 0.1324758804 0.08532913689 -0.9875064959 5.547465536 24.45253446 0.5 2
Intersection: 3315
3358 1 -0.2645238833 -0.5350812809 0.8023186013 5.487525108 24.51247489 0.5 1
Intersection: 3316
3359 3 -0.08007087539 -0.05781440881 0.995111124 12.90561997 17.09438003 0.5 1
Intersection: 3317
3359 12 -0.08007087539 -0.05781440881 0.995111124 12.7133484 17.2866516 0.5 1
Intersection: 3318
3361 7 0.05556358008 0.2904073515 0.9552885735 13.23916991 16.76083009 0.5 1
Intersection: 3319
3361 11 0.9492624892 0.1871781201 -0.2527154091 3.059119522 26.94088048 0.5 1
Intersection: 3320
3362 1 0.02144674119 -3.944555753e-05 -0.9997699914 12.70672062 17.29327938 0.5 1
Intersection: 3321
3362 3 -0.9985270679 0.0494707224 0.02227873956 7.645101868 22.35489813 0.5 1
Intersection: 3322
3362 8 -0.01258921741 -0.009256401856 -0.9998779079 12.33924954 17.66075046 0.5 1
Intersection: 3323
3362 8 0.9512991928 0.2715598505 -0.1458941168 0.09776028469 14.60897001 0.5 2
Intersection: 3324
3362 9 -0.6294857744 -0.3055692832 -0.7144053982 8.246564272 21.75343573 0.5 1
Intersection: 3325
3362 9 -0.2134760794 -0.1377188088 0.9671925833 5.420723846 23.61505885 0.5 2
Intersection: 3326
3362 10 -0.2134760794 -0.1377188088 0.9671925833 5.581829023 23.45395367 0.5 1
Intersection: 3327
3362 12 -0.6294857744 -0.3055692832 -0.7144053982 5.300476478 24.69952352 0.5 1
Intersection: 3328
3364 2 0.8645430183 -0.1071350374 0.4910065716 0.6321773718 29.36782263 0.5 1
Intersection: 3329
3364 7 -0.08007087539 -0.05781440881 0.995111124 6.475007682 23.52499232 0.5 1
Intersection: 3330
3364 11 -0.08007087539 -0.05781440881 0.995111124 6.283561874 23.71643813 0.5 1
Intersection: 3331
3365 5 0.1745165369 0.1361068884 0.9752019756 11.95966655 18.04033345 0.5 1
Intersection: 3332
3365 8 0.1712116146 -0.1188665926 0.978037482 1.422103553 28.57789645 0.5 1
Intersection: 3333
3365 10 -0.08287870961 0.009743453779 -0.9965120093 0.937878897 29.0621211 0.5 1
Intersection: 3334
3365 12 0.2378898277 -0.1710271355 -0.9561161796 11.49140695 18.50859305 0.5 1
Intersection: 3335
3366 2 -0.7753372996 -0.04952602304 0.6296024499 0.1070204536 29.89297955 0.5 1
Intersection: 3336
3367 6 0.4748642429 0.8800569262 -0.001938431919 2.741757304 12.51629893 0.5 1
Intersection: 3337
3370 1 0.5533124796 0.2134833762 0.8051522514 7.451373808 18.89827406 0.5 1
Intersection: 3338
3371 2 0.08194919974 -0.3427664793 0.9358394464 6.987306077 23.01269392 0.5 1
Intersection: 3339
3371 3 -0.4006104448 0.7330908266 -0.549626338 2.092865479 22.24876287 0.5 1
Intersection: 3340
3371 5 0.3132221231 -0.9426851567 0.1150504105 3.050626725 6.729009552 0.5 1
Intersection: 3341
3371 12 -0.4006104448 0.7330908266 -0.549626338 2.71190719 21.62972116 0.5 1
Intersection: 3342
3376 2 -0.2134760794 -0.1377188088 0.9671925833 4.773965072 24.26181762 0.5 1
Intersection: 3343
3376 3 0.3721240227 0.1437010835 0.9169916632 3.868002109 25.56492681 0.5 1
Intersection: 3344
3378 3 0.01258920238 0.01223456563 0.9998459018 6.39107439 23.60892561 0.5 1
Intersection: 3345
3378 4 0.01258920238 0.01223456563 0.9998459018 5.501543557 24.49845644 0.5 1
Intersection: 3346
3378 9 -0.07934194421 0.02808112158 -0.9964518586 9.754317453 20.24568255 0.5 1
Intersection: 3347
3380 2 0.3721240227 0.1437010835 0.9169916632 11.54872373 17.88420519 0.5 1
Intersection: 3348
3386 5 0.08739876991 0.8315261718 0.5485669336 2.19668214 15.20077787 0.5 1
Intersection: 3349
3388 1 -0.9745476709 0.1329091139 0.1805325583 2.174328658 27.82567134 0.5 1
Intersection: 3350
3388 2 -0.9745476709 0.1329091139 0.1805325583 0.05291616118 29.94708384 0.5 1
Intersection: 3351
3388 11 -0.4006104448 0.7330908266 -0.549626338 5.470231284 18.87139707 0.5 1
Intersection: 3352
3388 11 0.3132221231 -0.9426851567 0.1150504105 3.142016771 6.637619506 0.5 2
Intersection: 3353
3388 12 -0.4006104448 0.7330908266 -0.549626338 4.621005185 19.72062317 0.5 1
Intersection: 3354
3391 12 0.7900118362 -0.2857482904 0.5424289936 14.94921477 15.05078523 0.5 1
Intersection: 3355
3392 12 -0.8188956505 -0.06567719473 0.570172272 2.142431188 8.689460763 0.5 1
Intersection: 3356
3396 1 -0.8562287984 -0.4604426728 -0.2342323416 1.177308985 1.400345908 0.5 1
Intersection: 3357
3397 4 -0.04138947229 -0.2878029785 0.9567948354 8.895487388 21.10451261 0.5 1
Intersection: 3358
3398 6 0.4883282414 -0.06505142849 0.8702320612 2.74043637 16.92270213 0.5 1
Intersection: 3359
3403 12 0.09350681465 -0.1326110607 0.9867475777 6.746937305 23.2530627 0.5 1
Intersection: 3360
3405 7 0.01336908195 -0.001559211008 -0.9999094142 9.847832781 20.15216722 0.5 1
Intersection: 3361
3406 4 0.2118992345 0.1742492871 -0.9616318944 14.42256357 15.57743643 0.5 1
Intersection: 3362
3408 1 -0.8261149986 -0.0956019934 -0.5553325741 13.36086294 16.63913706 0.5 1
Intersection: 3363
3408 2 -0.8261149986 -0.0956019934 -0.5553325741 14.92159647 15.07840353 0.5 1
Intersection: 3364
3408 6 -0.8261149986 -0.0956019934 -0.5553325741 13.13808255 16.86191745 0.5 1
Intersection: 3365
3408 8 -0.8261149986 -0.0956019934 -0.5553325741 14.74617949 15.25382051 0.5 1
Intersection: 3366
3409 4 -0.2297224789 0.4027570635 -0.8860103445 13.3204362 16.6795638 0.5 1
Intersection: 3367
3409 4 0.02907838787 0.3012196515 0.9531113098 7.88263282 22.11736718 0.5 2
Intersection: 3368
3409 5 0.4748642429 0.8800569262 -0.001938431919 4.543953262 10.71410298 0.5 1
Intersection: 3369
3409 9 0.5274154951 0.3967851946 0.7512618751 7.86578735 13.50251812 0.5 1
Intersection: 3370
3411 5 0.1153410653 -0.4294716813 0.8956843828 0.6243075309 4.489062665 0.5 1
Intersection: 3371
3414 11 0.9280056819 0.3722362245 -0.01567314302 0.03485120687 29.96514879 0.5 1
Intersection: 3372
3416 12 0.161604066 -0.4208872885 0.892601824 0.5334823244 29.46651768 0.5 1
Intersection: 3373
3421 3 -0.1758036084 -0.5189478664 0.8365322488 10.15969462 17.29073396 0.5 1
Intersection: 3374
3421 6 -0.5326162596 0.4555901884 -0.7132723885 4.53447749 25.46552251 0.5 1
Intersection: 3375
3421 7 -0.1758036084 -0.5189478664 0.8365322488 10.42273151 17.02769707 0.5 1
Intersection: 3376
3424 1 0.05623936538 0.2165112313 0.9746589252 2.928365158 8.722174695 0.5 1
Intersection: 3377
3426 1 -0.2645238833 -0.5350812809 0.8023186013 0.2546364798 29.74536352 0.5 1
Intersection: 3378
3427 7 0.1075376939 -0.0235576868 -0.9939218681 4.646433502 25.3535665 0.5 1
Intersection: 3379
3427 9 0.1075376939 -0.0235576868 -0.9939218681 5.39257023 24.60742977 0.5 1
Intersection: 3380
3428 4 -0.497631678 -0.2850997307 -0.8191952494 5.789257175 10.54455254 0.5 1
Intersection: 3381
3430 9 -0.3462159801 0.07849543613 0.9348652104 9.592819415 20.40718059 0.5 1
Intersection: 3382
3435 3 0.1977441629 0.5039020509 0.840821009 7.120284056 22.87971594 0.5 1
Intersection: 3383
3435 4 0.00993925076 0.003528735364 -0.9999443781 3.415065461 26.58493454 0.5 1
Intersection: 3384
3435 6 -0.0104750664 -0.004819909745 0.9999335185 4.067264976 25.93273502 0.5 1
Intersection: 3385
3437 12 -0.3462159801 0.07849543613 0.9348652104 13.72748698 16.27251302 0.5 1
Intersection: 3386
3438 5 -0.497631678 -0.2850997307 -0.8191952494 4.226789995 12.10701972 0.5 1
Intersection: 3387
3439 5 -0.2041056534 0.2300558821 0.9515330648 10.30941819 19.69058181 0.5 1
Intersection: 3388
3442 1 0.004451579778 -0.3631428831 -0.9317228289 3.756562748 26.24343725 0.5 1
Intersection: 3389
3442 2 0.004451579778 -0.3631428831 -0.9317228289 2.44372099 27.55627901 0.5 1
Intersection: 3390
3442 6 0.004451579778 -0.3631428831 -0.9317228289 4.16429452 25.83570548 0.5 1
Intersection: 3391
3444 5 -0.497631678 -0.2850997307 -0.8191952494 6.678864276 9.654945441 0.5 1
Intersection: 3392
3444 5 0.07140192631 -0.9932075155 0.09187271646 1.750373488 5.913958487 0.5 2
Intersection: 3393
3444 6 -0.497631678 -0.2850997307 -0.8191952494 5.512803347 10.82100637 0.5 1
Intersection: 3394
3446 12 0.9998950976 -0.006254086944 0.01306446646 10.81305369 19.18694631 0.5 1
Intersection: 3395
3447 1 0.1360985624 -0.4185358482 -0.8979448341 11.83748014 18.16251986 0.5 1
Intersection: 3396
3447 6 0.1360985624 -0.4185358482 -0.8979448341 12.88062053 17.11937947 0.5 1
Intersection: 3397
3447 7 -0.04038651668 -0.2885523512 0.9566119746 3.302492905 26.69750709 0.5 1
Intersection: 3398
3447 10 0.1360985624 -0.4185358482 -0.8979448341 13.27808068 16.72191932 0.5 1
Intersection: 3399
3448 3 0.7097592314 -0.1358715993 -0.6912168559 13.78701657 16.21298343 0.5 1
Intersection: 3400
3448 11 0.3585167581 0.1926953814 -0.9134189752 7.542937656 22.45706234 0.5 1
Intersection: 3401
3450 1 0.4137533613 -0.2241710182 -0.8823579266 10.50625194 19.49374806 0.5 1
Intersection: 3402
3450 2 -0.5959712063 -0.124768365 0.7932535385 4.630917314 25.36908269 0.5 1
Intersection: 3403
3453 3 0.08773037019 0.9836877523 0.1570407213 6.903289414 10.08653944 0.5 1
Intersection: 3404
3453 4 0.1189269641 0.02489093048 -0.9925909625 3.645743803 26.3542562 0.5 1
Intersection: 3405
3453 5 0.1189269641 0.02489093048 -0.9925909625 0.9200103764 29.07998962 0.5 1
Intersection: 3406
3453 11 -0.9191180379 -0.2388379799 -0.3133344088 9.779709031 20.22029097 0.5 1
Intersection: 3407
3453 11 0.4312547519 0.9003703425 -0.05790151346 3.392801009 6.313375085 0.5 2
Intersection: 3408
3454 8 0.4555365426 -0.2986631776 -0.8386219438 4.761723582 25.23827642 0.5 1
Intersection: 3409
3454 10 -0.4288568843 0.5815199721 -0.6913149028 4.509629335 21.58203235 0.5 1
Intersection: 3410
3455 7 -0.2289000305 -0.6075014308 0.7606226316 1.704188196 27.60869418 0.5 1
Intersection: 3411
3456 5 -0.2289000305 -0.6075014308 0.7606226316 4.625003545 24.68787884 0.5 1
Intersection: 3412
3456 6 -0.2289000305 -0.6075014308 0.7606226316 3.904799833 25.40808255 0.5 1
Intersection: 3413
3459 5 -0.9158857285 -0.3019546203 -0.2645311693 14.19864044 15.80135956 0.5 1
Intersection: 3414
3461 8 -0.5054602556 0.6809355783 -0.5299402497 0.746438003 1.621653764 0.5 1
Intersection: 3415
3462 2 0.07775665862 0.2887596601 -0.9542388384 4.312250342 6.299106366 0.5 1
Intersection: 3416
3463 1 0.5781762846 0.8159118389 -0.0002347266749 5.604511773 13.31578982 0.5 1
Intersection: 3417
3463 9 0.9381682165 0.340265052 0.06371885059 4.897010022 16.6198146 0.5 1
Intersection: 3418
3468 9 0.5533124796 0.2134833762 0.8051522514 7.2640608 19.08558707 0.5 1
Intersection: 3419
3469 8 0.3280376389 0.1005814571 -0.9392947769 13.34418493 16.65581507 0.5 1
Intersection: 3420
3469 8 0.8342137123 -0.5438698341 0.09106638145 4.706037157 17.03603638 0.5 2
Intersection: 3421
3474 5 0.9381682165 0.340265052 0.06371885059 1.650633426 19.8661912 0.5 1
Intersection: 3422
3474 6 0.9381682165 0.340265052 0.06371885059 1.038899379 20.47792524 0.5 1
Intersection: 3423
3474 12 0.01070542592 0.04929690958 0.9987267938 0.2110902898 29.78890971 0.5 1
Intersection: 3424
3477 12 0.01434371961 0.1280267736 -0.9916669819 8.96769753 21.03230247 0.5 1
Intersection: 3425
3479 1 0.4558862562 -0.7767639153 0.4345175961 5.327516065 15.73276943 0.5 1
Intersection: 3426
3480 3 0.8417478302 0.06222502503 0.5362729124 3.577977481 26.42202252 0.5 1
Intersection: 3427
3480 5 0.8417478302 0.06222502503 0.5362729124 3.033088914 26.96691109 0.5 1
Intersection: 3428
3481 7 0.6708918191 0.08540499736 -0.7366207664 7.082770332 9.77386619 0.5 1
Intersection: 3429
3481 10 0.6708918191 0.08540499736 -0.7366207664 4.934565176 11.92207135 0.5 1
Intersection: 3430
3485 3 -0.3462159801 0.07849543613 0.9348652104 5.475639709 24.52436029 0.5 1
Intersection: 3431
3487 4 0.2606939239 0.7548262022 0.6018937469 3.787116787 17.86270513 0.5 1
Intersection: 3432
3487 4 0.6380459459 0.01306488627 0.7698874461 13.47163193 16.52836807 0.5 2
Intersection: 3433
3489 1 -0.7385331136 -0.2955515139 -0.6059852661 5.617212474 22.77494899 0.5 1
Intersection: 3434
3489 6 -0.7385331136 -0.2955515139 -0.6059852661 5.542977368 22.8491841 0.5 1
Intersection: 3435
3489 10 -0.7385331136 -0.2955515139 -0.6059852661 5.133112499 23.25904897 0.5 1
Intersection: 3436
3492 4 -0.02432821165 0.01666887401 -0.9995650488 3.82403727 26.17596273 0.5 1
Intersection: 3437
3493 9 -0.4713725288 -0.07419569955 0.8788076793 11.72078644 18.27921356 0.5 1
Intersection: 3438
3496 1 -0.7385331136 -0.2955515139 -0.6059852661 4.830133899 23.56202757 0.5 1
Intersection: 3439
3500 10 0.9368374631 -0.2717656031 -0.2201795283 9.712758359 20.28724164 0.5 1
Intersection: 3440
3500 12 -0.1272885435 -0.08472175371 -0.988240786 10.48098335 19.51901665 0.5 1
Intersection: 3441
3502 9 0.008756378001 0.9431769408 0.3321755321 3.516979838 7.371560596 0.5 1
Intersection: 3442
3502 10 0.008756378001 0.9431769408 0.3321755321 2.564914559 8.323625876 0.5 1
Intersection: 3443
3507 1 -0.05828611113 0.2455348153 -0.96763391 10.33446363 19.66553637 0.5 1
Intersection: 3444
3507 2 -0.05828611113 0.2455348153 -0.96763391 9.425786692 20.57421331 0.5 1
Intersection: 3445
3507 3 -0.1690205388 0.1298561152 0.9770206993 2.818731806 27.18126819 0.5 1
Intersection: 3446
3507 4 -0.05828611113 0.2455348153 -0.96763391 8.950140379 21.04985962 0.5 1
Intersection: 3447
3507 5 -0.1690205388 0.1298561152 0.9770206993 3.976100832 26.02389917 0.5 1
Intersection: 3448
3507 11 0.1229660195 0.06082400405 -0.9905452027 6.88335301 23.11664699 0.5 1
Intersection: 3449
3508 8 0.4218499268 -0.1121359021 0.8997044952 7.212845782 22.78715422 0.5 1
Intersection: 3450
3508 11 -0.4913490636 -0.2514561004 0.8338740476 4.128115133 25.87188487 0.5 1
Intersection: 3451
3514 11 -0.3968703812 -0.1922401184 -0.8975174858 13.51435144 16.48564856 0.5 1
Intersection: 3452
3520 9 -0.2041056534 0.2300558821 0.9515330648 10.16164775 19.83835225 0.5 1
Intersection: 3453
3520 10 -0.2041056534 0.2300558821 0.9515330648 8.975334422 21.02466558 0.5 1
Intersection: 3454
3521 7 -0.03645517152 -0.9446761475 -0.3259723865 3.422556586 9.234759073 0.5 1
Intersection: 3455
3521 7 0.6922823052 0.08636933257 0.7164394938 0.9015866407 6.302878898 0.5 2
Intersection: 3456
3523 1 -0.7486488956 0.6508890008 0.1259695988 9.014424405 16.82784465 0.5 1
Intersection: 3457
3523 2 -0.7486488956 0.6508890008 0.1259695988 8.574976481 17.26729257 0.5 1
Intersection: 3458
3526 6 0.5017054129 0.3640915094 -0.7846840456 7.686689495 8.022521444 0.5 1
Intersection: 3459
3526 9 0.5017054129 0.3640915094 -0.7846840456 7.366817671 8.342393269 0.5 1
Intersection: 3460
3527 4 0.8197655393 -0.1774590757 -0.5445114664 8.594112505 18.47701429 0.5 1
Intersection: 3461
3533 6 0.6034597275 0.3716366557 -0.7054945453 7.233302607 22.76669739 0.5 1
Intersection: 3462
3534 6 -0.2041056534 0.2300558821 0.9515330648 4.979568464 25.02043154 0.5 1
Intersection: 3463
3535 6 0.7851425418 -0.2745338381 -0.5551417483 3.889160681 10.7308834 0.5 1
Intersection: 3464
3535 10 -0.9300938962 0.3422028717 0.1335010815 0.746795811 5.151871967 0.5 1
Intersection: 3465
3536 4 0.06718982725 0.5199410146 -0.851555558 0.09500686111 11.88718699 0.5 1
Intersection: 3466
3536 6 -0.5579822955 -0.5589670108 -0.6133609367 5.065527012 13.02190034 0.5 1
Intersection: 3467
3536 8 0.06718982725 0.5199410146 -0.851555558 1.091385937 10.89080791 0.5 1
Intersection: 3468
3537 9 0.5017054129 0.3640915094 -0.7846840456 0.5869588322 15.12225211 0.5 1
Intersection: 3469
3540 10 0.2113667871 0.1224907943 -0.9697010295 9.685074438 20.31492556 0.5 1
Intersection: 3470
3541 9 0.4979482421 0.2610963452 -0.826968105 1.832490369 14.42628916 0.5 1
Intersection: 3471
3541 11 0.4979482421 0.2610963452 -0.826968105 1.869498777 14.38928075 0.5 1
Intersection: 3472
3546 11 -0.7032621956 -0.5257940274 -0.4785007053 0.8724812394 12.08180706 0.5 1
Intersection: 3473
3549 4 0.6920407665 -0.5627503285 -0.4520969423 3.049039536 15.53889034 0.5 1
Intersection: 3474
3550 11 0.3656022422 -0.3893303027 0.8454329754 2.927421011 27.07257899 0.5 1
Intersection: 3475
3551 9 0.5440488561 -0.3398437592 -0.7671486567 3.027876902 26.9721231 0.5 1
Intersection: 3476
3551 10 0.5440488561 -0.3398437592 -0.7671486567 3.229239883 26.77076012 0.5 1
Intersection: 3477
3553 1 0.01466726917 -0.05807328691 0.9982045705 10.6421272 19.3578728 0.5 1
Intersection: 3478
3553 2 0.5440488561 -0.3398437592 -0.7671486567 0.6968414453 29.30315855 0.5 1
Intersection: 3479
3553 5 -0.07934194421 0.02808112158 -0.9964518586 5.490605807 24.50939419 0.5 1
Intersection: 3480
3556 3 -0.1754683613 -0.9720744684 -0.1558270902 0.7514416045 7.788289956 0.5 1
Intersection: 3481
3557 7 -0.04882360787 0.008722197887 0.998769332 5.607288566 8.130055793 0.5 1
Intersection: 3482
3557 9 0.2814761412 -0.0766774184 0.9564997415 5.310366348 24.68963365 0.5 1
Intersection: 3483
3558 3 -0.02040874732 0.03490814316 -0.9991821178 6.019298623 23.98070138 0.5 1
Intersection: 3484
3558 9 0.9814093774 -0.1698325248 0.08940104804 10.70694822 19.29305178 0.5 1
Intersection: 3485
3558 10 -0.1758036084 -0.5189478664 0.8365322488 10.48504364 16.96538495 0.5 1
Intersection: 3486
3558 11 0.9814093774 -0.1698325248 0.08940104804 10.19349103 19.80650897 0.5 1
Intersection: 3487
3561 3 0.3956913846 0.8754154052 0.2776260011 2.997318898 18.81674971 0.5 1
Intersection: 3488
3561 7 -0.4567183698 0.1727957373 0.8726683012 3.027150918 26.97284908 0.5 1
Intersection: 3489
3561 10 -0.03775600773 -0.0610093396 0.9974228513 11.24099014 18.75900986 0.5 1
Intersection: 3490
3561 12 0.3956913846 0.8754154052 0.2776260011 3.550465244 18.26360337 0.5 1
Intersection: 3491
3562 6 -0.4359195231 -0.4995691228 0.7486019376 10.8466609 19.1533391 0.5 1
Intersection: 3492
3562 8 -0.2988377096 0.2443803739 0.922482659 14.5319391 15.4680609 0.5 1
Intersection: 3493
3565 1 0.01466726917 -0.05807328691 0.9982045705 10.11720302 19.88279698 0.5 1
Intersection: 3494
3566 1 0.02082738163 0.01187573127 0.9997125523 14.43715862 15.56284138 0.5 1
Intersection: 3495
3566 6 -0.3980221727 0.3590493306 -0.8441930634 5.168109844 24.83189016 0.5 1
Intersection: 3496
3567 11 0.2737396922 0.2414041167 -0.9310159147 5.768315412 8.070296255 0.5 1
Intersection: 3497
3568 5 0.2113667871 0.1224907943 -0.9697010295 7.958896928 22.04110307 0.5 1
Intersection: 3498
3568 6 0.2113667871 0.1224907943 -0.9697010295 7.48447074 22.51552926 0.5 1
Intersection: 3499
3569 3 0.05690981836 -0.2417539221 0.9686672874 3.482030168 26.51796983 0.5 1
Intersection: 3500
3572 6 0.4141078528 0.6039616483 -0.6809882625 1.901425331 13.66537684 0.5 1
Intersection: 3501
3577 5 0.2113667871 0.1224907943 -0.9697010295 1.464625054 28.53537495 0.5 1
Intersection: 3502
3584 4 0.9280056819 0.3722362245 -0.01567314302 14.93925072 15.06074928 0.5 1
Intersection: 3503
3587 3 0.05690981836 -0.2417539221 0.9686672874 12.81475874 17.18524126 0.5 1
Intersection: 3504
3588 2 0.752308774 0.3102946837 -0.5811615247 5.314339419 5.970766467 0.5 1
Intersection: 3505
3588 7 0.752308774 0.3102946837 -0.5811615247 1.762221089 9.522884798 0.5 1
Intersection: 3506
3588 8 0.08739876991 0.8315261718 0.5485669336 1.001858349 16.39560166 0.5 1
Intersection: 3507
3588 9 -0.5609831393 0.7950281882 0.2307121524 4.950820896 18.10662018 0.5 1
Intersection: 3508
3588 11 -0.1182455039 -0.09155704734 0.9887544224 2.372857279 27.62714272 0.5 1
Intersection: 3509
3589 2 -0.3561128099 0.3696877544 -0.858204306 14.53220905 15.46779095 0.5 1
Intersection: 3510
3589 6 0.00993925076 0.003528735364 -0.9999443781 2.656719956 27.34328004 0.5 1
Intersection: 3511
3589 7 0.3928149488 -0.1857159225 -0.9006697575 11.15271297 18.84728703 0.5 1
Intersection: 3512
3589 9 -0.3561128099 0.3696877544 -0.858204306 13.97799602 16.02200398 0.5 1
Intersection: 3513
3592 10 -0.02613757908 -0.04507938262 -0.9986414152 1.95366251 28.04633749 0.5 1
Intersection: 3514
3599 3 -0.03775600773 -0.0610093396 0.9974228513 12.29087917 17.70912083 0.5 1
Intersection: 3515
3599 7 -0.028025372 -0.08987307589 -0.9955588424 4.869097126 25.13090287 0.5 1
Intersection: 3516
3599 7 0.005396212632 0.07990176573 -0.9967881363 12.24329632 17.75670368 0.5 2
Intersection: 3517
3600 3 0.263927852 0.2243076807 -0.9380981576 4.789109359 9.157576727 0.5 1
Intersection: 3518
3600 8 0.7952483908 0.4907588607 0.3559996315 0.2004414119 23.23813639 0.5 1
Intersection: 3519
3601 11 0.263927852 0.2243076807 -0.9380981576 4.844851001 9.101835085 0.5 1
Intersection: 3520
3602 12 0.7952483908 0.4907588607 0.3559996315 4.523725708 18.91485209 0.5 1
Intersection: 3521
3604 12 0.4555365426 -0.2986631776 -0.8386219438 1.586871305 28.41312869 0.5 1
Intersection: 3522
3605 3 0.2737396922 0.2414041167 -0.9310159147 2.113308392 11.72530328 0.5 1
Intersection: 3523
3605 4 0.2737396922 0.2414041167 -0.9310159147 1.780966238 12.05764543 0.5 1
Intersection: 3524
3605 6 -0.01362219218 0.2881296848 -0.9574945016 9.331199695 20.6688003 0.5 1
Intersection: 3525
3609 7 0.1752371289 0.1328564841 0.9755209394 4.997704949 25.00229505 0.5 1
Intersection: 3526
3609 10 -0.5319798179 0.5980460935 0.5994483659 7.168581513 7.277737598 0.5 1
Intersection: 3527
3611 3 0.1752371289 0.1328564841 0.9755209394 0.4127999832 29.58720002 0.5 1
Intersection: 3528
3611 5 0.1752371289 0.1328564841 0.9755209394 1.339096106 28.66090389 0.5 1
Intersection: 3529
3611 6 0.1752371289 0.1328564841 0.9755209394 1.884419964 28.11558004 0.5 1
Intersection: 3530
3612 5 -0.07489171757 0.4456725308 -0.8920578602 1.545993022 20.79321109 0.5 1
Intersection: 3531
3613 1 -0.8078152847 0.1274247148 -0.5754975307 14.37505373 15.62494627 0.5 1
Intersection: 3532
3613 2 0.09130542717 0.01186485041 -0.9957522505 9.110276281 20.88972372 0.5 1
Intersection: 3533
3613 4 0.2835710832 0.05626055677 -0.9572994258 1.354223102 28.6457769 0.5 1
Intersection: 3534
3613 6 -0.2645238833 -0.5350812809 0.8023186013 12.13370108 17.86629892 0.5 1
Intersection: 3535
3613 7 -0.8078152847 0.1274247148 -0.5754975307 12.00805443 17.99194557 0.5 1
Intersection: 3536
3613 8 0.2835710832 0.05626055677 -0.9572994258 3.560731611 26.43926839 0.5 1
Intersection: 3537
3614 2 0.5781762846 0.8159118389 -0.0002347266749 7.40971693 11.51058466 0.5 1
Intersection: 3538
3614 2 0.9381682165 0.340265052 0.06371885059 10.72397397 10.79285065 0.5 2
Intersection: 3539
3614 7 0.9381682165 0.340265052 0.06371885059 9.380844591 12.13598003 0.5 1
Intersection: 3540
3614 8 0.9381682165 0.340265052 0.06371885059 10.03195091 11.48487371 0.5 1
Intersection: 3541
3614 11 0.9381682165 0.340265052 0.06371885059 8.244122727 13.2727019 0.5 1
Intersection: 3542
3614 12 0.2661078683 0.03185958078 -0.9634166127 9.786525997 20.213474 0.5 1
Intersection: 3543
3618 9 -0.5302594017 -0.2526244545 0.8093243181 2.020194795 13.53542724 0.5 1
Intersection: 3544
3618 12 -0.225855937 -0.09515123147 0.9695026245 1.766418316 13.40640588 0.5 1
Intersection: 3545
3619 1 0.5510591017 0.8085585164 -0.2063176968 1.511311108 5.355109559 0.5 1
Intersection: 3546
3619 1 0.8793640532 0.06326338475 -0.4719286027 4.95959391 25.04040609 0.5 2
Intersection: 3547
3620 7 -0.4359195231 -0.4995691228 0.7486019376 3.63972178 26.36027822 0.5 1
Intersection: 3548
3622 11 -0.1272885435 -0.08472175371 -0.988240786 0.07984763017 29.92015237 0.5 1
Intersection: 3549
3622 12 0.4598571347 -0.0421000512 0.8869943637 0.518175839 1.830320211 0.5 1
Intersection: 3550
3623 3 -0.1915193001 -0.228536676 0.9545110504 2.5423673 18.52030883 0.5 1
Intersection: 3551
3624 3 0.6217542186 0.7750792924 -0.1125778935 6.762801749 16.18805204 0.5 1
Intersection: 3552
3624 7 -0.4483892904 0.8891698308 -0.09123626589 4.82466397 13.33349908 0.5 1
Intersection: 3553
3624 9 -0.4483892904 0.8891698308 -0.09123626589 5.282722741 12.87544031 0.5 1
Intersection: 3554
3624 11 -0.1246452869 -0.02831743479 0.9917971947 1.572964544 27.34377049 0.5 1
Intersection: 3555
3624 11 0.6217542186 0.7750792924 -0.1125778935 9.417984988 13.5328688 0.5 2
Intersection: 3556
3624 12 -0.1246452869 -0.02831743479 0.9917971947 1.242263526 27.6744715 0.5 1
Intersection: 3557
3624 12 0.6217542186 0.7750792924 -0.1125778935 8.527862852 14.42299094 0.5 2
Intersection: 3558
3625 3 -0.01258921741 -0.009256401856 -0.9998779079 5.016683767 24.98331623 0.5 1
Intersection: 3559
3626 1 -0.01258921741 -0.009256401856 -0.9998779079 14.02129244 15.97870756 0.5 1
Intersection: 3560
3626 1 0.8793640532 0.06326338475 -0.4719286027 6.713102772 23.28689723 0.5 2
Intersection: 3561
3626 3 -0.01258921741 -0.009256401856 -0.9998779079 9.692512274 20.30748773 0.5 1
Intersection: 3562
3627 2 -0.01258921741 -0.009256401856 -0.9998779079 2.578150974 27.42184903 0.5 1
Intersection: 3563
3627 4 -0.8301163715 0.1597393065 0.5342192094 2.620733201 15.2799607 0.5 1
Intersection: 3564
3627 4 -0.01258921741 -0.009256401856 -0.9998779079 1.92741981 28.07258019 0.5 2
Intersection: 3565
3627 7 -0.5353555267 0.5616081369 0.6308650891 2.027245454 2.027777744 0.5 1
Intersection: 3566
3627 8 -0.5353555267 0.5616081369 0.6308650891 0.8067939408 3.248229258 0.5 1
Intersection: 3567
3629 8 -0.1272885435 -0.08472175371 -0.988240786 7.94304304 22.05695696 0.5 1
Intersection: 3568
3630 7 -0.02040874732 0.03490814316 -0.9991821178 5.676020633 24.32397937 0.5 1
Intersection: 3569
3632 1 0.8217151958 0.2893795171 0.4909619456 6.123581707 23.87641829 0.5 1
Intersection: 3570
3632 7 0.1324758804 0.08532913689 -0.9875064959 13.65466613 16.34533387 0.5 1
Intersection: 3571
3632 7 0.9280056819 0.3722362245 -0.01567314302 8.730926984 21.26907302 0.5 2
Intersection: 3572
3632 9 0.1324758804 0.08532913689 -0.9875064959 11.60787977 18.39212023 0.5 1
Intersection: 3573
3632 10 0.1324758804 0.08532913689 -0.9875064959 10.81613649 19.18386351 0.5 1
Intersection: 3574
3634 4 -0.5353517154 0.2242030332 0.8143288898 7.174716602 9.713080145 0.5 1
Intersection: 3575
3634 8 0.1752371289 0.1328564841 0.9755209394 1.856079977 28.14392002 0.5 1
Intersection: 3576
3634 9 0.1752371289 0.1328564841 0.9755209394 1.028401871 28.97159813 0.5 1
Intersection: 3577
3634 10 -0.5353517154 0.2242030332 0.8143288898 8.366027704 8.521769043 0.5 1
Intersection: 3578
3635 1 0.8217151958 0.2893795171 0.4909619456 1.172737173 28.82726283 0.5 1
Intersection: 3579
3635 3 0.9280056819 0.3722362245 -0.01567314302 4.327127065 25.67287294 0.5 1
Intersection: 3580
3635 4 0.9280056819 0.3722362245 -0.01567314302 3.324675044 26.67532496 0.5 1
Intersection: 3581
3635 4 0.9767350369 -0.2094842904 0.045880276 13.38198719 16.61801281 0.5 2
Intersection: 3582
3637 9 -0.9727086565 -0.2320193819 -0.002208144664 13.90193914 16.09806086 0.5 1
Intersection: 3583
3639 4 0.02144674119 -3.944555753e-05 -0.9997699914 7.468312436 22.53168756 0.5 1
Intersection: 3584
3639 8 0.02144674119 -3.944555753e-05 -0.9997699914 8.875938367 21.12406163 0.5 1
Intersection: 3585
3641 5 -0.1438193852 0.9728866148 0.1811287365 7.711810637 11.00397771 0.5 1
Intersection: 3586
3641 12 -0.1438193852 0.9728866148 0.1811287365 7.693074284 11.02271406 0.5 1
Intersection: 3587
3642 9 -0.5326162596 0.4555901884 -0.7132723885 11.544727 18.455273 0.5 1
Intersection: 3588
3642 11 -0.5326162596 0.4555901884 -0.7132723885 11.05816597 18.94183403 0.5 1
Intersection: 3589
3643 4 -0.01258921741 -0.009256401856 -0.9998779079 5.415800697 24.5841993 0.5 1
Intersection: 3590
3643 4 0.8656250166 0.354690962 -0.3533944709 0.869708797 9.11638914 0.5 2
Intersection: 3591
3643 8 -0.01258921741 -0.009256401856 -0.9998779079 4.790090402 25.2099096 0.5 1
Intersection: 3592
3644 4 0.3909383648 0.4255967482 0.8161094307 1.162364393 14.55439129 0.5 1
Intersection: 3593
3648 10 -0.8301163715 0.1597393065 0.5342192094 3.688289021 14.21240489 0.5 1
Intersection: 3594
3649 9 -0.02040874732 0.03490814316 -0.9991821178 4.262255904 25.7377441 0.5 1
Intersection: 3595
3649 10 0.700484774 -0.6479244956 0.2991904567 9.629097437 16.82207516 0.5 1
Intersection: 3596
3649 11 -0.02040874732 0.03490814316 -0.9991821178 3.484527284 26.51547272 0.5 1
Intersection: 3597
3649 12 -0.02040874732 0.03490814316 -0.9991821178 2.267262465 27.73273753 0.5 1
Intersection: 3598
3653 4 0.6217542186 0.7750792924 -0.1125778935 7.775909964 15.17494383 0.5 1
Intersection: 3599
3654 5 -0.2985792332 0.3446126557 -0.8899958197 6.133146842 23.86685316 0.5 1
Intersection: 3600
3654 10 -0.1246452869 -0.02831743479 0.9917971947 5.945471835 22.9712632 0.5 1
Intersection: 3601
3655 5 -0.2985792332 0.3446126557 -0.8899958197 6.394824803 23.6051752 0.5 1
Intersection: 3602
3655 8 -0.2528452092 -0.5848994742 -0.7706892404 5.140283883 24.85971612 0.5 1
Intersection: 3603
3656 1 -0.9985270679 0.0494707224 0.02227873956 4.745386575 25.25461343 0.5 1
Intersection: 3604
3656 1 0.9368374631 -0.2717656031 -0.2201795283 5.657957641 24.34204236 0.5 2
Intersection: 3605
3656 7 0.9368374631 -0.2717656031 -0.2201795283 5.573865458 24.42613454 0.5 1
Intersection: 3606
3656 9 0.9368374631 -0.2717656031 -0.2201795283 5.442751053 24.55724895 0.5 1
Intersection: 3607
3656 10 -0.5326162596 0.4555901884 -0.7132723885 4.988689969 25.01131003 0.5 1
Intersection: 3608
3656 10 0.9368374631 -0.2717656031 -0.2201795283 5.639916664 24.36008334 0.5 2
Intersection: 3609
3657 2 -0.5326162596 0.4555901884 -0.7132723885 1.25724163 28.74275837 0.5 1
Intersection: 3610
3658 9 0.9368374631 -0.2717656031 -0.2201795283 7.967031228 22.03296877 0.5 1
Intersection: 3611
3658 10 0.9368374631 -0.2717656031 -0.2201795283 8.599626443 21.40037356 0.5 1
Intersection: 3612
3659 9 -0.1471469216 0.2897753953 -0.945715604 8.302663888 12.17530168 0.5 1
Intersection: 3613
3661 6 -0.08724983115 0.02039811538 -0.9959776021 11.16306336 18.83693664 0.5 1
Intersection: 3614
3662 7 -0.1787397266 0.2494331269 0.951753763 3.331361725 26.66863827 0.5 1
Intersection: 3615
3662 10 0.09487320303 -0.8370074284 -0.5389041104 8.34069364 14.81230233 0.5 1
Intersection: 3616
3663 10 -0.6294857744 -0.3055692832 -0.7144053982 12.56300378 17.43699622 0.5 1
Intersection: 3617
3663 10 -0.2071432291 0.2369948 0.9491707683 4.340070559 25.65992944 0.5 2
Intersection: 3618
3665 1 0.09487320303 -0.8370074284 -0.5389041104 3.424211383 19.72878458 0.5 1
Intersection: 3619
3665 2 0.588962992 0.09591138631 -0.8024485031 13.76807083 16.23192917 0.5 1
Intersection: 3620
3666 9 -0.1827245676 0.7443735309 -0.6422770266 0.7742077744 2.558194515 0.5 1
Intersection: 3621
3667 3 0.5533124796 0.2134833762 0.8051522514 4.252895303 22.09675256 0.5 1
Intersection: 3622
3667 9 0.700484774 -0.6479244956 0.2991904567 0.02884596626 26.42232663 0.5 1
Intersection: 3623
3667 11 0.700484774 -0.6479244956 0.2991904567 0.7795925751 25.67158002 0.5 1
Intersection: 3624
3669 4 -0.5326162596 0.4555901884 -0.7132723885 8.419313298 21.5806867 0.5 1
Intersection: 3625
3669 7 -0.1996064528 0.134577965 0.9705905601 10.05996364 19.94003636 0.5 1
Intersection: 3626
3669 9 -0.7668348347 0.6417176628 -0.01275842823 6.511836565 12.68095087 0.5 1
Intersection: 3627
3669 11 -0.7668348347 0.6417176628 -0.01275842823 8.361187037 10.8316004 0.5 1
Intersection: 3628
3669 12 -0.1272885435 -0.08472175371 -0.988240786 14.94145712 15.05854288 0.5 1
Intersection: 3629
3670 4 -0.1272885435 -0.08472175371 -0.988240786 11.28950309 18.71049691 0.5 1
Intersection: 3630
3671 5 0.93112199 -0.3334636326 0.1476951095 7.497035899 22.5029641 0.5 1
Intersection: 3631
3671 10 -0.7668348347 0.6417176628 -0.01275842823 7.938339058 11.25444838 0.5 1
Intersection: 3632
3672 2 0.93112199 -0.3334636326 0.1476951095 4.148673915 25.85132608 0.5 1
Intersection: 3633
3672 4 -0.6655462397 0.4266683299 0.6123743455 4.608633759 25.39136624 0.5 1
Intersection: 3634
3672 7 -0.5834914236 -0.8081629203 0.08006530332 2.53674621 14.62582834 0.5 1
Intersection: 3635
3672 9 0.93112199 -0.3334636326 0.1476951095 6.135883922 23.86411608 0.5 1
Intersection: 3636
3672 12 -0.5326162596 0.4555901884 -0.7132723885 12.14986618 17.85013382 0.5 1
Intersection: 3637
3673 3 0.5017235362 0.102913494 0.8588843379 2.488214446 27.51178555 0.5 1
Intersection: 3638
3673 5 0.8793640532 0.06326338475 -0.4719286027 11.75100365 18.24899635 0.5 1
Intersection: 3639
3674 6 -0.5353517154 0.2242030332 0.8143288898 6.233796571 10.65400018 0.5 1
Intersection: 3640
3674 6 0.5017235362 0.102913494 0.8588843379 7.271517296 22.7284827 0.5 2
Intersection: 3641
3676 10 -0.8261149986 -0.0956019934 -0.5553325741 3.727630939 26.27236906 0.5 1
Intersection: 3642
3676 11 -0.8261149986 -0.0956019934 -0.5553325741 4.488439203 25.5115608 0.5 1
Intersection: 3643
3681 1 0.5272721019 0.2263950533 0.8189807143 1.966693194 28.03330681 0.5 1
Intersection: 3644
3681 10 0.5272721019 0.2263950533 0.8189807143 1.693402689 28.30659731 0.5 1
Intersection: 3645
3682 3 -0.5959712063 -0.124768365 0.7932535385 10.33971938 19.66028062 0.5 1
Intersection: 3646
3682 7 -0.5959712063 -0.124768365 0.7932535385 8.527148421 21.47285158 0.5 1
Intersection: 3647
3682 7 0.03404213322 -0.002556368399 -0.9994171292 13.48398231 16.51601769 0.5 2
Intersection: 3648
3682 8 -0.5959712063 -0.124768365 0.7932535385 9.537225435 20.46277457 0.5 1
Intersection: 3649
3682 9 0.4137533613 -0.2241710182 -0.8823579266 13.64525334 16.35474666 0.5 1
Intersection: 3650
3682 11 0.4137533613 -0.2241710182 -0.8823579266 14.41678633 15.58321367 0.5 1
Intersection: 3651
3682 12 0.4137533613 -0.2241710182 -0.8823579266 14.93074192 15.06925808 0.5 1
Intersection: 3652
3684 1 0.04273627811 -0.2152639975 -0.9756203267 5.589709367 24.41029063 0.5 1
Intersection: 3653
3684 9 0.4137533613 -0.2241710182 -0.8823579266 8.678568845 21.32143115 0.5 1
Intersection: 3654
3684 10 0.4137533613 -0.2241710182 -0.8823579266 7.620495114 22.37950489 0.5 1
Intersection: 3655
3685 4 0.6035154106 0.6863046483 -0.4059003314 0.4104310809 7.359875361 0.5 1
Intersection: 3656
3689 1 0.05767179781 0.02862168422 0.9979252291 7.07898833 22.92101167 0.5 1
Intersection: 3657
3689 10 0.6119883709 0.3296685425 0.7188803002 6.907033536 23.09296646 0.5 1
Intersection: 3658
3690 4 0.4137533613 -0.2241710182 -0.8823579266 6.332436104 23.6675639 0.5 1
Intersection: 3659
3690 6 0.6122492741 0.1453941269 -0.7771816867 2.564234721 27.43576528 0.5 1
Intersection: 3660
3690 7 0.6122492741 0.1453941269 -0.7771816867 4.708933496 25.2910665 0.5 1
Intersection: 3661
3690 8 0.03404213322 -0.002556368399 -0.9994171292 7.143635765 22.85636424 0.5 1
Intersection: 3662
3690 8 0.4137533613 -0.2241710182 -0.8823579266 4.891754468 25.10824553 0.5 2
Intersection: 3663
3690 9 0.6122492741 0.1453941269 -0.7771816867 3.505314156 26.49468584 0.5 1
Intersection: 3664
3692 8 -0.07834994139 0.035325489 -0.9962998527 14.38794666 15.61205334 0.5 1
Intersection: 3665
3692 8 0.0602484732 0.1513225184 0.9866466525 0.9674115958 29.0325884 0.5 2
Intersection: 3666
3692 8 0.8795626696 -0.09620041842 -0.4659559956 0.1695909106 29.83040909 0.5 3
Intersection: 3667
3692 11 0.2454641359 0.4615396898 -0.8524837082 7.861714195 11.7409588 0.5 1
Intersection: 3668
3695 4 0.8795626696 -0.09620041842 -0.4659559956 5.767250589 24.23274941 0.5 1
Intersection: 3669
3695 11 0.3030195329 -0.3225985025 -0.8967214556 13.74223981 16.25776019 0.5 1
Intersection: 3670
3695 12 0.3030195329 -0.3225985025 -0.8967214556 14.5341133 15.4658867 0.5 1
Intersection: 3671
3696 1 0.3588596737 -0.2790434028 0.8907045043 9.335385872 20.66461413 0.5 1
Intersection: 3672
3696 2 0.3588596737 -0.2790434028 0.8907045043 10.06092547 19.93907453 0.5 1
Intersection: 3673
3696 5 -0.2206168567 -0.3670035858 -0.9036794623 10.00438267 19.99561733 0.5 1
Intersection: 3674
3697 1 0.3588596737 -0.2790434028 0.8907045043 1.782698004 28.217302 0.5 1
Intersection: 3675
3697 5 0.7097592314 -0.1358715993 -0.6912168559 6.473903058 23.52609694 0.5 1
Intersection: 3676
3697 6 0.7097592314 -0.1358715993 -0.6912168559 7.304609615 22.69539039 0.5 1
Intersection: 3677
3697 9 0.3588596737 -0.2790434028 0.8907045043 2.370066704 27.6299333 0.5 1
Intersection: 3678
3697 12 0.7097592314 -0.1358715993 -0.6912168559 5.536753825 24.46324618 0.5 1
Intersection: 3679
3698 9 0.3030195329 -0.3225985025 -0.8967214556 2.652965313 27.34703469 0.5 1
Intersection: 3680
3702 1 -0.5412323008 0.1094521851 -0.8337192668 12.27258916 17.72741084 0.5 1
Intersection: 3681
3702 1 0.07400029454 -0.003682273767 0.9972514213 8.255860866 21.74413913 0.5 2
Intersection: 3682
3702 5 0.2504630651 0.0919277556 0.9637518045 2.235905282 27.76409472 0.5 1
Intersection: 3683
3702 6 0.2504630651 0.0919277556 0.9637518045 1.691220361 28.30877964 0.5 1
Intersection: 3684
3702 10 0.07400029454 -0.003682273767 0.9972514213 6.627655956 23.37234404 0.5 1
Intersection: 3685
3702 11 -0.03108618318 0.2359668004 -0.9712637738 11.17451189 18.82548811 0.5 1
Intersection: 3686
3702 12 -0.03108618318 0.2359668004 -0.9712637738 11.88519717 18.11480283 0.5 1
Intersection: 3687
3704 1 0.9381682165 0.340265052 0.06371885059 5.079832089 16.43699253 0.5 1
Intersection: 3688
3704 2 0.9381682165 0.340265052 0.06371885059 4.891503351 16.62532127 0.5 1
Intersection: 3689
3704 6 0.04273627811 -0.2152639975 -0.9756203267 3.069816243 26.93018376 0.5 1
Intersection: 3690
3704 8 0.9381682165 0.340265052 0.06371885059 4.34328186 17.17354276 0.5 1
Intersection: 3691
3709 1 0.3336094154 0.3566471463 -0.8726440116 1.922411942 3.218753213 0.5 1
Intersection: 3692
3713 3 -0.9631843967 0.2276100108 -0.1430716634 0.5928551499 2.809814117 0.5 1
Intersection: 3693
3715 9 -0.146301138 -0.0772567023 -0.9862187277 5.247880865 24.75211914 0.5 1
Intersection: 3694
3717 2 -0.07489171757 0.4456725308 -0.8920578602 5.938505134 16.40069897 0.5 1
Intersection: 3695
3717 10 -0.07489171757 0.4456725308 -0.8920578602 7.582205199 14.75699891 0.5 1
Intersection: 3696
3719 5 0.3978765855 0.6067394961 0.6881579809 2.857872167 6.641979288 0.5 1
Intersection: 3697
3720 10 0.1360985624 -0.4185358482 -0.8979448341 7.961946811 22.03805319 0.5 1
Intersection: 3698
3720 12 -0.7486488956 0.6508890008 0.1259695988 7.909508317 17.93276074 0.5 1
Intersection: 3699
3723 9 -0.5230058497 0.4856514049 -0.7004338613 3.230310121 9.885467265 0.5 1
Intersection: 3700
3726 9 0.9862614365 -0.1535464862 -0.0609249983 8.02100412 16.63767953 0.5 1
Intersection: 3701
3726 10 0.9862614365 -0.1535464862 -0.0609249983 9.098441441 15.56024221 0.5 1
Intersection: 3702
3726 11 0.9862614365 -0.1535464862 -0.0609249983 7.523515168 17.13516849 0.5 1
Intersection: 3703
3726 12 0.8795626696 -0.09620041842 -0.4659559956 9.385954236 20.61404576 0.5 1
Intersection: 3704
3733 7 0.08534165801 0.8399093707 -0.5359748599 3.407569014 15.27145204 0.5 1
Intersection: 3705
3734 4 0.008756378001 0.9431769408 0.3321755321 4.249278149 6.639262285 0.5 1
Intersection: 3706
3734 10 0.6122492741 0.1453941269 -0.7771816867 8.654108427 21.34589157 0.5 1
Intersection: 3707
3735 1 -0.07126697367 0.9423669486 -0.3269029712 5.293690638 9.306626056 0.5 1
Intersection: 3708
3735 5 -0.07126697367 0.9423669486 -0.3269029712 4.12227907 10.47803762 0.5 1
Intersection: 3709
3735 6 -0.09340597983 0.08394769797 -0.9920827117 1.587703068 28.41229693 0.5 1
Intersection: 3710
3735 6 -0.07126697367 0.9423669486 -0.3269029712 4.944894614 9.65542208 0.5 2
Intersection: 3711
3735 8 0.7825529405 -0.1201336796 0.6108836177 1.71328101 28.28671899 0.5 1
Intersection: 3712
3735 10 -0.07126697367 0.9423669486 -0.3269029712 5.348208184 9.25210851 0.5 1
Intersection: 3713
3736 6 -0.07489171757 0.4456725308 -0.8920578602 6.016385263 16.32281884 0.5 1
Intersection: 3714
3736 11 -0.09340597983 0.08394769797 -0.9920827117 0.4298359365 29.57016406 0.5 1
Intersection: 3715
3738 6 -0.04739359271 0.544047635 -0.8377147595 2.821906164 3.596006379 0.5 1
Intersection: 3716
3740 3 0.09130542717 0.01186485041 -0.9957522505 2.291044217 27.70895578 0.5 1
Intersection: 3717
3740 4 0.1712116146 -0.1188665926 0.978037482 8.907510872 21.09248913 0.5 1
Intersection: 3718
3742 4 0.5070078076 0.004508710487 0.8619296691 13.93380954 16.06619046 0.5 1
Intersection: 3719
3742 9 -0.2071432291 0.2369948 0.9491707683 5.588852869 24.41114713 0.5 1
Intersection: 3720
3747 9 0.1189269641 0.02489093048 -0.9925909625 7.322238539 22.67776146 0.5 1
Intersection: 3721
3752 11 0.04659552186 -0.01667742241 -0.9987746097 2.588842167 27.41115783 0.5 1
Intersection: 3722
3753 11 0.3909383648 0.4255967482 0.8161094307 1.759831353 13.95692433 0.5 1
Intersection: 3723
3755 1 0.07400029454 -0.003682273767 0.9972514213 2.140714781 27.85928522 0.5 1
Intersection: 3724
3755 2 0.07400029454 -0.003682273767 0.9972514213 1.280256185 28.71974382 0.5 1
Intersection: 3725
3755 6 0.07400029454 -0.003682273767 0.9972514213 2.606639083 27.39336092 0.5 1
Intersection: 3726
3755 6 0.3420716133 -0.4009840814 -0.849822792 4.237506914 25.76249309 0.5 2
Intersection: 3727
3756 8 -0.9126145056 0.4088074233 -0.003354830252 0.4152736088 12.30492491 0.5 1
Intersection: 3728
3758 3 0.2504630651 0.0919277556 0.9637518045 12.20049466 17.79950534 0.5 1
Intersection: 3729
3758 10 0.07400029454 -0.003682273767 0.9972514213 3.692739427 26.30726057 0.5 1
Intersection: 3730
3758 12 0.07400029454 -0.003682273767 0.9972514213 5.871222349 24.12877765 0.5 1
Intersection: 3731
3759 4 0.7345455062 0.6709278882 -0.1014823541 3.527044922 11.22405526 0.5 1
Intersection: 3732
3759 11 0.1189269641 0.02489093048 -0.9925909625 6.439808147 23.56019185 0.5 1
Intersection: 3733
3762 8 0.1774785486 -0.1982691902 -0.9639453786 3.097988602 26.9020114 0.5 1
Intersection: 3734
3764 2 0.1774785486 -0.1982691902 -0.9639453786 5.412048772 24.58795123 0.5 1
Intersection: 3735
3764 5 -0.2041056534 0.2300558821 0.9515330648 8.787374125 21.21262587 0.5 1
Intersection: 3736
3764 8 -0.2041056534 0.2300558821 0.9515330648 6.857099245 23.14290076 0.5 1
Intersection: 3737
3765 9 -0.5412323008 0.1094521851 -0.8337192668 5.166581732 24.83341827 0.5 1
Intersection: 3738
3765 12 -0.5412323008 0.1094521851 -0.8337192668 8.35191446 21.64808554 0.5 1
Intersection: 3739
3766 7 -0.9365655172 -0.003684509894 -0.3504731892 8.401398451 21.59860155 0.5 1
Intersection: 3740
3766 11 -0.5412323008 0.1094521851 -0.8337192668 8.565407548 21.43459245 0.5 1
Intersection: 3741
3769 5 0.2118992345 0.1742492871 -0.9616318944 2.855461362 27.14453864 0.5 1
Intersection: 3742
3769 6 -0.7385331136 -0.2955515139 -0.6059852661 9.121359256 19.27080221 0.5 1
Intersection: 3743
3770 7 -0.5959712063 -0.124768365 0.7932535385 10.72280822 19.27719178 0.5 1
Intersection: 3744
3770 8 -0.5959712063 -0.124768365 0.7932535385 11.27996585 18.72003415 0.5 1
Intersection: 3745
3773 2 -0.5412323008 0.1094521851 -0.8337192668 5.198614405 24.80138559 0.5 1
Intersection: 3746
3775 8 0.5636831086 -0.03895138634 0.8250722045 8.503075236 21.49692476 0.5 1
Intersection: 3747
3775 11 0.01344737428 0.1602442704 -0.9869857861 5.391994292 24.60800571 0.5 1
Intersection: 3748
3775 12 -0.07805119202 0.02206008196 -0.9967052544 0.08652119582 29.9134788 0.5 1
Intersection: 3749
3776 2 0.679729137 0.01992679681 -0.733192487 1.973973442 18.12882825 0.5 1
Intersection: 3750
3777 5 -0.146301138 -0.0772567023 -0.9862187277 0.9333157935 29.06668421 0.5 1
Intersection: 3751
3778 6 0.01344737428 0.1602442704 -0.9869857861 14.90003647 15.09996353 0.5 1
Intersection: 3752
3779 5 -0.7056615733 0.08496658368 0.7034361546 2.152599383 27.84740062 0.5 1
Intersection: 3753
3782 4 -0.09340597983 0.08394769797 -0.9920827117 8.698105014 21.30189499 0.5 1
Intersection: 3754
3783 8 0.3928149488 -0.1857159225 -0.9006697575 5.505289308 24.49471069 0.5 1
Intersection: 3755
3785 5 0.02019400774 0.008026476228 -0.999763861 10.21491199 19.78508801 0.5 1
Intersection: 3756
3786 3 0.02400994551 0.6141147945 -0.7888514066 1.315284203 28.6847158 0.5 1
Intersection: 3757
3787 6 0.02400994551 0.6141147945 -0.7888514066 3.06517383 26.93482617 0.5 1
Intersection: 3758
3789 9 0.7720506807 0.5828154538 0.253503241 8.537403282 21.46259672 0.5 1
Intersection: 3759
3790 2 0.6122492741 0.1453941269 -0.7771816867 13.35900617 16.64099383 0.5 1
Intersection: 3760
3790 7 0.3420716133 -0.4009840814 -0.849822792 14.65902802 15.34097198 0.5 1
Intersection: 3761
3793 1 -0.4761464731 0.4415614229 -0.760465677 8.158516898 21.8414831 0.5 1
Intersection: 3762
3793 1 0.1448196783 -0.4209158264 -0.8954647552 7.843418435 22.15658157 0.5 2
Intersection: 3763
3793 1 0.3628715574 -0.5938577708 -0.7180927384 7.729269215 22.27073079 0.5 3
Intersection: 3764
3793 3 0.9998950976 -0.006254086944 0.01306446646 14.6832077 15.3167923 0.5 1
Intersection: 3765
3793 5 0.9998950976 -0.006254086944 0.01306446646 14.01786272 15.98213728 0.5 1
Intersection: 3766
3793 6 0.9998950976 -0.006254086944 0.01306446646 13.46446268 16.53553732 0.5 1
Intersection: 3767
3794 12 0.3564816904 -0.9075834755 -0.2218401214 5.929937308 15.652324 0.5 1
Intersection: 3768
3795 2 -0.9126145056 0.4088074233 -0.003354830252 5.950861302 6.76933722 0.5 1
Intersection: 3769
3795 10 -0.9126145056 0.4088074233 -0.003354830252 5.58822655 7.131971972 0.5 1
Intersection: 3770
3797 2 -0.1405765762 0.1918193956 -0.9713102211 1.57753572 10.63017948 0.5 1
Intersection: 3771
3797 12 0.7064143112 -0.0577284953 0.7054404594 7.407809511 22.59219049 0.5 1
Intersection: 3772
3798 11 0.03404213322 -0.002556368399 -0.9994171292 0.04503618077 29.95496382 0.5 1
Intersection: 3773
3799 3 -0.6807575266 -0.5796195086 -0.4478955405 7.473948948 14.25824501 0.5 1
Intersection: 3774
3800 5 -0.1750254496 0.6083663056 0.7741166128 4.084093833 14.00001369 0.5 1
Intersection: 3775
3800 9 0.9083465817 -0.1774952339 -0.3786844723 3.672670963 26.32732904 0.5 1
Intersection: 3776
3804 3 -0.3636367073 -0.5603996389 -0.7441240419 4.884257318 16.46927054 0.5 1
Intersection: 3777
3805 2 0.1062614426 -0.2973721735 -0.9488299617 2.075699483 27.92430052 0.5 1
Intersection: 3778
3805 9 0.9083465817 -0.1774952339 -0.3786844723 7.217045244 22.78295476 0.5 1
Intersection: 3779
3807 1 -0.3620479174 0.9313901277 0.03786470017 0.4229182137 15.17290828 0.5 1
Intersection: 3780
3807 9 -0.3620479174 0.9313901277 0.03786470017 3.383715236 12.21211125 0.5 1
Intersection: 3781
3807 10 -0.3620479174 0.9313901277 0.03786470017 3.293666609 12.30215988 0.5 1
Intersection: 3782
3807 10 0.5407941177 -0.05668804491 -0.8392426275 14.67954775 15.32045225 0.5 2
Intersection: 3783
3807 11 0.01336908195 -0.001559211008 -0.9999094142 0.8956360108 29.10436399 0.5 1
Intersection: 3784
3808 2 0.7064143112 -0.0577284953 0.7054404594 3.603115311 26.39688469 0.5 1
Intersection: 3785
3808 3 0.9083465817 -0.1774952339 -0.3786844723 12.47155267 17.52844733 0.5 1
Intersection: 3786
3808 8 -0.3180473614 0.5468616866 0.7744599226 3.326391082 6.083487388 0.5 1
Intersection: 3787
3808 11 0.3588596737 -0.2790434028 0.8907045043 13.45741606 16.54258394 0.5 1
Intersection: 3788
3810 6 -0.07834994139 0.035325489 -0.9962998527 10.5183596 19.4816404 0.5 1
Intersection: 3789
3810 7 0.2454641359 0.4615396898 -0.8524837082 3.352418474 16.25025453 0.5 1
Intersection: 3790
3810 10 -0.07834994139 0.035325489 -0.9962998527 9.741566228 20.25843377 0.5 1
Intersection: 3791
3813 8 -0.6230420131 0.6322505308 0.4605191812 1.370686041 2.778116781 0.5 1
Intersection: 3792
3815 5 -0.7492663083 0.07272970145 0.6582631615 12.87922446 17.12077554 0.5 1
Intersection: 3793
3817 11 -0.04038651668 -0.2885523512 0.9566119746 9.006663521 20.99333648 0.5 1
Intersection: 3794
3819 11 -0.04038651668 -0.2885523512 0.9566119746 7.423046029 22.57695397 0.5 1
Intersection: 3795
3819 12 -0.04038651668 -0.2885523512 0.9566119746 6.661641879 23.33835812 0.5 1
Intersection: 3796
3820 10 0.8197655393 -0.1774590757 -0.5445114664 2.136293982 24.93483282 0.5 1
Intersection: 3797
3821 9 -0.07834994139 0.035325489 -0.9962998527 10.07335025 19.92664975 0.5 1
Intersection: 3798
3822 1 0.01258920238 0.01223456563 0.9998459018 13.21743408 16.78256592 0.5 1
Intersection: 3799
3822 9 0.02907838787 0.3012196515 0.9531113098 7.744418458 22.25558154 0.5 1
Intersection: 3800
3822 11 -0.7492663083 0.07272970145 0.6582631615 13.49956601 16.50043399 0.5 1
Intersection: 3801
3823 3 -0.7492663083 0.07272970145 0.6582631615 11.59002504 18.40997496 0.5 1
Intersection: 3802
3823 6 -0.7492663083 0.07272970145 0.6582631615 12.84843121 17.15156879 0.5 1
Intersection: 3803
3823 7 -0.9363339487 -0.3495922295 0.03261915974 9.429623108 14.48113017 0.5 1
Intersection: 3804
3823 11 0.005396212632 0.07990176573 -0.9967881363 4.328042102 25.6719579 0.5 1
Intersection: 3805
3824 4 0.01258920238 0.01223456563 0.9998459018 10.33940625 19.66059375 0.5 1
Intersection: 3806
3824 7 0.01258920238 0.01223456563 0.9998459018 12.67527788 17.32472212 0.5 1
Intersection: 3807
3827 4 -0.01781033319 -0.02914525456 -0.9994165028 13.18230402 16.81769598 0.5 1
Intersection: 3808
3827 8 -0.01781033319 -0.02914525456 -0.9994165028 13.32552825 16.67447175 0.5 1
Intersection: 3809
3828 1 0.3588596737 -0.2790434028 0.8907045043 7.506232333 22.49376767 0.5 1
Intersection: 3810
3828 6 0.386985455 0.2247284733 0.894281483 2.648453392 27.35154661 0.5 1
Intersection: 3811
3830 4 0.5274154951 0.3967851946 0.7512618751 6.870503012 14.49780246 0.5 1
Intersection: 3812
3830 4 0.7952483908 0.4907588607 0.3559996315 11.51368411 11.92489369 0.5 2
Intersection: 3813
3830 6 0.3588596737 -0.2790434028 0.8907045043 9.266068247 20.73393175 0.5 1
Intersection: 3814
3830 10 0.386985455 0.2247284733 0.894281483 2.652197502 27.3478025 0.5 1
Intersection: 3815
3831 3 -0.03190279637 0.1741291964 -0.9842058903 5.219676039 24.78032396 0.5 1
Intersection: 3816
3831 3 0.5274154951 0.3967851946 0.7512618751 2.99211353 18.37619194 0.5 2
Intersection: 3817
3831 7 -0.2297224789 0.4027570635 -0.8860103445 10.56495359 19.43504641 0.5 1
Intersection: 3818
3834 5 -0.5052632238 0.7647716979 0.3997916016 2.288757485 11.93253549 0.5 1
Intersection: 3819
3835 1 0.01258920238 0.01223456563 0.9998459018 14.7521867 15.2478133 0.5 1
Intersection: 3820
3836 2 -0.07934194421 0.02808112158 -0.9964518586 1.769039307 28.23096069 0.5 1
Intersection: 3821
3836 4 -0.7492663083 0.07272970145 0.6582631615 8.902520923 21.09747908 0.5 1
Intersection: 3822
3836 7 -0.7492663083 0.07272970145 0.6582631615 10.602396 19.397604 0.5 1
Intersection: 3823
3836 8 -0.7492663083 0.07272970145 0.6582631615 9.704484653 20.29551535 0.5 1
Intersection: 3824
3837 3 -0.01781033319 -0.02914525456 -0.9994165028 10.55857399 19.44142601 0.5 1
Intersection: 3825
3837 4 -0.01781033319 -0.02914525456 -0.9994165028 10.3573002 19.6426998 0.5 1
Intersection: 3826
3837 7 0.2295764464 0.1861525168 -0.9553229275 1.313801426 28.68619857 0.5 1
Intersection: 3827
3840 12 0.7720506807 0.5828154538 0.253503241 0.6817616524 29.31823835 0.5 1
Intersection: 3828
3843 7 -0.6708305081 0.7412810905 0.02210823742 0.6790694996 19.14952513 0.5 1
Intersection: 3829
3843 8 -0.8033620388 0.1481107818 0.5767778004 10.2630768 19.7369232 0.5 1
Intersection: 3830
3844 2 0.5272721019 0.2263950533 0.8189807143 10.54067164 19.45932836 0.5 1
Intersection: 3831
3845 6 -0.4014600128 -0.09999737314 -0.9104012212 10.86936885 19.13063115 0.5 1
Intersection: 3832
3845 6 -0.2256816891 -0.09734215037 0.9693256836 0.1154647121 29.88453529 0.5 2
Intersection: 3833
3845 6 0.1977441629 0.5039020509 0.840821009 5.831598435 24.16840156 0.5 3
Intersection: 3834
3847 7 0.06129321069 -0.05475750187 0.9966166556 11.43903373 18.56096627 0.5 1
Intersection: 3835
3850 4 0.004451579778 -0.3631428831 -0.9317228289 11.19991533 18.80008467 0.5 1
Intersection: 3836
3850 5 0.1724409683 0.3603728039 -0.9167309063 2.087149543 20.13574256 0.5 1
Intersection: 3837
3850 6 -0.138730933 0.8658930297 -0.480606897 3.690235154 8.173170131 0.5 1
Intersection: 3838
3851 1 0.5407941177 -0.05668804491 -0.8392426275 5.465778251 24.53422175 0.5 1
Intersection: 3839
3851 7 0.5407941177 -0.05668804491 -0.8392426275 8.321661515 21.67833848 0.5 1
Intersection: 3840
3852 5 0.04273627811 -0.2152639975 -0.9756203267 13.7010091 16.2989909 0.5 1
Intersection: 3841
3854 1 -0.734312341 -0.4482227909 -0.5097859507 1.32495715 28.67504285 0.5 1
Intersection: 3842
3854 5 -0.734312341 -0.4482227909 -0.5097859507 1.861016989 28.13898301 0.5 1
Intersection: 3843
3854 6 -0.734312341 -0.4482227909 -0.5097859507 1.03667863 28.96332137 0.5 1
Intersection: 3844
3855 4 -0.4014600128 -0.09999737314 -0.9104012212 6.032646715 23.96735328 0.5 1
Intersection: 3845
3855 5 -0.1978271318 0.5436850421 0.8156414659 6.63796427 23.36203573 0.5 1
Intersection: 3846
3856 6 -0.909840397 0.1014149172 0.4023747837 7.372300186 22.62769981 0.5 1
Intersection: 3847
3857 7 0.1775828746 0.03877044791 -0.9833418404 13.50143531 16.49856469 0.5 1
Intersection: 3848
3857 9 0.1775828746 0.03877044791 -0.9833418404 13.66495848 16.33504152 0.5 1
Intersection: 3849
3858 6 0.05767179781 0.02862168422 0.9979252291 0.6544961465 29.34550385 0.5 1
Intersection: 3850
3858 10 -0.8056494981 0.2666262682 0.5289984115 7.811555074 22.18844493 0.5 1
Intersection: 3851
3858 10 -0.03498301108 0.2257601453 0.9735545931 0.8965264674 29.10347353 0.5 2
Intersection: 3852
3860 5 -0.2256816891 -0.09734215037 0.9693256836 14.11380299 15.88619701 0.5 1
Intersection: 3853
3860 6 -0.2256816891 -0.09734215037 0.9693256836 12.72035029 17.27964971 0.5 1
Intersection: 3854
3860 10 -0.2256816891 -0.09734215037 0.9693256836 10.76262402 19.23737598 0.5 1
Intersection: 3855
3861 3 -0.3599294519 -0.3797442979 -0.8522001278 0.8993091509 29.10069085 0.5 1
Intersection: 3856
3861 7 0.06129321069 -0.05475750187 0.9966166556 7.169848803 22.8301512 0.5 1
Intersection: 3857
3861 12 -0.3599294519 -0.3797442979 -0.8522001278 2.570948013 27.42905199 0.5 1
Intersection: 3858
3866 11 -0.2289000305 -0.6075014308 0.7606226316 0.005679230032 29.30720315 0.5 1
Intersection: 3859
3867 5 -0.6708305081 0.7412810905 0.02210823742 3.19229745 16.63629718 0.5 1
Intersection: 3860
3867 6 -0.6708305081 0.7412810905 0.02210823742 2.818277171 17.01031746 0.5 1
Intersection: 3861
3867 6 -0.6340491871 -0.2670800376 -0.7257064708 4.408617624 25.59138238 0.5 2
Intersection: 3862
3868 1 0.441107504 0.3459496971 -0.828095995 1.615698143 3.14903797 0.5 1
Intersection: 3863
3870 12 -0.1247481314 -0.2750410325 0.9533049534 6.742163628 23.25783637 0.5 1
Intersection: 3864
3871 9 0.5272721019 0.2263950533 0.8189807143 11.25518073 18.74481927 0.5 1
Intersection: 3865
3871 10 0.5272721019 0.2263950533 0.8189807143 10.41396145 19.58603855 0.5 1
Intersection: 3866
3872 4 0.9020550491 0.176811694 -0.3937439691 10.23170578 19.76829422 0.5 1
Intersection: 3867
3877 9 0.02461678131 0.0002495157917 0.99969693 7.60850882 22.39149118 0.5 1
Intersection: 3868
3879 5 0.8532820144 -0.5130831855 -0.09303466345 1.811016865 28.18898314 0.5 1
Intersection: 3869
3879 10 0.04354377576 -0.3346052182 0.9413518405 1.464055968 28.53594403 0.5 1
Intersection: 3870
3881 10 -0.529893225 0.5403796392 0.6536076925 3.407068353 6.392343903 0.5 1
Intersection: 3871
3882 2 0.06939599265 -0.1484764148 -0.9864780537 3.371718947 26.62828105 0.5 1
Intersection: 3872
3882 2 0.8406639805 -0.1219336707 -0.5276516387 13.25166353 16.74833647 0.5 2
Intersection: 3873
3883 12 -0.7604096099 0.6046339682 -0.2370548243 2.196612412 10.48895447 0.5 1
Intersection: 3874
3884 4 0.2361877355 -0.9301653862 0.2810830979 9.101993279 12.18796057 0.5 1
Intersection: 3875
3884 8 -0.01023863229 -0.05028580002 0.9986823863 7.828792534 22.17120747 0.5 1
Intersection: 3876
3885 3 -0.8078152847 0.1274247148 -0.5754975307 4.60504186 25.39495814 0.5 1
Intersection: 3877
3885 7 -0.6071293898 -0.3428958348 0.7168098427 4.688534645 25.31146535 0.5 1
Intersection: 3878
3887 1 0.3714682008 0.709361771 0.5990135671 1.394162397 1.411989452 0.5 1
Intersection: 3879
3890 4 0.9014012983 0.1794906501 0.3940289405 12.65954469 17.34045531 0.5 1
Intersection: 3880
3890 12 0.2852333599 -0.4264707842 -0.858349929 14.06565517 15.93434483 0.5 1
Intersection: 3881
3891 4 0.6058506063 0.4195796864 -0.6759422532 1.2285271 23.62014085 0.5 1
Intersection: 3882
3891 5 0.6058506063 0.4195796864 -0.6759422532 3.935398331 20.91326962 0.5 1
Intersection: 3883
3892 1 0.8406639805 -0.1219336707 -0.5276516387 8.668587999 21.331412 0.5 1
Intersection: 3884
3893 12 -0.9173156224 0.1605558881 0.3643540253 4.817838309 25.18216169 0.5 1
Intersection: 3885
3893 12 0.004451579778 -0.3631428831 -0.9317228289 0.2210950905 29.77890491 0.5 2
Intersection: 3886
3894 4 -0.2256816891 -0.09734215037 0.9693256836 2.177212361 27.82278764 0.5 1
Intersection: 3887
3894 10 -0.294806744 -0.08135499355 0.952087364 6.91555641 23.08444359 0.5 1
Intersection: 3888
3897 12 0.07863708453 0.9658667848 -0.2468148356 4.746706835 7.851680142 0.5 1
Intersection: 3889
3898 2 0.07863708453 0.9658667848 -0.2468148356 2.053238034 10.54514894 0.5 1
Intersection: 3890
3898 12 -0.4727974277 -0.3806299582 0.7947222328 4.806074184 25.19392582 0.5 1
Intersection: 3891
3901 9 0.3628715574 -0.5938577708 -0.7180927384 0.117770947 29.88222905 0.5 1
Intersection: 3892
3903 1 -0.4761464731 0.4415614229 -0.760465677 11.54806737 18.45193263 0.5 1
Intersection: 3893
3903 1 0.1448196783 -0.4209158264 -0.8954647552 4.140867384 25.85913262 0.5 2
Intersection: 3894
3903 1 0.3628715574 -0.5938577708 -0.7180927384 3.431087452 26.56891255 0.5 3
Intersection: 3895
3907 2 -0.4895351635 -0.5609072302 -0.6676364302 2.316538549 2.460469751 0.5 1
Intersection: 3896
3907 9 -0.4895351635 -0.5609072302 -0.6676364302 1.028958637 3.748049663 0.5 1
Intersection: 3897
3908 1 0.02606156785 -0.0520784673 -0.9983028738 4.838312309 25.16168769 0.5 1
Intersection: 3898
3908 3 0.02606156785 -0.0520784673 -0.9983028738 6.607258173 23.39274183 0.5 1
Intersection: 3899
3914 5 -0.07932684578 -0.3433056336 0.9358677756 9.33938976 20.66061024 0.5 1
Intersection: 3900
3914 6 -0.07932684578 -0.3433056336 0.9358677756 8.372133988 21.62786601 0.5 1
Intersection: 3901
3915 9 -0.7546538384 0.5439086248 0.3669618401 1.707170089 28.29282991 0.5 1
Intersection: 3902
3917 2 0.9014012983 0.1794906501 0.3940289405 10.50488069 19.49511931 0.5 1
Intersection: 3903
3917 8 0.9014012983 0.1794906501 0.3940289405 10.95070796 19.04929204 0.5 1
Intersection: 3904
3919 2 0.1941101338 -0.8697345231 0.4537434466 6.141226553 7.463755235 0.5 1
Intersection: 3905
3925 2 0.02606156785 -0.0520784673 -0.9983028738 12.41539102 17.58460898 0.5 1
Intersection: 3906
3926 12 0.1280776288 -0.08916732531 0.9877475938 12.94602366 17.05397634 0.5 1
Intersection: 3907
3929 12 -0.06018457224 -0.06824145257 0.9958518572 13.00248755 16.99751245 0.5 1
Intersection: 3908
3930 1 -0.194301237 0.2821311373 -0.9394940397 2.467400772 3.713963838 0.5 1
Intersection: 3909
3930 5 -0.194301237 0.2821311373 -0.9394940397 0.1701355204 6.011229089 0.5 1
Intersection: 3910
3930 6 -0.5939837188 0.5475746461 0.589360118 3.037956993 18.54803248 0.5 1
Intersection: 3911
3930 6 -0.194301237 0.2821311373 -0.9394940397 1.747566372 4.433798238 0.5 2
Intersection: 3912
3931 12 0.08220085525 -0.03607712248 0.9959625799 11.50482894 18.49517106 0.5 1
Intersection: 3913
3933 3 0.9020550491 0.176811694 -0.3937439691 1.874824072 28.12517593 0.5 1
Intersection: 3914
3933 5 0.9020550491 0.176811694 -0.3937439691 1.311101132 28.68889887 0.5 1
Intersection: 3915
3936 6 -0.007167039539 0.3828779843 -0.9237711203 9.796416597 20.2035834 0.5 1
Intersection: 3916
3937 12 -0.9833264392 -0.1600279855 -0.08637220549 13.47638565 16.52361435 0.5 1
Intersection: 3917
3938 2 0.6034597275 0.3716366557 -0.7054945453 2.976626314 27.02337369 0.5 1
Intersection: 3918
3942 9 -0.529893225 0.5403796392 0.6536076925 2.731082848 7.068329408 0.5 1
Intersection: 3919
3944 8 0.01315274342 -0.001961488778 -0.999911575 1.077941992 28.92205801 0.5 1
Intersection: 3920
3944 10 0.895682439 0.3115137752 -0.3173517548 6.853778023 15.95549867 0.5 1
Intersection: 3921
3946 7 0.3385222594 0.7996348966 0.495970475 1.019524065 6.222968826 0.5 1
Intersection: 3922
3947 3 -0.08784623778 -0.05157729705 0.9947978794 2.362075591 27.63792441 0.5 1
Intersection: 3923
3951 3 0.9866689856 0.01937839487 -0.1615821485 1.12955415 13.23986225 0.5 1
Intersection: 3924
3951 7 0.9866689856 0.01937839487 -0.1615821485 1.86857057 12.50084583 0.5 1
Intersection: 3925
3954 2 -0.08784623778 -0.05157729705 0.9947978794 1.878033558 28.12196644 0.5 1
Intersection: 3926
3955 2 -0.700162702 0.6980443445 -0.1500209443 2.685302987 3.515375229 0.5 1
Intersection: 3927
3955 6 -0.700162702 0.6980443445 -0.1500209443 2.230918386 3.969759831 0.5 1
Intersection: 3928
3956 8 0.02082738163 0.01187573127 0.9997125523 6.614374876 23.38562512 0.5 1
Intersection: 3929
3956 9 0.02082738163 0.01187573127 0.9997125523 5.406365102 24.5936349 0.5 1
Intersection: 3930
3959 1 0.1977441629 0.5039020509 0.840821009 1.222462715 28.77753728 0.5 1
Intersection: 3931
3960 10 0.06939599265 -0.1484764148 -0.9864780537 1.69920548 28.30079452 0.5 1
Intersection: 3932
3960 12 0.6200207651 0.2578310325 0.7410110725 14.35237495 15.64762505 0.5 1
Intersection: 3933
3962 7 0.3112388317 -0.1167221116 0.9431364367 2.357451721 27.64254828 0.5 1
Intersection: 3934
3965 12 0.2835710832 0.05626055677 -0.9572994258 10.96153754 19.03846246 0.5 1
Intersection: 3935
3966 1 -0.138730933 0.8658930297 -0.480606897 4.031402213 7.832003073 0.5 1
Intersection: 3936
3967 3 0.8504741262 0.3997682657 -0.3418758464 2.358767683 12.83388358 0.5 1
Intersection: 3937
3968 5 -0.6672698831 0.01023452588 -0.7447456999 6.046642918 23.95335708 0.5 1
Intersection: 3938
3968 7 0.3319594815 -0.9175271787 0.2189675294 1.34070428 3.622459002 0.5 1
Intersection: 3939
3969 1 0.9020550491 0.176811694 -0.3937439691 10.70986483 19.29013517 0.5 1
Intersection: 3940
3969 12 0.9998950976 -0.006254086944 0.01306446646 5.010579474 24.98942053 0.5 1
Intersection: 3941
3970 11 0.1455464561 -0.06736638978 -0.9870552156 0.9573496471 29.04265035 0.5 1
Intersection: 3942
3970 12 0.1455464561 -0.06736638978 -0.9870552156 2.017029943 27.98297006 0.5 1
Intersection: 3943
3973 9 0.9691554299 -0.2453000528 0.02378311871 9.447285623 20.55271438 0.5 1
Intersection: 3944
3975 4 0.9854856749 -0.1651301649 0.03937020714 13.55016566 16.44983434 0.5 1
Intersection: 3945
3975 8 0.9854856749 -0.1651301649 0.03937020714 14.677743 15.322257 0.5 1
Intersection: 3946
3976 1 -0.8695116056 0.4846282528 0.09531539406 3.014679219 12.01175146 0.5 1
Intersection: 3947
3976 2 0.2852333599 -0.4264707842 -0.858349929 2.909030891 27.09096911 0.5 1
Intersection: 3948
3976 3 0.9854856749 -0.1651301649 0.03937020714 12.40586121 17.59413879 0.5 1
Intersection: 3949
3976 5 0.9854856749 -0.1651301649 0.03937020714 11.79829795 18.20170205 0.5 1
Intersection: 3950
3976 6 0.2852333599 -0.4264707842 -0.858349929 6.585637762 23.41436224 0.5 1
Intersection: 3951
3976 6 0.9854856749 -0.1651301649 0.03937020714 11.60550704 18.39449296 0.5 2
Intersection: 3952
3976 9 0.9854856749 -0.1651301649 0.03937020714 9.964867702 20.0351323 0.5 1
Intersection: 3953
3978 12 0.1841180059 -0.9813961259 -0.05442613355 1.039533011 19.10581139 0.5 1
Intersection: 3954
3979 6 0.1841180059 -0.9813961259 -0.05442613355 7.852309394 12.29303501 0.5 1
Intersection: 3955
3979 9 0.9775661816 0.1188786969 -0.1738741384 7.327910134 22.67208987 0.5 1
Intersection: 3956
3979 12 0.147067901 0.5713678959 0.807409289 13.2554875 16.7445125 0.5 1
Intersection: 3957
3981 6 0.4085894144 -0.01746191656 -0.9125512435 14.46600329 15.53399671 0.5 1
Intersection: 3958
3981 10 0.4085894144 -0.01746191656 -0.9125512435 13.65731958 16.34268042 0.5 1
Intersection: 3959
3982 7 0.01742263306 0.005083858691 0.9998352896 7.634654407 22.36534559 0.5 1
Intersection: 3960
3982 8 0.01742263306 0.005083858691 0.9998352896 6.316628235 23.68337176 0.5 1
Intersection: 3961
3984 7 0.5117287018 0.1960588656 -0.8364775293 12.30071895 17.69928105 0.5 1
Intersection: 3962
3984 11 0.3112388317 -0.1167221116 0.9431364367 11.99671634 18.00328366 0.5 1
Intersection: 3963
3984 11 0.5117287018 0.1960588656 -0.8364775293 12.79329588 17.20670412 0.5 2
Intersection: 3964
3985 8 -0.006258724487 -0.9273504029 -0.3741417628 0.08893777209 4.494042508 0.5 1
Intersection: 3965
3985 12 0.09111745244 0.007183440614 -0.9958142437 1.044019319 28.95598068 0.5 1
Intersection: 3966
3987 6 0.4683870952 0.5118235899 -0.7201736887 1.595786892 28.40421311 0.5 1
Intersection: 3967
3990 3 0.1727285225 0.3792368582 0.9090347974 4.082089602 13.38017666 0.5 1
Intersection: 3968
3993 10 0.3626852575 -0.7688670888 -0.526595484 4.712210459 6.587400886 0.5 1
Intersection: 3969
3994 12 0.7196279407 -0.2354756722 -0.6532127025 7.426780877 22.57321912 0.5 1
Intersection: 3970
3997 2 0.3300169977 0.6069378761 0.7229904535 0.5986496152 1.628129425 0.5 1
Intersection: 3971
3999 12 -0.9378709278 -0.156122237 0.3098773467 2.142757424 9.014492364 0.5 1
Intersection: 3972
4001 12 0.6119883709 0.3296685425 0.7188803002 3.563540208 26.43645979 0.5 1
Intersection: 3973
4002 2 0.02082738163 0.01187573127 0.9997125523 7.856990567 22.14300943 0.5 1
Intersection: 3974
4004 6 -0.5040145814 0.1839995978 -0.8438681471 0.7316171546 29.26838285 0.5 1
Intersection: 3975
4004 9 -0.03993629432 -0.289753744 -0.9562676718 1.702350171 9.093323182 0.5 1
Intersection: 3976
4004 11 -0.03993629432 -0.289753744 -0.9562676718 1.786659716 9.009013637 0.5 1
Intersection: 3977
4007 6 -0.4334015976 0.8736373553 0.2211805295 0.3758955192 18.165572 0.5 1
Intersection: 3978
4007 6 0.09550761107 -0.7499855397 0.6545227165 3.759826124 5.626741451 0.5 2
Intersection: 3979
4007 9 -0.05828611113 0.2455348153 -0.96763391 8.781311587 21.21868841 0.5 1
Intersection: 3980
4007 9 0.2715262162 0.02805955077 -0.9620219205 11.60853798 18.39146202 0.5 2
Intersection: 3981
4007 11 -0.05828611113 0.2455348153 -0.96763391 8.081948514 21.91805149 0.5 1
Intersection: 3982
4007 11 0.2715262162 0.02805955077 -0.9620219205 13.64778173 16.35221827 0.5 2
Intersection: 3983
4007 12 0.2715262162 0.02805955077 -0.9620219205 13.97578235 16.02421765 0.5 1
Intersection: 3984
4009 10 0.3864801547 -0.663638833 -0.6404815293 0.4734300453 2.236269502 0.5 1
Intersection: 3985
4011 6 -0.1022563908 0.8154798662 0.5696808039 9.312773793 11.16705168 0.5 1
Intersection: 3986
4013 1 0.2026930188 -0.02646725036 -0.978884582 5.241146951 24.75885305 0.5 1
Intersection: 3987
4013 2 0.2026930188 -0.02646725036 -0.978884582 6.660703246 23.33929675 0.5 1
Intersection: 3988
4013 11 -0.01876774444 0.01169941002 0.9997554179 4.94851842 25.05148158 0.5 1
Intersection: 3989
4013 12 -0.01876774444 0.01169941002 0.9997554179 3.83665953 26.16334047 0.5 1
Intersection: 3990
4016 6 0.6889451217 0.7150706155 -0.1184425353 1.719129955 5.901621914 0.5 1
Intersection: 3991
4018 1 -0.9173156224 0.1605558881 0.3643540253 11.43864278 18.56135722 0.5 1
Intersection: 3992
4018 9 -0.718319017 0.2458869412 0.6508128779 13.59014631 16.40985369 0.5 1
Intersection: 3993
4019 8 -0.9300385907 -0.2807531713 0.2370777859 9.692487379 20.30751262 0.5 1
Intersection: 3994
4019 11 -0.9300385907 -0.2807531713 0.2370777859 11.5637068 18.4362932 0.5 1
Intersection: 3995
4019 12 -0.7115633049 0.691921141 -0.1221589041 3.086329275 10.35728585 0.5 1
Intersection: 3996
4021 2 0.1054305566 -0.0627593794 0.9924442846 2.895092224 6.852940983 0.5 1
Intersection: 3997
4021 3 -0.8533669043 -0.1297246613 0.5049123081 0.04337245372 29.95662755 0.5 1
Intersection: 3998
4023 10 -0.08770754368 -0.4620335514 -0.8825148068 1.052054563 28.94794544 0.5 1
Intersection: 3999
4024 10 0.895682439 0.3115137752 -0.3173517548 10.45535588 12.35392081 0.5 1
Intersection: 4000
4026 5 -0.09450109675 0.1092708509 0.9895096886 0.2218899233 29.77811008 0.5 1
Intersection: 4001
4028 6 -0.2678709725 -0.0445472253 -0.9624243798 14.08181077 15.91818923 0.5 1
Intersection: 4002
4028 12 -0.08317115329 0.2090950045 -0.9743520095 0.06887008685 22.8024845 0.5 1
Intersection: 4003
4029 2 -0.718319017 0.2458869412 0.6508128779 6.518121893 23.48187811 0.5 1
Intersection: 4004
4029 5 -0.01739345173 0.05004168681 0.9985956626 3.353177595 26.6468224 0.5 1
Intersection: 4005
4030 4 -0.1690205388 0.1298561152 0.9770206993 7.520659636 22.47934036 0.5 1
Intersection: 4006
4030 4 0.2715262162 0.02805955077 -0.9620219205 4.484802712 25.51519729 0.5 2
Intersection: 4007
4030 8 0.2715262162 0.02805955077 -0.9620219205 3.37930477 26.62069523 0.5 1
Intersection: 4008
4032 1 -0.1807126942 -0.02923727752 0.9831012683 8.613881576 21.38611842 0.5 1
Intersection: 4009
4032 7 -0.4365007609 -0.09499242223 0.8946750949 14.67478793 15.32521207 0.5 1
Intersection: 4010
4033 3 -0.1807126942 -0.02923727752 0.9831012683 12.28773309 17.71226691 0.5 1
Intersection: 4011
4034 3 0.9080542348 0.05760772454 0.4148720969 14.64012654 15.35987346 0.5 1
Intersection: 4012
4036 4 -0.9053993944 -0.3193232033 -0.2797939036 7.475239912 22.52476009 0.5 1
Intersection: 4013
4036 5 -0.2727199952 -0.09915669933 -0.95697009 8.73374793 21.26625207 0.5 1
Intersection: 4014
4036 7 -0.2719874627 -0.2958483311 -0.9156945916 13.96765841 15.89912632 0.5 1
Intersection: 4015
4036 11 -0.9053993944 -0.3193232033 -0.2797939036 5.029840452 24.97015955 0.5 1
Intersection: 4016
4036 12 0.05318328106 -0.4670182975 -0.8826468424 6.245458867 23.75454113 0.5 1
Intersection: 4017
4038 9 -0.1978271318 0.5436850421 0.8156414659 8.246765477 21.75323452 0.5 1
Intersection: 4018
4039 3 -0.1022563908 0.8154798662 0.5696808039 0.937142388 19.54268309 0.5 1
Intersection: 4019
4039 6 -0.2678709725 -0.0445472253 -0.9624243798 9.580923413 20.41907659 0.5 1
Intersection: 4020
4039 8 -0.2678709725 -0.0445472253 -0.9624243798 5.55587961 24.44412039 0.5 1
Intersection: 4021
4040 5 0.8373835319 0.1258527265 -0.5319303636 5.9007674 24.0992326 0.5 1
Intersection: 4022
4042 12 0.5117287018 0.1960588656 -0.8364775293 12.73715152 17.26284848 0.5 1
Intersection: 4023
4043 2 -0.09450109675 0.1092708509 0.9895096886 2.024254932 27.97574507 0.5 1
Intersection: 4024
4044 3 0.7979394838 0.05633574082 -0.6000990455 1.943398825 28.05660118 0.5 1
Intersection: 4025
4045 5 -0.1949297514 0.3317703988 -0.9230009721 9.025833234 15.04647609 0.5 1
Intersection: 4026
4045 9 -0.06694857809 0.9966041589 0.04793785867 2.645121462 12.52850076 0.5 1
Intersection: 4027
4050 2 0.2418926369 -0.8040263031 0.5431663246 2.404263012 2.977206921 0.5 1
Intersection: 4028
4050 11 0.6200207651 0.2578310325 0.7410110725 2.106709028 27.89329097 0.5 1
Intersection: 4029
4050 12 0.6200207651 0.2578310325 0.7410110725 2.326147176 27.67385282 0.5 1
Intersection: 4030
4051 9 -0.2719874627 -0.2958483311 -0.9156945916 7.648539731 22.218245 0.5 1
Intersection: 4031
4051 10 -0.9727239667 0.1371658439 -0.187065806 0.1583693732 29.84163063 0.5 1
Intersection: 4032
4052 9 0.3404089074 -0.8205460368 0.4591579002 1.997302797 4.653489514 0.5 1
Intersection: 4033
4052 10 0.3404089074 -0.8205460368 0.4591579002 0.6613991512 5.98939316 0.5 1
Intersection: 4034
4054 5 0.02461678131 0.0002495157917 0.99969693 9.198289229 20.80171077 0.5 1
Intersection: 4035
4057 9 0.02461678131 0.0002495157917 0.99969693 9.163874144 20.83612586 0.5 1
Intersection: 4036
4061 9 0.01742263306 0.005083858691 0.9998352896 12.11311525 17.88688475 0.5 1
Intersection: 4037
4062 1 -0.08784623778 -0.05157729705 0.9947978794 7.0349249 22.9650751 0.5 1
Intersection: 4038
4062 5 -0.09450109675 0.1092708509 0.9895096886 6.600920341 23.39907966 0.5 1
Intersection: 4039
4062 9 -0.09450109675 0.1092708509 0.9895096886 8.094442311 21.90555769 0.5 1
Intersection: 4040
4064 1 -0.02432821165 0.01666887401 -0.9995650488 9.518384326 20.48161567 0.5 1
Intersection: 4041
4064 3 0.0602484732 0.1513225184 0.9866466525 8.692684874 21.30731513 0.5 1
Intersection: 4042
4065 2 0.7979394838 0.05633574082 -0.6000990455 11.34936816 18.65063184 0.5 1
Intersection: 4043
4065 4 0.9014012983 0.1794906501 0.3940289405 14.19522443 15.80477557 0.5 1
Intersection: 4044
4065 5 0.9014012983 0.1794906501 0.3940289405 13.87052118 16.12947882 0.5 1
Intersection: 4045
4065 8 -0.08770754368 -0.4620335514 -0.8825148068 2.641312627 27.35868737 0.5 1
Intersection: 4046
4065 8 0.9014012983 0.1794906501 0.3940289405 14.74063364 15.25936636 0.5 2
Intersection: 4047
4065 9 -0.08770754368 -0.4620335514 -0.8825148068 3.483704951 26.51629505 0.5 1
Intersection: 4048
4065 11 0.2852333599 -0.4264707842 -0.858349929 14.15029363 15.84970637 0.5 1
Intersection: 4049
4068 5 -0.734312341 -0.4482227909 -0.5097859507 9.577256267 20.42274373 0.5 1
Intersection: 4050
4070 9 -0.9300385907 -0.2807531713 0.2370777859 11.38665756 18.61334244 0.5 1
Intersection: 4051
4070 10 0.1280776288 -0.08916732531 0.9877475938 0.2183563586 29.78164364 0.5 1
Intersection: 4052
4071 1 0.2286114325 -0.02910984959 0.9730824372 3.242720642 7.065421224 0.5 1
Intersection: 4053
4071 10 0.2286114325 -0.02910984959 0.9730824372 5.127138916 5.18100295 0.5 1
Intersection: 4054
4073 1 0.9014012983 0.1794906501 0.3940289405 3.333050849 26.66694915 0.5 1
Intersection: 4055
4073 2 0.9014012983 0.1794906501 0.3940289405 1.686610266 28.31338973 0.5 1
Intersection: 4056
4077 3 -0.5047154317 0.1435340347 -0.8512698244 3.558414064 26.44158594 0.5 1
Intersection: 4057
4077 10 -0.1394648319 -0.3882692881 -0.9109316772 5.962457024 24.03754298 0.5 1
Intersection: 4058
4077 10 0.2671372184 -0.2175648937 -0.9387775155 1.064219486 28.93578051 0.5 2
Intersection: 4059
4079 9 -0.9833264392 -0.1600279855 -0.08637220549 8.975878962 21.02412104 0.5 1
Intersection: 4060
4081 12 0.01351972764 0.8944941026 -0.4468752817 1.996761605 12.28121258 0.5 1
Intersection: 4061
4083 9 -0.8091215156 -0.4140988458 -0.4169466619 0.6579364424 4.883251589 0.5 1
Intersection: 4062
4085 7 -0.4458992172 -0.7294911168 -0.5186681006 1.159308604 23.90647343 0.5 1
Intersection: 4063
4085 8 -0.1189614307 -0.1721985479 -0.9778526669 3.257151874 6.030879814 0.5 1
Intersection: 4064
4092 9 0.2671372184 -0.2175648937 -0.9387775155 0.840287439 29.15971256 0.5 1
Intersection: 4065
4095 6 -0.5939837188 0.5475746461 0.589360118 4.589736764 16.99625271 0.5 1
Intersection: 4066
4095 7 -0.3530681262 -0.1285916845 0.9267184453 14.13301412 15.86698588 0.5 1
Intersection: 4067
4095 8 0.02069864564 -0.1239068266 -0.9920779528 1.763004853 28.23699515 0.5 1
Intersection: 4068
4095 9 0.02069864564 -0.1239068266 -0.9920779528 2.738108844 27.26189116 0.5 1
Intersection: 4069
4095 11 -0.4174447833 -0.4362095353 0.7971581363 10.60869562 19.39130438 0.5 1
Intersection: 4070
4097 10 -0.3530681262 -0.1285916845 0.9267184453 10.85512205 19.14487795 0.5 1
Intersection: 4071
4101 1 -0.09450109675 0.1092708509 0.9895096886 8.457785855 21.54221414 0.5 1
Intersection: 4072
4101 2 -0.09450109675 0.1092708509 0.9895096886 7.989343117 22.01065688 0.5 1
Intersection: 4073
4103 9 -0.3235943466 0.07276268841 0.9433940269 10.31211483 19.68788517 0.5 1
Intersection: 4074
4104 1 0.2143123784 0.7659372804 -0.606143784 5.881465943 19.20251387 0.5 1
Intersection: 4075
4104 2 0.2143123784 0.7659372804 -0.606143784 4.937342509 20.1466373 0.5 1
Intersection: 4076
4104 5 -0.5939837188 0.5475746461 0.589360118 0.0709479457 21.51504153 0.5 1
Intersection: 4077
4104 6 -0.3530681262 -0.1285916845 0.9267184453 9.013351008 20.98664899 0.5 1
Intersection: 4078
4105 9 -0.8533669043 -0.1297246613 0.5049123081 11.77286721 18.22713279 0.5 1
Intersection: 4079
4106 1 -0.1690205388 0.1298561152 0.9770206993 3.394125406 26.60587459 0.5 1
Intersection: 4080
4106 5 0.157514822 -0.3740190508 0.9139468423 3.928835588 26.07116441 0.5 1
Intersection: 4081
4107 8 -0.4174447833 -0.4362095353 0.7971581363 3.645631947 26.35436805 0.5 1
Intersection: 4082
4108 7 0.2143123784 0.7659372804 -0.606143784 11.84072093 13.24325888 0.5 1
Intersection: 4083
4108 8 0.2143123784 0.7659372804 -0.606143784 10.92996409 14.15401572 0.5 1
Intersection: 4084
4109 4 -0.1020304957 -0.0545736972 -0.993283187 3.636460714 26.36353929 0.5 1
Intersection: 4085
4110 2 -0.9833264392 -0.1600279855 -0.08637220549 1.467492634 28.53250737 0.5 1
Intersection: 4086
4110 8 -0.08784623778 -0.05157729705 0.9947978794 9.74007684 20.25992316 0.5 1
Intersection: 4087
4110 10 -0.09450109675 0.1092708509 0.9895096886 12.10894014 17.89105986 0.5 1
Intersection: 4088
4110 12 -0.09450109675 0.1092708509 0.9895096886 9.058666717 20.94133328 0.5 1
Intersection: 4089
4111 12 -0.3530681262 -0.1285916845 0.9267184453 7.643964213 22.35603579 0.5 1
Intersection: 4090
4113 9 0.157514822 -0.3740190508 0.9139468423 10.02143588 19.97856412 0.5 1
Intersection: 4091
4114 3 -0.09450109675 0.1092708509 0.9895096886 10.42653229 19.57346771 0.5 1
Intersection: 4092
4116 2 -0.4174447833 -0.4362095353 0.7971581363 7.780007144 22.21999286 0.5 1
Intersection: 4093
4116 8 -0.4174447833 -0.4362095353 0.7971581363 8.773162161 21.22683784 0.5 1
Intersection: 4094
4117 2 -0.3530681262 -0.1285916845 0.9267184453 3.639538371 26.36046163 0.5 1
Intersection: 4095
4117 6 -0.3530681262 -0.1285916845 0.9267184453 1.205031702 28.7949683 0.5 1
Intersection: 4096
4118 12 0.02069864564 -0.1239068266 -0.9920779528 13.22038434 16.77961566 0.5 1
Intersection: 4097
4119 4 -0.2042341743 -0.06683476656 -0.9766378633 1.224529835 12.74560314 0.5 1
Intersection: 4098
4120 4 -0.4052768896 0.1265406285 -0.9053938989 7.80560025 22.19439975 0.5 1
Intersection: 4099
4120 7 0.157514822 -0.3740190508 0.9139468423 9.999550621 20.00044938 0.5 1
Intersection: 4100
4120 7 0.2414389764 -0.7655672483 0.5963338068 6.723565244 15.5041092 0.5 2
Intersection: 4101
4121 2 0.01742263306 0.005083858691 0.9998352896 14.12355552 15.87644448 0.5 1
Intersection: 4102
4122 9 0.460794365 0.1528835625 0.8742397666 2.16012004 27.83987996 0.5 1
Intersection: 4103
4123 8 -0.2042341743 -0.06683476656 -0.9766378633 6.97047855 6.99965443 0.5 1
Intersection: 4104
4126 11 -0.3530681262 -0.1285916845 0.9267184453 0.274245743 29.72575426 0.5 1
Intersection: 4105
4128 10 -0.7546538384 0.5439086248 0.3669618401 3.767313604 26.2326864 0.5 1
Intersection: 4106
4132 8 -0.7612818378 -0.5526572719 -0.3391458436 2.795840044 27.20415996 0.5 1
Intersection: 4107
4132 12 -0.7612818378 -0.5526572719 -0.3391458436 4.5307787 25.4692213 0.5 1
Intersection: 4108
4137 1 0.7328336182 0.0164274223 0.680209547 0.8641637515 29.13583625 0.5 1
Intersection: 4109
4137 10 0.7328336182 0.0164274223 0.680209547 1.30504758 28.69495242 0.5 1
Intersection: 4110
4139 7 0.01187220448 0.04995670662 -0.998680819 9.257640758 20.74235924 0.5 1
Intersection: 4111
4140 9 -0.909840397 0.1014149172 0.4023747837 2.985372862 27.01462714 0.5 1
Intersection: 4112
4141 4 -0.4713725288 -0.07419569955 0.8788076793 3.726926303 26.2730737 0.5 1
Intersection: 4113
4141 9 0.5467644054 -0.4476924384 -0.7075451686 10.05279894 19.94720106 0.5 1
Intersection: 4114
4142 5 0.3178023467 -0.1606346582 -0.9344507344 10.84322259 18.86573633 0.5 1
Intersection: 4115
4143 3 -0.4913490636 -0.2514561004 0.8338740476 8.906417363 21.09358264 0.5 1
Intersection: 4116
4143 4 -0.4913490636 -0.2514561004 0.8338740476 8.197370827 21.80262917 0.5 1
Intersection: 4117
4143 4 -0.02613757908 -0.04507938262 -0.9986414152 12.92890386 17.07109614 0.5 2
Intersection: 4118
4143 11 -0.01023863229 -0.05028580002 0.9986823863 7.374987672 22.62501233 0.5 1
Intersection: 4119
4145 3 -0.3818762362 -0.1001012577 -0.9187765117 0.2745564098 29.72544359 0.5 1
Intersection: 4120
4146 8 0.6034597275 0.3716366557 -0.7054945453 1.141251184 28.85874882 0.5 1
Intersection: 4121
4146 9 0.4478862059 0.35281094 -0.8215366012 8.44848574 21.55151426 0.5 1
Intersection: 4122
4146 11 0.08220085525 -0.03607712248 0.9959625799 8.477816612 21.52218339 0.5 1
Intersection: 4123
4147 7 0.04273627811 -0.2152639975 -0.9756203267 7.227508819 22.77249118 0.5 1
Intersection: 4124
4148 11 0.4964879094 -0.6935846963 0.5219578765 10.08036441 16.82351799 0.5 1
Intersection: 4125
4150 11 0.07863708453 0.9658667848 -0.2468148356 4.248105731 8.350281246 0.5 1
Intersection: 4126
4151 3 0.2671372184 -0.2175648937 -0.9387775155 0.1561091091 29.84389089 0.5 1
Intersection: 4127
4151 12 0.2671372184 -0.2175648937 -0.9387775155 0.6836587595 29.31634124 0.5 1
Intersection: 4128
4152 3 0.9851415214 -0.1709153038 -0.01685650172 2.548945802 19.89846455 0.5 1
Intersection: 4129
4153 7 -0.4727974277 -0.3806299582 0.7947222328 7.805362327 22.19463767 0.5 1
Intersection: 4130
4154 6 -0.3778662974 -0.2784034361 0.8830110917 11.29508763 18.70491237 0.5 1
Intersection: 4131
4154 10 -0.3778662974 -0.2784034361 0.8830110917 8.976741609 21.02325839 0.5 1
Intersection: 4132
4157 10 -0.04038651668 -0.2885523512 0.9566119746 0.4172477404 29.58275226 0.5 1
Intersection: 4133
4158 1 -0.4727974277 -0.3806299582 0.7947222328 6.905929704 23.0940703 0.5 1
Intersection: 4134
4158 2 -0.4727974277 -0.3806299582 0.7947222328 5.857105947 24.14289405 0.5 1
Intersection: 4135
4158 8 -0.3599294519 -0.3797442979 -0.8522001278 12.04479792 17.95520208 0.5 1
Intersection: 4136
4158 11 -0.3599294519 -0.3797442979 -0.8522001278 12.83469205 17.16530795 0.5 1
Intersection: 4137
4159 1 0.2747813948 0.1903226944 0.9424820726 9.353638671 20.64636133 0.5 1
Intersection: 4138
4159 7 0.2747813948 0.1903226944 0.9424820726 11.20112804 18.79887196 0.5 1
Intersection: 4139
4160 4 0.01315274342 -0.001961488778 -0.999911575 3.893626339 26.10637366 0.5 1
Intersection: 4140
4160 5 0.9691554299 -0.2453000528 0.02378311871 14.93772093 15.06227907 0.5 1
Intersection: 4141
4160 9 -0.4913490636 -0.2514561004 0.8338740476 11.57210406 18.42789594 0.5 1
Intersection: 4142
4162 11 -0.1690205388 0.1298561152 0.9770206993 9.583068844 20.41693116 0.5 1
Intersection: 4143
4164 8 -0.4761464731 0.4415614229 -0.760465677 4.638171154 25.36182885 0.5 1
Intersection: 4144
4165 3 -0.2289000305 -0.6075014308 0.7606226316 10.56725908 18.7456233 0.5 1
Intersection: 4145
4165 4 -0.9436024464 0.2826277066 0.1724413019 3.269405292 26.73059471 0.5 1
Intersection: 4146
4165 10 0.05419437248 -0.15306965 -0.9867282565 10.99053679 19.00946321 0.5 1
Intersection: 4147
4166 4 -0.4232624648 0.8852121478 -0.1929982883 10.43755678 11.11506633 0.5 1
Intersection: 4148
4168 2 0.1941101338 -0.8697345231 0.4537434466 0.9067632913 12.6982185 0.5 1
Intersection: 4149
4169 10 0.3496202506 -0.9125779881 0.2120544647 2.076894452 12.52341378 0.5 1
Intersection: 4150
4170 1 -0.007493240522 0.002903937966 -0.9999677087 5.544517861 24.45548214 0.5 1
Intersection: 4151
4170 3 -0.007493240522 0.002903937966 -0.9999677087 4.257195721 25.74280428 0.5 1
Intersection: 4152
4170 4 0.7328336182 0.0164274223 0.680209547 5.191730948 24.80826905 0.5 1
Intersection: 4153
4170 8 0.7328336182 0.0164274223 0.680209547 3.97516582 26.02483418 0.5 1
Intersection: 4154
4170 10 -0.007493240522 0.002903937966 -0.9999677087 5.605225224 24.39477478 0.5 1
Intersection: 4155
4170 12 0.4478862059 0.35281094 -0.8215366012 4.79719028 25.20280972 0.5 1
Intersection: 4156
4171 7 -0.5047154317 0.1435340347 -0.8512698244 2.607866648 27.39213335 0.5 1
Intersection: 4157
4171 11 -0.5047154317 0.1435340347 -0.8512698244 1.921137655 28.07886234 0.5 1
Intersection: 4158
4172 3 0.2671372184 -0.2175648937 -0.9387775155 13.51020003 16.48979997 0.5 1
Intersection: 4159
4172 4 -0.05828611113 0.2455348153 -0.96763391 12.6027632 17.3972368 0.5 1
Intersection: 4160
4172 12 0.2671372184 -0.2175648937 -0.9387775155 13.51718197 16.48281803 0.5 1
Intersection: 4161
4173 5 -0.5232705178 0.852084636 -0.01182109902 2.583377636 18.71155653 0.5 1
Intersection: 4162
4173 6 -0.5232705178 0.852084636 -0.01182109902 1.600603246 19.69433092 0.5 1
Intersection: 4163
4175 3 0.04257558195 -0.9133352745 -0.4049765378 1.754340553 5.850545185 0.5 1
Intersection: 4164
4175 12 0.04257558195 -0.9133352745 -0.4049765378 2.634534184 4.970351554 0.5 1
Intersection: 4165
4176 1 0.006629883853 0.03973531286 -0.9991882453 7.536677833 22.46332217 0.5 1
Intersection: 4166
4176 2 -0.1201138324 -0.5003913842 0.8574270406 0.8111356667 14.57965954 0.5 1
Intersection: 4167
4176 5 -0.007493240522 0.002903937966 -0.9999677087 8.963791215 21.03620878 0.5 1
Intersection: 4168
4176 9 -0.007493240522 0.002903937966 -0.9999677087 6.662998342 23.33700166 0.5 1
Intersection: 4169
4181 1 -0.3962231236 -0.6041308212 -0.6913994411 10.61847155 19.38152845 0.5 1
Intersection: 4170
4182 4 0.3112388317 -0.1167221116 0.9431364367 9.904034536 20.09596546 0.5 1
Intersection: 4171
4182 11 0.147067901 0.5713678959 0.807409289 7.737239516 22.26276048 0.5 1
Intersection: 4172
4184 2 0.5467644054 -0.4476924384 -0.7075451686 4.180988607 25.81901139 0.5 1
Intersection: 4173
4184 6 0.9781483387 0.03529713196 -0.2048900682 7.960250831 22.03974917 0.5 1
Intersection: 4174
4184 8 -0.8056494981 0.2666262682 0.5289984115 7.616252057 22.38374794 0.5 1
Intersection: 4175
4184 10 0.9781483387 0.03529713196 -0.2048900682 9.025600289 20.97439971 0.5 1
Intersection: 4176
4184 12 -0.0104750664 -0.004819909745 0.9999335185 13.78475967 16.21524033 0.5 1
Intersection: 4177
4185 4 0.2162918224 -0.3646720872 -0.9056666696 1.321263874 19.86968623 0.5 1
Intersection: 4178
4185 5 0.2162918224 -0.3646720872 -0.9056666696 4.843040524 16.34790958 0.5 1
Intersection: 4179
4185 6 0.9781483387 0.03529713196 -0.2048900682 3.480277697 26.5197223 0.5 1
Intersection: 4180
4185 9 0.9781483387 0.03529713196 -0.2048900682 5.33143734 24.66856266 0.5 1
Intersection: 4181
4185 10 0.9781483387 0.03529713196 -0.2048900682 4.540384051 25.45961595 0.5 1
Intersection: 4182
4186 12 -0.7597409328 -0.1656553717 -0.6287702386 6.794432535 23.20556747 0.5 1
Intersection: 4183
4187 11 -0.3818762362 -0.1001012577 -0.9187765117 3.414597936 26.58540206 0.5 1
Intersection: 4184
4188 3 0.2162918224 -0.3646720872 -0.9056666696 1.633979302 19.55697081 0.5 1
Intersection: 4185
4188 4 0.4964879094 -0.6935846963 0.5219578765 6.102245164 20.80163724 0.5 1
Intersection: 4186
4189 10 0.9059848112 -0.3536549862 0.2326363526 5.91412519 24.08587481 0.5 1
Intersection: 4187
4190 1 0.4964879094 -0.6935846963 0.5219578765 2.020454583 24.88342783 0.5 1
Intersection: 4188
4192 1 -0.7823523963 0.1099497936 -0.61305446 7.464012684 22.53598732 0.5 1
Intersection: 4189
4195 2 0.006629883853 0.03973531286 -0.9991882453 0.151311761 29.84868824 0.5 1
Intersection: 4190
4195 5 0.1146514074 -0.409678265 0.9049965602 2.16828928 5.189180003 0.5 1
Intersection: 4191
4195 6 0.9059848112 -0.3536549862 0.2326363526 5.899337991 24.10066201 0.5 1
Intersection: 4192
4197 3 -0.7823523963 0.1099497936 -0.61305446 8.674147358 21.32585264 0.5 1
Intersection: 4193
4197 5 -0.7823523963 0.1099497936 -0.61305446 7.168671173 22.83132883 0.5 1
Intersection: 4194
4198 3 -0.7397446054 0.5235885861 -0.4226498685 1.854397273 10.92112149 0.5 1
Intersection: 4195
4198 7 -0.7397446054 0.5235885861 -0.4226498685 4.077907488 8.697611277 0.5 1
Intersection: 4196
4198 12 -0.6071293898 -0.3428958348 0.7168098427 12.45723503 17.54276497 0.5 1
Intersection: 4197
4199 1 0.161604066 -0.4208872885 0.892601824 6.35413093 23.64586907 0.5 1
Intersection: 4198
4199 2 -0.2697198294 0.7442246728 -0.6110489752 8.342370252 13.08001502 0.5 1
Intersection: 4199
4199 9 0.9483848665 0.2266880939 0.2217626053 8.191932795 21.80806721 0.5 1
Intersection: 4200
4199 12 0.9483848665 0.2266880939 0.2217626053 9.354276073 20.64572393 0.5 1
Intersection: 4201
4203 11 0.05419437248 -0.15306965 -0.9867282565 14.20607263 15.79392737 0.5 1
Intersection: 4202
4204 4 0.9483848665 0.2266880939 0.2217626053 10.41379673 19.58620327 0.5 1
Intersection: 4203
4206 3 0.5554491251 -0.3676910721 0.7458415012 4.232773709 25.76722629 0.5 1
Intersection: 4204
4207 8 -0.7051555274 0.6999349258 -0.1133436448 0.0822198854 15.08950411 0.5 1
Intersection: 4205
4208 7 0.7196279407 -0.2354756722 -0.6532127025 4.011921694 25.98807831 0.5 1
Intersection: 4206
4208 9 0.7196279407 -0.2354756722 -0.6532127025 2.985976767 27.01402323 0.5 1
Intersection: 4207
4208 11 0.7196279407 -0.2354756722 -0.6532127025 3.818452982 26.18154702 0.5 1
Intersection: 4208
4209 4 -0.2870713723 -0.5924817952 0.752698711 3.340800902 19.34374906 0.5 1
Intersection: 4209
4209 11 0.2907023623 -0.6748522777 0.6782820503 2.854720354 6.342944523 0.5 1
Intersection: 4210
4210 1 0.4085894144 -0.01746191656 -0.9125512435 6.738674745 23.26132526 0.5 1
Intersection: 4211
4211 4 -0.7013394162 -0.1696261676 -0.6923510573 3.290671656 26.70932834 0.5 1
Intersection: 4212
4211 11 0.3493794841 -0.4544248977 -0.8194095364 1.793306241 18.3709746 0.5 1
Intersection: 4213
4212 3 -0.04205755104 0.5295771899 0.8472184856 13.35028567 16.12059884 0.5 1
Intersection: 4214
4212 9 0.7196279407 -0.2354756722 -0.6532127025 14.25216203 15.74783797 0.5 1
Intersection: 4215
4212 11 -0.04205755104 0.5295771899 0.8472184856 12.19288117 17.27800335 0.5 1
Intersection: 4216
4213 1 -0.2697198294 0.7442246728 -0.6110489752 8.873802281 12.54858299 0.5 1
Intersection: 4217
4213 2 0.161604066 -0.4208872885 0.892601824 10.41389138 19.58610862 0.5 1
Intersection: 4218
4213 3 -0.2697198294 0.7442246728 -0.6110489752 6.883191922 14.53919335 0.5 1
Intersection: 4219
4213 4 0.161604066 -0.4208872885 0.892601824 12.06707597 17.93292403 0.5 1
Intersection: 4220
4213 8 0.02019400774 0.008026476228 -0.999763861 4.45948987 25.54051013 0.5 1
Intersection: 4221
4214 11 -0.159179755 0.03282758612 -0.9867036816 9.913727476 20.08627252 0.5 1
Intersection: 4222
4215 2 -0.8167697528 -0.04230588133 0.5754106214 3.555760541 15.33752869 0.5 1
Intersection: 4223
4215 4 -0.8167697528 -0.04230588133 0.5754106214 3.573566332 15.3197229 0.5 1
Intersection: 4224
4215 5 0.2907023623 -0.6748522777 0.6782820503 2.865113649 6.332551228 0.5 1
Intersection: 4225
4215 8 -0.8167697528 -0.04230588133 0.5754106214 3.124998881 15.76829035 0.5 1
Intersection: 4226
4218 7 -0.909840397 0.1014149172 0.4023747837 8.54897828 21.45102172 0.5 1
Intersection: 4227
4218 11 0.5467644054 -0.4476924384 -0.7075451686 13.57571437 16.42428563 0.5 1
Intersection: 4228
4219 1 0.6119883709 0.3296685425 0.7188803002 0.3594491234 29.64055088 0.5 1
Intersection: 4229
4219 1 0.818119365 -0.3849186114 0.4272216839 1.373859039 3.169441435 0.5 2
Intersection: 4230
4219 6 0.6119883709 0.3296685425 0.7188803002 1.205599456 28.79440054 0.5 1
Intersection: 4231
4220 3 -0.08056732783 -0.412734875 0.9072810086 0.953993315 29.04600669 0.5 1
Intersection: 4232
4220 5 -0.08056732783 -0.412734875 0.9072810086 2.035155561 27.96484444 0.5 1
Intersection: 4233
4220 9 -0.08056732783 -0.412734875 0.9072810086 2.925004799 27.0749952 0.5 1
Intersection: 4234
4220 11 -0.08056732783 -0.412734875 0.9072810086 2.41324469 27.58675531 0.5 1
Intersection: 4235
4221 7 -0.09936468432 0.5250344938 -0.8452605751 3.674224843 13.3091335 0.5 1
Intersection: 4236
4221 9 -0.09936468432 0.5250344938 -0.8452605751 3.979580032 13.00377831 0.5 1
Intersection: 4237
4221 11 -0.09936468432 0.5250344938 -0.8452605751 4.230076649 12.75328169 0.5 1
Intersection: 4238
4222 3 -0.09936468432 0.5250344938 -0.8452605751 8.099332485 8.884025855 0.5 1
Intersection: 4239
4222 3 -0.01876774444 0.01169941002 0.9997554179 2.655925815 27.34407418 0.5 2
Intersection: 4240
4222 3 0.9691554299 -0.2453000528 0.02378311871 3.326003188 26.67399681 0.5 3
Intersection: 4241
4222 5 0.9691554299 -0.2453000528 0.02378311871 5.775916984 24.22408302 0.5 1
Intersection: 4242
4222 12 -0.09936468432 0.5250344938 -0.8452605751 8.319058213 8.664300127 0.5 1
Intersection: 4243
4223 1 -0.01876774444 0.01169941002 0.9997554179 6.637054149 23.36294585 0.5 1
Intersection: 4244
4223 8 -0.01876774444 0.01169941002 0.9997554179 7.840253998 22.159746 0.5 1
Intersection: 4245
4224 1 -0.01876774444 0.01169941002 0.9997554179 5.487835599 24.5121644 0.5 1
Intersection: 4246
4224 1 0.4683870952 0.5118235899 -0.7201736887 7.676821748 22.32317825 0.5 2
Intersection: 4247
4224 3 0.0580227068 0.03587313859 0.9976705285 10.64502308 19.35497692 0.5 1
Intersection: 4248
4225 11 0.04037665897 -0.01268226887 -0.9991040414 7.552059145 22.44794085 0.5 1
Intersection: 4249
4226 3 0.3608388969 -0.1970884163 0.9115653825 10.93933216 19.06066784 0.5 1
Intersection: 4250
4226 7 0.2947703714 0.452623673 -0.8415712915 13.99346192 16.00653808 0.5 1
Intersection: 4251
4226 8 0.3608388969 -0.1970884163 0.9115653825 13.8335906 16.1664094 0.5 1
Intersection: 4252
4227 6 0.3496202506 -0.9125779881 0.2120544647 5.564016774 9.036291456 0.5 1
Intersection: 4253
4227 10 0.4974944676 0.07670886252 0.8640688659 7.643804084 22.35619592 0.5 1
Intersection: 4254
4227 11 -0.2550399622 0.3000707068 0.9191910512 1.601536061 28.39846394 0.5 1
Intersection: 4255
4228 1 0.2947703714 0.452623673 -0.8415712915 9.474808378 20.52519162 0.5 1
Intersection: 4256
4228 6 0.2947703714 0.452623673 -0.8415712915 10.0606303 19.9393697 0.5 1
Intersection: 4257
4229 5 0.2947703714 0.452623673 -0.8415712915 12.52391416 17.47608584 0.5 1
Intersection: 4258
4229 6 -0.976768187 0.03727749258 -0.2110315079 8.822499748 21.17750025 0.5 1
Intersection: 4259
4229 10 0.2947703714 0.452623673 -0.8415712915 10.56752604 19.43247396 0.5 1
Intersection: 4260
4229 12 0.7640075781 -0.4258325078 -0.4847257945 9.132006623 20.86799338 0.5 1
Intersection: 4261
4230 11 -0.2727199952 -0.09915669933 -0.95697009 8.946856062 21.05314394 0.5 1
Intersection: 4262
4231 4 0.4085894144 -0.01746191656 -0.9125512435 4.246170534 25.75382947 0.5 1
Intersection: 4263
4233 5 -0.2133722665 -0.08067254151 -0.9736345397 6.94732355 23.05267645 0.5 1
Intersection: 4264
4233 12 -0.2133722665 -0.08067254151 -0.9736345397 6.379448412 23.62055159 0.5 1
Intersection: 4265
4234 2 0.818119365 -0.3849186114 0.4272216839 1.287217931 3.256082543 0.5 1
Intersection: 4266
4236 1 -0.2133722665 -0.08067254151 -0.9736345397 10.8019088 19.1980912 0.5 1
Intersection: 4267
4236 5 -0.2133722665 -0.08067254151 -0.9736345397 9.596056279 20.40394372 0.5 1
Intersection: 4268
4236 6 -0.2133722665 -0.08067254151 -0.9736345397 10.34676637 19.65323363 0.5 1
Intersection: 4269
4237 8 -0.9173156224 0.1605558881 0.3643540253 5.027166999 24.972833 0.5 1
Intersection: 4270
4238 6 -0.3646785124 0.838276417 -0.4053421164 6.096117107 17.3520907 0.5 1
Intersection: 4271
4239 4 -0.06301414426 -0.997259205 -0.03877235755 0.7780501834 2.213796867 0.5 1
Intersection: 4272
4240 1 -0.4713725288 -0.07419569955 0.8788076793 6.332446137 23.66755386 0.5 1
Intersection: 4273
4240 4 -0.3646785124 0.838276417 -0.4053421164 3.443176246 20.00503156 0.5 1
Intersection: 4274
4240 9 -0.4713725288 -0.07419569955 0.8788076793 3.874138837 26.12586116 0.5 1
Intersection: 4275
4240 10 -0.3646785124 0.838276417 -0.4053421164 5.579278301 17.86892951 0.5 1
Intersection: 4276
4244 7 -0.5489851324 -0.2768748509 -0.7886416431 13.80438605 16.19561395 0.5 1
Intersection: 4277
4249 9 0.9337654602 -0.3560852797 -0.03585162334 3.433699862 26.56630014 0.5 1
Intersection: 4278
4249 10 0.9337654602 -0.3560852797 -0.03585162334 2.163418073 27.83658193 0.5 1
Intersection: 4279
4249 11 0.9337654602 -0.3560852797 -0.03585162334 5.387627357 24.61237264 0.5 1
Intersection: 4280
4251 3 -0.08317115329 0.2090950045 -0.9743520095 8.144412969 14.72694162 0.5 1
Intersection: 4281
4259 8 0.485520085 -0.3287936856 -0.8100400974 0.140649337 1.28341861 0.5 1
Intersection: 4282
4261 11 -0.1891854797 -0.6079958718 0.7710706026 2.026334987 4.806105605 0.5 1
Intersection: 4283
4263 3 -0.1891854797 -0.6079958718 0.7710706026 0.07370092574 6.758739666 0.5 1
Intersection: 4284
4263 12 -0.1891854797 -0.6079958718 0.7710706026 1.841324889 4.991115702 0.5 1
Intersection: 4285
4264 2 0.06838383307 -0.9770656565 0.201659005 0.2484363712 1.141096491 0.5 1
Intersection: 4286
4265 4 0.6370620658 -0.1078938396 0.76322398 0.8814283865 29.11857161 0.5 1
Intersection: 4287
4265 9 0.1939856019 0.0202459098 -0.9807954371 10.46810051 19.53189949 0.5 1
Intersection: 4288
4265 10 0.3312467969 -0.8524795596 0.4044182983 4.907785628 5.087612746 0.5 1
Intersection: 4289
4266 6 0.8866035791 -0.06982096982 -0.457229839 14.90742359 15.09257641 0.5 1
Intersection: 4290
4266 10 0.5375901167 -0.3559968386 -0.76437106 3.840531339 18.59640044 0.5 1
Intersection: 4291
4266 10 0.9557705942 -0.2181281501 0.1972883204 8.444613718 21.20712108 0.5 2
Intersection: 4292
4266 11 -0.2550399622 0.3000707068 0.9191910512 12.331064 17.668936 0.5 1
Intersection: 4293
4267 3 0.2032542221 -0.8712281941 0.4468211668 4.773035777 11.24448952 0.5 1
Intersection: 4294
4267 5 0.8866035791 -0.06982096982 -0.457229839 9.991770111 20.00822989 0.5 1
Intersection: 4295
4267 6 0.8866035791 -0.06982096982 -0.457229839 10.74448383 19.25551617 0.5 1
Intersection: 4296
4267 8 0.9557705942 -0.2181281501 0.1972883204 14.10525372 15.54648107 0.5 1
Intersection: 4297
4267 9 0.9557705942 -0.2181281501 0.1972883204 12.92197791 16.72975688 0.5 1
Intersection: 4298
4269 8 0.4090079663 -0.4250338463 -0.8075015251 5.752243531 5.865961902 0.5 1
Intersection: 4299
4269 10 0.4090079663 -0.4250338463 -0.8075015251 3.935499202 7.682706231 0.5 1
Intersection: 4300
4271 7 0.3312467969 -0.8524795596 0.4044182983 0.9306776024 9.064720771 0.5 1
Intersection: 4301
4271 11 0.3312467969 -0.8524795596 0.4044182983 1.701926882 8.293471491 0.5 1
Intersection: 4302
4272 6 0.4090079663 -0.4250338463 -0.8075015251 3.270748794 8.347456639 0.5 1
Intersection: 4303
4272 11 0.4090079663 -0.4250338463 -0.8075015251 2.092611636 9.525593797 0.5 1
Intersection: 4304
4273 2 0.147067901 0.5713678959 0.807409289 2.359211871 27.64078813 0.5 1
Intersection: 4305
4273 5 0.147067901 0.5713678959 0.807409289 3.1717419 26.8282581 0.5 1
Intersection: 4306
4274 2 -0.2550399622 0.3000707068 0.9191910512 1.055786978 28.94421302 0.5 1
Intersection: 4307
4274 3 0.3112388317 -0.1167221116 0.9431364367 12.59406032 17.40593968 0.5 1
Intersection: 4308
4276 12 -0.01272418069 0.08078905529 -0.9966500006 12.78054167 17.21945833 0.5 1
Intersection: 4309
4280 10 0.2946797779 -0.8691809308 0.3970999094 9.249760493 9.897695296 0.5 1
Intersection: 4310
4283 1 0.9080542348 0.05760772454 0.4148720969 6.110143916 23.88985608 0.5 1
Intersection: 4311
4283 7 0.9080542348 0.05760772454 0.4148720969 4.343120818 25.65687918 0.5 1
Intersection: 4312
4283 11 0.8866035791 -0.06982096982 -0.457229839 2.969746141 27.03025386 0.5 1
Intersection: 4313
4283 12 0.8866035791 -0.06982096982 -0.457229839 3.970582702 26.0294173 0.5 1
Intersection: 4314
4285 12 -0.9727239667 0.1371658439 -0.187065806 4.013404761 25.98659524 0.5 1
Intersection: 4315
4286 3 0.9059848112 -0.3536549862 0.2326363526 5.510309392 24.48969061 0.5 1
Intersection: 4316
4286 6 0.6119883709 0.3296685425 0.7188803002 10.35359454 19.64640546 0.5 1
Intersection: 4317
4286 8 0.6119883709 0.3296685425 0.7188803002 7.747984931 22.25201507 0.5 1
Intersection: 4318
4286 11 -0.03498301108 0.2257601453 0.9735545931 4.786832258 25.21316774 0.5 1
Intersection: 4319
4286 11 0.2904032347 -0.4950814697 0.8188774631 10.20473708 16.25877275 0.5 2
Intersection: 4320
4291 3 -0.1247481314 -0.2750410325 0.9533049534 4.740893721 25.25910628 0.5 1
Intersection: 4321
4291 4 -0.1247481314 -0.2750410325 0.9533049534 3.158694483 26.84130552 0.5 1
Intersection: 4322
4291 5 -0.2727199952 -0.09915669933 -0.95697009 14.11502267 15.88497733 0.5 1
Intersection: 4323
4291 11 -0.976768187 0.03727749258 -0.2110315079 7.053011497 22.9469885 0.5 1
Intersection: 4324
4291 11 -0.1247481314 -0.2750410325 0.9533049534 6.216106202 23.7838938 0.5 2
Intersection: 4325
4291 12 -0.2727199952 -0.09915669933 -0.95697009 14.59769085 15.40230915 0.5 1
Intersection: 4326
4292 1 0.9781483387 0.03529713196 -0.2048900682 14.42609789 15.57390211 0.5 1
Intersection: 4327
4292 7 -0.3818762362 -0.1001012577 -0.9187765117 14.23491817 15.76508183 0.5 1
Intersection: 4328
4292 8 0.5467644054 -0.4476924384 -0.7075451686 8.76739197 21.23260803 0.5 1
Intersection: 4329
4292 9 -0.8056494981 0.2666262682 0.5289984115 1.690339397 28.3096606 0.5 1
Intersection: 4330
4292 12 0.5467644054 -0.4476924384 -0.7075451686 13.13061758 16.86938242 0.5 1
Intersection: 4331
4293 6 0.6531112772 -0.666806708 0.358907333 2.133674347 3.932912411 0.5 1
Intersection: 4332
4296 9 0.08220085525 -0.03607712248 0.9959625799 2.146487714 27.85351229 0.5 1
Intersection: 4333
4296 12 -0.8033620388 0.1481107818 0.5767778004 14.657756 15.342244 0.5 1
Intersection: 4334
4301 1 0.06469090092 0.8259243278 0.5600572221 0.7316828018 17.798795 0.5 1
Intersection: 4335
4301 3 0.01187220448 0.04995670662 -0.998680819 13.44732146 16.55267854 0.5 1
Intersection: 4336
4301 6 0.01187220448 0.04995670662 -0.998680819 12.28792388 17.71207612 0.5 1
Intersection: 4337
4303 1 0.06469090092 0.8259243278 0.5600572221 5.799639195 12.7308386 0.5 1
Intersection: 4338
4304 1 0.7171995028 0.1409949117 0.6824553524 7.61752973 15.56895395 0.5 1
Intersection: 4339
4304 6 0.7171995028 0.1409949117 0.6824553524 8.579917848 14.60656583 0.5 1
Intersection: 4340
4306 3 0.2715262162 0.02805955077 -0.9620219205 5.662063404 24.3379366 0.5 1
Intersection: 4341
4307 7 0.2715262162 0.02805955077 -0.9620219205 5.431789085 24.56821092 0.5 1
Intersection: 4342
4311 4 -0.01739345173 0.05004168681 0.9985956626 13.60540215 16.39459785 0.5 1
Intersection: 4343
4312 6 -0.5047154317 0.1435340347 -0.8512698244 10.5483107 19.4516893 0.5 1
Intersection: 4344
4312 9 -0.7546538384 0.5439086248 0.3669618401 7.125052602 22.8749474 0.5 1
Intersection: 4345
4313 6 -0.8533669043 -0.1297246613 0.5049123081 7.825640367 22.17435963 0.5 1
Intersection: 4346
4314 4 -0.1690205388 0.1298561152 0.9770206993 10.61920692 19.38079308 0.5 1
Intersection: 4347
4314 9 -0.8533669043 -0.1297246613 0.5049123081 5.438630166 24.56136983 0.5 1
Intersection: 4348
4315 4 -0.007167039539 0.3828779843 -0.9237711203 4.355461047 25.64453895 0.5 1
Intersection: 4349
4315 8 -0.8533669043 -0.1297246613 0.5049123081 11.16933091 18.83066909 0.5 1
Intersection: 4350
4317 11 -0.7546538384 0.5439086248 0.3669618401 2.518748322 27.48125168 0.5 1
Intersection: 4351
4319 7 0.3628715574 -0.5938577708 -0.7180927384 0.2860168724 29.71398313 0.5 1
