# vtk DataFile Version 2.0
Unstructured Grid
ASCII
DATASET UNSTRUCTURED_GRID
POINTS 1052 double
0 0 0
0 10 10
0 10 0
0 0 10
0 10 20
0 5 15
1.5684761161312982e-13 -1.1102230246251565e-15 20
0 15 5
0 20 10
0 20 0
0 15 15
1.5684761161312982e-13 20 20
7.0710678100585938 8.0842514038085938 22.928932189941406
7.0710678100585938 -1.5700924582825668e-15 22.928932189941406
10 2.7192621480001314e-31 30
10 10 30
5.043464183807373 14.972110748291016 21.364986419677734
7.0710678100585938 20 22.928932189941406
8.7521095275878906 14.967239379882813 25.16258430480957
10 20 30
10 20 130
20.396385192871094 20 127.03606414794922
10 20 120
30 20 0
35.121055603027344 20 10.381242752075195
40 20 0
80 20 0
84.841514587402344 20 10.33791446685791
90 20 0
17.020814895629883 20 157.05024719238281
10 20 150
7.0710678100585938 20 157.07107543945313
40 20 180
34.331577301025391 20 169.27787780761719
30 20 180
103.3182373046875 20 23.182817459106445
110 20 30
112.92893218994141 20 22.928932189941406
16.6817626953125 20 23.182817459106445
110 20 150
102.70342254638672 20 155.6317138671875
112.92893218994141 20 157.07107543945313
90 20 180
85.277725219726563 20 169.50975036621094
80 20 180
50 20 0
55.019969940185547 20 10.536853790283203
60 20 0
83.314849853515625 20 21.334262847900391
94.0718994140625 20 19.357816696166992
75.139907836914063 20 15.247814178466797
36.756477355957031 20 21.110824584960938
25.9281005859375 20 19.357816696166992
44.598094940185547 20 15.55111026763916
59.109512329101563 20 134.75386047363281
54.8651123046875 20 146.25469970703125
65.768203735351563 20 143.30876159667969
69.844612121582031 20 153.94313049316406
76.59942626953125 20 146.16300964355469
60.475959777832031 20 55.38421630859375
49.351329803466797 20 57.823741912841797
55.197807312011719 20 65.016975402832031
45.116798400878906 20 67.124351501464844
59.593158721923828 20 95.378585815429688
64.688224792480469 20 85
53.832981109619141 20 83.172630310058594
60.093090057373047 20 74.497383117675781
99.68280029296875 20 94.833946228027344
110 20 100
110 20 90
96.22998046875 20 9.3671474456787109
100 20 0
20 20 0
23.768072128295898 20 9.3694038391113281
71.960647583007813 20 119.20616149902344
59.668788909912109 20 115.58224487304688
63.659294128417969 20 124.9503173828125
73.598350524902344 20 131.35621643066406
10 20 100
20.306362152099609 20 95.108871459960938
10 20 90
23.846364974975586 20 170.67063903808594
20 20 180
26.19488525390625 20 161.25543212890625
66.030342102050781 20 10.127077102661133
70 20 0
59.679862976074219 20 20.108983993530273
100 20 180
96.401657104492188 20 170.61959838867188
93.805923461914063 20 161.23941040039063
42.492595672607422 20 146.07733154296875
48.000053405761719 20 153.23756408691406
71.592048645019531 20 57.147674560546875
65.3017578125 20 65.897605895996094
75.219703674316406 20 67.009918212890625
110 20 70
99.904861450195313 20 78.736907958984375
110 20 80
86.979240417480469 20 82.357467651367188
91.277908325195313 20 73.344047546386719
95.217117309570313 20 87.766433715820313
51.765968322753906 20 46.933212280273438
10 20 80
19.959470748901367 20 78.35272216796875
10 20 70
27.886714935302734 20 71.743400573730469
30.796579360961914 20 81.284248352050781
24.606897354125977 20 87.192756652832031
77.02838134765625 20 85.757682800292969
69.780670166015625 20 94.627532958984375
79.491249084472656 20 95.738182067871094
73.087600708007813 20 103.59828948974609
62.667926788330078 20 45.877933502197266
56.854450225830078 20 37.678630828857422
22.807640075683594 20 62.001052856445313
34.054275512695313 20 64.10888671875
49.522918701171875 20 92.047592163085938
42.163906097412109 20 85.3094482421875
40.615058898925781 20 96.179946899414063
53.961334228515625 20 125.95278167724609
50.232063293457031 20 117.83573913574219
70.307151794433594 20 75.671417236328125
110 20 130
101.67650604248047 20 136.25440979003906
110 20 140
97.567474365234375 20 127.73114013671875
92.095954895019531 20 137.06512451171875
49.832469940185547 20 139.10830688476563
37.513168334960938 20 136.82563781738281
44.760704040527344 20 131.23970031738281
79.166664123535156 20 30.833333969116211
73.046516418457031 20 23.802623748779297
68.687301635742188 20 31.099273681640625
50 20 180
43.825798034667969 20 171.95765686035156
43.321678161621094 20 162.42283630371094
51.475730895996094 20 168.08753967285156
30.736423492431641 20 27.651506423950195
40.63336181640625 20 30.394901275634766
89.204177856445313 20 27.739700317382813
17.834114074707031 20 135.5963134765625
10 20 140
27.268255233764648 20 136.4378662109375
6.2132034301757813 20 15
6.2132034301757813 20 165
1.5451274157710082e-13 20 160
0 20 170
113.78679656982422 20 165
120 20 160
120 20 170
120 20 20
120 20 10
113.78679656982422 20 15
102.83149719238281 20 32.486133575439453
110 20 40
10 20 40
17.145954132080078 20 32.457237243652344
75.371055603027344 20 172.17231750488281
70 20 180
66.590805053710938 20 168.40687561035156
74.98675537109375 20 162.94496154785156
84.815902709960938 20 158.908203125
51.576396942138672 20 28.147205352783203
47.650997161865234 20 36.647006988525391
43.4654541015625 20 43.943164825439453
80.845855712890625 20 75.092002868652344
84.262733459472656 20 66.411476135253906
87.245124816894531 20 127.82741546630859
80.770759582519531 20 136.0491943359375
46.236606597900391 20 76.302352905273438
110 20 60
100.89628601074219 20 69.681747436523438
99.661453247070313 20 61.151706695556641
34.53167724609375 20 151.882080078125
30.883941650390625 20 144.61187744140625
33.737167358398438 20 127.80783843994141
10 20 110
18.834438323974609 20 106.15108489990234
29.731363296508789 20 100.18588256835938
101.67720794677734 20 106.51413726806641
110 20 110
90.040267944335938 20 100.80535888671875
32.837604522705078 20 91.001365661621094
18.982929229736328 20 69.403099060058594
10 20 60
34.438056945800781 20 159.95851135253906
77.786224365234375 20 154.05256652832031
84.384109497070313 20 151.72442626953125
37.424903869628906 20 74.159523010253906
87.88189697265625 20 92.282913208007813
110 20 50
102.63698577880859 20 54.792682647705078
98.030097961425781 20 48.533367156982422
73.579208374023438 20 37.184497833251953
82.696083068847656 20 41.258388519287109
72.731590270996094 20 45.413558959960938
101.38159942626953 20 41.036182403564453
95.077705383300781 20 34.494766235351563
10 20 50
18.478858947753906 20 41.131191253662109
22.974082946777344 20 48.124843597412109
24.786983489990234 20 34.321392059326172
17.343284606933594 20 54.634975433349609
15.875411987304688 20 145
104.16026306152344 20 145
97.696937561035156 20 149.16268920898438
57.026287078857422 20 105.76557159423828
65.44036865234375 20 102.17415618896484
45.110973358154297 20 22.984622955322266
32.594379425048828 20 36.264575958251953
44.980983734130859 20 7.0085434913635254
75.073745727539063 20 6.9534120559692383
51.701370239257813 20 19.626758575439453
67.273292541503906 20 110.22544860839844
61.722396850585938 20 152.57627868652344
80.194725036621094 20 51.647193908691406
67.936569213867188 20 18.844148635864258
87.674110412597656 20 35.235641479492188
10 20 180
7.7382674217224121 20 172.91209411621094
0 20 180
14.909815788269043 20 167.72128295898438
112.26173400878906 20 172.91209411621094
120 20 180
110 20 180
105.09018707275391 20 167.72128295898438
120 20 0
112.32395935058594 20 7.0711379051208496
110 20 0
105.31359100341797 20 12.250176429748535
7.6760411262512207 20 7.0711379051208496
10 20 0
14.686407089233398 20 12.250176429748535
58.745967864990234 20 160.54791259765625
50.713115692138672 20 160.40557861328125
60.437332153320313 20 29.702156066894531
88.854743957519531 20 145.1910400390625
101.87801361083984 20 119.63801574707031
110 20 120
96.278182983398438 20 113.74398040771484
72.363662719726563 20 138.09634399414063
12.055463790893555 20 161.6123046875
108.02265930175781 20 18.387228012084961
11.977343559265137 20 18.387228012084961
16.974546432495117 20 86.130867004394531
102.96095275878906 20 86.2674560546875
107.26776885986328 20 161.65553283691406
51.642551422119141 20 111.4371337890625
45.370212554931641 20 105.40224456787109
27.995725631713867 20 118.54976654052734
36.431869506835938 20 119.09121704101563
36.575168609619141 20 111.33623504638672
79.342926025390625 20 59.983333587646484
86.270103454589844 20 57.38189697265625
84.60333251953125 20 113.1356201171875
83.357803344726563 20 120.96601104736328
91.592414855957031 20 118.86811828613281
17.748025894165039 20 118.52471923828125
23.463302612304688 20 113.22383117675781
58.981098175048828 20 172.2569580078125
60 20 180
40.698459625244141 20 154.34881591796875
77.843399047851563 20 125.19879913330078
88.795249938964844 20 49.065105438232422
43.371700286865234 20 122.80527496337891
41.008369445800781 20 59.226177215576172
34.956584930419922 20 55.235332489013672
39.562278747558594 20 38.47308349609375
33.467205047607422 20 45.115760803222656
41.957221984863281 20 51.604385375976563
23.055845260620117 20 27.394153594970703
96.900703430175781 20 27.452247619628906
90.60430908203125 20 109.20088195800781
27.149635314941406 20 54.945331573486328
82.204139709472656 20 105.74061584472656
100.66214752197266 20 163.16421508789063
22.041494369506836 20 141.3438720703125
21.682336807250977 20 148.66728210449219
94.089439392089844 20 55.854907989501953
19.596715927124023 20 163.29010009765625
26.984586715698242 20 153.97126770019531
92.342857360839844 20 153.80709838867188
19.47076416015625 20 16.934040069580078
100.52923583984375 20 16.934040069580078
66.17242431640625 20 38.688972473144531
92.275810241699219 20 41.603908538818359
66.223548889160156 20 160.13417053222656
66.899803161621094 20 134.49310302734375
29.014072418212891 20 108.68952178955078
104.82518005371094 20 5.3226943016052246
15.17471981048584 20 5.3228120803833008
43.937259674072266 20 114.65130615234375
77.081138610839844 20 112.14535522460938
66.86688232421875 20 50.955844879150391
97.781364440917969 20 142.19468688964844
52.575534820556641 20 72.16998291015625
15.303779602050781 20 174.572509765625
104.71429443359375 20 174.56878662109375
37.038639068603516 20 103.29835510253906
51.050910949707031 20 99.744529724121094
16.096403121948242 20 150.43385314941406
52.325939178466797 20 132.78108215332031
26.460300445556641 20 40.991554260253906
65.786239624023438 20 24.934249877929688
54.809329986572266 20 154.60440063476563
92.469520568847656 20 64.637496948242188
14.298469543457031 9.9362249374389648 0
10 0 0
20 0 0
35 10 0
30 0 0
40 0 0
55 10 0
50 0 0
60 0 0
75 10 0
70 0 0
80 0 0
95.138885498046875 10.208333015441895 0
100 0 0
90 0 0
106.02926635742188 9.8536710739135742 0
110 0 0
24.883077621459961 9.9893703460693359 0
45 10 0
65 10 0
85.023147583007813 10.034722328186035 0
7.105553150177002 12.659372329711914 0
113.20796203613281 12.975028991699219 0
120 10 0
120 0 0
113.93369293212891 6.3614411354064941 0
6.2808046340942383 6.5191192626953125 0
20.396385192871094 0 127.03606414794922
10 0 130
10 0 120
35.121055603027344 0 10.381242752075195
84.841514587402344 0 10.33791446685791
10 3.6256827856338852e-31 150
17.020814895629883 0 157.05024719238281
7.0710678100585938 1.5700924582825668e-15 157.07107543945313
40 0 180
30 0 180
34.331577301025391 0 169.27787780761719
110 0 30
103.3182373046875 0 23.182817459106445
112.92893218994141 -1.5700924582825668e-15 22.928932189941406
16.6817626953125 0 23.182817459106445
110 0 150
112.92893218994141 1.5700924582825668e-15 157.07107543945313
102.70342254638672 0 155.6317138671875
90 0 180
80 0 180
85.277725219726563 0 169.50975036621094
55.019969940185547 0 10.536853790283203
83.314849853515625 0 21.334262847900391
94.0718994140625 0 19.357816696166992
75.139907836914063 0 15.247814178466797
25.9281005859375 0 19.357816696166992
36.756477355957031 0 21.110824584960938
44.598094940185547 0 15.55111026763916
54.8651123046875 0 146.25469970703125
59.109512329101563 0 134.75386047363281
65.768203735351563 0 143.30876159667969
76.59942626953125 0 146.16300964355469
69.844612121582031 0 153.94313049316406
55.197807312011719 0 65.016975402832031
49.351329803466797 0 57.823741912841797
60.475959777832031 0 55.38421630859375
45.116798400878906 0 67.124351501464844
53.832981109619141 0 83.172630310058594
64.688224792480469 0 85
59.593158721923828 0 95.378585815429688
60.093090057373047 0 74.497383117675781
99.68280029296875 0 94.833946228027344
110 0 90
110 0 100
96.22998046875 0 9.3671474456787109
23.768072128295898 0 9.3694038391113281
63.659294128417969 0 124.9503173828125
59.668788909912109 0 115.58224487304688
71.960647583007813 0 119.20616149902344
73.598350524902344 0 131.35621643066406
10 0 90
20.306362152099609 0 95.108871459960938
10 0 100
23.846364974975586 0 170.67063903808594
20 0 180
26.19488525390625 0 161.25543212890625
66.030342102050781 0 10.127077102661133
59.679862976074219 0 20.108983993530273
96.401657104492188 0 170.61959838867188
100 0 180
93.805923461914063 0 161.23941040039063
48.000053405761719 0 153.23756408691406
42.492595672607422 0 146.07733154296875
65.3017578125 0 65.897605895996094
71.592048645019531 0 57.147674560546875
75.219703674316406 0 67.009918212890625
99.904861450195313 0 78.736907958984375
110 0 70
110 0 80
91.277908325195313 0 73.344047546386719
86.979240417480469 0 82.357467651367188
95.217117309570313 0 87.766433715820313
51.765968322753906 0 46.933212280273438
10 0 70
19.959470748901367 0 78.35272216796875
10 0 80
30.796579360961914 0 81.284248352050781
27.886714935302734 0 71.743400573730469
24.606897354125977 0 87.192756652832031
69.780670166015625 0 94.627532958984375
77.02838134765625 0 85.757682800292969
79.491249084472656 0 95.738182067871094
73.087600708007813 0 103.59828948974609
62.667926788330078 0 45.877933502197266
56.854450225830078 0 37.678630828857422
34.054275512695313 0 64.10888671875
22.807640075683594 0 62.001052856445313
40.615058898925781 0 96.179946899414063
42.163906097412109 0 85.3094482421875
49.522918701171875 0 92.047592163085938
50.232063293457031 0 117.83573913574219
53.961334228515625 0 125.95278167724609
70.307151794433594 0 75.671417236328125
110 0 130
110 0 140
101.67650604248047 0 136.25440979003906
97.567474365234375 0 127.73114013671875
92.095954895019531 0 137.06512451171875
49.832469940185547 0 139.10830688476563
37.513168334960938 0 136.82563781738281
44.760704040527344 0 131.23970031738281
79.166664123535156 0 30.833333969116211
68.687301635742188 0 31.099273681640625
73.046516418457031 0 23.802623748779297
43.825798034667969 0 171.95765686035156
50 0 180
43.321678161621094 0 162.42283630371094
51.475730895996094 0 168.08753967285156
40.63336181640625 0 30.394901275634766
30.736423492431641 0 27.651506423950195
89.204177856445313 0 27.739700317382813
10 0 140
17.834114074707031 0 135.5963134765625
27.268255233764648 0 136.4378662109375
6.2132034301757813 0 15
1.5451274157710082e-13 1.1102230246251565e-15 160
6.2132034301757813 0 165
0 0 170
120 1.1102230246251565e-15 160
113.78679656982422 0 165
120 0 170
120 -1.1102230246251565e-15 20
113.78679656982422 0 15
120 0 10
110 0 40
102.83149719238281 0 32.486133575439453
10 0 40
17.145954132080078 0 32.457237243652344
70 0 180
75.371055603027344 0 172.17231750488281
66.590805053710938 0 168.40687561035156
74.98675537109375 0 162.94496154785156
84.815902709960938 0 158.908203125
51.576396942138672 0 28.147205352783203
47.650997161865234 0 36.647006988525391
43.4654541015625 0 43.943164825439453
80.845855712890625 0 75.092002868652344
84.262733459472656 0 66.411476135253906
87.245124816894531 0 127.82741546630859
80.770759582519531 0 136.0491943359375
46.236606597900391 0 76.302352905273438
100.89628601074219 0 69.681747436523438
110 0 60
99.661453247070313 0 61.151706695556641
34.53167724609375 0 151.882080078125
30.883941650390625 0 144.61187744140625
33.737167358398438 0 127.80783843994141
18.834438323974609 0 106.15108489990234
10 0 110
29.731363296508789 0 100.18588256835938
110 0 110
101.67720794677734 0 106.51413726806641
90.040267944335938 0 100.80535888671875
32.837604522705078 0 91.001365661621094
10 0 60
18.982929229736328 0 69.403099060058594
34.438056945800781 0 159.95851135253906
84.384109497070313 0 151.72442626953125
77.786224365234375 0 154.05256652832031
37.424903869628906 0 74.159523010253906
87.88189697265625 0 92.282913208007813
102.63698577880859 0 54.792682647705078
110 0 50
98.030097961425781 0 48.533367156982422
82.696083068847656 0 41.258388519287109
73.579208374023438 0 37.184497833251953
72.731590270996094 0 45.413558959960938
101.38159942626953 0 41.036182403564453
95.077705383300781 0 34.494766235351563
18.478858947753906 0 41.131191253662109
10 0 50
22.974082946777344 0 48.124843597412109
24.786983489990234 0 34.321392059326172
17.343284606933594 0 54.634975433349609
15.875411987304688 0 145
104.16026306152344 0 145
97.696937561035156 0 149.16268920898438
57.026287078857422 0 105.76557159423828
65.44036865234375 0 102.17415618896484
45.110973358154297 0 22.984622955322266
32.594379425048828 0 36.264575958251953
44.980983734130859 0 7.0085434913635254
75.073745727539063 0 6.9534120559692383
51.701370239257813 0 19.626758575439453
67.273292541503906 0 110.22544860839844
61.722396850585938 0 152.57627868652344
80.194725036621094 0 51.647193908691406
67.936569213867188 0 18.844148635864258
87.674110412597656 0 35.235641479492188
0 0 180
7.7382674217224121 0 172.91209411621094
10 0 180
14.909815788269043 0 167.72128295898438
120 0 180
112.26173400878906 0 172.91209411621094
110 0 180
105.09018707275391 0 167.72128295898438
112.32395935058594 0 7.0711379051208496
105.31359100341797 0 12.250176429748535
7.6760411262512207 0 7.0711379051208496
14.686407089233398 0 12.250176429748535
50.713115692138672 0 160.40557861328125
58.745967864990234 0 160.54791259765625
60.437332153320313 0 29.702156066894531
88.854743957519531 0 145.1910400390625
110 0 120
101.87801361083984 0 119.63801574707031
96.278182983398438 0 113.74398040771484
72.363662719726563 0 138.09634399414063
12.055463790893555 0 161.6123046875
108.02265930175781 0 18.387228012084961
11.977343559265137 0 18.387228012084961
16.974546432495117 0 86.130867004394531
102.96095275878906 0 86.2674560546875
107.26776885986328 0 161.65553283691406
51.642551422119141 0 111.4371337890625
45.370212554931641 0 105.40224456787109
27.995725631713867 0 118.54976654052734
36.575168609619141 0 111.33623504638672
36.431869506835938 0 119.09121704101563
79.342926025390625 0 59.983333587646484
86.270103454589844 0 57.38189697265625
91.592414855957031 0 118.86811828613281
83.357803344726563 0 120.96601104736328
84.60333251953125 0 113.1356201171875
17.748025894165039 0 118.52471923828125
23.463302612304688 0 113.22383117675781
58.981098175048828 0 172.2569580078125
60 0 180
40.698459625244141 0 154.34881591796875
77.843399047851563 0 125.19879913330078
88.795249938964844 0 49.065105438232422
43.371700286865234 0 122.80527496337891
41.008369445800781 0 59.226177215576172
34.956584930419922 0 55.235332489013672
33.467205047607422 0 45.115760803222656
39.562278747558594 0 38.47308349609375
41.957221984863281 0 51.604385375976563
23.055845260620117 0 27.394153594970703
96.900703430175781 0 27.452247619628906
90.60430908203125 0 109.20088195800781
27.149635314941406 0 54.945331573486328
82.204139709472656 0 105.74061584472656
100.66214752197266 0 163.16421508789063
22.041494369506836 0 141.3438720703125
21.682336807250977 0 148.66728210449219
94.089439392089844 0 55.854907989501953
19.596715927124023 0 163.29010009765625
26.984586715698242 0 153.97126770019531
92.342857360839844 0 153.80709838867188
19.47076416015625 0 16.934040069580078
100.52923583984375 0 16.934040069580078
66.17242431640625 0 38.688972473144531
92.275810241699219 0 41.603908538818359
66.223548889160156 0 160.13417053222656
66.899803161621094 0 134.49310302734375
29.014072418212891 0 108.68952178955078
104.82518005371094 0 5.3226943016052246
15.17471981048584 0 5.3228120803833008
43.937259674072266 0 114.65130615234375
77.081138610839844 0 112.14535522460938
66.86688232421875 0 50.955844879150391
97.781364440917969 0 142.19468688964844
52.575534820556641 0 72.16998291015625
15.303779602050781 0 174.572509765625
104.71429443359375 0 174.56878662109375
37.038639068603516 0 103.29835510253906
51.050910949707031 0 99.744529724121094
16.096403121948242 0 150.43385314941406
52.325939178466797 0 132.78108215332031
26.460300445556641 0 40.991554260253906
65.786239624023438 0 24.934249877929688
54.809329986572266 0 154.60440063476563
92.469520568847656 0 64.637496948242188
10 9.6811227798461914 44.298469543457031
10 10 65
10 10 85
10 10 105
10 9.7916669845581055 125.13888549804688
10 10.146328926086426 136.02926635742188
10 9.9468536376953125 54.883079528808594
10 10 75
10 10 95
10 9.9652776718139648 115.02314758300781
10 12.646091461181641 37.105552673339844
10 7.024970531463623 143.20796203613281
10 10 150
10 13.638558387756348 143.93368530273438
10 6.4654426574707031 36.280803680419922
120 10 10
120 10 20
120 5 15
120 15 5
120 5 5
112.92893218994141 11.915748596191406 22.928932189941406
110 10 30
111.36498260498047 5.0278897285461426 24.956535339355469
115.16258239746094 5.0327610969543457 21.247890472412109
110 9.6811227798461914 44.298469543457031
110 10 65
110 10 85
110 10 105
110 9.7916669845581055 125.13888549804688
110 10.146328926086426 136.02926635742188
110 9.9468536376953125 54.883079528808594
110 10 75
110 10 95
110 9.9652776718139648 115.02314758300781
110 12.646091461181641 37.105552673339844
110 7.024970531463623 143.20796203613281
110 10 150
110 13.638558387756348 143.93368530273438
110 6.4654426574707031 36.280803680419922
112.92893218994141 11.915748596191406 157.07107543945313
120 10 160
114.95653533935547 5.0278897285461426 158.635009765625
111.24789428710938 5.0327610969543457 154.83741760253906
120 15 175
120 10 180
120 10 170
120 15 165
120 5 165
120 5 175
14.298469543457031 9.9362249374389648 180
35 10 180
55 10 180
75 10 180
95.138885498046875 10.208333015441895 180
106.02926635742188 9.8536710739135742 180
24.883077621459961 9.9893703460693359 180
45 10 180
65 10 180
85.023147583007813 10.034722328186035 180
7.105553150177002 12.659372329711914 180
0 10 180
113.20796203613281 12.975028991699219 180
113.93369293212891 6.3614411354064941 180
6.2808046340942383 6.5191192626953125 180
0 15 175
0 10 170
0 15 165
0 10 160
0 5 175
0 5 165
7.0710678100585938 8.0842514038085938 157.07107543945313
5.043464183807373 14.972110748291016 158.635009765625
8.5262126922607422 14.954134941101074 155.22529602050781
23.481736042088901 11.997565812004698 97.470165014530508
93.18532604152972 10.263485472192537 37.096570436613312
105.7050501097452 8.7933506741777716 171.47057614800761
22.604127231664769 9.3354240289430628 155.04311879831366
44.446546500514145 10.100276615009816 126.43257159460117
81.224387083832241 9.4512104520252684 158.84278772703016
51.082284028081702 9.53607950167466 147.90820276148165
74.565700221855977 8.8788417984681214 93.492554695410604
55.363153121814065 13.919892857831297 91.828087045949445
41.18546938703679 10.124130449865151 79.502497264840159
69.488357950427257 6.4340958681237685 35.466320109555703
40.950961745202676 11.278659836599889 108.88951281930083
16.766706625812837 12.268085228854428 59.049751471448189
100.71478024895272 7.1165335206564606 152.21173398628937
97.478306793307851 9.7793404298648774 7.2067967834189037
101.61405019982315 12.630371159644103 141.31839695374626
79.967937841263208 7.1536259338899635 172.77145973396813
37.737758998537196 7.5846473909271284 6.4304970689721674
61.281311351990801 7.7297795945426904 107.63465336632784
72.596667738932183 14.155492487646038 28.536265162417582
65.559214314121405 9.666075072722327 49.726996108559618
72.248840508628433 11.075937423593093 17.318328622024151
18.819735539141725 7.9768515131704021 106.28089184627677
27.101472121815757 13.788990013478116 77.908787194183134
31.120519409706837 10.797232126173075 47.854478306314562
79.62942820379449 6.6799542614821874 104.23135480980223
17.045816076244439 11.507895647916639 42.971652448226905
25.948979520952445 7.9355461900235404 140.10821977757539
36.894540805583112 14.821830199015942 141.88574583886009
17.850475777383011 7.7189995365447182 76.304760677674068
59.788301256439162 13.486902324799216 142.73746794809637
81.010965549726009 12.731127267273671 120.07263512951606
71.892928335087547 14.07736068333352 159.09935074876395
86.668406077507953 12.397659741012072 129.45575931988094
39.078852448584961 7.4426535107483041 161.42076818947473
102.00352945870399 12.304548263847579 93.857197416545645
44.016853225651587 8.1076492528157651 19.95746983630756
51.917517665554314 9.7693647733452078 82.754599857574789
50.645840335527055 4.6560510188489204 52.59928513210447
16.951781224858721 11.619686683068 6.6166341203278112
20.174952516602794 6.8205498076275273 27.267503317885165
41.612877171504003 7.4177318583052205 54.180189871831395
90.569457847590314 13.602146936443782 24.398275983441181
59.737161594937554 8.9650882846780586 120.28006607649655
48.831015030025817 11.41474966541943 28.657900755307125
56.974307392248008 7.7529392984998999 13.146991315743922
88.863592225997635 13.900037072564865 66.186539001299749
86.115236481831403 7.4427354283329219 49.32943193062561
63.35259910109351 9.7691661393017881 84.75249359768695
30.913681062959114 8.5935209526888734 59.077058380160032
72.067755042382743 5.007627096693545 126.82692545527217
39.683376991185114 10.566751128645686 174.7056325438983
47.276829869924143 13.586288965254502 169.62544989410057
32.355701911361756 7.9220099078212272 117.60178373869377
33.122405751410106 8.8405016829529508 29.164145956146992
59.98823286690569 7.224118648373925 166.60031710793092
61.742308959706307 8.1400280909459219 134.79242139686195
100.43130481427602 9.0479310518578284 55.227394443719923
54.08790458834256 14.321225874143266 52.907399018053141
95.450986421527134 7.1607859419053099 116.60001802097807
55.654638145691877 12.552848894157027 66.887314801950538
99.56742115654508 8.1991742263713583 82.69471574711001
44.242355545269461 13.33760548303113 153.80064044212403
76.616727119144301 10.359155050814026 42.026727586314713
99.002668301970715 13.483302766961671 165.59751951347602
89.998557186958166 12.839281602709342 168.12288036484264
105.46300330478557 9.0754221274258153 18.080491859771882
78.90369103127361 10.550656389638339 6.8726434177806706
93.557341506244597 11.827558102227153 89.149270693301233
66.220131291589979 8.2518636576396283 151.50649680545939
57.692311480212389 7.9257159462545017 24.587901060455025
42.700913728811457 13.628213363782898 39.866707216388534
49.782553461726089 11.134388339619525 4.2955933955818422
32.085720204360825 6.6577225863985756 83.817871434305658
106.68389974290713 11.793399776182641 161.83541130359288
90.571980127078007 6.2533105265630358 17.500884929162687
70.1094935587588 11.898164078825545 174.35663534463541
97.427516723344596 11.413128690324259 128.51732112381262
74.517118973731684 7.6226354279797555 142.35962357748915
44.383897993817776 6.8965559520735313 68.825632791491614
77.23626412243209 6.1067164999308261 69.438826620981203
60.259949840905271 12.565300284684717 157.98760307430649
51.074843635923983 12.863681371190902 113.21491766675936
102.86183115481053 5.4403983949398738 37.952476643083095
24.457007599507623 8.100017988501822 166.69906583122312
15.719100509516304 12.939737385105143 126.36895171782639
85.419586882395691 4.3699774884569509 133.49834700093211
103.17322012701595 9.3758556059005311 28.034399288898804
47.3436353004384 7.1803738720761245 101.57660896035527
51.324392395647749 7.1835660769894227 158.440939767347
28.15717768732571 3.7345650475988625 94.47828306533745
86.435245492384738 6.3431823804699325 91.737213546641485
54.934976564361669 8.7235022187289957 38.492568838289841
87.541979489495986 6.8668687155062624 72.150131440119821
37.796081706978619 5.6785746301299387 92.695078518788833
97.34674909346613 14.095356200049483 71.433843535180742
16.548514538928103 6.5566439530969891 139.78860259669469
32.524987276177399 12.10783236122332 167.35111007871274
28.581545323547722 16.099794627344906 173.93910356845515
15.28299623299143 9.9973495338776281 16.327937005391078
23.039102121941706 6.2842760945868896 129.6129212808562
24.660307409614234 14.965908787803759 127.31101411878636
92.606786631473426 14.827790393826547 97.615537775126555
29.188018679661027 12.302206759664394 67.121827058161472
97.440176322226677 4.8059769410293818 136.84390811940179
87.582332762864397 5.8842818154196399 99.873892138349206
62.550817732448095 15.303406659767774 40.673017007504441
63.358421452139204 13.269939108208618 74.532389949309817
38.557369516721501 5.4962335522917671 42.737834840996378
20.033585714258599 13.376710662641052 171.22277186173477
103.19007240229618 10.860963816625603 102.63419333722977
68.816138074222351 12.800968993015623 66.874873453426474
71.364776750210311 10.942344710713527 135.24365371967727
88.626905217249657 6.0329355770604485 9.3429741989798245
90.166523581846491 9.0808115272450483 155.15480311958174
45.762941186085328 13.754157537116175 140.37306227495247
76.968723060663422 12.915947787491426 82.141420809503018
112.47408548974227 7.9934559253378721 13.545028432887833
16.087858528323451 6.5494574996942845 86.126266242004135
33.229492634877033 13.364457899877069 124.89317301750141
98.327897573306146 5.4940074036605724 161.28418471844682
7.6830458714749357 9.2173898183260068 172.65565521761869
106.59689632897202 9.357362237554959 6.4936302853688446
34.122750293139774 13.38387127489883 14.968255344578385
70.201892536670726 16.281548362841363 89.559728503304186
41.515893403503995 7.4704710639829539 145.22380380464762
8.9399570483671109 14.035571191747367 13.426419278004891
71.373437541579904 4.9367714701658683 165.52077699899979
74.928436903873205 4.925286206072979 58.520703578212135
8.1385947883575724 6.7522718501038481 10.27258340597648
29.88482611564427 13.328235773813709 158.96012299446701
87.644435688195372 13.561313209823414 140.97588867842174
11.671872028283591 8.2057912763467424 161.31085542821327
95.125543565353098 4.8474981270673316 175.4937200007071
82.719510982417489 12.033033606047884 34.072510647826093
84.606421272718848 7.3513522230844286 111.49910680262201
22.592862452903777 14.440085993896936 52.395777126394989
83.361264531865757 11.852227573211312 149.2292007874272
77.316087434500815 12.664398602927232 62.526887130174835
99.334440246372878 9.0672438493780945 46.248036336160744
88.612569719994156 15.714654445398965 13.729328977150793
67.450121343675093 14.94425855102393 5.1580383886952959
39.536032060499686 14.508300835214609 93.833139364891906
32.556829695310626 5.4456526091823987 14.524134593329869
49.596837423718824 9.7669448648458346 135.09572652211151
83.395026301283266 9.5371072168961799 15.012814233922681
57.962637038858055 14.193271238472169 3.784961043070171
23.227391834469259 4.8216039124597367 69.083569227939634
92.685916951754251 8.1107672198015592 143.18731224853065
57.967030388262387 3.7964387303448319 5.1796484537274221
28.006457746755267 5.3228394903236165 36.831505710808386
65.586397274270212 8.7138910838731025 25.904989510997925
24.557524471819399 9.2162932757016147 17.13472166472544
17.739717011423188 13.504490236881356 113.50658131191736
74.818740748787562 15.075584463688212 107.97751493014738
59.081173884355749 4.9439491148521775 67.795589976325573
78.071475520651319 15.792883886415044 70.853492126417763
70.29504138758378 6.1873715345445328 101.3932778018186
52.135609281505545 5.20486723386243 129.33966076519721
37.338344423219851 7.0103280018149672 64.129915634634642
27.684683546409033 4.9982371374511363 4.3560065736951028
32.303726345423115 14.736251625450844 101.25737776114283
67.717242851849377 4.3973652359211721 174.22043042128212
46.309060913418392 15.824515953959139 100.83061935113058
21.732245507062316 6.9598047032480101 114.84876893226769
19.957020692253895 5.6728228772983931 174.56657680191188
106.00559292191878 16.743059670119745 45.205738290976093
27.671740465373649 6.2187031231227197 106.84133672462838
54.751957844657973 16.168473848081632 15.75422773040213
35.659495022788803 6.014513118344837 73.163616659255567
86.138250790022468 7.7695091918157635 61.013772650934065
30.189926403506774 4.2004007578076568 125.09842374846365
94.749218046071917 4.4557497268329698 76.029419834868079
16.642746294455861 14.924364014447912 163.06925339389221
32.357726877137331 13.641383752420838 108.75411041761153
75.293756149212271 4.6574403969414577 50.691899751870515
49.211941992867075 14.184988510187203 61.433197289054142
67.894001392782755 7.3511343088055074 8.2483845808225524
97.135069906740171 11.511117312444648 62.304772729313527
22.346984381969534 14.150661698572899 146.14894854231525
94.449225210164968 15.931660859915826 107.23289499515904
58.070282700019327 15.130296931516069 166.45755115521177
40.348203486454025 13.946186285085686 25.158292275608943
87.531888976549595 15.505485693174371 3.2078074567607278
33.993365242237452 7.2858742417482114 134.04391516400054
98.320864509414577 15.923611479427585 175.45308213634942
28.839615200615992 12.543986439793429 38.276674323413914
63.66049502681674 14.125784484762676 14.864855973624596
73.563487243557191 5.352557021612502 116.93989200606525
66.193043805845264 14.555663116636186 99.639512445324968
23.460349817632629 14.768203067783498 109.06602293163873
53.124097819858449 13.702124576862055 74.749288686801464
8.6149722143238137 14.144702165921153 166.96950903706804
78.358821227787161 11.689849601400246 54.776888936561193
14.154336096837508 14.363422236567022 96.138336000199928
63.200845677503587 5.6657982363025479 74.244466457068725
76.711000374212361 4.1445105833955562 134.51310500421823
13.845300483361481 4.5737775615478862 47.623459245132622
83.362921256305441 4.8469877349480237 145.58066976516741
114.35747774586982 14.681583744582062 170.33089110672933
56.315711154693432 7.5237544698141603 174.21203308625249
63.130799212134932 14.655515015164909 22.01524748950693
15.017606176047231 4.2302518568284073 129.16153655076749
95.637262926927775 15.884650120322659 122.32386940125849
86.712730904960281 15.977613444649149 53.074987857650314
86.703858814227871 15.296599678241957 76.088704573686542
52.45160985362714 15.241709594000792 121.00874687733598
38.18107071291363 15.288790387270597 70.736839867863409
81.271594629367442 11.915189390026308 22.007170334362495
104.11232729126378 16.391035721647576 61.702687941840153
22.712131842860366 14.422932404734382 24.147440322573168
15.649215444254221 6.0438295230220653 95.008184912379591
63.694155451501082 14.041881746287469 58.107239922758616
106.42156960902555 3.7176576516419728 44.658858445152596
24.510915375902659 14.049947117207299 11.702392022416035
56.425794737490662 16.785636509741536 130.05091188575989
79.626894877196648 14.358419256686531 98.128072611658652
31.320826248585433 14.299669213547702 3.9988225686194143
82.500654584458175 5.7434897091347539 85.032392487740012
37.356499032107031 13.351306712509242 58.944593218506647
100.40561525809974 4.7553120455713795 125.74458118569184
61.740912432376305 3.2434450919502842 145.89344124929707
16.844285356182375 14.012906991262092 87.463174904768621
16.273223276395228 5.3541831244179647 147.57215007677615
39.396414503510933 16.675862893874758 159.50313897970909
106.36633221083078 4.9479781308149429 94.876341958056912
42.66268105234564 6.762838953044028 34.570511243135257
47.622286257151089 5.1523203018567818 40.427905880368684
81.554323275448638 14.819463013590097 90.711915736429944
74.522903163206408 15.216183033076938 143.20405070112429
101.1739255584808 4.9811795658601756 66.970325478583774
60.340869040975136 4.009680371916863 40.584266084604792
83.092387587595582 15.507229970004371 109.33850124743714
77.711743564821404 12.64050195016573 131.0020825501621
17.720035817656715 13.851236014062607 34.546687429974327
23.709749342784686 10.230161225746825 88.338484311093481
15.844948101708718 13.46871050142679 149.58077478229106
82.050189028839426 5.1989441519986119 36.74534592847489
104.90859178245003 16.223938579075082 132.7589921138277
45.373347889518342 7.2346330014349274 88.669179902103068
59.77432397735766 4.7407729845566005 156.10477323673788
112.68678331135321 14.868561814870496 16.900360879929064
83.393435441948355 6.6263419268002171 27.597001541624859
67.172304045864308 4.0226625878057201 62.005653097258381
55.479981425030743 4.526612484877643 99.632195816735518
16.133710925637423 16.609664326890226 80.870832752023375
16.778365730586007 8.0539061303277357 67.662347260401475
104.62655300764473 16.020644144511305 150.50513419344205
37.630228420750136 15.62891835402268 50.303082814107647
46.96217211726772 6.7671345869809265 117.29661218574707
18.526421250646578 5.9632685130683738 121.69377267102139
67.970434364757082 13.297472496917241 144.89220739778523
106.17068936465662 12.786984504544279 79.538081944765324
51.919918981949294 3.6273505207725361 76.689534218571225
31.072190567106222 5.0076981584019018 169.07087819674442
74.318799056009496 3.9241091605994951 27.693099311353173
33.119974929348537 8.819269099282538 21.130624496575905
74.323913096537723 5.8411753693924497 76.623643289685361
6.1712726149638462 5.2782734600711043 166.7354545005756
61.93454411430605 14.957337557887618 114.99814643740527
94.290893737054773 13.864747838986855 147.41940636452776
12.941101749493971 10.271132854284014 24.595241644299673
97.480578424153492 15.593401035640465 14.696674039082765
90.275642935563397 13.88700496085988 118.3586191697302
62.901924101898047 5.2378169118992126 94.708502627250354
81.664594201444146 16.63011916807141 16.109377371392906
67.761487107581416 15.621801944831269 35.507652017278076
37.798032499306089 11.316853709045102 87.462065170537159
98.325786595059611 14.905334241367434 156.48955584986311
32.045677058056505 7.4923991929041938 153.79124429244402
106.29033180777219 5.6352720973845809 75.201090692638076
58.475870218328929 14.890217366321028 31.271156194659245
49.346611294666161 3.3571989164131266 173.82707627688993
88.028769309322129 6.1703269410867314 118.88690508103025
45.700760957341615 9.7599710694281576 46.434015207889644
50.890760979457603 12.587540575782963 20.55877521183368
29.887492979543644 5.4028475484827903 159.93213799251109
31.302280679344676 15.917577563979355 56.084533852896051
82.210028171297083 14.233367652884727 168.11100194334227
16.60328743167663 12.652034826782236 134.03434986583406
13.283749163115752 13.394068004967501 50.476947204097726
33.188703379683503 15.057055894948974 23.163881798825312
90.274890826868244 11.303325848027455 110.09122961813372
103.1730729271773 14.226138564060113 34.114765785959072
51.761327983992977 5.0715229181339332 68.006561368106631
37.692593842046861 4.6582732050035141 122.20260795258234
93.276651208983694 4.8322631835022634 28.671487745381778
84.790218408456994 14.685183947634847 44.984015249056235
71.123279217642647 15.936118342666626 53.341386726883712
106.47252822682481 16.006557947983854 121.89959294649185
88.453843992883463 16.033360223936988 155.29837831607642
47.258380206685288 13.793258750258191 70.606776797666711
93.77097710781895 5.57870933796573 64.37713250686069
103.9388619465428 9.7709610320213365 120.21056451414631
40.118324402518823 13.299851499566058 119.48676094666305
32.726333073610249 4.5700330070371731 101.27451134456653
106.03639751955134 6.4055570643922835 87.611092825853035
41.515349657824238 4.8815598127335207 137.58646403896003
19.1277489520564 3.2587238363582243 11.278491856169545
54.698444383107656 15.258000042089311 44.678265472358319
72.838647001089029 13.653722102706141 117.46884322476195
102.4953745653778 14.879119446908554 112.3336685738177
15.835854808877862 3.6302868029115394 38.011302594992713
28.580867930232515 7.4216103010567629 174.85220345554805
82.282830380455238 2.9467195555061401 5.7212426051475793
53.090718324622095 15.16049749651455 101.2877829673252
13.669725799013316 4.5045817751933281 62.120651901137968
41.041751958167978 16.457712344063513 12.460567116480274
70.293680643295232 6.9073438923772468 108.8188451430285
88.017885097055085 15.359009253448741 175.45847209746555
53.125588531057261 4.8086006373466024 117.88970242770333
4.8963082859359792 11.899974111381693 6.1489699017909532
99.465868498280301 14.225915931784115 21.082748222868048
68.810365979905569 5.5198408203466069 70.241491355201063
60.494452059201862 5.9564907564129985 127.54049207871867
39.48749792866893 7.7759381295893872 100.97790522821144
73.721277668742104 4.8315249861628029 157.07419611797425
27.639938057709532 5.1936470557065588 147.74790590484133
56.311955819444961 14.822596992334853 174.57645286465254
64.73996847054454 6.1726158659669537 19.461104362082189
36.89642990021602 15.055246412235251 132.1441053393911
28.983379642632187 15.048051437871111 31.329803267316858
87.997673056743466 8.0195183334482323 175.03955688247828
47.2803674195535 5.165401911444861 167.74252452038729
90.003759979287722 3.4521328469578911 168.62123240350238
91.685258357909277 4.1525936032281505 105.37920699781291
17.853583681081354 16.078387061030728 73.852854058700359
81.188499313381783 3.1541743462681593 116.98552935356355
71.378757517838423 15.577435157888178 167.90525598603051
93.562867161933099 4.9503128987308642 94.418963444585032
48.067955602924677 13.254999345063169 14.620561552180726
21.821341034955061 15.179783201968633 138.4739214757335
65.885426558831384 4.4432150240930657 114.15542493858332
91.44795141806398 11.791681178249341 80.956548188394223
54.935353014409529 5.6810330265679756 45.688364302243386
114.99617189702253 6.4569821492063282 163.77806062427896
13.45302408594053 15.905306121895997 66.586896967491938
83.39074348054227 15.705465900994065 28.114101645501236
22.229105286085609 16.770998608710734 38.876657438982363
48.743957407144251 4.7760431780522561 109.4347476881039
15.452538650913361 15.856169209726088 140.74491630090719
102.62543169954387 4.3535004413881655 110.22160670877561
42.386700753119484 13.798417722187981 65.075139988005944
57.012941313395785 5.3094685456201507 91.762364028359883
107.34529612069619 4.3904923274870251 116.45856755219631
96.548109598280377 8.3429353788829346 23.842430006770112
36.727577471230802 13.265640972096797 149.75590655475045
104.79271254893538 7.3979160601127925 61.96876872833252
103.064161296186 7.7357968387289393 132.78695163409247
40.766083303890973 7.446266179045173 28.25650029813653
38.981731176042103 7.0212830595497255 152.62094062732407
88.44982634421369 3.5718808161726812 151.23795141960591
14.567338634250602 9.9110696621662573 167.89329481593242
78.640810067267097 3.8957552481205635 20.704893595428878
99.92749591535987 4.9692413821806127 99.885427956701278
12.869751846112081 5.8203730368517483 3.3736776579661254
66.913009025164584 14.912487416852809 108.39403064155768
27.771470297198462 2.663080240225034 47.337244172675184
14.695785090588394 5.5545170071227732 155.30487172323268
32.079164862906836 14.445858911766102 89.620087881355502
58.130224551630818 14.992620139948382 81.532411315506181
53.478445661150303 4.6174137546988829 139.61623085828046
26.547905785843614 4.9604300346646522 22.789631466044924
99.165657495816063 15.446650397836548 43.33670193252464
99.914520453125022 16.230895910796058 52.154029749801822
45.275079857236847 5.0836469605121577 61.466032462331164
62.433056415118386 13.734603427070436 127.38609941471384
48.10235708043588 17.27403687044912 146.34740830933652
107.33928303068249 15.925631486669717 22.809550119537978
48.334253018673706 3.5544174894133964 9.8272571884125046
72.065153374951961 15.235836609329978 129.28028346873336
33.580590743539503 15.743401648606737 116.49809570220251

CELLS 4320 21600
4   762  291  691  974
4    79   78   80  874
4   104  608  184 1016
4   545  407  408  798
4   593  381  556 1007
4   193  699  814  743
4   380  723  698  990
4   182   79 1039  680
4   108  110  804  908
4   750  725  881  999
4   243  282   38  779
4   242   37 1048  921
4    21  140  959  781
4   270  137 1001  890
4   582  350  693  800
4     3  532    1  809
4   547  529  754  800
4   119   75   76  886
4   185  904  777  810
4    52  137  270  890
4   504 1037  706  816
4   249  175   21  781
4   884 1044  737  819
4   122  125  969  918
4   791  892  818  808
4   753 1039  770  774
4   570  367  718  721
4   211   50   84  821
4   145  144  146  673
4   205   40  281  948
4   306  290   72  231
4   227  289  328  802
4   138  734 1001  862
4   544  447   13   12
4   347   13   14  941
4    18  243  779  806
4   201  270 1001  914
4   208  162  724  955
4   156  270  914  890
4   197  196 1043  963
4   378  591  533  978
4   466  441  467  906
4   718  721  856  738
4   447    6   13   12
4   518  363  361  901
4    56  287  931  710
4   391  813  682  744
4   701  699  831  935
4   466  441  906 1029
4     0    3  332    1
4   799  733  965  851
4   121   93  791  787
4   270  201  156  914
4   323   73  719  894
4   570  468  788  954
4   232  779  719  894
4   324   45   25  210
4   354  314  313  829
4   740   66  871  787
4   336  840  823  697
4   232  779  806  719
4   103  925 1006  703
4    51  862  803  987
4  1017  888  722  922
4   413  469  425  937
4   265   60   62  856
4   119   76  895 1046
4   459  502  982  877
4   438  663  658  952
4   188  117  106  689
4   409  410  753  849
4   788  570  954  721
4   779  809  806  719
4   245   97  633  932
4   897   24  697  987
4   883  167  713  757
4   268  266  957  928
4   218  656  296   82
4   870  177  680  702
4   925  709 1006  703
4   379  381  380 1012
4   209  138  734 1001
4   347  544   13   12
4    40  754  948  927
4   683  277  859  916
4    60  101   59  738
4   424  723  990  994
4   717   65 1040  871
4   202  273  114  816
4   609  615  798  902
4   266  115  273  957
4   214  710  749  761
4   739  953  883  943
4   567  570  568  721
4   823  897  894  803
4   447    6   12    5
4  1049  354  829  725
4   312  313  314  829
4   282   52   38  890
4   862   53  716  987
4   225  297   88  865
4   781  799  780  851
4   706  866 1018  704
4   634 1021  981  790
4   691  974  733  965
4     3  532  332    1
4   691  592  929  965
4   323   72   73  897
4   581  578  683  997
4    32  657  778  731
4   250  291  264  974
4   957  268  928  704
4    19   18   38  156
4   583  533  544  779
4   732  234  861  769
4   526  453  527  655
4   434  498  917  935
4   865  660  813  682
4   566  567  839  721
4   660  865  745  989
4   603  505  502  830
4    78  177  176  610
4    50   48  131  945
4   672  673  872  938
4   258  249  870 1051
4   174 1026  859  997
4   497  498  743  917
4   646  754 1015  879
4   667  220  666  671
4   431  602  824 1041
4   291  251  691  974
4   183  104 1016 1006
4    83  853  810  764
4    78  177  610  874
4   580  388  683  764
4   973  640 1021  981
4   133  663   32  134
4   624  456  455  797
4   166  818  726  836
4   347  583  779  720
4   729  957  899  704
4   445  444  776  882
4   912  815  711  980
4   734  209  866  751
4   281  940  948  970
4   121  108  804  796
4   282  243  232  779
4   354  313 1049  829
4   914  982  830  706
4   177  176  610  833
4   332    1  809  991
4   789  662  845  983
4   176  177  257  833
4   369  366 1045  964
4   951  536  831  690
4   587  712  807  996
4   421  919  689  947
4    87   42   88  865
4   300   29  679  916
4   977  431 1041  805
4   753  421  689  947
4    98  908 1013  748
4   866  788  751  704
4   954  788  721  928
4   367  566 1045  721
4   729  114  957  816
4   735  861  756 1008
4   267  268  866  751
4    62   61  295  971
4   142 1000  708  864
4    62  295  169  971
4     0    3  532  332
4   814  743  690  917
4   477  489 1030  949
4    72   23   73  897
4   804  687  944  728
4   226  625  328  329
4   117  182 1039  947
4   107   79  915  680
4   820  793  694  755
4   139  217 1017  681
4    71  321  289  694
4    20   21  140  765
4    46   53 1010  848
4   406  608  926  986
4   672  872  801  938
4   176  616  610  833
4   833  249  781  844
4   578  683  997  903
4   384  411  798  915
4   568  567  721  704
4   835  791  993  923
4   290  306   72  719
4   171   95  632  889
4   624  630  455  454
4   815  593  868  705
4   261   90  742 1026
4   699  814  743  690
4    40   89  281  948
4   107  106  182 1039
4    68  180  179  634
4   351  352  665 1002
4   240   56  287  931
4   930  257  765  781
4     4    1   10  806
4   388  580  386  764
4   617   19  155  156
4   196  154  846  963
4  1022  759  856  971
4   371  370 1023  728
4   502  504 1037  706
4   734  209 1001  866
4   759  492  849  839
4   488  407  827  709
4   721  729  899  704
4    61   59  892  738
4   619  338  903 1038
4   799  684  864  965
4   794  800  948  744
4   256  167  255  943
4   710  686  749  761
4   772  536  750  951
4   171   95  638  632
4   140  959 1011 1020
4   611  765  959  882
4   573  575  815 1005
4    13  347   12  941
4    78   79  177  874
4   428  429  430  784
4   180  237  179  981
4   824  602  838 1041
4    14  460  347  720
4    18   38  156  941
4   870  702  847  844
4   827  410  849  703
4    90  261  173 1026
4   536  604  750  831
4   276  140 1011 1020
4   668  669  682  879
4   589  551  599  975
4   853  872  812 1032
4   649  646  643  754
4    22  611  616  765
4   655  669  651  668
4   651  668  223  650
4   839  887  899  783
4   933  964  971  871
4   892  293  968  700
4   754  225  682  879
4   178  870  680  841
4   832  936  803  961
4   843  691  995  768
4    61   59   93  892
4   925  709  915  902
4   501  681  763  966
4    29   83  279  853
4   460   14  621   15
4   932  775  950  741
4   327  332 1035  991
4   157  696  756  958
4   512  359 1029  716
4   506  504  877  816
4    65  717 1040  688
4   827  926 1006  783
4   873  215  884  967
4   310  309  840  697
4   847  854  844  733
4   364  472  758  878
4   372 1023  924  944
4   887  759  971  689
4   982  505  720  830
4   117  116  118  822
4   442  734 1042  830
4   227  229  802  921
4   800  391  682  744
4   331  328  622  626
4   150  622  623  921
4  1035  306  991  719
4   228  226  227  328
4   407  411  753  915
4   713  953  943  757
4   788  954  751  928
4   307    0  532  332
4    22  176  257  833
4   376  374 1034  905
4    28   26  326  863
4   955   86  951  881
4   252  253  873  884
4   504  502  877  706
4   832  583 1042  720
4   568  570  788  721
4   520  389  999  857
4    14   15  720  941
4   406  488  487  986
4   798  915  902  891
4    44  665  696  989
4   456  530  626  330
4   267  209  734  751
4   536  466  772  750
4    12    4   16  806
4   827  418  729  783
4   283  242 1048  992
4   992  271  722 1025
4   427  428  642 1028
4    54  824  895  710
4   687  412  837  944
4   502  505  982  830
4   985  698  924  869
4   247  206  762  985
4    65   66 1040  871
4   295   65  169  871
4   170  632   95  889
4   266  957  928  899
4    26  211   85  315
4    60   61  856  738
4   424  379  380  723
4   406  488  926  709
4   308  323 1035  719
4   679  677  619 1038
4   184  613  960  692
4   975  841  995  774
4    18   16  243  806
4   106  753  689  947
4   325  312  829  826
4   544  347  779  941
4    65  116  717  688
4   693  582  800  794
4   480  384  702  847
4   407  410  488  827
4   311  514  324  697
4   802  942  694  746
4   225  754  682  744
4   218  666  219  296
4   649  648  646  754
4   596  373  366  835
4   427  642  636 1028
4    24  210   53  987
4   270  137  201 1001
4   533  447  544  809
4   272  256  254  943
4   616  610  833  702
4   578  339  581  683
4   336  310  840  697
4   766  563  913  713
4   248  247  762  985
4    91   90   55 1047
4   566  367  570  721
4   332    0    1    2
4   954  907  772 1014
4   643  649  754  693
4   988  815  705  834
4   466  724  750  955
4   114  926 1016  692
4   686  920  749  761
4   129  301  127  824
4    20  612  611  765
4   110  189  896  908
4  1037  830  706  866
4   933  473  717  689
4   698  723 1012  939
4   466  390  516  750
4   513  788  734  830
4   323  309  897  840
4   114  729  957  783
4   614  406  926  709
4   481  335  558  616
4   437  731  952 1003
4   926  488  827  709
4   214   56  931  710
4   192  263 1043  819
4   280   83   29  683
4   597  525 1032  845
4   395  431  977  805
4    84  216  867  701
4   429  428 1028  784
4    50  131  701  888
4    24   52   73  894
4   969  125  883  757
4    33  135  134  732
4   473  933  964  759
4   892  700  808  923
4   492  473  759  849
4   333  550  558  930
4   506  574  816  692
4  1023  688  768  924
4   553  519  873  850
4   735  920  769  761
4   118  298  178  841
4   384  480  702  891
4    51   52  803  961
4   629  630  346  543
4   469  898  773  937
4   388  489  581  956
4    16  243  143   17
4   818  873  850  808
4   126  828  784  695
4   560  440  952  880
4    21  175  142  781
4   853  221  872 1032
4   143   16   10  806
4   992  722  755 1025
4   295  169  971  871
4   274  181  912  896
4   565  684  929  965
4   499  585  700  690
4   663  658  952  880
4   478  432  977  805
4   597  656  387  845
4   718  368  738  740
4   982  607  877  706
4   232  282  779  894
4    20  141  612  959
4   521  586  681  917
4   831  699  690  935
4   593  415  988  705
4   781  142 1011  707
4   359  336  358  823
4   459  607  503  877
4   860  179  981  790
4   809 1035  991  719
4   208   51   53  862
4   772  163  751  979
4   120   75  886  762
4   177  258  833  870
4    66  295  740  871
4   687  413  796  898
4    15   19  914  941
4   406  614  408  709
4    52  282  832  890
4   122  237  238  969
4   515  357  747  857
4    83  279  853  764
4   277  276  174  859
4   525  523  801  938
4   612  611  765  959
4   530  456  626  797
4   633  375  639  976
4   608  614  926 1016
4     4    5    1  806
4   516  360  512  716
4    25  897  697  987
4   443  356  755  966
4   473  759  849  689
4   137   52   51  961
4   359 1029  716  936
4   478  446  707  864
4   368  366  396  835
4   512  466  516  716
4   832  823  894  803
4   954  269  721  738
4    25   24   23  897
4   368  892  738  740
4   113  235  284  951
4   271  992  767 1025
4   788  954  907  751
4   137  209  201 1001
4   323  306 1035  719
4   432  433  864  977
4   529  452  547 1015
4   378  533  583  978
4   637  737  819  893
4   914  720  941  890
4   788  734  830  866
4   716  697  803  987
4   656  666  296  801
4   480  384  385  891
4   696  685  807  958
4   580  683  812  764
4   868  815  834  980
4   603 1037  830  706
4   133  259  260  998
4    96  171   95  932
4     2  332  327  991
4   619  618  916  903
4     3    6  447    5
4   193  132  699  946
4   227  229  289  802
4   690  814  917  935
4   404  374  546  976
4   303  951  881  831
4   660  351 1002  813
4   779  832  978  894
4  1039  178  680  841
4   414  687  705  896
4   712  685  807  996
4   725  829  752  826
4   248  298  843  691
4   734 1001 1042  720
4   143    8  230  806
4   638  633   97  932
4   191  172  278 1044
4     1  809  991  806
4   188  105  887  703
4   841  822  995  774
4   779  978  719  894
4   221  279  789  853
4   347  571 1042  720
4   533  978 1035  809
4   414  575  785  705
4   709  614  925 1006
4   759  964  856  971
4  1035  332  809  991
4   248  843  762  691
4   675  670  523  801
4   843  688  985  768
4    46   45   47  826
4  1011  959  707  776
4    16    4   11   10
4   700  786  690  911
4   186  187  161  970
4   699  193  946  743
4   366  369  596  964
4  1048   35  992  767
4   435  536  585  690
4   566  369  367 1045
4   126  294  828  695
4   488  419  487  986
4   169  188  887  689
4   429  555  953  900
4   862  724  716  955
4   512  360  359  716
4   751  788  928  704
4   202  184  960  692
4    93   61  892  740
4   752  697 1010  987
4   724  466  906 1029
4   809  991  806  719
4   945  820  888  825
4   412  511  837  944
4   779   38  941  890
4   798  407  709  915
4   306  327  290  231
4   699  881  701  831
4   140  141  959 1020
4   551  854  847  733
4    42   43   88  989
4   772  536  951  911
4   306  327 1035  991
4   106  117 1039  947
4   468  405  954  718
4    61   60   59  738
4   698  206  762  939
4   138  862  906 1029
4    16   12  779  941
4   178  288  870  841
4   306  327  991  719
4   164  163  101  979
4   788  721  928  704
4   862  716  803  987
4    48   27  820  945
4   897  823  697  803
4   862  724  906 1029
4   716   53 1010  987
4   718  367 1045  721
4     1    5  809  806
4   617   19  156  914
4   592  691  929 1019
4   112  101  979  738
4   832  378  840  823
4    15  914  720  941
4   353  685  696 1004
4   954  570  718  721
4   839  849  887  783
4   503  487  506  613
4   239  272  962  943
4   760  469  773  937
4   360  516 1049  716
4   347  544   12  941
4  1001  914  866 1018
4   574  506  419  692
4   720  779  941  890
4   724  138  862  906
4   410  418  419  827
4    38  914  941  890
4   206  247  762  939
4   583  832  779  720
4   614  609  709  925
4   858  171  775  889
4   724  516  716  955
4   155  617  199  706
4   840  897  823  697
4   171  632  775  889
4  1042  832  720  890
4  1001 1042  720  890
4   733  552  965  851
4   887  115  899  783
4   734  862  936  961
4   466  516  724  955
4   378  832  840  978
4   208  162  138  724
4   308  378  840  978
4   832  282  779  890
4   475  400 1027  910
4   175  250  264  799
4   762  886  974  929
4   420  486  975  774
4  1006  105  703  783
4   906  734  866  751
4  1001  734 1042  890
4   583  533  779  978
4   724  906  772  751
4   315  515  747  857
4   411  407  798  915
4   137  138 1001  862
4   492  369  418  839
4   888  820  722  825
4   620   30  619  916
4   532  591 1035  809
4   243  143  232  806
4   418  419  827  729
4   492  409  753  849
4   308  591  978 1035
4     6   12    5    4
4   662   34  657  778
4   691  974 1051  733
4   591  533 1035  809
4   410  753  849  703
4   734  936  890  961
4   666  218  656  296
4   781  799 1000  864
4    54  301  119  895
4   216  131  881  701
4   324   45  210  752
4   198  202  184  960
4    13   12   14  941
4   582  537  490 1031
4    82   34  662  778
4   691  975  854  995
4   516  466  724  716
4    18   16  779  941
4   611  930  765  882
4   734  788  906  866
4   250  175  249  799
4   502  982  877  706
4   473  919  717  689
4   753  492  849  689
4   583  347 1042  720
4   978  840  719  894
4    24   51  803  987
4   586  497  727  917
4   314  354  389  829
4     7  327  230  991
4     7    8  230    9
4   904  173 1026  810
4   327  290  231  230
4   512  466  724 1029
4   814  967  743  917
4   954  772  751  979
4   699 1017  814  922
4   138  208  724  862
4   467  466  724  772
4   405  417  907 1014
4    46   47   84  826
4   106  188  689  703
4   212  208   53  955
4   313  311  514  324
4    24  897  697  803
4   967  814  681  917
4   302  199  201 1018
4   814 1017  681  722
4   309   25   23  897
4   258  249  257  833
4   213  834  980 1036
4   907  724  906  772
4   208  138   51  862
4   729  827  783  692
4   138  137   51  961
4   936  832  890  961
4   724  467  907  906
4   208  724  862  955
4   867  821  701  857
4   637  494  475 1027
4   510  548  698 1019
4   460   15  982  720
4    47  312  325  826
4   368  405  718 1014
4   338  601  903 1038
4   298  118  822  841
4   887  849  703  783
4    53  212  955 1010
4   441  513  569  906
4   504  574 1037  816
4   359  442  441 1029
4   163  724  772  751
4   867  216  881  701
4    24   73  897  894
4   721  265  899  856
4   162  163  138  724
4   308  310  323  840
4   132  235  951  946
4   516  466  750  955
4   202  114  184  692
4   299  116  688  985
4   302  201  866 1018
4   378  336  840  823
4   571 1042  720  830
4   359  734 1029  936
4   724  512 1029  716
4   513  441  734  906
4   829  312  752  826
4  1049  725  752 1010
4   906  907  772  751
4     8  143   10  806
4   358  832 1042  823
4   410  827  709  703
4   607  613  877  960
4    20  140  141  959
4    19   18   17   38
4   441  734  906 1029
4   832  583  779  978
4  1042  359  823  936
4   697  716 1010  987
4   779  347  720  941
4   441  569  467  906
4   323  310  309  840
4   359  441  512 1029
4   933  835  964  871
4   549  592  548 1019
4   734  442 1042  936
4   552  551  733  965
4   840  308  978  719
4   725  516  750  955
4   405  954  718 1014
4   325  312  314  829
4   156   38  914  941
4   617  155  199  914
4   798  709  925  902
4   137 1001  890  961
4   706  877  816  960
4   378  336  310  840
4   201  199  156 1018
4   487  506  613  986
4    52  832  894  803
4   200  706  816  960
4     2    7  327    9
4   414  687  771  898
4   231  327  230    9
4   955  725 1010  848
4    16   18  243   17
4   448  677  449  340
4   810  777  764  956
4   544   12  779  809
4    82   81   34  778
4   975  680  770  847
4   373  596  933  835
4   327    7  230    9
4   143   16   11   10
4   309   25  897  697
4   143   11    8   10
4   410  827  849  783
4   312  313  829  752
4   163  113  101  979
4   142  708  707  864
4   633  932  950  976
4   721 1045 1022  899
4   419  488  926  986
4    20  612  765  959
4   129  264  684 1000
4  1037  568  830  704
4   608  926  986  692
4    61  856  738  740
4   421  473  919  717
4    16  143   11   17
4   137  138  209 1001
4   548  380  698  990
4   609  798  709  925
4   544  447   12  809
4   269  164  101  954
4   829 1049  725  752
4    60  269  721  856
4   596  369  473  759
4   619  618  620  916
4   569  788  907  906
4   273  200  704  816
4   101  113  112  979
4   765  959  882  780
4   138  734  862 1029
4    98   99 1013  885
4   487  608  406  986
4   323  309   23  897
4    96  100 1013  741
4   469  413  898  937
4   724  750  955  951
4   602  433  824  838
4   505  571  720  830
4   351  353 1002 1004
4   610  615   78  874
4    22   20  611  765
4    18  243   17   38
4   862  724 1029  716
4   488  419  926  827
4   767  681 1025  966
4   779  978  809  719
4    23   24   73  897
4   244   80  902  874
4   519  873  727  855
4   957  928  899  704
4   700  968  808  855
4   567  839  721  729
4   208  862  716  955
4    46  210  752 1010
4   323  308  840  719
4   359  358 1042  823
4   830  914  706  866
4    86  955  848  881
4   716  823  936  803
4   291  250  251  974
4   613  608  986  692
4   545  411  407  798
4   827 1006  703  783
4   567 1037  729  704
4   284  113  951  786
4  1022  721  899  856
4   169  971  871  689
4   384  411  545  798
4   954  405  907 1014
4   498  435  690  935
4   394  742  769  686
4   166  253  305  726
4   155  198  607  960
4   114  202  816  692
4    12  779  809  806
4     4   12  809  806
4   758  996  817  909
4    61   62  856  971
4   261  742  904 1026
4   155  199  198  960
4   871  835  787  875
4   101  954  979  738
4   256  239  883  943
4   115  265   62 1022
4   407  410  827  709
4   691  549  768 1019
4   788  907  906  751
4   452  648  349  547
4   532  307  332 1035
4     7    2  327  991
4    48  131  945  888
4     5    3    1  809
4   607  459  982  877
4   488  406  926  986
4   202  200  816  960
4   370  421  919  717
4     1    8   10  991
4   832  840  978  894
4   290  232  806  719
4    38  156  914  890
4     8    7  230  991
4   804  108  908  796
4   661  660   87  865
4   902  680  874  891
4   437  663  341  952
4   118  248  298  843
4   931  363  736  792
4   421  370  933  717
4   634  484 1021  790
4   788  906  866  751
4   709  798  915  902
4  1037  574  729  816
4    72  323   23  897
4   473  370  596  933
4   787  796  728  937
4   401  375  633  976
4   421  370  473  933
4   369  596  964  759
4   324  697  752  987
4   975  486  770  774
4   442  513  441  734
4   354  389  829  725
4    12  447    5  809
4    18  243   38  941
4   614  926 1016 1006
4   183  105 1006  783
4    49  942  992  722
4   514  313  324 1049
4   410  409  753  703
4   389  829  725  857
4    52  282   73  894
4   199  302  200 1018
4   849  827  703  783
4    24   52  894  803
4    64 1040  787  728
4   404 1013  748  741
4   897  323  840  894
4   309  311  324  697
4   926  419  986  692
4   332  307  306 1035
4   299  248  843  985
4   725  752 1010  848
4   951  946  786  690
4   533  544  779  809
4   827  926  709 1006
4   759  933  971  689
4    51   53  862  987
4   107  106 1039  703
4   184  608  613  692
4   269  265  721  856
4    93  892  791  740
4   473  933  759  689
4   327  290  230  719
4   591  533  978 1035
4   358  583  832  978
4    15  914  982  720
4   209  201 1001  866
4   568  603 1037  830
4   718  368 1014  738
4   614  102  925 1006
4   102  244   80  925
4   574  567 1037  729
4   926  614  709 1006
4   104  614 1016 1006
4   816  202  960  692
4   709  753  703  915
4   437  343  341  731
4    30  300  679  916
4   840  832  823  894
4   113  163  772  979
4    62  169  887  971
4   574  729  816  692
4    83  280  185  810
4   975  691  854  847
4   571  442 1042  830
4   134  135  136  732
4   375  374  376  905
4   175  249  799  781
4   192  191  278 1044
4   595  430  828  784
4   220  218  666  219
4   199  155  156  914
4    33   32  778  731
4   664  259  260  756
4   120   75  119  886
4  1000  128  708  795
4    86  162  955  951
4   683  280  810  949
4   658  438  952  880
4   413  371  412  687
4   421  473  492  689
4   420  995  768  774
4   659  158  157  756
4    73  323  897  894
4   578  683  903 1038
4   482  599  420  975
4   592  691  733  965
4   430  537  595  828
4   587  365  749  996
4   384  482  770  847
4    36  153 1048  963
4   583  544  347  779
4   118  182  822  841
4   670  524  523  801
4   892   61  738  740
4  1037  729  704  816
4   138  734  906  751
4   249  870 1051  844
4    31  241  144  678
4   212  955 1010  848
4   648  452  451 1015
4   620 1020  916  776
4   252  166  818  726
4   380  424  723  990
4   241   29  279  853
4    16   18   12  941
4   718  366  835  740
4   571  505  442  830
4  1001  914  720  830
4   120  119  264  886
4   887  115 1022  899
4   407  408  798  709
4   282  832  779  894
4   568  788  830  704
4    75  886  762  939
4   735  998  880  756
4   419  506  986  692
4   477  562  395 1030
4   482  975  770  847
4    66   61   93  740
4   991  230  806  719
4   170  171  172  889
4   698  762  985 1019
4   661   87  297  865
4   597  525  523  801
4   683  853  812  764
4   714  904 1030  949
4   369  492  759  839
4   388  683  764  956
4   352  353  462  696
4   366  373  396  835
4   394  562  769 1030
4   439  343  437  714
4   781  930  733  851
4   438  658  561  880
4   611  335  930  882
4   379  362  588  994
4   665 1002  696  989
4   732  663  731  952
4   562  489  439  714
4   815 1007  953  711
4  1049  360  716  697
4   177  610  874  702
4   480  385  481  610
4   138  267  734  751
4   732  135  742  904
4   789 1032  764  845
4    79  902  680  874
4   574  419  729  692
4   525  801 1032  938
4   249  258  870  844
4   298  843  691  995
4   173  280 1026  810
4   574  504  506  816
4   177  178  870  680
4    83  185  777  810
4   298  288  841  854
4   833  616  702  844
4   210   46   53 1010
4    27   26  863  747
4   238  640  969  981
4   482  589  975  847
4   179  634  981  790
4   265   62 1022  856
4   824  795  977 1041
4    30   29   31  679
4   300   29   30  679
4   203 1020  859  916
4   490  537  364  878
4   671  220  219  146
4   162  212   86  955
4   466  467  724  906
4   877  504  706  816
4   145  144  673  678
4   680  384  770  847
4   789  221  853 1032
4   933  964  759  971
4   220  666  671  219
4   492  418  849  839
4   787  791  937  993
4    52  270   38  890
4    46  212   53  848
4   408  383  545  798
4    31  144  145  678
4   617  621  982  706
4   301   54  127  824
4   859  916  776  903
4   832 1042  936  890
4   907  954  772  751
4   500  763  819  893
4   904  714  810  949
4   801  872 1032  938
4   244   80  925  902
4   241   31  679  678
4   387  342  386  845
4   176   22  616  833
4   243   16  143  806
4   359  360  336  823
4   203  300   30  916
4    65   63  116  688
4   386  764  845  983
4   782  179  860  790
4   309  897  840  697
4   221  241  853  872
4   580  812 1032  764
4   280  277  174  859
4   914  706  866 1018
4   171   99  305  775
4   210  324  752  987
4   385  615  610  891
4   843  298  822  995
4   138  267  209  734
4   679  619   30  916
4   203   30  141  620
4  1034  782  785 1005
4   652  651  668  655
4   282   38  779  890
4   441  442  734 1029
4   679  241  678  812
4   433  479  864  965
4   276  277  203  859
4   678  673  674  872
4   584  531  694  746
4   892  368  835  740
4   280   83  683  810
4   546  401  950  976
4   367  405  570  718
4   615  383  798  891
4   907  417  772 1014
4   859 1011  707  776
4   581  683  956  949
4   758  878  766  811
4   121  165  796  836
4   778   33  731  777
4   410  418  827  783
4    54  119   76  895
4   361  362 1041  901
4    63  299  116  688
4   778   81  777  764
4   464  462  353  696
4   477  581  956  949
4   675  523  450  938
4   358  378  583  978
4   742   90 1047 1026
4   133  134  136  732
4   637 1044  846  819
4   384  411  915  770
4   127   55 1047  710
4   437  439  714 1003
4   660  865  813  745
4   646  147  754  879
4   723  379 1012  730
4    57  214  931  749
4   236  940  817  811
4   920  605  769  686
4   551  691  854  733
4   129  264  886  684
4   864  799  965  851
4   658  133  260  998
4   117   65  116  717
4   164  101  954  979
4   505  513  442  830
4   930  616  765  833
4   915   79  902  680
4   679  619  916 1038
4   107  244  925  902
4   752   46 1010  848
4   473  421  933  717
4   777  731  983  934
4  1047  742 1026  805
4   723  886  838  994
4   445  577  707  776
4   708  174  707  997
4     7    1    2  991
4   132  303  699  831
4   321  331  328  802
4   997  478  805 1030
4   676  448  449  450
4    53  208  862  716
4   959  781 1011  780
4   613  607  198  960
4   185  173  904  810
4   421  486  420  774
4    31   29  241  679
4   568  513  603  830
4   565  433  424  838
4   684  886  838  990
4   666  667  671  801
4   173  174  708 1026
4   657  343  983  934
4   386  764  983  934
4   106  117  182 1039
4   975  551  691  847
4   343  341  657  983
4   135  234  732  769
4   178  182 1039  680
4   778  662  789  983
4   677  449  812  938
4   708  864  977  805
4    62 1022  856  971
4   200 1018  704  816
4   144  673  678  872
4   184  114 1016  692
4   677  449  340  812
4   200  706 1018  816
4   411  409  407  753
4   284  951  946  786
4   964  718  856  740
4   102   80  609  925
4    21  140  765  959
4    12    5    4  809
4   567  418  839  729
4   615  902  874  891
4   135  185  261  904
4   870  833  702  844
4   750  725  955  848
4   832 1042  823  936
4   673  145  678  674
4   419  827  729  692
4   833  177  870  702
4   418  369  566  839
4   843  116  919  822
4   919  420  768  774
4   772  954 1014  979
4  1049  516  725 1010
4   378  358  336  823
4   591  532  533  809
4   140  959  781 1011
4   709  827 1006  703
4   113  772  951  786
4   107  182   79 1039
4   291  248  762  691
4   367  718 1045  964
4   683   83  853  810
4    81  778  789  764
4    55 1047  710  686
4    69  245  633  715
4   390  725  750  999
4   366  596  835  964
4   433  684  864  977
4   490  685 1031  817
4   820  793  755  825
4   522  667  670  675
4    65  295   66  871
4   978 1035  809  719
4   303  132  235  951
4   677  676  448  449
4    14   12   15  941
4   437  714  731 1003
4    29  277  683  916
4   522  670  524  523
4   597  525  801 1032
4   410  419  488  827
4   142  174 1011  707
4   677  678  872  812
4   824  684  895  838
4   721  269  928  899
4   982  502  830  706
4   265  269  721  899
4   667  670  675  801
4    92   94  791  818
4    80  615  609  902
4   301   54  824  895
4   532  332    1  809
4   117  188  169  689
4   589  551  975  847
4   919  117  717  689
4   384  680  702  847
4   656  670  597  524
4   420  422  421  919
4   691  298  841  854
4   897   24  894  803
4   732 1003  735  880
4   115  114  957  783
4   670  522  675  523
4   142  140  781 1011
4   853  683  810  764
4   732  861 1003  769
4   411  486  753  770
4   827  926  783  692
4   602  362  838 1041
4   841  975  854  847
4   182  117  118  822
4   367  366  718  964
4   265 1022  899  856
4    90  708  795  805
4   333  930  780  851
4    80  615  902  874
4   661  660  865  682
4    19   18  156  941
4    22  257   21  765
4   156  199  914 1018
4   656  597  387  524
4   405  468  570  718
4   265  266  928  899
4   674  677  676  448
4   278 1044  858  737
4   121  796  787  937
4   612  959 1020  776
4   678  677  872  938
4   919  843  822  768
4   683  853  916 1038
4   203  620 1020  916
4   853  679  916 1038
4   656  296  789 1032
4   862  716  936  803
4   466  512  724  716
4   609  615  383  798
4   304  234  742  769
4   522  675  523  450
4   174  142  708  707
4   482  486  384  770
4   163  164  751  979
4    64   65   66 1040
4    18   19   15  941
4   567  418  566  839
4   116  919  717  688
4   518  535  587  920
4   618  620  916  903
4   338  444  618  507
4    19  156  914  941
4   616   22  765  833
4   308  591  378  978
4   365  364  749  996
4   140   20  765  959
4   124  636  695  918
4   113  162  235  951
4   116  117  919  822
4   800  754  948  744
4    53  212 1010  848
4  1028  429  784  900
4   712  685  996  817
4  1003  440  735  880
4   442  359 1042  936
4  1018  706  704  816
4   726  885  836  773
4   578  339  683 1038
4  1045  721 1022  856
4   834  815  912  980
4   691  551  854  847
4   523  525  449  938
4   140  276  203 1020
4   195  284  946  786
4   368  892  835  923
4   723  886  762  990
4   872  812 1032  938
4    45   46  752  826
4   686  710  749  901
4   612  959  776  882
4   257  930  765  833
4   177  258  257  833
4   105  103 1006  703
4   670  597  524  801
4   930  550  844  851
4   541  758  876  792
4   691  762  929 1019
4   409  492  410  849
4   663  341  657  731
4   520  357  701 1033
4   957  273  704  816
4   273  202  200  816
4    15   12   18  941
4    91  304  234  742
4   169   65  717  871
4   660  661  813  682
4    90   91  742 1047
4   666  219  296  801
4   537  509  828 1031
4   930  616  833  844
4   234  136  732  861
4   534  439 1003  769
4  1047   90  795  805
4   489  343  439  714
4   204  205  695  927
4    33  185  904  777
4   421  422  370  919
4    16   18  779  806
4   781  707  780  864
4  1001  914  830  866
4    92  252   94  818
4   826  821  867  857
4   725  516  955 1010
4   914 1001  720  890
4   729  839  899  783
4   799  684  974 1000
4   298  251  288  854
4   974  799 1051  733
4   538  635  973  900
4   919  117  947  822
4   796  413  728  937
4   410  492  418  849
4   532  447  533  809
4   259  664  998  756
4   244   79   80  874
4   802  229  942  746
4   384  383  385  891
4   505  603  513  830
4   203   30  620  916
4   870  841  854  847
4   998  664  880  756
4   105  115  887  783
4   266  115  957  899
4   551  599  975  691
4   115  266  265  899
4   675  672  801  938
4    79  244  902  874
4   684  974  929  965
4   422  370  919 1023
4   408  609  798  709
4   753  421  947  774
4   162  163  724  951
4   105  887  703  783
4   721  567  729  704
4   257   21  765  781
4   383  615  385  891
4   264  120  886  974
4   565  552  479  965
4   140   21  142  781
4   480  559  702  844
4   249  257  833  781
4   666  671  219  801
4   620  612  141 1020
4   589  599  482  975
4   473  421  919  689
4   764  789  845  983
4    80   78  615  874
4   655  527  669  879
4   209  267  866  751
4    90 1047 1026  805
4   561  658  664  880
4   509  595  828  693
4   887  849  689  703
4   162   86  235  951
4   799  781  780  864
4   135  234  136  732
4   665  659   44  696
4   940  828  693  794
4   257  930  833  781
4   616  611  335  930
4    65  117  169  717
4   264  886  684  974
4   477  395  805 1030
4   742  714  904 1030
4   489  477  956  949
4   279  789  853  764
4   650  652  668  879
4   796  121  836  937
4  1037  830  866  704
4    32  663  657  731
4   442  513  734  830
4   788  568  721  704
4    62  887 1022  971
4   881  701  831  999
4   268  751  928  704
4   134   33  732  731
4   658  732  998  880
4   610  177  833  702
4   683  859  997  903
4   607  613  503  877
4   424  602  362  838
4   581  489  477  956
4   277  280   29  683
4   412  414  687  837
4   391  529  800  682
4   810  714  956  949
4   480  385  610  702
4    70  289  942  694
4   550  552  733  851
4   569  513  788  906
4   367  368  405  718
4   856  964  740  971
4   799  781  733  851
4   822  298  841  995
4   824  710 1041  736
4   427  636  426 1028
4   304   91   55 1047
4  1011  276 1020  859
4   182  178 1039  841
4   173  261  904 1026
4   708  478  864  805
4   111  274  834  896
4   119  301  684  895
4   310  311  309  697
4   326  793  863  747
4   566  369 1045  839
4    83   81  789  764
4   932  245  741  976
4    61  856  740  971
4   566  570  567  721
4   149  652  650  879
4   140  203  141 1020
4   620  612 1020  776
4   187  186  685  970
4    22  257  765  833
4   174  708 1026  997
4    50  211  945  747
4   712  587  749  996
4   794  800  744  745
4   959  765  781  780
4   286  159  861 1008
4   723  380  698 1012
4   182 1039  822  841
4   653  646 1015  879
4   821   84  867  701
4   581  339  388  683
4   605  518  361  920
4   837  698 1036  869
4   731  778  777  983
4   643  644  695  927
4   671  672  872  801
4   133  663  134  732
4   292  912  711  980
4   298  288  178  841
4   462  461  659  842
4   335  558  616  930
4   342  386  845  983
4   182 1039  947  822
4   589  551  847  733
4   216   86  867  881
4   251  298  691  854
4  1039  753  947  774
4   264  175  799 1000
4   182  118  178  841
4    93   92   94  791
4   251  288  854 1051
4    29  241  679  853
4   189  110  108  908
4   427  426  428 1028
4   118  116  843  822
4   318  326  793  863
4   381  382  563  730
4   784  766  811  713
4   116  299  118  843
4   800  693  794  948
4   125  237  969  883
4   540  555  539  739
4   331  329  626  330
4   536  435  831  690
4    63  299  688  985
4   762  843  985  768
4   273  268  957  704
4   128  142 1000  708
4   663  437  731  952
4   535  534  735  769
4  1041  710  901  736
4   298  118  843  822
4   141  612  959 1020
4  1047  742  805  686
4   418  849  839  783
4   136  133  732  998
4   711  255  713  943
4   980 1012  939 1036
4    28  326  318  863
4   535  518  605  920
4   299  248  118  843
4   174  859  707  997
4   261   90   91  742
4   127  824  710  795
4    20   22   21  765
4   696  462  842  807
4   379  380  723 1012
4   815  868  711  980
4   714  742  769 1030
4   775  950  741  852
4   472  563  876  766
4   133  663  732  998
4   575  485  785 1005
4   149  223  222  650
4   693  940  948  927
4   974  691  929  965
4   593  575  415  705
4   185  280  173  810
4   535  587  920  735
4   219  671  872  801
4   837  988  705  834
4   683  810  764  956
4   605  394  769  686
4   795  977 1041  805
4   861  259  998  756
4   853  789 1032  764
4   447  532    3  809
4    54  287  710  736
4   478  708  707  997
4   955  750  848  881
4    94  252  166  818
4   919  370  717 1023
4   684  264  974 1000
4    89  794  948  744
4   687  804  944  869
4   791  892  835  740
4   786  951  690  911
4  1050  262  913  711
4   221  241  279  853
4   351 1002  813 1004
4    81   33  778  777
4   296  219  872  801
4   691  549  995  768
4   656  801 1032  845
4   785  414  705  896
4    67  100  715  748
4   135  261   91  742
4    86  848  867  881
4   160  712  958 1008
4   749  364  758  996
4   277  280  683  859
4   617  155  607  706
4   802  921  746  797
4   974  799  733  965
4    35  283 1048  992
4   585  700  690  911
4   485  493  414  785
4   665   44   42  989
4   849  759  839  887
4   691  251  854 1051
4   505  460  982  720
4   691  762  974  929
4   419  418  574  729
4   712   57  931  749
4   764  777  983  934
4   221  296  872 1032
4   337  355  356  755
4   205  281  940  948
4  1026  904  810  949
4   124  644   39  204
4   151  227  625  622
4   508  348  643  693
4   699  131 1017  888
4    82   81  778  789
4   886  895  838  994
4   151  152  622  921
4   538  539  900 1024
4   881  867  701  999
4   374  404 1009  976
4   199  617  914  706
4   234  233  861  761
4   270 1001  914  890
4   245  715  748  741
4   542  525  812  938
4   971  933  871  689
4   147  646  653  879
4   539  538  483 1024
4   772  951  786  911
4   150  623  627  921
4   511  698  988  837
4   922  434  917  935
4  1002  813 1004  745
4   131   50  945  888
4   630  346  455  454
4   716  208  955 1010
4   271  197  681  963
4    81   33   34  778
4   244  102  103  925
4   652  149  653  879
4   673  674  872  938
4   570  468  954  718
4   192  196  846 1043
4   820   27  747  825
4   880  664  842  756
4   640  634 1021  981
4   463  735  842  807
4   280  174 1026  859
4    37  150  627  921
4   607  459  621  982
4   848  725  867  881
4   807  696  958 1008
4   824  129  684 1000
4    90  173  708 1026
4   158  659  157   44
4   269   60  721  738
4   120  291  762  974
4   640  538  635 1024
4   560  463  735  842
4    53  210 1010  987
4   664  658  998  880
4   872  677  812  938
4   381  563 1007  868
4   128   90  708  795
4   782 1034  785 1009
4   119  129  264  886
4   366  368  367  718
4   531  455  530  797
4   516 1049  716 1010
4   595  537  509  828
4   627  630  746  797
4   366  367 1045  964
4   484 1034 1021  790
4   658  663  732  880
4   571  347  460  720
4   548  698 1019  990
4   888  701  825 1033
4   723  379  730  994
4   346  630  455  543
4   639  375  376  905
4   321  319  802  694
4   428  595  508  784
4   698  206  939 1036
4    40  275   89  948
4   206  207  213 1036
4   407  409  410  703
4   530  331  626  330
4   403  493  771  898
4   360  823  716  697
4   730 1050  711  980
4   635  122  969  918
4   820   27  863  747
4   730 1050  913  711
4   548  380  510  698
4   858  775  972  910
4   424  433  602  838
4   613  877  960  692
4   608  614  406  926
4   179  239  860  981
4   517  510  380  698
4   687  414  785  896
4  1023  688  924  944
4   734 1001  862  961
4   712  587  807  761
4   815  705  834  912
4   710  931  749  901
4   506  503  613  877
4   162  724  955  951
4   105  115  188  887
4   624  623  630  454
4   886  120  762  974
4   190  637 1044  846
4   594  397  700  923
4   613  506  877  692
4   252   92  215  873
4   782  771  896  908
4   838  895  736  994
4   739  540 1005 1021
4   565  433  684  965
4   452  527 1015  682
4   222  668  682  879
4   530  322  590  802
4   428  508  642  784
4   832   52  890  961
4   785  493  771 1009
4   785 1034 1005 1009
4   255  167  713  943
4    57   56   58  931
4   655  669  668  652
4   723  730  868  980
4   592  551  691 1019
4   884  737  850  727
4    60  269  101  738
4   685  161  958  745
4   332  306  327 1035
4   571  460  505  720
4    57  214  749  761
4   598  392  661  813
4   644  204  695  927
4   303  131  699  881
4   814 1017  722  922
4   646   40   41  927
4   428  508  427  642
4   926  608 1016  692
4   381  563  556 1007
4   411  753  915  770
4   801  597 1032  845
4   828 1031  693  794
4   582  509  537 1031
4   926  183 1006  783
4   117  116  919  717
4   811  766  913  713
4   189  782  896  908
4   105  188  106  703
4   812  525 1032  938
4   647  648  451  654
4   555  739  953  900
4   374  485 1034 1009
4   363  931  749  758
4   526  527  528  669
4   275   40  246  754
4   290   72   73  719
4   269  954  721  928
4   849  753  689  703
4   574  418  567  729
4    80  609  925  902
4   244  107   79  902
4   933  717  871  689
4   397  594  700  855
4  1049  324  697  752
4   217  967  814  681
4   367  369  366 1045
4   603  502  504 1037
4   527  652  682  879
4   389  354  390  725
4    38  270  156  890
4   392  528  598  661
4   755  942 1025  746
4   358  378  832  823
4   648  452  349  451
4   527  526  655  669
4    33  185  135  904
4   427  508  348  642
4   526  655  669  651
4   456  624  455  454
4   873  818  968  808
4   161  160  685  958
4   236  187  817  970
4   174   90  173  708
4   352  462  461  659
4   294  205  940  695
4   529  452 1015  682
4   491  465  685  996
4   349  350  547  649
4   646  647  653 1015
4   730  563  868  711
4   865  225  682  744
4   348  350  649  693
4   350  349  348  649
4   618  507  776  903
4   648  349  547  649
4   313  324 1049  752
4   758  749  996  909
4   247   75  762  939
4   179  181  782  860
4   815  705  912  962
4   297  661  865  682
4   144  146  673  872
4   595  508  784  695
4    89  281  948  970
4   661  668  297  224
4   365  518  920  749
4   623  622  624  797
4    43  958  745  989
4   931  749  758  909
4   225  246  147  754
4   668  661  297  682
4   452  453  451  654
4    73  282  232  894
4   332  532 1035  809
4   540  573  739 1005
4   639   68  715  790
4   575  593  815  705
4   465  490  685 1031
4   712   57  749  761
4   117  169  717  689
4   225  275  754  744
4   590  531  530  802
4    49   70  283  942
4   508  348  642  643
4   828  294  940  695
4    87  661  297  224
4   350  547  649  754
4   588  382  730  792
4   754  275  948  744
4   465  685 1004  794
4   235  284  951  946
4    40  646  246  754
4   668  224  223  222
4   876  758  766  811
4   573  555  739  953
4   685  712  807 1008
4   685  464  807  996
4   685  491  996  817
4  1002  660  745  989
4   275   40  754  948
4   582  393  800  794
4   391  351  813 1004
4   595  828  693  695
4    90  127 1047  795
4   246  646  147  754
4   660  351  665 1002
4   171  638  932  775
4   541  363  758  792
4   668  297  222  682
4   464  462  696  807
4   157   44  696  958
4  1015  754  682  879
4   292  213  834  980
4    58  168  811  909
4   663   32  134  731
4   263  285 1043  967
4   238  237  180  981
4  1013  403  773  852
4   878  472  876  766
4   669  527  682  879
4   822  843  995  768
4    56   57  214  931
4   303  132  951  831
4   547  648  754 1015
4   556  557 1007  953
4    32   33  134  731
4   490  364  491  878
4   210   25  697  987
4   537  472  364  878
4   712  735  807 1008
4   352  665 1002  696
4   241  144  678  872
4   683  810  956  949
4   490  537  878 1031
4   135  261  742  904
4   272  181  860  912
4   236   58  168  811
4   277  300  203  916
4   130  132  131  699
4   191  190  637 1044
4   463  587  735  807
4   472  758  878  876
4   174  276 1011  859
4  1028  635  900  757
4   739  973 1024 1021
4   946  951  831  690
4   376  634  639  905
4   601  339  578 1038
4  1003  861  735  769
4   663  437  341  731
4   343  657  731  934
4   656  296   82  789
4   542  340  812 1038
4   872  296  801 1032
4   668  222  650  879
4  1001  734  890  961
4   350  754  693  800
4   582  490  465 1031
4   353  465  685 1004
4   187  685  817  970
4   250  264  799  974
4   652  651  650  668
4   147  149  222  879
4   580  525  386  764
4  1004  391  800  744
4   813  391 1004  744
4    44   43   42  989
4   132  303  131  699
4   361 1041  686  901
4  1001  137  862  961
4   236  168  126  811
4   127  129  824  795
4   663  658  732  998
4   969  640  973  981
4   587  712  749  761
4   659  157   44  696
4   793  820  747  825
4   223  668  222  650
4   210  752 1010  987
4   436  520  701 1033
4   186  161  685  970
4   710  931  901  736
4   292   74  213  980
4   788  513  734  906
4   588  362  736  994
4   374 1034  905  715
4   593  557  575  815
4   687  837  705  896
4   723  895  994 1046
4    67  782  715  790
4   382  588  876  792
4   698  837  944  869
4   931  214  710  749
4    92   59  293  892
4   878  758  817  811
4   380  517  698 1012
4   351  353  352 1002
4   698  723  762  990
4   920  535  735  769
4   363  365  749  901
4    89  161  281  970
4   587  365  920  749
4   262   74  711  980
4   234  861  769  761
4   685 1004  794  745
4   813  865  682  744
4  1002  353  696 1004
4   225  297  865  682
4   353  352 1002  696
4   128   90  174  708
4   233  286  861  761
4   274  292  834  912
4   469  470  760  773
4   734  862 1029  936
4   648  647  646 1015
4   940  205  948  927
4   646  647  148  653
4   654  653  647 1015
4   679   29  853  916
4   225  147  222  879
4   100  245  715  748
4   696 1002  958  989
4   598  391  813  682
4   754  529 1015  682
4   648  451  654 1015
4   649  350  754  693
4   547  648  649  754
4    88  225  865  744
4   794  685  745  970
4   240  931  792  909
4   147  646  148  653
4   230  290  806  719
4   646  246  147   41
4   828  940  693  695
4   149  147  148  653
4   664  658  260  998
4   573  575  557  815
4    12  544  779  941
4   668  297  224  222
4   739 1021  860  981
4   593  988  868  705
4   925  709  703  915
4   269  266  268  928
4   729  957  704  816
4   494  496  737  819
4   186  187  685  817
4    53  208  716 1010
4   646  147  148   41
4   593  381 1007  868
4   646   40  246   41
4   114  115  105  783
4   125  237  122  969
4   163  138  724  751
4   114  183  926  783
4   684  433  864  965
4   313  312  324  752
4   782  785  771 1009
4   969  237  973  883
4   736  730  994 1046
4   484  376 1034  790
4   657  662  778  983
4   470  850  760  773
4    42   88  865  989
4   239  256  272  943
4   511  412  372  944
4   254  912  962  943
4   575  414  415  705
4   886  684  974  929
4   398  469  760  937
4   109  687  896  869
4   736  287  792 1046
4   563  381  730  868
4   834  274  912  896
4   637  889  737 1027
4   379  381 1012  730
4   784 1028  900  757
4   540  573  555  739
4   472  541  758  876
4   834  988  980 1036
4   785  782  771  896
4   815  953  962  943
4   529  547  754 1015
4  1004  685  958  745
4   297   87   88  865
4   527  453  452 1015
4   429  784  900  757
4   815  575  785 1005
4   113  112  979  786
4   109   63  804  869
4   206  698  985  869
4   433  565  684  838
4   551  592  733  965
4    67  181  189  782
4   378  358  832  978
4   161   43  958  745
4   119  129  886  684
4   988  415  837  705
4   179  181   67  782
4    98  165   99  885
4   511  510  517  698
4   253  873  884  850
4   212   46   86  848
4  1004  800  794  745
4   883  713  943  757
4   266  273  268  957
4   265  266  269  928
4   416 1014  700  911
4   708 1026  997  805
4   183  114  105  783
4   569  513  568  788
4    76   74 1050  980
4   699  946  831  690
4   164  269  268  928
4  1034  782  860  790
4   838  424  990  994
4   273  115  114  957
4   324  312   45  752
4   612  611  959  882
4   485  785 1005 1009
4   484  483  376  634
4   421  492  753  689
4   294  828  940  811
4   493  404  771 1009
4   414  687  785  771
4   464  587  807  996
4   718  954  721  738
4   485  484 1034 1005
4   724  772  750  951
4   237  238  969  981
4   122  238  635  969
4    27   70  820  863
4   940  693  695  927
4   635  238  640  969
4   638  932  775  950
4   723 1046  980  939
4   908  687  796  898
4   517  511  698  988
4   423  592  929 1019
4   563  556 1007  711
4   539  739  973 1024
4   371  372  412  944
4   924  698  944  869
4   516  390  725  750
4   161  187  281  970
4   414  687  837  705
4   376  374  484 1034
4   484  374  485 1034
4   586  500  763  819
4   286   57  160  712
4   708   90 1026  805
4   636 1028  695  918
4   365  518  587  920
4   792  730 1050  913
4   379  588  730  994
4   198  184  613  960
4    54  127  824  710
4   167  125  713  757
4   557  815 1007  953
4   186   58  817  909
4   988  815  868  705
4   375  546  374  905
4   701  436 1033  935
4   739  239  883  981
4   756  157  958 1008
4  1009  782  715  748
4   758  878  876  766
4  1004  813  744  745
4   581  477  997  949
4   436  357  520 1033
4    55   90  127 1047
4   687  837  896  869
4   292  834  912  980
4   730  792 1050 1046
4   237  969  973  981
4   117  182  947  822
4    74  262 1050  980
4   452  453  654 1015
4   381  517 1012  868
4  1012  517  988  868
4   837  988  834 1036
4   428  642 1028  784
4   828  878 1031  817
4   710  214  686  761
4   362  838  736  994
4   362  424  838  994
4   245   96  932  741
4   926  183 1016 1006
4    46  752  826  848
4   487  613  608  986
4   268  866  751  704
4   616  611  930  765
4   165  166  885  836
4   701  945  888  825
4   308  307  591 1035
4   718 1045  964  856
4   844  550  733  851
4   579  554  850  727
4    99  166  726  885
4    96   95   97  932
4   138   51  862  961
4   205   40  948  927
4  1042  734  936  890
4   953  883  943  757
4   743  497  727  855
4   889  858 1027  910
4   632  889 1027  910
4   152   37  242  921
4    47   84  826  821
4   337  377  793  755
4    45   46  210  752
4    67  189  100  782
4   476  858  737  972
4   102  103  925 1006
4    48 1017  888  722
4   516  354 1049  725
4   687  412  944  728
4   358  571  442 1042
4  1013   99  775  885
4   399  546  950  741
4   591  307  532 1035
4   854  870  847  844
4   661  598  813  682
4   180  179  634  981
4   793  820  863  747
4   579  737  819  727
4   953  815  711  943
4   201 1001  866 1018
4    95  638   97  932
4   796  165  885  836
4   212   86  955  848
4  1045  839 1022  899
4   828  878  817  811
4   639  375  905  976
4   179   68  634  790
4   370  717 1023  728
4   239  739  962  981
4    71   70   28  318
4   474  606  402  972
4   331  530  322  330
4   107  925  703  915
4   726  818  850  760
4   887  759 1022  971
4   297  225  222  879
4   409  407  753  703
4   313  514  354 1049
4   272  254  962  943
4   548  423  929 1019
4   954  164  751  928
4    49   48  820  722
4   531  802  694  746
4   737  579  850  727
4   263  192 1044  819
4   584  755 1025  746
4   964 1045  759  856
4   237  973  883  981
4    69  245   97  633
4   466  467  417  772
4   370  373  933  875
4   530  331  322  802
4   199  155  706  960
4    16    4   10  806
4   786  946  743  690
4   877  506  816  692
4   873  519  808  855
4  1017  217  814  681
4   324  210  697  987
4   415  414  837  705
4   262   77 1050  913
4   499  743  700  855
4   706 1037  866  704
4   460   14   15  720
4   331  622  802  797
4   554  606  972  850
4   337  357  825  984
4   627  628 1048  767
4   407  410  709  703
4   317  315  515  984
4   862   51  803  961
4   345  356  572 1025
4   914  982  720  830
4   191  190 1044  846
4   626  625  329  328
4   572  767 1025  966
4   884  873  967  727
4   641  628  645  963
4    37   35  242 1048
4   212  162  208  955
4  1043  681  963  763
4   405  468  954  907
4   570  468  568  788
4   468  569  568  788
4   494  579  476  737
4   308  323  306 1035
4   457  645  344  458
4   823  716  697  803
4   536  466  417  772
4  1029  862  716  936
4   377  584  694  755
4   194  193  814  743
4   546  950  741  976
4   242   35  283 1048
4   166   94  818  836
4   468  569  788  907
4   328  331  329  626
4   621   15  914  982
4   467  569  907  906
4   951  132  946  831
4   992 1048  767  746
4    50  945  701  747
4   321  228   71  289
4   375  546  905  976
4   215  263  884  967
4   494  496  819  893
4   268  302  866  704
4   892  368  700  923
4   321  228  289  328
4   211   27  945  747
4  1040   64  688  728
4   814  699  922  935
4   502  603  830  706
4   964  835  740  871
4   404  403  771  748
4   415  511  988  837
4   792  287 1050 1046
4   278  858  884  737
4    26  211  315  747
4   499  497  743  855
4   183  105  103 1006
4   681  586  763  819
4   197  271  153  963
4   814  681  922  966
4   442  359  734 1029
4   681  271  963 1025
4   226  151  227  625
4   195  215  873  743
4    25  324  210  697
4   839  887 1022  899
4   536  750  951  831
4   967  194  814  743
4    85  325  315  821
4    27   48   50  945
4   772  113  979  786
4   466  724  772  750
4  1014  786  700  911
4  1044  192  846 1043
4   771  687  896  908
4     1    7    8  991
4   372  371 1023  944
4   405  368  416 1014
4    14  621  459  982
4   307  308  306 1035
4   988 1012  868  980
4   752  725  826  848
4   377  320  337  793
4   492  473  849  689
4   523  675  801  938
4   357  337  825 1033
4    84   46  826  867
4   318  377  319  694
4   828 1031  794  817
4   421  420  919  774
4   470  398  469  760
4   245  715  741  976
4   368  718  835  740
4   839  721  729  899
4   498  435  585  690
4   622  623  921  797
4   760  791  808  923
4   826   46  848  867
4   315  211  821  747
4   227  226  625  328
4   228  227  289  328
4   498  499  743  690
4  1044  637  737  819
4    27  820  945  825
4   892   92  791  968
4   858  476  737 1027
4    55  304 1047  686
4   151  152  227  622
4   195  194  967  743
4    26  326  863  747
4   514  360  354 1049
4   856  718  738  740
4   355  443  356  755
4   497  743  727  917
4   474  399  950  852
4    85  211   84  821
4   171   96   99  775
4   964  740  971  871
4    60   61   62  856
4   344  629  346  345
4   152  227  622  921
4    83   29  683  853
4   155  607  706  960
4   328  331  622  802
4  1014  772  786  911
4   197 1043  681  963
4   318  326  320  793
4    49   48   27  820
4   604  520  390  999
4   629  346  345  543
4   832  779  720  890
4     8   10  991  806
4   131  130  699 1017
4   456  622  626  797
4   269  164  954  928
4   273  200  268  704
4   103  105  106  703
4   196  846 1043  963
4    27   26   28  863
4   681  963  763  767
4   631  495  637  893
4   227  622  921  797
4   753 1039  703  915
4   706 1037  704  816
4   257  249   21  781
4   743  498  690  917
4   199  200  706 1018
4   473  369  492  759
4    70   27   28  863
4   645  628  344  458
4   753  106 1039  947
4   413  687  796  728
4   466  512  441 1029
4   295   61   66  740
4     1  332    2  991
4   155  617  156  914
4   188  115   62  887
4   957  729  899  783
4   402  474  972  852
4   753  407  709  703
4   152  229  227  921
4   567  568 1037  704
4   163  162  113  951
4   188   62  169  887
4   722  755 1025  966
4   555  539  739  900
4  1009  404  741  976
4   946  195  786  743
4    99  305  775  726
4   628   36 1048  963
4    64  121  108  804
4   830  788  866  704
4   531  543  455  797
4   124  123  122  918
4   576  350  393  800
4   121   94  165  836
4   963  271  767 1025
4   107  103  106  703
4   967  873  743  727
4   791  892  808  923
4   115  265 1022  899
4   926  114  783  692
4   835  366  964  740
4   191  170  172  889
4    92   93  892  791
4    92  215  873  968
4   190  170  191  637
4   114  273  957  816
4   238  180  640  981
4   791  760  937  993
4   625  227  328  802
4   604  750  831  999
4  1013   98  796  898
4   759 1045 1022  856
4  1014  772  979  786
4   898  796  773  937
4   766  876  811  913
4   922  681  917  966
4    98  908  796  898
4   114  729  783  692
4   596  473  964  759
4   716 1049  697 1010
4   697 1049  752 1010
4   604  390  536  750
4    49   70  942  820
4   243  232  779  806
4   285  197 1043  681
4    70   28  318  863
4   436  355  357 1033
4   942  283  992  746
4    35  271  992  767
4   607  621  617  706
4    14  459  460  982
4   888  355  755  922
4   188  887  689  703
4   318  377  320  319
4   150  152  151  921
4   818  850  760  808
4   331  530  626  797
4   538  640  483 1024
4   211   50  821  701
4  1042  734  720  830
4   684  886  895  838
4   734  138  906 1029
4   315  317  515  316
4   585  416  700  911
4   324  514 1049  697
4   736  588  730  792
4   622  456  624  797
4   725  826  867  857
4   930  844  733  851
4   530  331  802  797
4   725  826  848  867
4   418  839  729  783
4   513  568  788  830
4   617  621  914  982
4   621  460   15  982
4   169  887  971  689
4   468  788  954  907
4   596  473  933  964
4   968  892  700  808
4   422 1023  768  924
4  1045  369  964  759
4   914  617  982  706
4    63   64  109  804
4   215  252  873  884
4   315  326  747  984
4   121  791  836  937
4   479  864  965  851
4   171  172  858  775
4   117  106  689  947
4   722  820  755  825
4    84  826  821  867
4   137  138  862  961
4   417  467  907  772
4    50   84  821  701
4   217  130 1017  814
4   608  184 1016  692
4   947  919  822  774
4    59   92   93  892
4   333  550  930  851
4   836  791  760  937
4   110  109  108  804
4   471  563  766  713
4  1011  781  707  780
4   467  724  907  772
4   596  933  835  964
4   521  497  586  917
4   892  791  835  923
4   740  295  971  871
4   873  968  743  855
4   109   64  108  804
4   839 1045  721  899
4    94  121  791  836
4  1017  699  888  922
4   905  374  715  976
4   575  815  785  705
4   200  199  706  960
4    94  791  818  836
4    95  171  638  932
4   932   96  775  741
4   245   96   97  932
4   545  384  798  891
4   305  858  775  726
4   795  708  977  805
4   753  106  689  703
4   791  760  993  923
4   320  318  793  694
4   150  151  622  921
4   505  460  502  982
4   196  197  153  963
4   747  793  825  984
4   951  750  881  831
4   846  641 1043  963
4   967  681  819  727
4   950  399  741  852
4   701  821  747  857
4   132  699  946  831
4   337  355  755  825
4   710 1047  795  686
4   366  718  964  740
4   163  113  772  951
4   933  373  835  875
4   579  606  476  972
4   357  520  701  857
4   208   53  955 1010
4   626  625  328  622
4   625  328  622  802
4   180  634  640  981
4   345  572  767 1025
4   164  268  751  928
4   115  957  899  783
4   630  455  543  797
4   775  726  972  773
4   153 1048  963  767
4  1043  263  967  819
4   639  905  715  976
4   171  305  172  775
4    93   66  740  787
4   760  425  937  993
4   730  723 1046  980
4   586  564  819  727
4   269  265  928  899
4   252  253  818  873
4   166  726  885  836
4   494  637  737 1027
4  1034  376  905  790
4   476  494  737 1027
4   594  499  700  855
4   908   98 1013  898
4   763  681  767  966
4   253  252  818  726
4   725  867  999  857
4   726  836  760  773
4  1043  681  763  819
4    14  460  621  982
4   396  835  993  923
4   717  688 1023  728
4   873  884  850  727
4   701  357  825 1033
4   531  802  746  797
4   368  397  594  923
4   326  320  793  984
4   327  306  290  719
4   554  519  850  727
4   771  908  748  898
4   413  493  403  898
4   413  403  469  898
4   189   98  100  748
4   933  835  871  875
4   227  625  622  802
4  1044  637  889  737
4   942  992  755 1025
4   358  442  359 1042
4   514  360 1049  697
4   305  253  278  726
4   734 1001  830  866
4    76   54  895 1046
4   321  590  319  322
4   885  796  836  937
4   631  637  819  893
4   498  690  917  935
4   455  456  530  797
4   295   61  740  971
4  1013  775  741  852
4    66   64 1040  787
4   345  584 1025  746
4   321  590  322  802
4   459  502  460  982
4   787  937  875  993
4   154  641  846  963
4   289  321  328  802
4   165   98  796  885
4    98  189  908  748
4   371  370  728  875
4   701  357  747  825
4   755  722  922  966
4   100  245  748  741
4   100   98 1013  748
4   170  637  632  889
4   403  771 1013  898
4   775   99  726  885
4   403  404 1013  748
4   553  470  850  760
4   398  396  993  923
4   553  398  760  808
4   637  494  495  475
4   313 1049  829  752
4   483  539 1024 1021
4   540  484 1005 1021
4    51   52   24  803
4   724  163  772  951
4   539  739 1024 1021
4   102  614  104 1006
4   200  302  268  704
4   102  104  103 1006
4   632  775  889  910
4   681  722 1025  966
4   681  814  722  966
4   579  476  737  972
4   681  586  819  727
4   499  498  585  690
4   497  519  727  855
4   447    3    5  809
4   265  269   60  856
4    73  232  719  894
4   282   52  832  894
4   548  510  549 1019
4   370  373  596  933
4   104  183  103 1006
4   729  114  816  692
4   823  359  716  936
4   621  607  982  706
4    70   49   27  820
4   345  584  356 1025
4   326  793  747  984
4   645  641  963  763
4   567  568  574 1037
4   418  410  849  783
4   347   14  720  941
4   164  954  751  979
4   209  302  201  866
4   954  718 1014  738
4    51   24   53  987
4   421  492  409  753
4   919  117  689  947
4  1045  369  759  839
4    59  101  112  738
4   419  926  827  692
4    12   16  779  806
4   419  506  487  986
4   841  975  770  774
4   685  696 1004  958
4   684 1000  864  977
4   765   21  959  781
4   199  200  198  960
4    10    1  991  806
4   734 1001  720  830
4   331  321  322  802
4   242  229  921  746
4   177   79  178  680
4    37  627 1048  921
4   820  942  722  755
4   209  267  268  866
4   103  107  925  703
4   954 1014  979  738
4   467  468  405  907
4    25  210   24  987
4   411  486  409  753
4   897  840  823  894
4   467  569  468  907
4   609  383  408  798
4   559  480  702  847
4   516  716  955 1010
4   607  877  706  960
4   407  753  709  915
4    45  312   47  826
4   267  164  268  751
4   200  202  198  960
4   104  614  608 1016
4   793  377  694  755
4   362 1041  901  736
4  1012  723  730  868
4  1050  262  711  980
4   529  754  800  682
4   693  643  695  927
4   590  321  319  802
4   655  669  652  879
4  1002  660  813  745
4   409  486  421  753
4   466  536  390  750
4   571  358  347 1042
4   942  820  694  755
4   230  290  232  806
4   417  467  405  907
4   107  925  915  902
4   308  378  310  840
4   434  922 1033  935
4   914  199  706 1018
4  1039  107  915  680
4   312   45  752  826
4  1039  107  703  915
4   184  183  104 1016
4  1001  201  914 1018
4   504  568  603 1037
4   177   79  680  874
4   267  163  164  751
4   114  183  184 1016
4   363  931  758  792
4   172  305  278  858
4   135   91  234  742
4   249  250  799 1051
4   739  860  962  981
4    64  804  688  728
4   527  655  652  879
4   508  595  693  695
4   635  426  636 1028
4   457  645  458  763
4   358  583  347 1042
4   360  336  823  697
4   287  240  931  792
4   527  652 1015  682
4   680  975  841  847
4   942  992  722  755
4   451  452  654 1015
4   225  275  246  754
4   183  114  926 1016
4   408  614  609  709
4   609  798  925  902
4   302  200 1018  704
4   866  302 1018  704
4    79  107  915  902
4   793  337  755  825
4   818  892  968  808
4   106  753 1039  703
4   362  838 1041  736
4    54   76  287 1046
4   506  613  986  692
4   206  213  939 1036
4   400  474  950  910
4   382  876  730  792
4   428  430  595  784
4   552  479  965  851
4   858 1044  889  737
4   642 1028  784  695
4   366  368  718  835
4   413  412  414  687
4   835  791  740  787
4   527  528  669  682
4   636  635 1028  918
4   630  627  623  797
4   201  156  914 1018
4     5    4  809  806
4   637  632  889 1027
4   717  169  871  689
4   244  103  107  925
4   306  323   72  719
4   574  568  504 1037
4   696 1002 1004  745
4   302  209  268  866
4   823  832  936  803
4   189  108   98  908
4   433  431  602  824
4    52  832  803  961
4   477  478  997 1030
4   251  691  974 1051
4   123  125  122  918
4  1047  127  710  795
4   868  730  711  980
4   511  698  837  944
4   280 1026  810  949
4   478  708  997  805
4   350  547  754  800
4   739  539  973  900
4   393  582  465  794
4   205  236  294  940
4   132  130  193  699
4   533  779  978  809
4   354  516  390  725
4   290   73  232  719
4   609  614  102  925
4  1045  718  721  856
4   263  192  278 1044
4   436  434 1033  935
4   408  407  406  709
4   163  267  138  751
4    88   43  745  989
4   486  753  770  774
4    25   24  897  987
4   799  250  974 1051
4   759  839  887 1022
4   697   24  803  987
4   426  428 1028  900
4   662   82  778  789
4   861  998  735  756
4   341  343  657  731
4   859  683  997  949
4   297  222  682  879
4   878  490 1031  817
4   108   98  908  796
4  1012  723  980  939
4   502  459  503  877
4   143  230  232  806
4   680  870  702  847
4   310  336  311  697
4   603  502 1037  706
4   398  397  396  923
4   343  437  714  731
4    87  660   42  865
4   359  442  734  936
4   928  721  899  704
4   978  308 1035  719
4   250  251  974 1051
4   721   60  856  738
4  1045  566  839  721
4   936  862  803  961
4   288  870  841  854
4   583  358  832 1042
4   391  393 1004  800
4   556  953  711  713
4   293  195  968  700
4   637  191 1044  889
4   877  816  960  692
4   327  230  991  719
4   336  360  514  697
4   406  407  488  709
4   604  536  435  831
4   243   18  779  941
4   357  701  747  857
4   236  205  281  940
4   478  395  432  805
4   275  225   88  744
4   759 1045  839 1022
4   799  249 1051  733
4   812  853 1032  764
4   930  833  781  844
4    52  137  890  961
4    72  323   73  719
4   724  138  906  751
4   840  323  719  894
4   621   15  617  914
4   149  147  653  879
4   170  191  637  889
4   506  504  503  877
4   354  360  516 1049
4   230    8  991  806
4   489  714 1030  949
4   662  656  789  845
4   101  269  954  738
4   219  671  146  872
4   617   15   19  914
4   422  372 1023  924
4    38  243  779  941
4   115   62  887 1022
4   420  486  482  975
4   537  828  878 1031
4   311  336  514  697
4   849  759  887  689
4   309  324   25  697
4   359  360  823  716
4  1041  710  686  901
4   364  363  365  749
4   656  597  801  845
4   141  203  620 1020
4    79  107 1039  680
4   388  339  580  683
4   953  711  713  943
4   241  853  872  812
4   665  352  659  696
4   683  580  812 1038
4   503  504  502  877
4  1013  796  885  898
4   121   93   94  791
4    57  186  160  712
4   420  975  995  774
4   558  616  930  844
4   421  919  947  774
4  1039  822  841  774
4   599  549  420  995
4   865   88  745  989
4   420  422  919  768
4   116  299  843  985
4   843  248  762  985
4   177  288  258  870
4   288  177  178  870
4   730  723  994 1046
4   870  680  841  847
4   206  698  762  985
4  1039  841  770  774
4   886  723  838  990
4   446  333  780  851
4   698 1012  988 1036
4    79  182  178  680
4    64   65 1040  688
4   213  980  939 1036
4   791  121  787  937
4   301  824  684  895
4  1039  947  822  774
4   129  301  824  684
4   545  383  384  891
4   902  915  680  891
4   423  380  548  990
4   708  478  707  864
4   247  120  291  762
4   565  684  838  929
4    33   32   34  778
4   247   75  120  762
4   248  247  291  762
4   663  133  658  998
4   919  717  688 1023
4   549  420  995  768
4   698  988  837 1036
4   886  119  684  895
4   480  385  702  891
4    63   64  804  688
4   413  371  728  937
4   423  592  565  929
4   688  985  768  924
4   551  549  599  691
4   248  291  251  691
4   248  251  298  691
4   731  732  952 1003
4   551  592  691  733
4   610  615  874  891
4   684  799  974  965
4    34   32  657  778
4   780  799  864  851
4   116  843  919  688
4   656  662  387  845
4   413  796  898  937
4   929  548 1019  990
4   895   54  710  736
4   895  824  838  736
4   551  549  691 1019
4   885  836  773  937
4   680  915  770  891
4   264  799  974 1000
4   119  301  129  684
4   478  432  864  977
4    64   63   65  688
4   659  696  842  756
4   985  762  768 1019
4   556  471  953  713
4   116  843  688  985
4   799  684 1000  864
4   291  120  264  974
4   777  778  764  983
4   384  680  770  891
4   666  656  670  801
4   610  874  702  891
4   778  789  764  983
4   822  919  995  774
4   299   63  206  985
4   248  299  206  985
4   172  278 1044  858
4   247  248  206  985
4   486  421  753  774
4   995  919  768  774
4   593  517  381  868
4  1000  824  795  977
4   975  841  854  995
4   599  420  975  995
4   930  781  780  851
4   886  684  929  990
4   549  599  691  995
4   298  691  841  995
4   479  433  565  965
4   288  870  854 1051
4   288  258  870 1051
4   251  250  249 1051
4   288  251  249 1051
4   838  565  929  990
4   288  249  258 1051
4   799  175  781 1000
4   175  142  781 1000
4   597  523  524  801
4   680  177  874  702
4   919  422 1023  768
4   175  129  128 1000
4  1026  859  997  949
4   129  175  264 1000
4   142  175  128 1000
4   339  542  812 1038
4   525  386  764  845
4   714  777  810  956
4   462  463  842  807
4   854  691 1051  733
4   259  136  861  998
4   550  558  930  844
4   160  712  685  958
4   136  732  861  998
4   975  680  841  770
4   277  203  859  916
4   276  140  142 1011
4   276  142  174 1011
4   904  714  777  810
4   279   83  789  764
4   261  185  173  904
4    29  683  853  916
4   688  919 1023  768
4   135  732  742  769
4   384  486  411  770
4   259  664  260  998
4    89  794  745  970
4   714  732 1003  769
4   161   89  745  970
4   861  732  735  880
4   754  643  693  927
4   685  794  817  970
4   234  135  742  769
4   685  161  745  970
4   233  259  136  861
4   439  714 1003  769
4   234  233  136  861
4   259  233  159  861
4   683  581  997  949
4   233  286  159  861
4   560  735  880  842
4   864  478  977  805
4    76   75   74  939
4   988 1012  980 1036
4   379  588  382  730
4   362  379  424  994
4   432  395  977  805
4   714  732  731 1003
4    55   54   56  710
4    54   55  127  710
4   361  363  362  901
4  1046   76  980  939
4    56   54  287  710
4    55   56  214  710
4   438  560  952  880
4   142  128  174  708
4   605  535  920  769
4   663  134  732  731
4   259  133  136  998
4   794   89  948  970
4   714  343  731  934
4   562  489  714 1030
4   385  610  702  891
4   280  174  173 1026
4   670  656  597  801
4   388  489  956  934
4   731  657  983  934
4   824  129 1000  795
4   129  128 1000  795
4   438  561  560  880
4   365  363  518  901
4   342  386  983  934
4    90  128  127  795
4   128  129  127  795
4   646  643  754  927
4    76 1050 1046  980
4   440  437  952 1003
4    81   83  777  764
4   361  605  920  686
4   777  764  956  934
4   449  542  812  938
4   732  714  731  777
4   714  732  904  777
4    33  732  731  777
4   657  778  731  983
4   276  203 1020  859
4   777   83  810  764
4   135   33  904  777
4    33  135  732  777
4   732  135  904  777
4  1032  525  764  845
4   386  525  597  845
4    83   33   81  777
4    33   83  185  777
4   525  580 1032  764
4   388  581  683  956
4   698  762 1019  990
4   618  338  507  903
4   241  679  853  812
4   296  221   81  789
4   221  279   81  789
4   601  578  903 1038
4  1011  174  859  707
4   444  618  507  776
4   300  277   29  916
4   296  656  801 1032
4    82  296   81  789
4   656   82  662  789
4   279   83   81  789
4   597  387  386  845
4   525  580  812 1032
4   221  219  144  872
4   241  221  144  872
4   144  219  146  872
4   673  146  672  872
4   219  221  296  872
4   296  221  789 1032
4   146  671  672  872
4   678  241  872  812
4   680  384  702  891
4   919  822  995  768
4   789  656 1032  845
4   444  612  776  882
4   677  674  676  938
4   707  446  780  864
4   680 1039  841  770
4   915 1039  680  770
4   667  666  670  801
4   742  394  769 1030
4   753 1039  915  770
4   671  667  672  801
4   672  667  675  801
4   542  525  580  812
4   679  678  677  812
4   542  340  449  812
4   677  676  449  938
4   580  339  542  812
4   486  482  975  770
4   449  676  450  938
4   258  833  870  844
4   702  559  847  844
4  1020  859  916  776
4  1020 1011  859  776
4   577  578  997  903
4   916  620  776  903
4   859  683  916  903
4   815  912  711  943
4   707  859  776  903
4   620  618  776  903
4   674  678  872  938
4   859  707  997  903
4   449  450  523  938
4   843  762  691  768
4   577  478  446  707
4   577  446  445  707
4   959 1011 1020  776
4   507  577  776  903
4   258  249  833  844
4   577  478  707  997
4   387  342  845  983
4   662  387  845  983
4   742  304  769  686
4   342  662  657  983
4   341  342  657  983
4   341  343  342  983
4   387  662  342  983
4   386  388  764  934
4   997  477 1030  949
4   714  731  777  934
4   578  478  577  997
4   581  478  578  997
4   581  477  478  997
4   853  683  812 1038
4   580  339  812 1038
4   916  619  903 1038
4   679  853  812 1038
4   340  677  812 1038
4   339  580  683 1038
4   683  916  903 1038
4   445  507  577  776
4   444  612  618  776
4   612  620  618  776
4   444  507  445  776
4   677  679  812 1038
4   577  707  776  903
4   707  577  997  903
4   578  507  601  903
4   577  507  578  903
4   338  601  507  903
4   619  338  618  903
4   677  338  619 1038
4   601  338  339 1038
4   340  339  338 1038
4   338  677  340 1038
4   542  339  340 1038
4   673  676  674  938
4   676  672  450  938
4   676  673  672  938
4   449  525  542  938
4   674  677  678  938
4   672  675  450  938
4   558  333  930  882
4   335  558  930  882
4   333  334  445  882
4   334  611  612  882
4   445  334  444  882
4   333  335  334  882
4   612  444  334  882
4   335  611  334  882
4   335  333  558  882
4   874  680  702  891
4   615  798  902  891
4   959 1011  707  780
4   333  930  882  780
4   445  333  882  780
4   481  480  610  702
4   841  691  854  995
4   565  592  552  965
4   599  975  691  995
4   383  545  798  891
4   798  384  915  891
4   446  445  707  780
4   915  384  770  891
4   843  919  688  768
4   610  616  481  702
4   592  565  929  965
4  1026  997  805 1030
4   480  589  482  847
4   824  433  684  838
4   589  480  559  847
4   549  600  768 1019
4   384  480  482  847
4   776  445  882  780
4   959  776  882  780
4   707  445  776  780
4   959  707  776  780
4   930  765  882  780
4   765  930  781  780
4   445  446  333  780
4   433  431  824  977
4   433  824  684  977
4   714  489  956  949
4   558  481  616  844
4   616  481  702  844
4   481  480  702  844
4   559  558  550  844
4   480  558  559  844
4   481  558  480  844
4  1051  249  844  733
4   684  824 1000  977
4   559  589  847  733
4   559  847  844  733
4   550  559  844  733
4   870 1051  844  733
4   854  870  844  733
4   870  854 1051  733
4   395  562  394 1030
4   249  799  781  733
4   249  781  844  733
4   781  930  844  733
4  1000  708  864  977
4   708 1000  795  977
4   550  552  551  733
4   762  691  768 1019
4   423  548  929  990
4   589  550  551  733
4   550  589  559  733
4   684  838  929  990
4   371  425  728  937
4   762  886  929  990
4    92  252  818  873
4   372  371  370 1023
4   370  422  372 1023
4   762  929 1019  990
4   815  573  739  953
4   398  425  469  937
4   565  423  929  990
4   781  142  707  864
4   142  781 1000  864
4   446  432  479  864
4   479  432  433  864
4   446  478  432  864
4   189  782  908  748
4   623  624  630  797
4   836  760  773  937
4   510  600 1019  924
4   735  842  807  756
4   424  565  838  990
4   420  549  600  768
4   600  422  768  924
4   600  422  420  768
4   600  768 1019  924
4   552  592  551  965
4   549  510  600 1019
4   548  592  423 1019
4   551  592  549 1019
4   698  511  924  944
4   413  425  371  937
4   511  510  698  924
4   768  985 1019  924
4   985  698 1019  924
4   698  510 1019  924
4   600  510  372  924
4   372  422  600  924
4   510  511  372  924
4   424  380  423  990
4   565  424  423  990
4   446  780  864  851
4   479  446  864  851
4   550  333  479  851
4   479  552  550  851
4   446  479  333  851
4   764  388  956  934
4   395  431  432  977
4   432  431  433  977
4   714  777  956  934
4   440  438  560  952
4   437  438  440  952
4   111  109  896  869
4   663  438  341  952
4   800 1004  744  745
4   437  341  438  952
4   931  758  792  909
4   431  824  977 1041
4   742  904 1026 1030
4   478  477  805 1030
4   477  489  562 1030
4   395  394  805 1030
4   952  440 1003  880
4   742 1026  805 1030
4   562  714  769 1030
4   362  431  361 1041
4   602  431  362 1041
4   147  225  754  879
4   440  560  735  880
4   343  342  983  934
4  1026  997 1030  949
4   478  477  395  805
4   440  439  437 1003
4   534  439  440 1003
4   732  663  952  880
4   685  464  696  807
4   754  693  948  927
4   281  236  940  970
4   940  236  817  970
4   187  236  281  970
4   462  659  696  842
4   958 1002  745  989
4   817   58  811  909
4   294  126  828  811
4   861  732 1003  735
4   186  160  712  685
4   560  463  535  735
4   440  560  535  735
4   587  535  463  735
4   535  534  440  735
4   904 1026 1030  949
4  1021  739  860  962
4   920  361  686  901
4   518  361  920  901
4   998  861  735  880
4   732  861  998  880
4   440 1003  735  769
4   534  440  735  769
4   440  534 1003  769
4   714  742  904  769
4   732  714  904  769
4   742  732  904  769
4   439  562  714  769
4   605  534  535  769
4   394  534  605  769
4   732  952 1003  880
4   794  940  817  970
4   394  439  534  769
4   562  439  394  769
4   280  683  859  949
4  1026  280  859  949
4   489  714  956  934
4   489  343  714  934
4   342  343  386  934
4   386  343  388  934
4   388  343  489  934
4   940  794  948  970
4   364  363  749  758
4   214   55  710  686
4    91  742 1047  686
4   304   91 1047  686
4    91  304  742  686
4  1041  795  805  686
4   795 1047  805  686
4   824  795 1041  686
4   710  824 1041  686
4   824  710  795  686
4   805  742 1030  686
4   394  805 1030  686
4   742  394 1030  686
4   394  395  805  686
4   431 1041  805  686
4   395  431  805  686
4   431  361 1041  686
4   394  605  361  686
4   304   55  214  686
4   394  361  395  686
4   361  431  395  686
4   940  828  817  811
4   424  379  723  994
4   758  364  878  817
4   815  593 1007  868
4   635  538  973 1024
4   712  186  685  817
4   352  462  659  696
4   464  353  685  696
4   465  464  685  996
4   517  698 1012  988
4   490  491  465  685
4   940  828  794  817
4   364  758  996  817
4   160  186  161  685
4   593  556  557 1007
4   464  353  465  685
4   588  541  876  792
4   665  660 1002  989
4   828  784  766  811
4   644   39  204  927
4   652  653 1015  879
4   240   56  931  909
4   518  920  749  901
4   365  518  749  901
4   485  493  785 1009
4   225  297  682  879
4   563  382  876  730
4   659  157  696  756
4   429  430  784  766
4   430  828  784  766
4   472  541  364  758
4   696  807  756 1008
4   364  541  363  758
4   379  382  381  730
4  1044  172  858  889
4   931  363  749  901
4   428  429 1028  900
4    40  646  754  927
4   222  149  650  879
4   920  686  749  901
4   889  858  737 1027
4  1002  696  958  745
4    89  794  744  745
4   664  561  880  842
4   561  560  880  842
4   659  461  664  842
4   461  462  463  842
4   461  463  560  842
4   878  828  766  811
4   461  561  664  842
4   561  461  560  842
4   886  723  895  994
4   493  414  785  771
4   593  557  815 1007
4   464  463  462  807
4   587  463  464  807
4  1013  100  748  741
4  1005  739 1021  962
4   236  126  294  811
4   236  294  940  811
4   828  126  784  811
4    58  236  817  811
4   491  365  464  996
4   491  464  465  996
4   365  587  464  996
4   491  364  365  996
4   838  824 1041  736
4   511  372  924  944
4   588  736  730  994
4   723  838  990  994
4   382  541  472  876
4   382  472  563  876
4   842  696  807  756
4   588  541  382  876
4   664  659  842  756
4   735  880  842  756
4   988  868  834  980
4   517  380  381 1012
4   687  804  896  908
4   430  537  828  766
4   828  537  878  766
4   537  472  878  766
4   782 1034  715  790
4   640  635  969  973
4   485  414  575  785
4   635  426 1028  900
4   850  726  760  773
4  1050  730 1046  980
4   563  472  471  766
4   430  471  472  766
4   573  739 1005  962
4   696 1004  958  745
4   895  736  994 1046
4   263 1044  884  819
4   430  429  471  766
4   430  472  537  766
4   593  415  517  988
4   263  884  967  727
4  1005 1021  860  962
4   239  272  860  962
4   937  425  875  993
4   912  254  711  943
4   511  517  415  988
4   363  362  901  736
4   886   76  723  939
4   275   89  948  744
4   511  415  412  837
4   412  415  414  837
4   476  858  972  910
4   168  126  811  713
4   931  363  901  736
4   824  895  710  736
4   158  159  157  756
4   159  259  861  756
4   785  705  912  896
4   886  723  762  939
4    76   74  980  939
4   517  593  988  868
4   723  698  762  939
4    54  287  736 1046
4   730  736  792 1046
4   588  362  363  736
4   381 1012  730  868
4   804  110  896  908
4   287   76 1050 1046
4   705  837  834  896
4   557  573  815  953
4   539  973  900 1024
4   563 1007  868  711
4  1007  556  953  711
4   563  730  913  711
4    75   76  886  939
4   973  538  900 1024
4   640  635  973 1024
4   647  648  654 1015
4   555  557  556  953
4   555  556  471  953
4   123  124  695  918
4    74  213  980  939
4   429  555  471  953
4  1034  905  715  790
4   124  122  636  918
4   555  573  557  953
4   638  171  632  775
4   858  476 1027  910
4    75  206  213  939
4   775  950  852  910
4   404  403  493  771
4   726  775  885  773
4   484 1034 1005 1021
4   785  181  912  962
4   286   57  712  761
4   287  240  792 1050
4   240   77  792 1050
4   485  575  573 1005
4   484  485  573 1005
4   540  484  573 1005
4   254  292  912  711
4   496  579  737  819
4   194  195  193  743
4    47   85   84  821
4   782 1005  860  962
4   181  860  912  962
4   519  553  873  808
4   636  122  635  918
4   371 1023  944  728
4   429  539  555  900
4   429  426  539  900
4   428  426  429  900
4   539  426  538  900
4   426  635  538  900
4  1034  485 1005 1009
4   539  540  739 1021
4   973  640 1024 1021
4   739  973 1021  981
4   973  739  883  981
4   640  483 1024 1021
4   484  483  634 1021
4   860  239  962  981
4   125  167  883  757
4  1021  860  981  790
4   973  739  900  757
4   239  237  883  981
4   404  493  374 1009
4   631 1043  763  819
4   374  493  485 1009
4   237  239  179  981
4   640  634  483 1021
4   540  539  484 1021
4   539  483  484 1021
4   642  508  643  693
4   582  509 1031  693
4   392  351  660  813
4   391  351  392  813
4   391  392  598  813
4    43   44  958  989
4   661  392  660  813
4   363  588  736  792
4   660  665   42  989
4   452  648  547 1015
4   648  646  754 1015
4   653  654  652 1015
4   465  582 1031  794
4   655  527  652 1015
4  1031  582  693  794
4   391  393  353 1004
4   393  465  353 1004
4   391  353  351 1004
4    44  696  958  989
4   685  807  958 1008
4   453  527  655 1015
4   669  668  652  879
4   509  828 1031  693
4   693  940  794  948
4   631  637  846  819
4   660   42  865  989
4   393 1004  800  794
4   722  814  922  966
4   348  649  643  693
4   582  350  509  693
4   508  509  350  693
4   754  800  682  744
4   685  465 1031  794
4   652 1015  682  879
4   348  508  350  693
4   754  693  800  948
4   508  595  509  693
4   576  547  350  800
4   393  350  582  800
4   576  393  391  800
4   576  529  547  800
4   576  391  529  800
4   654  453  652 1015
4   393  465 1004  794
4   453  655  652 1015
4  1031  685  794  817
4   528  598  661  682
4   642  636 1028  695
4   508  642  784  695
4   642  508  693  695
4   771  687  908  898
4   598  527  529  682
4   391  598  529  682
4   791   92  818  968
4   124  644  204  695
4   643  642  693  695
4   529  527  452  682
4   669  661  668  682
4   598  528  527  682
4   669  528  661  682
4   828  595  784  695
4   123  204  294  695
4   204  205  294  695
4   126  123  294  695
4   124  204  123  695
4   642  644  636  695
4   643  644  642  695
4   644  124  636  695
4   275   88   89  744
4   735  712  807  761
4   287  931  710  792
4   710  931  736  792
4   287  710  736  792
4   815  988  868  834
4   837  687  944  869
4   181  785  912  896
4   588  363  541  792
4    74   75  213  939
4   172  305  858  775
4   659  664  158  756
4   259  159  158  756
4   205  940  695  927
4   260  259  158  756
4   664  260  158  756
4   861  735  769  761
4   214  304  686  761
4   157  160   43  958
4   160  161   43  958
4   157   43   44  958
4   920  587  749  761
4   861  159  756 1008
4   712  685  958 1008
4   491  490  878  817
4   490  491  685  817
4    88   89  744  745
4   160  286  712 1008
4   491  364  996  817
4   364  491  878  817
4   865   88  744  745
4   931  712  749  909
4   157  160  958 1008
4   159  157  756 1008
4   696  756  958 1008
4   807  735  756 1008
4   186   58  187  817
4    58  236  187  817
4   813  865  744  745
4    56   58  931  909
4  1007  815  868  711
4    88   43   89  745
4   758  817  811  909
4    43  161   89  745
4   587  735  807  761
4   587  920  735  761
4   769  920  686  761
4   304  769  686  761
4   304  234  769  761
4   286  233  214  761
4   233  304  214  761
4    57  286  214  761
4   234  304  233  761
4    58   57  931  909
4   712  186  817  909
4   749  712  996  909
4   996  712  817  909
4    57  186  712  909
4    57  712  931  909
4    58  240  168  909
4    56  240   58  909
4   186   57   58  909
4   286  861  761 1008
4   712  286  761 1008
4   735  712  761 1008
4   861  735  761 1008
4   159  160  157 1008
4   159  286  160 1008
4    39   40  204  927
4   204   40  205  927
4   646   39  643  927
4   644  643   39  927
4   646   41   39  927
4    40   39   41  927
4  1034  782 1005  860
4   272  254  912  962
4   705  785  912  962
4   782  181  785  962
4   256  125  167  883
4   237  125  256  883
4   892  791  818  968
4   239  237  256  883
4   791  818  836  760
4   254  255  711  943
4   634  639  905  790
4    68   67  715  790
4   905  639  715  790
4   376  634  905  790
4    67  179  782  790
4   167  883  713  943
4   254  256  255  943
4   179  239  272  860
4   181  179  272  860
4   687  785  771  896
4   167  256  883  943
4    74  292  711  980
4   213  111  834 1036
4   181  782  860  962
4    96  171  932  775
4   287   76   77 1050
4    77   76   74 1050
4   782  785 1005  962
4   262   77   74 1050
4   240  287   77 1050
4   835  740  871  787
4   274  292  111  834
4   292  213  111  834
4   791   93  740  787
4   723   76 1046  939
4   687  109  804  869
4   705  834  912  896
4   912  815  962  943
4    66 1040  871  787
4   239  739  883  943
4   739  239  962  943
4   953  739  962  943
4   292  274  254  912
4   274  272  254  912
4   207  111 1036  869
4   181  272  274  912
4   181  782  785  896
4   255  262  711  713
4   293   92  892  968
4   404  771 1009  748
4   876  730  792  913
4   876  563  730  913
4   181  189  782  896
4    77  792 1050  913
4   109  687  804  896
4   110  109  804  896
4   110  181  274  896
4   110  274  111  896
4   109  110  111  896
4  1012  723  868  980
4   181  110  189  896
4   563  876  766  913
4   758  876  792  913
4   876  758  811  913
4    77  240  792  913
4    76  886  723 1046
4   723  886  895 1046
4   895   54  736 1046
4   886  119  895 1046
4   782 1034 1009  715
4   758  792  909  913
4   811  758  909  913
4   168  811  909  913
4   792  240  909  913
4   240  168  909  913
4   262  168   77  913
4   167  168  262  913
4   168  240   77  913
4    76  119  886 1046
4   631  846 1043  819
4   739  815  953  962
4   815  573 1005  962
4   815  785  705  962
4   573  815  739  962
4   255  262   74  711
4   292  255   74  711
4   785  815 1005  962
4   292  254  255  711
4  1034  374 1009  715
4   860  272  912  962
4  1012  698  939 1036
4   247  206   75  939
4   213  207  111 1036
4   206  207 1036  869
4   698  206 1036  869
4    63  206  985  869
4   688   63  985  869
4   804   63  688  869
4   804  688  944  869
4   834  837 1036  869
4   111  834 1036  869
4   834  111  896  869
4   837  834  896  869
4   688  924  944  869
4   688  985  924  869
4   207   63  109  869
4   207  109  111  869
4    63  207  206  869
4   913  563  711  713
4   262  913  711  713
4   262  167  913  713
4   100   67  782  748
4   263  967  819  727
4   168  811  913  713
4   167  168  913  713
4   563  556  711  713
4   125  126  167  713
4   167  262  255  713
4   635  973  900  757
4   126  168  167  713
4   563  471  556  713
4   123  125  918  757
4   953  739  883  757
4   739  953  900  757
4   125  969  918  757
4   398  760  808  923
4    99   96 1013  775
4   125  126  713  757
4   245   67  100  715
4    67  245   69  715
4   639   69  633  715
4    68   69  639  715
4    68   67   69  715
4   739  973  883  757
4   471  953  713  757
4   376  484  634  790
4  1005 1034  860  790
4  1034 1005 1021  790
4  1021 1005  860  790
4   639  634   68  790
4    68  179   67  790
4   471  429  953  757
4   953  429  900  757
4   784  429  766  757
4   784  766  713  757
4   973  969  883  757
4   635  969  973  757
4   784  126  695  757
4  1028  784  695  757
4   126  784  811  757
4   811  784  713  757
4   126  811  713  757
4   695  123  918  757
4  1028  695  918  757
4   429  471  766  757
4   766  471  713  757
4   635 1028  918  757
4   969  635  918  757
4   126  123  695  757
4   123  126  125  757
4   165  166   99  885
4    95  171  170  889
4   771  403 1013  748
4   771  782 1009  748
4    98 1013  796  885
4   782   67  715  748
4    96   98   99 1013
4   950  474  852  910
4  1023  688  944  728
4  1043  967  681  819
4   100   98   96 1013
4   782  771  908  748
4   325  315  821  857
4   191  172 1044  889
4   189  100  782  748
4   796  885  773  937
4   414  413  687  898
4   687  804  908  796
4   192  191 1044  846
4   305  278  858  726
4    99  166  305  726
4    64  121  804  796
4  1040  787  728  875
4   425  398  760  937
4   775 1013  885  773
4   108  121  165  796
4   108  165   98  796
4   121   64   66  787
4   121   66   93  787
4   760  398  993  923
4  1013  771  748  898
4   215  195  873  968
4   172  171  858  889
4    96 1013  775  741
4   371  412  687  728
4   356  572 1025  966
4   337  355  825 1033
4   320  337  793  984
4   211   85  315  821
4   515  315  747  984
4   154  153   36  963
4   743  967  727  917
4    94  166  165  836
4   786  743  700  690
4   688  804  944  728
4   821  211  701  747
4   166  252  253  726
4   818   92  873  968
4   195   92  293  968
4   197  271  681  722
4    92  195  215  968
4   967  681  727  917
4   755  356 1025  966
4   278  263 1044  884
4   633  245  932  976
4   641 1043  963  763
4   278  858  726  884
4   253  278  726  884
4   579  554  606  972
4   737  884  819  727
4   215  263  253  884
4   750  725  848  881
4   884  263  819  727
4   252  215  253  884
4   253  263  278  884
4   436  434  355 1033
4   325   47  826  821
4   725  867  881  999
4   631  637  190  846
4   190  192  196  846
4   154  631  190  846
4   190  196  154  846
4   190  191  192  846
4   154  641  631  846
4   193  195  946  743
4   412  371  944  728
4  1017  139  681  722
4   858  775  726  972
4   519  873  850  727
4   921  627  746  797
4   641  631  846 1043
4   645  631  641  763
4    70  820  863  694
4   942   49  820  722
4   750  881  831  999
4   283   49  942  992
4   495  457  500  893
4   289  321  802  694
4   192  285  196 1043
4   285  197  196 1043
4   606  470  972  850
4   377  318  320  694
4   192  263  285 1043
4   622  331  626  797
4   374 1009  715  976
4   694  942  755  746
4    48  139 1017  722
4   641  631 1043  763
4    37  627   36 1048
4    35   37   36 1048
4    36  627  628 1048
4   641   36  628  963
4   153   35   36 1048
4   131  699  701  888
4    70  229  283  942
4   152  242  229  921
4   229   70  289  942
4   638  633  932  950
4    36  641  154  963
4    59  293  892  700
4   150   37  152  921
4   404  546  741  976
4   546  374  905  976
4   289  229  942  694
4   130  193  699  814
4   888  722  755  825
4   681  814  922  917
4   498  497  434  917
4   850  553  760  808
4   355  888  755  825
4    48  139  130 1017
4   389  725  999  857
4   402  972  773  852
4   130  139  217 1017
4   413  371  687  728
4   285 1043  967  681
4    48  130  131 1017
4   355  434  922 1033
4   873  215  967  743
4   215  195  967  743
4   401  633  950  976
4   821  315  747  857
4   195  873  968  743
4   945   50  701  888
4   194  217  967  814
4   217  285  967  681
4   235  132  284  946
4   132  193  284  946
4   946  699  743  690
4   737  494  819  893
4   193  195  284  946
4   681  963  767 1025
4   950  932  741  976
4   436  604  831  999
4   681  586  727  917
4   195  112  284  786
4   112  113  284  786
4   699  303  881  831
4   458  501  500  763
4   271   49  992  722
4    27   50  211  945
4   211   50  701  747
4   499  497  498  743
4   835  791  787  875
4    27  945  747  825
4   285  194  217  967
4   285  263  194  967
4   263  215  194  967
4   355  337  357 1033
4   215  195  194  967
4   818  726  836  760
4   722  888  755  922
4   867  701  999  857
4    85   47  325  821
4    46   86  848  867
4    35  271   49  992
4   494  496  579  737
4   216   86   84  867
4   131  699  881  701
4    86   46   84  867
4   750  955  951  881
4   235  303  951  881
4    86  235  951  881
4    86  216  303  881
4   303  216  131  881
4   130  699 1017  814
4    86  303  235  881
4   814  922  917  935
4   820  793  863  694
4   846 1044 1043  819
4   521  586  501  681
4   197  285  217  681
4   139  197  217  681
4   131   48 1017  888
4   590  531  802  694
4   229  289  802  694
4   319  590  802  694
4   604  390  750  999
4   355  443  755  922
4   496  500  819  893
4   357  747  825  984
4    50  216   84  701
4   216   50  131  701
4   434  497  521  917
4   531  530  802  797
4   743  499  700  690
4   401  546  375  976
4   404 1013  741  852
4   390  389  725  999
4   793  318  863  694
4   356  584  755 1025
4   520  436  701  999
4   229  802  942  694
4   194  130  217  814
4   130  194  193  814
4   318   70  863  694
4   417  772 1014  911
4   326   26  315  747
4    26   27  211  747
4   357  515  747  984
4   397  700  808  855
4   873  553  850  808
4    70  942  820  694
4   434  521  922  917
4   377  320  793  694
4   496  495  500  893
4   888  355  922 1033
4  1048  628  963  767
4   153   35 1048  767
4   645  631  763  893
4   942  992 1025  746
4   229  283  942  746
4  1048  242  921  746
4   245  633  715  976
4   139  197  681  722
4   271  681  722 1025
4    35   49  283  992
4  1044  278  884  737
4   630  543  746  797
4    71   70  318  694
4   630  624  455  797
4   623  627  921  797
4   196  153  154  963
4   820   48  945  722
4   945   48  888  722
4   820  945  888  722
4   586  501  681  763
4   457  458  500  763
4    49  271  139  722
4    48   49  139  722
4   271  197  139  722
4   584  531  377  694
4   590  319  377  694
4   321  318  319  694
4   377  531  590  694
4    70   71  289  694
4   321   71  318  694
4   242 1048  992  746
4   337  356  377  755
4   356  584  377  755
4   495  496  494  893
4   500  501  586  763
4   633  639  715  976
4   628  645  963  767
4   963  645  763  767
4   645  458  763  767
4   645  628  458  767
4   622  227  802  797
4   543  531  746  797
4   802  227  921  797
4   271  153  963  767
4   457  645  763  893
4   229  802  921  746
4   628  344  458  767
4   344  629  345  767
4   458  345  572  767
4   627 1048  921  746
4   629  628  627  767
4   763  631  819  893
4   271   35  153  767
4   629  344  628  767
4   344  345  458  767
4   584  694  755  746
4   283  242  992  746
4   629  630  543  746
4  1048  627  767  746
4   627  629  767  746
4   629  345  767  746
4   345  629  543  746
4   767  345 1025  746
4   992  767 1025  746
4   443  755  922  966
4   584  543  531  746
4   345  543  584  746
4   229  242  283  746
4   630  629  627  746
4   715 1009  741  976
4   501  521  681  966
4   637  475  632 1027
4   475  494  476 1027
4   475  400  632 1027
4   521  443  922  966
4   400  474  399  950
4   400  401  638  950
4   400  399  401  950
4   632  400  638  950
4   401  399  546  950
4   638  401  633  950
4   632  400  950  910
4   972  775  852  910
4   474  972  852  910
4   493  414  771  898
4   195  786  743  700
4  1009  404  748  741
4   715 1009  748  741
4   579  554  972  850
4   908 1013  748  898
4   253  818  873  850
4   398  396  425  993
4   858  726  884  850
4   726  858  972  850
4   368  396  397  923
4   818  253  726  850
4   728  787  937  875
4   399  404  546  741
4   775  858  889  910
4   245  100   96  741
4   726  253  884  850
4  1044  192 1043  819
4   968  195  743  700
4   496  586  564  819
4   586  496  500  819
4   737  579  972  850
4   858  737  972  850
4   687  804  796  728
4   858  884  737  850
4   470  554  553  850
4   553  554  519  850
4   368  594  700  923
4   606  554  470  850
4   355  888  825 1033
4   496  579  819  727
4   564  496  819  727
4   564  497  519  727
4   564  519  554  727
4   564  586  497  727
4   579  564  554  727
4   579  496  564  727
4   370  933  728  875
4   470  553  398  760
4   717 1040  688  728
4   435  831  690  935
4   413  414  493  898
4   885 1013  898  773
4   796  885  898  773
4   425  371  728  875
4   972  726  850  773
4   470  972  850  773
4   606  402  972  773
4   470  606  972  773
4  1013  403  898  773
4   403  469  898  773
4   402  470  469  773
4   402  469  403  773
4   402  606  470  773
4   700  397  808  923
4   398  425  760  993
4   804   64  796  728
4  1040  871  787  875
4   425  396  875  993
4   425  728  937  875
4   121   64  787  728
4    64  121  796  728
4   796  121  787  728
4   396  835  875  993
4   370  933  717  728
4   791  787  875  993
4   835  791  875  993
4   373  396  835  875
4   195  112  786  700
4   717  933  871  875
4  1040  717  871  875
4   717 1040  728  875
4   933  717  728  875
4   373  425  396  875
4   373  371  425  875
4   371  373  370  875
4   972  775  773  852
4   368  416 1014  700
4   396  368  835  923
4    59  892  738  700
4   112   59  738  700
4   112  979  786  700
4   979  112  738  700
4   945  701  747  825
4   368 1014  738  700
4   892  368  738  700
4   979 1014  786  700
4  1014  979  738  700
4   968  873  808  855
4   112  195  293  700
4    59  112  293  700
4   499  416  594  700
4   368  594  416  700
4   397  398  808  923
4   499  585  416  700
4   699  814  690  935
4   637  494  737  893
4   500  457  763  893
4   494  637  495  893
4   495  631  457  893
4   355  434  443  922
4   434  521  443  922
4   793  337  825  984
4   436  520  604  999
4   520  389  390  999
4   701  520  999  857
4   515  315  316  857
4   829  325  826  857
4   826  325  821  857
4   725  829  826  857
4   314  325  829  857
4   389  314  829  857
4   389  357  515  857
4   520  357  389  857
4   316  389  515  857
4   315  325  316  857
4   316  314  389  857
4   325  314  316  857
4   515  337  317  984
4   317  337  320  984
4   326  315  317  984
4   326  317  320  984
4   515  357  337  984
4   951  536  690  911
4   536  585  690  911
4   417  536  772  911
4   405  417 1014  911
4   416  405 1014  911
4   416  585  417  911
4   417  585  536  911
4   405  416  417  911
4   604  436  831  935
4   435  604  831  935
4   699  888  922  935
4   922  888 1033  935
4   831  436  999  935
4   701  831  999  935
4   436  701  999  935
4   699  701  888  935
4   888  701 1033  935
4   436  435  434  935
4   498  434  435  935
4   436  604  435  935
4   519  397  808  855
4   791  818  760  808
4   873  743  727  855
4   553  519  397  808
4   553  397  398  808
4   403  402  773  852
4   743  968  700  855
4   775 1013  773  852
4   519  499  397  855
4   499  594  397  855
4   519  497  499  855
4   404  403 1013  852
4   399  404  741  852
4   399  474  402  852
4   399  402  403  852
4   399  403  404  852
4   400  632 1027  910
4   638  632  950  910
4   632  638  775  910
4   775  638  950  910
4   476  475 1027  910
4   606  476  972  910
4   474  606  972  910
4   475  474  400  910
4   475  476  474  910
4   474  476  606  910
4   521  922  917  966
4   681  521  917  966
4   458  763  767  966
4   458  501  763  966
4   572  458  767  966
4   443  501  572  966
4   443  521  501  966
4   572  356  443  966
4   572  501  458  966
4   457  631  645  893

CELL_TYPES 4320
10
10
10
10
10
10
10
10
10
10
10
10
10
10
10
10
10
10
10
10
10
10
10
10
10
10
10
10
10
10
10
10
10
10
10
10
10
10
10
10
10
10
10
10
10
10
10
10
10
10
10
10
10
10
10
10
10
10
10
10
10
10
10
10
10
10
10
10
10
10
10
10
10
10
10
10
10
10
10
10
10
10
10
10
10
10
10
10
10
10
10
10
10
10
10
10
10
10
10
10
10
10
10
10
10
10
10
10
10
10
10
10
10
10
10
10
10
10
10
10
10
10
10
10
10
10
10
10
10
10
10
10
10
10
10
10
10
10
10
10
10
10
10
10
10
10
10
10
10
10
10
10
10
10
10
10
10
10
10
10
10
10
10
10
10
10
10
10
10
10
10
10
10
10
10
10
10
10
10
10
10
10
10
10
10
10
10
10
10
10
10
10
10
10
10
10
10
10
10
10
10
10
10
10
10
10
10
10
10
10
10
10
10
10
10
10
10
10
10
10
10
10
10
10
10
10
10
10
10
10
10
10
10
10
10
10
10
10
10
10
10
10
10
10
10
10
10
10
10
10
10
10
10
10
10
10
10
10
10
10
10
10
10
10
10
10
10
10
10
10
10
10
10
10
10
10
10
10
10
10
10
10
10
10
10
10
10
10
10
10
10
10
10
10
10
10
10
10
10
10
10
10
10
10
10
10
10
10
10
10
10
10
10
10
10
10
10
10
10
10
10
10
10
10
10
10
10
10
10
10
10
10
10
10
10
10
10
10
10
10
10
10
10
10
10
10
10
10
10
10
10
10
10
10
10
10
10
10
10
10
10
10
10
10
10
10
10
10
10
10
10
10
10
10
10
10
10
10
10
10
10
10
10
10
10
10
10
10
10
10
10
10
10
10
10
10
10
10
10
10
10
10
10
10
10
10
10
10
10
10
10
10
10
10
10
10
10
10
10
10
10
10
10
10
10
10
10
10
10
10
10
10
10
10
10
10
10
10
10
10
10
10
10
10
10
10
10
10
10
10
10
10
10
10
10
10
10
10
10
10
10
10
10
10
10
10
10
10
10
10
10
10
10
10
10
10
10
10
10
10
10
10
10
10
10
10
10
10
10
10
10
10
10
10
10
10
10
10
10
10
10
10
10
10
10
10
10
10
10
10
10
10
10
10
10
10
10
10
10
10
10
10
10
10
10
10
10
10
10
10
10
10
10
10
10
10
10
10
10
10
10
10
10
10
10
10
10
10
10
10
10
10
10
10
10
10
10
10
10
10
10
10
10
10
10
10
10
10
10
10
10
10
10
10
10
10
10
10
10
10
10
10
10
10
10
10
10
10
10
10
10
10
10
10
10
10
10
10
10
10
10
10
10
10
10
10
10
10
10
10
10
10
10
10
10
10
10
10
10
10
10
10
10
10
10
10
10
10
10
10
10
10
10
10
10
10
10
10
10
10
10
10
10
10
10
10
10
10
10
10
10
10
10
10
10
10
10
10
10
10
10
10
10
10
10
10
10
10
10
10
10
10
10
10
10
10
10
10
10
10
10
10
10
10
10
10
10
10
10
10
10
10
10
10
10
10
10
10
10
10
10
10
10
10
10
10
10
10
10
10
10
10
10
10
10
10
10
10
10
10
10
10
10
10
10
10
10
10
10
10
10
10
10
10
10
10
10
10
10
10
10
10
10
10
10
10
10
10
10
10
10
10
10
10
10
10
10
10
10
10
10
10
10
10
10
10
10
10
10
10
10
10
10
10
10
10
10
10
10
10
10
10
10
10
10
10
10
10
10
10
10
10
10
10
10
10
10
10
10
10
10
10
10
10
10
10
10
10
10
10
10
10
10
10
10
10
10
10
10
10
10
10
10
10
10
10
10
10
10
10
10
10
10
10
10
10
10
10
10
10
10
10
10
10
10
10
10
10
10
10
10
10
10
10
10
10
10
10
10
10
10
10
10
10
10
10
10
10
10
10
10
10
10
10
10
10
10
10
10
10
10
10
10
10
10
10
10
10
10
10
10
10
10
10
10
10
10
10
10
10
10
10
10
10
10
10
10
10
10
10
10
10
10
10
10
10
10
10
10
10
10
10
10
10
10
10
10
10
10
10
10
10
10
10
10
10
10
10
10
10
10
10
10
10
10
10
10
10
10
10
10
10
10
10
10
10
10
10
10
10
10
10
10
10
10
10
10
10
10
10
10
10
10
10
10
10
10
10
10
10
10
10
10
10
10
10
10
10
10
10
10
10
10
10
10
10
10
10
10
10
10
10
10
10
10
10
10
10
10
10
10
10
10
10
10
10
10
10
10
10
10
10
10
10
10
10
10
10
10
10
10
10
10
10
10
10
10
10
10
10
10
10
10
10
10
10
10
10
10
10
10
10
10
10
10
10
10
10
10
10
10
10
10
10
10
10
10
10
10
10
10
10
10
10
10
10
10
10
10
10
10
10
10
10
10
10
10
10
10
10
10
10
10
10
10
10
10
10
10
10
10
10
10
10
10
10
10
10
10
10
10
10
10
10
10
10
10
10
10
10
10
10
10
10
10
10
10
10
10
10
10
10
10
10
10
10
10
10
10
10
10
10
10
10
10
10
10
10
10
10
10
10
10
10
10
10
10
10
10
10
10
10
10
10
10
10
10
10
10
10
10
10
10
10
10
10
10
10
10
10
10
10
10
10
10
10
10
10
10
10
10
10
10
10
10
10
10
10
10
10
10
10
10
10
10
10
10
10
10
10
10
10
10
10
10
10
10
10
10
10
10
10
10
10
10
10
10
10
10
10
10
10
10
10
10
10
10
10
10
10
10
10
10
10
10
10
10
10
10
10
10
10
10
10
10
10
10
10
10
10
10
10
10
10
10
10
10
10
10
10
10
10
10
10
10
10
10
10
10
10
10
10
10
10
10
10
10
10
10
10
10
10
10
10
10
10
10
10
10
10
10
10
10
10
10
10
10
10
10
10
10
10
10
10
10
10
10
10
10
10
10
10
10
10
10
10
10
10
10
10
10
10
10
10
10
10
10
10
10
10
10
10
10
10
10
10
10
10
10
10
10
10
10
10
10
10
10
10
10
10
10
10
10
10
10
10
10
10
10
10
10
10
10
10
10
10
10
10
10
10
10
10
10
10
10
10
10
10
10
10
10
10
10
10
10
10
10
10
10
10
10
10
10
10
10
10
10
10
10
10
10
10
10
10
10
10
10
10
10
10
10
10
10
10
10
10
10
10
10
10
10
10
10
10
10
10
10
10
10
10
10
10
10
10
10
10
10
10
10
10
10
10
10
10
10
10
10
10
10
10
10
10
10
10
10
10
10
10
10
10
10
10
10
10
10
10
10
10
10
10
10
10
10
10
10
10
10
10
10
10
10
10
10
10
10
10
10
10
10
10
10
10
10
10
10
10
10
10
10
10
10
10
10
10
10
10
10
10
10
10
10
10
10
10
10
10
10
10
10
10
10
10
10
10
10
10
10
10
10
10
10
10
10
10
10
10
10
10
10
10
10
10
10
10
10
10
10
10
10
10
10
10
10
10
10
10
10
10
10
10
10
10
10
10
10
10
10
10
10
10
10
10
10
10
10
10
10
10
10
10
10
10
10
10
10
10
10
10
10
10
10
10
10
10
10
10
10
10
10
10
10
10
10
10
10
10
10
10
10
10
10
10
10
10
10
10
10
10
10
10
10
10
10
10
10
10
10
10
10
10
10
10
10
10
10
10
10
10
10
10
10
10
10
10
10
10
10
10
10
10
10
10
10
10
10
10
10
10
10
10
10
10
10
10
10
10
10
10
10
10
10
10
10
10
10
10
10
10
10
10
10
10
10
10
10
10
10
10
10
10
10
10
10
10
10
10
10
10
10
10
10
10
10
10
10
10
10
10
10
10
10
10
10
10
10
10
10
10
10
10
10
10
10
10
10
10
10
10
10
10
10
10
10
10
10
10
10
10
10
10
10
10
10
10
10
10
10
10
10
10
10
10
10
10
10
10
10
10
10
10
10
10
10
10
10
10
10
10
10
10
10
10
10
10
10
10
10
10
10
10
10
10
10
10
10
10
10
10
10
10
10
10
10
10
10
10
10
10
10
10
10
10
10
10
10
10
10
10
10
10
10
10
10
10
10
10
10
10
10
10
10
10
10
10
10
10
10
10
10
10
10
10
10
10
10
10
10
10
10
10
10
10
10
10
10
10
10
10
10
10
10
10
10
10
10
10
10
10
10
10
10
10
10
10
10
10
10
10
10
10
10
10
10
10
10
10
10
10
10
10
10
10
10
10
10
10
10
10
10
10
10
10
10
10
10
10
10
10
10
10
10
10
10
10
10
10
10
10
10
10
10
10
10
10
10
10
10
10
10
10
10
10
10
10
10
10
10
10
10
10
10
10
10
10
10
10
10
10
10
10
10
10
10
10
10
10
10
10
10
10
10
10
10
10
10
10
10
10
10
10
10
10
10
10
10
10
10
10
10
10
10
10
10
10
10
10
10
10
10
10
10
10
10
10
10
10
10
10
10
10
10
10
10
10
10
10
10
10
10
10
10
10
10
10
10
10
10
10
10
10
10
10
10
10
10
10
10
10
10
10
10
10
10
10
10
10
10
10
10
10
10
10
10
10
10
10
10
10
10
10
10
10
10
10
10
10
10
10
10
10
10
10
10
10
10
10
10
10
10
10
10
10
10
10
10
10
10
10
10
10
10
10
10
10
10
10
10
10
10
10
10
10
10
10
10
10
10
10
10
10
10
10
10
10
10
10
10
10
10
10
10
10
10
10
10
10
10
10
10
10
10
10
10
10
10
10
10
10
10
10
10
10
10
10
10
10
10
10
10
10
10
10
10
10
10
10
10
10
10
10
10
10
10
10
10
10
10
10
10
10
10
10
10
10
10
10
10
10
10
10
10
10
10
10
10
10
10
10
10
10
10
10
10
10
10
10
10
10
10
10
10
10
10
10
10
10
10
10
10
10
10
10
10
10
10
10
10
10
10
10
10
10
10
10
10
10
10
10
10
10
10
10
10
10
10
10
10
10
10
10
10
10
10
10
10
10
10
10
10
10
10
10
10
10
10
10
10
10
10
10
10
10
10
10
10
10
10
10
10
10
10
10
10
10
10
10
10
10
10
10
10
10
10
10
10
10
10
10
10
10
10
10
10
10
10
10
10
10
10
10
10
10
10
10
10
10
10
10
10
10
10
10
10
10
10
10
10
10
10
10
10
10
10
10
10
10
10
10
10
10
10
10
10
10
10
10
10
10
10
10
10
10
10
10
10
10
10
10
10
10
10
10
10
10
10
10
10
10
10
10
10
10
10
10
10
10
10
10
10
10
10
10
10
10
10
10
10
10
10
10
10
10
10
10
10
10
10
10
10
10
10
10
10
10
10
10
10
10
10
10
10
10
10
10
10
10
10
10
10
10
10
10
10
10
10
10
10
10
10
10
10
10
10
10
10
10
10
10
10
10
10
10
10
10
10
10
10
10
10
10
10
10
10
10
10
10
10
10
10
10
10
10
10
10
10
10
10
10
10
10
10
10
10
10
10
10
10
10
10
10
10
10
10
10
10
10
10
10
10
10
10
10
10
10
10
10
10
10
10
10
10
10
10
10
10
10
10
10
10
10
10
10
10
10
10
10
10
10
10
10
10
10
10
10
10
10
10
10
10
10
10
10
10
10
10
10
10
10
10
10
10
10
10
10
10
10
10
10
10
10
10
10
10
10
10
10
10
10
10
10
10
10
10
10
10
10
10
10
10
10
10
10
10
10
10
10
10
10
10
10
10
10
10
10
10
10
10
10
10
10
10
10
10
10
10
10
10
10
10
10
10
10
10
10
10
10
10
10
10
10
10
10
10
10
10
10
10
10
10
10
10
10
10
10
10
10
10
10
10
10
10
10
10
10
10
10
10
10
10
10
10
10
10
10
10
10
10
10
10
10
10
10
10
10
10
10
10
10
10
10
10
10
10
10
10
10
10
10
10
10
10
10
10
10
10
10
10
10
10
10
10
10
10
10
10
10
10
10
10
10
10
10
10
10
10
10
10
10
10
10
10
10
10
10
10
10
10
10
10
10
10
10
10
10
10
10
10
10
10
10
10
10
10
10
10
10
10
10
10
10
10
10
10
10
10
10
10
10
10
10
10
10
10
10
10
10
10
10
10
10
10
10
10
10
10
10
10
10
10
10
10
10
10
10
10
10
10
10
10
10
10
10
10
10
10
10
10
10
10
10
10
10
10
10
10
10
10
10
10
10
10
10
10
10
10
10
10
10
10
10
10
10
10
10
10
10
10
10
10
10
10
10
10
10
10
10
10
10
10
10
10
10
10
10
10
10
10
10
10
10
10
10
10
10
10
10
10
10
10
10
10
10
10
10
10
10
10
10
10
10
10
10
10
10
10
10
10
10
10
10
10
10
10
10
10
10
10
10
10
10
10
10
10
10
10
10
10
10
10
10
10
10
10
10
10
10
10
10
10
10
10
10
10
10
10
10
10
10
10
10
10
10
10
10
10
10
10
10
10
10
10
10
10
10
10
10
10
10
10
10
10
10
10
10
10
10
10
10
10
10
10
10
10
10
10
10
10
10
10
10
10
10
10
10
10
10
10
10
10
10
10
10
10
10
10
10
10
10
10
10
10
10
10
10
10
10
10
10
10
10
10
10
10
10
10
10
10
10
10
10
10
10
10
10
10
10
10
10
10
10
10
10
10
10
10
10
10
10
10
10
10
10
10
10
10
10
10
10
10
10
10
10
10
10
10
10
10
10
10
10
10
10
10
10
10
10
10
10
10
10
10
10
10
10
10
10
10
10
10
10
10
10
10
10
10
10
10
10
10
10
10
10
10
10
10
10
10
10
10
10
10
10
10
10
10
10
10
10
10
10
10
10
10
10
10
10
10
10
10
10
10
10
10
10
10
10
10
10
10
10
10
10
10
10
10
10
10
10
10
10
10
10
10
10
10
10
10
10
10
10
10
10
10
10
10
10
10
10
10
10
10
10
10
10
10
10
10
10
10
10
10
10
10
10
10
10
10
10
10
10
10
10
10
10
10
10
10
10
10
10
10
10
10
10
10
10
10
10
10
10
10
10
10
10
10
10
10
10
10
10
10
10
10
10
10
10
10
10
10
10
10
10
10
10
10
10
10
10
10
10
10
10
10
10
10
10
10
10
10
10
10
10
10
10
10
10
10
10
10
10
10
10
10
10
10
10
10
10
10
10
10
10
10
10
10
10
10
10
10
10
10
10
10
10
10
10
10
10
10
10
10
10
10
10
10
10
10
10
10
10
10
10
10
10
10
10
10
10
10
10
10
10
10
10
10
10
10
10
10
10
10
10
10
10
10
10
10
10
10
10
10
10
10
10
10
10
10
10
10
10
10
10
10
10
10
10
10
10
10
10
10
10
10
10
10
10
10
10
10
10
10
10
10
10
10
10
10
10
10
10
10
10
10
10
10
10
10
10
10
10
10
10
10
10
10
10
10
10
10
10
10
10
10
10
10
10
10
10
10
10
10
10
10
10
10
10
10
10
10
10
10
10
10
10
10
10
10
10
10
10
10
10
10
10
10
10
10
10
10
10
10
10
10
10
10
10
10
10
10
10
10
10
10
10
10
10
10
10
10
10
10
10
10
10
10
10
10
10
10
10
10
10
10
10
10
10
10
10
10
10
10
10
10
10
10
10
10
10
10
10
10
10
10
10
10
10
10
10
10
10
10
10
10
10
10
10
10
10
10
10
10
10
10
10
10
10
10
10
10
10
10
10
10
10
10
10
10
10
10
10
10
10
10
10
10
10
10
10
10
10
10
10
10
10
10
10
10
10
10
10
10
10
10
10
10
10
10
10
10
10
10
10
10
10
10
10
10
10
10
10
10
10
10
10
10
10
10
10
10
10
10
10
10
10
10
10
10
10
10
10
10
10
10
10
10
10
10
10
10
10
10
10
10
10
10
10
10
10
10
10
10
10
10
10
10
10
10
10
10
10
10
10
10
10
10
10
10
10
10
10
10
10
10
10
10
10
10
10
10
10
10
10
10
10
10
10
10
10
10
10
10
10
10
10
10
10
10
10
10
10
10
10
10
10
10
10
10
10
10
10
10
10
10
10
10
10
10
10
10
10
10
10
10
10
10
10
10
10
10
10
10
10
10
10
10
10
10
10
10
10
10
10
10
10
10
10
10
10
10
10
10
10
10
10
10
10
10
10
10
10
10
10
10
10
10
10
10
10
10
10
10
10
10
10
10
10
10
10
10
10
10
10
10
10
10
10
10
10
10
10
10
10
10
10
10
10
10
10
10
10
10
10
10
10
10
10
10
10
10
10
10
10
10
10
10
10
10
10
10
10
10
10
10
10
10
10
10
10
10
10
10
10
10
10
10
10
10
10
10
10
10
10
10
10
10
10
10
10
10
10
10
10
10
10
10
10
10
10
10
10
10
10
10
10
10
10
10
10
10
10
10
10
10
10
10
10
10
10
10
10
10
10
10
10
10
10
10
10
10
10
10
10
10
10
10
10
10
10
10
10
10
10
10
10
10
10
10
10
10
10
10
10
10
10
10
10
10
10
10
10
10
10
10
10
10
10
10
10
10
10
10
10
10
10
10
10
10
10
10
10
10
10
10
10
10
10
10
10
10
10
10
10
10
10
10
10
10
10
10
10
10
10
10
10
10
10
10
10
10
10
10
10
10
10
10
10
10
10
10
10
10
10
10
10
10
10
10
10
10
10
10
10
10
10
10
10
10
10
10
10
10
10
10
10
10
10
10
10
10
10
10
10
10
10
10
10
10
10
10
10
10
10
10
10
10
10
10
10
10
10
10
10
10
10
10
10
10
10
10
10
10
10
10
10
10
10
10
10
10
10
10
10
10
10
10
10
10
10
10
10
10
10
10
10
10
10
10
10
10
10
10
10
10
10
10
10
10
10
10
10
10
10
10
10
10
10
10
10
10
10
10
10
10
10
10
10
10
10
10
10
10
10
10
10
10
10
10
10
10
10
10
10
10
10
10
10
10
10
10
10
10
10
10
10
10
10
10
10
10
10
10
10
10
10
10
10
10
10
10
10
10
10
10
10
10
10
10
10
10
10
10
10
10
10
10
10
10
10
10
10
10
10
10
10
10
10
10
10
10
10
10
10
10
10
10
10
10
10
10
10
10
10
10
10
10
10
10
10
10
10
10
10
10
10
10
10
10
10
10
10
10
10
10
10
10
10
10
10
10
10
10
10
10
10
10
10
10
10
10
10
10
10
10
10
10
10
10
10
10
10
10
10
10
10
10
10
10
10
10
10
10
10
10
10
10
10
10
10
10
10
10
10
10
10
10
10
10
10
10
10
10
10
10
10
10
10
10
10
10
10
10
10
10
10
10
10
10
10
10
10
10
10
10
10
10
10
10
10
10
10
10
10
10
10
10
10
10
10
10
10
10
10
10
10
10
10
10
10
10
10
10
10
10
10
10
10
10
10
10
10
10
10
10
10
10
10
10
10
10
10
10
10
10
10
10
10
10
10
10
10
10
10
10
10
10
10
10
10
10
10
10
10
10
10
10
10
10
10
10
10
10
10
10
10
10
10
10
10
10
10
10
10
10
10
10
10
10
10
10
10
10
10
10
10
10
10
10
10
10
10
10
10
10
10
10
10
10
10
10
10
10
10
10
10
10
10
10
10
10
10
10
10
10
10
10
10
10
10
10
10
10
10
10
10
10
10
10
10
10
10
10
10
10
10
10
10
10
10
10
10

