# vtk DataFile Version 2.0
Unstructured grid legacy vtk file with point vector data
ASCII

DATASET POLYDATA
POINTS 2568 double 
106.39923235175928 12.899048629002884 96.33250534816935
82.77708406436051 17.72266597649015 172.12799523865823
46.614663809027036 13.768322123780303 159.7536679180742
36.377102945566115 1.8229863518751142 64.74922221418308
27.973454951397247 15.534551056687993 27.21247133670954
29.225186112785206 15.378949812516932 65.57417364659713
88.97983798418777 17.433927293698705 142.7462358672779
76.63505376579818 17.807617987115766 78.94730035926639
48.20211229968941 12.018895376739028 33.598354467444864
106.16752249003315 14.975689423180595 100.4779404558844
81.24457939583606 4.877904987034013 36.45183193487015
103.82908694511026 1.5993855690846939 14.735478643241134
18.27124828055978 1.7500464016115345 30.586953067781963
12.429235613139506 17.35807841493059 27.41673024181841
26.151521500868675 16.97983559572608 24.33792885320272
64.19077761864806 1.9216557599059525 1.153552138435291
57.9218300632988 10.07008178854538 66.47447328588248
20.572357095616578 11.397241192844012 141.57134883597288
13.748121123376 2.7125322520570228 93.21024802763033
14.801820965022097 0.30225716366644084 53.06549303963637
48.17053650763366 3.1071237405614798 58.55456343302703
36.28524735124149 13.74526033152157 115.82339526383186
103.29442090993987 14.543070643989136 8.483912927381677
93.4635669039344 4.656764751475542 144.5629574125778
71.0831210429975 18.387482062900595 173.59205307954682
43.157309367424375 17.133949629045535 31.4524190855823
75.32472640636166 18.669903067565134 57.41775825287106
63.79839180192739 7.84320221968365 177.1200833922755
28.541236889304407 17.564590116226473 78.0811418119357
44.795278390218286 10.544739006164471 150.59527577996528
100.14940038256944 19.403414842938414 57.7717372562434
87.48141275276106 17.664522999568035 159.2532097146065
80.99155621716969 13.051706301120326 47.09332437539939
60.076618897099934 9.219117956144714 149.03308009262668
89.5618987762369 0.6117805144797017 31.383080361006687
68.51014418972709 3.3307744643393375 123.38017680253998
42.94513774834805 6.467878058991687 32.66972295613007
77.17714605408987 14.321106161488748 150.12713518463013
78.3910132975679 4.1400708720975254 170.55835218011168
101.16200880546408 14.041038346495636 123.63251987730953
50.25997239374854 1.886518191316647 117.70207089654568
41.202018956536186 17.091975821470854 35.81725826496255
81.52602876895705 12.399214094246936 26.295826921454186
109.19049225616223 17.387720614014114 138.66053883277849
79.0429911161414 15.671651638591323 33.194358442989525
46.74512407516004 3.3891233456200376 10.072786770334446
67.19820970148608 13.322490514993408 134.7404516529237
64.91590301390507 5.695332505639329 173.73726923047795
60.85214059597648 14.871335057058552 164.50868087896632
75.51451743713268 2.196047695009795 155.47851370869415
51.7152908811212 19.93403279965317 136.5336585346358
77.14543363183418 19.499731312902792 110.61668048997946
2.1987148675135635 9.619131047901767 179.85150182394702
99.03586266532844 1.1160297507091865 134.97192378940474
103.03329707055487 6.561116198460629 143.8907547769882
16.749524907774166 18.31528711715228 158.93468149976883
56.3318483851979 0.7487290750516497 72.08280538076035
82.71492872046373 8.497310261184149 133.68848256749516
91.86518190776312 17.39204802572422 54.66760414852577
98.16592673445805 6.894125207870195 165.67696978510412
81.07177332640421 11.398303141676429 160.17631805554998
47.83823596128197 2.2112684848564057 154.6178007952263
17.718939978406066 17.87787900402485 163.3267508612285
106.50607358866066 3.7348835729427474 79.57380386599769
41.68425272063704 14.802695091645797 37.917847296720254
77.07575646001233 3.428281851699909 118.10084021425263
35.7529216367594 12.10057514057205 2.2442131742537317
116.76285529603707 19.38546250599022 2.575860942203191
38.514797616769016 13.910554201623816 119.8781556122974
83.69239885095391 17.650087749615636 125.30726595291888
11.622942330848892 16.097670082680068 44.22762091376381
42.788249371952666 18.607514800599258 76.07892926539192
79.74876076241961 4.5627019349973725 102.32652176819062
92.01481955545282 1.8549137689853672 48.670916980575825
57.69721063271836 0.8239484635643 22.11330017599367
46.2044587127653 19.349144853222672 53.94824473471646
57.96535567572969 19.057953311732444 107.63773052113447
117.17251093783341 2.903694315897029 166.01951101081025
43.221002459932635 0.41650301638175513 174.71899633613074
40.087356314717 18.702909218577737 5.271217887775239
32.306038241220676 4.9035191766718285 159.87491309946887
40.991190055232806 14.712123101396736 63.74194306221742
73.35341584168137 11.715876177152989 58.608983335180994
52.43221246693965 16.67430579301504 18.99327687801509
16.132772472760088 16.495815356351414 139.1783440657888
106.70082446193274 0.6542923112608352 124.04459022688877
38.8358348276913 15.837496237550164 165.55196287669642
59.727285238279094 15.568816502281447 176.66340996030115
36.919297164205965 5.939254255123867 107.96040829757125
12.29229913169085 14.74400305288159 119.6692852465411
87.32094148758961 16.967163766774544 64.25507734655591
83.30657927338686 7.6578500662020055 2.023350758951864
56.828714265195906 10.19616644884989 131.01352747931492
97.94300697609864 16.87165119041258 148.42929985234545
24.880844810804984 2.254025207381636 166.89721498185327
49.638798166611735 8.78335353042969 39.18305067943562
6.479794369172583 18.96388135548253 16.573129234377383
103.11097355088356 0.9348238997872067 24.50433525782284
52.34987609595186 18.126632428349136 97.25587348197013
69.098933615302 1.5074571681063518 23.13517087737008
52.75522518173193 11.973377181340094 149.00711488972047
74.4373225109548 17.99434853039738 110.6556750559196
88.65782599671152 4.810524511246349 51.95975383856036
22.360641130573782 4.180917469388676 13.897838252107357
66.86962319995791 7.101492290399396 133.97987876686648
31.946515944349073 7.539034805273926 24.347292726550993
73.17988250024715 8.972056843732727 151.22652166419914
62.92748719561622 14.03381781280505 171.22063071440874
39.09832127791038 8.376749481426042 12.008864093314683
109.83607043030169 0.9530925310272195 4.47842007320342
55.706556728936654 3.423401948002127 177.3053677361688
66.06745119594137 2.7748346476616024 104.64784477517259
69.05287372354249 10.588905799823962 52.61121766962462
68.0622979426723 3.700706390225786 37.34981717080845
102.77583825877122 9.123957624138047 131.59742790167974
99.09202184375884 19.49330783204339 93.8574549184776
45.55175056037284 16.22289146032583 142.63423787568172
16.958623315789165 16.906724513838363 0.34958551677020827
75.00643360890142 15.909184131077854 157.0368312459115
17.580289952030707 0.42078390352128026 124.29688980154528
13.057238815331239 15.974431678200148 105.81693683269486
66.15923013421931 13.440182885366369 56.073046124791134
5.564512948217478 10.638359609467255 5.090042057339531
22.464406857315915 14.685323471143771 28.792238210694894
42.04540306613017 0.35050740768679317 153.70710916676506
26.846828923258094 13.667604852625388 139.7277545571345
96.75474876265382 15.949268034057397 158.35054217638037
41.98550818196368 1.80832715978095 73.02568053242932
48.15982052396095 1.7093041821524073 54.70685129634884
52.040599476804005 16.199405351605762 22.980177424971767
94.2175526099038 0.2062347586151403 31.242325875819873
92.73386994014719 17.96316596042842 33.865713104467595
56.81909347614025 9.50733420956924 87.02022937353114
54.29496375006703 4.11726965956586 77.91903012993609
9.367618523332595 2.116218214313871 153.6396339760691
12.472360076609016 5.351445519400372 66.35918751366825
29.148842238999173 0.3555378542761057 8.316604429664086
41.22994218340104 15.19276267296797 63.72124329690678
16.925477346143502 19.16912905345704 39.56695121107814
90.83285104278771 1.138872752474046 124.2958629820726
61.76761084993788 6.24038942884024 22.284750303168302
101.20188197762047 5.474201172418115 75.51420558052907
19.5869242234577 13.094586296501241 138.30436160660076
77.2867416162205 13.310999888620872 136.20968868590546
90.50456755756939 5.3014377458466075 82.01809803096235
100.7161866857197 17.981458946948386 114.76333890508072
43.93201737006511 16.54913494352294 129.26916558101377
90.4525130120675 9.024978997013557 64.1504629961153
108.49050386851027 19.194432378695552 143.42042030804276
110.60380284193138 9.121136411870161 21.205999768267464
56.36807741261322 15.285035223728714 45.516838629889214
55.51113197297209 3.3645371709562957 3.668240915470335
93.3472684408316 2.5448757923302683 117.9225716388915
20.386612645510066 2.181609432382021 105.55365000197031
43.06282920930534 5.057642222210083 46.34339369422076
6.191216113719106 18.269576928465785 15.094915594658348
88.24150291979439 7.831636478041267 60.96058112074225
28.86672098812814 10.935332410340873 69.63633001651885
49.79886778850417 9.12251742318765 45.40107478870264
79.18776216078912 16.857089629912007 123.13522161174697
92.39655139637304 7.369354867277274 116.81713614003738
56.444819304711935 19.957278983076343 159.10407553188733
81.56760897206924 6.290958589217893 110.86471498082662
57.09712097542562 13.090113090538509 17.313373474347376
4.588902467792398 10.214514767935478 2.7238927540579896
44.081301025098924 13.490068877619116 109.10999075782505
19.137369880096358 15.922161873739954 16.736456530162105
74.83286697701153 1.557876677363215 133.86030125158783
36.142774182055476 16.86176536226245 155.47899830596066
81.33479569387892 3.770448834712978 59.77179108715179
72.51320023955816 11.27189778558489 44.19249960332636
85.30527334742673 3.528038158273846 19.838525062662796
55.727965867019236 0.7707375701680796 151.12575055008807
63.47407546972637 13.167636818085859 155.67401382651704
43.493160564509274 19.504238033417177 120.54624375782885
86.44084591943042 14.667202570855874 126.73649344630012
26.65227946834885 19.961217025747505 117.32631597481759
48.02798245954043 1.408458572837576 66.80172298594556
39.08645478504202 16.04257973656197 18.74748908180812
26.177016689738117 0.9067848485723629 169.7453975110852
71.86567198985934 16.365748838812067 60.18413810768362
49.0077544573775 17.812508611114062 11.710777715679958
91.08158434226293 10.713102508294515 67.7502345453946
23.831992327976305 16.737485607167525 84.33019895371808
57.821799469394655 18.537540314327984 61.95112627348375
70.71347880022194 5.004596308079746 83.90534247266788
48.82858420879609 18.64238668206003 33.35374048677249
73.23837733471333 19.13419747232073 8.486875553167039
63.876879094403165 17.557358450380804 125.8772050919236
26.114320753856852 19.273300938959647 56.321651460005974
74.21878373071303 0.9486859405902944 43.499827959396214
95.87840525646067 18.386660717059087 128.7012854233194
56.02299798974487 8.755563692082138 20.235496592663242
66.63390909593168 0.26596428232426916 165.56943077466536
119.12538988185982 13.545134209959416 4.780026930352806
33.90865646932344 3.349700826118005 173.28554072619644
45.75881451885779 17.993186383460138 108.32076685893108
77.37583918126263 12.762360735677383 141.2945619060111
60.496958002851244 16.027767198342406 31.70021770540302
16.77297173041707 1.860956203345576 16.483263208374666
49.79650427946479 2.040794042368755 62.490466483420434
74.6848894865409 18.824267763919508 139.57400353810283
34.782451526103706 19.166411977199267 177.9868255110539
72.24748290471604 5.794250231387381 159.60014112172038
48.9221262861438 4.092160688929527 63.09593300572144
42.256454416923006 15.871485471394202 86.37708526100093
94.38442076259092 0.4395043507044005 158.2382142434464
64.80695495710975 11.006604312400581 17.879868489341067
23.956572629009212 7.799228747162562 135.038373343339
27.95558703623576 16.537000182401044 39.66476698442101
29.874908821817506 5.623278251669151 88.05545304465474
108.86545235158732 0.34392037262992536 53.54051241088146
48.910829384350976 15.022153584443247 46.161171347939835
93.35316202126191 0.9036282862630353 148.8664183846959
67.06402717119104 5.834383475573015 153.01024955685807
85.65967737667478 3.4824485870688004 27.910705931015993
108.86009605210914 8.622514059407834 62.14623692548774
13.251790180425399 17.0427709110997 116.13674436651246
108.7092753207911 14.704597140514785 30.16764044640812
91.03904637512665 16.38622411381962 157.72770337821058
13.222661910811592 1.7678239129409024 35.77027200855713
42.39868036782743 18.332680569345495 77.41498845762311
98.82777087282528 11.95706419463964 116.88700882305321
101.90504019023857 18.541704153322076 20.663816910228693
52.124950604862775 17.090731467652745 165.49596654345305
24.190437699513325 0.035546412216301844 146.3752109961843
43.781444063607054 14.06674943565099 65.51720818288281
46.30599595849945 3.8366059609552887 57.312890015526776
69.36839236603196 14.183387984586542 98.56560906559594
57.620804792351464 4.39289179295155 66.68511221122239
101.51011582630065 3.0614206445967898 148.3322851892817
36.16172928356255 15.03925711019515 37.31763010770502
11.80560565167663 11.941276115485632 152.33549254596684
46.88775442441483 18.18649787186785 163.71473995722866
95.18746886382563 14.5557822302275 62.61280923484557
114.83796701657185 18.28526532954732 21.26176124604025
21.1590863435005 12.560796227366543 133.3003567557335
29.614208240952532 17.48826692100093 20.222133447647558
91.43280626763205 5.478515995795435 158.24748630000943
94.44470357990198 14.160612298397918 106.25232342326618
75.91086785295298 16.759431242631972 167.4104568004354
25.8853312398783 5.834894537509415 23.24985436266711
53.30881015471494 1.6322850641237225 46.31071085877786
15.548074797847201 6.3780835581583935 161.7269013272179
49.572706789867226 5.3673773353665535 174.6378601146772
51.91653433219375 0.7729465804571379 85.56402836892312
36.74630593297186 19.320985769866954 140.78074144413864
95.79274856758143 19.51493155315045 153.27914921487235
97.28256996218137 6.184382806649906 158.42946626841132
89.47944836831282 17.354963257060465 100.18506839880918
63.406283171700935 9.38078049294356 73.90444238206976
40.67024907097054 2.2631869885808866 78.62290721036189
53.65466142717969 9.580199331141142 65.79577894362595
0.4527978886347727 5.124052400006014 17.611932312942326
67.22261211522661 6.811287417564553 136.62900464449868
69.78383142732397 6.144358018315485 125.84013309823318
19.56837583655504 0.07806195817432914 19.38955095353847
61.977930854271214 16.87874295378776 106.29307877902362
30.42751289730942 17.402856649024336 164.772868851002
109.48204110777776 1.5868906234134574 20.58428959730231
18.89911906950753 8.665024430564166 59.63699953941668
15.434465690518241 7.510823285299834 63.37121825573568
30.41040111964663 4.743987485135817 58.96405938145834
75.07770406474414 17.51944794122822 140.9396679997171
72.68076887414482 13.101593339379523 55.439899440030544
105.41075521817623 8.404707467377875 36.68057379226355
57.240670063408416 19.11465970362907 31.512233655621394
26.802685790982796 8.364471118789263 26.233916750979645
80.64889522787684 0.920471943693375 29.25495413241181
8.072313187252506 10.52820915386093 179.65169165656235
53.82405474065193 15.084413344083206 2.240290588225383
87.15228154187153 17.73842422110019 54.32534855231768
90.95337154880215 7.132774631863059 162.88562049794479
11.59389527517435 11.420268936413315 18.135590572134838
37.0695207551219 2.61688901573798 108.6377706726327
101.2714239416012 3.801481352825025 54.35823310828479
94.08160639935517 5.095434487464054 145.72707470673447
28.270785663038843 7.541129164157536 102.65138783101979
10.140260218128615 19.15462648873178 24.259060260828832
81.6985600142692 18.98685653340889 85.27242529734762
51.68192633396199 7.438801840044649 96.46552646871966
91.99977366222058 17.140555569132665 166.55265568825206
61.3702606931353 18.730342112326404 91.28850956703677
90.23519573071353 0.7271694700612287 117.23193978641126
36.42272205887945 6.380931785578454 114.02720519749946
5.4267506803411845 15.364628485283006 16.292593127779057
55.03286655132808 13.954919639917401 33.28071205959101
75.55380685612943 4.326843374564284 8.769761502913862
72.9615013070847 19.799241859323256 2.057103908745802
98.61845064339082 5.445799198447922 23.66048485609889
20.79812880029894 13.859983948001252 24.450124101383608
41.2795228357715 17.982415009530854 52.72901862822152
37.05093793287764 4.12454602821831 174.24565080010822
116.69358586106218 0.2645505597596831 5.2171915007397835
91.6518787752658 13.337905407973322 22.578505914321717
16.925328282449446 0.18924168332018595 26.659972250620974
110.78414106774454 13.225582254045326 155.96161471836962
37.461883078633235 17.55596153606643 63.663934280188265
98.37180445084026 10.668647484262568 56.863120745524284
57.44093031348572 1.5279681450901328 110.03401558859423
73.23851137180226 2.3544363938049777 117.86316588037008
79.22558063473925 10.044030369420213 111.34657910679155
92.35417035064557 14.07038264198299 97.54914961895851
43.07363545163729 9.79666039255623 58.13796721353292
37.17171134167323 19.30369019758571 130.23046992509344
44.111453688506124 16.146171182282416 82.58605502936788
46.16322505793946 1.5829424380251869 85.89707361603976
60.22143010352784 3.123107323199707 162.88850645776978
16.803292986901987 6.21789654292183 117.80582960100897
102.56720070672334 16.213745771303596 106.00921371910626
37.080931039701746 18.817924442106598 54.32589882015992
106.36341577990683 12.171629330248182 133.16025085950696
20.43588516885496 16.505101114275565 38.52066484155072
66.81525000921945 16.006242519801983 159.33721281990555
80.39865512338744 4.8129711383641345 78.56099544375778
99.67448064721896 7.039789948468675 49.88955828375828
26.046238669998964 8.357403469016269 7.117492643219434
6.550294786963359 17.3329312590985 178.13255467770176
85.04357326799318 12.6251796968697 92.067895699176
74.04238496165561 5.095346393110885 165.08302094814525
19.897428328199137 16.610350831622284 89.53188119293
36.91033743047886 6.546438372260636 123.07129728437268
36.053706038408606 11.706585047883394 55.49077876104074
81.23619751394278 16.701820962249144 126.6482149766448
45.162821317379446 0.9295742477701483 153.81530695868435
50.226112742296564 14.311811877465836 11.22049888306869
67.99711367615868 16.392399172853636 177.90338818697484
58.908914424201086 11.561481151868364 107.7222171242194
62.09053236907596 3.854309230440295 155.03778985695624
106.95582483238653 4.695227580696591 66.47797838104695
98.32296061177657 0.19242824013147253 39.24553102190019
47.469650811172315 16.36269393399639 150.07865528131555
17.343987084678474 1.807539636220665 178.52471331238036
68.87611802262117 13.155319695814917 138.8812624890862
39.534622837526776 19.18280635500484 71.77204171865387
84.73617067207222 0.7379014583518085 66.85831151091448
12.301723807879899 12.602264252105192 21.563123360318837
96.69396074840606 7.9244426751881285 52.261848603611156
37.37194849887057 1.836962257974998 130.9974652451271
84.08183725865861 1.0914323440168963 109.36923131091007
90.4481597104958 19.979557959085508 112.58185948610786
64.8616506519202 18.803637082834893 51.808938608233
69.5841445108659 10.85310558012855 109.10899337361678
85.91942366768781 3.4293122294696943 63.201030803940434
87.46382112151602 7.612272119418049 136.87181083325882
93.5679350544785 14.854097989952178 128.86800691003228
44.22330308975498 16.305761631896146 133.50398991313085
53.51648762024992 6.374627142151886 23.79395563777792
39.978330435694296 19.63020890711185 130.48022260723138
11.184498910154755 2.8322180810085182 160.26282765782906
72.67885244871326 9.730179743168998 129.2364412092214
12.736268005203495 15.441317240132864 168.0329763554672
106.34773899318974 8.359013548273818 125.75489597750735
51.564798314431066 10.681506181877088 35.74024025138528
46.400562765346336 15.852629094403433 152.25220842888032
43.90310647183508 1.2044486840530293 53.79158989376839
76.64839154395527 19.75807751059719 170.40054306473561
71.29268103078915 16.45792178970376 111.1917134061442
68.01522678103365 12.160174532526272 16.59257390564548
75.98664582980156 10.402692461005783 101.90181319073828
74.84874919593899 14.53020774714605 167.47342102900876
19.793274488960943 1.2277868516934753 59.782784511458445
12.606314177450027 17.82576743778257 175.3173752964277
33.86251115701519 7.272297193559667 82.01867170748297
60.93016036545718 15.232942429077925 140.6680070316722
80.21318479027951 1.741894795999134 17.305782289156298
54.98418937989079 2.297343996337153 134.53323239654824
53.60472241359525 9.041197681091823 44.152657883886626
38.288910481118464 3.807891517265358 18.835539447520397
33.561745106933934 3.2071681751961165 147.414078794245
44.771747609838116 2.418092304789327 2.0876285139323794
48.96380605699392 8.722692396046106 0.2065302626846439
30.21047581789118 7.858440585768714 51.634461150237705
57.89036685560542 14.236064915345768 72.74546178035814
82.4195251206424 18.228133320905382 110.67612099026886
97.11368284611262 16.976055325037805 5.144267426062554
50.91274016647341 12.99468759592815 93.52428428951633
11.8935884640873 18.71803837247564 55.630495545290806
69.65552166956294 13.803675579306539 56.38689109310676
63.318826484968874 16.044262810322355 3.189304768408349
45.66493879813524 11.92417980548877 8.717893607090726
33.48098454892888 11.660949029702094 156.65272809114686
49.392542247994 2.7241696661373753 66.80948420790318
78.06714105400684 5.457281272026564 58.322767826453884
55.99316797070075 15.742295307857349 71.94339657020384
58.40736271815595 14.234114330836857 164.381908723602
105.68649096716437 8.726778371485677 158.08507920656518
16.093412203571578 6.602760332723979 163.68661701446933
73.26151940282749 10.776324499100674 73.35133994322821
16.465347918762102 2.417234353585658 86.86675190936829
97.51264231239645 3.378667176170125 113.03975682083744
77.17021776028186 0.8069180115169772 0.6309460465904426
32.21143666251347 15.536828246134048 94.70022497026363
107.90129881229669 12.360299815345844 75.13203004893245
40.888792538725085 4.788541433213162 138.06627375400015
76.30318754570237 1.2866751324507975 147.83516196343285
52.47825823097776 9.704307219402704 135.75643802198027
72.80936273568072 8.773378199018012 135.70571829670467
21.20179587614527 14.177346550654544 155.13229925885338
75.20467750067245 19.614200952124655 2.0609772035562295
53.61101952133771 17.610330525738267 162.3396528578888
51.8112862039866 2.130479216822423 156.7231235333773
66.38794371280216 0.10596294859079433 89.76087268954755
39.233189997464805 6.671977931345772 21.51776033704553
87.18744463086523 3.1045048540199858 108.9594010559146
70.30947163712494 19.806418241955633 24.542265996313997
13.905482538171936 16.6666161468396 132.6138145896746
46.51176293010632 7.109205698246001 73.97179201655244
22.364345455526827 7.106478745646206 137.22992654727153
42.43337698193576 0.3549649181762889 56.842844458808706
14.388057153476005 1.992476306689941 138.17924142177304
87.54840320150163 13.63030428602384 115.42460973200609
56.33623309459464 14.642927891820612 57.86937765807399
24.50600410815513 14.361262132258787 124.30904996512685
75.70378112545488 10.13312833480148 161.93153881784247
58.53556693755293 3.8089456065291367 24.44896288351345
39.174603528841956 5.7236495505283065 90.09551958568593
69.55834168293191 12.89459610798544 26.534983101630708
29.09885993132181 17.047833410386417 32.63186093291841
107.41435844498346 3.17955131795659 115.82199854408155
92.47817240911391 15.458985353744302 124.13391849931499
88.83376648174553 18.648483458776006 43.73907672187313
100.22933259187481 14.851826024705128 13.603873801442239
92.61629979247994 3.297245230518651 113.46403149267914
67.84528500502044 11.51949537107104 66.2213394902141
116.30201131549484 11.757334225603415 0.07967145537732034
69.3614610535174 16.865599254138996 77.21902841795539
73.92487002224219 7.683649303163769 163.9602072991536
91.5144266100917 0.6090058813370858 22.93128378978223
9.841966906163062 1.4153837526682531 152.33399277890223
80.28067941284564 19.096372658869527 174.24780621992068
77.05549974221033 17.24145388825937 36.820793287911
69.33135574764927 16.722030800577592 32.26119767871343
40.225410154186164 18.87271937687635 34.3023961759927
62.5438583500725 13.396736292175717 15.415987129356793
59.559540364831186 0.8356984570036753 68.5860401833607
43.18843653166907 18.513042533070703 32.006936001821856
74.19083335499954 19.050194293020546 113.78079857597693
27.34139631405621 1.53201038507249 144.80154845474567
10.721301927366142 4.128044650147256 110.90889137345684
59.04001676545522 14.06598943272791 169.1671010068407
71.33624519255335 4.719465930619874 145.32416445858064
12.074682721229854 0.5377744316769016 147.62374800528363
28.11574081509958 11.172371095302296 77.42934251166959
42.77640406092007 9.588169087846257 47.961447863961915
85.16102387513867 12.290901617860454 130.0526166908023
24.550972301062636 4.137175449374191 149.81573820470567
93.6838141606517 11.880569105733276 29.37245914696435
91.08762964686909 1.5790658807404234 19.75823070638161
95.71695767843866 9.727560055135825 45.91774743666073
10.418249658398713 1.5847413344447216 1.7904228569361575
7.480096077516902 14.494170521040962 163.18746399158223
93.26036743121168 16.965942359701547 32.43677987556521
19.01741455729338 15.304648326440432 151.76317140723796
18.083148570185227 5.409155608515547 118.64169389251644
66.58538834646832 12.187388937055243 93.07726455848545
90.76590098289081 16.375830801496267 52.50831934205126
75.22093027425123 18.016331825200105 47.07617941628978
44.350824904189835 3.023420209637327 78.5069493929951
15.619907802463683 14.590328317005742 46.13177561493178
84.52659492655644 5.8281730579643884 70.12548441514436
67.66511792383903 11.625032755626348 68.74888524250808
100.82798983250203 12.818636126822668 115.82911932721905
59.07702632874113 18.134620869889236 179.0673349846613
40.60812906090466 14.089698038053738 103.24245863212622
86.59282686238794 6.945810403044013 54.518193055644396
48.19761439421663 11.69257477280113 142.17665658758006
10.197058680761877 11.353213127650687 124.45713116573828
11.804969922320723 6.979590793251095 23.940373179139797
11.53356626546218 1.2610269799310394 20.349587972272985
15.189515327049158 5.018910612513683 89.31516962428023
56.710194274166426 10.026838227404264 120.70985292601972
14.882129114391207 12.357489691017982 6.889796457682715
89.58869767601324 0.341695225324179 68.23408397033879
36.758148586651984 12.709767140436323 142.67499257278843
49.473582755523296 3.142352683557266 43.050221597165425
98.39581530185632 3.3581992342052525 152.36982617349284
54.89359895840529 10.536531116849183 147.14258758233987
28.48840547805309 9.958148394551399 88.38113389293306
3.985367231187917 19.062708622952886 8.850783926662269
55.0359631518795 3.311604289684432 151.56290107337952
117.99669493487156 9.314024200059784 160.62117902402557
20.087569993513807 11.559682624160782 89.37406825543923
67.4359335000198 18.465403993014522 115.5782333274067
65.57057788686028 11.794472475361731 143.88763233865257
89.0908269188335 0.2851667681891213 117.59044544027894
83.44712697898123 12.705846550209142 166.27956175069554
64.28330939787696 13.870156368361046 163.7730559801647
27.14546055297648 13.264090276066122 148.42320955741476
12.983816255219043 13.916328311855006 46.736001361474784
75.88229503088425 8.68789927903504 45.42960387411465
99.04639156636063 17.193196455984207 83.91520376081301
55.64608212635177 1.0016077869603766 160.10494405629115
46.06619416103061 15.213256007375279 114.00652026910916
77.73336259422716 3.692984746001201 37.39418377979871
31.988698408736116 5.947209084678518 138.0758074408074
8.46363885883421 11.655675748826674 14.343898279909045
90.66826096691591 16.396886062336783 106.74448146249577
25.803484891890122 12.835538266970474 167.73086733448395
17.861867684588262 4.609126799692861 6.594309509903705
81.52123470998389 14.612230161820653 111.91980105790694
96.26292667040839 3.205217506799627 93.743525525907
89.63695233888879 6.088168380042375 173.5215582311151
28.041881419625007 15.476440413527673 72.82931086995194
8.216428599508568 14.89482826468267 21.947136337896783
103.77376475943444 17.13847129497387 111.58600142516998
26.479277816106016 11.753577838494024 53.592985337511266
100.48503181828467 12.717767156932023 37.2958696826733
86.6459447665068 4.311315179694757 104.08751393732175
107.74412483159699 19.66026668582576 169.69173156169634
69.0889724432826 19.69986715430998 169.6981584411574
55.67748950845476 11.72056794397088 159.8954428776023
33.99580554600111 6.632689141685784 149.8673584426988
32.03312697052007 2.7403725783362587 119.23851796037464
80.16882682585944 5.231900738699973 152.0411161053559
42.02271497082691 6.346204497324129 142.6604033507346
26.76524240089806 7.8325813444109045 19.731673791738213
17.00806215630094 15.273596279774345 113.31179493459115
18.831324774467063 19.37406648972378 27.487524321195846
54.424456735367215 14.357632415361904 37.623177409472504
75.88842229924782 12.360980827049147 53.04479524419864
50.44399364789014 18.029418809592876 53.630609995047536
2.6486348730924507 19.93428759780234 159.92167636126885
67.62352101528974 19.15878244346157 63.893755875917705
22.451745648280863 19.310891137740693 84.40797775303692
50.08507230746046 8.222199681117397 49.28814933759135
78.95326629356177 5.795774719098578 17.671258280852705
32.15311608820299 2.1951857835280753 96.61525523231364
41.75338123845731 18.014743223102442 42.57277301775575
60.00948886066456 9.57400369320452 67.77033123190726
56.3778856646756 17.396082389932747 49.100810333045985
109.93582578243186 10.181806110166654 169.95378306462817
110.65453813035344 1.8137666213396648 1.8704541191938917
69.3777008174151 16.358869817167193 118.73988546073853
20.85757644291098 5.618172892545839 92.34940165873252
87.13991593312359 12.32987535775055 72.77277462157151
76.97148128261702 2.5218393924945044 7.227383403387018
69.5490943550507 4.940373120298284 176.36662647942885
30.486309533325656 14.437730306569438 39.26682392705412
102.26289574317684 17.909859405326316 128.4538671587988
109.19491846502316 5.837492002798304 110.82162822490275
15.396927781462695 16.188769401527527 150.40372377034214
56.27966231867758 12.124011514692999 151.32046331806256
45.940815365760415 3.8669311706937757 137.28541194916843
24.93375285267 9.378345434039133 75.68151882615591
103.75897268164486 3.654129802430523 146.2743201613266
86.92776231598515 14.239710503452827 20.244045559211017
20.238266882380838 17.283610424980207 38.77240615403719
59.91226951573143 3.6530826533019036 45.12950523586345
11.83571830346422 1.9986565794846105 3.290272933681067
107.13018913760483 17.37691721343772 92.8955935237035
42.2266801539767 8.8886471509539 112.31555297406112
35.83895725479197 15.120577353660916 101.52971029517185
81.19770112894899 2.8822745276850297 12.335195490758785
33.43671376177199 18.20539609355952 99.67422405669213
44.35008592866827 2.1684805833497274 169.30668596627672
50.52679906644076 2.5246482616567274 43.097532501967166
65.04501099886589 3.6581471480997783 105.29423788679037
26.50947454336219 15.769433006254381 140.34614886392552
62.093767475235765 7.363258575468844 88.87709026542177
89.47573759702362 4.25002860914092 44.170530775994564
74.42076599361263 17.39003016250936 108.59679618414907
103.32487141556723 15.020356324193582 63.17889715279821
102.29925050248384 2.9839439505617813 83.9129819326385
27.33515027633649 17.92941627857662 87.23480716778225
26.04777534141131 6.835589327651822 39.55677528691185
88.76812796333805 19.35810411401131 60.23434483730659
64.30764064622275 8.678440883786308 101.71435714137067
105.9726750774463 13.696716679882552 171.35782308126267
78.09171216467871 0.76314308887212 104.71366410790434
80.22311074270877 19.686741902936717 175.57320062744355
60.88691715323943 13.323919909893203 53.198609119740624
38.52232684405257 2.468698685468993 11.050544451710962
102.47219111539835 12.476043059229305 151.19876155110296
85.5114972140745 1.2977549033977365 155.74823748957195
41.87302228292747 10.145565673965173 19.14626941727722
49.2188915686346 0.5511170245030009 61.481261383705814
63.174365980180475 16.96162823801867 122.90301335399295
36.50145848172965 5.314073806395075 99.24010256382655
61.51098608808162 2.5522981789821664 49.566800648867996
31.346853761071483 2.738638234128528 97.97815529017254
30.00063119887326 5.502010714187795 142.01768335864375
76.20772723743244 11.144142663357144 135.50552257964392
108.708449289243 2.06430988573035 70.34656858172039
27.35298388666845 11.417504170736683 141.06370477801988
64.82224935304167 19.82677042733621 25.306546954884816
46.46277956114112 18.08504318494673 176.95306535566107
84.53760119419508 18.56545172958873 162.68706414759282
94.75880595447863 0.6602777630576162 90.00408760700479
50.42786555264117 0.7108902365174028 60.0278196830161
85.7222140981818 8.00643285737758 62.811377515413746
17.105520063994565 8.273358267424758 33.74101154317903
98.10853806178315 5.987411020527441 64.17078630114312
44.60486807299236 2.119321933951138 3.3880407839439948
74.74238476085782 18.94760033280017 115.93551911319116
87.68059497581669 12.22802146874276 120.6599324364792
30.844765229497654 2.7864069206395716 157.24878442179272
53.80066516164895 3.1804342241374775 68.85378665483027
69.16520211777822 14.590647535900723 115.9763009010482
48.943910191002175 15.08326706533757 119.59361708582834
74.4076310196053 19.45128790425161 113.3434231581775
50.376544865229334 5.625094443232964 3.293906641789082
77.66884339927606 12.808804294133079 145.2368100735798
33.50708626909333 14.555905207957068 143.31217177147738
74.60808493696331 4.539512608358869 73.58156905502454
41.86941904532179 17.61698310281325 103.46622658337904
67.64214518516368 18.352454868459947 135.44375646440525
64.83473047325009 2.1212661877605132 118.73034194775897
9.913470107076138 17.876730065952533 26.95633668335616
33.63683163215043 2.0971213079764963 76.68499241523887
98.6910204602545 2.9629359239070006 128.32124540138093
92.56083706437043 7.303985681844152 61.31505060659646
50.715336653987485 18.258565724821292 129.16298804372462
21.16953831227576 5.345811882045566 179.15203198683741
79.57565856787065 17.039523584861048 49.220627879738444
73.20936624476121 13.905880696563129 51.654488094309315
85.45306961580695 19.920215687948552 108.5288363932822
20.77873917888018 11.02757701271483 52.76613054541425
59.925303798914825 1.862431710566179 33.98266317297414
94.29605932702316 18.899860443028597 163.03357567915964
72.1608062646095 17.63821298979267 119.61400697935167
94.81094377555245 11.991474060087164 45.219159644536546
82.53388039465297 18.785073693902795 121.73994991638969
26.657696185316713 3.127176899955381 117.74888182046476
3.402071158824769 15.346921655706923 11.74710594995665
90.76043517383516 10.819825117343882 139.93383408129944
50.92477172615241 0.20706417849254863 114.23224771686374
87.56070403778823 1.8907536622826764 67.6975802498789
12.378199001162095 7.685853945060116 15.578876264643409
62.63982087611082 6.1939408553190045 11.83593549530488
81.81115640665803 14.766822989644469 50.27995566660734
69.1823848782447 1.186862308449721 174.80718292828269
41.26185478695697 1.5442899416183364 109.3392370466243
90.2007613617633 0.45610148644589343 82.83887143993725
36.540844375971204 16.108615460541223 104.42584521710462
59.6984145821482 11.107846945936057 131.71707780062636
46.39599842611808 13.454566887921347 87.25807805980395
72.75010955426244 18.158335526167612 43.57463118475844
33.477353813446335 19.330580153187725 121.48835586180216
77.89230890465167 1.7916600330561396 167.79184121306056
21.6446395485163 4.4436389918219446 22.851922125564634
100.88959453260063 7.939620921267963 68.68039747725027
86.84413342684957 10.554511497484468 13.912190863883707
4.3154727062269815 9.47787727594831 178.5716293404633
40.65023036362539 1.1106708511056818 2.8688562386624428
102.6333012278046 14.91157748788349 159.8052302668125
57.93152024842495 15.594064938760999 99.13694944498623
35.543962007261065 18.549377236267965 171.94066616498375
107.4157017723817 8.768427690843795 164.1602997110223
90.00341039584254 6.572041928709119 140.3009160171599
58.918503073613905 18.293352595537897 136.83556684413085
89.91508229116165 15.458959411263704 118.50441043944915
33.89985501451772 19.658356398508758 44.13775725274781
109.44588487542688 10.110275198009147 115.1542414071035
42.50558972371644 4.850915380068841 58.353635976405414
56.71370426658964 9.225010484849424 165.1269086830939
104.60971822737764 0.04371203447161576 74.21247684434024
44.670423029218895 1.2206514220652123 122.70881938393221
105.65505509242404 14.208649945396141 12.052002287680159
12.185544555512866 17.396049964114265 118.61061422948438
87.01178023040167 19.106766022712264 115.88278985824056
101.21258150041027 0.2683733092616092 58.91849182191827
47.593763582865975 15.933078394633592 13.840866198144557
79.26961978908955 8.151329687833528 64.93633630624453
44.911407094452706 1.3204616060370213 142.67801397370062
77.2618877422499 9.57583863189489 62.79254232950895
37.23779317853165 0.9089527339102753 58.33958925032259
101.13284291807174 3.5156280462246023 173.69380065939455
73.26337611446112 15.315427090387228 165.2899071198583
74.49044544945335 19.22551841145905 108.28203249352204
81.8707484201944 18.4899855904453 133.9762658438289
61.549169342598695 14.448097093150604 173.1797925807212
40.81528447691624 2.1311459053857673 35.31993214041457
95.58102460408747 1.495363026447074 23.281248093755337
44.950275877448874 6.607054634170685 53.089838140875315
29.62725905859617 7.943428327441933 124.94635430740634
43.16169773624003 17.978589583880098 73.60606917351618
55.217531357146505 10.393507095968484 80.06672116743366
49.986472407533284 19.508977350885505 95.41763723720592
55.682120150826556 19.05166098571748 49.48084162884865
11.714801626986938 6.834271651783332 79.72217487565825
75.32831377179964 11.779409182124315 85.50766164335158
17.63801273605391 3.5521242117507854 8.69545911023604
57.75758959558261 3.9636231991937807 55.99227647496824
35.010224087235144 17.477741347129438 67.3351383522721
93.57981952491446 10.698078485848647 6.472262124792994
53.03648821727031 1.9553729128497637 132.8111348774275
21.74381348814244 16.67835024543938 22.295550713126744
70.83163602595086 15.641446335314166 24.221088775768973
20.556856084905295 12.693837622257064 54.15826305673288
73.25653104089136 17.88013290969064 137.78800778736448
100.25980125983196 12.220080913272618 59.28741660011837
68.35405917930385 13.025780060565147 53.07503122489483
70.15692116211086 19.435051017482717 87.37074816811553
68.82758050870217 10.000473001244682 105.12179737323564
83.35830199561207 5.666933649715488 156.0434288280087
83.6720251978714 1.0675847931648863 59.40789985458242
31.364067310620495 1.7732684006797794 108.31344341927661
118.52889473074045 18.4093738826515 173.37093192471852
88.64049101820463 2.8484109015849746 141.28663924633045
93.40391286575445 2.6990370481995636 70.22610811106676
68.72160992394546 19.255280610177255 74.94372018442446
109.52250559757809 5.115777842670252 47.26969781840828
30.29785237610739 19.203357784047604 94.18950467946891
37.12937087301067 7.058288103042764 143.52250410870082
36.697622682601285 15.066915415015409 43.27408102822161
39.73317271085415 13.698126946972277 107.27142498929567
46.57705023022952 5.2933390676549035 36.094745158052675
13.594539813215242 19.779407513467092 73.786510984004
36.15433547231416 14.210751451599679 97.97418314448586
100.82452271965475 17.15210980106191 144.80302641141452
33.69013933306497 10.504473516839695 84.84630781102497
87.80802314235277 16.778628551952206 114.72911198458189
46.22057071119712 1.5702217010190964 111.88899357327448
91.42887839243008 4.857115122785708 142.4756261287345
118.97176386204045 12.515798412972055 163.34992437775566
100.42194642214689 17.000412843567048 167.20801728858441
30.86790807410733 12.80016959399191 116.22522575828579
58.55943143909958 8.520872803271171 32.29611772354722
108.54294748525622 12.596403583123752 129.07359274477784
46.061283804843754 9.75368445101522 135.545425570993
16.964705055804508 6.292180837198849 153.52107824466637
79.63830975260674 1.87276510883318 10.38965532408185
27.698982916863805 19.151019032811018 139.78201076022694
36.61969516334024 11.174212941486916 63.94218308660021
72.32165653839967 18.957934692755494 142.44001365020216
49.867336641659 16.875970342687538 79.89981824519408
81.44785858838767 4.77228846225546 99.19337568044428
105.6040734336355 19.661376591880437 82.86061466768398
50.95288650910473 19.959276261819937 10.026443633893013
94.55133950311144 0.4633815669182617 120.3043679049968
10.068148498634466 7.616383300484477 17.844136039755394
94.86274767170393 1.300082894800032 160.58846806556926
24.098043354096802 17.939594450125224 38.394500255148486
10.657517446392863 15.955917618741609 95.14239865895257
58.84244227995879 7.165915384827839 47.723110021073964
91.07145307159502 19.856886156242066 133.20544282186168
73.03785458694406 10.369379150292374 84.1950902682066
67.6345254128396 7.039583913187897 152.60118240338724
107.65722945781103 18.219365334891563 38.18077405358752
34.378636712493275 12.934534421996059 162.60559431109408
31.473838371757115 7.86360056148721 48.85020252703865
96.4672652029862 18.296366524033715 29.77487275199541
57.208212661267055 12.18534627538342 69.12626762143498
35.097841600496594 13.127077168563376 10.296260855917627
43.52833798461238 5.3535566866792355 131.124731722008
93.3918901166304 11.987223534248047 96.03863413631706
21.90056454047816 15.792680833475865 41.03851380544603
102.82833936838298 16.380832390717327 111.19852606593125
62.23690165945183 19.180668767407052 59.71184417178553
43.491408946433545 0.16639413050850707 136.57091029665926
19.25267729498115 4.594603452975308 164.53347514155982
21.895926451861428 4.868391798984562 39.39621357560001
24.835844597002158 10.551123400295877 156.61068091711482
90.24906652913764 4.037549756775114 120.34763781886141
49.44345388410546 11.047519408399989 74.9123884293538
40.6282623384689 9.773706329486698 0.9534833681729062
74.40519457909039 19.518148742764925 94.19800257443731
28.710122204490226 1.0694651120565413 78.41888869252952
40.141819761509765 2.099127981217573 107.92261492709599
72.63037894112539 19.546073382693727 121.22073747687335
72.5521666317942 16.878775255289664 116.3517193501355
9.151949253449573 4.836939324816198 0.5274443180653346
95.4664466452122 3.6012231812590203 42.766210129992835
65.14721725998776 14.205470284562859 109.73075861564307
40.90957761678683 19.015850235779617 44.088453345759724
99.68130523316184 19.386384693233932 31.227764020828356
35.804836782745795 7.583047698270612 52.93033996358309
8.674898952346425 11.669396572336861 15.334501144882458
61.24393549037153 11.882202570064301 41.20808834722123
101.13052593455684 19.0548824713821 153.21177812427032
15.338015679331576 10.51631490110034 150.99277337129138
7.550853687669151 13.374395518264368 17.937331149599466
53.21045926468665 10.882198055626139 60.61852201569309
58.82037334677008 11.82466415884496 12.032766745365418
36.29935953124566 9.91619553174617 139.2875839053745
48.85530650914238 6.004859014192967 156.38135526179224
71.717585018842 19.97423861545011 34.94292312268278
34.219199796990225 2.050579427023013 120.11985372798404
70.56161044289848 11.964613999114949 85.79041014587202
53.90042314292195 4.938130542022869 50.46504224261094
63.943555730601375 6.6116646683110885 173.82395555651183
74.49780477731588 6.2411441082980454 98.10228292992474
98.07504911644318 0.6175290437202807 61.3811801699549
38.77846463794795 14.537976515660452 149.65083824710717
93.28013242472413 7.696079121462303 76.2359259928928
35.35798733788521 11.300972233930096 109.5746607123182
25.41275219503941 6.699106848985789 124.10755811104286
65.34659368958239 18.451676302946638 10.32355342296829
86.41659524537772 15.357841670556423 19.791259307164964
91.39062282165193 7.701421319093267 32.51787599220197
109.4748034655689 5.536525661524551 106.50659302449688
117.35381402316929 6.06418975302747 20.247702781425684
67.49198015638332 6.233486113212363 107.6399707300354
25.88118196966772 13.721187503477342 23.461081443620852
25.10552422039816 13.363219832418652 71.0207478081054
58.950791047240536 1.174840692094471 100.2864386699792
58.780329140905785 8.071773276239083 31.814321770038287
18.44329714991779 4.6185779981889175 51.26380995228422
22.620707000892388 2.150644707222773 166.98740434952774
27.903521996223322 19.513346508093314 58.48431095692057
106.86022457216652 8.18005945314155 29.93704018686212
112.75001977435723 2.4627721761913177 22.059767165854346
91.65382593522456 7.228436297835828 32.95863093964986
84.99193921346271 17.62589484095979 7.265558028784313
60.01710750097637 10.393607746085829 103.74384680174141
0.7931084178743277 12.655224007766241 169.06707638372256
106.52327831197576 0.9336905765959235 22.591666616161188
65.18261774185609 14.004557482501903 37.31587319919977
36.740258793165715 0.4268405562373141 148.57341914618254
43.18792312536976 13.14542480014188 163.89636453229565
92.7430904641911 9.314538700363622 24.539258392140837
70.60708582241051 16.560628301616337 3.640248224768598
48.142727914043554 19.309901013528894 122.4458757608134
48.57113155821431 19.96291641698936 98.11918688855748
78.35762833285963 15.127002641918402 169.69126023462684
36.14386115775497 11.61823028299229 14.976740947067235
16.23542131041849 11.83150952783181 20.45286345400757
55.01643014944652 12.575598306289262 137.8124415406733
53.90931068161077 19.399572422073526 22.2853704460021
56.393445519024354 3.287313442232752 117.69551076186507
25.124073381001374 2.120382655223298 30.114117847828158
75.74789328634623 7.163237574900822 59.175109511676894
17.511961326829915 3.4317150130321807 49.909353765569946
40.57628462969984 3.8253215745477167 93.03205323989627
108.04869438907627 0.21848340402720726 127.51030406530687
3.5376644360051634 7.988295939403357 179.1157929646066
36.29042348095692 3.2451546313723063 60.559298517541855
15.684311355307873 3.7936022527901536 59.6075393660391
106.15892259889134 1.7803347774675244 21.1021019158844
18.452131233299184 13.46774791577997 39.697559972481294
46.87312937174236 9.435265466748486 41.445211058488795
61.074155072593584 6.207065091648193 68.37906954751946
2.2787794413305695 17.490959237222093 177.20606862522223
100.07077823923268 2.5339788986629896 32.45387500941614
73.924251099965 5.831767488525931 176.9176783886885
26.681101546914146 6.335421561153534 68.35593977732067
13.781008638743272 2.2237882542448655 150.3227283151611
51.00891400903969 14.91332789557975 91.76158982052819
25.10964665924923 0.6036036025606906 79.18778816245468
30.317520932033688 3.2954980545722634 81.47154520634544
65.80776080994818 13.759362533345529 134.78189623805073
83.09725154998966 5.712499574688383 91.48872846718515
3.5177997303384103 11.755041169781437 171.75545689414122
80.55340819972963 17.23705313081388 151.91680632509838
74.00823826778806 18.16641811892694 128.78786984626709
87.38840111024507 5.730328970679396 153.68334546905908
45.90016263676426 7.3687727059541395 7.14055866820362
26.07119864848216 16.20137364025667 142.0780395077898
43.19737998016126 4.372536950330495 46.18675682060794
75.73157123695883 16.569010128556222 73.09227401521262
58.77525693583253 6.383302414870625 153.91462016170289
79.5802302962835 19.58770373020896 133.65772717385235
111.73112020642687 16.175361130185742 17.446107560498298
68.48324111573264 18.250329709249762 50.204725761032726
36.4313875098604 2.4408709763959857 105.82127264618377
65.30957813738412 18.35164098465477 80.19317256156012
77.7478124676507 13.102899132638687 102.89204383269549
62.67707133033558 7.87322803616024 144.6059830736915
13.075869889907956 19.596468134805168 151.40992908738724
78.82994728143204 10.885073745501412 34.704627695693446
51.781773220533516 4.370230481420844 74.72315661070849
104.43568370149092 16.629510019204897 42.14248301541081
1.6378097434444467 19.276665536810867 9.114349290484606
68.56444252030451 7.579182247393342 118.47112404378514
23.49252605180732 16.44152038169164 10.948286186189286
24.77285772441692 18.803230828864617 16.74853349747785
51.245115697777116 2.974036296411069 79.83732014450091
17.463866078747603 14.036606949853926 9.053365204486441
51.26931225785568 12.169048202771284 154.5538478219059
41.96793493288081 18.654336246491397 59.10061613705599
63.90878855076484 2.1553755521051245 151.96842664427297
76.36869292439448 9.283457250676461 9.958277041460432
97.92196261557976 7.5883507330486175 57.69225680245918
88.40018636428906 3.0141952504630147 68.63376803055895
25.667865688808533 2.0805064126720136 42.91283514159885
69.40304570126776 3.0147449006576474 54.91148198172621
58.26081066087875 9.675408383355123 175.81139022773365
25.121279309362134 10.396162920108994 135.69928117441395
47.78613979248083 10.182385800235899 94.38823447804592
21.40296444391769 13.443354544558026 143.77823913416807
81.92510028848695 6.544169183232585 106.18743701746891
43.28654918209239 7.292663576370497 119.14831033140551
79.82313363254293 18.083104392442486 32.58501052848323
48.664268895905366 3.322421459539761 30.081722895952552
76.52983788263509 15.012000542734185 97.70508191723155
43.012659911051855 11.888438594397776 105.07730257579324
51.064071883022216 3.9862315883065738 176.8722259219571
100.52467254438534 7.601621924370801 124.75839202962032
80.53556458903778 11.97811463116074 22.578182786525275
104.110292053509 12.7532005964861 144.9402867719439
61.86721296819076 7.196958361978858 50.52000577250832
65.63683915879683 17.21366604648364 150.58849960895458
44.80893591522675 2.038321669866145 28.401145123079147
65.46203607304847 3.999511299059682 92.72420204901812
51.381493096830084 19.877991516427787 119.58629173254307
48.611872198128765 7.210358998102416 30.828827408180143
84.73930518222667 9.072084028665046 134.72082303256542
31.04539269721256 2.0262723711681385 155.10104026991354
91.22441706353109 1.2824894990857405 19.492293076183785
39.857018642917566 9.156417622323607 157.29655354602286
112.26303817094403 9.015903197846548 7.025177612824286
20.260342672381498 6.29800472015972 117.50089075558414
77.24455657041229 2.7182670306617767 141.07142022417827
73.51486889018071 8.836038418185794 59.143215744936484
80.47406972426234 5.7827708520570775 127.19481782795467
46.938697418524264 4.88889021289455 107.46476396202388
14.482989059068597 10.53841874229596 31.292009576093566
54.63055736169616 9.16315125956765 77.55396622903635
72.73466859788786 3.6503885485881202 112.83847253110198
69.94376025900928 14.915963611055993 120.41578576495253
6.509464010601941 11.738041203781949 166.07998639016358
60.13114673287666 15.87023800647675 164.15871278462413
37.08305364095787 18.923949048226724 93.1516038992981
51.85696071750031 7.082635077281443 132.73022835467498
22.30786671284637 14.69541847992359 84.00706470271523
76.30287235045137 14.42237747485633 99.39778193583146
86.32133793741427 18.777466147431195 52.888297178258505
53.87982246416971 19.228665887557142 23.410580223648722
73.27252893209898 4.045240745377603 49.727456578266036
93.74949219687174 11.232772498324753 11.957430756562614
29.579532452738405 19.305961198705837 157.75401896551415
66.09042351090059 1.762818081188963 91.83553917925202
43.1177931048548 10.981340655521016 59.655197702083434
29.231453963969322 1.0613960246943943 165.7808265666092
81.12134125021473 8.293385693276218 129.50905882200405
53.68996398673664 0.916994830674491 45.6009694498818
85.61594204283224 13.710379022571987 82.7283555131942
97.39982766105341 7.7411949681697765 137.7905735739526
82.74769688008972 12.013520334228797 47.966816721265744
42.10078022153161 17.816792863624762 151.04256506134826
17.347764717632295 17.097180983270306 68.65361629392628
65.63635562047395 19.80317814559902 40.15032897276812
42.30529220459459 15.330272595660048 85.23036380405712
43.20027526926684 19.21454766863765 119.3340964340674
41.23754913555095 1.9592664545918677 33.75909865858274
19.486919533423315 2.1437585080405657 136.2127074400689
19.5454135742787 17.793043275475295 152.38439728557051
47.9559378351773 17.082864885698207 5.623897290828619
69.26038763600616 0.4991629880028929 113.5330192297914
80.19180041873159 4.553837203904792 26.542470087846446
103.6024546907691 2.983647011346236 40.299868685624745
72.82403117057781 2.088840366674336 153.94214279346411
89.1952301471009 1.561234997970107 78.03479656205735
23.81567155556674 5.369211091002994 37.14975769671095
96.22558083975346 18.256044572510625 41.9452296805564
33.82757470071512 14.61653036098134 77.57322142080437
55.42534413496344 13.828787201382804 73.70313967433374
33.41724300131108 11.345850911073539 3.0396266691465987
80.46009197591442 16.508349859087833 102.0050420079641
29.45593070152683 12.271202967759525 45.75167854129252
11.426483341202935 5.828913077316029 61.37317596353279
38.15512722673155 17.07836841856664 98.15507239556901
88.05971227088533 19.07937073338266 42.60346454190915
47.049279270085265 19.63874059269493 137.1399170639873
10.349684112124516 19.302823524701008 75.588411912343
107.41072454843484 11.258724572689868 53.32662690073656
117.93595615176355 16.629879733521015 176.03323164662245
49.31638837244253 14.86898888847939 47.94336669654629
78.74402062919937 13.868561594298257 25.662191269973817
26.60874023813806 12.451995751047896 81.79005641929655
107.6018440724995 0.7872447196266882 33.457900688893275
8.935344979371076 17.472989194489323 11.82354401734296
27.149662885647736 6.587423848441088 31.621983970784207
25.134627329496205 17.290548182659542 128.80736806167263
96.72455774477456 8.31975654286403 128.271874499052
59.531477689672634 1.3764970854761216 127.6741101743637
94.1503523874029 19.768137409043472 115.80739750944146
108.849306352582 4.94363743352936 45.27012600830001
50.59910937811744 19.54777590050499 157.51114182040385
35.4726196626459 17.735321109969846 75.59325938262602
7.09105896186821 2.404041433386579 171.31361436715116
1.3706370263429664 17.98727654907034 175.93825696732122
51.67524891411536 8.534170150342801 132.10514680832526
23.793406110426847 7.961211533062872 117.11279623897704
50.8956303684122 2.2270245768847 148.54630875343852
70.33538794433383 4.348371648557903 83.07188402246564
34.11901432346744 4.53305936087709 52.21595279240768
13.941723629981679 13.368258400070303 155.2285434965161
43.63827637391816 3.4812491797352614 145.36989757114463
15.075795689569713 8.413243135415746 82.23196736910572
24.886102198561506 16.388830092571638 138.84495458287302
26.594010189755384 17.827187689774533 54.83996077313108
33.46037914652158 13.999516536926032 65.62207705589053
100.47004300634605 10.952588385405708 104.02111163642597
21.155211384329892 7.181559918547043 15.696941733948897
11.536873323544228 19.2656199503137 164.69475554003395
60.86341360161974 4.056932332228376 85.50193106294925
10.34870548123761 11.605316938579081 72.41823489265418
66.1069905632946 1.2821820007706453 121.02456852197211
59.58879107538805 6.085586687914914 150.7626022850783
57.8965881800826 7.28162228793925 175.67823499432154
56.405418798821756 19.180166427825394 34.38847457828233
82.37534120717581 18.00942315526667 62.48624735253527
92.0389733551567 13.958447954066603 50.45739752968501
91.70645544460935 18.59312061584802 44.97043616661694
82.10493189545791 17.47123512469376 124.62653608175975
91.44218508660197 8.998238317045345 122.43857690777182
88.5425637687212 18.42936768451561 88.22073602890163
59.40999335348174 17.833849259532983 43.73094223369425
54.81914700788311 14.120150482278204 147.91407616488112
90.17659753849087 1.854346403062509 60.312779746880196
84.33031958723522 3.19181885163085 139.13533669326546
53.15955092838659 8.857301835959419 53.01856089359349
103.30556582376859 15.900451787516616 134.5705919116798
56.58521136134819 11.574335205415673 41.88644893451719
74.54895763833422 0.9940843854348371 124.29174906239957
65.72551744726566 0.4100357671166765 166.64396857977175
23.497546120817443 10.219269253816847 54.26712908959374
66.75001756972478 0.9695451569640392 128.08514859412605
94.48609570844386 18.021348393898723 97.3931402317431
71.89684802986638 7.286758878017811 18.597039844888826
92.17063938764687 18.483503033946896 178.63505670914978
35.46065918020122 15.420177795117828 38.65650332406058
28.841754614876407 16.437630279099167 114.48951884082928
99.11164554030623 8.188591995906798 111.00550288308813
60.30665340749196 17.712219041821893 173.72454218816998
100.49617752647086 0.5360101232296377 67.19183798967316
86.72702125160558 3.247646043046527 103.4033025472801
29.126621974065113 14.204958170478553 28.021173369846892
110.79736561622252 10.573088881549687 3.3383779859911584
71.45888601182105 7.2294216231296415 50.09634188380842
102.1186038400423 1.0783215068518064 114.6614923906322
60.36476010248606 3.2991146624953136 17.02037065332987
106.12364271115884 1.6686843921481929 142.6913773631291
38.30363185300844 5.289557502878382 116.60245699956151
43.82003635063808 5.647090421993923 171.53050412194676
58.968451108347175 11.260846905971219 119.65771607843575
15.854530465471539 6.69032425080267 17.682803142271617
7.216357681047205 10.388086292726003 179.44138584919824
107.72195593283526 17.65630008211688 57.86143114971675
96.93844820770371 1.8368664374978843 150.8659203469059
50.181666916492006 18.390829504396233 75.22906320650179
30.02021175704607 17.66371783779938 179.3155600934016
78.3078084619652 14.550624270143219 31.416827130464387
93.45278092589656 8.301255016704868 174.23456565886846
70.48982001320877 2.673618153940285 160.532032507668
32.26707641964608 15.794423522414768 29.67640887754092
40.078797787308886 7.967359254034932 145.11416937289857
56.080584339812596 18.34018975944843 130.72782032437425
87.76951295107017 11.521372757532664 132.93543947749828
23.846237235071833 11.852146100445266 133.92689115010182
3.5105723440560523 11.62801009753016 7.733770073854107
105.00581918659829 3.1924901850440204 72.07558001001262
105.22447409198338 12.147614942907486 140.08985733203517
96.45361867066495 3.5566424897349256 162.25770304942148
34.42037031948385 0.5292846340504065 83.48004816360104
89.66847949721007 14.192510677860417 17.710869444557233
48.1439700119549 10.643731778845158 22.199053532965664
28.983303498405558 9.611716518345986 174.8878436769992
53.34006612898946 16.462554192957803 151.88839521765414
61.823984999557936 2.1763142428666487 25.022241374699696
31.726755277684042 1.197850521738435 67.34406734533421
112.86860339183839 2.266127876184364 21.49416928032241
76.33010903642668 13.419203824971847 175.1578696112761
65.64502769289626 5.781550403502527 32.43262978987811
80.50769526302123 2.783097814460831 141.59859506167433
11.919753403798392 17.075238561816317 26.014347281407236
32.46477358889662 1.088501871705475 146.97982740442308
33.07075451986966 9.53220757461671 128.5877753779466
104.43815314525051 7.6498305081022 3.006142728565703
1.7711260383457834 4.375649388413983 175.96483882150423
98.45794234827923 3.0362313266729526 8.858532073286959
18.60549244534819 0.2635259599792072 12.913503648961496
32.0655967159158 8.65133105176836 35.787031437996966
52.112861498354555 1.2477806228123347 155.51046788613925
79.4777847280343 10.151622238803288 63.38183563923776
29.157102399922803 13.441248378821005 76.674133853923
106.98470887022052 8.312981016989019 154.8808720728211
47.2177431507838 14.403672666846782 154.87543981230718
64.01551388881897 17.667088484754895 136.2612073906675
61.47275100152904 10.169502965671317 74.46135280945495
81.85474920967742 18.074738631371332 156.17142480805649
16.65363152175733 5.794086061090324 17.72946428552617
78.54565733742037 6.95961765642791 91.40520844969637
26.59399736447137 13.097252349618401 85.84969481876297
94.27844171079006 19.30373769232411 112.85428873962009
99.66891456466604 5.4123607909390445 87.4778798178438
79.63880972768445 10.310062963718009 79.04507162314042
80.7249807584253 19.308090155294266 72.4425445685147
77.9376006997579 9.817083014204332 52.205742722343345
76.64910842669367 18.660121110381485 53.53248491942597
76.11136936029246 11.083261264977907 86.78681715490382
41.80387163956158 17.601512216808977 54.62650860535875
32.059880204279544 8.950912809468555 171.41378802319662
2.8500340765763785 4.137407358042574 16.271085119206344
100.64450692775281 11.301812828239674 7.871606272771025
0.2998863175798449 0.9969563821049647 14.17925756722111
97.43130290792747 10.244800075904799 90.77267084826065
67.80157204893389 0.7992972522162679 70.38735738589575
53.80028798817615 12.79241988128029 45.69592441638156
68.48143681585725 19.77056295291859 35.56627150849119
51.624823731158685 0.22208125791153294 14.812878049631513
49.602591935964455 8.979051906901987 138.06026691909477
53.27824381863388 10.74665781121224 17.93162162831504
43.17670552734286 14.603642583707543 170.40178295784514
10.178407334766124 10.103239820566309 19.080140213987825
75.51007657884038 13.532786910417869 47.83644676101902
71.55371113359125 16.642603444932664 20.048436731972473
48.46943581589014 6.057321796429899 85.95861594080297
45.652735513638774 17.80193673795176 2.981194012447368
96.20577943264026 18.263707944128914 116.62572210332058
30.35894339019047 7.5152232789767215 145.8277754721703
22.77430558464668 13.193026078096672 58.248815799349074
42.372608353516895 17.213455175569663 171.0480428847043
19.724166979579003 6.140664500779076 151.39555504530537
59.455938992270816 15.515795090790617 133.86216847277953
106.98035988169627 8.391346305327977 102.13679212649366
94.0383659173451 17.234926293333785 53.215776751117055
59.68247009958723 14.374788210423226 126.14277901658716
70.97725744858045 19.379229612536495 155.81536417805884
55.95690567484294 2.2552958026947487 108.0846400325673
78.67945060850796 10.117317388683091 41.66403043668545
67.816956065598 0.7287365581356129 44.09860809242355
68.32187374752449 16.008974549247295 177.9168972405503
59.793504608469085 15.824259172483773 163.0862914463742
8.5015511906123 1.9558550877171437 155.40069449259963
49.940026401773636 10.103075507905418 125.46680928798953
12.019734762222042 13.987578652983931 135.93522169600686
101.63123022365579 18.314986996114904 116.30888518830092
29.134910623834088 2.0888925294432115 79.68477057977265
11.140658898115035 6.92906104872106 113.38782656629975
62.32588401247191 16.93586824435713 176.06517357892648
81.08545955565882 18.87001949465271 123.04329158012439
32.03855213820124 12.662427417057014 54.126169744185255
97.60743381071413 15.387861055380442 142.9060739938104
23.6142383432071 7.416914402712141 60.01227351250084
0.7163847364507188 0.47876349731134815 0.12197479554132752
31.616940613271026 17.205003051688195 108.62062616984491
72.13744116197257 10.734522273324083 13.983738388616155
68.44132906877626 13.926460155432768 29.68663005990867
26.681582039508445 10.207052545313099 65.82065786985844
103.58272879099648 19.20721691988977 7.646974311287758
88.66984712363342 14.799888418576996 131.88549273218825
109.33258971551697 18.886619417189525 33.61946358868857
50.411981162615746 2.3004861735171778 4.750766147164358
56.77872454669277 7.805412410810444 60.75676391220626
53.54504071888831 11.871877897668247 177.16832264510862
58.66586773872643 6.906263651551659 168.64469734800153
100.95377461896017 12.519787330846555 67.57292379456047
101.45509292894887 0.9213561987203844 60.131242251637275
41.345538658710794 13.25403625790976 61.58173976529991
72.03949968846806 16.458021315805393 154.531639483202
41.51793779278079 0.8026910838780031 32.11231735887312
77.94092527285801 1.3576648386550008 10.369915954622128
82.74500442838433 18.27154715315307 38.20595973203677
102.80528808532281 3.703979459850415 164.31987023676072
91.49748083731082 7.663520482855539 33.02674793874087
98.31532099558864 18.99900164356035 126.9929208006942
11.63758770012817 3.841522366428227 47.39652369119257
77.35695848373436 13.759014049873679 123.71225378147658
56.00097597336056 19.60065281729433 77.92503367369976
60.48690030195922 15.907956114107591 21.990694505199862
101.17372670177795 8.2068540850997 166.5028478623204
52.49652838346525 1.9773761484465855 63.01356506672126
40.92754344450428 6.457662567876146 112.09815118506543
35.40280016271184 11.653922700988414 152.85339613591884
97.79344452504803 8.993270993654306 67.0550458648717
16.00899883237019 16.524373900896578 106.54310493629208
84.03674720109424 4.889320100613651 152.6512996083471
102.9631291113651 18.924880286991044 58.2019506920749
36.899697903914 13.378508299114074 71.03919190143094
29.95481243454023 17.276050111327326 114.95989840464333
48.786927787551456 8.116187395460004 107.07807702749864
109.03307505819383 17.500377130898972 66.6492777014931
32.88217831182655 18.74017722308819 84.08807092643494
97.08316403280286 17.016779556678944 13.833127444171517
97.37314731579386 18.553847940154547 113.89606772866193
27.6685543906166 12.150831128555811 155.63503090952656
99.72789863946149 18.95944974357883 18.86613680349782
56.89297726444145 18.665264684735156 77.48514238356684
26.192972647996278 18.633157646070995 100.13104073006326
105.5841893748308 9.208877244735767 68.97400446176846
82.49888848205069 7.904996243500137 92.06182383800328
86.01452428467887 4.1540956739424315 0.6499423947844751
76.7092148943405 1.68086977330546 149.40085609758341
48.343607027313446 9.97961222310978 84.1897434496774
12.504982524689368 6.879486405681832 80.56965659168642
77.5025338153227 17.543399839649787 175.9286830657232
75.41667633132323 0.5283693712076943 10.615083973464492
31.007636916261998 0.5389633272845984 87.79887059183979
20.588583076589853 3.5620657487233283 52.55520627492016
85.24309079473026 18.445443985727124 27.22274289621508
51.699653565230804 9.749186916575438 95.63922280170044
103.64512922119378 5.170023505212497 116.12851849221353
72.54405933549373 13.986514719133263 107.25887344479762
37.46777887738144 18.458228097129666 153.74561072273144
103.16174508144665 16.108962087474033 161.97859173055406
15.283689323649504 0.5492866416340884 47.465529380052075
75.88795404515102 3.0888730819806365 102.49417223171857
33.82205044331303 2.658445808801373 104.39373079203597
72.13466136124167 18.85241661023741 156.97733851616252
80.96767322738174 1.1905528830212921 135.47338495849425
25.112656416912827 5.264034168337163 38.01062549586748
38.309605802238586 1.5528617536743794 56.8822960095344
1.9826699790329627 14.80705724823476 175.64243101362894
72.43344957920306 13.310884193929331 86.23492896636006
95.50030952325106 3.480070333414331 72.94859079501825
98.52118142832794 19.273370860844143 117.67427972673134
109.91387425943124 4.388724254229121 3.2984390549650224
64.0591652795609 13.143425463328636 179.204943214275
71.02001579923659 19.65498520229634 39.15940429084704
17.93265870616745 9.485087899376923 160.6031705370872
111.14218972782909 3.1163908440281616 178.8282772644947
13.792426300745015 2.7865662114892165 42.082535626066154
106.21182270213724 6.187298590317187 157.4850164828284
97.48508039416203 12.222882868064675 4.660291088038475
102.41969271170443 19.210672364331195 27.076218491587454
11.086197062412369 12.860651595415487 22.489337001011233
69.96511919330403 0.32967770647058914 29.4715600335768
35.15382404444319 1.8175082144718846 80.16788524829957
14.598141875644137 19.205094816933666 26.048022456136433
67.43129118265821 0.4939277532866052 26.94704846938716
74.77298022219921 16.213704745376734 156.80382590305433
114.82619311358755 5.6299145482682205 10.254648313607422
103.60861632587704 4.088134041701718 96.80796222064063
53.94830028221658 3.142618236633323 164.4301046595044
40.361707107176265 15.716839287679027 112.38441327858715
66.81203719234468 6.898019988526187 98.74969971717448
18.764181617816057 12.109518474056046 40.70974644793726
26.303155170694986 1.2013432630080456 171.89104949161342
15.095269266781159 8.084886236306644 21.320751700608824
90.3433298121694 17.958045434298064 55.011163391094115
35.406523832961106 14.427391864091932 146.644939258916
28.578514461864707 5.87199227032187 161.41135529888447
10.172946959809199 6.988958905733802 96.84156663913977
107.85098331037759 17.27124556303825 2.6620163036077957
56.83551356696025 14.851919327385867 164.36459203862876
105.70214054969159 19.230436454573493 152.9069894072253
91.57449934225575 19.202070260499603 69.31728113234192
26.241222548637136 0.017099998849431364 116.08571696561256
36.572043617363136 2.646648046502081 109.39398122604729
80.80235210351347 12.113360641666379 170.32768528390625
38.096656152961145 7.1573339518224435 154.74873033414042
2.0375888957733794 11.277020395093945 2.0777719743788614
57.384236248884235 16.433871573690443 145.9699469824409
8.93700831947987 9.681939265335982 153.87534206566548
62.95962731688991 11.824857929116028 131.28706786655175
113.10407476951167 11.669701112945592 160.26453662519086
115.99568406599695 1.5205922338403033 5.633176530424912
31.83529384355966 12.58719341405593 101.78593210921241
67.65589674550738 7.926804716444037 107.36957320211494
44.41242414798248 4.1968584353906975 124.43627086459982
41.87146652913713 0.15934253739353993 52.78030533363009
105.90928265287792 4.827177624331131 177.79249377413603
13.612974720446985 13.381881811194456 76.58219028203979
64.35964916548176 4.389812846478484 41.50971905513423
23.269173478102548 3.789962187831569 163.94452191730934
22.54755395126184 6.100429368455156 22.919756374960915
88.6201869517655 2.8367774668024994 58.396724607296065
3.3161895216977806 2.5664960878443557 176.48091938326638
36.916684299715556 15.533330076349603 5.238755065046407
60.709878548832705 1.7488009098013075 50.23771926146099
21.25746176974583 1.0688314668113144 179.0108606190505
71.46976097943846 16.502757261487687 89.5048228939362
35.989503396208846 5.088322007440409 106.07105896839411
51.1050750118828 3.3874227377673964 79.48558104130062
51.44030157086942 9.781281147409118 73.91681732425815
47.91455557165037 4.00680832301707 172.08839341545055
61.453679700312655 11.083151050458351 57.240042779377134
69.84295927541734 18.547820069400828 1.741354282505315
11.038620548883241 15.316956750850022 17.731297083034196
93.09547590018394 0.9899347614799892 93.66555707824939
70.77821421112786 11.77218441739578 22.302518278414677
56.79540193866886 19.43695660473628 150.24187845238183
94.75096488040283 1.4507910457752065 2.1302127446588512
28.18707050277573 5.255659185531709 44.38800406240944
80.32203516694736 11.832722347075986 52.22367442717393
105.97728716582172 19.075664506516393 84.6832656153409
36.619821006710225 5.239845668794274 54.893569810507
26.1418126177155 18.79394590508335 147.9829959836988
42.440120246282056 19.7587070175286 114.8980767194772
43.77483801584211 10.78871627292639 10.016253178987146
93.5763941606829 2.3810566717713257 122.53431255190259
86.00827091406747 3.706973275603638 109.09875845526493
95.24210133708358 17.65832344916162 142.10014899844379
94.71919936600256 18.521333567818626 50.90201664422861
15.517281412408067 3.812338636096336 114.65919977738665
31.717823611658474 4.612614023087328 119.50770021511917
42.579377348470494 15.126489555562195 39.92960942899097
55.641639516056486 4.665885211313546 25.751238349204982
91.24509016436342 6.962465788031564 17.561500180665988
48.95517493001355 7.93967787051218 23.723355973958704
95.50815727901454 17.2924482990962 153.32909345952532
105.66938600234135 13.399114849303961 66.34555388454845
80.60620498399976 20.0 174.68616781016755
54.086794096914495 20.0 167.07144734525244
34.857143837607246 3.1416532809517115 34.81678426068032
28.35493492845604 20.0 26.804168893745114
21.07471236372337 6.4027479206718425 38.13337232333599
89.42104702544005 20.0 132.31563821586496
69.92533409599596 0.0 101.24334209381641
42.356480077088754 1.7763568394002505e-15 41.70730537573336
106.5495077526264 15.259813728562303 99.33340154697703
80.22872696361894 20.0 37.17922289245436
102.7241694072503 0.0 5.653152087466269
18.96838979120439 5.130912267307561 60.387686946535815
25.151268432771907 10.188158715129042 1.210964989977473
27.753207745105335 20.0 13.718700635412493
64.88219120937015 1.453431211130171 2.220446049250313e-16
58.03823217404483 20.0 60.30544857573242
37.81067553154661 4.249106494487128 165.06059207273174
10.855484006117894 2.5273497601856136 123.0698923314824
14.908878442922749 0.0 53.75338183663426
42.967995901778316 0.0 75.76414823018882
28.973415151506046 20.0 95.64408295291878
100.4593880073583 17.821196171170865 38.16920358570806
85.3353457669842 0.0 131.18237808854366
69.88614477295631 20.0 172.33710593683745
33.20292032343768 0.0 31.36905752644052
75.26297482293171 20.0 59.81772613746849
54.84101480683416 18.18158189206823 150.42020880235654
28.106221934710398 20.0 78.51200733675218
53.09040009793009 8.84846796810367 179.37571393541532
100.25741410703682 20.0 58.064260571827965
57.525600714862875 19.148644671577266 159.9215719014384
83.07343599669154 8.597413857164668 17.498982764082246
63.139817334978346 0.0 150.15823126055832
90.5896393426791 0.0 41.057460203435326
73.74564029689309 7.413981116891392 152.63623607142313
71.28539393105552 8.881784197001252e-16 38.51966390909631
85.62143029061357 12.020783609425306 178.82212742873548
82.36528970993585 6.699944978922602 140.93315730218217
99.42049052439957 20.0 124.28084704753502
51.45482363712774 0.0 114.76273632046014
35.38203427304735 20.0 51.543245898109106
66.40559132638177 17.919202028274693 0.9797825078149245
108.94532258236345 20.0 138.86742476141555
74.70150750145571 20.0 32.26412684163383
46.83369461092747 3.1814754075575715 0.0
64.85667394102437 13.984292973715448 104.8392940200141
81.84859504090983 7.119558612479356 149.01368695130157
78.52103035550385 17.748676646316643 140.43522578742628
76.1042990028896 1.3322676295501878e-15 160.05847953634145
51.748906127928876 20.0 136.50300058004802
103.53231371852718 16.613718760230032 96.63800062254205
0.0 8.726853732507992 179.5208925805231
99.09373132784961 0.0 132.03738404507595
99.48593195481294 3.814404778408747 173.5533874502789
28.694430374678806 20.0 137.06935849513914
58.204074671489316 0.0 70.10611914235285
101.35442000021627 20.0 142.03260762787508
93.04286595299416 20.0 53.40414065155918
97.32516557446996 4.197932931052985 135.8102045120069
72.3896046133079 15.834858252730994 158.68739903402025
62.10802612574786 20.0 152.03404202103698
40.42598149133271 14.042722178446715 180.0
106.86223972312726 5.233584771682268 49.61337929621638
43.47108642586971 10.346859630202866 8.30445918170727
80.3980149411764 0.0 122.3293565736901
24.194614839606963 19.95613248762164 8.18085039301704
115.3818081319769 20.0 3.817710881756696
10.0 12.574627430913628 118.51104417177766
84.71366284756691 17.573396697659184 95.32475207679816
10.696988593121297 16.536827022719343 74.21011165181963
45.0108135040358 20.0 71.54714534367659
90.68803044021914 20.0 102.3220806687098
80.87180832624327 20.0 48.419187455224666
58.06718402715268 0.0 22.20524217173499
57.11664293632453 0.0 70.59192184763495
59.93319194725785 20.0 108.79329933441225
109.87123385617937 17.027173336715897 140.57901782916375
43.73772441765109 2.385482602768849 180.0
68.10032012063498 8.020350826421856 4.195669187571748
33.23239530459059 8.881784197001252e-16 142.11722569402298
39.39824475650771 20.0 70.64260880755462
75.08356977605338 12.574526703780444 88.54674020901007
69.87007749929745 19.528076245189006 43.237386622849435
27.906769956492855 5.227835495744818 113.99093425227247
107.26768810301066 1.736088257243694 154.01971963684593
38.68443455861119 8.104435292245839 165.65996472580312
59.76526538646336 15.626214449608524 180.0
37.9135041031917 20.0 89.44618564031542
41.447254957403075 10.209031933263585 125.09354443513072
81.83291153287986 20.0 66.46923447536494
83.30511611523413 7.452553221076541 0.0
49.03415579506779 20.0 124.74404197828306
101.62392587702072 20.0 135.34593932975778
21.653493384042353 0.0 144.87823591274258
78.9657836150525 12.349714437060328 33.96682652871124
23.629418437771772 2.56392748110407 34.9288342664371
98.04035738545574 4.83050735579676 53.81495623578023
49.24945226428114 19.691699703419875 67.45758600620215
73.51097064623625 18.648494045883254 47.35744954789068
34.144553118151535 3.4694121864073413 152.7753730472407
71.89129032498705 20.0 112.36658617211629
91.12385165420761 3.7282108369623073 81.83863123659907
17.418937943512873 19.91982958655513 3.3594478895402045
40.24398826976777 1.7331618738812473 121.24188076469501
47.44587950357587 8.881784197001252e-16 18.20949537578885
67.81769070108612 16.45505065125544 179.77913455313782
54.8830687082084 1.7763568394002505e-15 170.38871346124617
66.87481946436232 1.1203124297093474 20.715773407905345
111.84026109953948 1.1102230246251565e-15 4.298214367617673
55.807751965164194 4.8699147389890705 180.0
40.45416520950515 12.053608666121022 92.08345327811264
69.0710391430144 20.0 48.784038655436014
60.026168766822366 2.3642896312120416 8.477085777410966
95.5903419222461 20.0 137.2829813976996
81.21288565553677 15.750256880861937 117.65506107413678
44.701877025247384 17.26478185097812 112.66438336505455
35.06502424738045 6.478318276667075 21.876466123513886
70.18054921125513 1.663842785122224 180.0
20.016582897528494 15.600493661489667 98.53566140793879
18.2180213264554 20.0 93.90411687372288
59.64714524758255 0.0 73.14767764093361
0.27218279225451525 13.526696377478906 15.130555703795329
21.80197262375199 0.0 36.912892883204265
32.35295825093492 19.21639098293955 174.9234931760491
45.814285294020294 3.9264505295622047 118.6245436337347
116.55088655081971 15.304110218424217 167.0870205912149
17.892095823232697 17.78505694791067 65.00997181833313
36.39156752549195 6.481588760362977 27.52719858943224
22.15227172838538 15.713415629886187 25.520192856714672
71.57793745817831 16.52349350199391 42.2511810789457
90.10264362959808 4.102159418315393 7.390268901542992
30.014486181151163 1.4653386107047055 76.21100486160331
53.36870098229968 5.654537785386207 47.972764185842415
20.968308364105102 20.0 149.75930465522634
19.763499996723855 8.881784197001252e-16 79.79215025970876
30.542703897226218 20.0 5.27230934607641
57.89341593601712 4.162030509414558 86.09648833314768
11.874661039187835 19.144982512405292 69.13870583568482
88.53466614630184 0.0 120.0885196331141
59.86537391145482 11.022675420266248 0.0
95.55544547697448 20.0 76.1047368745558
20.85882037765657 20.0 136.7752698587446
83.43102438309766 20.0 149.036281219513
77.20294134373856 20.0 82.45647330874354
95.22987178921971 20.0 115.55081743298199
59.20675285157136 20.0 123.14115925429817
98.46662956327654 2.4980321850737175 35.98713753164385
119.45857113491819 7.514523297808047 168.78340956999202
100.01175905511074 5.2633858766580905 49.00755312821743
42.35322748486115 1.7763568394002505e-15 26.966122026681507
62.65591559066312 6.9079084667290935 32.58876281457629
94.21962007680179 11.581465338721339 146.5159109330921
10.99413641480103 7.302986241312329 133.581366459729
43.89569958362878 3.2697949264899817 76.2784889669397
8.490185228977984 20.0 14.958276028922377
89.23220334140322 20.0 57.85111231082097
34.78002392924553 1.7763568394002505e-15 71.40570399517019
51.078729601682326 8.84315078054065 15.429689968875834
53.176314169851445 20.0 119.91732959563251
88.3238762468266 20.0 124.33945074779793
84.54994319831563 11.804310891077083 152.49868968274663
76.98727784387448 20.0 111.57044190766398
48.98683363329081 20.0 29.90914827763077
0.4486770529094546 10.554218600950488 12.328959094271859
49.258338362608214 0.0 122.98029177232215
33.24196777291642 3.5527673128307278 6.621832839490111
76.49977437938593 10.27009722336741 162.51895845791367
41.25736726000506 0.0 140.49477782563193
87.26712057965003 18.887510361621665 84.99642135681715
68.77075629826196 3.0206668116192272 72.79164820534815
84.78346979552653 5.029288762511858 49.79639494148594
56.14401925498565 14.686907568771328 177.69955554952946
48.88718124115066 20.0 161.71899955480035
42.308143916526774 19.812487842896417 90.57124221322572
91.13034560156618 20.0 123.58252348695757
26.706678713582956 20.0 117.31375971756937
42.506782700545386 2.220446049250313e-16 71.70487819514145
11.310085434273518 16.463469732624862 30.07427844600582
37.70409460275957 9.184577544552617 180.0
71.08154461753445 15.013367360243086 30.22489565063217
49.399366718378474 20.0 12.113999863139046
68.20625218578535 20.0 71.14393152229147
53.50096766686835 14.609970623739908 80.42820172979455
58.02970725978603 20.0 60.36880866869332
47.92125081722939 0.03493515574030148 65.04223531604546
51.49751741650417 20.0 35.70054975578666
67.81699651003353 18.257079146790588 37.97991360279518
59.487844952979714 15.239657381461294 96.29064325955537
51.54820701253854 3.5308117466596 54.02133326228657
72.57916492915624 0.0 42.978617095775064
96.32938611319469 20.0 129.06877968092306
53.325196141191356 12.516308130765207 3.552713678800501e-15
66.89363546624007 5.551115123125783e-17 165.37522567681012
119.46312696548148 13.519769250396006 5.631854777968899
30.332952762674566 11.92984590094803 144.76194604570208
32.50514877995085 16.25485711489121 135.17814118769525
78.77370483695883 12.26203806339182 111.33132361586259
58.68034489251384 20.0 33.01739860017299
20.78489311280291 1.2419981071896213 46.20735070819135
53.67564355853185 0.0 58.31627784832787
84.94703788559774 6.794745321787429 114.07931977756216
32.50039481925784 20.0 163.5342360763691
96.4290447948499 1.7133262336816584 176.880133132094
62.973739142553455 19.446868385033447 41.490722344846375
43.46873911182332 20.0 88.25215365522189
93.56924692153233 1.1102230246251565e-15 159.6144392965981
57.4646387434163 4.144009179794134 8.947420074457215
26.66823815767717 7.5279160622303465 105.16240876497554
23.46936192197 20.0 49.21343499501741
30.303317743480452 5.717672427491455 58.058660623873976
100.314394808763 20.0 44.03596623124796
41.959842045088614 20.0 43.53883068665559
101.98480103369151 20.0 154.92257102201083
78.0167270824795 10.063927250788934 180.0
65.64158088241213 3.789484363538434 5.568334933774963
102.34391163120611 20.0 74.64398494403926
15.717640036002296 20.0 113.74286104426132
103.51663315772049 20.0 36.57261167846325
88.24099209312865 20.0 150.46280892658382
14.583955402321669 0.0 35.90998043204082
39.77899614235163 20.0 76.60019441749972
98.36634625947623 1.7763568394002505e-15 112.76107343065196
116.08289768938816 18.820160378247234 18.341975736881494
62.351962641858414 20.0 165.95337669263967
15.12518558271232 7.057883296118173 118.65323435764307
41.569008614019836 20.0 56.772747772301
68.41987194955765 0.0 56.93450520420276
70.99422354034618 9.591298484372448 68.96376136963866
56.381331562580975 20.0 91.65339036018882
110.0 6.563129006559718 141.77381584570693
35.21196537051103 14.151777313260181 37.12490592823958
18.641844507429454 20.0 146.7353272677199
50.6753912441167 16.942011304207366 133.98083573149754
92.77021206489955 20.0 72.92448233631578
103.66115442820706 0.0 8.260939687865113
19.785697719853243 20.0 135.91135190278737
31.702126020581645 8.080147398926298 2.4251239235096094
89.05254794146646 6.320949643326909 128.35393054211696
94.8457760383777 14.113835968147342 76.2550409987201
67.66235301685276 12.829700711047002 180.0
26.788441488133895 4.802353804057703 53.21847547731399
53.56382945080657 0.0 46.03586154988523
4.749582534630777 9.73070646266084 162.33323472352848
48.95957252553379 7.87652978104601 180.0
52.13475639538594 0.0 76.02544599217089
37.71460850903744 20.0 139.84294010715297
89.81944193567959 0.0 159.65324142669982
104.1698633554986 11.76895831020073 129.76977844457923
98.99485700732079 4.2011542821032 74.95741872859563
52.70785813702549 20.0 72.18482388655292
32.1739018727928 6.159283491780085 50.116197187530844
32.6427705833298 12.276087141386153 87.03801592753867
26.736474337705516 13.997764124460286 6.191529844034029
58.11235088302994 0.0 130.43036855653816
44.24242852704114 11.880252900129086 111.18625143533552
18.021272455240165 10.761791362697844 47.37998498265713
81.1193092326955 17.270689541819692 129.38970216094074
28.43172659404772 17.322553320022863 180.0
110.74891155316116 2.220446049250313e-16 20.68905131648424
25.040179453609262 20.0 65.02963720140905
22.183320690761263 0.0 60.362019977701216
26.2270855508881 12.88643411101583 87.53328117339515
74.46879229744667 20.0 138.79934256590187
80.36585772990479 0.0 77.11027123386654
106.03171458738494 4.687502669528678 6.918235208868616
63.44452154875668 20.0 30.716480293546653
29.035905635045786 20.0 24.31807530139212
80.2959597274417 1.6365683827418942 29.403859564115848
9.980898525504596 13.642876606441632 180.0
43.31763540945778 3.9881146195856836 7.304251792380365
91.49687188964818 5.110949428756378 27.46140589531501
79.99991949417145 8.881784197001252e-16 169.83638751935743
24.396921649581046 3.7349313730451277 19.22266855981159
56.75228046691534 5.9917977342190625 86.25029736120871
93.23552229557397 20.0 58.459244712848296
80.38005530608378 10.27930660783339 171.90712374179418
13.080315888731027 2.316333392939158 127.98814250056851
11.276026667308942 20.0 22.903563173748317
62.67708440062654 10.974455405337348 63.501231172025165
69.73844402764469 0.0 87.62630206605455
77.14011458971314 20.0 176.1155502348691
49.48356698367557 0.6064174765177732 70.54652633367598
79.84871632884108 3.0820325539281677 145.27789609905497
29.204091937354583 1.859989896320382 85.26173173359545
5.313835365545898 16.16056073668833 8.25019754252315
58.28849619654932 1.7763568394002505e-15 40.43768140261308
76.85554480819683 0.0 11.692794747030492
72.97753592968124 20.0 2.1360122497041583
71.0989819724729 10.262475840399766 34.5911056160211
21.9454971605199 12.223866399955387 2.189012498480725
42.565764506391204 3.9626289360303613 79.2203602480422
8.297190163900531 10.764191326638766 179.6435299715243
117.126405340824 0.0 6.042302025650928
84.46919928871726 7.837766837099768 0.0
7.9343541170008525 0.9580638652027835 24.76112621620532
112.2709857315928 16.19792137536901 157.5057346003317
47.44829676651922 20.0 71.33243449266759
103.6245425612257 20.0 68.80449589659567
31.10495141806355 12.79887205594345 101.12430511898921
88.44874559987552 2.4896977084122818 143.7210559548506
77.55255926989263 20.0 91.41871649144079
92.64711008278704 20.0 98.07302285511466
50.98316807682857 7.668422461353367 86.9981456079785
38.522677339469574 20.0 127.0522722575177
44.639131110037994 19.99923041997605 52.83919820297984
47.094601387715116 2.220446049250313e-16 85.64891839649566
69.82349594592161 1.8439920755194943 180.0
28.7255593057105 8.979553430720365 145.1962077849165
78.24729194230359 20.0 107.51154397881713
38.26893116309703 20.0 54.817232623717395
99.70618714615792 1.7763568394002505e-15 118.94083858010798
23.246206356280958 20.0 27.930775319643374
80.8057506687349 20.0 157.191587392546
96.21681817991484 11.604822737113931 103.13041687320279
100.5709692924464 0.0 56.03327999144915
23.32714413005953 1.369714924552925 2.4470048161944717
8.114590017550185 19.094355852335177 180.0
83.70296715319279 20.0 93.55577010003512
71.55602367343344 5.387650006491147 135.18766067030222
11.401210584479232 0.16959567452310864 113.14365482210948
11.66178296495644 0.8242570380754923 107.91322556728903
10.63999225708568 7.249607697547367 59.26674446244254
64.99922849128333 19.98538651586524 101.63663697340192
33.23632657087089 5.060951204212244 126.59967822250992
50.56784655381699 14.448685927728894 41.21824018964756
64.17845737261084 13.850746561649377 148.2561646063538
59.514734656481025 11.802275438702486 77.72930129468412
53.948606523885125 20.0 153.38110686464648
108.1545781355511 19.999999999999996 76.85610630129784
98.32700744979653 6.2450045135165055e-15 39.215647386345076
23.2829477894853 4.980772238154108 136.46045953259645
17.438420388037482 2.0688757929201382 148.52600024390995
87.24359624686832 17.517143502668688 115.56581188739783
40.2946712109152 20.0 70.3134060002642
98.17275684827815 11.322229659031192 42.21221347350306
10.904607583934377 18.143189535138163 19.329570715404323
69.48324427170073 14.915974253063847 41.74066069444788
29.272781989645726 0.34608785374764905 159.8450092543954
83.07917348382614 0.0 109.91710797373798
90.47469881417852 20.0 112.52292831023736
77.11933308315258 18.2797795860209 24.432401304583937
73.2027686977084 20.0 117.26995617976166
81.33599445074897 11.157060234317953 82.39296801289136
88.01106918844515 0.0 137.57595383167626
90.57514803584964 20.0 136.1555806608385
21.805356597541685 0.0 142.46783962965193
27.553039206580895 19.34147282757986 31.393972706248586
39.831771046877726 20.0 130.71398206080138
14.168707510771455 2.188478333943791 130.41856358303482
72.7741966246324 20.0 132.8533479218957
40.15743265182135 16.85110832205425 155.94611495440822
83.95928895718977 0.0 126.53484465818235
62.389965221681976 4.768853692943866 63.0872017274848
50.69385162985676 20.0 139.20747747291708
27.62142204359426 12.173502310013737 76.47609153541745
73.33171868637811 18.234827860533347 180.0
70.86169497666073 0.0 90.28770927504019
78.4073645863896 20.0 21.790947922543303
96.17304681052669 17.72411590957993 103.27284052408265
60.13848659703744 19.0977697023009 141.72957609362314
34.286604858072685 19.936914628362782 41.346084355301315
14.97913378291484 20.0 171.89295270643348
47.09070899872644 18.949925333922724 57.75660702048762
55.74586990691128 11.629413755733093 169.99611153131232
69.74912458051665 2.220446049250313e-16 20.76316124938563
53.48079442610666 1.8764310074586403 104.57388267281877
45.117780490955816 20.0 39.27666139140424
57.513039142346585 20.0 10.268149978991497
34.216255865130556 0.0 148.65937291529858
44.67667309172518 2.484301351763034 4.440892098500626e-16
47.40789804838205 0.0 7.618869749412422
31.845637799767754 0.0 38.34533562354621
61.67013531545618 20.0 79.28286037610988
66.85559958708083 8.562529533140665 86.92027275444073
100.95601170955307 14.301035565820317 34.77669524075517
43.77987038758748 1.7763568394002505e-15 96.12935436244598
21.283214836486284 20.0 65.85802998536369
96.71717314344882 19.1080263990414 44.574572019905744
60.980312945813814 13.364804316153009 0.0
41.88217540176914 7.40591118389009 4.107085615352222
34.28114738383503 13.273119726120882 126.70676600803382
40.44423645247643 3.473101514905225 38.18489819385212
80.33112999800673 0.0 61.376531658361934
60.84128994955215 3.115676651919367 98.72145129036036
86.3410224195916 4.230205352383161 168.81276200882868
101.63060522172577 20.0 145.12909208605788
23.889470210078017 0.0 156.53874697764127
86.90749737729028 20.0 79.50187730281428
25.65477557879977 20.0 104.46821871610152
102.50016632296212 4.000912056291063 118.20132046472419
90.99404870929646 5.393424887462527 26.85813904488841
28.936867738714323 0.0 98.31547448915754
104.49828858792524 20.0 78.90098399738866
42.1796531048523 0.0 141.5136723417926
56.33680035321228 14.086725029071834 166.2063923284242
56.45739609860138 20.0 136.08313227152004
65.12421252511382 17.412942909156417 144.36554068086824
16.179096448759168 15.08217099385083 180.0
62.10965467395398 16.764428285363707 28.901230051014736
46.02566324438892 0.06334629850470463 139.21897564719774
80.28916087889925 7.74582282050233 149.14166125934466
66.42109001813431 1.3877787807814457e-17 89.28687793036315
32.01065906665502 20.0 8.416968944200999
89.04540958856924 0.0 109.48074278680971
70.51525007912724 20.0 24.5757015749831
26.88380618801369 14.249407703189139 124.96288739166498
41.73046904131734 9.054895070596727 44.419236769749325
24.888801174521642 13.091516861146072 107.94159368111391
42.49022522867486 0.0 57.686188868251364
10.0 12.832195799635368 111.53079336524799
80.6887749048431 20.0 106.23787513420638
56.12223809910952 20.0 57.87669082258747
24.125761602119788 20.0 108.07760198302529
78.76137269156823 20.0 160.54793401579357
62.361888275267546 20.0 17.50354549933556
37.85725099140748 2.796821681234843 60.26770939258523
89.98821026164623 20.0 19.29641911806113
22.678820051290916 0.0 37.0536298310148
88.06757225916517 20.0 119.07733880767734
96.56112928208593 2.902909907594564 97.1955734765775
89.56864141501808 20.0 45.34901670985166
97.18620706416377 20.0 15.18894836538187
92.99397586400612 3.6642821993287615 143.45940854729412
95.02482934181307 0.9098457845426413 73.20043006817636
110.26780605640539 20.0 3.737889186828358
41.80964748075344 12.544506019478249 88.2746026730101
59.20717204121137 20.0 163.7153374980814
91.54869141727568 0.0 22.73376503800718
25.060304266855923 20.0 137.6886407947247
79.52344299238996 19.93577024543009 180.0
62.31502783518662 9.69777087544512 61.83701471642459
67.58185459194357 20.0 34.62815165158849
40.125507622149044 18.745411982945964 64.30195971134339
58.643382516709245 20.0 31.473377748902873
88.49946057122351 7.635140377277305 72.61699640000099
51.89883706874197 10.302415068859782 59.51538050760418
72.65774931016152 20.0 125.10558783731338
10.884042450664566 16.251487073209564 143.801239875887
10.689024517959334 4.137682046233353 80.9089102853055
56.026747172366136 20.0 149.80076943260815
74.14144963199128 0.7411341084925298 174.9265917909128
29.83474297994441 2.7285240812345144 171.70238740994665
27.286441041037076 20.0 85.38897140700911
30.77826469622318 0.0 65.17063159277879
95.91652661788507 18.071763059098053 102.65004743629649
12.356442970008388 3.646246897998206 177.22107424627796
101.9272560032815 17.590249938342616 57.6469213235808
87.06241109235681 0.0 16.957786819270876
94.07113639503801 20.0 40.21611303484508
10.010477019648405 2.217459634401444 7.46677370786259
12.213568823633814 4.427137647267626 149.34769059383538
93.37393977798646 20.0 35.0080409984348
48.154723652595294 8.28094382153942 150.46517537000594
18.844301621846906 0.0 136.31857464805938
45.41554114611601 14.736386447318463 114.18034919572291
67.76369140585295 2.5850892665677545 65.95130273454362
76.15056474878232 20.0 46.59428998725304
43.58656200851232 3.472658408856562 108.49384798665851
16.48092706148143 14.605599838504608 16.14413795178413
87.26011849974833 6.043676276373906 40.25105710284832
56.32912900188791 3.272929671466576 95.23921799302238
100.32986057070251 20.0 127.61474297550934
58.8090817872522 17.703314997704283 180.0
46.27216700192856 20.0 118.91292914510467
86.91660929833706 0.0 51.438392759470574
39.575007171669824 6.261598266064224 113.96043538648803
12.269143628727187 20.0 131.64062490003133
17.68938201459011 20.0 22.055469683845992
12.832046534996547 0.0 22.72483502826041
14.289278852908957 3.8737896820462967 91.47766559844274
44.624378237580984 17.43489971712977 94.27022971209588
15.417687211877324 13.966788362632304 36.84181367371939
89.78759419161004 1.533754611090791 38.258436611242615
32.14885217720192 20.0 136.6063039688411
76.07169012861442 1.0477235888723309 29.333326426420136
98.55770168080137 5.755252206056664 122.46618208367579
53.37311605188845 9.030438992078851 117.2190213135494
27.9685367451004 11.604556493293437 58.430857151759284
27.063768417125708 1.522748438325447 1.1217998134304912
80.9722536996672 0.09755316633226618 166.2930982206419
108.37355833813868 20.0 156.2315093610897
24.739711104452063 14.484465747093216 59.881641655246966
69.70844588746905 20.0 106.86845999639888
59.58238430197218 15.831811425644773 173.00534914114985
89.11069919269167 0.0 117.5348768565092
82.77642026488058 12.825666386156403 180.0
54.26909434148091 0.0 165.14718271726366
7.096548247045238 3.690167386830421 168.58210624994354
19.851176112567245 20.0 39.6232725436164
79.98049748111451 0.0 39.47927956885958
97.83479606609205 8.536625919650918 112.61356299776618
35.827042232929145 19.23979720134709 173.317593472206
40.333354702872214 20.0 116.19458599221534
77.35163717339681 6.1166564047436704 7.494683760672963
55.25847614500957 7.529727917885227 119.20749860702534
30.886285671532434 6.4465453882589205 33.581618279940386
91.95034931006897 9.938966137866341 77.47587166070507
26.98831324251787 13.410519498145336 180.0
15.818995774984751 7.410264177670494 36.39330787814839
89.5044707591621 15.568017585126087 83.01730267827628
89.046137568515 0.0 81.135837301728
85.93583407402927 0.0 154.6333973243589
23.85393689172898 20.0 71.4118660957609
7.663945665742601 15.877719515209192 7.373952230288994
101.42326651784903 18.19823596510839 81.69700584384877
24.518801862039087 20.0 52.85265513550134
87.41937595646135 20.0 38.728119843642354
88.24004339336253 20.0 94.07602824400895
78.56286513554849 12.699685227412703 169.62548722177218
68.83797206732882 20.0 171.20134154002685
51.643580517808246 6.906973951749996 180.0
25.865600906985982 20.0 144.5440181209687
29.581981651958248 0.0 131.90031996045764
77.65351625856715 4.682207751852595 180.0
63.06401484897196 11.549919491503111 121.91950053293688
27.178711103032292 9.179216161201277 0.4124780905576557
30.671893711568565 20.0 105.88621829300105
19.145030955956475 20.0 26.738282009226143
56.16513793947474 15.433826572964273 67.55329326425678
105.77895215161797 13.179680287433069 50.61869624825147
52.953047834844234 0.0 63.25547345249441
6.946481851374944 18.897125189604928 180.0
69.21901944699404 5.1482335174797615 37.41435060413905
24.919868463785498 20.0 84.33088529887603
26.833342890479322 10.669499819679725 68.08622905737356
78.63004611100696 0.0 14.37243910660185
33.58667828804766 0.0 84.50551762218889
39.588575756148934 20.0 35.842363217273
75.06406940583085 20.0 50.974066628282486
85.45254856244212 10.037080805543102 49.81430389446741
109.41217829763217 5.561632563966446 166.15883911962416
117.49290634991328 4.440892098500626e-16 2.315381224755484
78.9787955258554 3.552713678800501e-15 127.89095008598812
19.897360180371404 0.0 104.1191611522091
77.49368897010895 20.0 69.76559979357681
95.57210423678045 10.256770366463535 29.457715576905777
44.467835428247824 20.0 178.4545349856787
42.48062204525629 1.8886621056884092 63.73429937213797
105.45073902086749 8.988694199367883 99.98896830767201
110.0 12.067526031775925 100.61812445307653
11.269057445509205 19.98236198025266 179.87522427228802
52.67532758444784 11.305163756143124 180.0
55.804236490121674 20.0 128.1113603007785
38.91322970697766 12.010616314178296 102.09449625948304
105.27948928630575 18.12057312607945 155.81799145370573
87.17134907826451 20.0 21.241252886327818
11.415911278238235 14.151163859516672 35.973065061607905
65.73183757209975 4.260459947192372 15.705642123413991
12.347754022308521 0.8052519555553388 6.677121630153616
104.54531067540916 20.0 94.8061968021671
61.22353640357295 9.91864692862028 135.5116421506914
32.19464527757167 0.0 95.0344375345706
81.93620456828285 2.8897600014354445 42.326103390283514
34.11436665519654 20.0 98.66719180617716
33.34031798758568 20.0 175.081898332343
50.6905743772239 1.818825474382646 73.08878108952254
70.68898802464051 20.0 118.32513031734317
44.03215789990718 1.85029583623135 120.36582883574918
57.31837482654862 8.34808615918869 59.27597981866303
89.44705398611987 0.0 42.45584645493982
76.64077482993795 17.279561949511766 138.51433882288453
110.0 13.578603467886314 75.31033351145332
105.87943103645823 7.170919399531283 54.42312700024052
30.399969333524652 19.533935653012787 117.0346796796531
56.018323210004525 5.617372514437049 40.08800805356302
90.60692428416675 17.715379058019494 90.13284450670344
66.38178161113146 0.0 97.54459474885063
104.40648390445885 6.464098987410739 166.19723643523673
76.60226734112918 1.1102230246251565e-16 105.13566028377807
79.84543422028845 19.40904984725664 145.57686339159716
65.99148057498749 0.0 56.2946696663132
39.87005339574618 18.230399246225556 18.8257335857071
102.63837815054247 12.48023169277965 151.92811896417774
84.65011502295819 0.0 156.7439283491021
38.421895414745784 13.241394854814649 20.167435647070263
30.236016982040706 14.675094142708465 43.03773290366555
67.17891989947141 20.0 121.94606764797825
36.10413003010356 5.612889309565117 69.244222190072
79.8706372143418 12.442354453022546 71.13320965496654
19.93264843674755 5.893690636558798 70.41438266826728
12.397295266710746 10.48931712536651 118.24271040765069
75.27514174206236 18.223146674401345 106.36760936497727
105.7058348651876 4.440892098500626e-16 68.93132193831853
44.32875917500418 5.1795684617576905 164.99926851590945
93.39753419157921 11.063454869546558 22.726353777805073
70.4761994818517 0.6090095642154303 172.71703978932064
65.65302796076745 9.398373232877846 141.2549022028321
88.6356363513845 7.561954227216397 118.55007954975957
49.87094865435856 1.1102230246251565e-16 60.28115419228542
85.40796210609484 7.861835565024924 92.80938307092549
0.0 11.267444219773292 13.22683284018892
83.82414386854705 19.2342537077038 41.35681599009369
45.59423469200858 4.440892098500626e-16 3.860832168308344
75.60257926985037 20.0 115.38434968934494
86.4389108070184 3.593932113345037 149.36377749995393
10.140004699453232 11.486415523354335 137.3585169096097
49.26535441957972 0.0 73.6968648658678
72.76734303651513 20.0 112.81296456399176
50.33117461904863 4.4118580088712935 91.59010791007955
95.6000603546018 17.719433045173957 134.50663694125566
49.12135975255957 3.6346776554746163 0.0
50.19227154341854 3.750165684213062 137.30087499416004
43.86463325013084 20.0 145.55906160616146
57.621243246561164 20.0 59.408188294628026
39.035731110017544 2.5797428348786067 77.66212578893716
67.215714531127 20.0 139.39674155489084
61.68776061920819 7.3305944469392355 148.10651392141602
9.202247979114816 17.7597166998642 27.020131675866764
33.88683647023877 7.8455382852512185 47.241942304282084
110.0 4.402576921503643 115.90429688751442
109.19017163337419 10.573161900597128 77.13879049922247
61.4050471350526 0.0 116.30956080990609
25.574355597531607 8.881784197001252e-16 170.7517514680482
77.16837266987666 20.0 53.33627485815902
73.6039485472118 13.847036033226948 21.65714084305742
85.4529977439685 19.920383424765358 78.52883639383722
37.74262300068402 20.0 46.61550142134488
75.27716485237238 7.744197679729969 8.88833729481356
107.96215560565055 9.939965115533573 137.87491736390723
82.06985286655522 20.0 127.76305678512063
98.643080809673 20.0 24.846747620765953
103.82665733669074 14.708925714689354 101.00344423804123
24.83898463768871 8.274843279913465 147.24792958725163
3.428151049829146 15.416986313397425 11.711801016171673
89.80335128267387 16.043701009890626 110.40765737173291
54.79884910001226 13.597839042645024 140.79686089001063
87.33590682213551 1.9778718012607355 37.698548988158194
13.086646094043001 2.4997361469025217 17.256429704845907
71.9769858282814 2.6922775061780158 40.13002859696198
87.91488982036716 11.386798400020632 21.102569351381835
66.97532252665094 0.0 174.20341278700266
41.117073294010105 0.0 109.6052465063538
66.73018947283681 3.7545952941087606 64.44723764063754
61.793279283276235 17.975366211559933 120.51403258815093
62.156890574432175 0.8248525681171497 159.7922611913205
67.98483664746124 6.390296723285329 67.66169698334735
72.95153353021735 20.0 42.33445516497553
34.79980370618507 20.0 121.14050865390053
75.20061573103854 20.0 171.1818083083033
21.050683166302864 5.085344673074416 52.8391765786598
73.59438262217772 10.982068436878377 80.75164098733917
87.46895487586401 10.910783435586367 43.90356743220702
5.111764440885667 9.558790772180638 180.0
42.347535856224454 2.142439423199824 4.440892098500626e-16
74.37375993721483 8.576429954075653 151.9780831639186
74.84201350528836 14.425523348518926 123.8891155797198
41.215861692322264 20.0 172.82683233342104
114.81395893614825 12.137753367343333 161.57437841714312
97.24891571870317 20.0 140.27133931393283
70.76221963611187 0.0 131.36497635259263
95.34246979445612 1.7763568394002505e-15 123.7243439344258
11.060119731996835 9.70428164664679 60.84891783658263
99.35342064355636 0.0 104.06012002593519
68.35666955949068 16.023215352549613 48.01432339532285
45.810654437136805 10.057233392854007 180.0
104.55928985214258 0.0 74.22498105814218
18.188831435516263 10.149365031728838 111.79995235105727
108.10680014961002 20.0 15.64406492698229
16.212236871326777 20.0 120.94423130403455
97.77757044222889 10.735463939085685 142.60392498644188
72.03086249800208 4.383348627463599 53.30651764208839
47.47252246965858 5.286263521106013 6.589149704390308
81.73698607951562 0.0 72.18942492152084
46.21821845467362 0.0 142.01948854800793
69.08028788615856 6.601137652011358 34.083439628883035
40.554951106066994 2.7865578768806345 88.09645504984658
117.47810334438904 6.223216805586975 162.70985672369693
69.83650368877969 13.871714183123252 180.0
71.21304750448307 20.0 107.79520694166057
109.1211458702476 13.165128574648651 122.61573167612994
65.33297294728499 20.0 171.76312848330255
49.63311350795006 20.0 34.77834884360877
95.64770664834359 1.797174102488392 20.911578823465902
56.2501111609658 20.0 44.5927057304928
29.32234261909289 8.881784197001252e-16 123.70251356706554
48.968970202069166 20.0 57.53180221598643
34.177348872055205 5.304722067939057 59.29618944740875
20.623643245792707 14.412491662102573 91.9752402173275
61.76291071412134 18.257643474811978 20.114304170072202
35.969858407107395 0.06956387086349292 63.41478546987367
71.11178330478867 20.0 71.32329659351059
20.95352909340511 20.0 12.329873907217046
47.98447197030193 1.5566229633742537 84.25342510249563
35.85656869083227 20.0 68.36920542447926
84.01383631917953 20.0 4.830004834100131
76.42748405072965 10.150897198633599 115.90862927617962
24.644931774002167 20.0 27.110469293440673
71.87888112639284 13.843184489801082 22.485576265555224
32.26892640132512 7.566106224900717 27.019107218354193
73.98783418057876 20.0 137.6583173941449
96.07585630214288 0.5720022698939626 31.959466283479284
93.57397859492676 9.367769940284708 37.245482064245536
56.49246111352463 19.0344665728589 102.10997133937092
56.92146907169814 4.2332694494203995 78.1962727981885
81.70108807403957 5.837024974548465 180.0
105.65703374283385 1.5604074622679787 79.81418626575353
13.286774080638093 13.888679878797413 128.96358322977494
118.6052837245634 18.450468209039048 173.33168209916593
86.66123007014014 1.7763568394002505e-15 159.3437484335313
101.54969935236274 3.540823571355502 41.36545049617477
67.79745597920501 20.0 73.26526338585501
95.38132973215745 2.8899068560294494 73.63392819773239
10.0 13.396573769631207 81.30393555677246
66.70152278316397 2.1524865199860175 144.7145369230539
30.830942404351873 16.761667856997104 13.902157756614137
60.763606503620295 6.020018800010199 127.24058896207215
47.63113686581196 0.0 34.02344837700924
13.44649675492046 20.0 73.68500592528359
45.90494267505251 20.0 86.27785809208812
87.74693702668836 2.165036117519888 167.2610845386704
47.04002290426315 0.0 83.6395002380442
110.0 11.974611411437802 99.98857303456737
58.359560836603386 6.419493620978865 138.8913912553615
91.86889646754865 3.114916515535519 172.4217632436691
112.9919303406918 13.585372625934076 157.9865843870315
113.28555165989977 6.540049201704516 158.80447102882553
58.584150034443724 1.385621338305194 117.45730518538768
61.87037513446008 0.0 36.33843972421271
93.74859287870989 0.0 119.33983998562975
26.075542173994577 19.96572036066621 155.4523202068959
24.379701320543354 20.0 138.15692485711867
77.71396478592129 2.5765581754498794 0.0
28.206859948600506 20.0 140.1417971631439
38.497995404999315 0.0 47.86537142775849
90.85030019646722 1.8195720317722923 150.35395206045493
51.676916936205934 18.411541289379254 49.993841567859775
90.88943545020545 0.0 71.43181720125796
104.44235189460548 20.0 85.01973003459506
51.280180450646334 16.871304638135307 0.0
95.37640215250143 0.0 117.02163222187778
19.797387988331838 20.0 1.5426890051721749
101.20375128334808 4.974806723982322 131.49743718015105
31.911529715122125 3.552713678800501e-15 27.158874033664013
11.71064024079741 17.245706801768712 125.09615261806847
73.76727630933607 9.46718126032877 73.64517599903562
84.45294737182456 8.846778583268373 106.09505895269352
95.04826447876056 17.449010290448403 65.0791105833053
74.7712202446075 1.9087698491302092 123.91769701687458
84.81877432350355 1.6396471778100796 28.006398745492817
38.62315134969224 20.0 151.95253719273015
42.66867281674871 0.0 52.218157003641615
98.82283426713062 20.0 29.47733260456545
84.10943414706125 11.617332503739894 82.39282870287082
39.32202493699477 19.93926685376052 39.20560790548872
54.06917109203659 8.881784197001252e-16 128.13270344329177
91.63890198817472 20.0 92.9079451174313
22.035853445885902 7.935206752429317 37.26262444108055
102.04933754357711 20.0 112.34447869748406
62.594560720979295 20.0 59.890330584851014
44.0240771751636 0.0 136.19649101940576
13.82577474124145 6.282990246072252 180.0
23.030881793364905 0.0 47.81595003003509
20.488350107801644 15.829176053646734 180.0
60.74455966521674 0.2044813311787932 124.19363068957
30.762140351592787 1.7763568394002505e-15 93.0927088778163
38.07710519493442 2.1968667315398953 6.351552794868036
71.69008072438608 20.0 98.51426605777768
27.596992908822386 0.0891378862808434 108.38219795071275
28.959515585527562 20.0 118.57303093131952
74.96121458641336 0.0 127.40629468546904
80.06605858613693 19.636607923354234 145.26427348624424
12.590601777526937 1.6699128484931425 7.389708339219063
80.32498369311168 7.907244221880771 17.228115399416513
65.55063848830109 19.01279839561776 80.12118503301261
40.086829751371425 20.0 44.413601341268084
97.8757680659769 17.339141116077442 61.103319735721854
35.658637396915836 5.7693005228181455 82.87510489709227
12.341672239123458 20.0 15.540232360820104
62.02578252599706 10.31984855110695 11.25900213190689
119.07715803258736 13.178533859582565 172.00704775603265
14.065051542813901 9.981562874984196 180.0
0.4234685670607856 19.153062865878663 16.556629297681756
46.32483537208775 0.0 66.13777751495302
64.33305818310333 0.0 10.589632054557708
29.915589100568972 8.453205619203557 168.56397602606137
48.05759571659637 6.626036913233976 180.0
84.37308282290714 16.61016155189428 61.93405797918261
49.582117163132224 20.0 127.8786204433302
41.00202717723174 15.326923138443615 89.65381724475526
58.652361718824324 8.881784197001252e-16 41.08332363609222
55.07336652542217 5.90025639135718 180.0
73.45728439190385 20.0 93.32939602167383
96.32646578254935 7.983573502546212 32.352162870793215
40.47579975534751 13.459196825291773 179.58335046841748
69.11064748282254 15.694867166168976 92.10587833872705
61.93143833278624 5.518253304469364 96.90928018094647
54.70292485412962 11.890256056169646 120.21683124971747
64.91545450113334 15.323589529597331 0.0
84.32636626414238 7.456642438031252 0.0
89.541975425336 8.881784197001252e-16 45.714359980654
110.0 5.926656959011711 106.09909492445773
91.75280689452131 2.172449913732681 35.39507202569252
72.62832859476667 2.6674883358232733 136.98109518993252
4.127548109180825 11.744903781638438 17.67896315497171
27.459218457277448 0.0 65.9627336333898
86.99618343880874 10.332201625601947 105.72690798212858
54.02225415601019 20.0 52.75960896173929
16.311976080854866 2.637468408786928 48.93592824256459
26.81604886687073 0.0 166.59594255200128
30.481720585701527 20.0 64.45797059758034
94.03849827170876 20.0 42.65896149035264
112.88526340029128 0.0 20.87712837046428
91.84686025739593 20.0 26.578157204651987
88.6955088332851 20.0 10.413660558140988
40.04464689680319 11.824937501200676 126.08332111397341
1.303205489997937 13.898514488912058 167.4541389939713
103.67009973764392 0.0 8.947905792702242
62.76559790696314 1.6225112322823882 64.5343034584039
37.02821211154755 0.0 148.4227750010314
41.740669121935184 20.0 174.54447304074964
76.2735364908554 1.00829317405465 0.8800090977093937
96.2055462546712 1.1681327354349822 0.849208321243192
53.333277840483895 20.0 122.51789965080515
48.60584896978224 20.0 98.1484919582167
75.7401333984423 15.738946103279485 139.81193217209508
23.843010556536704 14.542121041122597 1.2973004396904013
16.237939353340586 11.761143919910083 4.400254818681976
49.259711751549155 15.125222897474075 167.14432875802322
49.941654394802256 20.0 21.610403535054925
57.88396949387866 19.999999999999996 120.36360573993022
30.53443687845932 19.999999999999996 19.17189140060414
74.69840295405167 13.936041933196972 88.3817473045942
17.25289463346889 0.0 46.830816394249524
40.446774476822384 0.0 91.95492875300687
107.9242330095351 0.0 127.37346179937173
11.852934469772805 9.057191084955303 150.31104079706762
13.75559900470962 15.371121162272045 44.90226746065802
17.039437564409265 16.06272998276838 32.26467671958443
103.98570107641393 0.0 24.995542701767512
22.896008959680273 10.355632799843917 69.202927115734
45.36040777629308 13.222437582094335 71.1667352580215
63.74793798006933 0.0 74.61768053830627
2.306264381191899 17.399582136182918 180.0
99.85576705306875 14.020318428503167 4.740741401051757
57.94576331156957 19.49947314119861 155.51950673342793
53.9318855007313 0.5074351582055616 79.46581594177162
13.613793921440974 3.6110182073679553 120.35528544301275
32.81090312004319 15.618483057066088 115.60137077342694
24.628348161746217 1.869047630609922 49.21835368049997
30.202113323109963 20.0 85.39044111295055
71.0648746775801 17.74505705752533 164.0475244210007
79.52994006828801 8.881784197001252e-16 74.83963697777642
12.978692125106214 11.680607170164057 180.0
74.35496314773707 13.238279726457366 180.0
75.72337936976331 20.0 124.30146286096083
86.64537868659025 0.0 151.0889542818919
68.71583615263876 5.612115644483916 26.540537997713486
36.08907685611937 19.786213318536316 145.6688586533891
38.893503100467306 4.886891312989766 16.501540240733554
80.09796492052973 14.548018435141852 43.480617547273816
88.0773080437331 0.09877370405208286 155.29102844156782
87.27391129204139 0.0 128.86991570431587
99.20777670861165 3.0890750712490114 41.3608516490184
72.7301001372992 20.0 42.926024365563684
43.874792993234706 6.298992203037953 77.01657484512
67.41133899179347 20.0 76.24751366830364
78.06897524514757 14.581806420044312 132.85384764531014
72.51820049677994 10.89067174802383 116.42713976572209
16.45518509401496 2.4792065584360223 175.8144283626735
80.04124705046958 10.504605679529865 4.731506454816554
25.71447853457465 19.207826432030824 75.30787377466285
102.83156319900665 11.724331862426073 71.69524980066748
0.22046417833600707 19.55907164332813 10.056907527085968
71.30360533555024 7.935127759796166 88.5985565300314
24.580879954468816 20.0 16.138781945353145
16.128166411299965 12.421900998553124 44.75831646160839
36.04087384289461 10.884245877854049 104.45965987889429
6.3583558326979706 8.025906627273303 19.075067498093908
54.90552239389507 15.311137625873972 180.0
64.88816227608362 5.879361012573083 44.55884230066752
54.15727798905988 19.999999999999996 138.58962659280235
75.41993212394134 7.949307264240381 0.0
101.61094319992779 9.413070854408993 27.975900721556425
89.24373057248347 0.0 75.29225242331717
29.913669635217783 20.0 30.971000806858953
63.00187770639621 0.5945686552097409 25.702445790122734
55.99217888246914 9.23215926226743 180.0
26.190906331487753 11.64514785344743 165.65417951625167
45.36124413832391 14.420781763095444 123.98816489567471
32.334865009589564 12.623086387406573 171.70350923443078
57.69064174829228 10.366910628477935 88.92251109505648
39.466071990670486 8.881784197001252e-16 121.99032944954926
79.75195457512721 20.0 31.876731669096028
46.85619620088997 10.148588982655017 0.9246601139111092
79.75596869856658 14.305269938610108 67.88742587568979
46.101489585875726 0.0 112.76524135609816
50.354711918068716 4.769835143525429 180.0
102.23196709519112 0.34900426276641383 153.8184106526593
75.7198103785972 20.0 17.617016784024205
78.24658204219946 1.7516447967469038 134.450564447873
63.10178058404327 12.285191345781197 20.980443692063826
94.5878202602423 15.339621471353151 158.22581917763645
50.18333734062089 0.0 30.83630573057778
65.57381101214135 9.683318059728364 122.1806418724314
51.42022084869982 20.0 119.46872873504994
41.49098664089118 12.85154091977524 59.420260660245646
90.06366164118688 3.1240083236688276 105.80246167329123
28.159774954058005 7.1082723868239945 125.67577075404903
69.67484655489771 8.659097735944943 39.016679412592396
39.25055531780513 20.0 159.58147975532694
111.72555190369043 8.494443765804196 7.24422162570927
35.33623730886729 12.036120231743082 92.20679201130575
77.67486815869314 6.559070238706974 111.321410767809
65.39147789184639 1.7763568394002505e-15 31.794362501064587
74.25977285038667 12.892614852940234 155.6699408767923
51.341274774241185 0.0 101.10252390783718
28.291658842277208 19.48041572699918 56.37908451008816
61.67554340094436 0.0 61.03116220976828
78.02669877387191 4.440892098500626e-16 120.35570407568403
42.37021912224348 7.750824213367853 111.0157534995408
3.241468656049576 12.253790088259231 163.61824098549778
57.78888946898218 20.0 156.52063780371796
37.02494552412505 20.0 92.11776330042234
51.452629881692246 9.424110145084276 162.63598049505882
15.877279772898872 11.365195973899816 54.894229566505125
74.7085719326397 20.0 101.50347176526712
97.20748465871192 0.9617330228688346 31.34551502746025
53.61506875440432 20.0 23.644709778961953
77.23468515846515 0.0 51.904799051995774
96.7657236478412 17.85510749350204 27.831238432123904
29.561928315075036 20.0 158.68241517420378
66.65020991256087 0.0 92.76387161070951
43.72968894981811 11.545282445409663 29.66674070388938
28.65290599675573 11.796049740844463 161.75932508260414
82.64551732259649 20.0 137.43306958444947
67.81915705525334 7.8759344375624 71.13406684875346
102.0188742058161 0.27960587041889795 61.50200045652106
88.4346963719802 15.07260618626044 165.46505334360563
78.05528760773936 20.0 25.748051812260513
34.25663490320361 9.051464990446778 178.64036228323977
19.582894605002373 8.909758851599372 97.42808958579403
70.66478161017956 0.0 46.13457515476178
53.16054108795252 18.066414781540225 57.397342092086944
43.683012906297215 20.0 118.93141640773251
54.98690510370892 0.709986394529375 60.39355960286335
44.059957159001556 19.022049564397367 139.57263494952826
24.629985749347636 12.872504955891657 123.23074522545934
63.83463145076992 0.0 11.532276101021854
67.92347309108077 11.19888237573538 141.52817353412323
81.83936952877875 0.0 27.629241689923344
103.41392600908995 3.1086244689504383e-15 40.18386772203118
100.6642016290195 13.255927102880902 153.4719485028248
82.43506132458485 2.220446049250313e-16 86.16272926832936
23.79032904053461 9.026695439556676 41.61353944824268
95.02453404980075 20.0 36.1378744727874
28.59023836748441 5.060106341029115 105.52398291460811
52.40086477871429 20.0 61.33417102504197
36.23532069130024 16.368499969092728 32.4816278676583
80.1559240427621 20.0 96.62866194555598
31.66256897786633 6.2822338507263815 16.438490443908492
18.536784751854725 20.0 70.73224832701156
61.428084028136574 16.94716774983441 79.22487778208286
96.6167130664568 6.285247207270023 16.852966671321084
47.790592772467065 20.0 136.97719618285112
11.10614837204841 18.91277405522263 76.15897104747584
78.97259373244619 6.0861975542372 45.29433706930659
114.88600827536024 20.0 174.69745903471264
42.50472558810918 20.0 36.88332861239048
105.78605957743822 19.2532810977738 37.483059486429944
53.48193380013974 2.8224732632304654 72.56488626174338
112.97765144718838 20.0 18.25340224721992
13.070446385844635 2.353132508925773 14.95406168250446
50.21959741258936 19.06634859570296 46.18407716080336
23.558725986333055 0.9253463541379858 153.90112633077953
95.59187751279008 6.489476354913084 158.194560039051
50.61059165304948 0.0 124.03498468053402
94.32766861143908 20.0 115.8198694127835
96.6909996642134 8.739856288489523 18.108309042625272
51.52186316891502 20.0 156.77668007590387
41.24206506180397 18.532618481027896 105.02245945140528
0.0 2.4099809931754206 170.048473272393
24.54861478613239 0.13024870923007725 169.3119530432715
34.3497430306667 1.7763568394002505e-15 117.67192823930917
24.742733768082058 0.0 123.25146571984388
56.414588988700565 19.844077141469455 166.8153832969991
89.12559836442964 12.24796103419867 61.05996725207068
34.43051909910762 10.799279933935512 22.87932986977848
21.431752355192884 20.0 134.91827750853173
46.14431074141758 5.484661458090114 175.19783968909587
20.41652951016575 20.0 80.62802354571268
16.014991621083425 14.01777484237364 110.28481638077979
29.700848557920615 20.0 58.08278967723628
44.36132490819096 20.0 58.6052760131275
105.28179619567484 20.0 87.31015226685938
22.66335119685055 0.0 21.07748713377884
12.039779242121758 20.0 161.83815495239259
55.085371501802825 20.0 72.41180449831586
38.68992586131669 5.126552789181664 79.82099400424717
66.82728892850744 19.705625837110386 97.35902632504988
30.35236094866011 10.072860106319276 156.17857903279804
58.47577478064344 7.795541627270138 145.68822949591603
54.410821439316 20.0 37.22635608167128
83.41773738543941 20.0 64.16717038088434
64.87699152293278 4.378751856327115 42.06358042297529
82.8622531233336 16.152470809403365 73.53305708666983
81.17516397013016 20.0 126.2342513401621
88.2770060373506 20.0 136.43778496589604
104.76638729902768 16.728726337118736 63.04345720324223
48.96909840835274 12.59103154454475 16.099428066855957
58.38695592976845 14.866878396774705 118.13634729045843
108.28038936256357 13.003446075122657 39.14794338811977
81.92819332568006 1.4573865872863818 168.98867041236537
65.22142370050508 0.8698250556034424 35.868419567980624
95.54063926398807 3.9339424871834954 118.6809184541665
71.63075112315605 1.7763568394002505e-15 35.842114027775764
97.71047806057432 18.47854799911476 131.89684629202506
65.74547346955957 0.0 164.42440869840067
27.722527884861236 12.948666440699139 24.691802885310945
66.62804673067059 1.1102230246251565e-16 116.16606577140817
82.44229532425076 15.021427199563846 70.0811035970743
97.01835398785332 11.0623406730212 2.6391289380042444
90.28601956501282 20.0 177.79951285610494
36.66115039481444 20.0 35.1062080696009
28.247370637807883 20.0 111.60579340778595
110.0 9.497695012701415 102.32881190077829
86.68757500446219 19.61012058423204 159.56668410759062
100.96813245523158 0.0 68.09620968311906
76.04363695415509 14.338278674671638 77.65717336669607
28.21363235437973 9.868250684184272 20.93039541930336
101.0895352188843 12.755969533810315 31.640198793750194
58.31559607328336 19.999999999999996 66.69733564979717
110.0 6.7979118295748275 102.33472519723983
58.270567064593344 20.0 28.687334091658002
93.1888070285096 20.0 148.01100922360172
22.979130449825732 15.40343697135594 110.79950455592277
50.94620058949031 20.0 176.59030147541114
63.15428567154909 20.0 119.09571379270331
16.601713682286494 5.446789392840591 47.647704915805654
8.05502654255931 10.756897656528405 177.60376364449783
106.02188606291293 20.0 58.15181492932174
90.04677383951554 13.919578341109228 124.28561001280359
73.65825513152117 14.786819117060984 93.55557173676836
36.0225727212238 20.0 179.48294032452438
83.55808828571749 20.0 30.51420595808707
91.95432822334905 0.0 172.9038441388637
90.8242959835834 17.208317786207825 143.94132445737614
34.71839521282865 20.0 39.74589602260444
39.942470921749596 20.0 149.19796206534582
51.672113440366964 20.0 130.84132834115965
99.0394883573693 20.0 148.98863270976236
30.77872980399362 9.333474676177723 104.84774327678163
2.1686598411073197 16.18355975134239 6.505979523321958
80.90495802364869 7.635813638876954 89.37891402079924
104.69016409637267 11.273257305961835 110.10736224654728
86.40041724156568 5.240741655581195 180.0
34.70126836588958 0.0 83.64678715430688
83.55781710500247 5.623941535386379 0.0
42.80645079750785 7.084477099338876 0.0
0.9292303694395123 1.5192662750565553 167.9971811591777
41.398273678237416 20.0 175.76575021992667
60.45710850586699 0.0 27.212287027789795
29.44672530405021 7.361825275440237 96.615331044653
117.56249137652992 -4.440892098500626e-16 17.776038607555915
92.65157472081597 3.2238910494820967 152.14340991040027
74.48065635579512 20.0 25.129326806010976
79.04372680808639 0.0 143.30354588227945
12.62485067381506 20.0 25.36002604169842
43.24275865768113 0.3590445678527383 118.99227785290081
55.86003203077074 0.0 141.5000000085909
105.6019591393448 8.881784197001252e-16 1.0070548247894064
20.53530895987088 5.857985620990007 152.60444245112689
94.93386561199593 0.8635782839253214 0.0
22.332729762257777 5.077126657045487 42.2892921543385
24.84834508114115 15.397898636051067 7.4604519644521865
55.08341430290449 2.6250810953833996 180.0
82.54751381539234 0.0 65.30236175766882
25.008824393148473 20.0 88.0428375308658
106.57604310494095 16.956871559984144 126.15603702415618
64.01696509356711 9.044098051011877 130.60485881278422
62.928226604569694 20.0 132.82223353141342
55.36245126071891 20.0 50.93576441969651
105.5551042970404 9.502289918223878 172.4442946162177
4.568940423469638 4.680805183031003 18.387626453439818
87.00312317520391 11.987100821924033 119.74591565017705
44.00412865438504 0.0 76.48482038541623
103.36902769868944 9.625782618229637 85.95264507272834
103.95869094079897 8.881784197001252e-16 87.78274211933348
108.98325988779123 11.36897692241036 72.89836957821461
62.51109906500592 9.021215112528084 93.94683984905429
48.63455508853086 10.93540779165535 45.87479748498053
90.00656075810235 0.0 67.57517825221265
47.80329596768087 19.562092461692284 91.96005621144651
39.28094360361345 20.0 54.36888230386458
29.29749211392386 20.0 162.4917777116373
7.341361594380654 3.542281735428553 8.389363036458448
101.16718591954573 11.454328588962404 37.866664959399216
0.34160083190793045 1.0243739710138648 14.099638507605091
85.9750158215726 7.241762344470207 63.20937549776602
52.370104872535734 0.0 81.25875668396797
55.55443773784765 20.0 54.04740867075661
72.1905574565688 0.0 34.46983830359292
56.4375226828515 0.6404140994004104 44.421372209823225
40.868653810532024 20.0 142.24179997530763
30.112304624355072 1.0631633837411982 1.5130590566367843
46.716492888063314 20.0 174.1763773180907
4.370198631704237 3.6112157453281277 16.721811640440755
105.50692950546039 13.345164302104466 48.228380754923876
77.19607915338919 3.552713678800501e-15 27.65188969047052
32.153999322503395 20.0 104.5889922174544
52.675166327927926 6.184490629950334 3.4363833114418187
96.85416430324545 20.0 113.04622479162508
31.130974582656243 6.027967486913443 145.0699187172836
20.786128640050254 20.0 59.56670520825955
45.071205918752284 20.0 169.46586420325687
22.993995653064257 5.228975689577996 152.2333432374404
49.354712252159864 16.93026921657206 162.07501096148246
86.01180847113298 0.0 84.93156060226048
94.17191331068196 6.340639801203135 25.264091883812316
74.26205909757624 20.0 147.35825732106738
73.17385633555801 0.0 143.33811948366142
55.89632904752445 0.0 105.50718518929386
67.33190033350049 3.1606430857176706 68.54967317400231
68.24229241461228 0.0 45.809801622276176
69.4018464119134 15.910102745302728 180.0
63.47625323199152 20.0 163.86930110808368
8.5765159753403 1.845498889506404 155.43684546355428
60.775380749279755 20.0 123.96983291644447
13.257049678299413 18.366853102109317 106.28238022848996
108.53820166292715 20.0 114.67272339557987
12.076260376163262 7.169013357657451 55.53534358660397
19.149143411561322 20.0 107.48904948053489
63.150987653431955 20.0 165.93940488012308
93.4980603949543 12.144888949018355 96.57255378253936
40.47515042924766 20.0 53.76202447039435
101.59931663771475 19.889497898067113 156.57937764851218
12.26813731496403 19.99719629766266 35.25338624145246
0.3682737632531661 0.34576000269915985 1.4505812924586499
25.562763999742106 0.0 114.4953793034141
65.17871954896505 6.4366410362548265 1.7763568394002505e-15
81.3622858725538 20.0 24.4926295517269
37.60577454345304 2.7882141522431914 38.88327018964206
100.94734165756182 17.659898008539493 37.490910694471275
77.06120943843253 20.0 131.84281862537222
106.95278434223346 8.58745040918707 61.69549685782922
62.821354651841055 10.429660130207399 30.82611811768973
56.832983828076514 20.0 53.474833753880944
60.139670937689424 0.0 158.3731563615407
59.3210867064441 9.428736380037925 180.0
102.76122881483731 17.059462883776092 97.1723233696184
92.33267654575312 20.0 55.971622880378575
36.52012881557432 1.3677763188572634 88.70059380648382
80.6837158808067 20.0 151.0026076860512
41.88591474667716 0.0 34.29378599562085
78.03594685618212 0.0 10.650127769073146
106.6831889431805 19.96161937770955 20.20298836586069
99.62966576015222 5.7219917108412455 134.5567546504729
79.55681565502849 18.435000399946095 7.7009560379859145
70.21835547933844 18.88846634672891 116.47872512404818
15.970283765487604 3.4079553363273902 51.31880663279013
74.55477908888442 16.277444989111068 93.94977242922084
55.83764394265972 20.0 78.38634359079269
59.923867968735316 16.258938414847425 51.983357041498834
93.07769601687781 3.96174617237817 179.94833996059833
61.33963952633276 15.556086339798131 37.766426320832096
19.367036184742634 1.4242212628395148 91.85441152732145
38.7035372836914 20.0 143.09330986061923
108.83515540008453 5.073711937227094 39.43770207957475
12.909210688547425 8.132358074925094 96.53318573967263
85.45067715858863 3.768295793893419 154.23011415057988
80.93375888087371 5.478196558948902 42.90837217146874
49.18575401716778 6.830744259381633 44.465151725688635
54.72374099727412 7.874820535473614 100.88449218257361
46.48410290148442 1.7763568394002505e-15 97.11836919342885
108.45466175085245 20.0 69.87469763470962
62.17200195209313 12.374808193850205 85.34835194418405
102.44979099661956 3.552713678800501e-15 27.08824115909131
98.29927609239631 20.0 118.10970072853094
34.272083794248836 10.961606870214656 180.0
100.54240501574293 20.0 19.282007151208777
46.688999631918435 0.0 89.33331771238409
18.18271731170192 19.5919963804898 129.0259613516664
102.52327450517959 7.571666328684944 39.17550885247449
82.79706600484478 8.01085830442399 62.063492494594236
84.7219257341181 8.881784197001252e-16 5.918236478698342
101.36067076981385 10.362255284832377 164.12971446542176
20.58539425067469 8.26749403033585 72.94028680765146
41.65695106539164 13.19263638730715 77.35922554408407
78.14593605105311 17.542216472924018 145.9355833232374
75.13544398173832 1.1102230246251565e-16 10.76099634083599
28.74810251878302 4.311848303186295 58.12295707152462
28.606261510400756 4.486765548073691 23.661231767886953
84.28643935994353 20.0 27.518567438399877
61.799877441081286 5.563906464380318 123.57609637757098
81.16713997296992 7.351914548827478 135.87641333775403
84.32850779904877 8.415037043796472 80.2387807187717
36.89155570717343 20.0 157.31604251996734
94.84903092506117 0.30675686531211355 137.8707280037344
14.762174694015767 6.323493813140957 67.49840110956207
81.21544028361843 4.251986519265578 72.99391702077256
33.245210269618205 4.440892098500626e-16 109.36785682282378
72.24609249628016 20.0 156.0626752835554
79.28600561680243 0.0 135.21674313919345
46.652663694354246 20.0 44.086087544988025
46.63761543362307 20.0 46.20575127604128
3.223140898588546 14.673701515222698 168.67173617343104
62.9828284918166 20.0 80.83535764067749
89.56549556980403 19.790621595194573 97.41783477342528
110.0 15.259674045432394 109.55808289429645
104.49843400436016 2.5024374004164196 13.08552773193435
63.43934962530939 12.818312760974166 180.0
100.58458604611741 14.701080254890268 40.34051050508637
37.30602656013994 5.61088729487029 138.0274493377389
117.58852475007825 12.518142342852913 168.22746770080278
24.83776489035477 20.0 55.32350721991132
110.0 9.527996416807573 144.60104878403004
102.21052505348115 1.002311342574485 32.078696355542114
72.9198995365392 14.409832799350308 24.48505232675175
15.676157383188851 6.663382687789412 19.265086191294795
97.2067462369985 2.0579094426101943 41.91772293940661
35.37117849963384 0.0 78.06815619245694
15.197420322175239 20.0 23.750807875835925
59.78009231613302 9.4960489581661 54.52278000487942
65.73206926513161 20.0 170.55604667948634
117.18275219240904 5.329846088952924 20.285320123281892
105.33158177475998 15.726817082975913 124.40456431449834
32.64748843648201 6.470453074522463 143.5686346728437
28.525829612607964 0.0 113.84524839145661
75.31916968733005 8.585836691571181 70.03071694463036
47.34483508905484 18.26314330464984 47.43872472114231
26.786357481696946 0.0 171.89721931083986
18.761095797558127 10.555786157825667 3.5247155838232445
76.15940698004668 6.539146688400548 78.85283037399043
40.61134022585207 14.874752322929405 176.18660060245188
27.0831040720604 20.0 156.0165807480952
15.439163304300934 17.73222157916829 69.33067293241702
79.94982558904994 8.848650423405223 9.774349881515125
86.27779488993117 9.756943581910122 167.04662347991567
80.91869059036948 16.36237665270831 136.24701218375043
80.7766157866385 7.8097413232513 43.75127729707533
28.123536903152175 17.512006537725377 140.3835592127501
48.125381397352875 20.0 115.05451785547288
80.19008968396932 13.160604936549438 140.35222174926764
37.86331755879945 7.159925715968915 180.0
1.4713793977821579 10.75349892881848 10.10745923154655
72.43594233554336 19.5212763938823 171.7364771205306
8.988162441582066 9.588849179910625 180.0
81.09716319886023 0.0 133.26703982916356
89.84395578213477 10.183920421694902 179.15261012225707
116.36174816588887 2.464159778161574 20.2970617963258
33.12608000441796 0.0 103.26931065038652
49.645479388086315 0.10201521669556435 130.04990688343744
44.06743227037431 0.0 101.3294991490549
68.64261025219321 9.798506825842843 43.27281483509372
94.71969391497 20.0 159.75493921040254
28.707267412949736 3.233148715586541 100.43938091017475
40.5022768279475 20.0 35.83193689306668
22.45588786426716 7.816008029420026 134.22702671007903
18.85359429224375 5.390996327372187 52.6830116874728
88.08740682204514 0.0 60.1672487493509
11.541092908584126 12.932337980411255 149.55694705125916
43.02749331856973 0.7606370845358725 30.62429336748758
64.42684064782651 0.0 52.17871574052887
21.47401073346794 1.4579724107188659 180.0
63.534044478978146 0.4503188336191464 113.57438093191877
40.362372936130804 0.0 125.4975419601846
50.81647155650596 0.0 76.59931113696757
79.89184756580345 16.581923962969753 80.5696954828687
17.966606089836628 4.938550203960892 173.58911954037382
59.766133660175925 20.0 42.884679542562736
71.14927254819105 8.509663523006944 29.981909496301395
9.854425047578644 17.522742542867928 16.326170700321914
92.99658895958336 2.220446049250313e-16 93.3253610130904
70.47105524254431 10.26361041693658 52.26298986771309
55.587867006391555 20.0 149.12302303165015
99.23445933833797 3.7453906136886848 4.440592597181515
27.726895592881288 20.0 39.191675684815536
82.96290000166591 1.7763568394002505e-15 58.39684575499811
107.45471435374182 20.0 86.10383622263436
31.420019412802013 0.0 75.0982450985127
27.804765852177006 20.0 144.7288426212683
42.53338116846169 20.0 115.02598661414522
62.886699989782784 7.551901084711943 32.912972579949034
99.93337119668331 7.60853528434875 93.685355719483
97.61783456497287 10.448827475298337 135.92720294587292
93.52598253123108 20.0 130.24267045082527
87.94874869257767 15.601069056745622 79.98178715336584
38.960006843950865 1.6935935946960137 96.05948086040195
35.87846800612909 8.881784197001252e-16 116.25363541863328
30.647765193010294 20.0 50.028581401535654
28.775374701868365 7.386077422877648 12.682023787263496
116.38433546378118 12.212323072502318 2.0548130983652833
42.36397797383044 8.881784197001252e-16 33.483893623696396
91.04542667272075 20.0 154.90328657391706

LINES 1284 3852
2 0 1284
2 1 1285
2 2 1286
2 3 1287
2 4 1288
2 5 1289
2 6 1290
2 7 1291
2 8 1292
2 9 1293
2 10 1294
2 11 1295
2 12 1296
2 13 1297
2 14 1298
2 15 1299
2 16 1300
2 17 1301
2 18 1302
2 19 1303
2 20 1304
2 21 1305
2 22 1306
2 23 1307
2 24 1308
2 25 1309
2 26 1310
2 27 1311
2 28 1312
2 29 1313
2 30 1314
2 31 1315
2 32 1316
2 33 1317
2 34 1318
2 35 1319
2 36 1320
2 37 1321
2 38 1322
2 39 1323
2 40 1324
2 41 1325
2 42 1326
2 43 1327
2 44 1328
2 45 1329
2 46 1330
2 47 1331
2 48 1332
2 49 1333
2 50 1334
2 51 1335
2 52 1336
2 53 1337
2 54 1338
2 55 1339
2 56 1340
2 57 1341
2 58 1342
2 59 1343
2 60 1344
2 61 1345
2 62 1346
2 63 1347
2 64 1348
2 65 1349
2 66 1350
2 67 1351
2 68 1352
2 69 1353
2 70 1354
2 71 1355
2 72 1356
2 73 1357
2 74 1358
2 75 1359
2 76 1360
2 77 1361
2 78 1362
2 79 1363
2 80 1364
2 81 1365
2 82 1366
2 83 1367
2 84 1368
2 85 1369
2 86 1370
2 87 1371
2 88 1372
2 89 1373
2 90 1374
2 91 1375
2 92 1376
2 93 1377
2 94 1378
2 95 1379
2 96 1380
2 97 1381
2 98 1382
2 99 1383
2 100 1384
2 101 1385
2 102 1386
2 103 1387
2 104 1388
2 105 1389
2 106 1390
2 107 1391
2 108 1392
2 109 1393
2 110 1394
2 111 1395
2 112 1396
2 113 1397
2 114 1398
2 115 1399
2 116 1400
2 117 1401
2 118 1402
2 119 1403
2 120 1404
2 121 1405
2 122 1406
2 123 1407
2 124 1408
2 125 1409
2 126 1410
2 127 1411
2 128 1412
2 129 1413
2 130 1414
2 131 1415
2 132 1416
2 133 1417
2 134 1418
2 135 1419
2 136 1420
2 137 1421
2 138 1422
2 139 1423
2 140 1424
2 141 1425
2 142 1426
2 143 1427
2 144 1428
2 145 1429
2 146 1430
2 147 1431
2 148 1432
2 149 1433
2 150 1434
2 151 1435
2 152 1436
2 153 1437
2 154 1438
2 155 1439
2 156 1440
2 157 1441
2 158 1442
2 159 1443
2 160 1444
2 161 1445
2 162 1446
2 163 1447
2 164 1448
2 165 1449
2 166 1450
2 167 1451
2 168 1452
2 169 1453
2 170 1454
2 171 1455
2 172 1456
2 173 1457
2 174 1458
2 175 1459
2 176 1460
2 177 1461
2 178 1462
2 179 1463
2 180 1464
2 181 1465
2 182 1466
2 183 1467
2 184 1468
2 185 1469
2 186 1470
2 187 1471
2 188 1472
2 189 1473
2 190 1474
2 191 1475
2 192 1476
2 193 1477
2 194 1478
2 195 1479
2 196 1480
2 197 1481
2 198 1482
2 199 1483
2 200 1484
2 201 1485
2 202 1486
2 203 1487
2 204 1488
2 205 1489
2 206 1490
2 207 1491
2 208 1492
2 209 1493
2 210 1494
2 211 1495
2 212 1496
2 213 1497
2 214 1498
2 215 1499
2 216 1500
2 217 1501
2 218 1502
2 219 1503
2 220 1504
2 221 1505
2 222 1506
2 223 1507
2 224 1508
2 225 1509
2 226 1510
2 227 1511
2 228 1512
2 229 1513
2 230 1514
2 231 1515
2 232 1516
2 233 1517
2 234 1518
2 235 1519
2 236 1520
2 237 1521
2 238 1522
2 239 1523
2 240 1524
2 241 1525
2 242 1526
2 243 1527
2 244 1528
2 245 1529
2 246 1530
2 247 1531
2 248 1532
2 249 1533
2 250 1534
2 251 1535
2 252 1536
2 253 1537
2 254 1538
2 255 1539
2 256 1540
2 257 1541
2 258 1542
2 259 1543
2 260 1544
2 261 1545
2 262 1546
2 263 1547
2 264 1548
2 265 1549
2 266 1550
2 267 1551
2 268 1552
2 269 1553
2 270 1554
2 271 1555
2 272 1556
2 273 1557
2 274 1558
2 275 1559
2 276 1560
2 277 1561
2 278 1562
2 279 1563
2 280 1564
2 281 1565
2 282 1566
2 283 1567
2 284 1568
2 285 1569
2 286 1570
2 287 1571
2 288 1572
2 289 1573
2 290 1574
2 291 1575
2 292 1576
2 293 1577
2 294 1578
2 295 1579
2 296 1580
2 297 1581
2 298 1582
2 299 1583
2 300 1584
2 301 1585
2 302 1586
2 303 1587
2 304 1588
2 305 1589
2 306 1590
2 307 1591
2 308 1592
2 309 1593
2 310 1594
2 311 1595
2 312 1596
2 313 1597
2 314 1598
2 315 1599
2 316 1600
2 317 1601
2 318 1602
2 319 1603
2 320 1604
2 321 1605
2 322 1606
2 323 1607
2 324 1608
2 325 1609
2 326 1610
2 327 1611
2 328 1612
2 329 1613
2 330 1614
2 331 1615
2 332 1616
2 333 1617
2 334 1618
2 335 1619
2 336 1620
2 337 1621
2 338 1622
2 339 1623
2 340 1624
2 341 1625
2 342 1626
2 343 1627
2 344 1628
2 345 1629
2 346 1630
2 347 1631
2 348 1632
2 349 1633
2 350 1634
2 351 1635
2 352 1636
2 353 1637
2 354 1638
2 355 1639
2 356 1640
2 357 1641
2 358 1642
2 359 1643
2 360 1644
2 361 1645
2 362 1646
2 363 1647
2 364 1648
2 365 1649
2 366 1650
2 367 1651
2 368 1652
2 369 1653
2 370 1654
2 371 1655
2 372 1656
2 373 1657
2 374 1658
2 375 1659
2 376 1660
2 377 1661
2 378 1662
2 379 1663
2 380 1664
2 381 1665
2 382 1666
2 383 1667
2 384 1668
2 385 1669
2 386 1670
2 387 1671
2 388 1672
2 389 1673
2 390 1674
2 391 1675
2 392 1676
2 393 1677
2 394 1678
2 395 1679
2 396 1680
2 397 1681
2 398 1682
2 399 1683
2 400 1684
2 401 1685
2 402 1686
2 403 1687
2 404 1688
2 405 1689
2 406 1690
2 407 1691
2 408 1692
2 409 1693
2 410 1694
2 411 1695
2 412 1696
2 413 1697
2 414 1698
2 415 1699
2 416 1700
2 417 1701
2 418 1702
2 419 1703
2 420 1704
2 421 1705
2 422 1706
2 423 1707
2 424 1708
2 425 1709
2 426 1710
2 427 1711
2 428 1712
2 429 1713
2 430 1714
2 431 1715
2 432 1716
2 433 1717
2 434 1718
2 435 1719
2 436 1720
2 437 1721
2 438 1722
2 439 1723
2 440 1724
2 441 1725
2 442 1726
2 443 1727
2 444 1728
2 445 1729
2 446 1730
2 447 1731
2 448 1732
2 449 1733
2 450 1734
2 451 1735
2 452 1736
2 453 1737
2 454 1738
2 455 1739
2 456 1740
2 457 1741
2 458 1742
2 459 1743
2 460 1744
2 461 1745
2 462 1746
2 463 1747
2 464 1748
2 465 1749
2 466 1750
2 467 1751
2 468 1752
2 469 1753
2 470 1754
2 471 1755
2 472 1756
2 473 1757
2 474 1758
2 475 1759
2 476 1760
2 477 1761
2 478 1762
2 479 1763
2 480 1764
2 481 1765
2 482 1766
2 483 1767
2 484 1768
2 485 1769
2 486 1770
2 487 1771
2 488 1772
2 489 1773
2 490 1774
2 491 1775
2 492 1776
2 493 1777
2 494 1778
2 495 1779
2 496 1780
2 497 1781
2 498 1782
2 499 1783
2 500 1784
2 501 1785
2 502 1786
2 503 1787
2 504 1788
2 505 1789
2 506 1790
2 507 1791
2 508 1792
2 509 1793
2 510 1794
2 511 1795
2 512 1796
2 513 1797
2 514 1798
2 515 1799
2 516 1800
2 517 1801
2 518 1802
2 519 1803
2 520 1804
2 521 1805
2 522 1806
2 523 1807
2 524 1808
2 525 1809
2 526 1810
2 527 1811
2 528 1812
2 529 1813
2 530 1814
2 531 1815
2 532 1816
2 533 1817
2 534 1818
2 535 1819
2 536 1820
2 537 1821
2 538 1822
2 539 1823
2 540 1824
2 541 1825
2 542 1826
2 543 1827
2 544 1828
2 545 1829
2 546 1830
2 547 1831
2 548 1832
2 549 1833
2 550 1834
2 551 1835
2 552 1836
2 553 1837
2 554 1838
2 555 1839
2 556 1840
2 557 1841
2 558 1842
2 559 1843
2 560 1844
2 561 1845
2 562 1846
2 563 1847
2 564 1848
2 565 1849
2 566 1850
2 567 1851
2 568 1852
2 569 1853
2 570 1854
2 571 1855
2 572 1856
2 573 1857
2 574 1858
2 575 1859
2 576 1860
2 577 1861
2 578 1862
2 579 1863
2 580 1864
2 581 1865
2 582 1866
2 583 1867
2 584 1868
2 585 1869
2 586 1870
2 587 1871
2 588 1872
2 589 1873
2 590 1874
2 591 1875
2 592 1876
2 593 1877
2 594 1878
2 595 1879
2 596 1880
2 597 1881
2 598 1882
2 599 1883
2 600 1884
2 601 1885
2 602 1886
2 603 1887
2 604 1888
2 605 1889
2 606 1890
2 607 1891
2 608 1892
2 609 1893
2 610 1894
2 611 1895
2 612 1896
2 613 1897
2 614 1898
2 615 1899
2 616 1900
2 617 1901
2 618 1902
2 619 1903
2 620 1904
2 621 1905
2 622 1906
2 623 1907
2 624 1908
2 625 1909
2 626 1910
2 627 1911
2 628 1912
2 629 1913
2 630 1914
2 631 1915
2 632 1916
2 633 1917
2 634 1918
2 635 1919
2 636 1920
2 637 1921
2 638 1922
2 639 1923
2 640 1924
2 641 1925
2 642 1926
2 643 1927
2 644 1928
2 645 1929
2 646 1930
2 647 1931
2 648 1932
2 649 1933
2 650 1934
2 651 1935
2 652 1936
2 653 1937
2 654 1938
2 655 1939
2 656 1940
2 657 1941
2 658 1942
2 659 1943
2 660 1944
2 661 1945
2 662 1946
2 663 1947
2 664 1948
2 665 1949
2 666 1950
2 667 1951
2 668 1952
2 669 1953
2 670 1954
2 671 1955
2 672 1956
2 673 1957
2 674 1958
2 675 1959
2 676 1960
2 677 1961
2 678 1962
2 679 1963
2 680 1964
2 681 1965
2 682 1966
2 683 1967
2 684 1968
2 685 1969
2 686 1970
2 687 1971
2 688 1972
2 689 1973
2 690 1974
2 691 1975
2 692 1976
2 693 1977
2 694 1978
2 695 1979
2 696 1980
2 697 1981
2 698 1982
2 699 1983
2 700 1984
2 701 1985
2 702 1986
2 703 1987
2 704 1988
2 705 1989
2 706 1990
2 707 1991
2 708 1992
2 709 1993
2 710 1994
2 711 1995
2 712 1996
2 713 1997
2 714 1998
2 715 1999
2 716 2000
2 717 2001
2 718 2002
2 719 2003
2 720 2004
2 721 2005
2 722 2006
2 723 2007
2 724 2008
2 725 2009
2 726 2010
2 727 2011
2 728 2012
2 729 2013
2 730 2014
2 731 2015
2 732 2016
2 733 2017
2 734 2018
2 735 2019
2 736 2020
2 737 2021
2 738 2022
2 739 2023
2 740 2024
2 741 2025
2 742 2026
2 743 2027
2 744 2028
2 745 2029
2 746 2030
2 747 2031
2 748 2032
2 749 2033
2 750 2034
2 751 2035
2 752 2036
2 753 2037
2 754 2038
2 755 2039
2 756 2040
2 757 2041
2 758 2042
2 759 2043
2 760 2044
2 761 2045
2 762 2046
2 763 2047
2 764 2048
2 765 2049
2 766 2050
2 767 2051
2 768 2052
2 769 2053
2 770 2054
2 771 2055
2 772 2056
2 773 2057
2 774 2058
2 775 2059
2 776 2060
2 777 2061
2 778 2062
2 779 2063
2 780 2064
2 781 2065
2 782 2066
2 783 2067
2 784 2068
2 785 2069
2 786 2070
2 787 2071
2 788 2072
2 789 2073
2 790 2074
2 791 2075
2 792 2076
2 793 2077
2 794 2078
2 795 2079
2 796 2080
2 797 2081
2 798 2082
2 799 2083
2 800 2084
2 801 2085
2 802 2086
2 803 2087
2 804 2088
2 805 2089
2 806 2090
2 807 2091
2 808 2092
2 809 2093
2 810 2094
2 811 2095
2 812 2096
2 813 2097
2 814 2098
2 815 2099
2 816 2100
2 817 2101
2 818 2102
2 819 2103
2 820 2104
2 821 2105
2 822 2106
2 823 2107
2 824 2108
2 825 2109
2 826 2110
2 827 2111
2 828 2112
2 829 2113
2 830 2114
2 831 2115
2 832 2116
2 833 2117
2 834 2118
2 835 2119
2 836 2120
2 837 2121
2 838 2122
2 839 2123
2 840 2124
2 841 2125
2 842 2126
2 843 2127
2 844 2128
2 845 2129
2 846 2130
2 847 2131
2 848 2132
2 849 2133
2 850 2134
2 851 2135
2 852 2136
2 853 2137
2 854 2138
2 855 2139
2 856 2140
2 857 2141
2 858 2142
2 859 2143
2 860 2144
2 861 2145
2 862 2146
2 863 2147
2 864 2148
2 865 2149
2 866 2150
2 867 2151
2 868 2152
2 869 2153
2 870 2154
2 871 2155
2 872 2156
2 873 2157
2 874 2158
2 875 2159
2 876 2160
2 877 2161
2 878 2162
2 879 2163
2 880 2164
2 881 2165
2 882 2166
2 883 2167
2 884 2168
2 885 2169
2 886 2170
2 887 2171
2 888 2172
2 889 2173
2 890 2174
2 891 2175
2 892 2176
2 893 2177
2 894 2178
2 895 2179
2 896 2180
2 897 2181
2 898 2182
2 899 2183
2 900 2184
2 901 2185
2 902 2186
2 903 2187
2 904 2188
2 905 2189
2 906 2190
2 907 2191
2 908 2192
2 909 2193
2 910 2194
2 911 2195
2 912 2196
2 913 2197
2 914 2198
2 915 2199
2 916 2200
2 917 2201
2 918 2202
2 919 2203
2 920 2204
2 921 2205
2 922 2206
2 923 2207
2 924 2208
2 925 2209
2 926 2210
2 927 2211
2 928 2212
2 929 2213
2 930 2214
2 931 2215
2 932 2216
2 933 2217
2 934 2218
2 935 2219
2 936 2220
2 937 2221
2 938 2222
2 939 2223
2 940 2224
2 941 2225
2 942 2226
2 943 2227
2 944 2228
2 945 2229
2 946 2230
2 947 2231
2 948 2232
2 949 2233
2 950 2234
2 951 2235
2 952 2236
2 953 2237
2 954 2238
2 955 2239
2 956 2240
2 957 2241
2 958 2242
2 959 2243
2 960 2244
2 961 2245
2 962 2246
2 963 2247
2 964 2248
2 965 2249
2 966 2250
2 967 2251
2 968 2252
2 969 2253
2 970 2254
2 971 2255
2 972 2256
2 973 2257
2 974 2258
2 975 2259
2 976 2260
2 977 2261
2 978 2262
2 979 2263
2 980 2264
2 981 2265
2 982 2266
2 983 2267
2 984 2268
2 985 2269
2 986 2270
2 987 2271
2 988 2272
2 989 2273
2 990 2274
2 991 2275
2 992 2276
2 993 2277
2 994 2278
2 995 2279
2 996 2280
2 997 2281
2 998 2282
2 999 2283
2 1000 2284
2 1001 2285
2 1002 2286
2 1003 2287
2 1004 2288
2 1005 2289
2 1006 2290
2 1007 2291
2 1008 2292
2 1009 2293
2 1010 2294
2 1011 2295
2 1012 2296
2 1013 2297
2 1014 2298
2 1015 2299
2 1016 2300
2 1017 2301
2 1018 2302
2 1019 2303
2 1020 2304
2 1021 2305
2 1022 2306
2 1023 2307
2 1024 2308
2 1025 2309
2 1026 2310
2 1027 2311
2 1028 2312
2 1029 2313
2 1030 2314
2 1031 2315
2 1032 2316
2 1033 2317
2 1034 2318
2 1035 2319
2 1036 2320
2 1037 2321
2 1038 2322
2 1039 2323
2 1040 2324
2 1041 2325
2 1042 2326
2 1043 2327
2 1044 2328
2 1045 2329
2 1046 2330
2 1047 2331
2 1048 2332
2 1049 2333
2 1050 2334
2 1051 2335
2 1052 2336
2 1053 2337
2 1054 2338
2 1055 2339
2 1056 2340
2 1057 2341
2 1058 2342
2 1059 2343
2 1060 2344
2 1061 2345
2 1062 2346
2 1063 2347
2 1064 2348
2 1065 2349
2 1066 2350
2 1067 2351
2 1068 2352
2 1069 2353
2 1070 2354
2 1071 2355
2 1072 2356
2 1073 2357
2 1074 2358
2 1075 2359
2 1076 2360
2 1077 2361
2 1078 2362
2 1079 2363
2 1080 2364
2 1081 2365
2 1082 2366
2 1083 2367
2 1084 2368
2 1085 2369
2 1086 2370
2 1087 2371
2 1088 2372
2 1089 2373
2 1090 2374
2 1091 2375
2 1092 2376
2 1093 2377
2 1094 2378
2 1095 2379
2 1096 2380
2 1097 2381
2 1098 2382
2 1099 2383
2 1100 2384
2 1101 2385
2 1102 2386
2 1103 2387
2 1104 2388
2 1105 2389
2 1106 2390
2 1107 2391
2 1108 2392
2 1109 2393
2 1110 2394
2 1111 2395
2 1112 2396
2 1113 2397
2 1114 2398
2 1115 2399
2 1116 2400
2 1117 2401
2 1118 2402
2 1119 2403
2 1120 2404
2 1121 2405
2 1122 2406
2 1123 2407
2 1124 2408
2 1125 2409
2 1126 2410
2 1127 2411
2 1128 2412
2 1129 2413
2 1130 2414
2 1131 2415
2 1132 2416
2 1133 2417
2 1134 2418
2 1135 2419
2 1136 2420
2 1137 2421
2 1138 2422
2 1139 2423
2 1140 2424
2 1141 2425
2 1142 2426
2 1143 2427
2 1144 2428
2 1145 2429
2 1146 2430
2 1147 2431
2 1148 2432
2 1149 2433
2 1150 2434
2 1151 2435
2 1152 2436
2 1153 2437
2 1154 2438
2 1155 2439
2 1156 2440
2 1157 2441
2 1158 2442
2 1159 2443
2 1160 2444
2 1161 2445
2 1162 2446
2 1163 2447
2 1164 2448
2 1165 2449
2 1166 2450
2 1167 2451
2 1168 2452
2 1169 2453
2 1170 2454
2 1171 2455
2 1172 2456
2 1173 2457
2 1174 2458
2 1175 2459
2 1176 2460
2 1177 2461
2 1178 2462
2 1179 2463
2 1180 2464
2 1181 2465
2 1182 2466
2 1183 2467
2 1184 2468
2 1185 2469
2 1186 2470
2 1187 2471
2 1188 2472
2 1189 2473
2 1190 2474
2 1191 2475
2 1192 2476
2 1193 2477
2 1194 2478
2 1195 2479
2 1196 2480
2 1197 2481
2 1198 2482
2 1199 2483
2 1200 2484
2 1201 2485
2 1202 2486
2 1203 2487
2 1204 2488
2 1205 2489
2 1206 2490
2 1207 2491
2 1208 2492
2 1209 2493
2 1210 2494
2 1211 2495
2 1212 2496
2 1213 2497
2 1214 2498
2 1215 2499
2 1216 2500
2 1217 2501
2 1218 2502
2 1219 2503
2 1220 2504
2 1221 2505
2 1222 2506
2 1223 2507
2 1224 2508
2 1225 2509
2 1226 2510
2 1227 2511
2 1228 2512
2 1229 2513
2 1230 2514
2 1231 2515
2 1232 2516
2 1233 2517
2 1234 2518
2 1235 2519
2 1236 2520
2 1237 2521
2 1238 2522
2 1239 2523
2 1240 2524
2 1241 2525
2 1242 2526
2 1243 2527
2 1244 2528
2 1245 2529
2 1246 2530
2 1247 2531
2 1248 2532
2 1249 2533
2 1250 2534
2 1251 2535
2 1252 2536
2 1253 2537
2 1254 2538
2 1255 2539
2 1256 2540
2 1257 2541
2 1258 2542
2 1259 2543
2 1260 2544
2 1261 2545
2 1262 2546
2 1263 2547
2 1264 2548
2 1265 2549
2 1266 2550
2 1267 2551
2 1268 2552
2 1269 2553
2 1270 2554
2 1271 2555
2 1272 2556
2 1273 2557
2 1274 2558
2 1275 2559
2 1276 2560
2 1277 2561
2 1278 2562
2 1279 2563
2 1280 2564
2 1281 2565
2 1282 2566
2 1283 2567

