// ================================================================================
// CHRONO WORKBENCH - github.com/Concrete-Chrono-Development/chrono-preprocessor
//
// Copyright (c) 2023 
// All rights reserved. 
//
// Use of the code that generated this file is governed by a BSD-style license that
// can be found in the LICENSE file at the top level of the distribution and at
// github.com/Concrete-Chrono-Development/chrono-preprocessor/blob/main/LICENSE
//
// ================================================================================
// Particle Data File
// ================================================================================
//
// Data Structure:
// n x y z d
//
// ================================================================================
0 -1.083048960548131 -6.754046817707307 80.94485551953855 9.999433152429233
1 40.00823682151487 -1.291924522347414 201.62782770675432 9.99707875124642
2 -7.755776478386485 17.834587617058084 216.29085333239016 9.996444712188438
3 76.61601668329777 6.903905980028816 86.5987818232722 9.993636735093004
4 -50.354750502112864 7.163159368584147 150.42242957411267 9.991046946548838
5 -0.14404310795309616 -47.7660826810725 62.866803638052424 9.990956115958813
6 -22.851173451598214 -3.7893677599967486 197.260424304358 9.989588016159821
7 23.40729612737408 58.42881817433049 28.279276894524024 9.98544710264342
8 56.844940810376876 -50.750653794932155 60.96044186406151 9.984007507696282
9 6.2093100793242915 -17.609832718896378 43.688994982500624 9.975356522975858
10 42.91129609725389 -46.14921966239417 24.810676243524153 9.97501411882429
11 4.41751882763919 -13.204355112931934 54.65387463001791 9.974080260232544
12 -27.766721830708086 -8.692597935202599 106.99874293349906 9.973687787769329
13 -14.628198158118566 44.370023919164176 241.51734049935448 9.964600592764613
14 -41.61534604110838 -50.82673541048871 90.98097652384453 9.958661597467524
15 16.18853907426573 -64.36829207960855 118.08902662407917 9.948441814411078
16 -56.66092407151972 54.35364229903898 73.87192539284285 9.93438888692425
17 1.5569796507341604 31.160897428467404 42.69246012336066 9.927661679518057
18 8.084969558640573 -61.11955921448507 162.51437485604723 9.92357981667971
19 -2.951827053551235 74.97408686767521 61.89985226373083 9.913791689495932
20 -76.29642320466729 13.8316559753814 28.857457159182246 9.912771588643942
21 31.756700801602694 27.624881665878227 164.6820174431325 9.90991963295418
22 -44.04640058363525 -10.86064936991172 242.33647836707047 9.903191957289499
23 54.429962898811354 -20.031028972909112 83.21377869671447 9.90156602891629
24 -33.29098736624783 31.474515990232813 171.05150707170708 9.894503751188047
25 31.26312482950503 -10.27550084731774 244.85984048420315 9.893970936330248
26 -27.03468487517445 -60.32608798904358 68.75419750229779 9.888804078729173
27 37.20444510226832 29.215505157182307 194.26734228395898 9.885012851381719
28 -27.439120695463068 7.4714657328453935 67.09122432271802 9.884610463630256
29 -44.09473804816689 -30.239306841984224 92.13334857515916 9.878079012434252
30 70.13749987510262 -8.777399582439024 23.202505765390967 9.874246389097385
31 -35.830488955937 63.339835578304665 66.9371512986311 9.874183380563883
32 74.3624562198625 -20.971046031885365 30.018068318519028 9.867843838787374
33 -27.51802245436186 -9.645735335796697 293.57861795762864 9.86698002355335
34 2.6118940047201 -10.829887726541932 289.21292878270947 9.866742891491779
35 51.44470521532639 14.192527583223324 150.18637337792046 9.859940682251587
36 2.6384363488409797 -56.75430757518498 16.96702837280754 9.85334774456986
37 -60.50140180580396 21.762119361693447 98.0995756015241 9.84675472694605
38 9.071443702979852 -52.31514440677459 217.7728513358235 9.841049803442385
39 -15.70566809748285 7.868200358707744 110.56186405241952 9.838884614680676
40 5.109270178072548 24.97248092617349 224.9547367966501 9.838194692154435
41 -39.27644449278391 37.81781564296619 33.13453693315502 9.83314577315814
42 82.82534254259103 -33.0444844765135 19.698614870003848 9.83298813876959
43 -4.915418408548115 10.37191784573256 288.7811868915758 9.820457946138102
44 4.3613477434431545 -7.952429754116119 68.06817471144775 9.81753473258003
45 9.3609795304825 57.55617676816748 199.58413131625423 9.812388130506108
46 19.913300058932336 18.879317263173796 285.50215618892724 9.811889848893827
47 -12.490205637130131 -11.727694767828611 166.7624141355993 9.810341610428354
48 -10.922444213357029 -54.27086191518433 154.12455149320414 9.807763278746975
49 -67.65116110207964 -38.324651596212156 34.20885644603453 9.80564293100677
50 34.845178836198166 -28.063073585368475 177.5807040169872 9.800023215588581
51 -21.68272259243262 -29.02087341180912 200.90434401201662 9.796262413943614
52 18.94434086104054 -49.965303347914656 168.84539736816035 9.795630378729205
53 -20.163815167025444 -30.632604498274553 142.47399555030574 9.795037888693862
54 4.3805834460192425 20.285511278205036 244.1371805880658 9.79447868509974
55 73.00243901113036 -33.52087958417708 52.11315859989364 9.791818582895042
56 -70.35981951127027 55.829103527819534 12.473876763662489 9.79090096713435
57 46.210343585742415 -21.520104018395426 74.96937710271546 9.788021944702013
58 -27.556478684430566 -4.026284070358614 156.1516827985956 9.784419607895602
59 39.461775761308154 28.82259857770619 184.04799523488455 9.777620732241484
60 13.546609733111717 -41.641510813016794 108.00123042308854 9.775833630309211
61 22.763483020496643 -24.68066887471857 269.42095367679985 9.77379753220568
62 -29.77992454191889 35.94271733277859 204.80049092811564 9.772049999783126
63 17.197358396491488 25.588550321769155 168.62792886087442 9.763998765743919
64 -32.854705345794876 -43.31419400165343 131.35062695839724 9.751711801135116
65 -37.87692466318633 -35.81900054838332 7.776695001548953 9.749104412235276
66 3.085475865665864 -48.588755265127155 86.06388985046023 9.745841587487073
67 -34.28268641193342 34.320671479250564 157.05168435019348 9.743047755170501
68 -36.599082657152564 -15.381905239127072 26.081865303940447 9.74114097695259
69 -70.10615161430667 -45.29152485927427 18.374319376250217 9.74035409665611
70 49.94662257623861 -63.11511348319696 57.78421230703974 9.739614485909168
71 -5.302575416189332 60.94438650602679 11.897935917269889 9.726342186598975
72 -44.077041728558335 28.464370458544796 202.56116152122485 9.725843980008564
73 43.86760123456731 23.431017514496254 21.774220167650753 9.725074670717053
74 19.02237199308585 41.51562402504037 138.31198463740225 9.718860645791887
75 53.733179484851135 59.075549717714956 61.75875985983812 9.709586844678588
76 -64.08941151608896 -11.293332644982751 67.34523488802658 9.705246969072416
77 19.10581467821146 -9.277824168267855 235.01463052076028 9.701115483890334
78 -7.149803036067011 10.209164607105214 260.67436105564633 9.698431861159161
79 -21.882815181443007 -16.03476731407315 201.86624159503106 9.69785150639016
80 -28.27503130391492 58.40225630213204 56.44040469483015 9.69682352840582
81 -9.322367470456225 -41.45851621332163 207.27800920416718 9.695886213978971
82 58.364053861326596 29.464117770455967 74.69199958190934 9.693521697991875
83 56.86012071038114 -7.554427202350414 22.01150994028262 9.691877692346845
84 -21.921152315989 68.24494484602738 91.52770328825984 9.691262076386707
85 -13.403618428336497 -44.69275960119395 106.51844343377888 9.686545675110684
86 36.266197660560124 -45.95580994686703 104.02007843338905 9.68174375332559
87 -54.398460537624786 52.640942076122876 91.06719433411679 9.676064945913517
88 -40.595872505978996 -46.15784452644732 78.24949114134117 9.674698457377682
89 -70.48161485463352 -36.09625107168192 44.973780687918044 9.67198423104651
90 -77.04312591587562 -25.69486188204087 8.30655780477415 9.671502528653384
91 43.612885871222865 0.32391019181567965 239.35488280986868 9.670366861705876
92 43.41843007553231 2.920061999147769 136.9090519643484 9.669268994989416
93 -65.61586852248467 4.986953703002477 73.46548117710375 9.662320948361282
94 36.17734979772718 -23.991426069415105 56.934456836038784 9.65874834288119
95 25.79719381433444 28.918487338549788 108.27865349626725 9.656247630255738
96 -32.812314095390285 48.40157890356713 186.0249032119577 9.654643582729477
97 63.71453865022809 -26.41527441156723 126.75996498011038 9.651224700937206
98 -18.5447560177591 8.414093971214639 158.2440112999154 9.646304259490522
99 6.588034043421946 22.587027499942476 140.7222650641978 9.640688907098758
100 8.368417093309414 -31.137677928675103 230.30845970291497 9.639643146671332
101 -14.951996064889192 24.74654713448242 137.7683547450477 9.639193135290201
102 -41.12074086126982 -24.166623133382643 109.6055120813561 9.63777473586122
103 -13.306230540803053 25.507688893685152 121.90311920151126 9.631971773910742
104 -22.6311881852195 70.62297010028368 69.58154757046898 9.630086793824265
105 79.53480993580828 6.691648814959724 40.44219500724993 9.621408272616556
106 -34.182603853113044 28.05807353765359 287.3119562655673 9.62012669084613
107 -49.348896525824365 32.501128319698594 35.09770293770866 9.612008664641388
108 -12.74870681413139 -16.21463954372726 114.6175554793685 9.607697738551416
109 12.490324451015434 -71.84667670974152 71.05000432245706 9.606891149342626
110 -90.65495344899908 -10.81921641474918 8.322099744845218 9.602737021213313
111 21.778670363147885 15.345963030602704 49.99125291794794 9.598568348551991
112 42.736247557838716 44.51059748376036 140.0100249784919 9.596026128206848
113 5.058652437793566 28.828841003561802 151.54757642593978 9.59469662704999
114 -31.208486445963867 -20.47645554396795 276.14293634477343 9.591769363796828
115 18.804351701490305 -48.6545862138974 118.92628413362391 9.58736841170833
116 41.492537379536984 67.15873346185484 27.353829750710084 9.58665075403504
117 -31.777812605413896 37.955248321442006 8.630267173168368 9.585540764392821
118 18.219693897811712 28.566245374407234 79.36475114811063 9.583864249735367
119 -23.165991939889974 0.9373494148143848 20.020936493280757 9.579302644220867
120 -40.07013091956069 -55.85012152005513 135.14567416280246 9.578607987469367
121 21.359470755044196 -76.48252918255194 77.832631683448 9.578320658474496
122 -48.17240323498383 49.487437281239494 126.40757202002749 9.57430772236939
123 47.119959715374385 56.99858302991349 87.14290002961366 9.569515801273582
124 62.23164037382147 39.28932085628643 38.28911269647664 9.565063431316698
125 12.5143215024819 -9.629756031191878 243.9719165046901 9.563827337553661
126 -4.61402449893073 -30.271470734448283 151.04287768163226 9.557493927748839
127 -53.68224000569166 50.963933183914165 102.56753771498866 9.557094817777553
128 22.709019590286964 47.93107452296225 54.59397766632666 9.553915440799148
129 55.92520385054627 -13.518510132116353 29.965772160209873 9.552731781490692
130 -0.2865338887435307 43.163761372804984 36.6222994616785 9.54599267376639
131 -38.998327863519144 5.917841492654956 89.41912353796928 9.543383529769754
132 31.920301963851237 29.805150757833477 235.4917670123341 9.53789114376392
133 2.662760150437674 -52.23861688864595 129.16810665013227 9.537412073185816
134 36.34787981111813 -8.67437068944045 191.4356700124481 9.535414960620088
135 -3.4373946856310775 23.331228178822208 97.70178823665539 9.534126683668013
136 -7.1133223650345645 2.7931668888730883 244.05538796721362 9.530694532682695
137 -31.08418003243663 0.3361018460988916 77.49973269392773 9.529484181005683
138 27.84585308484803 41.401230500958505 76.71528834420613 9.5294462857405
139 -19.805948955384217 -3.082024952794139 286.6593788300587 9.528799119982411
140 -25.91005904897414 -10.307812847350863 93.16433473343245 9.527647446799556
141 -17.933755044546395 -72.3894224020242 25.487265766609468 9.527017280716608
142 20.480650241430688 30.37555066284447 292.37962372617966 9.526594127513569
143 12.677392236011995 -46.726967822207634 55.32682594069989 9.524623590338532
144 -12.856546838979202 -46.63941695391573 88.94046538390957 9.519675742321207
145 -9.415967498975746 -4.210091788087237 289.7439518210725 9.518624646734528
146 41.13754710234932 2.6427281336237085 71.03324806798042 9.516671742145576
147 24.628896154209347 9.634752754193729 194.99630954753493 9.515838429567594
148 -15.377875768338287 -23.827181369708743 64.05897935412015 9.507289722006323
149 16.278550984858562 23.054921077399143 253.62697496292097 9.507031472556378
150 8.584239830591374 -70.35283575095161 114.82414901659298 9.502848013969595
151 -17.471996360396727 25.381747107733915 209.0486570175923 9.501267279423429
152 -34.54024463569457 -75.33157144639833 6.867090129560206 9.497377110573014
153 64.8073504624517 46.36008436891448 8.756281330444553 9.49378646080176
154 -24.383970962230052 31.285852258635842 182.28600104482317 9.49202663615962
155 -23.915770476730998 -26.30874654707884 261.4428029963599 9.488031856132132
156 -69.44216435485382 -35.18801255523915 19.920011431682884 9.486865967212093
157 45.407059130239915 60.08121095689837 51.31836451725623 9.486097607788135
158 87.61023753173974 4.229648172146144 9.517780792788317 9.48105229261008
159 34.409583380494155 -25.768107800849062 103.78227631381846 9.475093002050043
160 -27.137501395573786 8.079731225116811 120.18958348241246 9.47430154224977
161 -13.823791351801432 1.0718145604151461 269.14831112155304 9.47314739590438
162 18.494880997395054 -6.519101774897091 112.01233567708455 9.471443536054554
163 -32.815040368874236 -47.73410771095945 201.11929362763732 9.471376683895233
164 20.7981856308543 -38.97153037658098 180.1340427071312 9.469777868630512
165 -24.063715469114697 39.270480160744874 261.26037358661455 9.468147331600079
166 -36.282504014760214 -29.231570932961375 132.16776142016218 9.465029609072197
167 -24.60610142332922 -11.25180635566707 132.38652191093763 9.46137334779074
168 -40.34414495805505 7.8920185432361665 251.1838012235336 9.459397178260167
169 -5.739829207284091 25.080670844940144 285.9921385412725 9.459228719927165
170 -17.23278643224578 56.15221564063077 109.57038741889562 9.452840138841678
171 -2.9519025225740902 64.53569623469446 60.547989221834285 9.45200295540937
172 -41.499075941190334 -69.12463971393271 59.93797600241851 9.450740881991575
173 33.61136771023939 -32.217675033240496 241.00929740922822 9.446734214957635
174 1.564831103363593 56.78747006090544 109.40102715526741 9.446578211043589
175 -38.78724503942668 -13.305985223832053 46.706970809506764 9.444922000981354
176 1.0173227728485341 60.84668992631152 71.7770776789118 9.442623336179098
177 41.05162875728107 -48.87943236799573 73.95968872848609 9.44029507291723
178 54.10043085464047 -27.126813502168154 39.92737409046717 9.432862848333643
179 11.146394643031934 17.342610792730586 124.63308235236383 9.429609204592241
180 37.24534941569259 -12.629356632034177 72.17619924464022 9.428991252388691
181 35.67675193303717 45.19004234690599 151.0551383885306 9.428048376316905
182 -48.85190576676844 -15.9572146612738 81.72664691701317 9.426813912139167
183 -72.67907771270495 -34.959325883192314 61.64890639762617 9.421293610862078
184 -7.7596556766938685 71.93021952339282 92.12446183977346 9.413043871074668
185 -2.6447270638309623 -37.077688418270725 51.709554582354436 9.410748434934476
186 50.86541467678634 -38.31976372415037 71.45708743672425 9.404945833449398
187 15.486481747133343 63.291983344802766 119.10208521273924 9.401310440680733
188 41.845214085058885 28.34353098502709 102.40340896656518 9.399961658561022
189 5.5039735599525805 49.83250908601463 53.76358486871461 9.398529366846244
190 -11.353430602725624 -50.92833636602443 141.5618325827954 9.396060622676126
191 47.57524966866265 -20.7625089220587 10.397433433085945 9.395338710600438
192 16.119273150627293 14.346267603250928 243.41729892720707 9.393089120624767
193 -15.726108887834473 32.39388647753142 148.8215448466183 9.389962861431304
194 43.77276685344175 -33.616189742103714 130.47151007670598 9.389936643046038
195 -12.32381580349026 52.49298161430393 144.56346502798212 9.380588341336898
196 -18.586589754810817 -11.268379927209873 79.1436318993479 9.368486233952876
197 15.915615479378712 39.445450868034406 245.93184468081762 9.361951030955119
198 28.092907175310618 -5.036626735719634 221.80797850740544 9.358656705259515
199 -42.35036044964586 27.600131253515883 125.67850383032844 9.356720811710904
200 -41.378189191683674 17.800686194195123 7.756440513920926 9.35500730953665
201 1.4099571838165068 -20.640213318201745 85.52250368610356 9.34700668878776
202 -13.282950134240322 64.45293979650172 118.23492463867694 9.344993988005568
203 60.17546639498882 2.8226570212331756 44.86548990871848 9.34495904481106
204 55.8252735743645 48.412029091367515 34.871672651967906 9.328833957350893
205 -61.77948307736003 -8.127032940623318 158.47040572456223 9.312652728583142
206 34.59467727881448 -69.11884593122255 62.73391444049287 9.312314489783338
207 -23.38135848028529 57.36794083359454 156.5950763776794 9.311207571027165
208 32.004443610560756 75.82806048473562 46.15603864596243 9.310981833056392
209 21.483816094860227 -31.858712021006014 286.54428841972276 9.310837409104748
210 0.5692095610529142 -49.30012941838795 245.32168962186222 9.309363211389037
211 5.278255200894742 -17.380105443055037 187.07427425973628 9.308790823378667
212 36.238510262455556 -38.55742666184135 31.353512177889108 9.306449219093574
213 57.07837255862461 16.716327008736208 79.43649784993148 9.301092912735303
214 74.252822627869 25.90185570220696 23.217003302439707 9.296981717298937
215 -39.46407158414321 -32.715491462974 231.39679800014957 9.296453667234772
216 34.02168936439569 -28.599279335789227 281.1762086183027 9.292806745339007
217 -20.793611008787437 -12.800624023737525 221.8294906232724 9.288502865342608
218 73.0293616034168 -8.023406608846672 87.76947720073217 9.287569704226096
219 17.23313578851289 -71.39941387171477 34.171850364391986 9.284389911369004
220 -29.243431205678057 -24.45148515140835 109.73237482406489 9.279299245923953
221 -16.21117067861592 53.49510248740949 98.7592588606611 9.270954194408603
222 26.694511754093824 -32.360286314908464 128.6093077851561 9.270508364116687
223 4.043811234440459 45.35493500278142 172.28105367675167 9.267062177272415
224 29.008009949301947 13.874132516896125 95.87521961335558 9.261739940616906
225 49.08187601541068 52.05727947568806 40.85343301481231 9.25933932951801
226 -48.0916250807735 15.715773190760778 197.6703370628419 9.258600237012446
227 -40.28148851139616 -1.1041549769772159 30.96165988941014 9.257452643291364
228 -26.074284730752048 15.48530485483836 266.04166113110335 9.251845244683617
229 72.99041962288719 -25.476442922723436 11.007354893175766 9.247735291404675
230 57.677926989465576 35.498985291342116 56.626146354454974 9.24737969590813
231 -24.727781205293187 5.466491030523295 233.93539726651923 9.241049252694806
232 4.892095547483587 10.613385371756134 247.58752741102478 9.236987704750065
233 -25.218999622589145 -35.3576372040478 269.29065064140207 9.23137059732044
234 -14.763966177276815 24.565354414119305 155.35775419216412 9.229211601176035
235 -26.0043869226424 -43.11039422268634 51.38345698765372 9.221227830428179
236 -38.67389962692472 -31.03350905975933 33.51429821016089 9.219681381752235
237 -2.2533033113042427 -26.89084188500584 53.86964060708104 9.21813172328883
238 -4.119961321419819 47.83865730484548 146.3608496498706 9.217473942606707
239 -28.073447079690798 -47.914793935089534 216.54315352007688 9.21189314329105
240 -28.274263700722653 -10.280662844289878 236.42219226183977 9.21148577667505
241 -62.487430121806824 9.936718840671228 81.17499535726651 9.2106599523058
242 -36.707790633793884 -58.05300987705043 105.07863435373544 9.207076802199822
243 5.981282164101906 3.7811247442233746 264.69001480675536 9.206783748197768
244 17.130130466972034 1.9798977657630181 94.65846777729026 9.204168890587441
245 -36.77308322810721 -40.659256425093446 70.65096073000876 9.199217563387158
246 22.202665545565104 59.29524430475402 147.55740491741489 9.190357072417942
247 60.06433562510378 -0.7030005287760073 86.68232048351328 9.189029188586153
248 31.7014163751374 13.174630037620231 69.05958325783689 9.188898564663292
249 -28.265786953423415 16.05632553914113 203.71700306137714 9.18716700344069
250 -19.85336691189392 -46.75738036584127 241.2814297898886 9.186557175768941
251 32.67812982221828 39.84294881131652 177.35019615653894 9.183831404594354
252 -59.67994561696257 21.93179319900034 124.02303692829003 9.180241184469859
253 -55.49426961110257 -45.56310090371909 100.1676717509297 9.171539775996491
254 -41.208204564921864 56.55561259031214 105.1266279596503 9.163726256089504
255 17.45102056539329 -27.05964948222033 66.66062506638464 9.163556005137284
256 -35.27557686437935 65.04128280339923 92.17652216809108 9.16126598962271
257 60.4987449751481 -26.876058431683315 117.54011969200309 9.160228778895736
258 7.798628426642641 -8.278057669606577 96.92938440477238 9.15866651243963
259 5.255478174487401 35.39518426628104 235.33654507822283 9.157645644247877
260 27.012514302859145 -40.313492137242335 20.6978222605243 9.145704244012684
261 -45.441703523327874 -29.810244229208752 212.21632246325575 9.145367034408343
262 41.3098059461397 -45.553589574569024 9.346969895719953 9.14513431273014
263 -1.5763035654525623 -56.18738406171958 142.7114466520683 9.14427081767864
264 -31.237648631334984 6.384828870583844 247.16129380564593 9.134954192309406
265 29.553969535347257 51.52922615641779 190.18396682689493 9.134058195751978
266 -16.005945985181093 -67.97575677824608 118.38726702667309 9.132458693619673
267 -66.04652216220698 -22.03438619848026 56.3576391398442 9.132265660704997
268 16.080328235974154 53.26184108814172 100.70264139262582 9.126019016087696
269 -17.13902588028801 -30.79696849330043 212.8602619143502 9.12093679273052
270 46.54448662116431 -39.83154951201605 109.50297942569505 9.120885201843505
271 -0.15104138916469534 -18.624282728821182 220.37124493886532 9.115983284941176
272 -56.8533339200094 2.606322937540094 193.52725861783682 9.115342059758607
273 -12.795323679993464 -67.12432631001484 99.46749153605587 9.110500337191143
274 25.433069339403026 6.328960854246814 112.19295744011148 9.105913671856339
275 -24.674041538602506 -19.877857987793803 125.27936940016099 9.105414127744373
276 -15.969226622819702 84.18629072192536 8.82647194030787 9.104529063573947
277 -16.12461762765046 23.67160963905182 8.970085565726466 9.10250662049648
278 -76.45989093038347 11.460980194468956 88.80573864402231 9.099903435439451
279 69.92672243719207 -11.962974667563522 40.51547305847498 9.096595241487664
280 -59.27067342888636 -37.673033244515814 60.556267959161815 9.08998978022908
281 4.7379648857092675 40.2323756924843 181.42862827296418 9.089009763066274
282 -43.940004307581226 -28.249932008397018 186.29981861520386 9.084980892504325
283 39.15007229953496 59.33568038819833 125.914213450156 9.084299293293585
284 24.225248348485145 25.868264899304336 7.4121837630095335 9.084083695941773
285 43.788437028651906 -12.114451371662817 253.12952074126287 9.077157036122507
286 -24.895439743721525 10.917033307096927 193.32247494608433 9.068591403672617
287 -54.52803222522787 54.76525347635162 26.17434908311659 9.063797760672106
288 -2.473119535478739 -7.3669668722664285 230.58029884141 9.062297972171436
289 5.722226789216711 -33.13190285207813 252.98177369502716 9.05831197373258
290 4.000940482105689 -28.962243984865506 199.81391746270026 9.052589213153148
291 -54.67960051039892 -61.19464961766172 18.011299457978126 9.044890413571334
292 -21.39486997356819 -15.180358431137922 287.0812039409321 9.04001957148852
293 -20.272615501007117 -52.40271185648705 131.880957594164 9.037578136476276
294 -19.421900684817686 -70.9329223328974 7.303000995306697 9.036887797447234
295 54.853562379359744 23.708030387190036 124.92000763519817 9.036408786843722
296 -49.84904122880159 45.4668396281139 7.444548114372604 9.035895629648373
297 -31.107766084512775 8.00797684983536 132.96287850632748 9.0341955589868
298 9.076918676673419 41.05963148990003 291.2798294050512 9.031789487445565
299 12.020008409148167 66.03240242170345 53.70158917783549 9.028926505360685
300 -51.574804776519215 -22.05963175180709 58.524289987489745 9.028814067580369
301 24.79884701078801 65.14913423998975 44.74407397812915 9.027228635381224
302 33.74062924634245 -4.3193468025501485 153.88309516541003 9.026380117739809
303 -63.535460389234856 5.532420071007184 122.37081703489054 9.022427049727929
304 -52.61403488559647 8.972977126231179 79.98800211928739 9.02042927662426
305 -62.00026725256536 -30.691365288381398 75.74851402758208 9.01807392728642
306 -80.76944733695345 0.04945026824057208 31.08203620265565 9.017546223371028
307 11.679080759728837 35.72556864316616 12.152527428492506 9.015587069299452
308 42.172755976700074 -31.423867805144017 73.13092894596866 9.011231083674014
309 19.57150963197105 5.802837600297873 126.76531334889339 9.009982674577348
310 -69.62080300966025 29.41819228107717 98.0147266013159 9.00809163408099
311 14.396427372986256 33.92530547052949 52.022250623789866 9.00661956183104
312 15.624189452441433 -60.92086866011266 106.39549967222152 9.006458678918396
313 7.080473042222182 9.406472358171122 65.86167021501562 9.006429928588998
314 20.446704463866645 42.432297959424325 211.70491975491134 9.005087103414876
315 2.054176569159339 -31.2496021013724 185.6129023893771 9.003773869500797
316 53.60208783125131 -37.068284416942134 147.95694662430725 9.002935223110233
317 -33.45608380008693 -30.101565191956805 68.30620787577126 9.002698672993544
318 49.799926817011695 -54.78657681526519 66.95629503260237 9.000508846440802
319 -35.07101221490506 11.56467685117535 161.25635909713355 8.997655348352048
320 43.769245819218234 -26.9805877548485 174.25928709148744 8.993552118437343
321 22.360573255662757 27.00687506198323 243.5180877839246 8.993222465498516
322 41.33348860937019 38.74815161395034 36.639245992591135 8.99133402839399
323 -60.42508715415191 37.56070520688193 104.97842258156277 8.98644090143533
324 -28.614844751600636 17.86765332591052 106.21839137256784 8.98614176342197
325 -14.993502738107109 37.33922012711904 132.99411966035336 8.983936375259496
326 -40.08570568770314 -78.34270083031397 15.163446065731998 8.981007325089363
327 15.152008295903038 -30.850397237710325 250.69188676848682 8.98087564521247
328 -66.54047601506403 7.539393015218842 154.9064029051102 8.979772372765991
329 -61.81411751995069 36.71209175061231 65.62188601325559 8.973224418739523
330 -41.91570444328845 -44.00091214834768 166.9133439286375 8.97184399881767
331 -32.3606915668375 -34.00697078564606 124.15708463811382 8.969826061772055
332 -37.589315918732794 28.09482175472663 144.73543576558032 8.967934028402526
333 12.80305479022234 42.82847121709466 19.92357253008273 8.967348562877804
334 11.146579893472676 25.68443849439859 114.44651866635868 8.966508021414194
335 31.267118377893404 18.69542768789731 132.63554416759206 8.958070705244404
336 -10.49614828946455 8.288324398870312 189.05302493647483 8.95758089345098
337 18.9071187143599 -42.78018461848076 25.822733999171888 8.957030320031006
338 -51.74606726149887 2.7229221945538318 132.8516790678764 8.954132545076867
339 -37.58936862316053 50.940458151040446 175.20952902291793 8.950856801453641
340 8.331133072223391 -44.33945003973166 65.78753335378865 8.948950671503797
341 -34.26705695722436 22.72480244829858 193.86843904049886 8.946964380481997
342 -1.5076136945672014 45.22639215908539 70.58967241260285 8.945649406973693
343 19.250689313867305 -19.58667082317461 31.189394169661497 8.942285970371763
344 -46.07028534217923 41.62706890079649 117.51468954854828 8.941051573869142
345 2.914664212574073 70.52643393299681 88.98889506369673 8.934481731151608
346 11.156573666598891 -18.20863499412812 284.46300342315 8.933187047938292
347 -21.942340257458326 -33.76190398463116 228.77931898225037 8.930266751799444
348 35.47790151948473 -49.395138323549716 163.9063245842163 8.926428319141005
349 -37.40765526971987 49.06254617859988 121.37222481971367 8.922115102359093
350 -48.36864083994459 -4.86496282734382 152.37130914702539 8.921078040050814
351 -33.82140457519251 -3.698021129762603 264.15850556918804 8.918771464689423
352 -31.838005162330646 -65.7214662463652 39.35118474166675 8.91745729512287
353 -9.08366133786464 -45.01509420215522 229.92205647980265 8.91699743333241
354 30.218438838751712 46.617688547395076 103.50516507733899 8.90897290805979
355 3.0972217250653364 13.713837984754473 233.66730199809817 8.908804654346248
356 70.38407239781587 24.381913679520704 65.2296556557585 8.908472603514737
357 -6.961762147656916 46.73891914466055 251.8724854368872 8.90716120768146
358 23.789652774566072 -58.658701854956874 142.7728812541096 8.903446150700455
359 -11.368761795196198 -27.51493796665377 17.575328991311014 8.901582381165674
360 47.81262937878634 -1.0923315603964934 91.54712491083974 8.899885347032669
361 60.33867185928784 53.67264577102473 13.342396010399725 8.898814588665605
362 43.04916127848682 17.7598571245922 167.70994477373344 8.893259730301958
363 14.043152201508775 74.30732838530815 88.79076347003712 8.890122234992742
364 -33.47248893701187 -8.242179257713598 256.4170193724935 8.888672519638817
365 -12.783167123292479 -14.640940450028777 235.9940104785517 8.886060202185114
366 -1.370785384243555 -0.46783562790166755 177.5512031708206 8.885030893658898
367 68.43869225060202 8.997028186586638 46.59868322780427 8.88412720564834
368 -79.81390318640152 27.409174316198477 39.81960239496565 8.8808898774661
369 -44.991314885798644 -32.318300073314 42.964011677992424 8.87864543207483
370 -0.4321171754286781 -26.574398582120843 70.31431401877761 8.877298061404405
371 -29.029560672262992 -1.7379493661747007 242.20448411517228 8.876775519163633
372 -13.688946122265985 -12.491058680928608 30.977422339950458 8.876712055003154
373 -7.879787155650738 -3.911710703581674 92.15365999911171 8.876532785873177
374 -23.97778332557119 -42.34197387375645 103.41698779448974 8.871532049706168
375 43.61143880673936 0.5429864380344789 156.95705286653242 8.870525724232335
376 -6.256966890136273 49.402083252969845 56.890253523746914 8.867920080915132
377 -2.8348473431105776 -0.536188898702211 30.35814828561316 8.863603228355254
378 23.683383552812753 65.65407151221628 11.816412415466468 8.859164417927348
379 -41.512340187828144 76.49250033596633 14.06684555786192 8.857794384943531
380 -82.30955543148494 -8.538258915223778 54.29261232459182 8.85742189330235
381 -37.571861993064175 -45.483211274679704 145.32376200457185 8.85317342965225
382 -27.440418510082537 78.60001513635052 7.569205793937596 8.852739509784712
383 -6.464131992518524 7.067427854565686 232.4008065721493 8.852664048548542
384 -47.872004374014374 -27.012607726835448 159.82440131870842 8.85245530981409
385 2.0677688118155135 63.016774258180924 94.65444866579188 8.850800429692981
386 -38.54033244479375 -48.686414535745904 8.123413585082417 8.847816337944794
387 22.024571238574993 61.50147032263585 131.0885623906258 8.847742944832849
388 18.663125494709796 -20.202147600331635 153.9681316083679 8.846935477271861
389 12.055914173953733 -19.116469528723805 62.40208492959278 8.846463529714457
390 32.231425901178355 18.6257108126436 17.421554016760687 8.84595674761899
391 21.814057405236174 55.51902193050053 157.16484769476037 8.839862944577918
392 7.266575277619318 -5.691619432624501 200.9109474720011 8.839661958776416
393 19.34255774949301 88.29557615946507 12.118538956105352 8.835479132686292
394 21.33868840671679 -55.9960494097706 19.104138970854702 8.833471881819552
395 46.493859290317346 -4.5527599186047745 29.023012558175836 8.83136140531262
396 37.17658886167862 -45.79263207122677 54.799757631874044 8.830273689494895
397 4.998428020347905 68.70630024424096 14.995291277630736 8.829812573797799
398 -6.606714808444405 -52.70465657790744 55.55847189728045 8.827775911818556
399 56.84607340569448 -18.26813147496929 115.99000504108808 8.82764989955416
400 -51.33965879242637 -70.36106425702063 9.70538521811601 8.824914820344368
401 52.164116384853315 -0.4543716109592868 202.84175253050816 8.821576810286793
402 -2.54371369779656 -34.45461141718492 112.56633234675672 8.821478013354824
403 12.543017150530577 25.41761453764709 214.19391328288762 8.815395590929413
404 72.79180256689912 -28.486747616701624 21.821846092255463 8.813585757616293
405 28.348110655685097 32.19191154674549 193.26627265999073 8.811969924903018
406 -19.892479335393467 39.2935206604084 142.2060202509155 8.809784055013669
407 -23.66452333747649 45.130584619395876 105.71800225333642 8.805225993874831
408 -27.035753202585852 16.39947645233746 80.23207432352883 8.797989684790565
409 9.262070170579502 14.233422575699267 226.604031183802 8.796983724501246
410 -3.0074861170745493 21.37233760578462 57.57488030664682 8.793132513245524
411 40.509257272687854 15.128383308839233 122.937367710271 8.791939132966922
412 24.506835973018337 29.39725097502418 55.12241498335938 8.786517823556082
413 15.713695910339116 0.1622469089705172 270.08589723017644 8.786023673820697
414 23.067576384498572 50.468461260066015 72.22838162025393 8.784669256436024
415 0.18942347340840282 -60.110972920748225 88.23544650550714 8.783910648682141
416 49.197153743612446 47.59197969715491 82.34773641364833 8.781523388111875
417 -15.686381023409453 -35.6046019028427 48.12945150656465 8.780725382081334
418 -33.85607332617935 60.85903890413909 127.14088988115827 8.780023845435384
419 -25.204479138210218 48.07018517249439 174.12490262704432 8.777471204889109
420 -34.009392748634994 -31.440898561812638 172.8792627685615 8.775420203966416
421 36.731218002641874 -10.330259299494843 209.2612756847235 8.769009084567301
422 -35.86993990792665 -0.6352496988446901 212.00944045235454 8.766795812032566
423 28.949868740830553 56.52745530493065 164.72111195780613 8.765673969166226
424 2.5641294735425126 -20.897910829191623 117.62723705894328 8.76566305311221
425 -51.3929546771281 -19.832453386727614 195.5548333212274 8.765338849960795
426 77.75077343516688 29.55836192923038 55.61853069150666 8.763352597196887
427 37.703561879333215 18.16561272403732 191.47686347696947 8.760983293858562
428 -3.944351360237711 -41.350669629699865 73.52803929584388 8.757091714585133
429 49.6829122721274 -25.892159459834758 160.014418660081 8.756801671883714
430 31.691999688767048 0.1813137340807085 115.52627561621648 8.745062547950779
431 -5.334272409051245 -33.29155941033061 81.27751387480798 8.743912661727913
432 21.932020609617936 -2.487285162725371 20.66664277692314 8.739189666888972
433 -14.497305646364982 -0.2634801391780237 125.18528471991328 8.738879131798514
434 8.024449025249371 0.04398814221248237 190.30332967533656 8.736838670207518
435 34.91167933455506 -40.85034389836823 136.3429386055965 8.73433486124055
436 25.380284693870827 -53.69399710284721 79.81277852709202 8.729668242771494
437 48.084848439752086 -16.331740439576514 90.9853585204997 8.728254180991664
438 -52.3762105273624 -2.7153512558821045 236.66491272080913 8.72819682290104
439 15.855655669164952 -21.884680464567342 83.33733366681216 8.726504390658926
440 -7.483605455361386 74.42357033726566 108.16820217283404 8.725092623453339
441 -44.639482365546584 -42.70365332588164 29.16390434546602 8.72498346071102
442 58.154129022458356 8.25936887076951 132.02543153436713 8.722294739168216
443 -11.821251251812424 -42.0489009469213 256.8204820539375 8.721995479585088
444 39.91368346345952 -39.18857313721619 77.70668825569767 8.718157005589225
445 3.9186398353102962 -9.422387787583137 264.6251342916347 8.71193636667233
446 -17.622361257563966 -35.92922393491908 274.37219971850095 8.706161819234083
447 32.530706773465035 12.991230369602656 183.50063982674342 8.705540343759278
448 -15.98124459050211 -41.40414431521815 225.67902063306678 8.704053350319317
449 10.056919933329807 -48.28003509396162 266.897167076546 8.697974028562077
450 68.56456512265075 -5.895148612542656 10.762222439677823 8.690064834517969
451 -73.18116521719 29.89459934580225 46.31895263404845 8.685284566712744
452 26.02456363229375 -46.20579032557616 216.10899087019007 8.681871442994542
453 -24.575359536322672 -69.07888869871515 115.49269250740943 8.68168612480799
454 -45.770757934256 19.966126124792464 254.2268796508905 8.679281609156122
455 8.598302513234568 57.95670208188303 58.78925951577682 8.676473002014527
456 -6.587232232048791 29.24512115604256 145.51829389980034 8.676439073294981
457 52.00344505543891 -5.256892873085482 59.348230555485245 8.67504646726617
458 -31.386851326312126 41.86536516907141 194.2649636424367 8.672398982754949
459 -19.648086471945362 26.910311899396767 56.237717031566525 8.669006393284636
460 -33.51446084592879 -22.47809756572311 74.39558934961653 8.665592696852382
461 -13.103083545444969 -52.51605649115254 195.98919137052033 8.665355568462607
462 -24.72114967127249 -59.24736737223066 39.18307553361672 8.66087497052752
463 25.18733445909012 50.58714712263978 174.94161037412863 8.65860333519661
464 29.777451188997226 2.1765944763961302 282.1103981147432 8.658148130720507
465 -33.9710914997065 16.7994590054312 182.54309558035868 8.65513550260647
466 -18.946752466832926 13.818448956069336 182.9900296852617 8.652530997913626
467 47.114804281685295 42.963488321635 168.86943295932923 8.65083457024783
468 9.528059776387158 -42.87109989326778 36.160773828777785 8.650018555797967
469 0.9355710532642316 -76.53873921527321 50.271210069976455 8.649681760493804
470 16.354249231369824 -30.533267441213194 47.72729673008269 8.64746234890399
471 48.86754406808369 -10.917688444099847 7.5764119430814985 8.645462252292086
472 65.02948728516137 56.25065282418632 33.97684294924409 8.64492816164378
473 7.2415180340273215 60.29834698455359 78.77213427745824 8.64483714978355
474 35.46475375459231 -0.6460102027443648 178.75983952612586 8.642139616841584
475 3.5616163223021338 -45.57695442347353 173.25666543189277 8.641039004856284
476 -15.746919877074346 55.21885140309326 200.10846774531757 8.638504412051274
477 -50.508972941142346 -0.719322669541631 71.77365471200146 8.638502400465455
478 32.79539878238908 16.935700631806103 149.81787058068724 8.630322650311687
479 -39.08561297202277 -30.108940351421477 195.50915264113138 8.628495098094199
480 -40.273451157691945 8.365178705057357 194.11312449754365 8.627088469191124
481 26.05358372981223 41.81985143843481 43.19767435575503 8.625705932070977
482 13.60932784946561 64.32812128885341 9.73690530431984 8.625474138768848
483 -8.195964897711885 58.38648808568587 83.34200577969833 8.619433592135984
484 5.262668058211796 26.546694105344955 61.54507569182456 8.616733884819046
485 5.614579739276024 85.23014499231553 39.80102994681048 8.614378656056425
486 71.48836652097913 -51.08910742272932 10.29996565915031 8.614318392956864
487 -47.78368228643905 -4.434782746686369 252.15775464756663 8.614191057757232
488 29.527600832325184 -16.62311631725339 66.32349293548796 8.613354324472782
489 -24.370006774769507 11.892065167145015 141.9959695023799 8.612920230480427
490 -40.534728738768294 43.17187208700844 148.48896772735478 8.610893783014738
491 -15.964291748516585 -25.31244904613127 130.2864633215347 8.60881583071758
492 6.806051835071189 21.05543697265022 167.08785293545301 8.607328406952657
493 -59.29650523791333 1.583456281882372 41.820063640615814 8.605760323176963
494 47.07369013340967 2.0075157835974133 16.852566012016453 8.603736696984596
495 -28.002356304207268 1.7205642316277743 103.07261661751824 8.603146973588668
496 -44.833962075513504 7.600051143434943 123.30137677588182 8.602608585862718
497 26.021595165614865 -19.295268413620846 23.83537331793548 8.601037047307722
498 23.65722629452172 18.320578005630843 200.66914846496525 8.600703602511302
499 -51.195932201389866 8.772324972816614 23.663626017414405 8.598897291704192
500 -23.82492444076405 7.819680778467189 150.69942123671797 8.59617277651591
501 4.421214728233857 42.74121396836511 15.148955558063326 8.59494147374949
502 -7.687485717673983 39.00388813370258 146.7988964763372 8.591618787964716
503 -16.85312330490625 -82.88489326445408 43.34609238587803 8.59045735133077
504 24.153469066337905 71.40077285326403 52.31553381968661 8.587231725503546
505 34.86395642588728 10.79734613458231 249.16483420910947 8.586278708343633
506 -54.94691153626167 18.314076576510413 131.15351626404438 8.583914398482573
507 -13.184031708313961 -12.510041531168692 91.58453833396717 8.58082591847753
508 -19.39716336970421 -82.31804164889223 31.985039836304715 8.580549101176956
509 8.138158012454642 -24.33322559161264 214.831500435372 8.57890564004913
510 -20.643828038198087 -10.764793283240497 62.91914968959799 8.57670559791364
511 24.269656840242412 -25.499026266157962 119.09566494248722 8.571342340007327
512 -61.19570865746826 44.0060146975782 76.09891363532249 8.570868517802722
513 19.840815526053056 -39.64048721233486 201.43897595958424 8.569538440443985
514 38.50594022342601 51.9402663438393 67.55394244072899 8.563998110342636
515 40.13881280381933 37.439561673585054 21.477757027014373 8.563947828383856
516 3.1326846933110772 42.34518895640477 158.1249503564316 8.562565655465882
517 54.558513659556716 10.889286593204808 117.06140989897472 8.562397174269597
518 27.162083314986248 -5.399655855251425 265.6941356221292 8.562256630230669
519 -62.33953262481037 45.74589131330276 8.451743067739583 8.560471975896851
520 -73.2345111029188 -2.764306730563754 109.22453592965 8.558544498808535
521 70.49412125724119 47.39018854298821 18.582140632002496 8.557058298022632
522 -5.812486797447281 -30.54698410685039 223.2174432307401 8.553520517272707
523 -57.21607890799126 -19.836737733177625 74.19499976640384 8.547066904147181
524 -34.05916620073113 -14.78892518991892 120.38054575861382 8.546582360730653
525 87.48910342851104 -3.515779856644053 23.060292289008313 8.538516364439495
526 3.598999081867967 64.97539943558202 132.3645300346291 8.53817067226403
527 -15.63800388854115 26.015623708541884 293.93770230841454 8.531604941174907
528 61.913730365468744 52.308847420835995 26.56304860550733 8.530526187391942
529 -31.854092775081504 35.07605650967606 107.00385583250981 8.529049276390243
530 -3.748066887990957 33.348502758595835 258.72336571115665 8.528244236873842
531 -66.70228913147966 -50.90974426528681 27.82785931822076 8.524934854640719
532 -15.085249938361084 -63.218361648084695 141.9250175770172 8.522984836702328
533 -66.56814613005069 13.627809360603173 64.60341864807712 8.516789283630944
534 -26.096302523256487 3.085648640146167 36.39621787036401 8.515330992033762
535 -15.911838907730024 -24.680346049961926 281.99095627234306 8.515155433365738
536 -31.99503739191304 -39.09971246485554 251.6802651642639 8.51304741695386
537 -13.25362678812594 48.96710728722739 39.884620232423856 8.512096041142197
538 -33.37655702201286 60.56776111442327 112.82414196838369 8.511716828203026
539 -2.085529031121647 -51.5918679775235 196.29422963742866 8.509456270708709
540 -17.90302136224573 88.84740880632414 16.46212861699904 8.502343920590882
541 35.163507900630336 51.45093137224306 83.69200891340023 8.50154183691694
542 2.219342552478162 45.04660997686557 196.04611022142427 8.500978123603156
543 32.245683433264986 -45.24998453571744 112.88251143591539 8.50051039301541
544 16.429056507437313 -26.174801714059534 136.7608423165713 8.497275208343648
545 -9.128249527058683 -51.31292303624529 130.32994853078637 8.496890510614797
546 27.246013535054438 80.83203364706459 25.515031779883238 8.495380011574566
547 -22.34954471423724 -0.050794198067313445 253.62149948037455 8.494513986888602
548 -25.460914089658168 -51.60565935122443 46.35865548096496 8.493810537481322
549 -1.9876367829284627 28.126504343806726 18.52235024206984 8.491259836886476
550 4.658730937090966 31.19942640823838 209.04134375152586 8.489002334277048
551 44.13035424789307 -22.29335481261784 262.8062468171149 8.487408622323452
552 30.790198846433775 -14.202200740795563 142.95620520558077 8.485876249896103
553 -46.72505723878171 -23.00802737640697 145.8027089883278 8.48319029188114
554 -28.156117216396538 43.348914797791295 38.254575740951026 8.479423912740902
555 5.740456200472587 58.122233352494035 161.8229664727729 8.475110236700523
556 -65.42042649774501 32.38963525938246 79.59138066549924 8.472678904492406
557 11.09897251434866 -64.49096088118992 139.39396196894674 8.470484043748147
558 -0.49482731887860787 -70.46487549259844 94.51080424385808 8.46896442653198
559 31.909262860226303 24.466066305888656 179.2014104754852 8.468094723821109
560 11.359058493882499 17.222081231897707 15.847252751635036 8.466806335848814
561 -31.900028250755994 -14.788043931298823 268.8852931728467 8.462088922503273
562 2.7545891506354936 -52.470799501250106 236.3157092958443 8.461781170361677
563 38.03777695903543 -23.164327032368973 131.6203022697652 8.45935249366445
564 -5.0185946087784155 -71.63754255816364 66.6556410725395 8.45794342379168
565 -57.7312261244355 -9.878515692588685 129.32567301234644 8.452876746136996
566 59.595128880356285 4.841497052771582 186.34026548594122 8.452533816261496
567 -36.9004979350011 26.011641140433646 13.072248744522094 8.452388299820102
568 79.43507047802973 -12.656324945091217 59.333946139663674 8.447433965547601
569 54.735176428423884 -19.42607872539905 128.6942527572735 8.443596662880424
570 -71.94038958642965 -21.293926869626873 35.14754220785913 8.442282659226558
571 -31.566583428267293 15.969272678613244 291.8197690266204 8.442147359686485
572 -57.01299464044886 -23.60322655964561 182.40718415209605 8.43783675350054
573 7.829309656898009 5.97299746313144 148.92645815679344 8.436877697247661
574 -23.853746712179376 -24.756043992046607 51.86955592891081 8.43527725299866
575 -64.26953923118998 46.936949623604406 60.93924052200491 8.433001917841969
576 -13.482147390312337 27.98867788902547 256.7109050422599 8.432975046431682
577 33.009451653651325 -57.155685257595664 105.43772771102478 8.432963346185193
578 35.71265304593145 12.363229639982473 214.0893399485489 8.432397289657487
579 -36.301284336123025 -5.420100169118102 283.96114380775333 8.431460770716722
580 61.92867513737355 23.906559499890182 84.98923549211082 8.430710841881986
581 -17.500819153335836 -13.11824291065427 15.397392473536911 8.43050909609522
582 22.20037814943418 34.38531017645866 46.59874303325862 8.429736063732294
583 2.088793123572345 53.53330401387437 192.24339002665084 8.428638641700633
584 19.492534958203677 -50.22569302439243 219.9634213708368 8.424929168875487
585 -8.886406089765616 25.31721985018131 243.8980472862524 8.4233707732778
586 53.11487897663201 36.89837992318627 127.89374079379391 8.420402322564284
587 41.947875681829714 -17.963811811794542 189.84378649509338 8.418945002781808
588 39.82596656123355 40.90259035023554 120.46528711376081 8.418309990089389
589 7.827383199677101 22.760279544312066 202.51926899646617 8.417346102251992
590 -18.774809876781163 25.726585908754465 186.6908753743664 8.415691294655868
591 34.194971351785334 39.00041129870396 160.2897180270691 8.413585611175892
592 -42.77688959103466 16.92351690644383 281.8854708449105 8.41357367513568
593 20.032692716748727 -15.741170376541497 162.08860446728107 8.409874861016094
594 46.55312565954262 5.707449385922029 188.26175527473947 8.409762330574647
595 -55.84270063052078 -41.16181519105359 134.70871793387892 8.40962733297596
596 49.02273796065207 -5.000565262443319 188.01726779445806 8.408903893736305
597 -49.077607663822235 3.7643750992340035 12.744045132346399 8.406971714242168
598 -56.61545909241849 12.522089394349804 158.75270338958975 8.405191305187406
599 38.46473559311982 8.215613140963864 257.8577572857542 8.404723507825562
600 37.1757854398805 -7.233462561767431 167.6564450917201 8.401681160327872
601 -47.86660208938597 -2.283213518077888 90.74922615950261 8.400263945989344
602 -22.64590283997091 64.81676187611221 123.56245056300844 8.398983235559257
603 -8.726723241784843 -68.77599708088069 82.87896490210817 8.398921213494834
604 -29.56643837462579 10.983490501571568 176.41737606054403 8.393576453772027
605 -13.392717974274541 -42.41453525889763 246.84888737094028 8.391856243739369
606 -41.617004123073826 -22.80879191251118 38.6047167650622 8.389347455153302
607 -29.556842422783884 53.60350102903947 48.019127092278474 8.389339811525641
608 -28.403998453682487 -6.657858785669305 167.92224741192564 8.384237120723782
609 -35.15929947999683 23.87073511818398 158.50718067270043 8.379399518667288
610 -37.98550350640709 53.28198690982074 10.92559414321569 8.37805926006061
611 -66.46393409640477 19.4960870634583 144.94510474416765 8.37657875363277
612 34.17215438841936 -51.416201257111894 127.29177688344976 8.375320599691893
613 -55.53432481167912 22.092247418458573 201.73466505822546 8.374134855644552
614 -46.68351349501592 44.44997082467743 47.33445429463599 8.371153685834777
615 -22.15077964185245 -23.36376637259029 230.24396289689452 8.368495284180437
616 -28.83267835056752 -40.00164859001718 65.82112334431596 8.368046992681231
617 48.81485824576661 -62.262702453921875 38.320690672295704 8.36602299424677
618 34.74017601616802 25.448993602519387 226.62360050693363 8.365027092483244
619 19.76517956243652 -4.768223843558936 201.60734827608027 8.363586871436222
620 1.347032709000655 -39.25471477961718 208.3577219345816 8.361399620570799
621 8.387558285996128 13.054907051250828 133.41324395046817 8.358752759575541
622 38.5496332392814 17.744502766592515 11.111698913912894 8.356480578176125
623 12.18245010623817 48.67526140351128 43.7687977623871 8.355774360656786
624 -34.98862058003156 -26.44496681975515 211.99180883543258 8.355422415994939
625 -5.512046141219491 -64.68016131129527 117.17634053815686 8.35366739127332
626 10.63268357959195 40.46751097099358 106.13626406651073 8.35285947232977
627 47.55023977842265 -36.57245377924873 160.6112332023432 8.352798842206274
628 -10.657903553957777 26.670722439352765 24.08611923935343 8.3475083646241
629 3.6815438878608835 -75.72419498572033 33.354318947077665 8.347443092779478
630 -7.908621549140134 -36.66324120833152 126.61242560361445 8.347003483223846
631 53.88437086419474 57.217213316166294 32.909099370639254 8.344991797414021
632 -74.03935373383487 26.07498427307081 57.3428182508762 8.343647733742456
633 19.015194646908967 -23.6887391415894 53.237670201194916 8.342856474944767
634 19.109073750855902 5.2199200967645165 141.43347221375325 8.342542539556794
635 12.028447242554506 1.4470352645335736 289.23907930500786 8.341947578002982
636 -7.909331161243408 -30.48910101593053 204.02142144229518 8.339383282078238
637 51.24003429563091 34.271670028417525 117.88571919627776 8.33684279900006
638 23.718841323439854 -38.459776295089064 11.065413579112212 8.3364087049735
639 50.68325851315689 -27.455990142874285 54.44856744323205 8.335426194852587
640 32.32219779154315 32.97465721075202 92.61716132860329 8.335364186535351
641 -1.5890689102746638 -71.02968942838201 123.42374054081142 8.33450673145136
642 -37.49344045457422 -74.47077754801752 45.327911541227934 8.334155645109828
643 -72.5938096239398 30.930199155541352 20.739447999458097 8.332469419252735
644 7.218598206246422 34.74239373575262 162.72112252605197 8.330975357252727
645 -43.20377040347806 70.1508289097687 36.455599735251475 8.330412976727198
646 28.691392694224817 -16.652333438670244 278.0303062068546 8.329939502256144
647 74.9050725351481 -23.83077358405905 40.21386788547406 8.329340154915318
648 -11.853088221636947 -52.40327620594034 6.1282524487020105 8.325890176370578
649 7.215597996500349 -0.21526379065088586 240.03652394880723 8.325617472217314
650 -10.146536839208768 41.143605232842994 25.902666099353937 8.324474383479982
651 17.509061209705504 -9.856977590225792 258.25910349247647 8.312173501167235
652 -60.830455248784084 -57.36056622208673 12.240256748523121 8.304203260409516
653 -45.29702130253522 49.80198275284011 113.63631671678127 8.302892606194476
654 32.330736737444546 -23.804926954481274 37.33019430453953 8.300819959988686
655 51.18811074562829 -50.62292267219069 23.898858648035144 8.297398319016366
656 68.34867845332889 -4.849176866789868 66.251125486939 8.293533307450854
657 -7.070976188378692 22.757333705289952 33.79229834919881 8.291346732810673
658 -33.96732335189577 38.404112018006586 125.73120897711959 8.291072186160239
659 -19.61339769767062 18.139181435747986 86.24936974441549 8.2909455366675
660 13.56068110645626 42.55239966996668 146.83109401538522 8.289107368494456
661 -63.73380851323516 27.5583954718099 131.61288785130353 8.288630902441064
662 -78.99716437714937 -3.4741672512560875 60.6843836407039 8.284524256792297
663 -35.22501903946009 49.609534425767166 87.97142029739328 8.280355425196145
664 68.13564441964746 19.403558398815218 40.4739250033112 8.278695059954437
665 -20.569745082730726 -41.659530251946215 19.258205817142837 8.27807882947026
666 73.46321026866737 -20.204494856795105 103.80778307530943 8.27570597404608
667 -28.012458594292568 -34.4835447230885 235.25650991557183 8.27544337399981
668 27.729180099923393 35.65360349020297 227.5028230762046 8.273995416390731
669 11.54505750932905 -5.102101473584284 136.30957628835995 8.273553703004135
670 14.618738713034997 -53.89398172262214 199.55503331333432 8.26907602136415
671 -8.078341918823007 68.57915415500501 45.20087051527171 8.266453883228419
672 22.432539470297307 -64.87204728441048 43.08334326592209 8.26364703655091
673 -72.97523269721036 43.79053008927931 26.794329552937715 8.26296591039161
674 0.5854337207335671 25.12335291345527 129.47926891368192 8.262563240211245
675 -25.65467603469646 38.70388608854108 50.66041911415039 8.261872088236768
676 19.66976343090654 -6.169045522303852 158.9230825848365 8.25996784894331
677 54.466082429682906 -53.9273009126526 94.41127529767427 8.259454379362989
678 -48.189764841298704 -59.343025684686225 24.72321558303084 8.259343558134212
679 -34.02444520764237 74.04052359697201 49.09524715920379 8.259151572359842
680 29.955420568160346 0.258483707899968 293.805725692115 8.257017563342712
681 -41.05807292094784 13.419250098647916 22.484080990468208 8.253380726798943
682 23.509724121154097 14.094813128867075 211.50750204312786 8.252995665998283
683 -27.561314144310607 -73.35229418813222 75.41999332345083 8.249405297444786
684 28.58438031616432 -48.97950485339218 25.451371597520414 8.248762859286876
685 18.094147502122638 -44.832036486817245 266.2170536877035 8.248320194728773
686 -1.2522918610191986 31.30042882936431 106.77459100938535 8.246767384349587
687 -36.66031507020286 34.076281462234675 255.1184423446677 8.245186306972265
688 -10.677757733119584 -31.651003631821723 25.55413596954703 8.242863326642082
689 -16.93368993970799 40.05448157889928 155.3905095174666 8.241225602168356
690 -26.02067715782132 5.546034635170896 206.64065518895873 8.24038006140154
691 -9.438843243124563 89.56559179996397 12.43518094072513 8.238730803154597
692 3.4905070889711145 14.178075659047472 273.36322212105074 8.234551892701024
693 46.06558619808238 26.67367498780303 76.03757266927794 8.228503887258716
694 41.977249221964875 36.39353248796479 72.70668034704681 8.22772429632175
695 24.51449955859257 7.506585944613731 149.56665701137268 8.22476027877803
696 58.93022570434587 -53.336844948979966 7.96139478494448 8.223503803747265
697 -24.705797116692764 15.858107570839591 95.67493919809748 8.222175692168344
698 -20.945392417826795 -86.39656526362081 6.085656539720594 8.212199890126449
699 29.24677805451139 -8.575973274913986 108.4758717044645 8.210246010126012
700 31.107578612065176 34.04448067329621 279.5735524188517 8.206741910903384
701 -34.18453191419943 -54.34558201775336 157.21157490895095 8.206604399204897
702 -37.34849007784355 6.555255932395314 14.41531225864386 8.204865632438732
703 61.79604780959199 -7.576384594664595 129.68348970684713 8.20373450219381
704 -71.76894787455188 5.041826144053344 15.78046890285287 8.197729998025881
705 75.64368681958213 0.2724999251478515 34.59715507066913 8.197203942757296
706 8.582980241624673 -76.31228440111805 14.465779323313058 8.193470683828576
707 40.52420690026856 -49.40551859623629 96.5222873625242 8.192874408432631
708 -69.00037728644013 38.557284527700496 13.773632869774561 8.192861296788378
709 25.271794096366943 59.23896994436286 121.51677879230336 8.188884232783368
710 -53.88598642304756 23.567017266623193 64.44016628114703 8.187933297130899
711 40.62019359344513 22.11084396109439 129.21212547507972 8.1866196915426
712 -50.09229259019333 -20.523562971575785 137.21412074141372 8.18582018917091
713 -20.236131232881075 -7.663645788113951 180.7237911102656 8.185678088632383
714 41.232780531912745 12.551708029216936 42.3363079759322 8.183233724908215
715 -5.686285300944457 82.54654538224239 36.09568464057259 8.181437507538952
716 -64.10440658768113 8.510483209011722 12.059481404695868 8.179362143515224
717 -30.767126915327154 -17.029524070822788 161.63008688553546 8.179319192359563
718 30.464537879598662 -40.45406248222294 244.25750428810488 8.175724899586365
719 54.69620087202641 0.4362074486936809 123.24493138370858 8.174814180340576
720 -61.752540937266666 18.378034000525293 70.9649256224319 8.173360186584627
721 39.710155024319064 -55.29559243647378 55.406167381171386 8.172970891793202
722 -2.447962374344728 -68.89419760120403 135.1487072213826 8.172081311218966
723 9.336878952288352 -17.733469707529355 140.62901276457015 8.165965549939644
724 -6.657694362290191 -20.431045860142298 22.554860127408297 8.16486943367898
725 -79.69481367239008 -33.6188039870255 16.441533535985148 8.16314576496901
726 5.713038524403906 -5.394583881321625 151.53230282043432 8.162927533929066
727 -19.303956465346737 -44.170821283877885 136.11566142411758 8.162686738329347
728 -5.5231154865159775 74.68445821064584 79.94716984469802 8.157876044971019
729 60.69613168317894 -8.584288555634936 101.41679264219897 8.15771889288126
730 63.57789593614932 -45.04058188838176 35.97930855890461 8.156568527067034
731 32.88180488280677 59.4887812050402 81.93975322300753 8.155656334020064
732 12.975224702847608 -57.02591616085175 86.07257867824376 8.154145829877432
733 -56.61529873067195 7.047214585851661 165.538007326668 8.153601411931714
734 8.946390096477558 -62.80300145175851 73.13660466642351 8.150137884844582
735 7.784488382478917 29.00327414342567 23.99542323021164 8.14968475567252
736 -78.3520792168725 4.903308684890451 45.174978405867684 8.148921796504169
737 -14.247780782061305 -12.94858469713638 52.20088610910732 8.14831117434714
738 -3.2632325216944267 -46.107814235395566 280.26766718730704 8.146792211882556
739 -6.309806503640877 -9.436734284632747 58.884578350599774 8.145317030451995
740 -61.68746319755287 17.31479261520712 8.308759411613128 8.140355996579915
741 48.08458633330255 -15.314359211246867 101.96640130284 8.139937776163423
742 34.32895457944515 -10.723200743148741 14.893688314931811 8.139888897619505
743 11.14666426118716 16.375330929568076 113.0438323190976 8.138593279516792
744 -48.28510465344631 61.314937791466924 85.29045477622762 8.138253654252697
745 40.52308829650461 4.133675042928536 104.35361675847716 8.135449063689503
746 22.101809790218475 75.00346676518345 83.82984495789022 8.134776226479985
747 -24.02289796313061 -15.921713074292692 47.01656281444566 8.132337682100806
748 70.30755569595745 7.429655884429939 66.46253551982029 8.132225205183609
749 30.926441126189317 -76.83521466995909 7.381731087247081 8.128731986719757
750 40.57661934506976 -24.861582622287628 205.31183824787263 8.12720312966442
751 -47.93373706329906 -16.569628098061912 221.645738757627 8.12719672018023
752 -33.21377801239287 -39.984912208284484 183.16788743236415 8.124031229380371
753 -32.77926537148525 15.559672223486569 9.986055170307635 8.121842425895698
754 -71.19219671435393 27.54462297552521 86.14247352829327 8.121183951228844
755 -21.050489078816746 64.14236844768298 50.34416795859054 8.11640371554708
756 10.14683355614378 4.734270551199313 78.62533568300556 8.116104744531281
757 30.61994268646815 -15.511828380729781 118.89645048652531 8.116091963990854
758 -13.01313082548617 -1.9584759890175607 223.99478449874545 8.115277583098873
759 -2.4538594988389155 -63.04685164100101 12.161354472260024 8.115275149612668
760 12.64480535434093 -30.07489318907935 293.0587062898753 8.113373190914654
761 -58.65313568877061 -0.8566905549920723 101.70631506924234 8.105762511720204
762 -4.520394687648688 -23.920834994436692 264.8376982225652 8.102380355571341
763 49.31488894881245 33.98118775104087 146.202895418077 8.102275266697648
764 -21.217585561507892 22.440038415272273 111.56521253221005 8.099576114662904
765 62.31959141570127 -37.52149285942429 55.507315275496765 8.098608183061021
766 -26.886659438574746 24.715982787194726 273.99432730089586 8.092523570953693
767 -36.0800821011533 -79.54782084274191 26.837522318234946 8.090371644615121
768 58.56148526166974 -52.706859619503234 76.63337916178102 8.085986542894322
769 -50.1607502961427 16.475616842518793 236.29680398040728 8.083578128969863
770 -57.79288847678391 43.13503494478926 47.85512354910162 8.080846326194228
771 36.35961675676134 19.02232174443821 267.097599878474 8.0803541862408
772 59.26877808940212 -24.5499672332086 24.475497216530247 8.080259227316553
773 -53.598592770195665 -13.835134240544464 148.78546413153762 8.080038052678919
774 37.05220877420789 -30.77210101567619 218.92145315977308 8.074858824452512
775 -89.20921168662885 12.597058309934521 22.750460493044226 8.074616482634953
776 -85.41308012724657 -26.742699409796163 16.77000737034676 8.073067012108204
777 64.63874723053611 -28.92414757410841 103.06442862888103 8.064779615187632
778 -20.994462445423316 -33.6194671909161 25.231812694848834 8.064755954472066
779 -9.011626933083779 30.1623507683466 217.84599051669443 8.063020495398353
780 -60.90643787200597 2.6718709584062923 114.50851000061508 8.062761582269083
781 -15.086096859827963 -39.470288861202256 175.50046727994217 8.061409841677756
782 -18.852151104084793 16.97165461397319 199.1038918830212 8.057139550654547
783 -41.71758888513818 -16.706918875536104 292.77907320573956 8.056893726040268
784 36.11892394645579 -36.09678632691079 47.63366606131955 8.056109855942468
785 4.046651461819925 18.700907245938645 175.06553324905747 8.050225930869505
786 -48.677777770941375 41.17875561066156 75.08602191952575 8.048611049753202
787 -4.915081208062604 11.399635262048966 277.7099165112228 8.048193090179845
788 28.080663291382148 18.558190941667807 59.36072883574556 8.046335690650722
789 20.06767206363568 3.5971420153449047 12.200495175224209 8.045039486508815
790 6.131388236941971 -2.0710928886711937 162.47541164033842 8.043396188379266
791 -37.19415884089233 -54.06019814647236 115.90109593590604 8.043284217632442
792 -4.523303338677662 13.615237283799512 69.67286076363422 8.041979365858564
793 -42.741586432847086 -36.52398095183767 101.648895080759 8.040235052114953
794 65.92514528265498 10.493054073350443 83.23916391648667 8.036931555914027
795 -17.82748969951482 18.008609197818256 173.42536477519232 8.031732802760358
796 23.346539453501997 40.26031726155247 203.94886974319203 8.031130114367977
797 -65.99889123998005 -43.52296563112047 50.55710653766279 8.02867444969549
798 45.16756929960684 41.155193653160815 87.57214309593571 8.02741042288317
799 -2.791406929937356 -18.174984080306686 175.44598231861855 8.02671694962836
800 10.271302495000644 -11.000999139992025 164.76250650712106 8.026657879012111
801 31.99277255240817 28.42644914920596 79.15559486178385 8.025325377650903
802 -37.40774981245904 -58.8734052558731 31.164775286439543 8.02506875805545
803 65.78882535706008 -43.43406490579225 45.36555191005829 8.025000261080825
804 5.497396951217042 -40.49203096664968 101.52019365832051 8.024026942882726
805 47.00030148017713 -20.047003994212645 54.5633874672003 8.023258832106652
806 52.82732706550806 -32.53178809720667 18.86416172715361 8.018929534621345
807 26.80804033640392 -38.40253576668018 209.3767432135675 8.018626042002865
808 66.82471158728524 16.24882323996502 107.90742286103595 8.018618644182423
809 36.76513010115184 -16.59314060790834 233.33045796834386 8.01734607818766
810 43.37037656621429 9.649496954878295 217.8606398321549 8.017305860219619
811 65.99173342157594 -28.300541069159898 80.68184188725242 8.016571693533425
812 40.07830320321137 49.07991847040941 20.59350000239371 8.015056706498891
813 29.950641188979507 13.649544133216448 119.8896324608973 8.014473734507959
814 -4.0180043326721435 19.27962232499805 48.20653590990369 8.014375061015148
815 46.481488812799675 20.154935424738333 143.8677446531672 8.013223395178125
816 6.135668604882145 19.606896896801928 44.56451462301139 8.012090141600781
817 -14.970863528655025 -5.308043526964744 203.40428166226923 8.010935890130353
818 46.545985968369536 14.028548980233513 84.79685817700829 8.009310571681539
819 -27.758333107502907 -77.73819452840323 45.21893896348514 8.0050972212686
820 8.018089425789842 71.4481381310891 120.55233229849065 8.004389770740191
821 -41.267549413238854 -24.079266719059664 272.31201530971293 8.003074105451365
822 -11.223940495705552 64.94089523518488 67.46067492463655 7.999863512896362
823 -32.13994364084977 -8.106490695208738 137.78783523211695 7.99975040496379
824 -57.56056197916469 30.577138076394537 16.386107630592775 7.999480945474348
825 -48.46106716020187 -8.029727560956703 130.54396958290744 7.997309997572754
826 36.81267553201401 -12.689112337680527 93.09375323591911 7.991543165512439
827 -23.07677020006625 17.355325861159724 214.23293364814901 7.990252122455849
828 -66.71172655063071 -29.811037171537997 94.75683680792136 7.988292722301743
829 32.39069160003753 -55.614827444635665 48.26117135385791 7.987822376914703
830 13.391368152542448 6.114227358769676 242.55313331267453 7.986665485027029
831 -16.07251739835149 -65.055940222207 15.884449457229351 7.982933078676623
832 -66.37879520524527 7.205416930211223 39.402600564730484 7.981172472116585
833 -1.912383048429834 -37.23168102426766 239.6159226421185 7.98038895845005
834 -40.21140617949466 13.34170459773149 34.483626146955714 7.976655257512331
835 -37.935393377172765 35.408632732433624 48.01924740986951 7.976300751615345
836 -19.686879352005924 79.69984319914316 28.620985437606173 7.974873760237404
837 -15.910673671902554 43.292182497010536 229.60251498685997 7.973873382545321
838 -22.432535650232367 -18.952577327304592 9.251212878766436 7.972203449452624
839 -42.221928461998345 -12.671473519152357 91.37377846103207 7.969976893252825
840 43.89857535133719 -8.784158568183164 125.09939642547832 7.9698202232044135
841 -61.32522910048564 -48.1669907176335 33.60942777122619 7.969505623616588
842 -12.835027407580705 31.24710440304954 66.39119582072713 7.968887493765231
843 31.278707792540445 -63.48689702448025 10.309170925110138 7.965995745748642
844 -42.8250709742801 -40.189888989893895 90.20879783663915 7.964334774715384
845 25.925510380558187 -4.403092487021038 174.99661488241057 7.96189306050315
846 44.462930758978494 1.055482302435225 81.67647782406398 7.960657726029053
847 41.27172893786228 -28.96262959899132 228.60809121065887 7.960104094315296
848 -48.99631275622438 -23.616842437510588 175.59374410653035 7.957390622234815
849 44.09115959456149 -10.85111028842378 224.69131966835195 7.955954405830953
850 15.294175698910578 -6.999759362433863 11.752847992836234 7.954938749712893
851 -30.139821376722686 33.11971795213216 223.6055124375384 7.948042936817724
852 -41.686339158091045 -11.553627255776647 107.36848593496714 7.947774051944567
853 68.85363230513713 10.056287243466524 34.210662501822405 7.941168032948233
854 -15.83502193600009 6.838342835084852 282.8997583335941 7.940725277096368
855 -2.4404977733793647 -41.39812793362651 257.44445049315914 7.939793355683244
856 41.81741194325846 2.1062706047687936 273.47525507966645 7.939525545793949
857 0.8545764736552286 -6.6314510219407365 142.5259760926158 7.938683872005882
858 -57.846604961456194 -27.480532427940723 128.4986010460445 7.938299482876609
859 28.16840991488571 -30.356689859358408 161.3131770487673 7.937404284848247
860 -70.75039715483535 -12.446384635958188 75.36408238765569 7.935959230601476
861 -25.686143713787164 9.54608923464226 281.93764197498 7.935809998151733
862 -38.3526154951731 32.17660443991506 135.3669684850398 7.934346279880144
863 74.35536877038102 -2.346406389180828 80.78804860934422 7.934189768751992
864 50.796224736583156 33.6688068981952 29.227638741172775 7.9338150146367
865 -11.360450294992464 -42.47749615054732 267.7288985513145 7.933792442317587
866 21.778969367635888 79.36383621560465 16.853246227363314 7.933668557855854
867 10.24303778580739 -8.716847335998331 41.88711162590016 7.933568287598862
868 -76.39843762100725 16.105976378714324 80.50871033008653 7.933553600932446
869 28.17329795184988 52.38792419512693 19.960387454121882 7.933082882046186
870 32.79856824955588 -57.51768391304144 19.629181973776447 7.932867180061798
871 77.14368101716344 20.978587987094247 56.073714987740225 7.928276436851287
872 5.382599241560158 -36.343565885476536 244.26042794653162 7.926873267011011
873 7.898156826216206 36.40541993366213 279.7098496899213 7.926457331685151
874 -38.19289379623161 14.216744373340209 109.06837891653196 7.92634898180811
875 -25.44385709430137 24.43561248195423 88.00142266512847 7.925763261095041
876 -57.95036794443086 55.07377836109438 52.20422307658863 7.925579811261533
877 19.04044304744039 62.629224288799485 162.57754547878238 7.923732612154499
878 -38.543970026250406 60.93658978940437 55.252963478079245 7.923488183589539
879 -33.18353350585697 18.503625189548053 220.03247863922095 7.921743116263884
880 54.661161919718296 -66.83834965604701 7.905030006211908 7.920838275300576
881 12.875249975568936 -56.25306205832513 40.4581907036631 7.919204974697251
882 -60.63834272223004 9.385554714332356 105.1194261407018 7.919190323048088
883 -41.93084701538905 47.75590030499246 57.3117171723566 7.91813071944728
884 5.291925744298256 -36.454810517451904 141.11359068402206 7.917918914215523
885 -8.82099016995912 -36.40466712649821 276.4928484985689 7.9169000928008595
886 -31.04313358527145 -19.315970463687503 240.97995874779366 7.91559749719665
887 29.020621812577023 46.45082424110993 216.2297788803316 7.914260641166624
888 -22.381482259381528 -22.70632695277312 83.81900682605144 7.914100363685885
889 52.29317994704939 72.63511948196083 21.20212765251495 7.913853884632522
890 -23.35906838145214 -37.12811725533169 58.06033127725745 7.9133658315498145
891 -68.23552492718156 -7.168245625019415 47.683684130275175 7.9111850128111545
892 -38.06837335840795 5.0366075773017895 283.1363474836191 7.91101032202887
893 -32.467350556500534 20.5362608727279 141.4957451651175 7.910783993725532
894 -42.69301098730138 10.933546934580457 147.67191878496172 7.909809706513348
895 -41.41056785767708 -58.327456916732366 97.57031275329801 7.908816889258383
896 -64.32728491105239 -8.92566899926976 117.0533370055607 7.9081043730201035
897 55.162025041034525 10.38993916088187 192.9761081500983 7.9054662296144205
898 -16.712606168790142 63.04212779080631 11.74471515746059 7.904335635353226
899 71.67787053684876 -17.513653555651047 17.990508361563897 7.902696773898592
900 -58.107720230288 23.737008549713163 167.3475589442776 7.900412126313059
901 -63.18575099822353 -18.07681897188417 159.07843580157999 7.899100270445088
902 37.508909070742725 -19.88322738106119 65.86423621449593 7.893566597051738
903 -14.736994607248063 -4.169722960492805 255.62394764896084 7.890684713068924
904 -45.61843208362536 -55.892042999678594 123.53294147239825 7.889837019252486
905 65.93269743335905 -42.36223822252935 83.82562715694955 7.887897684856815
906 -15.249800504643677 66.20323705016244 136.0511081332718 7.8856756041644065
907 -26.390709278904225 9.372244119020802 292.1561619591692 7.8851502492441705
908 2.8706620409334715 5.969442752297379 94.14026185807477 7.882445191756734
909 79.07901572139488 -13.468849235750652 27.457909255447035 7.880147341540988
910 -59.394425005820004 16.183723680404533 179.01492726964943 7.876282645505402
911 3.45421260657768 55.336030295093444 137.750534913092 7.876175657894927
912 -1.6255499604708241 -17.169439290713008 13.370763408541805 7.871369685588393
913 0.02304502597532565 -22.670345496905806 167.2894818306287 7.87115970388388
914 22.746129286994965 -10.82906071163271 26.78438709482419 7.8698470662388065
915 -12.028174677433025 8.844772755503943 128.9074368517185 7.867709244920796
916 -59.06485709334154 13.931844991486923 35.98358033578164 7.8514775992630845
917 -0.585312649184937 69.42279215714483 141.77805441800496 7.851382827088001
918 8.083810508296171 -32.27581704194317 30.754751737040003 7.851186006411148
919 -12.836287955917285 24.171541081932617 274.6029761459214 7.850792180065018
920 -22.31526122100423 51.00782614762901 7.7156854952289144 7.850695372945339
921 -25.262120793658447 -32.23610720545112 153.61417643772964 7.8467354021642866
922 -42.424877477560386 -43.2945734554837 64.65782068727017 7.84645749155493
923 23.81965372149267 67.61856755816802 124.15545184441447 7.844571653466233
924 -71.6358162411147 -4.602961517933332 65.31092806643504 7.84094329852559
925 26.984387700928856 -38.77352377878234 30.374473911745987 7.840566287593028
926 20.0062089289276 30.685268282214793 274.9686377443184 7.839057080557504
927 21.943044078102844 -27.225914092558057 215.50275383553804 7.838483628613899
928 -43.15303927882945 -26.162666399094636 64.45721898480225 7.83815357291496
929 3.9778404234544293 -48.26018589478229 8.532422398189746 7.836529659064112
930 32.43625624010077 -19.2024940012708 192.42280364579017 7.834353633126065
931 47.858665084681846 -20.164139068589293 27.17363850713842 7.833997391661369
932 -48.38372988182747 -10.705849618067834 191.03236803624975 7.828360698625857
933 13.780345453714881 85.19072398118671 49.11289682017836 7.8278742261035585
934 -1.7627520008699216 -23.787919717514374 133.32923156363478 7.826759461134456
935 -38.311871272647124 -33.85506993312691 203.9985506742472 7.8258290373707595
936 -40.93684242468444 8.006378021684167 291.2413241508879 7.8241582288080895
937 11.131271807881937 38.38717508517 193.07032664317038 7.823491968878143
938 5.009265915110877 10.615550054412285 81.1323339910311 7.8206795722843125
939 -60.21985659982688 -46.58801423387388 74.76900709200946 7.819883001522797
940 -41.73939970721629 1.876997467643145 226.03553645758535 7.817614696874816
941 7.941337921177676 -45.58708597767408 196.3332121687413 7.812319931703325
942 -30.468834557452908 22.675987705711634 33.08360880893572 7.812142632968294
943 7.676540495023973 60.75695667105355 177.38399834944224 7.8113635948975055
944 -23.691585622545013 35.929720756401544 249.999929119397 7.810434585572481
945 -13.653693729846225 -71.30672800108059 42.929044346710114 7.807532100931963
946 -19.291077987942586 14.820935049204202 44.26160625228857 7.806443706311168
947 -56.60851772134391 15.350401387359405 149.07646121480158 7.804308104483985
948 22.573026767148544 -36.40636835653146 146.14229377798702 7.803284725329059
949 23.720772658407625 -44.379535608798996 136.85644461271337 7.800702859946558
950 39.298499128912106 31.913441430376153 127.01192004408664 7.798795187175306
951 22.162105677369908 68.70642396853812 75.58805835899427 7.7952847801201095
952 8.567439502080854 -39.25961863062268 153.21964045094296 7.7948994368158955
953 -0.898046328405635 -6.0100269900082415 22.99144978676645 7.794626430229531
954 -48.1665355135109 54.293865913268846 35.50688099753436 7.792595286524181
955 71.00465135032172 3.720569190488018 19.036279087182468 7.791750506182958
956 63.27781467306602 -28.4464322721227 94.82234896624675 7.791445002305494
957 -9.678144708987736 48.488367275720286 104.21611506805323 7.791129987200773
958 -19.133173261023856 -40.42660914615757 291.72926507588187 7.789818707712297
959 -81.34912554300256 22.755211222225213 51.24536534517526 7.78917410300563
960 4.146836292379279 43.12761400437142 28.918604750715243 7.787729773199282
961 -54.69758148860328 -0.8350651904278319 216.83456975347715 7.785951021608145
962 -82.69423636319975 -28.073721490991222 26.70662048503087 7.78074141961839
963 -40.71474925027494 -7.1572254473986305 54.34481895032306 7.77855066206309
964 0.281455625647431 23.66622187002833 119.6982970772014 7.777305841629813
965 60.54793616013752 -66.29118850208918 18.966900736942943 7.77532400102799
966 -73.90292812763622 -10.608412917618821 99.27518835854946 7.770773232175033
967 -2.242733155046417 14.49867413809044 5.5885612702454335 7.768868866819334
968 -6.869060219730552 -4.037263090066423 139.26414982809632 7.7643443283705285
969 58.367669543936145 29.495738671486627 155.1641553726445 7.764216573827319
970 46.97679950447347 44.63437133756805 152.59302280064412 7.761266360733526
971 -1.692106592846942 48.45168549432067 244.65257614974738 7.7605883872358215
972 -3.5906860822646007 -41.066578504454924 220.64730057203087 7.760045876692083
973 -66.69033317697749 -20.252045269228038 24.316773816855978 7.75726664621144
974 -2.883706317242055 24.561071187924 256.0267212399845 7.756026538363732
975 -25.511520006881636 49.373165995416315 193.54357814374882 7.7532034541123265
976 -16.6533481839833 -27.94707525622269 192.8553081963212 7.751358136177014
977 22.109506267536226 2.509021198692711 52.765192719865226 7.751058145908257
978 58.856811992023395 -30.23970309871868 152.08279283008767 7.750412585970475
979 39.663429767385836 22.315700605226297 152.6797568861278 7.750239976418705
980 71.83373096915922 -19.059346667980265 62.14365722270331 7.7478982910454866
981 -55.36040325543141 -67.44962018507081 33.87225799561674 7.745641593989411
982 -31.088034107085484 -31.222361957395698 146.61943663207188 7.744766621265122
983 4.934836389921482 -37.62710058609701 43.71732703872776 7.7409311246398795
984 22.276573334248994 5.102975035630507 280.18626882483727 7.737518273699423
985 84.2148754167795 -5.7806333749782155 36.195369669895975 7.737202467813308
986 60.00857850094804 43.66343191376192 20.876326608652544 7.736803827294167
987 -54.76009074962097 -35.94281919466956 155.37359259208796 7.735902965991284
988 23.09102293052702 58.8289608571559 102.05269486570265 7.735527085977121
989 3.0195525834508476 -22.530539337832813 93.82765434521079 7.734767398047829
990 33.835254374674726 31.22623682733134 10.065144978176157 7.734164381205327
991 -11.662330472983609 37.57432078104099 166.0904823617168 7.7340370559134355
992 -45.16747412614689 29.561020811983266 81.5664145228425 7.7332604689520155
993 15.587768635531223 79.82222829819058 73.7074926486907 7.732011159537918
994 4.506899627875115 12.290516246249435 34.268935120035735 7.731551683893098
995 3.578194588736322 -77.67994843665169 8.034413838550483 7.730340695470889
996 29.947237872976814 -72.53816406932624 90.04000180962554 7.7296331868381385
997 -12.748335382277464 -14.449735669774961 104.02698942004531 7.726614980462994
998 40.54240329586619 7.41519713162035 267.73782281484586 7.72491887884091
999 -43.33448903095645 -53.228545213797645 150.9464333715049 7.724323840928977
1000 -20.671183341371098 72.55474174025252 51.89097868845161 7.72409089289832
1001 -1.6570638731084895 -50.717649798583786 40.912926890282 7.723889832911235
1002 -47.564471033796075 14.205811508039524 225.76185922336327 7.722399041641733
1003 -32.44599237436692 -66.55534354062772 90.1653569149699 7.721128233524696
1004 -39.110555474484094 -18.538763240648468 166.98497438479905 7.720300728534362
1005 -46.0364585172553 -55.441630051514394 13.912629900602452 7.718941667576759
1006 45.3833814655071 -8.4299039130699 152.2235596570438 7.716624355053239
1007 27.817534520788048 13.126868140649599 268.7158346175507 7.713852426690568
1008 -45.52780190032054 -12.863268976277102 268.0119559006634 7.713562408169164
1009 40.42739158492482 -60.316394994262566 111.44949951667489 7.713414503517844
1010 10.232883595203589 48.785030353409056 234.33342347619404 7.71136666102165
1011 2.88355958612153 7.550816655796449 102.75734524620303 7.7091330246252685
1012 -34.07927210132316 55.09098162828285 73.90137634211342 7.708825316824351
1013 49.08165887363831 0.7613614353037006 265.28320668688167 7.708043283755764
1014 9.782175889389116 28.33588874497115 241.75565565621767 7.7076383876571715
1015 29.637590857643403 -83.77072053154788 14.08079177211564 7.707511432162347
1016 -27.011147388583634 -17.625624782481868 65.85772128137847 7.707332991395131
1017 -38.77311193755 -30.814005792587217 264.02129674833026 7.704967959768646
1018 -17.37167421104486 9.41644354211353 168.1168999269397 7.70347182300839
1019 -25.175586773121058 -14.658299881614148 181.7387921623894 7.703461692615875
1020 -3.6603530088636367 23.21338632115817 80.8062238243545 7.702650688587119
1021 10.065024476511775 -15.906914095088974 225.39681196271493 7.702540584599485
1022 49.269777846556885 8.000503552345002 207.35614018177273 7.702237750209707
1023 33.817823801812715 16.314719512565055 293.6022956735979 7.700429106043486
1024 27.03725019843166 64.83192451668621 106.8183781995478 7.700284602427932
1025 -37.61705439280983 -68.96517501869046 73.82059272132872 7.699385823589084
1026 16.71443971509229 31.43032060570844 257.19525863966845 7.699376326221498
1027 36.814277141493854 -71.28493818532536 43.28331794286829 7.699162928285158
1028 -5.432951304495914 9.211358357474202 122.12063506170279 7.698544407615615
1029 57.72816147962908 -13.647872428968533 46.778303411005005 7.694391343607122
1030 -29.182300201868024 68.61413147551094 33.68993847026145 7.692729038726544
1031 -50.712751095715355 15.968841156856293 172.89596507549024 7.692233567244049
1032 -52.13616269642213 62.619784488051714 17.824535320587835 7.6900327606146535
1033 35.6143823375111 28.487744509229643 249.25062261410375 7.689667685843209
1034 19.399332945295512 -48.82573630115643 182.08833265186257 7.6881287002832535
1035 18.400424121457988 0.15595516301865242 214.8032980715351 7.686742622802559
1036 -42.682493412392326 21.760600035923673 132.32665301294452 7.6853992495547505
1037 -43.276060795654274 -34.04039251081832 24.177882728552046 7.68476922800231
1038 -63.7044656419235 -42.74104789289181 88.16634430566283 7.684337711970183
1039 -58.12016149698136 -29.79086116135819 8.355705321332406 7.683555842754409
1040 57.77065061927578 -7.894463961575562 73.04113261144683 7.681832530458833
1041 73.32531760222082 27.22448619712314 38.546340361411914 7.67533711017292
1042 -22.26198454283204 58.43104645914643 138.84390806998834 7.674978272298013
1043 42.60380929006608 29.91233908786731 87.09261293905524 7.672392429628512
1044 -7.339950797188807 -82.60909882593222 35.51573077591457 7.666551312708441
1045 -35.35113036021739 56.697137905663766 142.02587170979615 7.665195646859989
1046 0.5363007347553141 31.410457911606713 119.25946488546269 7.664524951274085
1047 -53.03447231765341 -20.812533248065325 45.47893270050377 7.663115507794613
1048 -18.759840359110488 -27.921676972686 97.28302941338828 7.663026031058642
1049 -25.854332752909748 -6.908745438410624 214.60941602857642 7.66264441728877
1050 12.719047836577897 -53.067176363350626 144.39877385411074 7.66214912920892
1051 -13.159038458070839 -47.03264492263601 36.509067975844744 7.660269416653643
1052 32.16162225640925 2.90103436420408 135.52744857420774 7.659863173681004
1053 -59.67925980429137 -31.034599240581898 144.1618842969675 7.655764483661223
1054 17.278388320477188 44.319309666994826 170.35842573671383 7.655753380074603
1055 6.12435937312547 -3.0416254622730365 274.1474689995293 7.649551805278701
1056 22.74877479086986 -1.4676292987297206 124.04060577560804 7.646804818209923
1057 35.31414405067222 77.63091975590788 34.48540215754346 7.641416981893362
1058 15.360949032365406 -38.361461768934205 66.89557999433266 7.6385947130420835
1059 -52.53557666775967 25.8026075093078 42.435457273162164 7.637598223042724
1060 9.813129203791066 -65.93736471295746 93.83774361203182 7.635602562419744
1061 -29.107206097687193 -23.534270998512092 97.8177603532854 7.633422756392983
1062 23.959310051504758 -61.47372635904721 105.24768536521506 7.632032735107362
1063 10.389611337201636 31.415258112986756 75.50295611984679 7.631796956427453
1064 35.25599633077914 -41.32627227247395 186.46136607183615 7.631705264462462
1065 56.07650583517197 31.88730423742314 166.92381085500304 7.631131626179124
1066 30.558149713807367 -14.91110707459646 46.737304636338784 7.628086938334219
1067 -25.267864201697098 -2.2564285717673815 134.16623506308815 7.627902885330569
1068 -0.2259828349803743 -62.847210440396836 31.566700686945182 7.6264236883971535
1069 18.874625804757585 -30.291834261553863 33.56566826518655 7.622897002989256
1070 -42.774566846612615 -42.49507275844536 116.97120745412062 7.620226790984923
1071 45.52399639690358 36.05550092486033 62.23158720056132 7.6190122225589025
1072 36.989393405943126 -0.12261094099517678 9.041840345123314 7.615662479776525
1073 -63.13775725645185 15.862031964232132 114.37540724701188 7.615059828393703
1074 -80.89696980466532 31.738329355074516 17.3962852788503 7.6125331398045315
1075 -11.255612236187222 -80.56150665486162 21.59893355680838 7.611178228764867
1076 -32.44704704083716 -29.418890994884443 60.00283966444935 7.60596232318079
1077 -23.250589953099702 -72.05919685143759 48.197919386044816 7.604916213098959
1078 -37.37724712122487 32.45204814646151 242.84837466084244 7.60449204258503
1079 34.09204627072738 25.583647968500784 34.76090316355521 7.602695934551741
1080 -13.23250726187495 57.220320735064135 39.00518403991611 7.601573726431688
1081 -17.531718656910844 -23.875400674602478 13.086050637590532 7.601546946436766
1082 9.911410144694688 -33.856213871245714 63.624809110724826 7.599840922764239
1083 -57.198659173962504 66.21833229600084 12.937048659778476 7.599625289739423
1084 14.065774846755124 37.22945316390533 60.71584495197984 7.598804316725634
1085 -13.97659858913601 -52.296218342909384 210.2736569000036 7.597913013010627
1086 -24.769310020806014 8.549153363482837 46.39670809683384 7.596673171227659
1087 47.89823942773215 -62.35699410968917 70.91448718374976 7.596278712859456
1088 23.045372574547628 82.01113500698108 47.33933602620038 7.594212339276338
1089 -11.427576678090752 82.61035489705733 58.01111811414558 7.593858220527027
1090 62.00379851120991 10.787272873503932 174.8530360286225 7.593782061843589
1091 -64.683629096804 37.73087970910085 54.094814540741176 7.593625833672178
1092 -10.163136356810384 40.15625358870658 120.86475894885379 7.592991057661776
1093 32.03941378436321 55.23976942538116 34.55385946911001 7.58899008839411
1094 60.62379636056293 -5.651497278245955 43.9627996863865 7.586820117171593
1095 29.17119858954088 -69.98923417459642 20.714401765131207 7.586709010487534
1096 0.08432132614530863 77.38433624915483 44.390883324989204 7.585920232008693
1097 16.55061216437074 8.98489529466344 89.45538415717022 7.58569615322111
1098 -77.96218208695933 -2.275267228607966 13.029069675073492 7.584816242220316
1099 28.17202780409145 43.7678989238643 246.35793427319726 7.58326717124789
1100 -44.56237622355532 -8.1793179088192 19.384060120612723 7.582017917998305
1101 24.520886466605578 40.22821364398677 125.81260273046236 7.581133067617783
1102 -45.24038771940472 10.477492668860931 51.38440679035767 7.579794240923215
1103 24.507877155943866 -10.60366318581988 77.33511727362969 7.579064488170725
1104 -50.09727119391307 0.492771510294578 107.55217724334643 7.5734886344034695
1105 -26.97932357809425 25.312619095044084 207.18761597475168 7.572307260197507
1106 58.03313063203054 21.07908971768927 141.89930269791319 7.570703314652838
1107 -15.57308358482188 -17.85966709873577 256.43921752459863 7.569551065023472
1108 -0.5097345854396851 4.660442830546359 42.30274471901979 7.567671632156616
1109 2.5480626854831736 -60.29758187833718 69.08209634674857 7.565976697202789
1110 -79.51964584552255 -7.0907552708544275 72.52192765262541 7.564532076129958
1111 35.743526470189536 32.8155184053479 119.34736778426783 7.562450436255585
1112 64.29778463162181 -32.27619094388264 34.72024325849931 7.561178129356189
1113 63.020221736822464 26.83873572175987 28.55060542182178 7.5605863640396445
1114 54.37251990016095 25.42226504547001 135.82521509422227 7.560265507285983
1115 8.679997488271988 -20.900812353602134 111.9995198148213 7.55777631113142
1116 -11.01945585599728 24.44475292923289 74.07194563096358 7.557699241238067
1117 -4.554671393206167 -39.6488637085822 22.880998707524338 7.557663820732023
1118 -75.73285457908787 -15.668663047896437 19.29315688710166 7.556508140384444
1119 51.98262816843815 -8.734149477850186 92.809553291147 7.556407934523581
1120 -19.06027174273497 40.035872716317144 113.12884778225636 7.555922360792415
1121 -58.59892577053925 61.13940028891336 46.412742747007854 7.552941056154533
1122 52.808258674239504 46.259690543568816 61.53742864564734 7.552586697669977
1123 -44.17392250608618 -37.76179424234356 177.80374913641398 7.552306956060871
1124 9.617849859765435 -26.99438985422449 39.819658988023754 7.552019832006673
1125 -14.146257402193317 20.05365179628832 249.3917697083125 7.550748011535923
1126 -11.240367876041477 14.581480689939138 35.329162054805714 7.548736596023873
1127 10.13518463794395 -47.93626084425011 100.84151416208162 7.546456925204165
1128 -52.55924519383208 -59.08578185005437 49.5300293758021 7.544144957958615
1129 -47.58108881097753 -43.11813131910182 71.20971355259334 7.543757430307872
1130 -31.25222814750144 -38.76553048397765 152.727391070743 7.543649327159385
1131 56.66192898893056 -56.612422373535914 29.84821976102322 7.53791441778564
1132 -5.669208122347831 -15.357269232550607 80.69750106823368 7.535927659179306
1133 11.010175796481725 -11.222979806892665 116.77989888036848 7.5354042101233745
1134 32.99862519922955 -32.512844795013095 118.45316523855708 7.5346908602259415
1135 -46.09664502459182 52.96587365280207 23.453162764120574 7.534377863534175
1136 31.168356834833162 -72.75728921228935 49.058935517520716 7.532508443231929
1137 13.69960628509784 -28.19190434671926 128.00395821797204 7.531828664657384
1138 41.95458692888764 -52.73754365543166 119.73066625205567 7.531761388859492
1139 -78.01613323650216 -21.55950739957663 54.51713722331132 7.530529021783458
1140 -21.311732235663587 -67.92023430114415 105.05852135241662 7.5297514677707245
1141 -57.404554904468874 66.7289327775266 25.11848347379982 7.527944370113982
1142 -11.881967004704775 -74.54767022990542 51.45971638606569 7.52100140219413
1143 6.783475247324757 0.2631277570286649 102.79616114976021 7.518709839376241
1144 40.799378643095665 10.569713426864926 4.3047251948637415 7.517926222370371
1145 -57.731293635368196 -17.370804306831072 121.1858028568131 7.516273879468207
1146 41.55847097167095 36.769667218986484 171.04092976631347 7.5151796247545715
1147 4.294539255328205 38.31977030388718 258.27977157911613 7.514659837401546
1148 -40.02823199750473 -11.213287331292138 148.56150104120337 7.5138499525320075
1149 61.493021822925584 -46.2511568289955 22.433073006844324 7.512030900779115
1150 -47.63419383367908 -46.79792583308822 157.7525972880625 7.511986730980276
1151 -8.036007260307061 3.158675842171114 172.4934158522288 7.5093412197627964
1152 -41.68411067662228 54.57210422115693 89.9217113711801 7.508436554226874
1153 -20.167348969730963 15.909630736305655 153.96574566037904 7.5061775091770375
1154 48.007446373371984 29.651940019697 8.79236608415141 7.504984794387662
1155 -77.55454067387744 2.439591959656282 91.42150475826502 7.504221176554491
1156 -11.456375668637964 71.32829177954208 10.337875962661805 7.503576899007451
1157 41.025132148821605 -22.200715835648055 219.5389629766683 7.503422770002812
1158 2.0454367071993556 -55.2968603044258 111.4802189901961 7.500199064896939
1159 -42.22359345709783 -42.54359670249862 200.74487713435133 7.49916474935604
1160 -34.82547694442731 -52.929918584398244 79.69911890639418 7.497244918717182
1161 -27.731529163114327 -3.3482697363057703 59.06533708508485 7.495776933071626
1162 31.351561547567535 -8.740472371556347 281.9465952076894 7.494940860186058
1163 -10.138640530730456 38.03020053318563 289.4312972027089 7.4941679881603545
1164 58.24426128739792 -0.019580832159674877 31.29689803871539 7.493304847715589
1165 -52.97045502505496 27.83861067804139 186.40320213653533 7.492681329227836
1166 1.0939831864921548 -42.6917020826655 228.2906913504558 7.492558159983284
1167 -39.82161347551262 -29.038089999547136 243.02977703810194 7.492274874144464
1168 -30.218775999237973 58.968401967077824 100.50937436252788 7.4920322075178225
1169 41.54929829245402 19.516458324186786 48.98265338313227 7.489577971470871
1170 12.351287020120278 -17.253029308819183 77.08987336910452 7.488487308229102
1171 48.864447488146084 -16.89588399329047 182.46080523129373 7.487635245903096
1172 35.4859766775929 7.996404981476513 33.50798441081779 7.487030863115404
1173 44.94296074006295 54.28319214215999 109.23723826057784 7.485031366241958
1174 -3.164100737886109 36.89754068630816 279.4263724363073 7.4846539919161295
1175 73.5355714535015 33.93070819954381 15.278131581791497 7.484206812351499
1176 -35.44612553061546 59.67339232905379 33.59144838768554 7.484148555788019
1177 6.143156619494529 -85.61924817222653 16.051805428148505 7.482092151476456
1178 18.262280152585333 -69.73063856020971 60.74293182134002 7.481506535251454
1179 -12.434424706024487 -34.31488834590538 249.14904996947075 7.481340228301595
1180 31.358812694697605 -28.14516654872143 20.82259786641674 7.480389059447243
1181 -22.915192769587808 47.57686383870246 85.33884258539406 7.4786906081958735
1182 -23.583582755122897 -7.342259084521994 142.4112812434014 7.4782624984042325
1183 -2.3283755800712767 -23.148277917749972 226.9847351313384 7.476831818204097
1184 22.202897058367473 67.03007446552371 141.3493487727887 7.4761358064087
1185 -57.49710988956241 -0.16173641113569026 121.36440271859203 7.475863871706472
1186 27.218963748992156 30.8748980464813 99.3918916098975 7.474550479111922
1187 0.668317504770088 -10.064921325864013 107.93734432790053 7.474387795433279
1188 8.673134755899618 -44.268625383872504 242.62259241166737 7.471065405241539
1189 -65.20112179918425 -23.138840728263112 72.06081055070976 7.4685417160262535
1190 46.035674889514105 16.328047659853624 64.33091925544687 7.468453623959917
1191 -63.93340132788711 5.972543975280072 91.3558620321659 7.467071296556151
1192 65.21302074542592 -31.36618523258629 5.43522822090509 7.465482324402958
1193 3.466233796316074 0.25275793183466166 288.8333539537017 7.464277100400135
1194 22.191671105936578 -15.943472518108138 187.48305508206806 7.463257588968483
1195 64.00946855322435 -17.72327519274153 13.349198179904663 7.459939663834097
1196 44.66900362913689 -6.033761646288095 42.295888580989796 7.459243558562471
1197 -64.0756427734774 17.265991158470165 87.17211677974036 7.45862102936745
1198 15.793597112567348 32.44980610522293 68.16543093989866 7.457871390346444
1199 12.519952204530671 66.58878145230395 43.36663283339771 7.456021176019233
1200 40.16009472904966 -26.373832613757063 49.29494464281319 7.4533983119612115
1201 -75.5233959820343 31.206506294416663 30.766966696749254 7.452519491763683
1202 -21.52813647788068 -32.53479789213641 74.69339234656586 7.451122027274199
1203 -43.246157923341556 -1.6851940789279691 101.82521408971274 7.450418091183767
1204 13.67236219561517 51.60732113335921 11.368075616062331 7.450412280064532
1205 -44.28711480751668 -5.160085042516149 208.02000019125765 7.448073292477955
1206 -77.62858031733671 -8.863730135151364 86.68072687620244 7.446972282637273
1207 62.04123106561585 18.10197834759397 122.29441619640018 7.446602703919199
1208 -2.695502328834273 -28.522514435664554 291.1861298171244 7.443825471776116
1209 45.78460641069628 -40.675597862322824 152.6172001710418 7.439486369953573
1210 -61.728667173114275 -15.462680084129282 169.08776297098964 7.4371525690212525
1211 -22.405938241350498 7.893574810573993 97.18757176528146 7.436167064559931
1212 -37.57835663032445 40.69431419964724 113.89155102794548 7.431937787134212
1213 46.029969422782024 49.928088181550585 28.46885207007483 7.428972175274518
1214 15.660691331506218 -38.14391063807319 235.00433767823841 7.42891823429562
1215 -30.0831441973349 35.61487621356553 269.11594737560273 7.4284862903139395
1216 29.0886503760843 -27.746538679183438 192.0720515312432 7.424724216491426
1217 -32.58925322442777 16.0564764064934 230.8401914949409 7.423574177100026
1218 14.107532301142408 30.570983633654848 199.440478626074 7.422685821506012
1219 23.932058966022414 3.75944876898435 63.071355667141106 7.42233498124862
1220 -46.53088913963596 -32.53124087853467 110.48184380094007 7.420762885935136
1221 -10.312811635366494 -58.92717606484133 23.050683913751307 7.4202248854278565
1222 -47.974098168171864 -33.922928203183524 166.88387122552658 7.419690530362891
1223 -5.599169436228555 -72.91119019129772 75.28501873218035 7.419337786997557
1224 73.38912903290887 -35.16146244021496 15.28301610241763 7.417359861798984
1225 -81.1124908961965 -18.41235699940664 36.6702797318944 7.415905278867077
1226 49.30989058575635 -45.33147776328803 5.024139196044307 7.414310492649614
1227 -54.38177359910046 -20.824580686693086 96.26195457194972 7.412488755967766
1228 -26.897094305408498 -56.15304940973573 27.291887214855258 7.4120854074924125
1229 -37.41524202540734 70.29436721001886 84.90460844354057 7.411516082479274
1230 55.389113519554144 52.86419824795146 53.980215884533166 7.411009635635701
1231 15.100199116736201 -54.84587756349315 29.458197294989958 7.405411152408016
1232 56.71704433671704 10.047695437356078 100.40640015298024 7.404638586055093
1233 53.66750634112175 10.867084433867344 19.750211243051837 7.401537642320745
1234 -7.236256365563905 -10.903298176079103 208.799130025923 7.400837274348189
1235 34.2305339913065 55.80434740344413 138.57243256921302 7.400591711378842
1236 29.451941418138887 10.437471515446104 288.60246775991465 7.400413294060064
1237 53.78017149743354 35.929270263996095 85.09403667735978 7.3999867586155785
1238 7.081056018230319 -22.397478086214647 147.15641038415302 7.39796294380568
1239 -38.83798044842616 8.831668826665542 259.8350466031618 7.3968640993623165
1240 23.381976743374057 -9.82263788785463 192.69305029729315 7.396636343052851
1241 50.90403317135052 -21.319706998201482 141.76086525566788 7.396110564426392
1242 -52.82360281653378 -18.522274656330076 10.832464517747042 7.396021592234769
1243 -64.198672754938 29.55006415745144 22.22697998502173 7.392342658857309
1244 20.912148750571156 -29.16327533501856 257.74847547031777 7.391054769004483
1245 23.793182073136325 -10.17381142929646 86.29149965145827 7.390188985648727
1246 -8.972896609852654 27.487532310820114 14.36456631233926 7.389586342182868
1247 32.15307580022599 20.745816556819598 278.8348466329181 7.389371679476316
1248 -9.76139736169256 -24.16295468519614 288.2038955039417 7.388329228108521
1249 2.613711298735752 -13.594398013346925 155.58869201642966 7.38784409167435
1250 55.32893172378871 9.239318171485216 88.78715719473516 7.387717279232109
1251 -1.547983649461211 -31.25718347871756 172.55703570037062 7.38701031312125
1252 3.938448080360267 -33.83613328445524 166.30893123775203 7.385455010630703
1253 -55.370603827961844 -6.274195720443116 84.9870081010286 7.385370218218243
1254 -40.550250986495186 -37.95107537615286 156.4336369971797 7.3844612036227195
1255 43.071810034168564 -32.35172940057295 192.75226185253135 7.384048275995882
1256 26.996719712079923 26.737618989754267 72.43884173652297 7.383913739625455
1257 31.69429137546758 -59.19016144038504 158.2253063809397 7.383032963451671
1258 35.95373500819919 18.584901727309862 140.76554487898156 7.382279529063672
1259 -47.43705804791027 75.06402777770302 27.11172189339012 7.381632217776301
1260 -54.58402302303332 29.694461830231965 82.24849739388313 7.379610311222207
1261 47.77672473996074 14.77684160181553 28.54828240333166 7.378183783394034
1262 -1.3185556951199828 51.019864074916455 258.1827776124229 7.378029928930573
1263 -49.32914265111845 -10.958571707367966 46.33167097267943 7.375098175262526
1264 31.642192540635417 -29.502821629575287 251.8884550927344 7.371145546787579
1265 -20.26030921618868 -67.68782769289913 83.95513792963779 7.370741608052995
1266 -47.414653878786844 -74.04702150869016 32.068810474378566 7.36942991090968
1267 -67.00196554415501 2.028208639757393 82.654216468442 7.368561010536999
1268 14.326910362483016 -46.50307717548459 227.20368428048863 7.367142568720212
1269 32.89009812478791 -37.58351842212729 149.96164172557525 7.366586763870282
1270 59.778042637428904 4.298516247169657 54.76838678274095 7.365752308156872
1271 5.187515452759357 67.00846779695763 65.83298596473863 7.364444372862547
1272 32.04436220535369 -13.032617166292557 81.37430022660422 7.363229071913856
1273 -42.772110053576704 33.341318657734284 223.77982015722978 7.359830902436525
1274 41.916628775836536 -45.38690168204691 189.58157213352112 7.35902509777533
1275 -49.4855967032388 42.88607435989732 141.2342833570963 7.352363608996679
1276 15.141068129097281 46.54213895841981 90.130208383707 7.352103944281547
1277 26.311063538338203 -2.44722620182099 230.67603964849482 7.351450264926717
1278 -15.971542267733255 61.25474715918658 95.62370247660382 7.351192759992692
1279 -62.9782186072929 -18.162275018541152 82.2151458362276 7.350806342304665
1280 21.1651410083692 50.45047361495744 32.7478541551566 7.350380938957477
1281 67.60447402106541 -2.8562551119881507 49.134286836802815 7.349559631161183
1282 -77.57541891207597 13.324150555586247 20.312550277543057 7.34922920784718
1283 34.00511952630577 56.90504591253337 89.47305748112677 7.348411170574711
1284 53.24770714518166 30.095698866116173 40.7478390955037 7.34666887070833
1285 -73.50999276344464 4.530713887406209 116.45586694909633 7.344425062380217
1286 48.24622649509506 -12.961711426986195 16.623617294115625 7.343737415350669
1287 16.541566966552594 -20.650958307666162 264.90915110631556 7.342255547528355
1288 -28.771994703706923 -53.30605829530124 133.6819046760466 7.341952814499394
1289 0.6846896503318047 -19.156471185673112 104.82160641290196 7.337730066340425
1290 42.76959959001022 -57.39189201992099 89.95454052480446 7.337610706295038
1291 5.837239436508265 -7.245544171816165 27.980191471192775 7.335910048436829
1292 -15.092935425431634 58.51276025805687 150.48589859999862 7.333120937044826
1293 33.76014434010515 -10.248095748621544 263.2742830150924 7.332554652880619
1294 -11.805745138858306 -28.949156650157814 78.01013902050323 7.329750015603517
1295 -15.196748627727743 8.090143210040836 244.90207598560147 7.3275800866394905
1296 20.990636160428203 -53.61276757710905 98.56282255788625 7.326728271410971
1297 -45.84022860319695 26.280173147858456 45.8178613382447 7.326571599586378
1298 -1.9868897896019462 52.201560591268816 83.37212182509592 7.325247034550667
1299 59.96865025537455 -3.0146774026980605 180.72087316557526 7.324126035949442
1300 -69.11598255226457 23.14842938638288 123.15012731431553 7.323954440432972
1301 33.42428831414612 38.58843443632041 206.86555097506084 7.323344537638718
1302 -68.54768335740972 32.39271250592856 61.00203206093708 7.320927256976734
1303 27.058539358332908 -41.47329974098471 158.25817688251593 7.320862874612997
1304 73.5961609087035 16.03415577483851 30.873598532165953 7.320644533442011
1305 -42.54968142974307 -33.93638725871182 60.159281966953046 7.318925710260117
1306 -23.602203584369107 -2.0668332655750596 272.189592981681 7.316471821366083
1307 66.50096212396255 -21.267159711875877 38.380624617545855 7.31506753751202
1308 62.16775045014252 11.945898524249221 39.3442467527193 7.314543788015509
1309 -36.675821383721 71.72775171306276 57.44215051935348 7.313169929064124
1310 -86.26682216975975 19.902142431786185 26.15080855656059 7.313009853564534
1311 -57.821051436955685 8.329305770567291 208.25239507420213 7.311455158471848
1312 -62.214214837962565 -42.55533243343516 23.737471553747074 7.309613745322161
1313 68.01552911608157 24.20638504452836 15.665868441763664 7.3091965748918275
1314 11.334042521095668 15.962919979231968 261.4321292991654 7.304239803713565
1315 78.49220468419227 -41.9462302407738 5.42207440927524 7.303504624398877
1316 -28.208776915109638 -67.359764993628 12.659945036078817 7.303145774065266
1317 47.600103676037065 72.8124981169892 32.910208590469395 7.299531835209963
1318 12.72776095711153 -24.100220880998847 276.79509715650033 7.295374260523014
1319 -28.207477432430316 65.92435533538462 46.816825812849764 7.290840434252713
1320 -34.05019698323066 4.043624504963425 39.447956868708914 7.289082743541023
1321 23.012023879265755 -29.867437115116182 90.36219757432292 7.2887483204776595
1322 -32.06622330658886 43.13083158737665 70.39029304331176 7.288302788893431
1323 35.00276069919488 -50.65242848225928 8.00766982536112 7.288277593893263
1324 -35.36594459384688 -4.3618246432417305 70.039446003496 7.284718960869371
1325 -28.206193077116385 -30.487782618588795 9.166361599525553 7.282326334446819
1326 -15.684096764725384 6.785443323618781 18.83011044009206 7.2807756435766855
1327 -5.301967464995796 48.2588527622461 77.41246688777545 7.279517433538349
1328 12.450347670340747 45.27218849759196 124.05676109434171 7.278554917872335
1329 -56.97172969069919 -49.5828283917761 7.794039980472873 7.275824036638335
1330 -31.987188965304725 58.94397525563612 10.643941310558505 7.275371054331517
1331 -27.55635229294126 0.38205089286590166 142.46121702314872 7.274058048244854
1332 -27.210213842746874 -38.729036172281084 280.2556671480959 7.273484274997251
1333 30.94405771758274 -33.67412235264298 270.9587304695555 7.272177494879559
1334 -12.670124521078495 -14.66898772354444 140.88475072613357 7.26953557525357
1335 -39.52622961828544 -29.918320061654672 52.30338293538513 7.2692850638993525
1336 67.99190770314225 -4.170137551038499 159.2160531026341 7.268055314713248
1337 13.77900129495769 -70.68487942420354 80.27513334379584 7.2675925095459
1338 21.882618648635663 -53.532411504636976 6.353419364366239 7.266758199358877
1339 -28.23481938859641 46.020104356076295 90.78157056054532 7.2663079563812545
1340 64.69636096537596 -46.736521500453996 68.64095245824215 7.26481437960146
1341 2.6927395088247006 21.654448691264427 214.94470685446055 7.26456026587317
1342 42.30827898537275 -11.796106671694353 82.72597470441006 7.262812905158347
1343 41.14326544266933 -37.46387955170912 201.8490450263346 7.262701178141766
1344 -9.098355503902374 61.03960836506585 190.2001764008965 7.262501260044885
1345 30.40087494256854 41.923837090930384 140.45805545989614 7.260667655923729
1346 -42.12593685142103 28.695664416065163 177.61192020427464 7.2594867124553195
1347 24.96581035091196 11.583045099967691 247.2391723923796 7.2584826732386745
1348 39.223296569947394 36.22912694412502 111.78552167403375 7.256672676281015
1349 -29.982436155147795 23.468834360142328 98.87425297958161 7.254132359647397
1350 34.341834073280864 7.3665329633066285 148.26540417460274 7.253656334149337
1351 21.425646874613278 31.73672487192518 28.814015804782763 7.253370050253016
1352 -25.11537751761215 26.638529692595593 67.88612204760108 7.250247507507307
1353 -37.766211854744725 -50.813869490609235 38.42017675430991 7.247387752072132
1354 -55.18108197125761 15.467405836022111 212.34754453839037 7.245759316246927
1355 -28.01206377086998 47.255802532996114 153.84392568686667 7.2453644486278135
1356 -40.222813644093584 -29.79005858857305 159.9216916901607 7.245029471732486
1357 51.81278663330097 20.90818633337129 7.356763330258299 7.244979731881118
1358 -21.07436497546912 -15.198961243489556 250.9399675199255 7.243798393894539
1359 -24.853881954178902 40.559612396356435 272.03349578592884 7.242405742690632
1360 -8.926837737552441 56.944929463084314 94.24214504454233 7.240510879185703
1361 10.297649401668894 -85.95588395288092 26.262270440506008 7.239852271672651
1362 28.734379432015977 -8.177414888085075 255.6166544422133 7.238342301094827
1363 -70.16858781643509 8.236120692710156 49.7854773495017 7.238283277057173
1364 -14.478754786460872 39.11361412452022 178.64520747405655 7.234469591200687
1365 9.376822352415418 -30.244794666669826 139.2751664952939 7.234093197920188
1366 -31.543433804633192 -72.94982005450863 84.06087381336785 7.23296202163651
1367 -22.317428748540163 25.660153086481337 281.2089224301348 7.232435697033783
1368 31.06272657543542 37.108207777718256 26.246253474841808 7.232341598327591
1369 -30.13004615329347 -2.3864428604248813 250.52904789198797 7.231847251971689
1370 -19.065004656436226 3.6719943729240203 55.943772779446405 7.231098148114085
1371 25.525296869440545 16.1766963069188 164.52526394168805 7.226679530470884
1372 10.174614505553377 -74.16679579848625 53.68040447075321 7.226329804767005
1373 -25.55593106261684 21.411218342522776 45.59522194782855 7.225657908161579
1374 -70.12791213595214 -44.52277529233926 61.95917976526139 7.225567535996786
1375 14.089511210898802 -75.43723979223222 27.602600370172766 7.225335012603816
1376 17.44285723512517 -29.240616195078985 78.85306600295218 7.225284101133202
1377 -32.55095359970004 31.6712835060088 276.4112541594785 7.22481861435481
1378 -62.61690698248901 -4.659845482939543 80.42206217344845 7.224586061998719
1379 -14.669645641381926 -54.73275852953703 219.5213891176799 7.223033407525587
1380 1.2217667468766678 -39.06286305551211 14.843900552454656 7.2215190133819025
1381 -80.73192947168454 -22.537237576625916 45.79525976080636 7.221029752593031
1382 24.759195169073216 -77.89656237736486 34.43641035677545 7.221018513801444
1383 -39.34966180789818 -14.299731857248432 9.019675849711986 7.220028061539025
1384 17.182528848506337 -49.75266264727104 153.74807868375902 7.219225195180216
1385 -74.93570922842684 21.580831459533936 92.02687690813525 7.218477499211856
1386 8.869908132466207 -20.489332557798658 11.793748433098152 7.218270517348194
1387 25.202112245864686 11.590577704442488 259.91356951222616 7.217485854563125
1388 -58.61066103224172 -23.27405548868343 31.513677724933565 7.216811464415638
1389 -11.919090433848623 31.54042778960358 284.10563050498297 7.216677122228314
1390 9.505580146824759 44.323785430678164 77.77399649698961 7.215990497979218
1391 -45.049061071626795 26.350588955328536 23.846823463309683 7.215490808757386
1392 -0.717139623252927 63.187290504528626 32.762167023121016 7.215349579822802
1393 59.52862567748854 -41.69565168920371 113.16496123654697 7.214539441623604
1394 47.21705731707572 57.991149783087366 96.22264212644735 7.21429453319813
1395 -24.41013807058917 30.32510599430715 44.73616471684028 7.212679126817455
1396 -43.686155415479845 66.82077849843152 8.524632502926519 7.212564619839101
1397 -41.27982795049594 41.98962185164558 179.84911540485928 7.212438116694477
1398 47.89839725244489 -55.46694488849745 77.95052551268978 7.211508682016854
1399 34.172559932916194 -40.02046507098837 125.06278953895237 7.210550210700725
1400 5.203252029608324 44.950986424766626 98.56579373988676 7.210025784807089
1401 -50.50872414192099 -7.296996033027193 66.43014925497037 7.208689280010933
1402 3.9740562126718104 -40.686006753318125 130.78749656505062 7.207053009179488
1403 -10.282242947777206 72.39722820745021 118.08842031962031 7.205850298135694
1404 56.36353015712551 39.536144505530125 106.46427542756851 7.205764862505398
1405 -22.73780917023586 48.17070030248511 234.50568488224766 7.205011051432104
1406 80.04289939032243 46.284533411627294 7.905701545860026 7.203134578726978
1407 21.35181883352458 24.316424356174604 33.30873261717401 7.200166722756243
1408 -32.84806061525844 5.186549924268826 156.46961239263362 7.199506619842955
1409 19.0961868227764 -33.01858282259639 18.627403573558574 7.199062339310675
1410 -31.182221531840167 -60.263651468206874 125.3920451972593 7.1988405007262335
1411 -9.76574810986117 17.631599419542045 107.22205620039529 7.197628206368441
1412 39.66591204941655 -18.854933137843368 81.80017437676486 7.196020593954147
1413 -59.25066775533845 -66.84793432235462 21.965477192247786 7.193282565724313
1414 -22.433641603375307 16.175699684586 11.101702448610935 7.192158339469693
1415 -27.720564039981333 -5.384155862681359 121.11451670929158 7.190057092289966
1416 40.12255618542983 32.139313538019366 94.50740830675944 7.188856921256107
1417 40.99447007172704 10.000576383322723 283.360819114141 7.188497586385085
1418 -3.222964125414037 34.03117362856824 172.30182832864674 7.188367813335695
1419 -35.082432810902354 18.943655789883 168.1733945673606 7.184766991674878
1420 -61.0430252728501 20.62258870884449 159.13161085426566 7.183419528722974
1421 -9.90748947706205 -58.70368280988945 50.676678030443014 7.18312986035666
1422 44.55009677696313 -38.95956838090547 65.44539810604407 7.182918309516811
1423 19.03382408792548 -3.1186139676086713 180.6976288543357 7.181483843111504
1424 2.7378945405137074 -32.73111297285211 268.8320484381052 7.1800680215935495
1425 -66.94614490649376 14.792572787827705 129.79531438210228 7.17982813144801
1426 -76.5673681989977 29.332695517195194 70.17891670464662 7.179369649993279
1427 -4.294467678207267 83.15220463199454 53.328731699179535 7.178466658480068
1428 -53.076273356881885 27.426092494889154 112.5181930448762 7.178011611677512
1429 27.64523623875417 4.973303840371642 257.82323183742903 7.17790833867983
1430 -39.57761097465457 -8.892045097078912 203.17052766547067 7.176950963383526
1431 -0.6740081052662599 38.45385071110221 207.66906569806264 7.175867613518357
1432 -83.64880903488529 17.815963607660343 33.512522725741476 7.175229035604673
1433 16.871787578575965 -62.28608078224548 32.45159276712266 7.172104458420026
1434 21.854034770485065 -30.95448861974552 189.48571132507018 7.172099689992171
1435 -11.266641441636539 -27.532789779400485 99.55317419829774 7.168966038547878
1436 18.39358078396294 24.905943015997394 41.41996050026827 7.166343247148359
1437 24.023664024265944 52.350702622676216 114.25205683001346 7.161669055211095
1438 41.74139865871171 54.00420802784356 46.86615933090184 7.16141725267187
1439 17.356045592125007 -42.12079704265986 282.1859743583527 7.160706229670211
1440 21.886371816001027 44.43578868154958 259.20182155337056 7.16050838613985
1441 -6.105353523337019 30.613989020789724 292.48691898742464 7.15994948455667
1442 -22.011639767842183 56.01675206421547 186.04441584862568 7.15994868082255
1443 -43.18577400875589 38.34117839947922 100.30041803982358 7.159631866668356
1444 5.2954597715660485 -28.51186223446792 9.72168156255037 7.156709634747914
1445 -2.278064816871062 12.474791260055493 95.54197732892877 7.153427567131238
1446 -44.62136360855061 22.88328689777686 224.85008958251302 7.152648713346533
1447 43.24172338001818 -71.72601596650658 29.12135710828222 7.152085582690434
1448 52.97552745840807 19.88945876560451 201.3329793140569 7.1518751519566335
1449 -50.261658601184436 -58.8333487940839 8.067869608297187 7.150231390158255
1450 38.26066608475678 -12.442728415900419 108.9563661081131 7.148059184776092
1451 -62.49429158415519 26.501130241093627 73.41194741563108 7.141739608676245
1452 30.649751680687743 -56.67021082899566 34.430362786778616 7.141533870756316
1453 -12.457463282470943 -12.246693575786635 290.16990515013185 7.140914196720438
1454 -70.61490392349579 -2.501508666028503 119.84638799888737 7.139527397364525
1455 27.410647471198704 -20.505905272678625 287.84948752274676 7.13793061320229
1456 49.785144293250205 -5.631765087842984 112.21685665192786 7.137366414397648
1457 -15.292190381337775 35.019787680142095 107.0114386628464 7.13467207150922
1458 -82.32310359556169 34.196238364949586 25.537722329011252 7.134294651523495
1459 -13.01074686184441 39.68941058321526 6.487007465244229 7.133235713286226
1460 -9.467961024925666 25.206831399381414 224.46491642251542 7.132887501344837
1461 -5.181581431467137 4.057512697880685 85.95646466245493 7.131757432916116
1462 30.386731405251965 -40.93294349108157 178.7828773661527 7.1305780160759
1463 -39.673743859832385 -18.995339403109476 14.820306619508274 7.129292309892445
1464 58.29959437971495 -24.41941120090155 47.337289668492176 7.128360755465532
1465 -64.7245450759673 -53.57242611057874 42.11995302440762 7.125805559283066
1466 6.022574226291249 -8.047706307490802 8.712270733774531 7.125297898596483
1467 36.775682417555515 -21.96941132779401 288.72713874061236 7.124888622241188
1468 -62.769115351471775 -0.31470925385304227 134.68069861979578 7.124614961037892
1469 -49.319485575223936 -46.68817293916753 93.78784379907344 7.124483548964755
1470 26.535186066826796 -59.673015022214706 119.57815017670595 7.1217506320966075
1471 -8.943760703035904 -0.5335513258710414 163.8682180822094 7.117314395150956
1472 30.821678610090338 -19.091374621825004 135.56220570103216 7.116452383094845
1473 67.73780381483792 -11.498039016704151 146.40107157138112 7.116327017725923
1474 46.01558226706464 -45.5017580333818 50.54174355062352 7.113437922822076
1475 18.074744749844836 57.255750447891735 54.36653410956883 7.112462196135852
1476 6.708940524879628 88.79482429409303 23.13949741134907 7.112279920982148
1477 -7.381694520850903 -13.824523156978449 195.54100046881467 7.111230265287585
1478 67.67066326783471 34.422296506250674 53.814075410957635 7.110447374391279
1479 5.7582888179047735 -80.89061277301883 62.97650768102105 7.11005659071783
1480 16.35415098266634 -50.060921530958616 84.01396829646747 7.109215725076535
1481 -65.45400227787808 28.18876213810269 108.42853344577887 7.109020869878195
1482 54.22615691207762 -58.62639472131044 73.77889596533373 7.108119688175201
1483 3.271357290847058 -51.99801040255992 47.87799264776873 7.1065205979307855
1484 7.909806122892049 -36.69623771236725 192.17148335582155 7.105836840417842
1485 38.27390133157192 50.71760545068205 30.626419043843605 7.105157935130139
1486 -60.00971345918082 -21.36485847230786 114.59965203608344 7.104961238818684
1487 -11.20714201126508 -64.44142487250308 36.33568321204821 7.10458614497165
1488 68.32972988373999 3.1325746337877414 98.32828779892466 7.102332437444386
1489 -25.128667747061552 -52.58917025594878 166.1194258744563 7.09862878099536
1490 -41.400282481137516 69.15181023895487 28.05852321085766 7.098370286797435
1491 -5.874514294517592 58.94530585536403 117.95549245887605 7.096329729529528
1492 -46.82069762537564 -37.8192387544396 127.42076107816528 7.094572547633383
1493 6.968735517859127 -53.18320783550448 34.136839839995034 7.094479641289732
1494 43.61888664242896 39.64983531038223 196.3437708749108 7.089848783891677
1495 -11.07963907489474 -23.744099255453683 43.70344883502864 7.08984122303732
1496 -9.778453345902605 55.65643995561545 49.932037079850446 7.089503703455343
1497 -10.396230993145618 68.34920271230698 29.84704814557025 7.08801476484954
1498 -24.75129288333494 -41.005731467491515 180.9168601770765 7.086745658033557
1499 26.694839005489065 -19.562585576882654 103.4341562250682 7.085650940377832
1500 20.77076444141155 -64.94270450074202 74.93495883782663 7.082452051537077
1501 14.848329325595955 -63.60231381071595 170.3026322553269 7.081484489891704
1502 10.517653020825962 62.90919760756079 183.99080256288028 7.080904305246588
1503 44.236063284981974 -1.692134878073538 229.20710045157134 7.079608729833256
1504 29.24372111946687 8.611869722716715 225.90403813990264 7.079382709664018
1505 22.80413779269158 -37.8711974977507 109.99978573628832 7.078509207038165
1506 -14.780044983724846 -84.6274822904393 14.136225873977837 7.0770283855091085
1507 50.52810615450495 15.674885262686647 14.95960126970567 7.076330514998514
1508 32.22966970791671 47.04361570963957 42.9604933352291 7.076293278568225
1509 39.500424408298564 18.582711084708567 33.33761619577156 7.07490837980184
1510 -23.49714149036027 -86.22937445643481 17.885816007995967 7.073127727503536
1511 -50.06409747251189 23.285798057380774 137.45714088507523 7.073070500487103
1512 23.067747072474084 45.103992276909956 62.841174185329336 7.071508652167893
1513 34.99833124651632 -5.224134952459108 51.83072071593029 7.070994247030357
1514 -51.44258103474974 13.951671045360653 139.0635386454091 7.068887764602939
1515 -15.647318403302243 15.562599361912532 120.56402139382767 7.068392807262636
1516 -23.701123892949514 -52.8979121577366 173.53722187206188 7.0650485343743465
1517 3.1777377111025427 80.95199695745164 60.63261565161706 7.063956956857148
1518 30.462427886823225 28.728733687439423 136.5132699578362 7.0613473393036585
1519 0.36692746410864086 6.078520168550903 218.522490954585 7.059738797603843
1520 -4.167278352221903 56.37139902058749 132.62299200106622 7.0590360301414625
1521 7.039399022261392 -69.14860712615533 36.07540877366963 7.059014998490385
1522 71.90518750913971 36.95971908384905 30.117803208929068 7.059010415214296
1523 -47.408876659721734 -26.88027900156073 72.82551994669448 7.05714373561968
1524 56.87635288577208 -37.81975942013489 64.50084400385694 7.055842254964936
1525 19.280044932152364 53.7677145664691 203.1630632323179 7.055766684103377
1526 31.2886145645314 16.33796578319535 82.33929825015299 7.055370203998493
1527 -86.17270828233926 13.145620499067787 13.807726319067722 7.0544783064230545
1528 -1.0508803679245835 87.72594599211722 24.282369939744136 7.053196708215708
1529 16.961661646709512 33.51567808781066 135.53172244444744 7.052942905078201
1530 -48.57249761268727 -19.82795623876971 34.02468128586342 7.052713083158383
1531 61.49383832795575 25.32556096087315 61.86211585098226 7.052317054578089
1532 14.489200782625126 75.64094081153175 20.465495114629984 7.0506456997474745
1533 36.983042973752035 -6.9794032047183 63.06713812726756 7.048558614657585
1534 -57.498178752972194 -43.03011655382991 121.63860981083027 7.048347121877978
1535 -2.1812858598331415 -23.12900176671742 238.2521928861851 7.047717567636116
1536 9.084677809058268 -21.07330580241702 237.73788153505868 7.044912429902253
1537 63.75603792959147 35.93673911876062 86.1801804365395 7.044778871892866
1538 1.8182965280836507 -61.254144939310464 121.49913618465158 7.04427349893578
1539 66.25858428332248 -46.53030151307775 52.7352792281829 7.042244392741584
1540 -74.71711092216508 -21.549956673103917 82.63727823624859 7.0398649385997105
1541 -24.339126895871328 -23.6734393469913 269.5377929414497 7.039829638785959
1542 -29.007822885466027 22.998012289502313 187.14306012503573 7.039744074955222
1543 64.23251987589984 -0.992664888064875 168.64067117493812 7.03803273850623
1544 56.568577399343944 8.436375754879512 208.89408841918828 7.036773669584303
1545 -4.8428232268391245 -30.96872876703751 253.83779493035453 7.0367183345127815
1546 44.76871087498672 12.682467875104185 274.8801266933925 7.036688945213967
1547 -8.608701271143572 51.899734789264095 119.57060540256629 7.036230107913618
1548 -25.378165749848538 31.8269890416602 193.72024017489156 7.0354034455614025
1549 -68.68912031089526 -40.11281876358332 74.45983762593126 7.034455141180795
1550 31.415106947902462 -17.875741801441684 95.69808689656587 7.034272148138055
1551 -7.389106147160709 50.90797032048997 156.85231195219177 7.033338515697901
1552 -14.47181021550766 54.35901958742103 168.08579593835807 7.0328747948891
1553 17.502753779708137 -80.54450076052277 60.04962964783926 7.027737299679881
1554 -61.8078587327778 27.02250046520736 148.1691677720979 7.02744769477456
1555 75.70716594045564 10.70264405709074 8.7072989537423 7.027155015119195
1556 61.49281642454987 -37.78781608727485 14.208915102674757 7.024587396965862
1557 -34.815305144976975 14.815254828064173 92.28687902346834 7.023412700585482
1558 50.74448045902485 -12.618909793180519 117.89721413471621 7.023380744919838
1559 -53.05030871112003 -34.04091605404179 101.27302268394816 7.022135980634775
1560 -4.441206897411268 -4.286322861229033 283.08334256735617 7.0209249173842725
1561 -20.105136828802713 7.429448372338415 80.01746594521931 7.019246769790706
1562 66.94672022064763 4.498402366625353 125.27026381952604 7.018891272375426
1563 60.85298588056894 12.424133860886524 187.6488094038436 7.016890976198503
1564 -37.696457373913155 66.66914937679934 101.45256207600293 7.01633771191603
1565 12.055797953736526 -14.92324070561131 69.34696478600004 7.0136365467790265
1566 25.811866623426294 40.24682881282674 93.30411298313436 7.012312512741563
1567 -14.194532089754242 55.97452904131434 134.73211671065823 7.010837704319891
1568 57.66777189706669 41.3314340454319 80.95257933704107 7.009394701178574
1569 -72.5376760420581 -10.235174989813423 56.346152735203674 7.009243178364001
1570 -4.481822115567281 63.071743190760955 164.00031515767733 7.008857492575231
1571 -2.8647592971070663 64.04516784364301 21.43894625556382 7.007678891340257
1572 2.8461810666324054 -2.179014353998876 13.613824061272476 7.0069815022081094
1573 77.63755680087303 -43.98592175003734 16.716310543593792 7.006578947541159
1574 -17.8237828208594 -57.78254195638338 178.55214075193155 7.006195467203591
1575 8.43452425014312 27.798237758510176 182.89003960154514 7.006035233152291
1576 22.740043913460315 18.68790898934083 24.889662497240558 7.003052100119435
1577 -21.286664236047528 31.220977097283548 268.76269853810373 7.001624563716283
1578 -64.53398082326704 23.30510870669007 51.94361640169951 7.000606378493504
1579 -25.613367665430793 -37.53707885500769 119.3884928171714 6.998899845024988
1580 -31.405541278003145 -33.492582712879084 188.37411809215087 6.996878126581681
1581 42.86849310611628 14.766339157358535 97.33802512725593 6.993250229307348
1582 -14.539066897821439 -26.55155814549596 244.5980324622997 6.993249115114162
1583 -5.4519701609372255 -0.5776047126408779 123.23392531398903 6.992765253703843
1584 70.65455091287507 -28.808548837449596 95.87382937825538 6.992491657078489
1585 9.499798873205545 -66.43551232041652 49.50851122700141 6.990203213027971
1586 -15.85590319370571 6.8784278036295134 30.42776496453921 6.989600621903154
1587 20.220710874299343 17.66787996092143 261.28481320294503 6.98952348490725
1588 40.60726118436826 75.71899646317225 8.104309545852654 6.988839875996444
1589 8.845756797756854 -40.28068109415622 292.0016425682473 6.987681694589853
1590 -43.198142726091646 -17.54805263848244 257.44715730591963 6.986887352250422
1591 -51.088854992399284 11.242168249043361 6.997351064880952 6.986811447818415
1592 -38.61923109377079 5.219180596176766 136.9960192749511 6.98645491235414
1593 -36.25084051806168 -62.02810770308377 17.4231500589699 6.985474515864542
1594 -12.51408685587408 19.42413274153328 130.21143696383243 6.98153984426794
1595 -32.03673063777344 43.01738432978393 175.46350657335392 6.980306175727651
1596 57.409056900226325 2.672346135287638 159.342808382637 6.978558949850587
1597 -40.06841884457513 -16.809676132961723 218.65468749222077 6.978117925333141
1598 25.091863704512058 41.02507498423359 6.437908076581093 6.977801294182583
1599 -11.505290892358317 -27.769671973239547 160.02692799859108 6.975583247635355
1600 -7.1612313732436155 54.56274095188582 227.99764333818902 6.973630779672283
1601 24.931613840230586 -10.476689166060487 17.133856133452117 6.97255491151302
1602 5.689141679826591 -48.05024648700253 145.7392115475184 6.969966749057303
1603 18.985130474634023 67.57117805105139 97.61543459763546 6.968571268523087
1604 -24.871193786205044 68.33727306232926 11.226396512713691 6.968319569662351
1605 -34.11732047990965 -83.91575390156241 19.321019892232044 6.96548965418131
1606 8.685506134619434 -14.107754992294872 128.9898911916437 6.965051410948586
1607 -29.67195006605262 -31.737656139574277 256.5303578831454 6.964318138612088
1608 39.986263848953875 70.43713547739277 53.292023522024444 6.963232313019607
1609 27.786028553957216 29.820565072916903 129.24914208143701 6.962937084153841
1610 -1.7776418480146683 21.7247567115364 24.17013749870793 6.9627237723049245
1611 3.4255715929427017 3.115695991725346 71.30679711762919 6.961478729319621
1612 41.73912718641446 15.173346859888092 177.27127608216514 6.960826525999297
1613 58.54828419066117 -23.039507928176178 61.74935491041662 6.960603681809393
1614 15.714580759606644 -81.30424781021702 6.698372005281848 6.9591401408558955
1615 65.91545136331727 -25.483848240717126 15.539262574224825 6.95892313697327
1616 29.408302129785955 45.29468651364272 33.246965153477106 6.9557137019702955
1617 31.90819369002402 -64.1182122902551 89.09323464848987 6.9555317952648155
1618 34.12696939663806 -40.0548332735991 6.9558258045535775 6.953861911583148
1619 26.570273028524092 -39.99697933592401 235.4621306304596 6.953828000264906
1620 -0.6122228935053631 -48.663438802487626 256.0872953976567 6.951116457927936
1621 -63.34767660705484 -55.380336475667846 53.389523711025205 6.950958861357664
1622 48.10352764350466 7.661005083939899 62.968778642329056 6.950260381364226
1623 61.1178154850072 49.66921427033779 77.55832020527666 6.9499823195775825
1624 19.941270868126452 33.85857404835767 210.09734223258158 6.949858329088591
1625 -67.50253988518584 27.637264927349296 115.5973728174669 6.94742443042614
1626 -3.8784489475870156 65.88850489633985 135.43884554345914 6.94463611524559
1627 76.18305100616601 36.65898614882676 41.31020641339707 6.939428130687906
1628 0.2674067348452045 51.80811042950265 202.64690062279573 6.939000220426621
1629 -24.968919583721863 46.91757970449234 27.844063527918838 6.938641683448324
1630 -42.78341206054235 29.294397846509245 254.23557461888285 6.9380608106455
1631 -48.67804048263544 37.9108112250206 67.42915536708237 6.938032150897946
1632 -10.232587761020735 6.7248773657373455 164.09116926928746 6.937960845941067
1633 -17.393388023531966 -40.73862040259729 198.4030053325584 6.937473894592547
1634 -33.319365250522544 8.068180289516745 187.44408927574534 6.935556020668452
1635 -59.21976664823427 35.1219542572778 123.11556273536809 6.933405691340107
1636 -8.905469869730073 -34.48319015801538 287.4129385181031 6.932124461621459
1637 -42.49273076510659 10.270210491200318 82.11890849850553 6.931338142493326
1638 -10.363200163158536 -59.937452425720664 124.72827918859302 6.930288084854164
1639 5.514329445347139 -75.77850199586733 68.90249091065931 6.927721902408473
1640 -19.8253851668056 29.67572359827786 106.37031392678284 6.92634534333997
1641 -15.424344336699871 87.48391794414532 27.643776763018884 6.926150861372259
1642 -61.90892045066333 49.785652659994874 88.40046170739154 6.924412452676219
1643 79.79579346872968 -27.057476652154886 51.629593501008735 6.924275458789775
1644 -92.12419826791957 12.171241799832195 6.4386847646729475 6.922238019780659
1645 -23.397598838559475 7.2847806430671165 11.278445895401104 6.921209277951937
1646 -3.953204679360969 35.89095183432152 197.33179248193994 6.920593445409601
1647 -59.98756497668193 -58.89717571788536 40.90934336512728 6.917662980758029
1648 75.04535250736735 26.920793909559006 84.8321749363415 6.916468113056061
1649 11.568748719643784 -23.572707639985744 20.536035686011562 6.916041111248443
1650 28.83994691392133 -52.631034753508615 196.30971308762037 6.914163245174626
1651 4.433199770885258 59.27342659292138 153.03708987421652 6.913016899449675
1652 -54.92230012919847 18.522061868019534 84.40702322175098 6.912991572773656
1653 1.0358904862093454 -71.44605269976267 43.929893776029004 6.912244150497935
1654 16.34766995456625 -22.78672267181658 166.86529072172755 6.911495025413408
1655 -15.319303608807775 -34.157509308868654 85.57216839946314 6.9110682164496815
1656 -12.486332189259645 35.971976345643085 231.10429079424506 6.910198646645437
1657 54.88320003400299 14.222334725071716 164.9844975604678 6.910003218482812
1658 -37.992471717448794 -22.619499443988524 226.6272459558965 6.909889010480575
1659 31.331584696223526 -48.03078430268024 187.63981319328994 6.9080875765243155
1660 68.8471115669329 -23.046530837786175 48.97622186763006 6.9070549622539374
1661 41.805535935886795 -14.46565235030656 262.23744483253114 6.906675848637144
1662 -35.98390649674709 37.74412980735469 185.89196603561314 6.905817112477709
1663 12.480866804401957 9.444764671281291 187.8345883309087 6.905130126353822
1664 24.624515075816056 24.91275481348353 226.36637928604978 6.904593488898333
1665 5.547941117513577 7.410957090267141 292.5652554950529 6.903222472826123
1666 -52.344780898713736 -10.339553658773136 5.829881945608761 6.897979023212501
1667 37.029222390575654 -29.96596753453152 80.13922511331174 6.8977138338820865
1668 -61.744762434820885 -2.9833254622913907 27.7978486148274 6.896386944773613
1669 -4.0560486316121755 2.2008334854728453 196.97607081096993 6.894472017415585
1670 90.30353605715104 -15.046803051799055 13.460342268545567 6.8938125021303565
1671 -72.88568592675746 -26.718589376330662 25.880085447257688 6.89367527501687
1672 40.32719272440081 -62.53166619515817 58.05102246444628 6.893620466657322
1673 17.39723536372199 -0.19527405495319727 132.37767003736658 6.893129083792252
1674 -14.506319033762237 -59.80084935053617 169.28712742968725 6.890501876412525
1675 -38.4404939989683 -46.07394423347335 125.4831916700901 6.888999070080468
1676 80.71693793998864 -11.12615838676083 41.23058529013324 6.88865164537768
1677 -49.251250807746246 71.68633387377143 42.05940953662535 6.887945116907426
1678 -38.415694686848695 -40.290361556443166 189.24031027520576 6.887777406668256
1679 32.89022640444142 -45.780314681541896 155.52022426915713 6.883372598653455
1680 65.80463983122678 39.75437861617071 64.0257643958072 6.8833151048361705
1681 11.273407936777122 -44.605554263157586 121.92727809511833 6.883300245982999
1682 -21.053558631805856 69.17762761499 38.987356576262485 6.883051412618421
1683 -32.09831492392491 -27.886276523765556 247.97417927313268 6.882325494425858
1684 14.486854890890694 6.375329788574895 208.95124996855185 6.882146509110598
1685 19.313531676558892 -34.32939014377278 62.16563774861723 6.879827877415767
1686 35.69211639332917 74.32899289675701 21.543931601001017 6.87924285391167
1687 -69.84210838306379 53.91537456472109 34.90109311295424 6.877048253004179
1688 30.82179078556611 6.802054404418321 175.37549332776285 6.87636464946355
1689 56.87036644827987 4.132435514449836 95.54674113343785 6.875959502656084
1690 15.141101955923691 68.11278761565663 33.3702535231303 6.875793734830234
1691 73.8120935445796 -8.570245452392594 53.271072077903725 6.875079171073177
1692 -4.271163306578528 -72.024058177083 112.68211073362785 6.873417715082606
1693 26.500166928982438 -70.21244802584849 34.52371766085657 6.872122951463453
1694 33.75762175463751 7.932487554597514 236.64351779841215 6.872119981639311
1695 11.439125499428961 0.5669561833630841 204.0882987598053 6.871182818609388
1696 -1.4210387679255518 -54.60676102251145 7.3255779035952715 6.869574930860426
1697 -5.4540123197008885 -53.617490817521656 238.19397322257217 6.86879524414015
1698 38.073178841830234 50.530748039236904 121.4445858012912 6.866074866299046
1699 -23.451512268778 72.53919257432585 107.15135361395161 6.865965553313117
1700 13.948314665035863 -35.39775379508184 81.12289750724624 6.863898784396144
1701 -34.51077980268714 -7.184136762800184 82.32207168939557 6.863438202994946
1702 54.24817218744855 0.07455292778967681 19.322853951145767 6.862713923961261
1703 51.215733576430026 22.117843240039605 104.2588145229061 6.862102645509646
1704 50.88714557628567 -73.13206020911784 24.68307119289973 6.8619130649521285
1705 -42.281755711012636 9.068267964560114 113.24722027431692 6.861596655134939
1706 70.3588064135353 -59.676301515044265 11.172518854554914 6.860327681313384
1707 -25.72958078936344 -49.193919744223166 155.76630730008623 6.860243881586253
1708 22.925992840977507 -17.786035177860462 217.50504014936664 6.859727657195233
1709 29.769108526406974 30.62698704534085 210.4295876165102 6.85418179613091
1710 22.263459714143266 -14.580601512036088 6.361072132732804 6.852440853665694
1711 52.53030843338133 26.51005899100985 24.489503345229316 6.85008717777933
1712 -53.07606591327752 27.17897549773995 120.28163373993938 6.850024677021871
1713 22.46200806431064 -44.89926822048278 53.740503320928944 6.8488427019863884
1714 -36.39631714857917 18.66043799967477 261.15894543427436 6.848820827892387
1715 -22.96278048433577 -48.21265376066512 209.13377286920743 6.847755538350439
1716 -18.45358623898547 -52.3704484553092 113.34462563379525 6.847341596373537
1717 10.875424036841737 -48.44144286617732 4.885995690473641 6.8472112295032685
1718 -77.29365986062292 11.679815554003696 11.939405560558493 6.846905020690288
1719 -35.840445402165805 19.815082958265627 52.003453466421334 6.846665847050319
1720 19.66207558691877 43.78847501176638 275.4650686579176 6.8439184350005
1721 21.551367366439017 73.74112260216693 59.89061638119586 6.843358756431338
1722 -20.839646689865575 47.821019982443566 42.10246842256906 6.842212203523329
1723 2.030970282026888 -48.91858349737099 116.41997258366928 6.842078170577515
1724 -1.0458517700776833 15.323410554996297 120.25481354144894 6.841472925080234
1725 12.250035153266767 -41.487700997393034 250.62155524661512 6.841164540572314
1726 15.615385044327724 7.946605357301475 49.92687045189038 6.840753532711097
1727 14.386296277739332 -32.67546104803566 197.7573478886316 6.839206393177934
1728 47.558961617052454 -71.78477362972501 12.865792788369523 6.835748099308287
1729 50.90390924058502 -13.081657404653619 143.77551092207017 6.835293425473182
1730 -64.31789067438507 -27.47792364767399 86.46581019705009 6.834886548313266
1731 -5.923734671910331 18.69627845680203 291.21025439152544 6.834707043507602
1732 3.7288458535823334 48.1777153256127 133.9132660694881 6.833311858031031
1733 12.805890896818507 32.30408977580311 287.6566750004062 6.8332905263296695
1734 14.402289483108984 22.36026470902102 178.02668399518592 6.8331617571065895
1735 42.063676629420875 9.328315521770682 131.5525653862928 6.832316134192307
1736 34.74818662339137 -40.428563534158904 207.02546121582702 6.831727474985315
1737 -31.545862300194393 -12.463737430281963 219.86598022150162 6.831617372795633
1738 -0.6769321219683038 -65.92023068359273 161.21955899227729 6.831283856970421
1739 0.5181981595482547 47.89266811794414 110.82113324991832 6.830221606357524
1740 24.024087411368367 -49.17335748006038 189.61124590868116 6.829978293177588
1741 37.12447713194978 -41.235409810629434 221.32774529322785 6.829506488594501
1742 4.1887695368716 -34.606975108296986 213.86118697976238 6.828589553106049
1743 -27.56484323397094 74.01522041735123 39.66611535719505 6.828263340165007
1744 -44.778871339846276 55.58912160738318 134.79886110403382 6.827486603743637
1745 -52.71282741057237 7.707946839547267 222.93298959052944 6.827453435741649
1746 -11.29969851865398 52.802035774703185 72.56878548269425 6.82582802228367
1747 50.475657871831004 54.68656109771641 103.71751965864662 6.8249868290688465
1748 5.425816127428302 15.928219655767359 187.70040427997824 6.824023501779671
1749 -21.463284376502383 -17.991966245605703 171.64275113933084 6.8223747135934465
1750 -7.909335115099889 -21.23438194933449 201.66454835337717 6.821026418939816
1751 30.781000356322476 22.649088737550166 197.96594682843713 6.819992879566328
1752 -35.68833913994213 -25.039544946408476 286.24053723775336 6.815465881879744
1753 54.8431282806947 30.911792640811186 182.99119919128947 6.814750065087276
1754 52.779959161278796 -29.72045748820531 128.78202655385581 6.8145502034836705
1755 -83.01422434406209 -10.285015651794277 34.294316661919034 6.814519600914373
1756 3.3074533228763574 -39.0080866053633 121.50502285421793 6.813908584558592
1757 -33.52547502766854 0.7399025071424479 221.88601734931189 6.8128135570780515
1758 18.985276449379924 84.15134226320752 36.948983576586485 6.812350950522975
1759 18.165386505526904 6.630020146252491 262.1248282566668 6.81161138012761
1760 20.862391380162684 -26.47380216925695 171.75179257483734 6.810981355757888
1761 -32.41790683235323 -46.11324584614974 55.50770606530378 6.810826427557641
1762 4.040125612907872 39.94645481832741 79.14036096242968 6.809494263526678
1763 -21.25520611589774 -19.79316085192372 137.91953633895878 6.809148142886617
1764 41.931304054104 58.48086495247026 12.152719432467972 6.808979977050972
1765 -89.51476667710966 -7.765810847014691 23.211402672533495 6.80815674176157
1766 49.56621474501379 -37.88001467141846 119.37033026151532 6.808104965694854
1767 -24.53570032771824 36.092977421540745 38.92098547264848 6.8065071726884465
1768 50.58423939152632 -12.968167556374587 155.4352033237249 6.8052353820072975
1769 -38.63892499278333 -14.436487168970414 83.45056214152744 6.803941009056812
1770 32.73328906571157 -2.6582987100936055 26.356971127105382 6.803874333044741
1771 -47.97422818839478 17.29095993393079 117.08181249700777 6.801886109356067
1772 -24.656304099870503 -82.77329871011518 23.842528585794405 6.8012884487431595
1773 -50.456707605195945 -4.555152746735751 11.665600896738537 6.800898575351638
1774 -6.920869338097539 13.418877587636892 84.8594712942263 6.800528608913378
1775 -38.75733372640719 -11.033961796109821 165.28239270516457 6.799946111882072
1776 -24.81979611190302 59.07573713648888 39.351237046549606 6.798489949755612
1777 16.939516710559026 35.71944260021927 101.68611085759532 6.798195949570646
1778 -4.982033594064667 -18.77707635020694 254.8947778000928 6.797184720626092
1779 9.723052017049305 67.24343188068796 136.40365480407226 6.795901134826882
1780 18.124675606706635 -0.44679454442790956 117.95177917505438 6.7956267269770345
1781 -42.854578258457856 -27.444735627222933 258.9280013576777 6.794217794739282
1782 -8.40600661761626 64.25838801865879 147.58804301566184 6.792956615519175
1783 15.406380956711502 2.13734232887429 70.68433164041599 6.791954813785763
1784 43.4293964077557 -15.073576015326596 66.24857571916007 6.791862995349588
1785 47.325446281344284 -19.49566071250034 39.93307395295267 6.79115902786016
1786 -45.43143527605754 25.847095513309952 71.76780232735643 6.790853328542827
1787 -60.64844930706795 -32.65730198583254 18.57519111239878 6.7904524387984955
1788 36.520676208268895 17.681694337873097 222.5708138835807 6.789624299192165
1789 38.237590215757756 28.55515734043641 276.24559933661857 6.7886275991464835
1790 -51.3162538547487 -50.14454892532163 62.39149738360714 6.787865593364493
1791 -24.573339966058576 64.31634679668812 75.28822605039393 6.7867844051209065
1792 31.573341645791036 31.863430238102467 67.32498996086485 6.783835709969353
1793 42.55096554701914 -23.32958265273124 163.424390047543 6.783528428227382
1794 -11.622289332236537 -27.22222168705581 168.50291480017464 6.783204014277262
1795 -50.470317236038106 -19.019419795140614 89.42192636270495 6.781331483458733
1796 43.048923836994916 63.138069754930406 68.92542694228018 6.781029306221021
1797 -4.2393459529086135 15.758371204156404 189.4849121881931 6.778044871283236
1798 -15.724517417114313 41.41549323285458 285.9672578550346 6.778027643333545
1799 -46.24521248132183 6.659907129688646 206.8842440303378 6.776991635959878
1800 12.673191946196958 38.14339009900813 129.0862592113908 6.776613004971863
1801 29.320793565495016 64.3031879870278 30.08040677657076 6.776538533463189
1802 -11.047083417345725 -78.33508344796452 93.89187742182219 6.77644680798706
1803 38.947363334206045 51.300370042033194 13.221044736457165 6.774779612528751
1804 -32.80429623872247 -32.79743941962904 17.77939860765984 6.774510881737359
1805 -23.40436376782017 38.8089017207812 17.217411464194146 6.773743815577612
1806 -59.927700604032964 -13.160782922070336 181.97718141278486 6.7731654002617425
1807 -49.94780711928879 71.74034944609662 19.097876423375467 6.7729822810606235
1808 -25.779242979904694 -36.32552973997734 192.90503989323298 6.77239260956139
1809 -53.58010211855786 -10.543550291905147 226.3568037519034 6.771960198314354
1810 -49.669058314799365 -29.174486199744763 200.9896291205997 6.771351567386318
1811 -17.05870453027529 69.7576694196749 103.31883227161961 6.770541815727599
1812 -15.412561824882976 12.539246739112855 272.8036863382731 6.770212437639291
1813 -43.337693876439836 -3.8419796626857616 231.32979183217967 6.769728430417512
1814 -78.99146537142617 2.4124305119157006 55.79414043302808 6.768846640509341
1815 34.10653859708293 51.703397157783435 158.10370832033445 6.767778718715949
1816 76.18368860574591 -5.681644515573941 42.51405372600184 6.767742294294221
1817 50.78649143678651 1.812979505835108 132.5830511300956 6.767548931559734
1818 -29.127121610559925 68.31854372570788 54.76133992701801 6.767016796882497
1819 63.8674198790542 31.69179744223868 133.6943132643548 6.765860466983989
1820 -55.472462525781225 -10.539217200882462 91.15516332390503 6.764326388366516
1821 -54.63333735405664 3.2478150389008498 31.60080520402009 6.761570032445755
1822 -44.02597516817114 36.12821085385858 11.87170673361312 6.761342378470314
1823 9.174341282717146 48.79495793852561 36.58998647946933 6.759129052051107
1824 20.886791947356787 57.8515387683172 87.03434771395669 6.758914602781872
1825 6.073171929991462 -2.1499732906888376 77.10873689995384 6.757713107829742
1826 64.12497809429586 -14.074680137536985 168.15349290303908 6.757638895704665
1827 65.05850018136191 -52.54715734305503 44.60105885929201 6.756371749663394
1828 34.94462900594657 45.84784102840292 13.708656979556935 6.755895163079265
1829 63.64618051041282 -52.033526486039705 14.709338965460569 6.755661885476138
1830 -4.328203292600996 59.72146319695418 183.9854873843462 6.755559327119549
1831 -42.49283277136592 20.64026692508618 79.3520270653485 6.75390470777351
1832 -13.315087649511726 13.204370276203942 11.404647256816261 6.75380670698114
1833 -13.3345767561046 -50.81730231533872 119.11425448511007 6.753381084774154
1834 -53.25824170159772 -30.843732243826604 52.12861894184658 6.752632761435848
1835 -74.65626810785204 -30.36679655231505 77.39834956322723 6.752438480673966
1836 43.723906412881846 54.85592904214979 74.54121358806704 6.751794927546374
1837 46.47023734429042 -24.96686697636691 33.05501888774412 6.751127380851982
1838 12.962414489744045 -48.99022549306831 127.93309867738219 6.750814791707082
1839 -57.90867896293154 42.616555878125894 60.29527936175808 6.750135795884283
1840 -31.98244884083193 69.95203612766167 22.798848535191958 6.749014652490017
1841 -22.650799850545315 59.485983929810835 130.86341827621547 6.745678874774054
1842 35.71261158478111 5.430205993016053 209.85031611185775 6.743595879015962
1843 -20.046151967926313 -43.4290541187623 258.00135159935456 6.743572264631149
1844 26.786452429074163 -3.804336382578122 287.47117569286877 6.743519910748722
1845 -68.03540733503718 9.410136695498348 139.59762694752905 6.742464806168458
1846 -0.8838943320848083 5.555193769839935 206.69125153175258 6.741970889817836
1847 -64.20420172824984 -7.460733263413554 146.7533443913833 6.741354780669494
1848 -22.915247551548408 58.99006263814485 98.38805539924323 6.739680848280551
1849 -37.88867290696214 -15.092599190485716 188.99678038253884 6.739607269012922
1850 44.42581651920934 17.778907905952053 72.66744716430371 6.738905586800893
1851 -11.777119297250263 -5.556708970750619 248.65594867396834 6.738630857893087
1852 -66.69060625009794 -13.578114249725765 30.07625951128071 6.737880807952869
1853 -48.47355609472048 -75.31949404731185 23.83434312915196 6.736436770373534
1854 -0.7140135048307332 -79.94979189842299 68.02673068952414 6.73511894832873
1855 -38.792439632778105 51.904493818021145 98.20284217825659 6.734623443975202
1856 -5.169750240308305 13.0182996703463 22.356223596794567 6.734385018796507
1857 -4.251833558303874 35.21222264872118 29.342365889647525 6.73422934927573
1858 -44.44786149039888 -6.244644603762356 198.28689416528204 6.733894845172223
1859 -18.728334410346548 3.9864028687851523 134.23764050692103 6.732842090406735
1860 24.394847920173014 -11.375305280607135 290.9847090613007 6.732665847891921
1861 17.00855036246308 -6.155103360680259 62.830596484745044 6.73197016816506
1862 -63.99921903186812 -2.7268833529795726 59.274268833016436 6.730276609506264
1863 -3.687758817073128 -65.1089378879094 154.5662755357641 6.728442250109486
1864 19.800749957956732 15.848715471110626 271.35388260667406 6.7279237805410785
1865 -1.5935715859833044 9.222165557986774 154.81109353677763 6.725354203620638
1866 19.88933890020559 24.07345649730705 268.00329934159623 6.7247865819078845
1867 -19.955161856363326 -23.024687573981858 32.09901913209154 6.724569213290058
1868 -5.7009643713039795 4.502006657469703 282.65244971970486 6.722591391760756
1869 -29.87484041432393 78.6690790405207 53.48695034875252 6.722546732589054
1870 1.4020884419165727 -11.995683927632701 132.62617456932992 6.722104408156543
1871 -21.496138881452545 -34.71252767897805 165.70214523560333 6.720910558870681
1872 26.205244124002913 -6.249441396453723 211.71156860190408 6.720066414180687
1873 36.48187858435417 -52.8879251920268 87.11577334012397 6.71895043343596
1874 4.418086189731046 -33.80769958105024 294.7684565491696 6.71881316870661
1875 10.91964435199919 49.1347213101017 182.94052353319313 6.7179711306668075
1876 9.663107134191511 16.74545101203987 218.1769553591533 6.717811984123944
1877 22.026559322042935 64.41472679492776 36.46559434158972 6.716697600582325
1878 3.0198759145875025 -14.07617922023794 92.64112992837514 6.715705694725516
1879 -45.685138494311595 47.698628421342946 39.05199279288805 6.712002921254837
1880 42.78058963421342 -39.20832089149668 136.71145930027697 6.711729842072439
1881 1.3802169209183808 29.806564894069133 264.04085031587175 6.710585440066036
1882 -30.755468008066238 -8.46857690916861 25.853649100204112 6.710409492815737
1883 15.88290728386978 68.16144125213116 24.809052371679464 6.708994719114637
1884 7.981743624873147 58.43369871248144 24.326540537129272 6.708885738938179
1885 -48.610401288580476 -39.487020413109036 186.71020211434293 6.706924892877721
1886 -21.50152005398415 -78.96722107468699 58.156474424439565 6.7059009714476066
1887 31.440961481726823 -2.295301424957142 252.37227218392715 6.705466498141904
1888 -24.85919042995665 32.67703635991956 277.47093068238115 6.704777900795856
1889 -40.185988322048786 18.562092652242875 116.65102707892532 6.704343698496106
1890 60.786095447880015 -20.345322104093356 102.72405994790701 6.702547286222247
1891 22.514072877284192 -41.34996174114081 241.59990303632384 6.701326823848573
1892 0.4427352784385709 2.819660906309233 129.8290579232992 6.70064845400474
1893 18.791285709455973 -18.042510693872384 242.34084638002417 6.700397705470021
1894 61.31997410747444 43.941229777121336 113.41048770104099 6.6995514388954
1895 -55.39219931233998 10.791200276489601 120.75113160520623 6.698612378963237
1896 -17.912579249576325 62.99395011384665 34.89298168087009 6.697499311008446
1897 10.310401185300226 79.95175707202463 8.386120940774592 6.6966016761886475
1898 -56.277165410078936 -4.208904411243559 32.26755331137393 6.6942835976271695
1899 80.26771022665056 8.324631697762763 48.97039041520339 6.694125556952074
1900 44.23582975685817 3.2207337286700866 221.9834940298707 6.692699075972111
1901 -32.481965752233684 -16.92146623156268 17.075389396726365 6.692085985159327
1902 -8.718611329543247 76.44635237457082 43.880259647100736 6.688447434939464
1903 -55.53347770875421 -25.562615620782324 161.49347711030555 6.6882878929269705
1904 50.348551338966644 8.050306532523017 9.02329251817126 6.68823205218136
1905 4.394554521511478 11.145125520668929 4.247278216129671 6.687621594325542
1906 44.86015588433279 16.33940703861694 260.05237512407234 6.687455475737222
1907 16.982266962923894 -3.897954832935535 283.5905973017523 6.68722732360584
1908 12.078054408343625 5.073470108132078 21.700676281513925 6.686500053748167
1909 -44.25588132348332 1.914488251725344 274.7019607765725 6.685337455682472
1910 27.7774228278959 -2.9507502424115692 94.1202651015979 6.683582080965302
1911 21.569562208113375 -10.421101083008503 37.39431872422792 6.682995135412689
1912 -17.26814163095554 40.05692415332783 37.64797070231012 6.6828031762898545
1913 36.36936197296639 -5.44599997403956 215.62925498984475 6.682521633627083
1914 -71.51697718077658 -1.0870445786520957 34.143028862068974 6.681548949244496
1915 21.82997406421582 26.874217683854646 148.7453573709433 6.681108233916665
1916 30.804540529950117 -28.590232148774362 208.06655514373475 6.680902695967543
1917 48.87239209095362 1.4619986615056364 104.47319846655205 6.68020374313798
1918 -73.95314090372526 -18.87056778276489 25.917723684807427 6.680008807751897
1919 -6.199048542833071 38.981917321227314 131.15588997199845 6.678170110941845
1920 -13.160025562930926 -79.73338130650802 66.77341111021066 6.677765291472124
1921 0.21171462609290614 -50.29779600338711 160.77355617983375 6.677514039430524
1922 2.117702780812077 -38.678985570434655 61.90237163795176 6.675621758356042
1923 -0.6568490564899037 60.69141728804607 43.78327112200362 6.675547859749324
1924 -13.956704578353653 21.03086188231844 27.938667400135415 6.674829675680062
1925 -41.65249981078896 75.1515257053776 21.942443059577652 6.674199951623412
1926 33.42547543915742 -63.210231006337224 35.890642350569976 6.673973901562492
1927 -23.181009868567212 -51.06737401224871 68.39381659110379 6.673528959842876
1928 38.977238209232745 -28.4841682043659 94.86879726225459 6.673471919746342
1929 3.181961911070457 61.012837024152226 169.68318775004454 6.670833048802304
1930 -39.35629228218016 25.876199127446334 269.17967136781664 6.668802986109882
1931 -30.419629655980536 -64.11029321558642 99.55379029725994 6.66599866881344
1932 -70.45682743102643 3.1493970043035424 5.110693251013914 6.6659930481138066
1933 59.26886859004749 -20.937631811776047 33.58737570692167 6.663782237608016
1934 40.796489951132116 46.58172547852128 182.83004813681848 6.663277026586351
1935 0.02663049611368984 9.407537138401771 142.05008259825098 6.66279576257947
1936 -7.456283667717821 -30.746792035630445 261.01014690911427 6.661914989674068
1937 -50.05781936057606 6.129404857620564 46.63783259760739 6.6609109085922205
1938 -6.838433813797682 -38.63261137770425 138.9343295091169 6.660681033313702
1939 15.156755290420282 43.059295479493976 9.942535328482323 6.660493512292723
1940 12.497392887518025 53.167494103639356 32.678159953717554 6.659828239831062
1941 -21.402140175904464 50.45429189469894 135.0291384493744 6.658857849192129
1942 -45.29420389638041 9.083406371933677 221.10196353013498 6.658347277043573
1943 51.13372047165888 -44.804395711932855 81.53419604408094 6.658034337882056
1944 -40.97036425838034 19.042327537923562 289.3809801911225 6.65792729047366
1945 -7.599147511036619 40.45315663859846 100.2016232090325 6.657057714615755
1946 -62.293729709835844 49.16530330807322 18.710962136484127 6.65628191790023
1947 -47.581285516254276 -57.00913402338169 54.98419814616681 6.655608243305039
1948 41.36782272492074 -21.963457153586155 245.03963135408057 6.654862800926919
1949 17.381693190178733 16.689036564545148 69.42526099953858 6.653783690757182
1950 40.51758844006303 47.20121199240474 5.950663657749404 6.6524856990562045
1951 15.617419583379597 24.621460966080527 12.970282549032564 6.652473955118364
1952 -22.119822372010084 54.3764980639277 148.49521197815702 6.652295459706621
1953 -5.355230670871428 -73.57311103263007 100.51662864043172 6.651434481075742
1954 -47.215330592714174 66.93473213975528 58.83001420604274 6.650952091409739
1955 3.8462261354006357 -7.6082943295043295 249.39368856926322 6.650738898642725
1956 30.54284372379834 10.951256079799402 131.38452388398724 6.650020679845921
1957 5.589442457092139 -1.0090969855717518 86.71962411859536 6.648764305957588
1958 -1.0097218750717243 52.37535951393898 40.89730874526669 6.648288281761091
1959 3.1828229114490125 -9.692025785778025 195.45940198707476 6.646687401312679
1960 -23.977767234396794 -40.315499229582635 93.12939756713057 6.646233186967069
1961 -74.57976203235452 -14.279744153369458 114.22406015989353 6.644305518971885
1962 26.311076976143976 3.3720292272425185 221.34735973179298 6.644022667769028
1963 -56.27728105201587 -1.3919255165335134 22.85825538515417 6.643950928873984
1964 15.883076978388837 80.54874128053574 27.24677763786749 6.643633487203439
1965 -6.545672350346905 -18.48226700958567 276.7795485652524 6.642635729246406
1966 -46.35585277114904 1.960731995391523 118.27307413518577 6.6426230358270075
1967 -10.886233160993143 -17.36612721511912 182.05356392502927 6.640689281941451
1968 23.13784552187132 -33.67403768115608 69.15881815410434 6.640059322038413
1969 15.336606685244963 76.16855909709906 36.13557896252367 6.6391166660310885
1970 -38.57066383363793 46.12932283687656 74.00719621608776 6.639067965085179
1971 56.068474087955174 15.531883307442573 32.083910523713875 6.638505648121697
1972 -42.44290561767823 51.949237460303074 64.85834406098752 6.638301418208023
1973 21.003858873807545 23.27112573958911 184.58508347936768 6.6382356909739
1974 -74.41276880590033 -24.584042504810203 89.18016810272064 6.6381293786314615
1975 -12.80015130410007 14.509440522383068 52.73206166638985 6.636724530165927
1976 65.46011433638408 -6.424708868458989 83.01691148146392 6.636501039531515
1977 56.8224968149213 4.624005961489934 170.91140949594 6.63553326611272
1978 12.91431284039854 26.401481121196312 232.17401405766202 6.634989651704243
1979 -55.91591185173464 38.69451597755192 27.28629498714798 6.633897148080906
1980 -10.885906700367533 28.092608309323534 201.26771586640243 6.633647656055935
1981 -53.29446732200853 52.92989560435365 41.756760645332356 6.633297464870482
1982 -4.220482609243611 26.69318494207577 203.63144949771166 6.633024725092401
1983 -67.14896828628127 12.30977662720387 120.46146337816819 6.632304939010023
1984 -10.657685226412568 -41.535323037199205 6.602233942415905 6.630330415567043
1985 -86.07655699602272 10.608295470933323 32.436453399617434 6.62847214660423
1986 29.5956026106029 7.520147185952592 274.12156337116824 6.626555071469227
1987 -19.248024637331664 44.75960204707151 272.9979141626729 6.625074141331249
1988 -25.863915596086937 -29.686871171026564 275.6092113536659 6.624949067012772
1989 20.65472947264869 -38.87311637705836 132.19351735968607 6.624596331459554
1990 -64.52893834338218 -22.20187494074559 8.425466589384206 6.623969465234224
1991 17.943434465441367 22.961449877789434 49.87840018504437 6.623781799157631
1992 -36.39245367650842 -43.018985270576906 99.48390815133564 6.619124675354005
1993 -32.69142044388114 18.98496580668554 72.32499937381579 6.617851904373229
1994 39.87652832430474 1.0092081065451879 49.22908555705174 6.616136814846067
1995 34.7531632639938 58.27889493074025 51.92462474838581 6.61504215933628
1996 -18.817830692314715 47.88385864389094 34.54607620265735 6.615024810385889
1997 -9.452321676074085 54.91765098973501 17.519120941879393 6.614698350652652
1998 -63.57327982636234 -0.5356553471945205 188.1578515088994 6.614492543637931
1999 45.028469250468596 -5.813464318381053 20.02509358821918 6.614374228291508
2000 16.323579096853635 -18.197208390821608 183.5388560510698 6.614164728545617
2001 66.37346207038394 17.91201808071415 52.06292605677783 6.613708179043921
2002 25.969595667844608 -83.64544417863587 28.477936353165436 6.612727868741775
2003 17.345576515966076 27.62293542836629 222.92307644994438 6.609883288937096
2004 50.80790332649477 30.66500503714071 189.04420363201248 6.6088801315761945
2005 -20.019010302489455 9.692089594906637 267.4889374909249 6.608733924930434
2006 -16.297898735001027 -18.752825788689243 267.6193661452741 6.608020425621377
2007 19.96249958779891 42.13905688945632 282.54225478901594 6.6068081027310965
2008 32.18903692813026 -79.13519989694845 45.60314850173499 6.606762172018804
2009 -14.647000739951729 -91.97942757793223 5.946799273305687 6.606539911246858
2010 -63.84517223700905 -32.354935439960315 50.20918040153312 6.605084084432629
2011 -89.82028363439727 0.14628647486574486 13.40346620386924 6.604531482098549
2012 29.5692150393574 15.729933513224097 243.46198437300794 6.604512657606978
2013 -24.41202935842515 40.59347979602705 237.11975657121832 6.603956147466519
2014 23.691796209896104 43.36103373446066 157.86612015678958 6.602539269371714
2015 71.82905979501597 18.159040339028774 122.02903161108873 6.599391560528545
2016 34.04148157030398 -7.104640617748734 34.19177746559286 6.599161469434262
2017 37.61738509214358 -12.754533403785377 44.86148836818368 6.598712319047351
2018 46.63433842529083 12.331754654814578 233.72974056460092 6.597506248278718
2019 -28.248523969687376 -32.67378339405403 79.19813546824787 6.596227863123772
2020 -45.87667702361188 -8.029630020757946 114.83649734565553 6.595019696829114
2021 20.009398868728933 -41.144374311142286 60.134377214873304 6.592573021539555
2022 32.96167381747876 3.783280861586179 78.81360291482187 6.591953394410029
2023 27.270158727829344 9.125705624244558 26.790075115515236 6.589596458110744
2024 -8.691730449255138 5.625493984976094 16.505177233920563 6.588419075296543
2025 -21.245111594535423 75.17849391417847 22.235113474848323 6.587558051698295
2026 -32.00657056616681 -27.499778172582566 116.71086798184682 6.586739600513085
2027 77.26425957323997 23.19472844895124 48.668978341340406 6.586711561653585
2028 5.438927998180679 -67.83464985869838 148.31269473941379 6.586655803341467
2029 -19.042329576710692 76.38858041896484 76.29599735851554 6.586580197103969
2030 21.010723232297682 -25.068650604253783 195.18128803093387 6.586312197203572
2031 63.13481055819139 4.135713595612577 138.93282149955203 6.582057569621048
2032 22.375856052820147 5.204595143291249 272.55366299932257 6.580571177976515
2033 -32.665807655679494 49.8669023151442 196.5705595456765 6.579070376513121
2034 -51.98259534475804 36.97581010368814 111.44254286571582 6.5790477711034505
2035 -41.35549022555607 -13.504559275999423 284.55529324256725 6.578626242429856
2036 -36.27106849546253 -1.71437997646164 60.89890005886223 6.578520722334415
2037 -13.056456981699899 -48.41090655061832 56.291825998841006 6.578033648456377
2038 -36.53985325272114 15.811632930781219 146.72858332378362 6.576845192039108
2039 -83.45503657074451 -19.615461209560987 28.090675095286148 6.574637610050251
2040 -59.67725044125069 -53.93442667325142 59.27042402008975 6.571910289116188
2041 -59.02580055340685 49.27530221757867 42.4199090975135 6.571644247540899
2042 -36.50205378433397 -8.273102598341431 125.52024191211646 6.569427778160641
2043 -18.22947169275522 31.831527898215235 99.27175336688752 6.569277954236127
2044 16.709791452346035 38.55888245464088 37.62497048266851 6.569105093289624
2045 -18.293171884834727 75.7362135123914 13.336225774509659 6.568588744681812
2046 -85.58109483326695 11.057988776063423 41.22055022354905 6.565496495178379
2047 65.20056969144122 -19.198087546021274 108.81470931897337 6.563530242348077
2048 30.744662462894603 85.13981509378083 10.193151172571882 6.561886297930744
2049 34.76463619257464 14.507820754270929 162.01478979895532 6.561702652059786
2050 -66.70179303847492 -13.580807719693183 11.336148740617329 6.561082069516444
2051 -70.76159331910681 32.10812623794797 5.677199229558594 6.559964898457711
2052 -6.992762731733914 44.62194474139793 137.82256172827692 6.559099882112768
2053 -86.41709586817888 25.408821564532097 21.164101381849193 6.558551085771958
2054 -5.698891244141716 -54.9878858227007 178.9532823074066 6.555974338368552
2055 -43.50965877770905 -66.73353195744299 46.35703786160752 6.555653990334446
2056 -30.02019764288675 -25.090406304672673 136.07991224852336 6.555247397517717
2057 -14.315794281677501 -23.974848855730954 220.24643856100352 6.554004504345105
2058 -1.9752890829609253 -15.30836512130401 39.108850640446974 6.553636428665782
2059 48.85117376076563 6.067097117618299 275.07019854524276 6.553616877269034
2060 -47.8298522463456 14.788068386781115 70.89621405607144 6.553587446279295
2061 38.30476281504043 -4.259252458623626 274.74760658035245 6.553339781061538
2062 12.183764727511145 -2.7153980208066812 261.00191552289704 6.55266106475739
2063 4.714705973621441 -12.465892433183297 243.43881713904045 6.550411685128328
2064 47.8598766187292 -22.108531573134186 122.89259515189592 6.5498788240152575
2065 18.609811865383598 -5.8617089343246445 264.5610778176406 6.54972532806176
2066 49.212320669903974 -2.7723928065152297 145.49282313494635 6.5492860017091985
2067 -7.062105775137745 1.659358852862396 42.76169205592198 6.548519379059528
2068 -42.807843720655654 42.32125249535209 92.9445039383305 6.548386398612152
2069 24.82885683187215 23.595583616093847 85.21485758893051 6.547459216536443
2070 -42.54204590403909 -3.744345651935502 182.7755268027735 6.5463867634624515
2071 -10.013184557634398 82.94955786279917 29.768620310252288 6.545968786862431
2072 -74.13027492254774 -22.43354605048519 75.78682300684042 6.545676292192692
2073 23.722035985011495 -24.185106366464932 11.276155524598792 6.545455698868466
2074 17.145173543006088 -46.464619000582964 69.82627229509278 6.544412946945815
2075 -49.00012607591913 -13.620127668487784 205.83643539583971 6.54056739607838
2076 56.24749401837572 -31.838568284389876 80.15777474912174 6.539390933844117
2077 -11.99895642255317 37.789851236086385 43.78987712396858 6.539273870037942
2078 -40.90292830435361 -64.85506121746582 87.36465338145852 6.539253718276959
2079 1.4678058965727958 7.89634752574975 25.62938227476805 6.539118897642652
2080 -4.9257597817033 -0.027181511450886653 69.64665365061845 6.538295485853688
2081 -71.23195470558736 -25.582124237898732 41.90586357785962 6.536097762098112
2082 65.20139922393471 40.249528733901826 27.453494912200902 6.535667216920502
2083 7.896871763350838 29.59940437851046 85.75950910497794 6.5340964819435055
2084 1.380273926212416 54.45352232326488 126.47532578367547 6.533558748185455
2085 11.103767313491268 -43.720342338731896 181.77005507427953 6.53334587904444
2086 15.580408107945972 31.872867894999786 179.07643427089445 6.533071703396028
2087 57.63039079678091 4.285269884637755 151.3841963977828 6.5328541006170235
2088 14.590653182098142 64.95631691709706 70.64922780050638 6.532371586369308
2089 -29.758999385761378 -16.975821392730566 38.70782918397707 6.532061744130839
2090 0.8136604359615234 72.91383743735321 8.864066893868479 6.531676548694188
2091 -44.741869601600776 24.634066278860622 33.47153380415472 6.531124260170756
2092 -5.302836218347294 71.6867247248824 51.50654148131572 6.529889206120706
2093 -19.882779248333215 47.204946422894785 209.9019659794352 6.529821852875336
2094 -8.199050105397506 -6.898717791095391 262.8932417530149 6.528034896582239
2095 -24.45562154209435 -51.11414111387232 121.98943339527563 6.52789185695712
2096 61.515159989829684 -35.8523815607238 127.88848556562613 6.527266294153189
2097 -16.383046788348206 10.44320135086727 221.01938858875596 6.5261721445068055
2098 83.64381180600085 1.6408951487160808 29.095338626582283 6.525813817783296
2099 41.55698362751116 4.928430764840132 29.27169664072809 6.525138454947359
2100 13.006487305511952 56.50656937852913 42.56030903988403 6.524457646184083
2101 17.274834800051465 -45.370781914584306 140.3641622838188 6.523483992612387
2102 22.922651701968565 -22.704188887162484 161.9276439360431 6.522548418663199
2103 -37.03649929302636 12.158026768755969 209.02294003771357 6.521832665757643
2104 -45.52773658737828 -5.425641852653509 269.17851243886867 6.5216361583199465
2105 -33.06070780740442 32.52059152376187 98.26745146308525 6.520806413168451
2106 34.81358670545392 35.308382581459306 59.547907289790274 6.5194940894533815
2107 -16.21194274836348 -28.576238306873748 6.163953993495775 6.519484738990599
2108 1.8283902193949029 -24.007339055859653 141.13247529409415 6.519330751388008
2109 20.988021359177296 19.849515402441973 144.77328062349176 6.518148882045242
2110 25.3421423462988 -9.738762595450153 185.36703895764924 6.516954383451353
2111 -12.916703117783394 78.09522473895069 73.06343855004066 6.516368603618023
2112 6.1926823052877165 -57.62011815940183 153.0710698383677 6.515863804981902
2113 18.36272820046337 36.29955676271702 220.26397647473323 6.5157721665956
2114 43.46194127540979 17.598682700471514 224.72779533316168 6.514991974468268
2115 -41.2153776490965 69.39084009033358 52.35274487549199 6.514209423333917
2116 25.45244139951004 -50.601441108044895 176.49013006869876 6.514175347832671
2117 -16.541364081708124 -1.462115231730598 277.28837217732445 6.510180598049144
2118 47.08613749364542 -48.99632898618174 111.2768487981175 6.5097629643367565
2119 -47.52598333457172 65.18292669133244 75.99716611560883 6.507241888140941
2120 19.20150306466098 35.08067274399887 195.72688679363242 6.50645619270783
2121 59.26861573950309 36.38541084524164 25.4465117513019 6.5062688114137
2122 -14.044553064172161 -72.81036209340878 77.99741355959702 6.506184851847509
2123 2.7238605134385283 -31.93919260352856 119.66024919133925 6.506172841561513
2124 -91.18402497158606 4.277226751725699 5.508683832453888 6.5056294507867465
2125 42.46499070812732 -66.58106092469893 87.92852316897185 6.505360434804089
2126 -1.356342296876978 14.880398590282715 166.14282133147543 6.504370273616652
2127 5.346113049410662 50.91945161966218 244.14310271993276 6.50412320191836
2128 -5.74040510248846 16.56036841117391 153.0929550396331 6.503373958159112
2129 -55.61522235423016 -42.32837092511369 90.47569134871281 6.503349413686244
2130 37.506431315371785 40.95909434188386 8.741521861516445 6.503132490606166
2131 -43.3235226484521 57.94214718800913 124.189317563248 6.500525547013311
2132 21.537800818902618 6.0664899334578894 160.27974960937962 6.499579826129707
2133 -51.66553438202632 -35.23649224353665 176.72480999914816 6.498868671580903
2134 -11.919194306945316 11.273595244475088 136.2257991988632 6.496836920315206
2135 -11.789704286155297 -23.135410218098237 147.35478609435793 6.495250527048869
2136 9.413142358777726 16.483036862519327 148.57102986740773 6.493900806513616
2137 3.2570877196307793 52.7058097143181 221.24560909640877 6.492041982413719
2138 24.81090418062243 25.52623846940798 284.52858035103844 6.491425590853738
2139 60.717262081250276 -55.70265076957377 40.53824990403139 6.491078190221373
2140 -28.00882060990385 47.85829742020362 207.36418182462492 6.49088813410709
2141 -68.97836756286405 58.01012310070689 25.059520355920867 6.489031903442779
2142 45.817689538377245 -29.78256703130206 185.9559802323113 6.488614020280794
2143 -10.782445478752065 45.179599526675524 184.82083722008818 6.488105362127863
2144 24.735621881328186 34.32430411162802 283.25654952825977 6.486445536148966
2145 -40.74689478794562 41.69826383473808 191.63845098794167 6.485530266667664
2146 49.80949641425768 -38.4705917052456 26.36853898624483 6.484996391825594
2147 -3.239419448066098 0.6659282058200455 188.93864257522216 6.484937870706383
2148 18.32552956368795 -27.33786392629966 239.67213457475944 6.484403974816791
2149 -35.83367955186648 2.838653307458312 96.43274161621328 6.483602209633158
2150 30.087483547543094 -32.72186829223355 40.443399962445355 6.482083151724554
2151 33.06607220563197 3.0264705915207246 228.72930767162893 6.480664775003705
2152 14.927196313780549 29.301348374118643 148.40430820048798 6.479299507362919
2153 0.6611712065049833 -84.07538999334898 6.765057013848427 6.478295294026502
2154 76.05813074697434 -28.67668355082259 79.29712540857332 6.478124803366438
2155 81.81951512586997 -19.862928580943514 15.279341771541677 6.47812344524335
2156 -24.41192750535987 30.38447911016422 236.68304999054993 6.4754511374149075
2157 56.09308468650248 -2.9093846724323935 109.70469157860042 6.474725220296646
2158 25.914229289037387 24.40373552181955 193.10321379735976 6.47472163489113
2159 -12.423501330734307 8.54750836814751 209.16609969503992 6.474061442601853
2160 7.764459975717917 -6.076469249861775 109.72068919208662 6.471459936126714
2161 23.049702308647774 -42.775826421588285 167.00745031532983 6.471305219986273
2162 6.312239889277991 0.4195287986148326 28.425929693678363 6.470426671443958
2163 -19.61129291740449 -37.329874099908416 112.03223844096514 6.469691108873671
2164 54.58651989714129 39.05476520218315 35.588288488961815 6.469196749179439
2165 32.3090975798357 -4.22129019259261 145.02506088052948 6.468943475919229
2166 18.22308740954403 -47.411953679134626 252.76952452112803 6.46878608322634
2167 -72.22539353452524 -46.295383861263744 53.81189563841593 6.468373307051745
2168 -8.518308870489738 20.42232975029626 279.1885788330278 6.468269395002743
2169 3.2868200406611923 41.50283985017842 47.66768109588796 6.467859967404243
2170 -9.869608683402292 -16.45618383568879 154.87109148242266 6.467270346248609
2171 -30.449180401756408 15.586698539410381 281.2689331071944 6.465343953713981
2172 -18.59998834327878 19.001899976303996 161.78269466919176 6.464575857235738
2173 22.678899840302794 -35.62909587239925 84.61328136540297 6.46432959640583
2174 -3.7976178853504363 -10.800021842494008 179.02463435515932 6.463998693869937
2175 -9.268873510876718 68.75775454407683 36.75720928112186 6.463298222237148
2176 0.4219300879920107 23.032490954720984 8.554489662524919 6.462606396440637
2177 -77.98860140445306 -30.119855030122523 40.56915476600567 6.4621726329458795
2178 13.923565948893737 -8.767904981622417 146.30331482116182 6.461696385377548
2179 11.061380654030843 -47.504701218800264 169.75718592808167 6.459371162344677
2180 -53.914882664933266 15.376459348693052 106.57447878706704 6.458161576909553
2181 -32.70566731422625 22.00130081831531 114.79701261497489 6.457938827761826
2182 5.8594688279357054 36.99627967433217 71.03415947193828 6.455433217346509
2183 -29.386771984264826 -48.95914993241159 177.08391043559433 6.454335484134157
2184 -12.072875395568305 17.317301653119774 151.4490610860123 6.454333958131268
2185 -9.2590250824013 17.980641947837857 18.33630001930451 6.453685504791153
2186 33.564075737614864 22.901480917779928 87.54614041315166 6.4533381167729855
2187 15.680491939262634 -7.94072980083193 295.28168058434306 6.45200478422736
2188 65.51823305164474 -59.77985980790829 23.02365465684804 6.4517483749303235
2189 46.98500247822964 -26.085794173851003 116.20966845515731 6.451427782453326
2190 -85.06784811552609 -14.929927776522025 22.91007590003219 6.451371920763708
2191 -43.04345383273087 1.0531718006409871 188.7066136880135 6.449731812627261
2192 77.79925326014776 -16.160495813427328 51.38033658559519 6.44875250232789
2193 -9.757737289910965 0.1654968919005331 7.8922336473275525 6.448502489238318
2194 -74.97121925371226 -49.030621190339474 30.923202511728917 6.446722531233586
2195 -30.689902910725497 25.974643987819665 74.86119076111406 6.446464480760729
2196 -12.898302928221808 -3.2101284570578237 195.5315752201726 6.445908002128609
2197 -4.036300033744144 43.86266125903217 16.091186791699347 6.445708052527227
2198 -0.9131900786574887 -12.684780874504291 237.9126394767869 6.445565479332551
2199 29.800062716879193 -15.933092327557805 218.7593461730508 6.4443730318988335
2200 63.52914914079633 5.7629359406372656 162.79196827151418 6.444231618466038
2201 14.139713001177002 14.327711326186812 32.679664720814415 6.444177035434104
2202 60.95753276217587 -52.28766630669318 49.95338560285499 6.444119330844104
2203 -1.8314280091151414 -11.163607593440728 73.1366741196015 6.442054768481203
2204 16.85977583205269 59.797696160047686 112.06896295331482 6.441984948649329
2205 -53.99989980198636 6.852293772339434 67.35662816223407 6.441558300554195
2206 -68.94764209811004 -17.503446531516353 62.328022440244894 6.440664856560593
2207 -36.02347855076907 33.0886566576075 211.1111794373442 6.440482057194795
2208 -56.66164494588749 -35.57303199166811 44.272391769388435 6.440425492460209
2209 10.74607449822952 -14.621729790706551 262.7327282059715 6.440420111700368
2210 44.27902113524306 33.923354201625386 218.58941509578176 6.43965152529808
2211 -10.52718705860736 -41.41856913868331 32.01075941355254 6.43959447538466
2212 55.44756091510682 -20.359307655752193 158.152167634292 6.437419015006903
2213 38.47716855683231 -45.049881708565536 42.51930550884826 6.437255489309347
2214 -20.836692170247375 62.4558109290833 172.2044119166585 6.435368663492209
2215 48.472734617967966 -23.742043838191 244.7411572298915 6.434984618611027
2216 -23.56393633132192 70.35332329588138 116.4632470921737 6.434013707861586
2217 45.58507249393158 20.672330598202922 216.14310404209866 6.43330104504837
2218 -10.613654687750198 -42.76101014736091 185.12401232882414 6.43212728949516
2219 -50.82414076232168 -57.45420788009351 62.737848393332904 6.431619001588129
2220 -16.96333807380858 -38.63115617969501 204.74629718247346 6.431528020265381
2221 17.085069774880495 67.93500726746112 128.81386076833076 6.431406482661975
2222 -78.38355486493208 -11.446048267354783 10.260017355614009 6.429959669640439
2223 -17.39972095565947 -48.128721072943 184.47252338261913 6.428613987454756
2224 -23.059213376832716 24.686620088039735 250.0456876463487 6.4282888479491005
2225 81.15810222270778 5.645813719076331 21.68045656897941 6.4274252401093825
2226 32.19344795331065 -31.125374885656555 231.04154252154274 6.427075281102294
2227 -23.050591317171474 3.079907212284132 188.68216185647583 6.426316393638637
2228 14.222203249052596 23.006380333146975 35.46733125950375 6.425514868745164
2229 -10.33173245343579 38.90672653376857 87.50472372675627 6.425416124550987
2230 60.14157128515656 -27.371042343259045 9.79611560027481 6.4250867781569205
2231 36.1966492679901 41.52076896409175 98.79973160564076 6.423600734001157
2232 16.5568179744968 -50.2287587834317 46.201285234855945 6.422389886036909
2233 -30.206739705389573 -52.233125304286304 190.19059513155597 6.421326499124086
2234 79.713159502124 30.567417495479535 3.4713256977042044 6.419680647165081
2235 -25.372276989463824 -74.3256773933455 68.23390517773436 6.418808077238591
2236 11.66181949202295 21.421019959286095 62.52060051703148 6.418767795741075
2237 5.107232394620887 -43.569791850008116 279.00553049279114 6.417800104241044
2238 4.179439716590216 54.051981659288465 208.1214276610922 6.417741738402507
2239 -29.079887115970656 -43.84850026964356 240.80094056521656 6.417195706911036
2240 -37.377448837668474 -7.825096908876246 10.564655746665839 6.415918003759109
2241 -39.783850895815156 -26.20372800066034 250.6120155912273 6.414810033846869
2242 34.951494765711914 30.563988725114047 256.63743046810754 6.414718627874495
2243 11.12967059375572 0.8399052231689055 118.20174018109455 6.412658429183348
2244 15.522466278431605 32.265069634517594 119.82830262947508 6.411712417697246
2245 39.16759494277483 -55.27079904782589 4.723269179846008 6.411405793691904
2246 -37.89857842794865 -17.677126138137865 246.10739313482847 6.411070708235513
2247 19.161090086620376 -6.071307059536798 90.81045068570322 6.410063182320438
2248 -3.5605656845183358 -59.60126616373493 214.68229015170695 6.4088489164239455
2249 7.981712006293069 59.937196746792644 13.635851053916111 6.408698687140575
2250 -2.1955683646452684 -40.15678177302716 89.57663563335025 6.408173989771001
2251 -21.066164231661382 -44.80871317024658 191.9100149357878 6.407798668888644
2252 -18.301360295002027 56.97711177800487 119.95394166070928 6.406989835142568
2253 -42.12299100314278 -3.8354828741722313 133.84969018484924 6.405813796495481
2254 -24.022666402800702 -11.994002940547425 54.47168383948618 6.405499529364068
2255 -10.225883820447617 -82.09492634293564 28.41482770580499 6.4050315571492025
2256 -48.55865542313362 -65.18247017197778 33.379876432715406 6.404841916239813
2257 -6.959820239668657 -27.77882958050141 61.83384974019653 6.404443250190446
2258 16.918400757043962 -0.6381177287294795 35.40717272360837 6.403843881579045
2259 65.84396747742562 26.67740149376086 44.100200599183374 6.400830896736155
2260 -7.097309341507069 -46.834747988046914 252.73282089053666 6.397901503824284
2261 40.12929774716425 22.459806028218097 111.33041658288442 6.39778123835526
2262 -7.007636299089311 35.11315023974579 114.13366311258746 6.397691615536264
2263 33.69855025049652 -6.344311689043583 95.06614289225936 6.393263524500607
2264 -39.260373449923975 -60.692751469941754 123.57040931987555 6.392996287656391
2265 -53.258571305296286 -10.490311669408507 179.20188693747818 6.390999763690848
2266 73.31094803623395 -0.14154566425251502 70.34739698381257 6.390215759765989
2267 -58.997750685749814 -44.482803100050276 46.886951713052724 6.389758012157872
2268 -20.28558260394432 -12.966776307594037 153.67766714827127 6.3894126482128675
2269 3.0743431141651554 -43.97624424993617 293.67462850761973 6.389275679832971
2270 -16.542138123500322 48.354417397812284 50.01959455859546 6.388482813382909
2271 -1.0593638314311615 37.5022442496446 271.5602631577525 6.388236908450693
2272 12.351278316717604 -8.998738382515006 73.1128479281043 6.388120002263661
2273 3.249057792665714 3.6357726916172375 226.2677827271282 6.3877577067204445
2274 -21.956085625968445 -32.016206843106104 33.33652983697332 6.387412612676357
2275 -78.94895038091165 41.74615978952659 21.378774694740244 6.387012665795475
2276 -6.239505264892545 16.632724263411312 199.9028272113743 6.3865807544919875
2277 -17.05288726282026 -10.063508233367937 229.03678180347362 6.386246346319306
2278 5.016418912219518 -55.24766422072109 174.38578177230906 6.3855353609233365
2279 -5.489083895216999 -49.26332688388536 184.53318973386897 6.385430343531574
2280 15.638835820555752 -68.34826005880113 101.99980798248237 6.384041275646918
2281 14.352881650242816 -73.09757003871945 88.44953402588999 6.383977950548431
2282 38.68214538715107 -14.204012263752542 172.8926551680694 6.383723663694437
2283 62.79104335434899 -14.330947611744497 63.6047971243282 6.383525801099571
2284 -40.19797645633401 -47.12363009109052 185.19521868820036 6.381873823616578
2285 -22.525860011709955 55.54186211324421 19.273879749695343 6.381490697848519
2286 22.679110975036995 -36.120416358507015 77.90677784531148 6.381473573712245
2287 -22.877123126567188 -49.869343262569316 87.16636533763969 6.380869306590266
2288 67.66884257155367 -44.99252312597031 15.985012733409945 6.380273522572165
2289 -36.23471360606391 67.16100714977186 78.46969455445725 6.379889825979351
2290 -25.91804386813399 -36.62835598904065 292.07827724815024 6.379816589616775
2291 -18.490870937722065 -12.835445699917258 295.2645199169286 6.379341770358887
2292 -49.67506320170048 34.66048463163932 143.67910194180763 6.3783296725205645
2293 31.527071337670254 66.79451879236846 116.67115329540569 6.377877047501443
2294 -23.55543447397282 -15.111483682912796 266.6466781544415 6.377378203320675
2295 -50.81227029296585 -10.008388287207927 220.2167316319226 6.3764014722519065
2296 -42.98210586210978 43.04867523013246 157.73186855499023 6.376121332381778
2297 53.671796265832164 53.3752062315167 113.43345402815842 6.375578269665468
2298 -88.97911343654391 4.9015146793779625 20.663856754170673 6.374396068561282
2299 50.735062858568895 -53.02238780090189 9.237624876955893 6.374141785152197
2300 43.954272358874455 9.906027822866147 290.26859929472073 6.373691711693611
2301 -25.39121960099864 35.73151584930367 98.0966735852197 6.373676547720375
2302 -36.322281635393985 -47.01207555704332 16.26939545351394 6.372172062610922
2303 2.0639210027035606 34.668073232056116 286.8754920162788 6.370928621405483
2304 18.868105332580864 -59.53700995788808 67.29616895940215 6.370392070002754
2305 5.361297699778684 39.66057462803087 64.34028018173994 6.368360859464519
2306 15.522188579685539 38.06438279529252 114.08206952737525 6.367391457828457
2307 48.295626902227454 34.08146700434612 161.89290171449818 6.3670236877435755
2308 -54.85202642421912 -9.575961729398157 23.529844448430303 6.3650529645388225
2309 70.12124418351331 42.16134323783944 76.66746271077926 6.3644390001595905
2310 39.95212812394503 -33.763199977369155 255.28606420189112 6.364411052100013
2311 -21.890312742869604 -59.9761729382081 60.10443851648488 6.36326930068625
2312 -47.40387621582314 -35.57820873314346 197.05985137241714 6.362044731096498
2313 23.090599746678734 -36.435519482956245 275.2586300111985 6.361646992630209
2314 26.707346384563763 -10.012388628303526 170.51783270048546 6.361137657519203
2315 11.776596674464473 1.974991216675111 138.5121447907289 6.360318374702809
2316 -1.3262953286603736 45.211292798167335 50.25427351375511 6.359141009187023
2317 -80.52292481234821 31.818309171655322 50.46594055170612 6.3579056455032354
2318 21.498684091575406 -76.80727495924009 55.28751764349385 6.355296477824601
2319 26.136716290381074 -54.987161627507916 134.6324726540027 6.355259702539683
2320 -34.41941419030494 -46.557471598172704 156.98876689547998 6.3547363080140995
2321 7.266896005752688 44.65593768336014 115.38006314492013 6.354241026180895
2322 50.80766078156066 20.970902476752446 192.66725455026074 6.353898212715404
2323 -57.93181183394457 -3.967894742110839 72.2065618670486 6.352723757331998
2324 45.22815848010563 16.403848756701507 110.3167346410705 6.3517391520079585
2325 39.663954300037034 30.72977076615057 155.59319847587872 6.346418073866305
2326 27.40722816348649 -78.96227231446822 23.647741949581192 6.346400139928873
2327 23.979990351507098 47.15593162363216 126.69870179601317 6.34626958044125
2328 -20.822622875599656 16.75669655275607 74.90544530845602 6.346023144345628
2329 13.448446706206326 32.5037045713666 158.8288286362893 6.345905536967065
2330 30.143424821984574 36.98236615108012 116.951567981396 6.345781796377904
2331 -7.883831421017646 23.89384966466678 179.258191199566 6.345225575003909
2332 -26.48232943907806 -19.902695109964 190.64286116115622 6.344953831907954
2333 29.81855878910914 -62.85647574372478 28.06847632659182 6.3445409732516564
2334 41.241666589166854 -27.265364006200674 252.48357780516218 6.344107534237301
2335 3.204414194338185 -35.20212964258364 23.831996827781325 6.3434245705019805
2336 29.46730846055143 16.761144732301528 251.22551044578177 6.343290533594759
2337 8.216571474536957 -50.90680844099159 109.60721738567518 6.342972119941263
2338 -29.70342212083621 16.57323964805683 127.93889948081144 6.34275978198119
2339 49.73923822901584 -22.871796859938797 105.25555708608185 6.341541596736838
2340 35.985370373113184 -59.337963467966915 91.90862656827957 6.3402679049004105
2341 18.50522841328097 -1.7962696210827023 48.152276859148685 6.339828804655651
2342 20.09163697688067 36.16727809160496 122.26245145201413 6.336741097066788
2343 12.906606724581195 -20.6351128435259 247.86914636738499 6.336655527470958
2344 5.197812477133699 -4.179871180927927 182.385095984324 6.336381773921882
2345 -62.70070655950112 -21.449538372019642 128.32770735494591 6.3363508542478355
2346 -16.75246291864144 -9.499297752930438 262.973971807798 6.336123615738371
2347 -3.987524624529974 34.75649217391399 53.48499796279635 6.3343019139763435
2348 -6.421254923903367 31.468771121306474 230.46571235639274 6.334179541920879
2349 75.57144757654493 -27.538261055669572 67.72998641347027 6.334148143544685
2350 38.975721116283246 28.51991193304392 59.83607731539991 6.333690494563871
2351 69.08983025960508 -28.80329714580489 89.01117956817038 6.333287692114126
2352 -0.6078147651264643 70.82845516428274 98.39741950246744 6.332271292754255
2353 40.48317465694663 38.131008132523036 102.43534372851798 6.331726277526365
2354 4.980437536330614 35.55576109531998 220.0166467060343 6.329182934128379
2355 -67.54206608396858 -33.39097682941552 67.41953960770164 6.328838502436529
2356 -14.181052605068071 -61.64558222190025 41.91235929864358 6.327188166965254
2357 -22.380663191474984 26.749161832744562 260.56116106017316 6.327136961276246
2358 23.641555688977537 49.31062862806989 6.593315737255001 6.326796666172326
2359 33.509529063113376 25.95635233196565 219.3314858091772 6.326569500302881
2360 -49.906367645003456 -22.483456246391498 122.36271535618843 6.326385402529749
2361 -20.84226453947045 30.117173868822384 23.56089068680279 6.326042676701481
2362 -69.25527718762832 -50.922542196491484 35.80446900610698 6.3250096036212975
2363 70.1130670554416 -18.78846413644365 127.36530865207708 6.324857483572418
2364 41.46918800999308 -8.262052893632973 7.382058889406691 6.324469683795546
2365 25.632825485044716 -4.8867490234831745 31.412339443965706 6.324390679744588
2366 0.5183037587571455 80.8647838461702 75.76628627408562 6.324068473093338
2367 -3.6267298514931645 -43.224011449712734 159.1543888268812 6.323188137744338
2368 -33.81723147929153 73.8992701772947 12.91446934278933 6.322700824593275
2369 -49.68411391299783 -21.49757694555967 114.43030458978346 6.320894288852802
2370 76.32524305771545 47.046257560548895 29.54241657829393 6.320532991122247
2371 -23.499836682928382 18.782935171538213 129.93154525979094 6.3204163191507226
2372 -53.42124998769503 -53.66676173722914 36.961665886437224 6.320143928885415
2373 70.24847069135951 4.5358446202587475 75.54454698084042 6.319580880542074
2374 -15.707581146917647 73.42449048806043 96.15985169549491 6.318721565370202
2375 -54.76001497787535 -41.02251074696636 147.61862714940602 6.317371118509323
2376 -1.3836736843039228 15.737347867023672 255.2604283281644 6.31712131912329
2377 -31.043131080954655 -12.749491662379917 246.27305798653273 6.316884442610951
2378 -6.349950626743732 25.551723041934302 189.39130236918112 6.316633530656048
2379 63.35722638729404 18.23857788661367 96.68020936025297 6.315153068894752
2380 -17.126868472975808 59.32927170600179 63.91638057384179 6.3149909948240515
2381 32.47725385078626 43.892227614926114 198.0823789842779 6.314210026862219
2382 7.20326889712537 51.07579750490068 105.80345739567848 6.313432111491944
2383 -37.576428391654524 53.265559671217375 148.2046773385206 6.31340771465214
2384 -7.60936976678862 27.78825334952468 269.54222195822285 6.3131875701297
2385 -26.376805727299594 23.716148668447076 156.30838314910756 6.312520181521206
2386 58.76652181151765 20.569042269172805 45.11649201446704 6.312431200476346
2387 26.163701507021496 -48.49335572909449 235.22044237849036 6.3113822755808595
2388 33.369798349576016 -1.6490493283151766 42.03872696031505 6.310800748991667
2389 -65.80112898925357 5.951403780219117 26.952155393588466 6.3107525900218935
2390 -16.29809683489714 -19.169087953153454 275.00382995000876 6.310739872199226
2391 35.829270859982984 70.4510705000072 10.122353856046162 6.310319994530903
2392 17.837968733471513 23.12733655436173 72.10171432595044 6.3099892408531675
2393 28.493721116271246 12.759916333366748 106.36056920377165 6.308784147838652
2394 11.452776577718346 3.0542085090853934 14.857800144482027 6.308612381296738
2395 -26.51722231917511 -64.45351585993762 141.20058021142825 6.307997276042647
2396 -39.58054755863354 -1.8453176656298647 256.28740696669377 6.307731603981131
2397 67.96633810104814 -42.82687169931445 28.265831516721153 6.307424899089203
2398 -44.74643640901485 40.066929195304944 201.0546281177881 6.307347376435938
2399 31.25748827610619 53.51670899284841 12.947124604564426 6.305865030791672
2400 -37.94288280490515 -3.948388779951767 94.18761444115123 6.304007261649102
2401 -75.94486008900385 2.2496275595272066 82.17196404607951 6.303983849691802
2402 6.805841626150711 22.056079572680943 156.40164037227876 6.30341716023974
2403 -55.23941346544575 49.17311807883152 118.48074932917066 6.303238955386103
2404 -50.00266198115068 13.874654239968622 47.58943418300332 6.30196344668369
2405 -7.382550226549629 31.99977152436005 93.07539040313796 6.301573143292259
2406 0.5198866773442457 -30.59169378602226 77.32190642828105 6.299566899179907
2407 -30.017099534765382 -9.77463921892149 205.20149963476658 6.298981060369381
2408 27.243995127482403 78.6754311322554 70.05143917801436 6.298667073025774
2409 20.91498248431677 -19.413386950999453 200.99060774282992 6.298197045996367
2410 -36.6623960598526 -70.06880279556007 95.56907688968833 6.298066480025987
2411 -48.30119455470225 -45.53822567378648 148.5819586676766 6.297727014806474
2412 -3.7736361070074445 -4.917434626459527 132.75952176067696 6.297637556434601
2413 24.284882359335384 11.0489923295478 138.65473346539727 6.296625312974439
2414 46.73565044485121 -48.34415003531559 63.81083996823972 6.296278723248669
2415 59.96845994089246 -10.865946153112741 183.5650190110148 6.296194335719278
2416 36.79947484506704 -14.42767977887009 159.7932074018546 6.294997249309349
2417 -11.489271681085786 -26.82031681453744 70.64201604101017 6.29376394918752
2418 -47.85239172088386 35.49518061430895 170.64084314001906 6.292527692946971
2419 -57.37067461450148 -38.224749423786236 141.94092682762556 6.292329195116137
2420 -51.792265368185504 -64.80918933843492 60.38847436025203 6.2915795278311215
2421 -54.84759986342361 -21.236888101907553 66.35945900319051 6.290500405098866
2422 -29.58644534535552 -2.8850318451201913 11.154440515867687 6.289708504805507
2423 -1.6173794803815245 13.40027821515044 103.78960670264766 6.288995692958306
2424 -47.80722917691664 -32.68120771269717 31.88219885440371 6.288764411395706
2425 24.43572736980476 -3.997908340189042 279.08409069564635 6.288175803094025
2426 -13.280079518044552 -19.516213243641097 98.78976646515561 6.287426122821898
2427 20.973853298485157 -43.84178671559996 233.62978573956298 6.286922944025346
2428 -4.578481325923942 -42.38259315111287 197.4788860965769 6.285539099814502
2429 66.92595320536549 63.408921618255256 8.405394725433979 6.283368376197077
2430 -78.61404233960766 -45.84912323093604 11.040771461267056 6.281248505720019
2431 -56.915368740194396 41.66961237422228 111.5753965528561 6.281129336888398
2432 38.8512642969379 -14.306505637592872 21.35797833167195 6.281057502940762
2433 61.14994409180924 -32.66340333933215 28.112002499406515 6.280158008907692
2434 -45.291032459429466 12.562612098801353 176.44000515945402 6.279896113249491
2435 -0.291762711122284 73.63696207099166 33.4719656348633 6.279708794537173
2436 -13.727290617995385 -55.76121001522642 89.91825139609348 6.278790339053603
2437 53.62124041072393 -3.0429103293515687 40.85826381606013 6.2785795140456635
2438 44.438265679664525 -40.62068543439334 32.827451356882584 6.277273358755608
2439 -23.607052408750498 48.663973441738136 242.51000365265054 6.276743390329456
2440 12.994932462605933 -7.196871797941165 128.63062312484286 6.276500138222376
2441 -13.836554793813834 -20.767492599077265 213.13676554878464 6.276349967879939
2442 39.12486685178612 2.125816473534987 192.87478881728268 6.27603918116238
2443 6.021770535605684 61.365805289987605 116.70990935263679 6.274734563629442
2444 -1.8081353135103626 -53.05685859615099 228.4140933404156 6.274208950647003
2445 3.7784475774883264 51.89102335085603 96.71193971479592 6.273018232519918
2446 -54.124389582522994 58.21792763194805 9.215399353528296 6.272418211843963
2447 -13.001093346465728 38.3286688913123 275.33776551759775 6.270620677907445
2448 -37.376723081253964 12.578818522154586 122.39119120571786 6.27036515508424
2449 22.078742458448723 -65.88574576112472 111.1521219142074 6.268968201677127
2450 -3.3295338353511315 83.03065594795969 11.767877946535068 6.2672364800545255
2451 4.230113492378294 22.949085408079185 88.94017837524322 6.265433258982851
2452 40.1605152185854 41.85851045773338 60.45682713258021 6.265007331058271
2453 -41.55946897990962 23.452191026890034 95.95541418311468 6.264904015687792
2454 -28.708476051391177 -74.28755930695665 21.134186122722827 6.2641267180301785
2455 39.090229877517146 -15.148909749200756 125.31653723425708 6.26326088836829
2456 4.043754565392248 37.08238826622541 171.17786945005656 6.262878369891618
2457 -30.47407175378218 -73.19686763672773 28.03103459789785 6.262544936967749
2458 -23.662762277738267 -8.200639769335421 19.158183277497145 6.2611585191268295
2459 62.24247820424525 0.1819745074045187 98.74062082770816 6.260412454676787
2460 -26.00973858290176 -41.127742343736166 5.530841555735159 6.25944882679803
2461 -65.63904907221216 16.341789939916968 52.24480102215336 6.258812090361162
2462 -0.9434788591516936 -17.02046589692931 63.66964941129239 6.257668192813108
2463 73.39340483379574 12.347702395774576 73.38707406996821 6.256149398859254
2464 -72.70055883112755 -4.877514108489471 39.82318298794273 6.25601960606018
2465 15.579077888437617 -22.257139185338737 111.93190856049799 6.255975803913685
2466 39.49561227259491 -51.5335637165274 155.1473097027237 6.255589672101066
2467 -10.832167699470101 -3.674004703074612 15.6482888020094 6.254423465135014
2468 -76.5516388937105 -30.47007105375604 53.53131819981747 6.2539716295528125
2469 -40.10397021459133 52.374328467606645 78.93339724880366 6.252537709495517
2470 -8.332834722694576 59.56814324636651 110.99102546305593 6.2518477872701155
2471 -50.01116051505539 -49.81738348548271 45.9150117917943 6.251130610295621
2472 -16.597919017694018 38.36592159294075 15.176627935372956 6.25014573951861
2473 69.97261507330364 -6.9786397150040145 116.99641883182181 6.249563143729051
2474 -31.27316589435852 0.5653258745677712 130.43209613837948 6.249413906768372
2475 48.164764063519144 -32.58873994534421 216.86428633227405 6.248704877478
2476 -77.6165698823637 -35.63266034456154 35.57552112712979 6.2483278994258775
2477 51.166981273787734 -34.255846793991694 185.50749470552992 6.248160640363781
2478 5.5182867758851835 -41.04803502966951 253.8577350541538 6.247453278234846
2479 -37.04720448171627 24.04621684646915 180.99959659499666 6.247440004266921
2480 31.252172452908663 4.296589326864169 158.46408031387375 6.247159016749872
2481 27.723056891335123 1.830488520752401 200.5623019411084 6.246624682437655
2482 -29.845794581233143 58.80297736484972 170.5172170299112 6.246558634680477
2483 -58.51876897805738 34.72429514052246 141.22250859177396 6.246077741207085
2484 -31.620257633479092 -37.84406055562438 263.09554512512415 6.245780683018479
2485 -69.86276790517245 -13.97892903331508 128.30840470750914 6.245572157326919
2486 -5.341034520712287 43.13510083192776 162.5821672979504 6.244981903787476
2487 12.217102169443677 81.44812891608812 63.5846930965558 6.244066519891645
2488 48.08469200575963 -22.65343093856727 95.90604171785158 6.243946729649487
2489 33.94758882065888 -46.01239201589311 92.56467486758746 6.2434496206216
2490 -21.35542900477048 -11.582062632656939 161.51560124652417 6.242728131974971
2491 -24.11429538843933 44.552088076235776 129.15145485938396 6.242723992022992
2492 8.437994293930156 36.166963634622306 140.5647466811011 6.242156615762918
2493 50.29630749404519 41.233330314589594 140.1025051533599 6.240295194923094
2494 15.650579478189691 -71.10970739495279 110.00446712448418 6.239506249605656
2495 -35.14168257049611 37.93947274522836 237.45834896430134 6.237068280734642
2496 -37.56616070670381 -48.14322313049115 193.22187026253243 6.236437318112347
2497 -35.62514050825355 38.72414418266955 94.96405395003376 6.236410534178201
2498 4.361700911173578 -0.3153490216349919 64.6394474843504 6.23552607958386
2499 16.75854949519792 -3.3190746887592857 165.4670102267215 6.235240385525522
2500 -44.16996571078689 30.337421937512598 96.79720088659522 6.235052241948694
2501 -0.43898580644575347 -84.00271155293048 34.9789066499519 6.234624389222895
2502 77.31719144947907 -33.7642608164241 27.80379508862051 6.23387096315767
2503 65.45998314327592 -12.978563757011337 82.58701065594644 6.233214077712073
2504 25.626010661517547 23.408320948055305 169.4012254165462 6.232136334532937
2505 51.81776606900512 1.7022791917800335 76.39888749387664 6.23179626909106
2506 44.161293945557496 40.62992312663943 132.57185411598434 6.231134487248919
2507 77.28131139406223 -3.580467072368866 21.258743115651853 6.230638039470256
2508 1.1020512845807946 -3.5196879541304593 244.2627943697765 6.230305531542797
2509 -7.448138246946258 7.57169260851081 31.63374346296206 6.230261903565374
2510 -45.246347964608674 -46.71574398513946 22.044945229605503 6.23000567721665
2511 52.50885988834112 23.718158670173377 176.20970611013826 6.229717954563228
2512 -13.486768049037531 -40.81379990785427 235.12517786701773 6.2296831215442525
2513 -17.216007783058213 64.47309473421413 18.955787501091905 6.229268790382745
2514 -31.257178302307818 16.782949782474986 257.10358554679317 6.2290984467354535
2515 -65.97744083012603 -1.2265909692118457 108.73937584919919 6.226730764165092
2516 -40.48346223732622 -56.51072568303982 8.00705599090937 6.226690713785378
2517 53.62393429223734 -12.241002706275488 190.33223850303162 6.225230848166672
2518 42.43699429807544 15.134289344911254 252.36457494304796 6.225210428973091
2519 52.81556246228609 54.45669997459441 22.583148508184845 6.224719622921078
2520 -0.15272370233319688 -3.6148317526044513 40.298173772826885 6.224329491675892
2521 17.868826815048827 61.164122004769915 182.41105591326797 6.224056255244222
2522 53.733134679277676 60.53051187082835 69.935283712844 6.223351450169462
2523 39.11244274011912 -12.007977474532254 144.6544834708294 6.221892763021151
2524 11.134479514076324 -20.211817143554953 295.64973964294427 6.220952750639643
2525 62.09750502398684 28.401862799951303 35.408861671230184 6.21988616441998
2526 67.21819616607162 10.367764812343898 7.868417532416883 6.219670059042683
2527 18.325493361757445 -24.394882620039585 230.93197669630706 6.2193653786886145
2528 -15.586026764473434 -65.42610066141975 126.0253840169327 6.21907902361038
2529 -27.262752297242784 75.58980586838383 14.839479335341567 6.218744547431352
2530 29.97089919324689 -17.16281451814772 162.89574906768343 6.218677278301071
2531 -50.43612345946737 -17.526228090744432 243.0718482784664 6.218544506300034
2532 -64.45239815047313 -36.79842189303151 98.33239295474951 6.218281764255639
2533 16.654324087606714 35.187975440918464 279.78954764446934 6.218063076127556
2534 14.482992991612333 -50.5238601318855 22.431943008559543 6.217864661645223
2535 -21.02303855801911 51.749779587774384 126.03725255559584 6.217257796355382
2536 5.0566888651448245 -45.016749285419536 93.71544959692004 6.216757649432663
2537 -55.64888169409181 -24.681530042236467 50.84807393202269 6.215958184707036
2538 69.36614073837207 12.441831251680002 99.47626330210562 6.214809801276779
2539 -43.7208864887482 20.717587832374864 174.63998841688647 6.214012873931486
2540 8.668309945928328 22.12983664409419 131.37147940088835 6.21375705278417
2541 31.746607309491516 -56.991951276440766 166.81319194526858 6.212935820319597
2542 27.335837512705098 83.05816319154093 34.02288433618993 6.212770935801812
2543 -3.274802929945422 -7.132654862047532 240.02682609296963 6.212052590012348
2544 -47.18834623715683 2.4329640861943305 257.5682436924498 6.211669529407033
2545 25.010839061132714 53.693337103406634 130.81695890104814 6.211437906110817
2546 -28.099813852822685 -60.925953220763844 55.428553841466375 6.211395401764185
2547 -37.50507764539188 -8.179958466149444 189.52012970919128 6.209012533876734
2548 -51.48457274299798 24.655248159486096 161.38423529366037 6.208768528464047
2549 49.68276487969224 -32.00672785261154 168.25634215554385 6.208743387097697
2550 18.6481874351278 -11.744989927433867 70.10424763874504 6.207317229061909
2551 -36.35556311164689 -35.842025644387206 112.38259416646517 6.205913051522938
2552 3.63840629469032 -29.04231488523389 277.2605739089177 6.205094800202319
2553 -13.231353122814753 23.664785650645246 82.92793391315655 6.204979439696351
2554 18.357768016146263 -52.16860621712634 110.30697860284404 6.20464725168015
2555 9.118863744498288 90.70152821723585 5.567452034712586 6.204002181863619
2556 1.2185401842333912 -68.43877040071347 56.38490674781714 6.203825318929702
2557 12.387408150169541 35.617528607134595 149.2281785980392 6.203028349251829
2558 -3.015479448280108 -41.11401027234327 97.75802028769384 6.2022145706794625
2559 -66.74449412110907 -43.853893469808405 6.7621537311763324 6.202104833106547
2560 76.64453108141741 -23.053947650995575 75.41425098820802 6.201783133717131
2561 -8.897283105407137 -62.34422600408357 186.55850240426565 6.201216288236644
2562 -0.20777437272664867 31.240300504262272 9.795688193007381 6.200490683941346
2563 42.90490618933917 -36.057257879751695 92.07685403945294 6.200485383680486
2564 82.83098132310751 26.339010250118644 44.916666724078155 6.2004647241967215
2565 -60.3201381103938 -26.075730867790746 17.87024669077585 6.200229955370878
2566 -15.81368274211805 -28.15517158539432 35.695190661434786 6.199197047129302
2567 77.07236901316887 -41.10857811868288 37.56488724456492 6.198935094940454
2568 2.17890351248227 53.11494075958733 157.72548959806605 6.198089896192882
2569 -25.94169289233244 -42.94668980410895 145.02515012422313 6.196920681004515
2570 10.05230791672375 -76.59506559883935 102.78384146881517 6.196487828511002
2571 -37.58503035028321 -14.673870110518974 253.0559396940115 6.19530117520587
2572 54.84267346161581 25.1368733167982 187.87661571338995 6.193828776238492
2573 -33.322583027815234 25.577579220176464 217.9887987878409 6.193792924120638
2574 47.57804481154276 -24.261195401643477 233.1103032269583 6.193298578936518
2575 35.04205099013685 53.704295755328964 109.85404161879735 6.1932742751435965
2576 -35.933570107606585 2.165588227252753 273.17346352444684 6.192566424906545
2577 -55.50937439607469 20.63645878455243 20.50618798304477 6.191814922690597
2578 -43.19411678613131 -9.689563779279425 138.1661573721502 6.190814032387271
2579 22.79380409315125 -35.17453372335799 237.87984447933457 6.1907912119979365
2580 -57.33913952208971 -2.6052766486743817 224.41802001151424 6.189841862114019
2581 -45.890348797539325 -51.407447713112305 6.074400594562023 6.189822721523184
2582 -19.07750712638446 63.689994550699865 25.68107626838317 6.1886461971777464
2583 45.50904966631005 58.5605436022503 62.64497506455625 6.18757495865996
2584 2.23628131021578 82.0489577402274 68.37405314617293 6.187552773054739
2585 20.64005249631754 57.703509896934946 9.74021465686304 6.1875097020071745
2586 -44.3917119212574 22.200537457025384 144.39093003384454 6.1874440579772205
2587 46.218858905705716 10.218327159680815 171.42641237806666 6.186605197479054
2588 -38.053135826179776 -63.12939618042633 67.99739615624267 6.186063030457323
2589 -15.009849269050179 41.73915519136647 214.82629764666967 6.18553606981354
2590 -30.33990770169968 66.27232593999689 117.25446626679422 6.183381798368602
2591 -25.374460913922018 -29.241068593266764 247.43228200780132 6.182865275765712
2592 -8.76132543017515 -2.16877897934274 35.26417731122449 6.182773594877691
2593 -20.718217932278954 -2.264762644866636 11.20636240636874 6.182711284435341
2594 -13.493771799915539 -40.13832328920629 134.15814850976204 6.182653874684794
2595 -10.198579991714553 31.311357045332763 4.714319966580187 6.1823735682222605
2596 -14.764157065300921 -65.18944217847776 162.05600429051398 6.181486354754369
2597 4.818699721755101 65.2949015992571 143.78406372926972 6.181469209393925
2598 35.50911964953209 1.430837210761779 236.47483947072527 6.180906393569355
2599 -16.454206764190758 -53.50879823244164 14.091666078049016 6.180370410102141
2600 33.71645139977395 12.845147212558935 44.27035984911821 6.180281992442619
2601 -76.30863787228375 13.009320799420282 109.61223875161389 6.179986300385999
2602 -26.9078843970881 30.574763876974544 129.90063715516396 6.1788810857163785
2603 -24.507468899291634 -51.057658162452945 104.20202752094578 6.178640936827724
2604 45.80171185685701 -60.942781409133644 100.92519753411634 6.178420302744206
2605 2.3940747502277384 -11.93480964092152 207.92321523416194 6.177868958268799
2606 -38.19508371268853 -0.155687203611528 167.97395842255906 6.177845891177314
2607 -23.718296226775887 38.944133430634565 170.11447467038576 6.177640058834097
2608 31.52121005327866 -4.694377883510804 124.68952567649876 6.177407118686985
2609 19.07379120843131 51.376932267582475 81.11023724509036 6.177301350093579
2610 -5.849870047835847 23.584908492538183 171.16760150753467 6.1765184476204285
2611 -69.00795223267457 -25.367377171083803 109.59802166231945 6.174511218661252
2612 -8.98746522192844 -69.57589567220731 146.01890006230693 6.17404076040545
2613 37.214742520159454 -27.33919105625353 122.47995983656143 6.173433667986203
2614 14.088493045579082 11.789859360580248 23.75910746755325 6.1732177259550305
2615 55.97950234712767 -12.925519106568958 3.621260861209926 6.172026098260076
2616 -72.3452125081605 -19.484736660820918 49.56790397085815 6.171150607175536
2617 48.80931689703624 -1.4418464011791725 68.83264455066056 6.170973914030851
2618 -23.191568397498667 30.53414563303065 161.19668480937324 6.169971663609819
2619 5.451419280688745 64.75232129057807 23.725403109457332 6.16993327503099
2620 -0.06983932421347028 1.0658248023275532 53.91657460965965 6.167856971737692
2621 -46.80765469365038 55.31034988633122 74.6630924450285 6.167756742758865
2622 22.049936221693507 14.985881821975465 127.35429242197196 6.167726080647035
2623 65.11219671070243 3.1872497715418886 110.338336495351 6.1676430860964215
2624 -62.617206093360764 -11.476491356035986 75.63882991645833 6.165865235665935
2625 26.95898358881086 -39.71614865035266 97.60794173093531 6.165194911411142
2626 -72.71391826139725 37.89113746002918 53.77066674122473 6.163475178987663
2627 48.444461430873424 -43.3135847665082 142.78369379848664 6.160392451673151
2628 -75.65119863491074 -21.93193482164383 96.94165564710613 6.158521961990897
2629 -15.034625316560394 -45.77378065187282 127.94593697984259 6.158359890903318
2630 -40.15715438574935 -23.21628092603769 48.51848924884122 6.157458473136641
2631 11.623189575130223 42.19011249404679 178.7048630638406 6.157124150453635
2632 41.69225119814904 19.991200689576328 182.9276465384745 6.156736701267938
2633 -46.09540181229652 -62.757828722781205 79.5836228648262 6.156221682121082
2634 -6.515693016190234 76.55846260439645 14.88592026890841 6.154906067064148
2635 -39.46321643465669 13.368564562212343 60.36453129124199 6.154260919145723
2636 -61.98089833748216 -36.00730020801376 120.61357468654293 6.153428378315622
2637 35.020425100349925 35.252652891139746 143.84519542377976 6.151080679762834
2638 -42.82960735492954 -54.037518733534064 28.715166536368177 6.15063061718657
2639 89.67676974657842 12.188646517609374 9.640887352907846 6.149692436425859
2640 -50.535209760883546 64.87479570909038 31.983666964714345 6.149692394804607
2641 50.22611577075732 -35.42624296978883 32.26347188722939 6.1494253741815355
2642 37.06176205587306 -4.308072269533968 137.27327233420735 6.14893442797063
2643 -14.937108688108465 -43.1167097234037 52.49625063348943 6.14852621832315
2644 15.380027516211937 40.966271170847165 29.194019428736755 6.148171916842793
2645 54.70847418528022 -22.64073217255215 68.54640865303531 6.147895583101936
2646 -39.70290661094433 -0.28964270767148825 51.606139237834824 6.147515980169153
2647 -34.86584096589077 21.498492545658138 123.11197605291966 6.146997484431326
2648 -29.554430655233986 -5.040488562415563 86.58869361820959 6.146941092565591
2649 67.8364437017791 28.758462193100137 124.61080775354601 6.146393918762982
2650 0.7816474117340112 9.911511879472183 126.38323928422531 6.1457597630995595
2651 -50.617198457234466 -27.8818226722657 85.87713140622593 6.144318003149398
2652 -29.760731258597907 -36.97173784847204 176.64570319332103 6.143063649823972
2653 -32.97897993189545 -5.174463871844926 199.7183187348735 6.141994829616183
2654 49.95484774857181 -20.590947519249372 218.64124552118656 6.141504783799242
2655 43.46231772028091 -65.70981041432867 6.41838194056577 6.140597981905861
2656 -76.17418154064683 -26.19220844132681 65.26635314317083 6.14048151097786
2657 9.770582518566737 44.713337967839216 57.9667497359355 6.139162998376982
2658 2.531108220345879 14.039210200689721 59.93324847714705 6.139039397423286
2659 -25.903395422560152 63.74405888637544 146.27581289116142 6.138643156516675
2660 -11.403765836026823 -31.202368774122363 141.34950042266246 6.13856167464487
2661 39.70998116007876 -56.9806947186142 47.78562867945636 6.1373526497064566
2662 -26.37548564097321 -25.57369578049031 27.77464865041074 6.136555165341876
2663 -35.814230697446646 0.5755234503478932 20.583497858745133 6.1363629634198515
2664 46.007452595872365 66.55942993091244 82.55131407422277 6.13437930387817
2665 0.8789123038467235 -47.21952098738827 108.20020258894351 6.13418575895105
2666 -68.00124225314653 -50.736048150688255 59.19822145047861 6.133810866642339
2667 56.32961749270599 -0.2847090937487473 69.20868431921346 6.133616654490407
2668 54.720663298244915 2.5502415165523233 191.81708679611822 6.133357749683837
2669 79.69711176481283 33.613970084005715 10.635272209348551 6.1330646350557325
2670 -41.28578069608442 40.58692294620352 54.20383586058717 6.132381091765113
2671 29.805924482745297 -21.936496396132995 153.35078889425944 6.132169635700238
2672 -14.470394969072592 50.541195132959096 235.4591584623387 6.131717501581856
2673 -32.69907466201164 -48.663706481470925 89.36739344161487 6.13171355216246
2674 18.906882576374805 -50.79282669144696 33.5977972885918 6.131086492700957
2675 7.593846641588352 4.869746891494359 209.08504137486366 6.129120657995237
2676 27.723241335161664 1.052464830180298 207.70568486072622 6.128978267681296
2677 -25.747167040880267 25.778696484406254 294.5131885470134 6.128893192945081
2678 20.339020688734156 -43.742491138899254 47.69364955994554 6.128518742195651
2679 -18.659297967209795 28.50146603350616 244.0381850278196 6.127188882102246
2680 -14.379376829836424 40.34854681430015 251.7536664345871 6.126867599046395
2681 -37.47851264072036 37.72884901151269 198.94776398683743 6.1245592163817495
2682 -19.08793363413195 82.82649350425815 40.93569312085284 6.123671450183475
2683 -6.726236240401899 61.22868825648427 125.97811459009267 6.121623855351091
2684 19.8998550106818 -58.08574123495619 194.9133626151474 6.119250780865925
2685 -11.441140820604184 53.64609666153592 190.80863018177348 6.1189232491883665
2686 -62.205415531269566 14.105651852215706 96.34098928157975 6.1179578461570685
2687 18.122319437609885 42.82181413439991 220.58656161085045 6.1176334154852094
2688 32.89014715825483 -46.7714833560715 149.0263133824785 6.114681659518868
2689 18.505327913150897 13.042836233500383 225.47825308778732 6.113600994435664
2690 39.01379362193897 46.195877480499675 50.50257748861838 6.113358236052432
2691 -64.35775189936345 -1.7551958247086414 179.69955965485198 6.112544543218565
2692 76.41676161441467 -1.2843823624796258 56.95087433261424 6.112276166543232
2693 -5.894180033445787 -29.642379484272652 117.2139096569937 6.111483363370765
2694 -46.90464035185178 12.927485321245324 212.00578963387048 6.11132487526787
2695 -9.731082406470582 12.897326920077976 253.1597211963265 6.110746169520786
2696 -34.47602393004538 23.493350707534383 88.57306258765617 6.110585609006729
2697 -41.710989755207926 -34.04441480283736 169.9313149226694 6.1095801301067
2698 -25.7959690567111 49.902470946971796 66.83856679507976 6.106820755278921
2699 26.13660501878338 -48.61606474866877 129.5121185396514 6.106555707713172
2700 -78.99141449005226 11.089330024783177 63.87870645538478 6.106161779521216
2701 -28.781384171807748 51.48390808584715 84.36776474355449 6.1061184818262735
2702 -4.328135454097565 63.8886513042098 178.96431035519043 6.105949931986981
2703 69.48408823947052 -0.9168195032068419 3.4607388246739346 6.105736005957169
2704 39.01349289193785 43.18828828546822 42.85729184965085 6.105724032169438
2705 5.441265484754609 -56.05685503424236 4.675840329545642 6.1040804065627885
2706 -38.674176125562276 -27.019601569530188 25.674544122516433 6.103687555749203
2707 -48.8882974571637 -37.31970737179711 18.233037760393998 6.103650292480026
2708 -55.071736273174935 -10.019255225797474 41.954546055106825 6.103647004136499
2709 -10.354909329732234 -9.378380729024489 183.73556376872028 6.10337833173788
2710 6.149169999963391 -44.367384519411175 138.5557823479843 6.102382214430291
2711 19.14363653798659 -63.50494533405251 82.10901721739296 6.102381074407183
2712 -6.238215473113378 -50.67785988999096 81.11565858082331 6.101860205969572
2713 39.64601838428948 -66.80371269868279 13.695221254523705 6.1010313221900425
2714 7.454978275447037 -37.94933072818309 84.86667429436561 6.100986024005351
2715 -23.451005965074078 48.186305886121055 223.25007132456352 6.1008894249049685
2716 -2.5362784707480728 -20.434308162366396 289.7968807012038 6.099358543173098
2717 14.718651759022801 -6.555531349133853 195.99161706215833 6.099314962983986
2718 71.86895474757819 -48.3916517001363 31.856362519685522 6.097408670830717
2719 -1.0880407314748433 -24.6555217598821 178.16805511834528 6.0971923731024456
2720 -5.5229291727763155 66.85472008280857 78.17957770249934 6.096691184833196
2721 62.749591383464804 17.799399716812577 20.12909289293247 6.096003932735078
2722 -49.78525958491585 -18.473307773631753 102.51595525222555 6.095634972997523
2723 -49.62344223502184 72.52983127705498 32.980292728994044 6.095438318455869
2724 19.68192888845666 -19.6225181049822 207.56936706019582 6.091852351677637
2725 47.50943226514234 -52.03817051026756 139.3714938585661 6.091132014384147
2726 -15.0790695228824 65.00778286808747 152.7996893880155 6.090665877877371
2727 -2.947350549492521 54.34249277468929 34.220365634185114 6.090103346478575
2728 -10.7395737759817 15.006155199452463 226.59453698893475 6.088440105965672
2729 -18.642897859783112 47.89005733526802 144.81007550783374 6.088056367149203
2730 -51.16409611632639 71.04273130938009 7.639230443310374 6.087660283794191
2731 -48.72573139254736 2.6551219153471872 194.53805209829682 6.086038860491788
2732 -29.28400443853529 -79.28596855623829 16.4253203903914 6.085927043829624
2733 56.97993667770276 -56.36293292709827 86.73559765747002 6.0847999184292565
2734 -10.856836140204047 28.072644862175828 43.4411524918932 6.084148577231131
2735 -28.781280245467737 54.30704396240543 92.60708743577283 6.0830367195226795
2736 44.79398296421006 26.525299050079628 44.60638543927733 6.081023797380974
2737 -49.582194301062394 -26.41876134822643 38.24928406745117 6.080678557474657
2738 55.42614145602202 -14.630345984975714 180.72933521435496 6.080478563985623
2739 2.826037006242762 -13.0980928097993 77.26804518887022 6.080229834064749
2740 14.545037352933715 38.417943794767446 165.25284851630744 6.079822985161001
2741 -59.29416165421453 -13.89240782796629 52.631002373282286 6.078452652092642
2742 20.33076581946242 75.73187527334662 46.15518773789979 6.0784188948186575
2743 -29.738658116701302 9.515962075743344 18.724732100267673 6.077966004850318
2744 14.795648608436904 29.73430183156001 61.412419382256076 6.077261618453999
2745 -45.16331556763063 33.10424184824388 230.48025281783248 6.076439572638139
2746 -8.951144442419537 79.04075472643765 85.04338717409854 6.0762152196979216
2747 21.75095685663912 54.58456042182672 193.6409453184225 6.075932086958962
2748 -42.89407127067807 21.86791186151789 85.98930024288002 6.075594336345805
2749 20.797439549518906 52.54398829235114 210.9167652862155 6.075059718300366
2750 27.80884612669569 -16.013797735562303 266.1857143501154 6.074159847676194
2751 -16.687003201452754 -28.787660586975505 265.13290213506605 6.073091289659416
2752 19.09978483998538 34.21262537868971 229.31042249976323 6.072827852117478
2753 -56.270039654339335 -2.493773083085651 180.07175467471453 6.071952914442381
2754 -26.904547255464355 -4.19047161066702 4.984860564226425 6.0716659729611475
2755 -8.726732576728802 -58.47056143544281 77.01805378073134 6.071480623606376
2756 -19.303631743189612 47.6809183962518 196.64651086791017 6.070854936037129
2757 -54.91177308505384 -11.108568246914608 198.76045541422022 6.07070319025683
2758 -1.09597955692659 -36.94167218828742 144.917377847772 6.070510075864882
2759 -46.00258854196227 14.955959439690519 126.63995781791361 6.0702569052317354
2760 -33.498753104940995 -30.997778018129285 293.8900670853029 6.0702449007439
2761 -53.52724069037069 12.299200770061704 203.03761029606167 6.069272368971448
2762 65.92652284041029 9.769282796992954 156.99382332782562 6.067453710640938
2763 -7.573441974822569 16.41831195136192 174.39282227555233 6.0673105308897926
2764 -1.807313504192713 55.298038203092005 168.64859561659836 6.066848956912204
2765 -26.27561490819682 -42.18403659053226 162.53915054908708 6.066376741091468
2766 -8.286034548955596 -42.98129767716307 288.90572745129447 6.065993802352544
2767 -62.978471827146954 -22.46633869265972 97.84413259063757 6.065497629400514
2768 18.526519837153504 44.694447438322335 128.4691730472397 6.065338407246342
2769 52.808358308612895 52.14002279067026 65.591882797818 6.064552605819661
2770 27.385933557462202 -53.597381011268574 111.49932400972122 6.064116538885056
2771 63.59089727174057 -25.40203045647438 148.68417660496706 6.0636134351652675
2772 -58.946001389328195 43.5555662046481 18.79351323326717 6.0632636798666395
2773 -37.56093658219551 28.018171562146907 93.14719223980148 6.0626100090201955
2774 -10.79966055336272 41.361637833510926 197.99434184330826 6.062488266711301
2775 -15.84116753040189 -42.03065413156942 71.19941099650377 6.061670919041076
2776 6.655658004406542 32.97140526513321 35.10480493041547 6.061351310092135
2777 -55.23406914291613 15.126929660499279 23.198882035124974 6.061054774256998
2778 -60.70134062288171 -61.7921287260386 26.35756131240527 6.06088418678116
2779 -31.33126653781283 31.104965271062007 17.776508388791648 6.060070750104053
2780 3.6594063741988014 12.46869938639674 288.953780155721 6.059990401272027
2781 26.09872776247364 77.49958798525965 76.73219923984183 6.058791183259562
2782 -26.61841138837777 39.87294531487506 278.6333540178593 6.05878560518201
2783 51.549170988222926 50.6395531382248 89.58221018194293 6.058289531560799
2784 -44.139708215288906 -24.329524907992983 98.22531578065745 6.058282271834865
2785 42.089890042502596 -28.735425182951104 24.480093967725352 6.057534296245482
2786 0.23040672320933187 41.61215170426125 231.38801848924587 6.055339544479159
2787 -41.812191347553444 2.242414843826447 205.3837565089835 6.054622099012279
2788 21.92091448666396 -60.19048305932648 153.64355673324732 6.054400570374763
2789 -47.613233324036756 5.575353550876876 214.01040510670498 6.053936315550493
2790 -44.57028249623011 19.24554639127694 241.25972011675154 6.053668453296962
2791 57.21168598112185 -34.73280458165257 34.30036145997966 6.053466215541903
2792 -65.36934638169478 25.503771659443437 41.97157491136541 6.053175279300975
2793 -12.963564306293339 69.04537195048658 126.3403029177583 6.052883192629564
2794 22.814343186289314 -75.76518946502985 89.9458026499309 6.052560443794233
2795 89.74642052388444 9.155005359841986 29.167340300687037 6.051953708490511
2796 26.954109580961585 19.434797477432976 157.85417820579062 6.050928820862207
2797 -46.34962903023338 2.458078102167516 20.886257503853578 6.04970702842572
2798 -11.916702874855861 9.039260038563407 6.5948182765047045 6.047798975404836
2799 -32.07386159979653 -1.0911090188409123 177.44009071086128 6.047730560762946
2800 38.03747829419033 -30.244906056166514 140.71321171298658 6.0476046360832845
2801 63.643644659462026 36.535681978080284 77.21931505060837 6.046968549562286
2802 27.913907330013863 4.307237657774764 129.42272684709656 6.046779345078455
2803 12.946539106038855 1.508565078900431 248.27269635491416 6.044498767506208
2804 -77.39287989809597 -37.125168859176355 23.65673626356036 6.044160233730535
2805 65.43171629687441 -8.199360570939426 137.81617469292723 6.0441499937126455
2806 46.68908068118076 -35.692531276510145 14.698415819465593 6.044040895594382
2807 8.062881962062853 36.658400439634455 242.67277367532344 6.043833988804498
2808 31.512534611719165 64.77211091252497 8.497030790340489 6.04290161584462
2809 30.67695031915161 34.7033584204139 34.2081713508248 6.042604334441599
2810 2.5884543932164013 -50.794934035658684 76.27459605866646 6.042190748912317
2811 -51.802889986449856 60.36177336075919 38.077965279768186 6.040960743234497
2812 55.63231311214228 -20.96531767772401 198.95568640765828 6.039956030638828
2813 -50.40907303135423 -63.766058301507535 73.84817529653925 6.039461448486257
2814 -47.27515641542827 -2.4354430905524342 262.0925009434753 6.038147251344299
2815 47.19425942511927 69.19216419924498 10.424205316318327 6.037985398585828
2816 28.554213577164802 -65.05824624417723 145.7618831155476 6.037178446158641
2817 19.74343799587469 55.01950810276895 40.467092297653224 6.036648102055885
2818 44.782302452800636 60.731809123910104 42.54530222230662 6.036170613652115
2819 -0.8763198339550264 47.88320357150755 93.45386204946023 6.036053114706332
2820 -22.34608147052079 -47.46129748422264 202.4945872828738 6.035936544649077
2821 37.9966837284464 27.21776432231214 115.52122942043884 6.035628953642008
2822 -74.47692985911286 45.25694652114762 10.40503987440099 6.034118307511161
2823 37.606006896355396 -39.09221652009012 99.31402985917029 6.033314235242462
2824 -66.61208638449415 16.76937734316886 26.69900739301559 6.033309832381243
2825 9.130043371504264 4.950380906989864 163.18866228907694 6.032669407421207
2826 44.189942341620736 -40.526768820256194 173.08674848285665 6.032231577312128
2827 58.75973676788149 -24.05920916531234 177.8117411500354 6.031896425997988
2828 32.63859111337677 -25.963264172475995 149.30410569735602 6.0316554517612655
2829 55.09966485083069 -18.795562162944517 19.80133427223987 6.0284463396540025
2830 -6.291583480973934 -26.369780238642093 9.787715252965365 6.028312274202006
2831 33.558384686256304 33.71381159951905 217.7532668528953 6.025806644062806
2832 -17.76132234433788 70.00055240417845 44.648719971004105 6.0256294161766375
2833 -14.526795115008156 -54.26144186825464 105.11946624590087 6.025489468569081
2834 -57.89313029066909 -53.780270956632926 91.04855907532303 6.02509521219498
2835 45.23768719960934 -18.750435780476014 275.6228187667394 6.024256049733825
2836 -8.7363750376007 44.655065382376094 65.709118406102 6.024030438368854
2837 -47.77802752239024 -20.123239342556186 251.61636249419053 6.023607521791757
2838 -30.31649673553982 76.57908081191017 70.69956521635488 6.023412483074974
2839 -54.182754760197895 -16.3553385555816 18.760476055837334 6.023354210226842
2840 88.37959101611625 -16.818494777851193 24.03660945952026 6.023276781997553
2841 35.13059910265721 23.569832763476896 27.41006622930321 6.023202354870195
2842 53.78030553294421 36.94681766760919 92.52608433157603 6.022673683078682
2843 31.880364895042405 19.246567229111495 39.32357077411967 6.022567108169058
2844 48.70907395293989 23.85227181457899 113.66986925068336 6.022522277328371
2845 -2.449803621576658 -67.23002313785301 22.684202702074426 6.022149061397232
2846 -9.50304033405089 -0.77702925457743 150.50315239590856 6.021256480466816
2847 -22.07037720888237 -23.102605622988676 216.86255810557566 6.021242336801294
2848 36.923183893428295 45.59989125648211 174.45501645746785 6.020203406309457
2849 -52.63909666175489 -28.617523091897468 108.83546334354484 6.0201249563630945
2850 20.638738204862292 39.336990558112014 151.63138011736342 6.019888188370375
2851 -4.497875894615948 -35.11194777655099 95.93932436513828 6.019515311859223
2852 -83.56488086329641 11.098396111881561 55.547599711131944 6.019007291815049
2853 24.486802389972453 71.6508165329884 117.42801376130923 6.0180749807029095
2854 52.80069920282918 -36.401498079122995 48.33766040772461 6.017661775823829
2855 12.11851267666098 42.19267351593187 226.09601296738154 6.017522854277388
2856 -2.4983554225912696 -11.33998810014547 251.3644804425695 6.017188250022434
2857 66.38040623253895 -31.099798227674366 73.19896734929515 6.015863175665456
2858 37.28172505792581 -34.21907369219605 212.31714063498134 6.015630561022482
2859 -32.39813300261993 -39.280145325305746 218.63501273811275 6.014953498788636
2860 -16.022040717656537 38.047362720928795 57.89937521680276 6.014782237450589
2861 13.528716513444635 -57.460563243779106 75.75576382836375 6.0136153103422965
2862 -9.651639495907125 -9.742471040412708 36.72796913113156 6.013551840989829
2863 -13.70202793826259 7.370074631573088 197.32043161934152 6.012680223417592
2864 -48.9969918709931 -40.9637956197546 161.19650120539285 6.011835823609335
2865 72.88927943513762 -29.84228527552464 4.555082599345206 6.0115422281471185
2866 1.7409030767649885 20.53437424880024 293.7940440773993 6.010521025136269
2867 46.93359178767455 -14.311975631144323 215.47237171190204 6.010262296480468
2868 79.82485477355232 -33.637195949027074 4.082740130801555 6.010044151305691
2869 -27.750521801400524 58.87505244639608 164.4085496987905 6.009108384662147
2870 32.555699457653894 10.716076350299163 200.2222636500128 6.009032295693203
2871 18.81304398404 -43.05464031962711 93.56483410896857 6.0089733800978795
2872 -67.85043764801188 -0.3792220580450012 164.46389209462112 6.008228008563847
2873 -17.728268796152527 82.12023818145028 47.94045079271368 6.008123175813406
2874 7.081146645917934 -12.441889012671915 150.44912817272274 6.008096874456438
2875 62.93998934444356 20.985355081700682 165.2753461937904 6.007552937264492
2876 -49.922703896609725 27.337855661388524 180.1876858266879 6.006770608597144
2877 -49.203665132162556 -9.717243629443782 122.77685933766637 6.005826768763014
2878 -27.84058007498689 -7.794311034597007 283.6970148214863 6.005075869557795
2879 20.41570033402638 -69.84319407045047 83.35271546483024 6.004681658584329
2880 -35.52113957742762 1.574705895041788 233.75816539969983 6.002660300332514
2881 8.248218956986523 -13.548552036101924 211.9411032257359 6.0026478635738725
2882 10.74926825884933 -69.3980365208555 124.9125135777852 6.002535720448528
2883 34.7482785072109 -35.71328930170282 200.47628677694573 6.0011672650874
2884 -42.90363122117819 -40.084331513787895 40.25854454325763 6.00058551886061
2885 42.123557930052186 -35.41187355609442 41.10287322034843 5.9996499549747835
2886 -50.01121310153071 -57.97541650336561 42.122436360535325 5.999182322501227
2887 -30.41391186614201 36.709642265774264 82.27692340278098 5.998364442107357
2888 11.127175168855594 19.892912903992745 208.59103109928284 5.997880070537836
2889 11.341032363992957 -61.225541267470405 28.45932261222143 5.997332244426148
2890 -30.755488630528486 -2.4169034058063357 23.160395177728212 5.9969658846206055
2891 41.76341513979351 -8.238678841500885 231.58142874986774 5.996944290143241
2892 -23.97930556594246 64.71288878952242 134.47789667637116 5.996783023376463
2893 -76.19037036778711 -44.4151190612915 35.799531982580916 5.996310756380616
2894 80.60169644279587 -10.728295818218175 48.93728067039048 5.995727517789006
2895 65.46730792156072 32.40201621207591 101.4709189928794 5.995635604629234
2896 40.1666148774527 15.169967424179763 57.151838445604355 5.995109749499868
2897 -29.04665920956928 42.793372258129274 58.30022520296869 5.994900419892943
2898 -45.685829751194156 -34.82313743604184 79.39633067081435 5.994736352422141
2899 -9.673165685201036 5.573379965655011 25.52893231503856 5.993623790115229
2900 -16.49263206556217 -86.27092456122877 22.03545039854861 5.993449017779312
2901 35.604471108752904 -12.806750326528027 285.54578400099246 5.993218357699855
2902 -25.75823961992269 80.59899801489844 19.965782551673996 5.993013940898231
2903 34.401272732545095 -12.746133868198111 224.5856603450287 5.992705571564489
2904 -14.10289933545962 -4.940796131152227 70.46875290175664 5.992417423195753
2905 -12.050752762252142 21.3399863074139 197.3717956510667 5.990369252799579
2906 -60.80766412710826 22.879156085589237 22.851056248640855 5.990206249954388
2907 -25.90900055566215 -26.37410312496963 118.63230570164058 5.988870764009754
2908 -27.216721304077613 -46.161020596211976 28.770162783688054 5.98857921524571
2909 -4.716585606345038 -56.84200934819707 122.80676873033036 5.988419383846299
2910 -60.70587867578183 -42.16022784780525 37.663488856028074 5.987541846573107
2911 25.35125488269248 23.79301503703237 124.64731451765564 5.987405244106015
2912 -23.712785364544846 -22.425952409483244 93.66699106692722 5.987128739200783
2913 33.45934688195741 -45.366133375910096 76.67382440804964 5.9870422332405795
2914 -53.02856862100488 -9.476752064012267 247.90448478959638 5.986978088458997
2915 -17.256714849763256 -41.31908923030379 37.995552190645164 5.986490100911005
2916 62.09759583542104 21.47352838555308 36.69887274782025 5.9860370390838735
2917 -60.22622624340554 -30.547722282541834 156.22152076057617 5.984123862907662
2918 -9.350422213105084 -8.048252914158226 152.3655788109508 5.983176505567319
2919 87.64767378588546 3.5621399519663832 19.459585914077795 5.982426301074249
2920 -22.013475148305492 -37.65527904408633 212.34573887194878 5.98190168545171
2921 46.83745300149068 3.672190805955468 54.87083503836288 5.9818095574462955
2922 -42.00624167792889 74.76660183145302 48.289291189974364 5.981207209214345
2923 -29.880299249165347 25.50129881006749 137.22783532836326 5.980348622612302
2924 53.0402369673925 35.196351692175554 75.1544032737213 5.979870949986745
2925 -60.56058632851625 -11.855439702485446 195.4936830500678 5.978583316671349
2926 -16.42936497535051 0.5072384932962608 240.72469820976053 5.97824386397347
2927 -39.339320259745556 28.60954989333583 30.4433333349914 5.97794029943994
2928 -45.04909174690111 32.00686927361439 19.892554340517044 5.97787499347643
2929 27.059695433077007 54.35189297292121 82.35917857547093 5.977852936330768
2930 -3.435232046972861 55.808583248463755 65.39050416899691 5.977060863199794
2931 17.26294803215255 -13.69352864124852 48.12113083634993 5.976968821225695
2932 -44.02601641122929 30.853527567326683 4.349940096330984 5.9768951020393315
2933 -9.647042937854877 8.577252605025528 154.7257758176223 5.97680259492992
2934 84.32394248696669 -23.706193604548407 21.8379073598469 5.97653847384621
2935 -1.8716425088359223 -15.129379840446282 185.01257822152556 5.976516546009726
2936 45.693423987272695 46.62914562933165 73.05125795993251 5.974895200097756
2937 5.514400894280129 -65.11301922036924 63.15024773956274 5.974640816103784
2938 16.769787794221656 -78.23036046546974 66.36611003340903 5.974431954716692
2939 31.059368592668513 -33.73858750155949 24.89164191611956 5.974209651823136
2940 18.507689339862875 21.550736604831158 126.68581260691067 5.974004477326316
2941 14.927060161592326 18.28746768820374 158.15290254554913 5.97395333757484
2942 38.3030932572547 -6.310444745549855 289.06080884713094 5.973414240444046
2943 -24.50252578681465 10.753794353600396 75.98581581496467 5.97292678721701
2944 -30.036603928457584 -18.11931623657754 89.574739803452 5.972768103360977
2945 -47.675096196449175 22.23107140930226 51.684048651602154 5.97271021477262
2946 -64.28432463725932 -1.1473010354981668 153.24585893926866 5.97176698780595
2947 -50.00318346974285 -4.0258265815289125 144.7043846431955 5.9712585091541435
2948 -8.28508713495215 -72.81977431253833 128.36528882617188 5.970994068936614
2949 -3.1642444220997827 39.28528017408663 288.9222344081915 5.970812512612088
2950 -32.62480589417119 -70.36524031707093 16.766637916210218 5.970235268844446
2951 -39.1915355128634 29.481226669869244 192.66952512015004 5.97000960692224
2952 -28.016559793049897 -24.140297921480837 290.7992078725176 5.968727272771861
2953 -53.10810311195574 36.78854627514235 161.44732631517093 5.9685942660064315
2954 -71.48975249188643 15.1722628563065 4.561037691984899 5.968117935614119
2955 13.53477257415868 21.912014101068767 105.10102778507408 5.967380041657238
2956 57.44286819992871 -28.593363390179398 133.5623519176057 5.96642599033152
2957 29.747454689429286 -27.238361154585874 169.37206070164547 5.9664238785681425
2958 -28.316855254944407 34.63084565959151 163.2542229230637 5.965433872831173
2959 -39.56018245310006 15.45131144661315 227.2258190011741 5.965409985662445
2960 -1.356655417345258 7.047780957880253 169.7875358263832 5.964821929323168
2961 -9.026115839299601 50.06462673792872 216.2177273103655 5.9647285045556835
2962 -17.605923036549974 -65.55046158071818 53.413933694972734 5.964420048475322
2963 25.26337662076642 -45.62876830638694 75.42478462266195 5.962575464960645
2964 -10.117883651629114 47.491449950868144 223.43398361897746 5.962496899027752
2965 61.5883182891709 43.36924300422919 101.8218621702329 5.961841177538299
2966 43.80058294713923 29.82880780767913 114.79302419771736 5.961678879124835
2967 4.118304690866447 -30.55512253355676 177.76405157391062 5.961195172230555
2968 31.893169046664767 -3.989350643538246 79.44188168126777 5.960720908811109
2969 52.81557791056873 62.72259966107552 18.824606146890225 5.96013064328781
2970 -55.01320332024774 30.566130676707928 161.01995035258088 5.959910355445111
2971 13.819266821840401 11.897349965676392 293.4170400467358 5.9587596666677225
2972 -12.823880494102298 49.7242844813877 91.79164544578025 5.958586061742253
2973 -0.529750294215658 36.77585743274466 91.66231573045347 5.958503854321537
2974 72.30637485200407 16.589280125689914 8.107339267185429 5.958015691890818
2975 -44.22972144185092 50.89342903917534 140.65059795346914 5.957268910249287
2976 26.164001279904873 34.64256338656517 239.3603548259997 5.956203699644068
2977 0.030938227459873957 -28.97607220530817 124.64680338447721 5.9560668394151906
2978 51.8749421890429 62.20029242686064 6.704784298038236 5.955279538028243
2979 -67.24735363826682 22.783006756146936 7.650140432963436 5.955278520289933
2980 -63.381379442562555 -30.400475855514756 40.63705135184279 5.955086333859761
2981 -33.400918100210674 -22.74895731981165 41.921197015776116 5.954563628639814
2982 32.39105100985816 -21.076785011191554 239.2119133901186 5.95313342692114
2983 15.884011462143556 -8.273958272536833 120.81587473565676 5.952700656508138
2984 57.256476234419274 -32.574744374684244 138.17520093843532 5.952629894747265
2985 35.75401296134866 24.35134032910398 135.09036193793318 5.952110840828696
2986 1.7541098891088405 85.68609802253329 49.23561713332688 5.951649607549237
2987 -41.241608672577996 -46.731045183989046 106.0528121697099 5.95122011774957
2988 -63.0211443738863 -34.32881864497073 136.18381522681187 5.951105755370532
2989 -80.77259352738118 36.037480952675466 7.519149819014984 5.950916677861063
2990 37.24066786847859 51.01772018852203 166.09687065497639 5.950567331815291
2991 73.43163500136544 18.429033107146243 71.8532879130427 5.950551421818968
2992 47.861790998975685 46.04967999374899 94.28291947866043 5.950485400916982
2993 7.035302372256763 -48.91049363497249 203.24566751860175 5.950431347102655
2994 11.217272610028449 -91.53278252993918 6.980732051591018 5.950104368367622
2995 3.5420596548871632 55.31449626999399 7.330643442004638 5.949568011511132
2996 55.295563508908515 23.232017284755493 212.0729210555884 5.947380595557937
2997 51.00921093641152 18.43825512350238 48.86550270165852 5.946456364154597
2998 -83.37777891474829 -38.79820042368518 9.562894409470383 5.944985940841426
2999 -24.60610827078202 -3.9637571197311257 127.12686965757457 5.942594677287526
3000 34.539304353633796 10.615472655439987 270.72200634865635 5.942173653076971
3001 -55.62248966758823 47.24413628998715 70.09280406332569 5.942159897694214
3002 -50.36416003355973 16.385723919452754 17.365538252373078 5.941639795450976
3003 -2.999711650079134 45.927316788678695 237.7698662079241 5.941221405345935
3004 40.51054961868582 -60.01877983214865 18.131461985312477 5.9412012513862695
3005 6.985293197323811 24.955070074675227 263.8347219783534 5.941071775018249
3006 -33.828738829627966 11.16307536386049 37.09959780473459 5.940574933189369
3007 36.799827921304505 61.699539264241885 107.54581241233298 5.940069949045192
3008 -0.15703324102322824 -70.45346939491327 11.536844649505134 5.939990822227916
3009 17.230412189885158 59.31942863154433 172.9318759824491 5.939572638134072
3010 6.178287724161715 -74.47838270710686 81.77695472203395 5.939402866686063
3011 3.5467885119195524 -71.72108968438806 106.27909545883661 5.938889153544656
3012 -48.89669378379048 -26.20096500767336 8.053819752399674 5.938482761177186
3013 15.044386210890789 -11.417957703881548 33.03825278882219 5.937819053016522
3014 -25.26408414170629 -53.10381116334168 5.930111071679188 5.936990595293372
3015 -7.3337097416152135 52.90259584847245 236.6959868754033 5.93624059925498
3016 -2.607249326855017 -38.57179616599841 43.186868142116964 5.935732770595745
3017 -2.8285794391339554 -47.599055463800966 224.25611029923883 5.935693626100722
3018 5.248899130347053 11.382166616047105 212.08119497986533 5.9355847965791195
3019 14.450737843321733 -26.96999094157419 5.536793501468767 5.934486756689194
3020 -70.89940106515947 -22.976922660427586 66.59888950066647 5.934305752825063
3021 5.7885407385790355 56.545176919464424 43.961306280217414 5.934026877368962
3022 6.92474782208075 75.15320209449081 50.66404625211761 5.933689745737891
3023 -12.965365982314086 29.536607419259745 188.73843770083678 5.933562768736608
3024 16.753977131923946 -29.191027415827598 272.1867112901572 5.933515258133999
3025 -21.20429137762547 13.228401884154936 204.67934627976211 5.9326689998043864
3026 38.58784692595332 62.89093298883889 19.18216007930027 5.93146422724068
3027 -26.376898368475445 16.415033282611887 158.91017715348897 5.930778618915803
3028 36.49674348138622 -55.20076826238136 73.73470407894942 5.930276550591465
3029 9.766599587398897 19.876720380519558 70.15098242462915 5.929352984001594
3030 -17.884256821953564 -61.72598099346037 6.6371894403459315 5.929165334282752
3031 -50.50941304995458 63.92237559308724 69.37352617906147 5.9283844324516455
3032 26.416564274802845 -31.545936058111288 30.017650108868935 5.928321568539633
3033 25.18977878786911 37.13371890033651 64.44528786101229 5.928108707531111
3034 6.264440589141896 80.87525693486798 26.842479822259673 5.927066684795104
3035 -35.218343059964766 -17.214968231143434 194.6245145136719 5.9267797660033406
3036 -7.609479891575326 30.496634520077006 276.3218788275258 5.926686654759771
3037 15.141114684997262 56.529505166355136 83.70030286264662 5.926662030372207
3038 -46.557204579925966 -32.50582971096308 54.11641468455482 5.925901530315155
3039 58.42072571934159 -45.09302305123621 118.6946497958125 5.925197444842335
3040 7.1053804376639285 12.225391339074879 96.8058529048516 5.923521756765711
3041 58.61575156664773 8.499567718076554 66.22071187752574 5.922774324175208
3042 -20.778249262931247 -15.015891113570431 235.9785211670752 5.922502622783799
3043 -35.46760868904272 14.062072826743782 49.20567775076469 5.922297489586665
3044 -23.983735578976024 74.57460390030559 97.83145042554457 5.921519880307743
3045 2.336992168835243 -37.88601596191478 180.99119938917886 5.921443310373484
3046 37.41693364063006 84.05526831817593 17.006023985117615 5.921422675534068
3047 -29.489959869760888 6.028956289652959 166.8051471580027 5.921413290928123
3048 31.81521439314378 53.8093022801245 48.083028601771886 5.921243357706554
3049 -51.29770115645335 35.969212767201036 180.17957012794872 5.920854981339688
3050 -12.09653567157468 7.27695521735151 79.82077040073071 5.920721833335309
3051 -19.015068151570087 -46.02859206454506 11.960044598843556 5.920705094422302
3052 -36.934705728407245 -1.875038431169651 119.05625509802283 5.920662414493664
3053 1.778327354473979 -35.66815580140308 158.27456852912812 5.920002277565804
3054 -69.90001668392756 -48.52002520160629 47.07614378337165 5.919498208247398
3055 -31.035400184016712 7.69210432424241 88.48900843518493 5.919458713082743
3056 -17.93624101205519 -52.46016632457579 161.54219833643336 5.918366655413506
3057 -53.178879195301825 43.405525531146154 35.1792670674364 5.91828609758667
3058 25.71004891844965 -1.8598459252135529 147.51566720849857 5.916982903555979
3059 15.526444915206262 67.26543340503011 82.46719293876808 5.9168936822468385
3060 -27.52460441160787 22.13214277438783 169.4783239847315 5.916038072212682
3061 -7.545090580682866 48.80284761055261 170.96094974574564 5.915305452773269
3062 47.26724985696503 -49.73722212741699 15.740225808218092 5.9141441750893256
3063 -44.92121910730561 25.086272413241232 189.31587348513773 5.913347986464572
3064 8.878162963553212 38.07569652380951 27.95802719443639 5.91314078051095
3065 -40.74781166230712 49.374646630645486 31.26372797672537 5.9128656543507105
3066 3.009889741999815 -69.37154851607765 77.93038116641854 5.912768436461179
3067 6.380135056745911 15.113822212752538 254.942588029493 5.911991301093664
3068 -23.888206436567252 85.76252831430229 29.905094201876917 5.911662351849625
3069 -6.070125775755973 38.54279846964898 239.57718464589504 5.910050040730664
3070 12.946855333105486 -5.05181943289088 250.26957181725467 5.90928851323882
3071 49.40526241485713 13.270664261158698 246.9486870973182 5.908266527790693
3072 -32.96386795478968 19.036549318818896 45.97804574415822 5.906765713814468
3073 -7.355688907510308 -12.850977754252362 69.06870131856911 5.9066445728852255
3074 -30.800186545726568 45.54184171182728 15.24721097517865 5.906542184023849
3075 63.68820726201261 -54.96474773776585 29.039941163015047 5.905750313391839
3076 36.72074623164759 19.2234844858646 91.67198991898655 5.904543155698343
3077 -67.53922032443246 40.615177378807154 48.53241229698435 5.904537618959374
3078 50.47515311902344 -49.22565455297631 72.56420800584705 5.903640818551653
3079 21.640691720072873 -62.14119554362919 9.221833409573618 5.903620041955527
3080 -55.488292322085385 37.060928909179076 147.31313741695394 5.902602633014467
3081 -4.071792205918716 -17.496994857252364 247.08307917947008 5.9025326208108435
3082 16.75394169662601 -29.742503934830737 265.60946103431087 5.90245971813257
3083 9.071735335477975 -39.90597336161153 236.85013347856653 5.900977711183975
3084 -23.58484009049856 36.97976838983888 134.0951914343426 5.900747934954156
3085 36.455479121922565 -39.318865424749184 230.45158371607292 5.899684475002067
3086 24.999680555663 11.647289786304272 185.4928882728417 5.899218547744606
3087 -72.3202031717048 26.12206993689005 27.255638547139643 5.8986040787669385
3088 39.72439112660939 53.090012932981935 114.33544669793108 5.898144565351507
3089 -45.20167024906011 51.76637867999899 99.74646185146338 5.897887199113473
3090 53.88837475175507 19.541054429988495 115.03154511584913 5.897615178228575
3091 91.02694123978712 -18.805910662121473 8.301462240716988 5.896568070422799
3092 60.313081216907 5.330317512800337 105.77476423342392 5.896387471700536
3093 -62.515379961579086 48.102803300046084 68.47804642651226 5.893878661691948
3094 -51.73853121036335 -9.728828951227621 36.63700526570202 5.893084684022389
3095 79.07911463580831 -9.34794816544205 20.24402563201423 5.89278142673356
3096 16.706640455452956 -57.63721681725993 132.63322762276678 5.89210485127312
3097 47.56238219229023 54.17973596368213 7.5612729669974295 5.888543083768253
3098 -22.23637606482649 -13.356223224397372 211.24652559412897 5.887504927451803
3099 -9.894948696087752 31.594269862857722 87.33254409951641 5.887228825768533
3100 68.23062224670538 7.653908063364803 113.99973366136261 5.885573503229619
3101 19.4725806568198 37.46040015794423 5.005774282282406 5.884015322884552
3102 33.37144854101561 68.2676767261092 15.700345609556702 5.882690429101393
3103 25.964681241110412 -45.41099139493924 107.49602526514639 5.882296284204761
3104 -47.284397775462196 -56.51823121457852 103.59562485403991 5.882291941618799
3105 -66.37874022736757 9.025002735198907 32.37917031760362 5.882028169639039
3106 -26.18462379617356 5.26155915110143 110.5251934422921 5.881692780142168
3107 -61.54752002499973 -10.822447534056506 36.105754992108636 5.880432925072427
3108 34.31051780009414 -8.64488081010592 22.677694145946415 5.879903105582348
3109 4.267479570586994 -27.434018063015138 289.60577326835937 5.879578299571472
3110 -3.9153084858169 -15.133287031136252 260.57094153506654 5.879305584819916
3111 54.70830487064668 -30.135847967133174 62.18104468366392 5.878890904216795
3112 -51.077649470682175 7.125945794072461 102.48892231043163 5.878371948788469
3113 -47.396226051138285 44.18744762438526 165.83161751540902 5.8778837661572485
3114 -69.90321679849127 -6.981944611252166 139.60257759029878 5.877396243588317
3115 -3.196005016711223 -5.7653012345942996 184.42177478482836 5.876893845581682
3116 -44.162510116231694 33.72319374046003 209.06373109116504 5.876289621351044
3117 5.253793583578163 18.83869766999319 98.61072782882128 5.87574381268671
3118 -0.14128721737678607 -82.02698839505211 58.16231073825576 5.874455799147645
3119 50.59021749573945 -75.34471390681604 5.5207478869595095 5.874235464164704
3120 -32.874423444432935 -39.96689611585442 193.74940105746322 5.8736896002075545
3121 -75.94325059957406 -41.8782109800529 48.206837512589544 5.872423820930642
3122 -30.130339588961824 27.284694812526553 261.7453426787677 5.8723139628992085
3123 16.790507202934254 -30.42165489011979 183.88401939977012 5.872085923472584
3124 18.216888808785356 -26.751136947338352 160.59686913458563 5.87152497978897
3125 42.83080081267105 -0.2718016912747063 247.20592454051197 5.871311664603519
3126 10.757123503764761 0.7602192699455119 222.46254510043272 5.871287121087391
3127 9.636894065613077 -6.4377532728207765 279.4195213668354 5.8707571022213125
3128 60.14183711768127 -27.010512658097863 3.470943288679314 5.870497617429856
3129 -32.373958840935046 -46.56579989659459 111.26471571759456 5.870232760189761
3130 -40.185236861151836 -60.32661016105578 79.59681141454477 5.870221053137116
3131 -53.639018999477514 -8.51168662291581 108.60460369178308 5.8687904573866305
3132 -43.023789306638434 25.944601811821297 53.57700928225964 5.868543673934995
3133 24.709153277707372 -62.93488896773242 93.60989341415575 5.8677005206236945
3134 -59.03914661279489 3.2341757725579 178.79213285456564 5.8660339768715755
3135 69.24338007482493 32.45697300841524 23.721325775523788 5.865056360345431
3136 -40.24805256488676 34.239241580302526 54.439333352151934 5.864308252943213
3137 5.588940461018752 52.10748990439315 27.154091527681928 5.864141388002873
3138 -31.32677430107985 -39.630022157818644 199.9464487180686 5.863482246340489
3139 32.55235227356281 -38.196374332455136 226.02813071197565 5.8632935597139575
3140 20.28588878395599 48.007749187573836 249.1918015161454 5.862326086022993
3141 -6.9840295901577365 -36.44207007661038 192.6482293603225 5.862266325113991
3142 39.9882313573469 14.937798224869153 203.15617091672095 5.8617428070429085
3143 38.52507856761266 25.591627646083882 290.07255942605707 5.860970411536396
3144 -63.79558781469743 -28.313514802322203 116.4901564703658 5.860803446182969
3145 41.15692185043048 26.747038551288327 234.2643448705975 5.859527227959931
3146 -8.082043339861524 -31.93483448094701 70.79112851335705 5.8591395513354225
3147 37.56441459780652 -46.42727193496039 201.3847227395508 5.857831036628768
3148 -27.856724130195946 33.188616131195246 288.57985182009 5.857649790373011
3149 3.7747463072338308 51.356706393790866 264.88330852966743 5.8568777143210395
3150 34.142661461650405 -28.188042373789244 28.160435463203353 5.856247171753072
3151 -12.08402967333402 61.47072134871084 184.09487615837972 5.855781712798871
3152 -10.712703071729846 -68.33298530294348 20.517800790324166 5.85572997315042
3153 -44.78084546340703 -6.1924407159726425 76.24212241178849 5.8554971355656775
3154 0.2775204255180621 70.31302354036866 122.01529724982299 5.855058897956495
3155 4.432445513602753 -58.28329648008712 138.4570060495586 5.854855141768214
3156 8.586640920539661 -3.1276945036328536 35.54827080957024 5.854668765013235
3157 -28.67409971319672 -3.797485750219921 223.01018097106163 5.854515055465139
3158 51.7728350456418 -8.631772508383644 128.36547679022976 5.854483953191798
3159 -17.878940151583727 30.909650929539584 165.2142207593168 5.854251122935171
3160 7.959604153995793 -8.557459512472589 217.32534525182194 5.853779106889937
3161 -0.965433740690246 -7.542366730354615 275.4576918799493 5.853380534026066
3162 -18.569820892545827 -43.99915565210825 155.50645058292577 5.85296904504374
3163 -32.78352986831695 -26.881689946582767 13.46259663649553 5.852206792564781
3164 63.39939786390387 -17.699494740401953 178.98846305546903 5.852112571229581
3165 24.863283531351147 -53.628592341346646 201.66563319540995 5.8515070819951065
3166 -58.850381352913196 -60.5690192050706 33.152564840679474 5.8509792309087345
3167 -3.0125335957949275 -66.01897129751138 179.08131613619165 5.85031269865368
3168 -52.00412344690238 -28.804208404507257 208.08203075735642 5.849774381983611
3169 32.813974213081465 69.33678304849448 35.261085772610805 5.849561737715277
3170 -36.270892862897604 4.252149379195071 58.80559009133898 5.849385714897776
3171 8.996541394426343 14.412846398266474 268.0449089010606 5.849239584745838
3172 -42.72049860293054 39.957760893572974 82.43279304539176 5.849046953272533
3173 -38.96376049251105 43.27259300933794 137.003320948635 5.848387735539463
3174 27.3314287958888 56.66206587507172 89.04435993695671 5.848152192493293
3175 -15.368838264971107 -71.39611898062535 90.4788515299317 5.847449348246046
3176 -0.1433390781040007 37.71269635866774 246.47647016934846 5.846687488577903
3177 -2.0267951054994526 -85.2428251080001 26.222496825793836 5.845447029341656
3178 55.14158027689263 -1.8932325433934638 116.62168784883745 5.845328622571797
3179 12.437735801103003 -85.1859409478469 12.617537584059635 5.845212450001917
3180 -48.857257754793665 23.924876637607255 197.17869886476228 5.84509225503774
3181 5.662534319362212 -73.72684821615901 26.384581858526076 5.844456826922051
3182 48.10663523229037 -41.136093045676155 185.76240216865614 5.844183318504008
3183 76.30019783784765 -3.0749451266681858 48.3394056597607 5.843989082966393
3184 -54.763551955644985 20.32206247743434 183.81750369354654 5.843665167321578
3185 7.358669609721602 77.68029936148606 68.48936717000205 5.842910579112561
3186 49.821301749562664 17.399563637640775 99.95704694927159 5.842876082625024
3187 -42.77445388009138 -50.5270047580992 69.60570266400457 5.842717797622621
3188 -13.289918799088452 -73.51944244994448 34.55196529612801 5.842398915928823
3189 22.96779218865467 -28.898835695364536 50.47198122739836 5.842256351850349
3190 41.19917055697864 37.890718419033895 188.08462498918735 5.841598987683486
3191 29.08858560778115 -34.61247271949568 186.0149966706184 5.841107995305114
3192 -40.38901169595175 5.854797150502405 160.3155272273918 5.8407067632824
3193 64.46502004254064 -48.34197689273962 8.4392477438662 5.83965883357962
3194 11.823627430961139 4.0301685185439275 230.42682028776377 5.839510161529824
3195 -48.75487681735195 -16.053970581367526 157.2404964534908 5.839041178669118
3196 -51.44554739133067 42.67524831321938 100.8411258178603 5.838334641530608
3197 -18.238593562197547 21.020777115561753 78.90202151364373 5.837537440081456
3198 22.745057957113616 -25.13371994411544 73.98731907919908 5.836502138154365
3199 8.37889856976349 6.255255336179527 30.85706010391976 5.8364196964301085
3200 34.1831944500316 -24.74209993181689 223.95225982718063 5.836276846929028
3201 -45.91383833268074 -7.990085739120935 60.381073133329714 5.835624497831277
3202 14.575582423588958 5.595203620009551 59.22010754711801 5.834677978411006
3203 -70.2356931895794 41.8994398483442 69.15340403737301 5.834521373945015
3204 1.4358073121983734 -88.65468868139729 22.731268178512202 5.834231130290274
3205 -69.96422604088642 39.52761411580322 33.75310191111877 5.8332894195451175
3206 -46.67875391980677 29.819542784380143 113.0826862615084 5.8331005592018235
3207 -85.85813469630216 -17.3983890866152 13.727288231642175 5.8322506016713
3208 34.55190065396165 -69.68309023163307 99.37702058108765 5.83221986650323
3209 46.746585549659315 29.952284874356096 128.87785793342482 5.832026673064866
3210 0.015602342567105909 18.509615649527333 147.2520831232091 5.8301378014217615
3211 10.997202194390145 44.6308563631009 65.59618192928431 5.829900527114828
3212 -44.82034176212574 60.599690321635734 95.53549302484684 5.829403919188954
3213 1.539381897468826 -63.517987654012686 79.27062007583473 5.829269908202325
3214 -82.60870382321953 14.281807776799308 46.04683817592329 5.829048931406509
3215 58.301513648850175 7.195939561266091 222.67141883578037 5.828702785819171
3216 32.5258507569777 35.708138845126236 48.11303354064876 5.828042648435553
3217 -58.88902171212103 -17.009842150499576 132.11421293627842 5.827639087828135
3218 -17.117382893822175 5.779816902858706 177.57717662918273 5.827480134051236
3219 -41.94078054512093 39.376742566978045 164.98189153665902 5.826608906765365
3220 -32.73883991429696 41.93284864387346 142.68315185054408 5.826372823788253
3221 -12.57558050992877 42.387246003836125 12.598633187777892 5.824178428029546
3222 5.07348426570462 25.298200618815326 13.171785684674983 5.823994210598472
3223 -45.464399535519306 27.55270286422766 210.17807054035592 5.823922066252569
3224 86.19616008789146 -4.833069426626043 51.01568714059489 5.8238194388592355
3225 2.7444364324676545 -57.43460199483135 62.87803722810445 5.8235179721462735
3226 -63.94534367950367 -43.331913211580556 42.829953649070035 5.822737932455282
3227 -11.433067102094476 -72.75795423749948 15.503167521414682 5.821959733922936
3228 -8.695986615757679 -12.14945007844845 6.527686970352076 5.821776816552136
3229 -10.381748352552036 26.222990184046083 168.2010146921275 5.820716210625395
3230 7.626288412093466 30.646547197197517 47.96866920399982 5.820442955484383
3231 -7.13587614947464 -19.645786909030726 40.33710200757481 5.820316929011161
3232 10.563441598191217 36.24325072521852 120.97322555124349 5.819969466292925
3233 -9.976655255523163 33.45053186217436 80.82731877469696 5.819515440525793
3234 57.27167538801878 53.003934199233186 92.06356393049451 5.8179812410380265
3235 -13.293975862674749 -19.82785797170163 176.84397523892522 5.817737769764864
3236 21.74467822576823 -43.23124238381141 221.5196882784678 5.817680807773585
3237 -39.04334079979347 -71.373889943111 19.523160625295187 5.817069741197702
3238 -65.04167516272283 -6.871679408897353 20.177406154663963 5.816807632866182
3239 47.2743997711947 21.980260089168155 158.7797155855329 5.816743863317761
3240 7.092421002482539 39.231890690178226 55.93784734331126 5.8166737664106
3241 50.78470249262496 49.20507734154709 127.1200326011004 5.816666505950696
3242 34.58138495643895 20.67442995170487 205.89602304246702 5.8162692564502905
3243 -25.053147598962116 -45.99566960362156 167.2316836071882 5.815336149263768
3244 -2.6471490251866294 73.16841771676395 39.75591205221513 5.815265589730512
3245 -37.73617162434232 -20.919442666646226 138.12829280086825 5.814440625157039
3246 35.31655096188178 24.08933424487728 11.9376922900574 5.814304078946942
3247 -41.579084775861304 -2.6704438019237466 23.513897252656328 5.813063915241187
3248 -87.79965042591562 -10.280991221876954 28.847953877225468 5.812802270357361
3249 -6.435166321542576 11.087194391256231 113.97494495917073 5.812757886394635
3250 -6.7521997246966095 -2.049136941562044 270.26081285967814 5.812748523249316
3251 -43.15317728610995 -18.554716539550352 62.188364200723846 5.812038652559116
3252 -77.76223694009519 -13.842170093426684 67.70452558145867 5.811738443965097
3253 34.64830982161869 14.339278301445898 111.62285379585225 5.810768936937492
3254 21.883713118884177 -3.9165607003593794 11.939077844965672 5.8103573222336555
3255 47.93614814041391 3.8520655147291083 214.64327183101364 5.81004871174194
3256 -22.475135444987025 17.514256714324986 37.127669727826714 5.810003250775014
3257 3.9190157761673596 -17.94551992583922 271.17585477461665 5.809522858867022
3258 68.91272525231834 37.85103562879048 10.660971025869628 5.808308149661906
3259 36.079707270557975 4.322664735159382 126.02902679081222 5.808290596926109
3260 -21.643663692936904 17.775244289819042 290.2564812460065 5.808221599225232
3261 -56.49939306604671 68.87078241929062 33.10490644730428 5.808175996995747
3262 -53.74507158396068 18.531549432392033 53.84770918602642 5.808163333594835
3263 46.007567814928755 -17.33386184244353 133.07079774353326 5.807453212803897
3264 5.518410836097337 -37.179891237144304 261.84151186380797 5.807267417728993
3265 11.660011012303055 -34.186259133951076 168.41874859057847 5.807228084362707
3266 52.124148654522536 77.08621234623888 8.90287845641661 5.806900382467983
3267 12.137926501774897 81.58528202579656 37.95449806811436 5.8068591162706165
3268 41.797982141702875 38.05356604559163 231.82202107922183 5.805524890211796
3269 -31.53156472334342 -16.444234734069774 293.19140787208465 5.803974856781595
3270 12.01114678600574 33.6716960590361 110.02445117835481 5.803797993947397
3271 -41.62071589145354 -34.16480971675825 144.17417114417245 5.802572428282842
3272 -15.93653216323209 58.20426454856549 46.58170126362932 5.802388558656201
3273 18.269311175064114 69.41395454425262 135.8201242471833 5.802369129756921
3274 -30.08484372959705 -83.37290861603395 32.50931526459054 5.801495299328629
3275 18.996287292983816 -36.312918683357125 167.88895973191626 5.801047525328361
3276 11.858840758826789 46.522873021638496 256.0735733313328 5.801013481891234
3277 51.763873258757386 -1.877906315956951 230.73296775615228 5.800839275511711
3278 -33.84367953357385 -17.04316407008271 143.4810114017477 5.800791342282395
3279 44.5763485644075 -15.993020259701506 289.6207561083215 5.800372698811707
3280 -7.278347187032903 60.37273517598679 172.0610383127235 5.800274872687034
3281 -39.64636617779705 47.988973763946724 194.42001010253907 5.79976787053928
3282 -69.0079685783713 -19.312412954016832 107.30456577884554 5.798818507620548
3283 5.162470468420349 59.595928213388774 37.271174277601496 5.798301166676633
3284 64.05462365924411 -24.36450555842904 66.47239042625895 5.7981897976196155
3285 2.4914741540347034 11.35797476382125 149.55863585965685 5.797868501954734
3286 5.552006058622867 49.26713761287406 163.65965051825597 5.797620781138875
3287 -24.50782900131768 -50.95032019983642 110.82183026403975 5.797435968903013
3288 20.997635639643963 -22.378613124421296 5.660411166268467 5.796884767424853
3289 22.57651652773088 17.788662958903654 90.38829873206653 5.795897017071501
3290 -19.89073033323517 38.532831084464064 281.63837337508284 5.795838121428371
3291 59.76651205275861 -1.3633568577573887 104.95080025632429 5.7956227574335895
3292 8.801336710854148 -44.118841887427976 20.78225564326937 5.795156677325578
3293 -36.0815280848109 66.18873751659758 6.688420063173366 5.794989580854928
3294 26.952415834221732 28.19749090663265 64.60811355767163 5.794759967834846
3295 -22.038655796447735 1.4917501404544957 90.44559932233474 5.794460473600109
3296 40.42775615506625 -61.934386819710284 120.41210545365898 5.794446157543856
3297 7.263077900120205 -14.548185710070934 28.652892872357658 5.793870665397055
3298 -55.36492792193452 19.35773769597765 29.578554767147594 5.793723248926109
3299 -18.299315588827465 -42.49889666402839 123.90370230238352 5.7927119782381
3300 -57.103509077985066 -5.569003524365121 167.86424146817197 5.7912703175271165
3301 15.264616898931791 -56.33027011654778 209.49760598984932 5.791242967260314
3302 29.353849568980976 18.725639806080693 171.96939780324115 5.7910178718484895
3303 -28.20514601927663 14.078834642428376 61.122988343018214 5.790004570452442
3304 -57.73115548920676 -10.224995079415748 120.82204189316441 5.789399922913988
3305 5.768560418639806 54.6161273529045 69.01159926649476 5.7892220363977405
3306 28.203346829676818 11.898644032722775 5.6192705375196965 5.788570859960282
3307 72.92062888680087 -35.6272467942181 81.420028503926 5.787897004641312
3308 -29.554103072689045 -0.48701113785394234 93.53158474286164 5.787237655037573
3309 -59.7854814078203 -71.2342507531575 6.472800701450879 5.78690649345221
3310 -29.16464709184686 26.519880387379594 39.66758616961668 5.786345653768892
3311 46.248330393757286 -62.175883254874144 46.222086592361975 5.78614763816827
3312 -50.09283521978928 -12.432401773603468 139.04808887562297 5.785708724252318
3313 -7.550803771842581 -25.888354417118677 281.1616408809088 5.784750470439562
3314 46.79386052745951 -77.05876025041114 17.347490467633662 5.784540455605869
3315 45.48597538674056 -32.248747535600344 34.792110194099 5.783040870315958
3316 19.13014078722027 50.451881657750036 238.00024564948072 5.782045826880637
3317 23.97554795601306 27.00961624790572 261.938014722301 5.781664672969656
3318 14.000901253370309 39.55483214569464 77.27045491395829 5.780294521619576
3319 32.35452631130925 -52.721070015603885 144.88291338643037 5.780196868654746
3320 -8.244922312930385 -58.69840853358002 30.94850071894289 5.779962326228281
3321 -23.168685380698207 36.15578531141126 126.86943495664765 5.779962318404533
3322 22.5859003495442 50.51889433820791 224.524598411761 5.779597031281826
3323 -19.246344155665646 -56.82051226887691 152.48599714183783 5.778909349477008
3324 36.019528945536614 61.52048378126018 64.97069527953778 5.77850336472399
3325 15.759198865597526 26.673181516686522 160.88344454320503 5.777422196606647
3326 4.673036639453596 28.13158278977804 283.90286852366285 5.777118373255523
3327 -12.070522697210405 -37.885346393096825 80.15906739165962 5.777108830998598
3328 -9.872155870156066 -9.542602350629377 128.48497448631517 5.776682536681632
3329 -47.24339503157297 -14.668288050786149 199.922749540797 5.776145917249495
3330 7.326799114294232 14.089548641500187 205.64541684678085 5.776037493788272
3331 14.544859158782252 36.1292484664201 173.52609050346913 5.77601164693905
3332 -12.756861671190991 51.04436882747899 248.75732741734535 5.774072745631763
3333 -36.962675538923385 22.07706673147046 201.9891585719391 5.773137988996323
3334 -41.477572676082154 17.324599168768316 207.06505213046833 5.772242875436535
3335 26.916686436900967 52.96576663955146 207.89596544078182 5.771908308108134
3336 -43.69276579326652 27.121259320957684 165.83876201284744 5.770238625696962
3337 -15.724733434727373 38.620815812058815 295.72338606744626 5.769439247824026
3338 -38.05928199322818 32.384293856967126 232.4872609790542 5.769405467243901
3339 -77.44052909831477 51.13999279327303 6.677659586045323 5.767651858369572
3340 -78.78516539234134 14.183899568871261 41.154237237958725 5.766901676630498
3341 53.649056126773075 48.4601017739697 97.57330472509085 5.766146416418794
3342 10.694601963930003 -50.44758818237787 87.13423243628165 5.765612651657972
3343 2.795326487513002 76.42680557347002 99.3174373051765 5.765197012089325
3344 17.562927106078142 54.53405378771387 179.0587814984941 5.76499342208701
3345 30.541298793790087 -46.313085021380466 140.92751769653484 5.763919170723443
3346 -20.31841383630029 18.828547998757607 243.23848515409037 5.763473102762847
3347 -18.018853774333962 39.319265100176025 187.1939349899079 5.7633294689205306
3348 14.180064536985908 31.939446535234723 26.235939066229054 5.763153766055114
3349 -41.279761192107856 17.51688445759801 101.89044155118823 5.763078307407714
3350 -8.726898194484148 -57.86274638512384 83.71056398130897 5.762396052041135
3351 -64.95482791340625 44.507052535471374 30.049545809528652 5.761118111055349
3352 14.788004317332947 21.875042875008752 21.590302707779152 5.761087584612397
3353 14.91445240879522 46.35709598549335 262.13252727095886 5.760692731290523
3354 0.36708239378956176 -1.0706742801515494 221.68222898315187 5.760644148593023
3355 -58.67941288965899 -45.752557788243685 109.3699953911331 5.760598139592371
3356 53.265446293782965 12.497969459655199 136.52684897976116 5.760596349304894
3357 -16.177442960624166 73.908375959299 109.93881360003407 5.760499860790036
3358 -11.266382187051484 -20.649910108063672 92.74857827823512 5.760270504750182
3359 47.74047702565895 -20.595346138923226 193.61839436832128 5.7597986439688835
3360 -36.193562771656104 -43.45354545595678 209.15042652019957 5.759296853145553
3361 -64.20641218470455 55.89313199150257 43.957647798230674 5.758890664286548
3362 51.5139074034512 15.445583483606796 131.1564613000874 5.758705576710424
3363 19.468863805758282 80.08563671126862 53.04483412956354 5.758180136365264
3364 4.389653494226659 28.24317116837697 92.6575646630504 5.757964216152001
3365 41.05321433204529 -55.05308372373554 35.456491231244335 5.757733369050784
3366 -17.038778295627328 -12.22075170717209 190.12500214256767 5.7572953012998385
3367 50.57739208434785 -4.210603676672106 236.17288036592177 5.756526779378
3368 1.9810042953606501 -12.011028858942039 165.76016773467427 5.756463862710278
3369 36.78648831587737 -70.12974904290687 4.8672285822111325 5.755672051971303
3370 43.63241860647449 8.4609777004718 156.48250478079697 5.75543250024932
3371 -47.12695650453439 59.49871304253206 50.93046050288294 5.754480538775319
3372 -49.54824197612908 -3.885119599468198 99.6228358996176 5.754209172139651
3373 25.04326807005769 17.687979168683928 8.648562712200205 5.752687542841482
3374 40.030534467202095 61.22115027234874 80.95799768083621 5.7525534113703705
3375 -12.158908317301911 -65.65190149653696 109.38778063088952 5.752093700042074
3376 -60.137600792621846 -23.787273863123392 121.46666995433795 5.751741787993765
3377 35.31645094054192 26.256902280461247 17.436390024677348 5.751107389883529
3378 -52.73722316155658 21.64196030569079 147.90264803711986 5.750894203336625
3379 -38.26525829995806 6.488253445344737 77.20688188559267 5.748053813777833
3380 51.13497771342553 -7.676684565950991 208.5005104403414 5.747386791600055
3381 -51.088830391606486 19.037061824141766 9.622042126652204 5.746528235730294
3382 -50.50950503931878 59.80113192594868 62.507324314117284 5.746360859660405
3383 -81.62495793038802 16.872578950249558 58.28596822290284 5.745527644621431
3384 -56.82678282460199 -45.89694226048132 62.756742698177 5.7452366612768735
3385 28.194149485922175 -4.702208868401554 71.3986425985869 5.7450883535280886
3386 -13.381841306202645 -45.87660786656213 169.64983520185157 5.744494064584645
3387 -27.407670985620904 38.29461985372245 181.32665265365978 5.743746742387824
3388 -24.04191013978442 33.96141623133214 85.15233991756779 5.743556549396996
3389 -77.92875574147462 -30.429953516791805 31.1649370607025 5.742580653381188
3390 13.14224262554432 -14.891411057544204 154.01666157490013 5.7418047503493765
3391 14.483090224965403 -52.78328002336109 15.6425223452769 5.741054549656873
3392 -6.194732562995253 26.103196847848054 104.77020966135936 5.741001641243326
3393 0.2065008495302446 -27.39138708803305 109.81228892707566 5.740590367949904
3394 35.950103165301144 44.664828349025804 211.9613980608406 5.740584994118415
3395 -48.588794631490956 31.29431832373093 62.28519407883528 5.739463275397632
3396 31.77357450060271 18.414532973194373 228.5124665052017 5.739380124116719
3397 -52.07560801962713 8.252980315810367 59.619897401000095 5.739275023984858
3398 -1.3956354720961963 90.80742508754393 16.766605464301577 5.738954818349457
3399 -43.92451589432002 12.836249397144458 237.85457602908633 5.738878463331157
3400 47.6708443221435 2.186778504094006 31.96925298547253 5.738293140801365
3401 -11.207235007331931 -53.1741798819242 31.0679017936624 5.738196689099145
3402 53.05497784584729 -17.306210270638346 169.84308856435564 5.738028890874778
3403 -8.03608271317371 9.753605924977087 173.63088641244957 5.737900348527729
3404 24.721231337313604 8.395674617256098 47.20395465830546 5.737745062318195
3405 2.4939460208076065 11.595313615433176 43.43232300920678 5.737566358834689
3406 49.90641451845885 8.691230541113699 242.81094793422997 5.737024800437968
3407 31.620998785345662 -26.785370958612088 272.97222528026106 5.7368045027807915
3408 -59.4382719778609 -7.439433606393212 54.20318560835024 5.736454120949421
3409 7.784411216757259 22.997625488441596 30.122224758710722 5.735157583899978
3410 45.43808106308628 -32.328543635688696 140.3374094315854 5.733556095596213
3411 -59.93543618925754 28.06306522556614 113.43858715198253 5.732696675085164
3412 79.52352439176323 -4.479317724085628 13.315996459628138 5.732438981579153
3413 -18.300189566749093 9.292303355179364 50.84854150151875 5.732236617692568
3414 -6.50853438305831 31.24364239355792 238.20564588080248 5.732086699578537
3415 59.06459774365645 37.27049719095894 120.80966392785612 5.731540078618479
3416 49.03810023017419 -39.66634858432101 88.02250022583114 5.731431321623405
3417 35.48740688951182 18.843229888823238 107.21991731316349 5.730097504214266
3418 -47.11280852844186 -26.499782882815545 226.08541347964538 5.729364585850298
3419 63.840378530236904 24.322421914247627 112.66976250149463 5.728699692605619
3420 18.149899002641508 33.72806540275489 90.07552344969572 5.728292881756827
3421 -55.425435412326685 -20.933297929035174 142.02424061052807 5.72828202594668
3422 -20.52819862345195 19.064831196333927 258.64040432739466 5.727559576757102
3423 -35.34019341403038 55.39313659880803 81.11155462897281 5.727059425407854
3424 -56.801167385330544 -8.61305553690951 10.898315445014925 5.726932231010942
3425 39.13740351013218 -16.476625575855333 59.92033928419332 5.725971088090068
3426 42.264905986869714 -31.3090993246909 243.50375866590616 5.725179549014988
3427 25.73145168842885 53.95577372633246 137.88221645865283 5.724589598354645
3428 -40.90490244141477 -29.447231916000508 125.01310560583788 5.72452027319909
3429 32.77006980494387 43.47376545216248 239.64045938845928 5.724103066677428
3430 -34.27697726597892 -61.755563968777274 10.516135546893201 5.724098162373021
3431 -16.613414562957956 53.033160508560414 225.47178780586438 5.72266099206948
3432 28.909281240501393 3.7018824287617784 31.233864525191954 5.72055112258678
3433 -31.2124420678371 -3.4920267313161006 271.104779258426 5.720330236674208
3434 -59.756450610057826 39.77875377909992 36.37205146529291 5.720275715277507
3435 -73.38168728908026 33.20931595810205 65.8783184004711 5.719312201596716
3436 -56.92275487770616 -2.280365824553882 48.019980958708345 5.718184165383661
3437 -6.766227772805616 8.42895980733146 100.87885931751507 5.7180528069603405
3438 -19.728761863008312 -32.30976694762703 124.4197612481373 5.717018785464329
3439 57.232103362866965 -46.809192972738096 104.34053138160543 5.716850398694992
3440 34.023752463075304 -62.045794884217116 51.724501088540535 5.716594775710011
3441 2.8676189480904593 -7.92487658266999 257.0197375399899 5.716475956064628
3442 -8.082083831099037 -52.41134988327649 224.2112252242626 5.716449383527072
3443 13.02040167414686 -23.498540300457194 122.11150085663999 5.716250725494146
3444 -21.38957752736216 -53.24570947271148 191.05145229174187 5.7158149495991495
3445 -29.06628593188405 32.733686256357444 62.18833487476863 5.715787371533675
3446 52.831754139592064 -11.370647743202065 198.30787449452097 5.715534586821959
3447 22.78199393541115 17.281972220145793 151.58117159384102 5.715383993928215
3448 2.266681642497529 36.690837409385566 265.4500231530118 5.715159137339542
3449 -45.290834444766354 1.621512910591016 176.2836626036636 5.714882001634817
3450 47.1224941182547 20.42363704942178 79.84002263321588 5.714779306152683
3451 -40.15184794002956 31.12299538154796 24.9539239663421 5.714357424659665
3452 -45.43143293952205 20.191798322909914 66.29707045109542 5.714338478121917
3453 9.607254193027229 47.461187177451094 213.56433645201102 5.713777962533855
3454 31.128231303531884 -70.81269421597118 3.5776594982112635 5.713623130218403
3455 0.26593976194126134 -45.89304579726047 217.80667330494927 5.7131027545386885
3456 -60.248861541024425 28.664405060325585 41.0030261219784 5.713039781081682
3457 71.45362850907756 12.908194128102368 90.75284565018579 5.7129625231054915
3458 26.159977671655163 -63.84597569816739 135.27192080721514 5.712518182152123
3459 2.3578598574336724 -32.8611523839507 105.2124120606409 5.711893369184592
3460 -53.64897537356718 -42.194376067190596 20.19617760543953 5.711662706395516
3461 34.05381834629323 -60.761898165893825 151.12343437905838 5.7110235153357
3462 -63.46697863060125 -51.8683049598157 63.784315242633134 5.710524457870748
3463 -9.167189941466042 -78.51736623318935 86.38874432990204 5.7099602420789015
3464 -28.742224609916182 -2.9750591602252427 234.15232384732718 5.709934777784097
3465 -49.98883095771224 31.98816564150748 135.0271345739732 5.709558712896343
3466 51.78223250497967 27.084684302399275 34.358109343984296 5.709486736458167
3467 -8.971071749851246 12.491466696393173 269.5065815571143 5.708258581319614
3468 -65.69051486373353 -17.72622353829658 119.01804519723063 5.707800360782425
3469 53.816630113941 24.291730888640274 16.63337143795118 5.707729184777128
3470 7.581333101544208 -58.01130062148411 51.0798013376176 5.707595264296894
3471 -66.46413032263864 24.567805630738576 137.78270821915893 5.707274460894723
3472 -5.079430816699405 47.55498796686514 5.24706559138923 5.706851846103017
3473 -13.321272052618033 15.378377366730074 207.31160895307713 5.706329294566851
3474 10.811907044668544 41.343512521044346 235.70906430753718 5.7060717930664575
3475 -23.95564259405503 29.686350945450904 30.481140827822784 5.7050232388398525
3476 59.325726359779885 12.59571106268327 143.71731277359896 5.704736753944718
3477 17.324390537462193 -83.39172937094703 41.39024917197058 5.704549400093763
3478 28.428661957677306 22.545358746940032 207.4415644449602 5.704497572797713
3479 29.22960026379021 31.316779564374322 181.2426766355408 5.704297992279908
3480 -27.481640180535678 4.641023276081462 51.45255342685921 5.703923181403145
3481 -5.468131791113381 -60.734202464707565 165.96454400578574 5.70375958877513
3482 28.114161453757486 -14.264966267314108 199.81967054418428 5.703516798926225
3483 -41.55386238645363 -29.956312247068276 16.730708374032506 5.702421170274611
3484 23.27475099372482 71.10613025385855 68.86082874229544 5.702294636736478
3485 -62.544761625899675 55.20987267195214 66.40479776812964 5.701999485893621
3486 -6.913553950769477 43.782768593071786 82.90617138161522 5.698595528079573
3487 14.680544491004596 11.406936322612943 59.44287421738189 5.697542662632182
3488 -55.375173564116864 -33.02834728373956 117.89418692906985 5.696986657024588
3489 -75.390517926924 22.425791942476156 3.856024881504525 5.696673532219587
3490 -9.54707762634175 12.094374921843029 143.32596810634652 5.694302493966159
3491 -60.52609125251152 -55.89437231417768 73.90841326371874 5.6937616123890065
3492 -12.118037015213265 -4.703911205966019 62.257980310150494 5.693300527679432
3493 -50.54333629713207 23.48013704715828 17.83306735524907 5.69311184776098
3494 8.171843634186917 -30.968014507167023 125.27076279546445 5.692894878759937
3495 10.906121202528759 73.16110945002879 25.366076701270668 5.6923573445935896
3496 32.40705467186139 -26.585925316607387 89.88615882926842 5.692301111605433
3497 -29.265349154822317 -71.61096566865847 93.76530656516096 5.692108807523067
3498 12.884195036927135 60.8967514916982 19.2551963662633 5.691460263205275
3499 28.84919729188084 54.50967401906195 70.47990285961706 5.691071777364055
3500 2.798082637660716 44.231461840725615 247.86341761746266 5.691001301511732
3501 12.511486208859296 -63.98520261121382 179.7996285254132 5.69089649498736
3502 40.63532094978126 -81.08075465603216 9.623752035170114 5.69086650771529
3503 -31.326836128152536 -46.780384987860934 187.54471195891682 5.6906790487041
3504 10.746252793453651 20.08136436590318 237.7436130223063 5.6906189312989
3505 -30.61801682587425 40.25064925758163 136.26863371578716 5.6900056057451955
3506 65.63540676071892 30.722887260073207 62.97100298220302 5.689656422547214
3507 -16.679275394163234 -37.89759918162849 168.75099240565385 5.689014757887665
3508 12.792546925073118 11.808249096537617 165.90930955616045 5.688392480970893
3509 19.60534860979202 -27.008969498270144 202.44749348064093 5.686924745618638
3510 -28.896089567093888 -42.77510081714978 79.03643584887901 5.686145675969346
3511 -47.14101968090062 29.43577071966311 217.4847130363188 5.686054691096967
3512 -1.8245394578034668 -83.51842899446046 16.112075247556128 5.685865235687548
3513 74.7591539980667 11.713942065744035 105.56073749036959 5.685447945449834
3514 82.48742225999158 -0.5577143036014007 40.78079815632972 5.68442142474834
3515 7.66601146627343 -18.27980197266196 166.4234275568906 5.684192263309496
3516 -4.047371088195222 -75.33834075432648 30.28356938550074 5.682948118150226
3517 34.01463681928472 -66.57246122726455 113.3184251169837 5.682793476082121
3518 50.25188009685183 35.69992705695404 55.436111431078004 5.682317205020286
3519 -31.34307294430032 -0.6496594423435678 170.63681842079302 5.68212702254368
3520 2.0606035812984125 -7.421772946786494 47.52145285632087 5.682050571406057
3521 -73.90392394012147 14.324643733904615 48.81059497525 5.679110619297783
3522 -44.220695288455346 -63.10261787992545 10.60264036741945 5.6790814094335
3523 49.28000001347025 -70.62337005112808 42.24746966892162 5.678879192911187
3524 45.358210000666396 -21.344568962445795 46.572750144337554 5.678497764104344
3525 -15.483905826056285 -40.74149807128482 217.43483466156718 5.678156056470093
3526 -6.094003060349728 -53.13938046536389 87.16495716134251 5.677795801264377
3527 42.11455411175345 51.55294622108039 57.161459332452154 5.677549541203076
3528 -30.514147529407975 13.959876031509957 237.55826228364384 5.677395367572437
3529 -64.05691318003792 -42.68149135837087 81.22481088449898 5.676975692743485
3530 -24.81487267600526 -54.245242107230524 151.27538749512615 5.676963512069863
3531 33.0081287898196 -38.24128410280236 65.93283716751984 5.676477171260305
3532 56.8510079567793 -50.01171028239182 29.6242895650291 5.674713063357618
3533 -31.676458493383798 50.29937366520704 169.44699481422492 5.6743600836132
3534 -16.703091533904583 -5.8549496557140515 16.212165648959058 5.674210804224091
3535 16.05016078280922 55.58044720104264 69.6564130700478 5.673740174272297
3536 0.8705502704935331 54.53823352965044 59.08260561635314 5.673003859879774
3537 -25.456441849505868 -5.463446634477713 205.0641889707515 5.672743253350432
3538 -6.911274145410969 78.3418235670198 96.01426049268638 5.671884474094009
3539 35.50775421710577 -68.18156991376804 76.9645345669246 5.671649873767093
3540 41.12870924991117 73.69303140809532 40.4799849063588 5.671593661917428
3541 -57.907635660795066 33.975033061484325 57.512817288319326 5.671582011007034
3542 -28.95032797613804 9.415857679148745 25.759132044198367 5.670367836230524
3543 -41.99539519163923 22.72397570224169 261.43006400633027 5.66986719275001
3544 -38.085124519777054 20.097829123824983 66.67502341661776 5.669830430841586
3545 2.8918600052647685 -28.896809833760795 46.57262913657266 5.669680576975816
3546 23.379868040939 37.589201929393006 144.76138386437276 5.669657106608074
3547 -19.717123900792608 32.82026025002179 291.2616111372982 5.668789399422752
3548 78.42438020259189 -4.726308863000616 28.77033623874739 5.6681206447016965
3549 30.568737726012028 -9.838749771091539 205.07798089774897 5.667612099207757
3550 -54.730501276095836 -24.513453815645114 25.479835848024123 5.6673868879867655
3551 -43.61233336361555 75.45117381560762 5.159684480253576 5.666625195058214
3552 -32.86373971676933 32.32882170620388 191.65835557249807 5.666132763020628
3553 22.700546893415424 -27.733916618596062 21.0992341575917 5.665676851284774
3554 -16.2799859276381 36.328536576154875 206.01733063635905 5.664329233008982
3555 -53.095603282739646 -16.765021630059167 25.419349748940544 5.66427134089678
3556 -37.3112799394994 24.595645824108026 172.20071081326043 5.664095379701273
3557 -51.46147729039743 -76.85070813685608 4.654492052792997 5.664077761385799
3558 -50.69145134555356 -9.743795828148135 74.16085198188738 5.663549443179131
3559 13.351577395484735 -17.3436295908026 99.21055076233937 5.663436065514538
3560 -27.59602208246354 26.265306367312423 27.523748476039277 5.6632290992773235
3561 -2.5444936404702148 -12.091942523557822 18.40305855542605 5.66290129012903
3562 -32.33614610798666 -9.186830976529473 76.73944306974688 5.662507169944338
3563 14.054586493863495 12.114234922512587 151.17670340148103 5.661741479300899
3564 0.45371667449469255 -23.90037622510984 78.34786520793223 5.659633975625425
3565 47.53056670368265 -1.5299027323300907 211.40928942279996 5.659093023269942
3566 -41.5474697775203 11.089873795158073 155.81053980164907 5.658415967712084
3567 1.1840272215877525 79.97625955290695 93.29066365630744 5.658415725228981
3568 -17.853058722721713 -11.222902752912304 270.77862199358725 5.658385366720751
3569 36.18971465938536 -28.77544795654521 160.78489191891018 5.658067428128707
3570 10.660713143750346 -28.68584555282646 76.88278972654753 5.657711124445862
3571 -34.97173280609585 12.237910171077658 286.79229568316447 5.657452126272906
3572 -17.503993614778725 33.944289540632184 173.07241309947918 5.65741746188893
3573 7.319286718783369 52.191598625232665 143.67626830813583 5.657091446639812
3574 -8.163930345368724 -48.103554450228984 150.13133136120376 5.656593240286609
3575 -90.94937622221141 -3.311231681663666 5.9198846449006295 5.656115424554415
3576 5.717537653731484 28.500787563094903 172.5905130165971 5.654982116944087
3577 -31.478481860476666 -55.13757548739322 15.620347733969524 5.654449356347565
3578 68.82013843202645 -58.01400222908881 31.89003244982432 5.654199642146819
3579 58.08911593654364 -2.795737592963505 12.566159423081615 5.654168251005319
3580 -28.06591544845048 -64.59496891649499 79.41884206727627 5.653438689078883
3581 -42.66018529742845 -20.801781962182723 231.178389872091 5.65183477236973
3582 33.02419085957436 52.15844013995133 27.262374117337803 5.651764668846173
3583 24.661916760637375 -51.92059795785382 158.37381119637888 5.65171121734532
3584 -37.95445778513395 -17.659457456257567 53.88171872185189 5.651212168372945
3585 -0.4706027444653653 21.89683448838964 136.3776499665466 5.651173019747534
3586 -11.646338105087525 37.38675415479933 159.0970080300881 5.651069526487563
3587 -5.304717744721637 29.37218849405224 73.73838470199004 5.650712432664329
3588 42.08504024588026 -9.43703008429171 159.78513782132575 5.6506337180484065
3589 19.089533316944806 9.362981614395867 103.26182887568825 5.6505090101394675
3590 63.5110148013285 15.092786047021473 14.860747837926976 5.649861047832676
3591 -29.57701753773363 -18.046683815342192 208.65329373895827 5.649707545109768
3592 -28.852709463402235 37.90140594724655 65.55385142630075 5.648736375623176
3593 66.15272228722874 50.80030045572912 65.44453506664266 5.648324933512312
3594 -54.76035180474963 -26.90685190987437 151.27737474597419 5.6482755684378825
3595 -24.477777230282584 24.097615056934266 3.0410359340654836 5.648059547732139
3596 3.534950238580324 -87.22022663598334 43.25271250962225 5.646940650825652
3597 10.62833142346864 -55.954795044379395 187.82939878689655 5.64667069107686
3598 -15.355696770206746 -19.361604782273147 290.26333774357937 5.646079746620998
3599 -9.730940612349244 14.185101106765686 240.29393239663787 5.645810867327162
3600 -14.721093484791687 31.448789067314692 9.022941173979534 5.645795174390047
3601 24.68845757555939 57.96943751888022 65.40385515429789 5.64500182830275
3602 -27.06328905114523 52.934387020947035 210.69580416389562 5.6447306450705135
3603 -44.24509133721681 -37.74846706433774 215.23471378988626 5.644023152176673
3604 50.0920015390539 -56.448890760860095 86.82298235148382 5.6439028971063
3605 -36.243950941667 27.332266560868863 110.0215395904347 5.643751105011434
3606 -41.61696448077217 -18.028138120870864 31.403447619395727 5.641960090564896
3607 13.511845500569427 52.103344568903374 166.5335600147674 5.6419055926062995
3608 -62.65835476625667 15.186317965400749 18.477293281971406 5.641667581901018
3609 -64.98865496042313 -30.764926285947066 27.997970666426998 5.6400334529138565
3610 0.8710562486650577 61.126141198735695 54.94203115812683 5.639929489776174
3611 -29.48587915092062 -49.05436261955396 74.40790412972518 5.639674571601296
3612 -66.31871364224199 -20.269629328878935 41.85267688175613 5.639556591230532
3613 -36.72308184641986 43.28253225364674 210.89567576278787 5.639407009742573
3614 -43.82384734480844 -42.269091876398235 151.97694545374395 5.639084557929902
3615 -21.223951240448525 -23.308794819238706 74.81770119624983 5.6386368485271285
3616 21.46972417943533 -91.09635380342253 7.139436006657938 5.637600862176258
3617 -49.543587416547034 42.86285324359455 93.30567965980973 5.637566429485604
3618 13.012375991286529 -32.43869559872132 102.86540669892673 5.636124716152375
3619 25.33480057450199 38.05694286762306 108.21583735879948 5.634543622512801
3620 56.73610047203148 26.425491610747063 47.72218101582854 5.634458400296789
3621 -66.51408610942043 30.741970260710207 12.3911264089651 5.634292095664282
3622 -7.260317023187316 -35.60712143433185 296.1697275178832 5.634227338163163
3623 -63.79565033573266 -38.68420514425769 105.68118474171449 5.633734217935912
3624 61.63886652667332 -18.982547107212035 134.95910777616436 5.633379671524024
3625 9.116021399837518 -23.07578169308612 256.56413012034966 5.63325607636979
3626 -36.01923560615989 -11.878368807111679 292.2340779923121 5.632272519724605
3627 10.987687043507474 15.722547309611347 93.55203193282556 5.631876079421756
3628 -15.2036162693109 -57.05602103770131 119.62296205726841 5.631433810338039
3629 87.97317310056292 -30.933168428863418 4.8088406762891385 5.630555593118015
3630 32.52587100572305 26.67239909819592 47.21916873550788 5.630456918526189
3631 -32.61975721288096 -48.20261667940189 25.872830924485083 5.629747086295459
3632 79.2937213566693 -10.636142193871468 75.51783325321354 5.62904324630333
3633 -38.625975851446604 41.16618357972497 14.040782508662351 5.629019003828109
3634 -46.39653105280895 51.17900272025438 80.72694955948046 5.628932704575744
3635 -43.131679081325856 -49.48250380965456 122.88997085906554 5.6287313323486625
3636 56.32545288668729 19.22974251903595 107.6816972509848 5.62830150963901
3637 19.793471710341848 30.400327302059285 113.00159726296498 5.628187268959845
3638 45.46546102285929 9.787016386001369 21.998171104064166 5.628030815128332
3639 2.767287775717423 68.24160715432863 104.7564133418685 5.626848820654075
3640 9.111154236466199 29.897235830282963 219.22728921742416 5.625591105362268
3641 28.488744262803678 -20.911625052441003 80.00769486476725 5.62547680295774
3642 67.78293297086383 43.57646338899657 56.26027070823008 5.624637222889404
3643 -7.612814675027755 -51.43660378849369 23.175092886429113 5.624535518142885
3644 -20.173730277476736 -60.23625162268171 103.26356522525298 5.623199519888055
3645 75.99367803446695 25.98215468790909 30.620934310541106 5.6213143641278425
3646 -36.94100676703694 -74.87443323468953 57.078294159881764 5.620736741827449
3647 -6.374391568710405 71.95149496323224 134.5994501759546 5.6207012978046205
3648 -8.764165566495226 1.9166785757150426 99.00755877817896 5.619608350052787
3649 11.221101027403687 -2.744180715884747 83.64670648292892 5.619476625012259
3650 16.998033597987888 58.355369238760474 135.2450913056851 5.619424295168289
3651 26.000520082563042 3.925980392508399 8.267837304049515 5.6193902409838135
3652 15.758176611788302 -68.52855981043136 13.688818467812945 5.619080343384884
3653 -0.6738690053859635 47.16137388476398 216.82944744105578 5.61898728575461
3654 71.84180648641147 40.84827629558072 50.62384421548027 5.618537377490408
3655 15.403943789136276 -31.32614338458528 177.65038827195028 5.618191909589497
3656 31.888230835468306 -2.804341257854091 210.9688911892072 5.617737833393016
3657 56.3204265080818 -42.69642094694083 32.637439285276436 5.617613302475578
3658 2.7506364452492704 44.46393264792476 5.746026196381417 5.617000015623573
3659 54.75710981081934 -5.909500860028057 4.549179716171877 5.6165370160728845
3660 -62.09055476074133 -37.42889650277236 127.99527805828819 5.616374031435418
3661 -8.959917488499904 -23.17296971981174 234.63964469663694 5.616123945931918
3662 -30.68226453857455 22.680959760574687 176.2889072937698 5.615516853916484
3663 -44.74414728692526 47.44852358843754 89.52488526305716 5.615356645269215
3664 49.82114717845593 10.217314039738543 93.82337988995613 5.614323639954807
3665 17.09335082294231 -19.423911374203833 68.91661293495996 5.614217653891828
3666 49.54036475251854 47.58180109310212 158.5770075275335 5.613511107834421
3667 -37.3213824648933 13.46998977571755 175.15713193973286 5.613500384725697
3668 -45.43532470840477 24.642003801064313 107.00325843528269 5.613160179262819
3669 -46.533502807932564 -78.86183951559964 8.826216233493312 5.613059601902823
3670 7.827483838201932 26.83271504896838 191.67531069988453 5.61297662684738
3671 -52.74782140589283 10.636829361429843 37.74947817648278 5.612483309326322
3672 49.85303250719555 -49.03554991851967 130.5124466256316 5.612276712159591
3673 76.23494719116506 -34.78188030138028 67.61944193474447 5.6120849807492075
3674 32.33268923058357 -15.596470352671254 177.9812970937456 5.611834868275433
3675 -15.29959103729652 -3.692053876397358 175.5017931765634 5.611579713157385
3676 16.889223996964592 50.40883194220955 115.04058721945337 5.610808166894163
3677 -24.412147430318605 36.85804583733445 231.37575639001776 5.610695152528966
3678 -9.897544151818357 14.737211074430396 124.8118460163766 5.610613620290243
3679 -31.191896646422464 2.797170340531203 289.8996803343811 5.610115432737917
3680 -59.09742973498713 -1.8042790968756304 141.51234992267953 5.608137082778937
3681 44.844521490751 27.014606384088076 121.90009488674802 5.606780597026876
3682 46.95712638656982 1.2563092621849343 9.461226570955473 5.606335856713864
3683 30.53544831635316 24.953710327753143 258.7283374147739 5.605349879847511
3684 -35.09476768898891 -28.386231289394992 219.72874102538523 5.605265158007909
3685 8.514517332328985 70.68770177019088 106.6395817874715 5.60460847157387
3686 39.905954812541665 -59.389520410943 9.06930350309697 5.604585740072871
3687 -15.293134197997825 -69.6114619870447 131.9138415140767 5.604378616693752
3688 25.85990201275098 48.13002467487539 163.22186227875244 5.603356664448755
3689 9.442394143445348 13.862625994979998 85.94877351008589 5.603254751511761
3690 -4.5300977512528195 26.178775383655445 5.65245054675497 5.602401975643336
3691 50.80064563231694 -1.395731876580629 6.231649634185488 5.60196864330595
3692 -27.648924389285234 26.805842208873504 228.43708286088912 5.601722457940143
3693 -29.076046771340287 55.54747777464215 176.66078939076277 5.601033816858209
3694 39.294981146121856 -10.01074518070112 180.56610189366202 5.600959328867177
3695 -34.409170453254205 0.26020078087683807 152.36105949368132 5.600082007919953
3696 43.24940131706556 70.74794029743039 60.723042996313595 5.598833268972484
3697 39.08533246602798 1.704881808922507 215.24032261269502 5.598036092478501
3698 27.43117829440179 -36.01201131869601 154.60333477731174 5.597856360404007
3699 29.787307219868993 -66.4494855140274 42.611791597683705 5.597400291872269
3700 39.12276797471792 -5.133569578720431 72.08834607972939 5.596435776314798
3701 -38.56780094600861 23.014140365898932 282.8114258644129 5.596397681680064
3702 -16.45607531522142 3.463512741422437 44.27969669319298 5.595428955367343
3703 27.270651217371285 22.419557720790884 253.2670475494408 5.595375852216586
3704 -10.434592352999328 -29.813923353341707 133.50853586802958 5.595327007008032
3705 -33.843990167626835 -12.547882251848101 152.57197613748255 5.594511688009057
3706 70.30747955263459 13.543511974604979 63.00195719116767 5.594447362811536
3707 -86.41933604738529 30.106787246343206 6.783634045985317 5.594122835705635
3708 34.62736441697443 29.71969365317122 110.739388118702 5.593996336112097
3709 -76.97261168584104 41.12927987184693 6.787215440163849 5.593794970841267
3710 -51.112942941322316 -43.45346564313226 141.8103761127067 5.593139538642651
3711 47.20309291089696 29.33952345751115 94.4572209013332 5.5924643798872165
3712 30.662060197518063 43.58189221620106 19.73719266541562 5.5923685182220915
3713 1.9351763860075542 -51.14755331414801 169.12901749725404 5.59159312727091
3714 1.9813185222489897 -6.4384947567876125 159.19430754258295 5.591196208327817
3715 -5.145939694619624 38.402314074463476 2.8667646887829736 5.590875536558823
3716 -17.819624946426902 -7.560343944963126 276.62662049601477 5.590077025999913
3717 -36.76862902179463 -6.990865494903144 113.08367803756043 5.589485744209971
3718 -4.257014057472131 -17.417471907413024 212.37967578781206 5.588862740467672
3719 58.75968303144593 -24.641453110919826 185.27963688974202 5.58793839201048
3720 58.24215739012355 19.332518274462114 131.81194508709237 5.587529714826516
3721 -11.807520939483958 53.731036702304195 206.68382105664696 5.587070855324198
3722 13.963441937916668 46.8171349928061 270.46988979127866 5.586976488728215
3723 7.749632461153039 -28.11121163536806 271.7254013078932 5.586751131967285
3724 -29.791799575710062 19.443847947542466 22.320417017688968 5.586463037746833
3725 32.88182474426013 68.8467513459115 83.28158784804847 5.586038880971294
3726 -33.773906057891075 7.0740366478698675 212.89223305524317 5.585678702483507
3727 23.691755960466637 31.263422166816014 163.037314241615 5.585547890419562
3728 10.448418250798136 -69.4013032121711 11.767626431672266 5.585502196045815
3729 64.12746355165015 -16.269463415117002 20.075034654624396 5.584583918968806
3730 36.24802311165962 -59.999507324497394 129.09917124179182 5.584506849369923
3731 -62.75501144206012 28.31516476227022 91.90642390773482 5.584273755513184
3732 46.55363956806279 1.0105841703040697 182.26795831412568 5.584148023776968
3733 -13.32603048157331 73.67427300314422 79.23601445832468 5.583822223203278
3734 -3.2565324975350745 53.634302150192994 73.82693764688705 5.5829563797997475
3735 32.35041141613848 12.820981087899627 191.3435589051071 5.582876110250914
3736 71.01182913857079 9.232285525225851 24.26375352755322 5.581724703832745
3737 -53.82768132304787 10.298134897878684 232.87615309751789 5.581451044260514
3738 6.149050448462968 -34.73681876268984 134.30469776428149 5.581403133345457
3739 13.777796583228888 -42.2585654348005 208.46251941937683 5.5806585623229745
3740 -11.974011721202263 -47.10271374075824 12.025852645496544 5.57926290860914
3741 -68.54068841305113 39.18461457738045 82.43060368103274 5.579093715146196
3742 39.464345213540696 21.845971950226662 213.3438192004967 5.578393536871975
3743 -27.36024085445348 -37.670736185795135 44.68434733431506 5.57832983448238
3744 59.054896382416146 -56.951769664521386 53.3773906754334 5.5777782722598275
3745 -43.75602349174422 -11.52040020552647 34.5827488099377 5.577310303399441
3746 -68.17441594606186 -29.491061095842756 36.99946277834658 5.576491330850137
3747 11.976910603839507 81.07418533937589 57.09790792543947 5.576183019052329
3748 -10.348280909665553 51.34209270479649 241.7854773044452 5.575514080392838
3749 -41.247208376219895 -52.61192979470415 19.780575867262776 5.575344248184532
3750 57.0763346434913 40.122968670527605 133.71187622677976 5.575189652228677
3751 -32.80443200386767 -42.14807023661575 13.253757107879283 5.574212952835902
3752 -67.18812726245228 37.17575585001666 98.06476735529873 5.5733943433016435
3753 -28.02433259437229 26.156379577356965 12.735183524852886 5.573382459485642
3754 -16.81905618695428 -59.08120455466771 19.319405167058022 5.572691872697456
3755 -44.7812799395465 -24.23966866823391 236.31909193228853 5.571762719668261
3756 -64.01620053996456 -45.438921156200344 66.56748035179244 5.571734589473408
3757 -42.787532083732515 -5.999172016426095 143.87293119956502 5.571653746609204
3758 -11.422647152203822 -32.007107219194445 228.06772539607482 5.571556884792347
3759 -20.970425451398985 -76.26262349278902 17.573715147352516 5.5714228037530855
3760 1.2854419463479534 8.273086945847268 178.88396202310818 5.571354578977431
3761 -15.97183454870171 57.98924239135891 157.49147047381027 5.57042194110834
3762 9.622063408702898 -0.14702635671088338 174.81913789173925 5.570122424413947
3763 80.05472291250037 -19.5458233406591 45.01588444267814 5.57011719076621
3764 -77.26178458234425 0.2838209785880792 39.48198648098386 5.569630763103626
3765 56.84488640948503 -58.32839261169625 59.05589790223645 5.5694412747225375
3766 -7.710597938403219 -21.014543950026685 117.64900543741538 5.568502830014184
3767 -6.944645983724503 47.90279030712546 97.9592884532261 5.568147171420331
3768 2.063860179573055 41.9222426616301 284.938747651359 5.5678803695027685
3769 -42.32234243016141 80.42732228870294 7.987494979804561 5.567567460596509
3770 14.883485796419926 43.44094769150669 82.98926637058803 5.56558642472597
3771 48.275791620507185 -44.49133932597403 39.51301270370707 5.5650543470812295
3772 36.82270793749033 -18.144223227036036 167.75556480438692 5.564950874175255
3773 -36.75053372381508 -31.398866514379616 82.97798821709243 5.56487023773061
3774 -16.780573139760033 -13.6341235934848 69.34679340273908 5.564860464976303
3775 -38.379482751391464 -19.291307978039974 148.0441542743645 5.564854226735808
3776 41.43856901406801 10.365968202962115 74.93298422340257 5.564717183915438
3777 68.45767611478092 28.635931883539044 10.811389225146659 5.56467547057512
3778 -22.286298336795525 -71.2245894853935 98.96848431436598 5.564035054164062
3779 -75.98033316816431 -2.585274596402739 96.52133667789123 5.563294038767991
3780 8.221797342950424 -28.702916010637665 162.02720262452084 5.563085203057544
3781 -33.557545210548575 -65.9938568526716 24.500743871822593 5.562469329222269
3782 3.3266086751552697 45.19625080335316 144.605989022059 5.562349988583407
3783 -48.26055848521477 -0.6855604929972903 212.3330679815119 5.5617808943285665
3784 40.651434496122505 13.034788953378248 141.81330244344576 5.5617282090134665
3785 -19.450359314592163 -8.317598858656918 126.68587178366607 5.561314640881488
3786 -1.8717415698519382 -18.03590588751888 194.6425834331611 5.561059362576454
3787 26.354056354102518 0.19791982211132497 249.84111680711348 5.560914626288895
3788 24.958223550155573 -34.662715419788185 48.840623528581986 5.5603068785352985
3789 38.22092493316755 5.013167718018219 116.02709795429233 5.559856507880333
3790 25.505749896457075 68.88384947209468 88.96269164515058 5.559450874945644
3791 -26.816096711729234 -27.653204268066656 173.77604312727783 5.559075628719421
3792 50.75513424961809 -36.66109056860747 8.730690051023581 5.557358242945344
3793 -29.174758735676722 -70.37751587477061 33.63356816904181 5.556892683076917
3794 54.84797110543846 20.41215617441261 87.21215785113047 5.556641476738306
3795 -34.42863492316154 -37.92305819073256 166.0290713299268 5.556022056462767
3796 -58.43796476695136 5.454876444327274 150.29511641117602 5.555945603099572
3797 -5.5908352208436085 -37.92327830668154 231.96723910280318 5.555762636448204
3798 -64.8953834084937 -44.35867135699626 96.60457570610967 5.555692428544629
3799 -17.411995883256303 10.091266752341902 93.50974239495751 5.555156441258556
3800 -32.848128336548925 58.670145405832585 149.81406218972768 5.553927309346152
3801 -47.95557731769949 -2.1874707845664623 187.11429434876803 5.553442997263554
3802 50.974947944836785 64.93323554310405 40.99056205377855 5.552348005491341
3803 23.011849301230427 -23.747112098601903 85.93195680164762 5.55141697461673
3804 -77.87004290953186 -7.1667880629738026 17.51736363905771 5.550786755572439
3805 30.032677282070267 18.774227728230798 287.8637525936016 5.549760634182986
3806 1.1480218330486123 -33.20884080219738 260.88354030025533 5.549086049747071
3807 48.11996873794455 15.926580719192879 93.74380884511486 5.548605375946827
3808 71.40759038417897 -5.773216418248657 135.6019148168601 5.5485018247971
3809 -0.031037018581122844 -10.741105075129195 224.0115349045147 5.548446380533983
3810 -46.51908689739561 38.31913199082564 148.11462237751857 5.548035510373416
3811 18.165170835132752 9.095549002468227 270.2650310000975 5.54768055509146
3812 4.57422514541076 -72.15771102491425 20.030434463264893 5.547563499532863
3813 -6.380564291909417 -12.93999639627615 150.9454449590637 5.547562471402525
3814 -18.66764379646174 -60.338168929247935 91.09480363634164 5.54754506525665
3815 -8.030284727615914 -1.2492088243359623 80.07503406959381 5.546280570779154
3816 -60.70111275872301 -54.83100259015518 28.85225230655641 5.546086886074998
3817 10.494947801262139 -32.52737065879845 114.44856543382883 5.546051762998499
3818 -4.479311939775945 12.299221040208405 76.53750653056348 5.546041981607832
3819 60.47836577210006 -36.42208383171334 76.6301163275888 5.545966862751244
3820 85.88341851502129 1.3015593835430712 50.13882967275816 5.544583354752735
3821 26.437106503062136 19.89389400545911 69.08295099007267 5.543807620273662
3822 -34.18252735295445 22.49238338983415 293.37940068750714 5.543143392179535
3823 12.192634678614164 13.47208863976742 5.625438031246234 5.5427295465636774
3824 -75.97668916663147 -55.778187100560686 5.1719782226231 5.542071205701003
3825 57.55418548313638 -22.997595221917706 97.6131741153386 5.54145012800844
3826 44.69863399869329 -12.985027865763978 195.38361884157948 5.539872379824164
3827 16.48507248809253 -68.53958920190034 51.94627971979484 5.539601430702376
3828 -52.43037823358404 5.4351527415361245 202.53910547829062 5.538923307109026
3829 15.659415076854954 2.1070783594451443 237.36469169951522 5.538726049836839
3830 -32.336142476697006 0.9390417587196591 85.17367163660091 5.538631543592367
3831 6.525089518076052 45.63789242426534 280.62605507012603 5.537964742113757
3832 -30.375680449603678 -70.48781813525127 56.73916444696721 5.537373779778748
3833 52.97812562059495 9.969128730399719 227.04340504806075 5.536632454362459
3834 18.42817773992659 3.256692819851874 107.63867412944884 5.536461613545346
3835 -33.91114469315544 -23.52785025240238 103.13819715058078 5.5358073205518865
3836 27.53447070938069 -20.739091685903258 178.73236218721465 5.535514458100417
3837 25.304659018885324 5.1803004939582475 211.06050012898413 5.534572653530848
3838 -80.6701861207261 26.179111320013682 30.485093889650162 5.533675674458265
3839 -69.25105280200846 -57.701865182417976 25.948375169108246 5.532913108143285
3840 -57.92202409814054 -11.997763285091764 215.50225550342233 5.532557816943836
3841 -55.289873855573695 28.532325085338325 101.38976447017748 5.532546516762588
3842 7.690500900970093 -18.099866579924154 253.39716658387476 5.532385321025713
3843 49.69652472369442 -5.084894209711278 11.93023657506063 5.531981522790694
3844 18.656571109182423 -63.96914313575271 158.8055210457312 5.531492948698318
3845 -16.21908227390181 31.235953936368407 279.2540897970763 5.531299914673821
3846 76.58333547180536 -14.832437134244513 86.34330089913725 5.531180116849253
3847 23.185943428074843 -19.34348186135464 44.350375518232106 5.529391416212752
3848 55.09856468525131 0.6223317978248162 222.54909843461363 5.528936582320197
3849 -56.41637097524544 10.446324198598083 52.109137779583065 5.528787182983812
3850 -37.512475211153905 33.562916459951055 118.95793181995226 5.528681604702199
3851 -53.945146367353935 -41.411542129474725 29.009530321090864 5.528084522349794
3852 -53.648879575133606 -48.369141691172906 21.172410370645473 5.528048723785469
3853 25.047852020931977 2.095394556989779 192.56119238328566 5.527468952294987
3854 68.64997006463452 -45.48954568881087 59.44418194700845 5.526400593815666
3855 39.933909224953254 -74.57662780600849 51.00286008933178 5.526395230950945
3856 -35.54687601059448 -66.47930006589895 55.24612189480702 5.526253406053202
3857 35.61463944443767 23.754432968601655 256.21645559350856 5.525431637797128
3858 72.58962737967342 -14.54460694081871 5.612863580175276 5.524151012350902
3859 19.387802621002685 49.71645780875542 94.17811878883764 5.523031849298636
3860 3.042849777989363 -61.737465235046336 44.3167891110892 5.523028677422637
3861 34.75291515816898 55.317960540747464 59.463208872397445 5.522985671689387
3862 -53.686630246814424 3.2282334529687673 3.5268338629815412 5.52281327217441
3863 18.153745216103815 49.55816860884596 148.74719850645266 5.522506964982414
3864 -25.947414561675213 58.72749473111418 79.02299351568732 5.521993022157875
3865 -67.61860752620933 30.635885677218425 33.18125938203444 5.520888246148782
3866 -32.88750067322092 62.832340139805225 74.98143526624091 5.520623328969885
3867 -67.76660668692062 14.861048576417677 157.28021086936266 5.5188349448988525
3868 33.48003124628825 -60.41087035350043 111.73444239804759 5.518735919334272
3869 58.05291431259501 -31.203627829410436 54.52771507939876 5.518546243517594
3870 38.88460627472012 67.4003400007003 98.36623673185832 5.518030302163602
3871 -24.840167695680975 -10.655836065395558 30.804564354459508 5.517433840214095
3872 -53.96181353229536 -58.38343727834159 79.20922480180978 5.517405840955279
3873 43.10003235705489 -15.012149617033863 34.291044652758806 5.517328087858106
3874 24.706842460265364 -39.98392818577653 190.499564314227 5.516865086206055
3875 -64.0460413115344 62.11499645420669 10.130320769589723 5.515618281908453
3876 -30.356830731566326 2.5275046979064397 277.23324887436416 5.515050396226929
3877 8.663553262425175 -62.53895034563466 38.54121665385988 5.5144991796898735
3878 49.82446883819119 -4.085882184896175 278.1145291406129 5.5139861789790645
3879 34.10506162397897 26.288426956146253 149.7071829773219 5.513952341673622
3880 45.923492329473696 34.534710324835906 24.368586591841634 5.513151958615024
3881 -16.468468280714085 1.5085195842853327 204.96711903293567 5.512655177617775
3882 -20.944447727790376 32.02646026288208 68.98251016269076 5.512141348438979
3883 -15.768362077295322 33.984210230026235 89.61812456827192 5.511596840715345
3884 -24.79591114322443 -32.77695246683394 207.27728353433457 5.511545023864341
3885 51.513819583815035 16.13098498505083 124.21477278892529 5.511326359927663
3886 10.880561477087987 32.10454986353069 267.72912536035517 5.5081679004877815
3887 28.907838587768026 -8.187127731521443 115.37117391040773 5.5077638567920815
3888 -23.63528713662199 13.325435790913868 124.5908468996535 5.507697674682142
3889 -47.47724480151291 43.83794674235182 110.28692940923317 5.507643516644915
3890 -39.154474517456286 -13.934334217953403 227.25695619725653 5.50721564633316
3891 25.64821725529854 53.64132117222958 60.07660071938989 5.5071586489084
3892 67.81808252013154 -13.111179182481749 106.24685790760968 5.507071556002504
3893 60.49902137932268 -34.142818916910244 112.39352328290369 5.506655364554321
3894 26.223218518020612 27.94664078197059 175.644770040972 5.506653965010743
3895 54.23013592658333 2.3390203529221605 211.30469459008185 5.505847524785896
3896 -12.944637521960274 51.68827659948922 162.07425514145586 5.504797379355761
3897 16.276750857413383 5.929214292013617 181.5071280122931 5.504224864113376
3898 5.253755426588555 18.34577125490505 286.6720809489659 5.5037524361712045
3899 31.42716510933076 -21.930702598885677 48.143928761668214 5.50240748513012
3900 19.507663349188398 -39.08186074413906 153.2336000354204 5.502251919339277
3901 43.52939534148381 -39.433173497173925 50.597870893248654 5.5018765438742925
3902 60.00879424931121 36.54934903428317 16.097889364766246 5.501862130747565
3903 40.600004289807956 -31.592664969601064 61.16100854436249 5.5014515566827225
3904 -58.63673591394023 -27.73160375850865 44.02559346934303 5.500314664457326
3905 -12.525482428928825 37.83776755608053 222.79770231888918 5.500212635257634
3906 90.2443565096161 15.665067367267003 4.342583623683794 5.499409213127406
3907 -30.027358206916055 -31.811533018361082 210.71227932653568 5.499320225873339
3908 -33.16912752380301 -25.147090070801532 159.6796183726138 5.4985219643972485
3909 -85.58104034770213 5.789530573103514 36.356381585181765 5.498073924968904
3910 48.04051111831974 41.07636831107141 69.03476107627301 5.497976978907646
3911 -77.07146759866032 23.38974536342341 80.24271556102111 5.497850893541627
3912 2.0863155663208497 -60.559679393474354 175.87448370011214 5.496911394549381
3913 5.678632166076176 -82.72260087011213 50.06651643958493 5.496816548448845
3914 51.18816256580134 -40.59005698804742 20.048436954419106 5.496627635694948
3915 11.751337943665062 -85.48414654915065 50.83847533195304 5.4965342109091795
3916 44.54178425998503 9.092305543471566 226.06323745069284 5.496136540194029
3917 21.417114898778596 -29.333811608596037 222.02985855775586 5.496046291396992
3918 32.49138338040146 5.512017480180465 72.10859738872868 5.495779272975952
3919 43.242418108195295 29.14992570042432 165.93950859123288 5.495448129539677
3920 69.48436517574999 -36.08165175178245 38.50542033980486 5.495279333341777
3921 -41.41078541048259 67.04106061688134 16.283175805622598 5.494868760022919
3922 6.9690504655719465 -48.253553236081984 29.507939221635993 5.494758984850716
3923 -50.93507752040577 40.799162093379195 16.90092818117639 5.494569428911316
3924 45.5985230072464 28.583060948089155 38.418831360405214 5.494449560634292
3925 60.98002537259426 -9.759286609530442 67.36500657850829 5.493968199958561
3926 -7.235710209703047 7.090258520016545 272.6507258684899 5.493239393285393
3927 10.037236824957569 72.78784566984234 72.67958535792512 5.491947120398367
3928 62.72139399242122 1.4153301672998966 155.75002741682792 5.491855561104569
3929 53.31738800031841 -26.82552100548775 75.92625496968762 5.491067796768768
3930 -17.592665943847006 72.86851305011224 85.53197575502924 5.490871319560766
3931 -18.706470546508626 47.61055025167383 257.6193676811812 5.490029533177633
3932 -43.434470369005425 74.14932545364798 57.392249686560845 5.4885518854820825
3933 37.099079441398146 44.05068137989463 27.444840558334953 5.488204134360322
3934 39.44253922165886 19.88384150251177 245.17461578121197 5.4881336675031225
3935 -29.25996685037927 33.25941608240322 117.00971768682483 5.488019010489548
3936 -0.03537391476421181 -49.020817083581086 100.67684003691757 5.4873944507239605
3937 33.7280828434697 66.7763197344812 60.758940934637046 5.4870458622701115
3938 -29.00213703724882 -83.38416077644125 10.824408522935009 5.486957129522654
3939 2.723676539895268 44.60232085392056 292.199187037797 5.486791410978674
3940 7.034886672014452 5.6060320155821675 278.26766948904594 5.486757399446429
3941 -45.61398670950243 7.900990566895306 267.6819240908104 5.4864773477158995
3942 -30.362654559537262 -62.76475986983038 107.92204585113785 5.4859316827684985
3943 24.269539788880582 18.162424915292043 274.8451571452374 5.485874674127517
3944 -58.59949345555237 -55.5415879648414 68.10097021627688 5.483950867288488
3945 -32.798810310928694 31.51478796420674 31.82920800493797 5.483271836508223
3946 -61.973655058301986 49.65037235209347 80.92329287935499 5.482782312907282
3947 -53.34895205711257 -20.493337872064885 168.0099552380411 5.4825097980163
3948 -38.3836678574295 -4.779028565412647 45.93479304954089 5.482187832130219
3949 -14.408706176428375 -54.73043497259295 36.35827891532534 5.481732471816505
3950 -29.061774572067876 -48.452338327877854 144.4828102891201 5.481558155145296
3951 -20.829161987229767 63.88815405376656 58.579680859595584 5.4811049631811715
3952 -13.665446548736522 -18.705177340636297 160.8697067471935 5.481005473746645
3953 66.42320216584648 -34.41730351650299 11.487986842161876 5.48090636422625
3954 -71.58584209787486 -14.373379406863206 136.12669635613645 5.480041749427357
3955 -13.748520393298103 32.85375114632808 180.76538830554355 5.479897834837528
3956 19.457301132305364 2.5725589177375108 251.38838787065535 5.479754037145545
3957 -32.840464349318054 -44.15819067195316 44.68550303078379 5.4786517956958525
3958 -7.901105681476587 30.264304205482794 129.13384167569944 5.4782880189702
3959 64.27802372115492 3.632043276354709 5.7402018836679085 5.477475336904365
3960 33.75767515227005 -9.50035101652845 182.94051403850213 5.47709502903925
3961 40.523374699597056 12.317357767086628 106.29826470748553 5.477070371395555
3962 42.012450432686364 8.775335944207026 81.92599871067434 5.476684206488104
3963 22.605608007354334 -38.02403721920355 101.74796844652312 5.476412681863943
3964 77.46308152405196 5.752063348432721 71.05745738824126 5.4764051381860535
3965 81.36570718288884 -6.602262808628622 81.62682822613127 5.476291720102616
3966 33.482880146201154 53.91952023859005 130.32279038514926 5.476091592470097
3967 33.200647972765495 -44.226425578284 17.611129650774433 5.475637076157883
3968 -3.2641573440619815 -37.30508313648682 280.63191817807257 5.4755904750128
3969 -24.842504569924873 -82.96902253143591 40.00018864827001 5.474852321812098
3970 -25.621320474983193 53.45412612541469 169.34672669641554 5.474730879712525
3971 35.489571147787764 52.78591594977863 147.43778855461989 5.474575851995206
3972 49.03706651193659 48.363737076478166 104.75637343698953 5.474494534930653
3973 -33.430384182100205 -10.76730523721201 60.61377892565238 5.473972521643695
3974 3.6007557624540647 -19.127532008180896 125.78005154461306 5.473869251768075
3975 47.57187540683892 -25.440758190273392 21.077809808146668 5.473177618110458
3976 -49.356377305399036 32.581071457949136 48.86466430025453 5.472411414216291
3977 -1.9887398130560712 -11.379398445558788 9.329605818688185 5.47126886492946
3978 -9.391106065257713 -59.20462506679353 197.6268927818142 5.470048869022194
3979 53.86520186076745 55.48754712779964 74.04095433828059 5.469965452365115
3980 58.46860306971566 8.876074421813483 163.97917570845138 5.468728861126708
3981 18.200508909422176 -40.955602185697224 114.57567744683726 5.4685153761621
3982 33.26308718072545 74.89761729955187 66.14929837975707 5.468124661652941
3983 58.01386677819709 -38.514025944967194 134.57005867648962 5.467407290119776
3984 37.152357975839244 -23.058523747004497 258.4294343578435 5.466918358562936
3985 48.229392339605845 41.38774907047293 109.80198528442888 5.466310278045297
3986 -15.69077552324957 59.4039841385475 4.44625683182195 5.465861323948853
3987 -44.31008760648772 60.48260917884514 63.895447310655065 5.465068433621131
3988 -9.421380039264383 -6.9818443753171735 113.93530147198378 5.464928212307639
3989 3.535001976134507 -77.09991210559141 42.22698235012141 5.464550190723543
3990 -20.015113022413438 29.502209216111048 141.83647516122397 5.464516922260291
3991 47.03897382075566 3.977667286408858 163.70704659047797 5.4644444195145025
3992 -52.96542750993507 -8.3598982547666 162.698086471054 5.463754351792945
3993 31.004456673431456 -57.084437345592434 172.99031518488238 5.463419738854382
3994 63.0363490890785 -23.548335308826573 76.77792503231426 5.461936277822483
3995 48.155712386655956 52.91356602122218 70.05132685823769 5.461899360290653
3996 25.351316014530852 -69.88359668657888 119.54016735244105 5.461896670743515
3997 -59.09782119184273 -9.703979872148059 137.5408546887365 5.461452478262668
3998 12.106802351902221 10.745735698015373 195.14404405637885 5.461236026831619
3999 15.161952551307984 47.99806929963212 228.05327957020467 5.460517065822148
4000 -36.12224971421667 84.09055752765723 22.347342601131125 5.459425590209033
4001 45.31242523950624 -10.722255565484351 245.365147080213 5.458724942740339
4002 34.2922976506101 17.662716658929483 74.54197465138188 5.458512205590619
4003 29.24796810441534 -56.63431956879676 127.70357730067226 5.4583737657901725
4004 -54.216797784923315 -54.889982226800676 96.39423782832719 5.458069219253716
4005 13.298965181799336 36.29132566870898 233.66693064235048 5.457651909669986
4006 21.32899831594457 -63.48521028812232 15.75155486222146 5.457562923114133
4007 69.21406376549876 45.018837676122715 68.05656617042364 5.456947005994173
4008 5.57213502733196 -51.94954358622294 257.04729753739224 5.456879296470467
4009 -49.949277594676616 -48.81334048527497 29.244696262539364 5.456858121329714
4010 -39.351696289650285 16.149929044012314 70.92082705342555 5.456752818650425
4011 47.789106015505894 22.151945960277814 31.50860821275174 5.456638767287911
4012 12.252819941126784 12.96634169267037 276.11788106498017 5.456627262572552
4013 -37.425507224191655 50.91044056331189 114.39061324963822 5.456445479590632
4014 -55.4302810723046 -55.41231237303376 84.44030388423965 5.4559636520134305
4015 -18.35208911306372 -47.57426761104816 165.44712434892153 5.4555074352340025
4016 68.9294626983913 22.590004455778733 73.51828600688312 5.454808032484006
4017 -32.2176468422893 -33.213898868515265 53.25978587389244 5.454434117959565
4018 -27.23918956851383 35.45191578921109 216.73466202746462 5.45331630290237
4019 -10.4961591214382 0.8723918656449055 185.9243890290195 5.452705348155268
4020 15.744710384721824 47.427338805317824 190.9544047349084 5.452425343673346
4021 24.514337178555145 1.0882316419609936 156.73143459021256 5.45192133533129
4022 20.40456575236346 -63.08098648585121 58.292189739513326 5.451315985178795
4023 -9.421567104030832 -6.314055239645784 120.01750998521405 5.451246213419529
4024 -30.788586085082585 -29.425696818558833 267.8183376585205 5.450435667783085
4025 30.435598508389837 63.089515650254 54.30871666381611 5.44938138847484
4026 -65.80114066297209 0.33032931994972614 36.31946424203349 5.448303494305056
4027 22.320875416544087 22.021173474338376 111.56771617526763 5.44822667018326
4028 12.805837043899736 26.975338739175044 291.9303838630496 5.447785491330691
4029 -32.39474891861813 20.697116128669364 238.13436485425396 5.446853511684489
4030 2.088750681606872 56.63949091672194 177.72981368342448 5.446609630497629
4031 58.93752351544469 -37.32419080637153 44.49756293305332 5.445798241982137
4032 -14.14374887578576 2.640782644959093 151.02684282368514 5.445383366203535
4033 24.025608037651754 -33.043506877127896 197.9851804069349 5.444919788964475
4034 4.610551646458163 -0.7848735241701661 113.97599275417741 5.443756725757741
4035 -17.183619007899562 64.75404141236586 80.57665594605665 5.443425305733872
4036 30.749153046679588 -50.46000255433703 40.463658901408174 5.442827939794423
4037 44.65923739795878 48.35888306769113 36.17757433172412 5.441878617379196
4038 22.54541731017835 -33.138013062959686 243.9666824405481 5.441236056517669
4039 -28.853881114228138 47.77120636728603 78.22693180588001 5.440991516183832
4040 -28.515499854141993 79.05345021777369 31.23394348529453 5.440529719011092
4041 8.447444767248443 52.8482628632471 115.14492674003769 5.440502753111328
4042 23.161962681485722 -77.21443226083323 14.90477948032389 5.440160795063532
4043 -19.78748016893532 40.34079404885715 210.04757848260175 5.4400094637604095
4044 -48.09140742741801 19.652719723037507 188.08098207594077 5.43963440364919
4045 21.909545927281687 -13.865777030480196 119.51621935886776 5.438750306061144
4046 0.802511167082661 -38.02027612844817 69.1049271435768 5.43816558068548
4047 -56.16729263103348 17.350447572245216 59.89170532106271 5.437907512013252
4048 -29.881115555656645 42.681007001893974 221.85600325280262 5.437476923474033
4049 -50.298207217002684 12.092257228155502 182.3869580835672 5.437412388921828
4050 -12.632674454218456 27.3836410605145 91.58362291405646 5.437197603258214
4051 -31.223657619096414 -18.46815298191978 131.84850436472732 5.4368418720958385
4052 -48.619787393161026 50.53392930891154 144.8993836096863 5.43508333097809
4053 62.635274042911234 -23.24929373668556 172.92413110017466 5.434549926993627
4054 -49.13030631440723 1.8385392553428272 247.627982590951 5.434007135388218
4055 -10.752772996392896 22.821075402492397 62.0235887687841 5.43366809407344
4056 12.48721344478443 46.505211371062586 246.94091117192733 5.433470802663215
4057 48.229419052078605 48.13143883484405 110.17433203483009 5.432491338547511
4058 53.38972827799935 -14.904382318309306 209.59288230868074 5.432480876328425
4059 -45.46919079138448 6.54707626441075 99.2824224409992 5.431844786057818
4060 47.116722230086374 20.34651436839733 120.51518144411399 5.431538371448648
4061 53.405749443885654 49.13062014198924 75.51204251918838 5.431163489418421
4062 19.270476337131523 -24.30642534564005 187.54807474262768 5.430306694506598
4063 56.320507939547426 -37.76001178903215 28.356801960915423 5.429436638137193
4064 -38.09861351987665 -37.987175086289355 223.47007260510543 5.429186301833038
4065 26.900750534057444 51.53484423714858 98.07984871571418 5.428784972980457
4066 42.22358324323865 19.08865853441064 103.00561674500076 5.428314587890522
4067 57.7429576965403 36.81544036067286 100.82775456892142 5.4281481809642536
4068 1.8386968064646378 -70.3252184664821 68.36403928931875 5.427523398473729
4069 -6.798975773637933 -67.2066600385222 45.722676644337014 5.42736883269317
4070 55.48420332871362 -73.40679869725136 12.47682310605084 5.427038875030991
4071 -0.10311031294703477 46.917432449313694 266.0592869740174 5.4269416207655565
4072 -66.28969139344234 8.772063619639326 171.11311134385397 5.426586752656216
4073 -35.17425244326748 50.00284050815654 203.57726952430647 5.426254480332968
4074 -33.84374426842844 -43.08755795653943 116.91253457636228 5.4259722998493976
4075 40.620432755085574 21.08569297920193 118.09120069906045 5.425814348497858
4076 -25.235018829860916 45.87646783852979 139.20662638721234 5.425619849870999
4077 23.407653438136393 62.07724029957624 18.885639073508308 5.425528453271609
4078 39.988089202567885 20.591364652386808 201.9693035609428 5.425524202058916
4079 66.57487767144954 18.637357343638307 88.5185579126228 5.425075823177073
4080 37.65006801957517 -34.17837891330733 109.85242256752834 5.425066920951115
4081 51.979378146256025 -44.561875982828234 108.06673254775757 5.4244386362234
4082 25.69268160769325 3.8552989868995846 99.96863776228841 5.424153637444799
4083 -20.938571695758633 -3.271924214144436 36.400189892605404 5.423790048056592
4084 -14.197380339330078 -61.819261400612895 156.99938546626942 5.423144087912773
4085 2.516119732229545 -73.19941202109239 61.84344081488108 5.4226660835206255
4086 27.508788101337494 17.78566048365706 144.84358162296598 5.4224446151792485
4087 -40.48132284555318 80.81470674695426 25.816512623669514 5.4221570966514685
4088 70.90349327629137 -54.62860770577832 17.78413620568786 5.4217964549452615
4089 12.420497725685934 -54.72091961592574 120.34242907593163 5.421396057239027
4090 73.00166978251579 -39.34394974814029 21.404797879066997 5.421353100094723
4091 12.176049532990426 91.67455176215702 16.41961363195366 5.421328847752173
4092 -2.2856069054212984 -7.249018651209239 148.5372851181055 5.420807406369487
4093 -70.72785047851669 21.20053427798264 35.992868295012 5.419865531219985
4094 21.48915061540929 18.990280641211257 293.4410771385359 5.418871067184929
4095 -7.40474618471692 -63.7810727186378 90.68859446146826 5.418658150080261
4096 81.92602016345089 -14.903691879813938 7.293002438822118 5.418391965147239
4097 53.890015557276556 4.287195998818324 251.24133481745488 5.417066046033393
4098 67.5193773440421 38.75678401510941 4.276844177525546 5.416853110575136
4099 -62.293699504411045 42.48810973627985 24.633967862845225 5.416390982338697
4100 -68.08688851468207 51.879846476679305 28.55414319055618 5.4157611602843865
4101 8.629683016047064 -16.42190435555639 121.02071366678256 5.414800836510536
4102 64.9287495331297 1.4232968837064668 23.422406187459483 5.413194812460402
4103 -64.21798994582258 -9.595317690316682 5.437133286440894 5.412955543835764
4104 46.633959845685 21.991636691951385 241.1294904140806 5.412276396377961
4105 10.565213586070303 38.291013640618786 87.92325406625203 5.412261827682715
4106 -42.348209449281285 42.7172802526898 210.09631781818845 5.412237484160832
4107 -7.8474409686732605 -52.36679016606889 65.7669833009382 5.4119409555952185
4108 -23.37519927888919 -27.963046263884785 192.4408025745709 5.41183733959798
4109 24.539600264399894 45.32156429510971 185.86728492539308 5.410916882772457
4110 8.022546311991615 4.749864919444901 133.7965882450928 5.410651660982152
4111 -20.156123167904408 -42.2009719807262 144.35065762328546 5.41034861544956
4112 -34.58943064830737 45.983610097833285 224.36677325283455 5.408908146631798
4113 -13.763723205151482 44.49381632092904 127.63313432358717 5.408722832094557
4114 -55.4252707843463 -27.705222690948013 139.00429607452313 5.407522761411716
4115 42.18148952716105 27.643395762997287 53.303881177500934 5.407508781928669
4116 -1.8244311559632207 -76.97086728255081 21.15444114043032 5.406581963628174
4117 -24.239734827203918 22.804515591461602 73.73982509665463 5.406377966361628
4118 19.586493346704735 -13.080436716449732 60.76285764786819 5.40592547202052
4119 48.98389768990558 -23.76927658335429 211.83009479948902 5.40533747216373
4120 -4.545778017763235 59.85912762382381 140.20233830598409 5.404819733982357
4121 40.682534165923606 -47.01857152604296 173.81977649935394 5.403767231576296
4122 -23.635187674681596 9.783263053883339 130.85704159563275 5.403457706650273
4123 7.765228794613754 -61.92659947225825 145.81375749412956 5.402840448778695
4124 -56.51582567114482 -1.5839042179992546 66.34315746069761 5.402240128278256
4125 -11.036418935804692 56.275041055694324 129.23833101560209 5.4018581087554285
4126 -57.35256207397348 -56.38659565586317 4.922484443916281 5.4012097398218675
4127 -37.12058717441882 9.907398236937462 44.7135799584256 5.40068460919601
4128 63.59999909674733 -38.56176696085258 120.09687391728012 5.400409643551765
4129 21.546007616239233 -89.39592428631212 16.339359691915035 5.4000359699770275
4130 -20.94074155531814 -41.86998407819155 269.95353756054396 5.398546774607635
4131 13.534493685196173 13.620665861509803 104.21603049526712 5.398382447591109
4132 -44.22906772424262 -11.979777478538777 70.22229255817706 5.398260349851956
4133 12.56789980887024 52.83306440236774 123.35260087217523 5.396879778800803
4134 -25.180850043536466 37.08438397904169 76.87799942274043 5.396151907270399
4135 39.357118925781904 31.23617539845985 65.3564072042007 5.3959756394903655
4136 -6.494686636144137 -24.52662567176946 185.6203747794708 5.395346658743005
4137 -47.414584393031504 -66.61121277297283 26.79440051244591 5.395042165737529
4138 49.08414831967408 -37.378118724200476 198.243292799153 5.394770100619786
4139 -25.93769091446427 51.687714658976184 162.84632167499768 5.394642145241505
4140 -1.9877543768033439 34.6313805287824 14.946882192648449 5.394622033348368
4141 -18.253293759523665 -2.504583736333873 152.5884951900387 5.394299858977352
4142 -41.91557160265335 -51.68136229174341 161.64198624576676 5.394170238739608
4143 -25.566505082648824 -34.90545684740647 99.37263373806859 5.393934699575873
4144 90.02007537509287 9.841361343238944 15.661579216860702 5.3933317002902195
4145 36.42505147029659 30.662056315647902 47.58432061045992 5.393225878633786
4146 -73.28053098486458 21.706548164694116 16.62479453232571 5.393181172270619
4147 54.05836089985994 -45.98692489351015 87.61149826513456 5.3926948420422125
4148 22.8863282888216 21.8485823519269 75.16956416578572 5.391439559421833
4149 7.902759031643313 -14.548206699231175 199.67282792379385 5.391181695586312
4150 -20.56502486453577 -57.379171066632644 116.22194631094034 5.390678776645217
4151 62.003836381565264 14.085543394003992 181.63570379086553 5.389663365145326
4152 -72.17027936856304 48.93790290046553 44.05354032082219 5.389592032888647
4153 19.682076150823367 -13.224153558375477 197.04517508362827 5.3892976996483295
4154 18.155960944526257 -6.292061049409419 29.774613325736162 5.388994501151316
4155 5.643569754634301 43.7434089647962 209.67554004498197 5.388579469893387
4156 -13.48179822489245 35.75816087749321 259.90197924389776 5.388444425924899
4157 -0.9474625888108315 -45.20997827358935 53.423508662269676 5.388224104405199
4158 29.20898999049075 -77.54552788684163 77.5758586256309 5.388078099053856
4159 -22.547605160883144 7.93620161463404 273.8584744549595 5.387234459760936
4160 88.53422825585949 9.67205653959677 4.094817967041072 5.387113290501519
4161 13.678089320179861 -28.871214665493568 111.85785444178205 5.386639067852253
4162 -54.6381895346148 -64.82128326920378 43.515206262821735 5.386549390771085
4163 -68.77850613073808 -43.23537690120331 27.62066177401553 5.386349487825356
4164 29.152749224881216 -8.708452562177248 235.29205077615921 5.386184749039628
4165 -32.262046293260696 -63.681593256782286 73.55653633789836 5.385645964910035
4166 -32.374067821895366 -46.44886428668474 103.57252910531926 5.3855589170776765
4167 56.978350136383355 -5.948941543482712 168.6180090349402 5.385263896850889
4168 -53.63472997992689 -18.54376026993642 186.39164334839575 5.385176994007622
4169 40.514554532904285 10.009670043710837 52.35545210609539 5.3840451803159795
4170 -47.306480498339724 9.199143874322976 92.59907854322392 5.383787886225005
4171 -33.3040202516591 -31.185300232369784 275.43447064536866 5.383684617082619
4172 52.97837845363683 10.076267448568995 220.61609308472836 5.383261005848228
4173 -12.155600649642187 -7.201650591011058 283.11058372111506 5.382848670933688
4174 57.581851397366755 15.008072767543267 205.03166483260793 5.382680121592881
4175 16.492343190361918 -36.46482440491697 137.09945779309024 5.38213856350084
4176 -17.912983369891386 7.557540912149808 289.6960823501607 5.38192291300566
4177 -19.126567005705716 30.044444858944996 35.286008101680494 5.381707015007615
4178 -4.723687234536467 3.019409833848356 107.53955242664134 5.381080975098866
4179 23.632185309207692 -28.484037779230988 4.4690623500786915 5.380868089411863
4180 21.954413311784712 -4.165882521366745 295.2633989304048 5.3805957318233695
4181 -42.122885971914776 -4.5454098488996335 125.67140703915202 5.380292714713982
4182 5.133616871783822 28.132140498759288 255.76291370701222 5.3801528904844576
4183 -61.45423541545867 9.635577438213621 57.32978077165659 5.378870386019145
4184 24.51824194984912 -55.588285493756146 71.06105672579221 5.378645778663175
4185 -50.32290409405208 -0.4465331937843846 160.3447458723301 5.3781303605048025
4186 8.004499068625496 -54.8437619130212 206.35652040856093 5.378077855633015
4187 -0.019423254852969585 33.08337845325886 87.31845050439314 5.377997720267994
4188 1.3435437228534597 6.536165671072815 160.88579304232405 5.37775434390451
4189 -44.55116527038322 -45.79552614011174 175.41777539138653 5.377502672483231
4190 -31.32938611100367 -60.88008791774336 139.63515897575948 5.376919958760949
4191 -18.74003389454593 19.51197514562586 95.55957899423602 5.376306097873971
4192 -37.5182139901897 -7.3383044950936895 232.3075053296169 5.375574608849534
4193 25.484999423471418 -79.78471110476143 48.99368642984219 5.374941956607122
4194 -16.34373493801422 -24.874923968561756 206.587397429422 5.374767579672826
4195 29.556183589426556 -1.015658715077465 67.203667317402 5.374284038779943
4196 -5.831484966730002 -10.081827163942641 45.14478694553654 5.374147575856294
4197 -15.441273331306299 -71.5646385748767 110.20815055795494 5.373754041462221
4198 5.197566596393294 5.09693859024778 175.73501914114084 5.373297475863277
4199 -28.614845374676893 61.489424652256055 152.78175966648723 5.373136622487738
4200 -23.375919163881953 87.57589201678749 6.698999760678787 5.373001966339474
4201 -3.626918284309405 -34.53723506400118 162.32500884574893 5.372734280691194
4202 59.977290086748006 29.19844691364947 89.8571813608708 5.372684675882169
4203 -2.589325465555265 0.278538985846446 275.3230695953131 5.372521745195645
4204 -50.12563327436715 36.36023141572623 154.5042687222213 5.372391141377176
4205 20.61601271389125 -46.08250784948346 130.6872857335671 5.371518382788548
4206 0.1884501573652546 -41.18258480219723 81.94013391677161 5.371470319367776
4207 22.8900312574462 -60.284065656298225 128.39842964668173 5.371397868718335
4208 13.565471042729051 -68.96484704924232 42.32379786470142 5.370775605894018
4209 -17.3672351805265 9.788099958041666 24.294437369421388 5.370749533545801
4210 0.5748004809721188 -43.23402564604131 285.88462038705654 5.369787619000642
4211 4.352617394106692 -3.388765038771652 51.11685532435085 5.3696883920206755
4212 -81.83219475669542 -41.18624412248669 16.081496599674008 5.369522907165915
4213 12.161012281549684 70.85133205379024 5.784112060271241 5.368724193316915
4214 14.640076201307938 -53.6734831050068 234.5708584038463 5.368700792425292
4215 55.44075830192925 28.57602442097959 11.921108492204366 5.368487090957625
4216 -53.07578270185928 -8.618288050769053 52.4174413645578 5.368235162156417
4217 10.438179870994283 -39.04558439831325 91.20125020235713 5.367835990775665
4218 -4.654824357117228 20.051702653162128 40.52508699157629 5.36698207985364
4219 40.99768855496941 21.351364728647688 57.42514904924041 5.366177838120825
4220 58.96945738369591 -31.76747242215663 163.90433035225158 5.366057455741695
4221 38.950980803225434 -13.557066727818173 115.97466175076907 5.365851545657565
4222 45.38456521769929 -44.487561377952346 93.94010509930509 5.365829890584357
4223 36.82279967217937 -20.3872253128178 174.21190370266342 5.365725048537222
4224 42.78372079974604 24.15862940917069 30.760826738512314 5.365185725883256
4225 67.33265869578379 13.353451877823279 20.242189910755428 5.365022905211013
4226 42.79537723689698 -7.277328962970088 136.71375827611865 5.36494369567577
4227 -22.506135457430602 -59.58793695089745 132.76406369227482 5.364904507870659
4228 4.397159865536039 -37.29340279504841 79.91912053625838 5.364900471070868
4229 31.90114606582763 -65.6762591393274 81.15163730273053 5.364660931376806
4230 47.19308662252081 -13.57356204570809 49.950827061653435 5.364605280045654
4231 23.501278843899694 11.77975924705931 8.78564612100041 5.363316838323934
4232 31.789384959770715 39.11521212765793 169.077563161178 5.3633150695238765
4233 17.875271965125158 42.407675762656254 198.9517089961332 5.363251677529643
4234 -32.39330584767496 59.70241175531893 26.42107445046298 5.362873561449085
4235 39.00531366559308 -17.471848281826105 13.92893569270427 5.362643313122261
4236 -39.61603148600353 -20.043890455332317 94.95034764566788 5.362451434503236
4237 32.00538939542753 29.481308227913562 143.61630727904043 5.362258195930814
4238 -54.90373314167197 -9.046365446339072 211.2066991448515 5.362224319294835
4239 -5.923158428996345 -25.45759395683881 127.89322691759506 5.362020240539346
4240 19.53916062903874 -25.463291329137974 43.42563848695042 5.361905668025444
4241 0.2126649874844606 18.024138223127576 227.51074637579293 5.3603542078342015
4242 31.861153648123334 -0.8441268692867752 86.47215848434949 5.360271062344504
4243 -8.280794156719775 -20.133924168974488 59.648955736908725 5.360052077051979
4244 38.88489903112833 59.748980680720464 97.9970414917262 5.360037488792898
4245 11.63460903807991 31.651622906068745 167.44332589742478 5.359555711996382
4246 5.280579686765274 7.16765306644445 238.98991727352495 5.359381534410503
4247 59.88972073703824 -26.155671064507274 88.40705704142415 5.359228254706992
4248 -23.311397273793467 10.356914124793136 86.33637129630245 5.358906192825554
4249 7.124011438198046 -20.71756285970639 155.38906564574364 5.35832352678781
4250 -73.08380291326631 -37.13673073261701 6.632001643527799 5.358290766506197
4251 13.057698493686424 -48.68489725986539 135.90371213765096 5.358112589658127
4252 -36.96022904005858 17.043829110511712 153.98635295505397 5.357922986443878
4253 31.851631986403113 74.10727277531802 26.405031721353335 5.357754388343827
4254 -30.492027872513763 2.4551770661559775 201.68121847012586 5.357708877084568
4255 -51.9588023096482 30.1777531391852 72.24090095496621 5.35694567668627
4256 27.347013185477053 -49.9976360731226 11.669608193610038 5.356730931070293
4257 35.155072215619455 49.54557528260055 54.984439301613335 5.356508393154742
4258 -82.07824156827813 -0.75864885602366 71.75904489208715 5.356430456179449
4259 -34.40740496027617 49.306643437879785 60.720268900312114 5.3561405833266615
4260 -46.7337008976931 27.871585355974304 57.73678209667578 5.355862264511424
4261 -11.795814473028381 -28.086380992407697 31.508470594701677 5.355279094796392
4262 -44.74180185580323 17.599249642288356 30.33161336766842 5.355026067309863
4263 -50.69090596085397 55.31268447087059 18.09812611206968 5.3546554273766525
4264 -49.02030244871646 -18.158541050002643 180.82008688354009 5.354624996739296
4265 -10.374713894687158 -68.80269026397436 54.68652975264832 5.354606658762559
4266 -1.616991122671669 -47.397613961418706 178.69925716953875 5.354328394859883
4267 -39.81038755673307 0.40046979439055086 81.15838713743337 5.353992951755271
4268 23.32362394424029 -30.078698663544454 147.93669492529048 5.353466454010137
4269 -21.598055650658267 56.94878217389042 10.980410105222324 5.352928264014851
4270 26.082193708052365 -44.65307432678284 33.71341443804832 5.352029092765215
4271 -13.169437609464946 -39.637274404256274 113.38329644146717 5.351414766192085
4272 -41.78760036027179 -17.746106316995757 157.26071359568743 5.351222690772738
4273 64.07540281615343 -9.410018056453245 53.697035511678855 5.351043978628677
4274 -30.640990703079225 -61.28950793734025 154.48354614523834 5.350580160214626
4275 78.1951594087933 16.691250225348362 12.136276210614378 5.349058139485816
4276 -59.70151717814799 -0.9630088671242039 210.87719517541333 5.348842519305922
4277 23.07335908358474 45.80485554730667 120.96200800796959 5.348766744546445
4278 -68.89733463697753 -39.87976720108024 84.6654592229075 5.348550253229764
4279 67.28160778162214 -10.771021857986451 62.16912236833368 5.34815577332415
4280 17.267188718559982 16.726974591943186 215.72937548337458 5.347971249368277
4281 18.687384986879422 15.311366765251986 5.735366428997989 5.346904331399075
4282 57.571926707965424 -22.299341019498446 136.93644111787015 5.346670361438495
4283 34.88750857968831 11.627051317541891 54.60055925872832 5.346446971806886
4284 1.6555369265531077 -26.02910806577907 14.569131508550226 5.3464138709897915
4285 34.91219278308038 20.893165698825122 285.49684313033697 5.346082208217649
4286 90.31927897605165 -8.904520895009854 18.64435618200654 5.345897293630238
4287 -21.403411344345262 47.17407162213347 152.66573496365325 5.345580181092176
4288 49.272047524320406 -41.752868550483754 99.30708952063493 5.345358328299204
4289 -62.82334751556232 5.509672319085676 161.43113249170935 5.34416787829729
4290 -4.5020686711499 -34.51112952744104 60.808810948197475 5.344004572100392
4291 -50.19542748077642 32.66218809919846 207.5219781419713 5.343829446250703
4292 -73.38149106552623 39.335812422723606 60.132646971263725 5.342776345437988
4293 10.757280094356053 -2.0126750390202104 232.3014229871639 5.342481316785198
4294 -49.22281329559928 66.84129157259702 50.61553787975133 5.34205387603369
4295 -6.324125396693132 12.856651324878955 180.39125398494866 5.341753389400442
4296 -29.639582229904267 -63.834020634835795 28.58915832414327 5.34172176266631
4297 5.421376153383559 52.18924267633302 14.601090630783228 5.3410210362540855
4298 -63.336992257676876 -25.5119585835501 146.01091046005953 5.340354220944185
4299 -6.4616523531002885 7.0022374040563164 75.88900005017946 5.340269276859234
4300 37.714295232193884 34.339318370863026 252.961235206731 5.340119311817949
4301 15.460493787645664 -20.23689504374012 224.79314718467438 5.340025966768833
4302 -54.38174854880847 -21.656436681657766 82.4345245339839 5.339984410879241
4303 5.26142190949527 34.71639170978776 127.96150433655981 5.339232104781865
4304 -25.03672152549537 41.97682387772921 157.16755999641268 5.339111855987718
4305 -62.24554361471434 -3.625181501471583 65.62542130799552 5.338790737981444
4306 -55.56393184167533 32.49875552285586 23.09355795419551 5.338645788374212
4307 -47.54711933183735 -32.91447025812721 191.23316277832865 5.337914666559013
4308 28.8607108395783 -14.583143955018604 4.091828909115123 5.337366887162354
4309 -54.542943048098444 42.07468208194639 86.62017250174843 5.336677045656394
4310 7.52840381604104 -63.67327530595247 153.82177986998786 5.3349257902397405
4311 -69.73322003665804 5.633383427307225 66.13928413477629 5.334544340273934
4312 26.29028832945915 80.05875783340267 53.32281238035412 5.334005253687448
4313 -41.51241553169643 81.84039622142737 19.723283083083558 5.333968439431373
4314 -1.3188566271156328 -4.558199524957259 204.46138282417206 5.333930914867948
4315 -27.939338350237378 -18.18163629461766 52.130227608889 5.333822179491231
4316 -0.015431634814186523 90.08306635408084 8.906667695584076 5.333399555824966
4317 -39.31165545656676 52.32153408119914 127.79790968043173 5.3330862062984865
4318 -43.860661459068005 47.26796528880124 182.14223482163192 5.332971758960447
4319 21.673241435615243 35.44469388256885 36.12261268210687 5.332799130388453
4320 29.154703994922848 62.265086780929984 20.16776105580123 5.3322725285866746
4321 -23.210026118032708 54.087596459907495 203.24743154695764 5.331280543585541
4322 -65.5858737127045 -31.11439273786125 11.565246044615222 5.330936879616548
4323 12.36287725896852 -9.01513059150247 206.54572576661818 5.330864407703846
4324 48.89724144140975 6.312306558965197 109.93192631473173 5.330308364821573
4325 -52.77873828851929 33.45404903899003 167.8342559137149 5.329889972645189
4326 72.50340609195302 -8.108673455287876 96.92051847476925 5.329807112740684
4327 31.87836129510532 16.300446911094987 31.422752608056765 5.329676941273109
4328 -4.523299489791491 21.157954374424218 68.30024845253858 5.329017167331581
4329 30.42306662838358 -52.58770035766025 160.01988602961086 5.328958205475006
4330 -12.716323321723554 -1.508302475869641 44.28555983143496 5.3287164734378125
4331 -49.44499192520631 38.95986402222404 187.73781898892946 5.328588964432882
4332 51.783550659262346 -52.78379145420255 54.491375449347736 5.32834704176717
4333 -28.05356025428702 15.422921783041536 44.33982841287661 5.328230847042041
4334 -10.838617068419518 23.65705966421001 67.65657976917623 5.327647990916242
4335 -67.4710461318281 -15.306634156840552 111.99284940950434 5.327407493004978
4336 3.2041359029564758 6.056953934902566 199.26261931732648 5.327092577476775
4337 34.64130655256417 -38.53808679024159 168.47572739760662 5.326615911606747
4338 33.055984434644664 25.287656462544085 211.71780274402 5.326463463697061
4339 24.839757039888116 7.0004457615092335 87.43354110586189 5.326005669183801
4340 20.53171571701571 -73.66460807042549 111.99056661331913 5.325993522612893
4341 -27.15573017099114 20.566773211350956 66.01117923069171 5.325248635705009
4342 -5.632352069791013 22.779564854688065 196.78757652198163 5.32492671054867
4343 24.06022489010023 -30.86455251663919 114.59970667521624 5.324412842878305
4344 37.52674123687068 -15.934032654128258 133.83449782656115 5.323944649315214
4345 36.04995324488803 52.29839423422597 174.15071835797147 5.3226874033825355
4346 7.29208013469747 60.474145861459945 140.62040328259255 5.3226614981730656
4347 19.08939263454903 -2.518731943408966 101.85898932165422 5.322344755066335
4348 -56.32241272206002 3.2667326344379326 109.24866358593617 5.321209000399591
4349 -2.5455131858992033 58.86181207761625 98.65908368214087 5.320598240222623
4350 -38.96707144972107 -57.632781709293965 43.23350002307446 5.319949789643497
4351 -36.53952272443015 11.338388583961919 139.95262206322587 5.3188833051838555
4352 54.638730159990594 32.33484824534232 63.11755535416071 5.318457229956708
4353 66.15254537206842 53.47808554219627 55.53840933691506 5.317932943858558
4354 -5.815403409378417 58.9999510551108 105.24809597500752 5.317374826442699
4355 -16.236094248004374 55.03758711571565 217.63226527571356 5.317125158150197
4356 44.30468264265964 -76.93847337128436 41.99887911193484 5.31686767781883
4357 9.396699019220454 45.47037756638112 4.828807700549492 5.3164971718334115
4358 -7.376255659197528 -11.850078708646183 97.04817503438504 5.316297532274728
4359 -80.71354309495324 35.07895429947056 40.090358409539654 5.316176827186091
4360 -49.733213145436096 33.77235395951918 122.71233632593948 5.315812603033063
4361 -36.438460751300454 -36.51454393938741 213.43555222849668 5.3149892467483735
4362 50.69729318343384 9.876205134806664 166.8293246739551 5.314581437214523
4363 4.748070560541647 -53.025186579778094 94.85724506030733 5.314380922533046
4364 -76.5445700691067 25.868951848119806 63.74252019518607 5.314376515941016
4365 48.69229500336854 44.071048649541595 115.85907765699802 5.314241489969225
4366 -30.35675520654119 -0.6283316640292838 284.3055462937778 5.314037099980324
4367 -11.077122108565728 -10.8902717682133 65.11655844195091 5.313704819398848
4368 -3.8974768967791857 -70.72403787935967 35.39695232166243 5.313286970497446
4369 -0.8600561961022848 36.198916702493605 218.65884468666607 5.313141053081194
4370 5.5553764503853245 47.4833204125812 139.94099278592296 5.3129444590780315
4371 20.730686145057838 -61.790302466564846 134.93944351140505 5.312852232307418
4372 46.55353938652647 10.74883889987591 182.30886703812854 5.311911134272302
4373 9.458618470926666 -26.74834328018433 50.06318886333881 5.311713956950648
4374 55.12534607414894 2.699826874418779 59.08808251282393 5.311507736863837
4375 -21.41064822652669 41.77232022247603 288.929356413994 5.3113647327871005
4376 37.02181621620804 -80.33596815664473 16.378676916427253 5.311317993747257
4377 -28.605362990151782 -45.037566435895485 16.62904476007348 5.3110810234829975
4378 -4.054237241675559 -5.5832422062395075 7.657612728996282 5.310826946921533
4379 -58.026148644844994 60.05114888801459 35.324163211122226 5.310783366110138
4380 -40.82424220184724 0.9202009155404216 288.19076811121465 5.310185221353808
4381 0.8955385630501245 2.011980867640864 23.526252100362164 5.309799793754278
4382 -48.644169683000435 -50.67523501550861 116.4811001754082 5.309318938916475
4383 -40.5344078239681 46.12550151948443 141.73885872441193 5.30834308279637
4384 38.24459768050853 -22.77492326554039 18.01855654374827 5.308078126761352
4385 21.297682529049393 -3.84169872887099 142.09917245901306 5.307991859186384
4386 39.99929017808475 -52.75582105934214 140.98236785154162 5.307185482599051
4387 -17.524285881863705 50.291363237964205 12.964428028740578 5.307065498366805
4388 -87.45552125372534 0.8308229528456832 26.923615165982195 5.306906044964975
4389 17.45073646115057 32.28296227860103 106.87333481362671 5.306685998869083
4390 -9.917781554129338 -26.870336204218763 196.79979067234515 5.30664211301387
4391 -38.87786597398904 15.122183953405742 240.92064600205958 5.30663174704836
4392 13.88371699714343 -61.519223489638264 150.91617403814686 5.306441986886391
4393 87.38729530082543 28.186009190001933 11.19707440274554 5.3063976262963735
4394 -6.6508123524921805 -6.702426009093314 26.397380068314348 5.306368670063236
4395 -70.10936426648094 -5.132772899089313 77.83179004713408 5.305481797225157
4396 -33.345764995056264 -9.193385888121094 274.84971196744567 5.304476856345883
4397 57.9604463950066 12.333301044933165 70.6010679014224 5.304434568186213
4398 -74.71081710755001 -13.44633540197952 105.13714077739358 5.304063867591786
4399 -36.809107226132994 21.247637764920363 105.90578705922854 5.302779961103983
4400 79.67937857938527 9.934290880970707 29.92131377111104 5.30269534293324
4401 -37.03518482050413 -24.34721242592584 58.79643404322333 5.302564089608593
4402 -29.645401787819075 35.05913273501652 187.18089032087352 5.302140356577249
4403 39.59756851913972 -32.09088838795661 205.10941014833637 5.30123772675045
4404 22.93988464271636 -14.131738525170238 180.31988565351836 5.301106153723465
4405 -22.536104441748588 7.411650297382348 248.1787865487276 5.301100265173387
4406 -42.30743763472685 20.693495837241375 275.43506454540284 5.300806345049409
4407 14.23586723059967 0.742406652855307 101.89036155951402 5.3005332534065275
4408 -31.792750272977262 46.104201850676446 54.5436487369078 5.30045920951734
4409 -24.533339251809405 -28.712014719146925 64.61286568661147 5.300241603093044
4410 3.009870139475178 -56.18657489089464 74.12166894730576 5.300163645094987
4411 7.46503348629874 7.040490219121133 256.01853553553275 5.29994438777249
4412 -27.958822174680716 -43.88927362948435 123.5355899878646 5.299739500862609
4413 53.441480406813824 20.66116779381083 42.250432511543266 5.299086479086979
4414 -46.35966523038721 32.5966614077331 89.9286137381634 5.298219454626384
4415 37.86450442020636 18.904278285477076 229.60475952310642 5.297468517650309
4416 12.602475186291848 -39.20866288164091 59.947918155178556 5.29736495508108
4417 38.45461890164754 25.584728377035496 49.160282810404176 5.297260315131693
4418 -0.302582376633997 32.16244039224489 179.70067609701155 5.2969011731569005
4419 46.08255429147468 17.43001867120199 53.83952731762579 5.296367075524378
4420 52.16836449976189 13.664287061013583 5.909998553285878 5.295914274212363
4421 -61.538739681043076 1.2720501117385852 14.234989992624874 5.295740777701811
4422 43.82516852841412 19.23884131129125 41.65913481811168 5.295146205080115
4423 -38.16882596652865 25.967228447444995 214.3891682326555 5.294896714607848
4424 38.248871291037084 17.76153507797885 63.39654053564092 5.293356859422684
4425 -45.58950362861845 -20.597663278780658 27.139921613322752 5.292944516917069
4426 11.886791426188399 21.986368291213438 270.3042029875939 5.292227935837892
4427 -55.37711003769776 -27.87403013521506 35.46038923068815 5.292226573630265
4428 -31.208503735437347 -26.559693806152286 50.8770074422336 5.29194332073814
4429 -7.544807097218395 42.710246117442495 168.6982555236771 5.291748734747945
4430 22.16067571871342 79.40350516165459 64.77717973282705 5.291696594121444
4431 37.15006518750504 -71.41763709370471 26.83475627159462 5.2914344830373725
4432 -19.70674174603866 -54.61384859411973 90.32147444996517 5.290856370474671
4433 11.567991554878251 -7.6646289941105845 60.33814862485431 5.290764515874854
4434 45.784509875185435 -33.13452828955369 150.98428089431604 5.290533643616487
4435 11.003715394923983 -20.844453631122743 270.32356591304665 5.290148949217077
4436 -29.680236273730475 -30.74952876317881 105.63540113323856 5.289716227505671
4437 -16.107337127685287 -61.5839120231005 32.839858393095135 5.2886631170403895
4438 -29.642208003160306 75.20612926599368 89.91343843907937 5.288144687780246
4439 21.40376332790097 -35.54107091127449 230.01300120588456 5.2879338264254265
4440 -60.351768916597194 30.67164626870059 51.895488079531404 5.2871860899098975
4441 6.392761569341672 -10.131679067974396 297.32885650770584 5.2869792735992736
4442 -52.168090088606384 22.835325109480195 230.37455739486057 5.286393350818797
4443 -27.126761941487867 9.530391501259299 162.547777529031 5.286199443746757
4444 29.677494595012625 -35.56935350640937 172.18725615874507 5.285487677564379
4445 -4.431716826575743 69.62847815218352 118.24522893843157 5.285413253492807
4446 37.48192525199665 9.507894936336992 288.8767719243938 5.2852745290454015
4447 -24.39097449091256 27.684546289446203 148.06032258917145 5.284979815737149
4448 69.35803355300982 4.515894429284781 156.75191414272922 5.284578877286194
4449 -69.28981279213963 -31.23932676488119 105.82872527709827 5.28432517574578
4450 -2.2446572651620027 16.135880453740644 282.2972575932811 5.284072575928392
4451 45.537896341435214 -26.543282566009363 5.83438206680275 5.283863854697003
4452 50.57731319625578 -8.08374927346369 246.528058798076 5.2835426537887695
4453 -0.49248783875873237 -58.93712039993652 201.8597573605836 5.2832542239390285
4454 6.805064700810919 -57.43059067913867 132.6935987466249 5.282721835880629
4455 47.90508356200712 51.93502129241217 118.21692722315039 5.282534587303845
4456 33.98716506388162 48.17410900212363 142.78936875328827 5.280359102978687
4457 -21.22138517344359 22.292957628874966 64.09847249257992 5.280279814165558
4458 3.3948036694662704 -18.053084611328543 136.30211752763168 5.280063576424578
4459 38.57266640376143 46.73938118175251 96.31799251756236 5.279371616510964
4460 31.57994671559679 -58.942782333817895 139.6356068388094 5.279287379219236
4461 -33.97361509763866 25.746888707458336 237.12199355707222 5.279140763352692
4462 -0.8144411518064913 10.242023092985532 199.08321352697033 5.278835589163007
4463 -50.0901610362579 -2.096877874080362 21.57827793486465 5.2769645882687835
4464 -26.88964609402415 -26.318664746226226 36.10989550883438 5.275362519401136
4465 -37.095957000537936 -36.418836632098525 242.56368779578253 5.274519914025855
4466 1.2802842601086628 -62.275316039562234 99.6877943184326 5.274377573388691
4467 -75.52347197716011 17.184869421738984 37.21921900843442 5.274145937736442
4468 -9.672927521520927 -29.651826907510404 48.27417134372942 5.272994050902131
4469 -17.649946349087738 -59.68752244290782 72.54201824360149 5.272084175003817
4470 15.826030223888544 -50.83000381494776 95.99305994826435 5.271834918639607
4471 -31.80498636152999 42.26041911736692 50.50203324872948 5.271533252984163
4472 21.003866749294346 19.859904074846348 190.05813263918358 5.271378908560377
4473 22.614592856756463 6.689996129199104 174.86775034744548 5.270747297008991
4474 -18.050426507107904 8.828445804965387 229.1030434158556 5.2705060250993085
4475 -0.07465308459814235 86.51287281434895 30.752870638528183 5.270285607339722
4476 55.21537735056572 38.63149402078974 62.826494365570184 5.270004787605435
4477 -64.19866896396178 38.73505403548626 20.41605398659699 5.270000590375693
4478 -32.76455916436143 -12.308528891750713 89.5806580766448 5.269783649257269
4479 43.370144827230085 -21.687611021080457 212.02596687783023 5.269424906827539
4480 -12.978876394175213 -61.222087867658274 60.03426216242845 5.26875471979022
4481 -43.72236258772081 -60.83290779310329 74.34369401746604 5.268189681131592
4482 37.50933718400292 5.058258653414274 95.93879870925828 5.268153569752865
4483 -19.30023573671572 -25.459120579054055 294.16181572256187 5.267991244541353
4484 -65.96603133745151 -13.975640465054566 133.59323084795415 5.267721978200548
4485 -1.8439841628381455 1.1697059002174695 116.6127639169769 5.267543833547219
4486 45.1729907964599 -65.70614645733302 81.688043044305 5.267419500433588
4487 1.757670726866821 -44.947193835354994 27.843055785293494 5.266991479540586
4488 32.250195519359956 -73.81559443544637 84.09435832448864 5.266691480418242
4489 -29.360396305703162 -79.96739560883212 4.2300117138677535 5.26655219296514
4490 -70.96074178493167 40.59373428112079 75.09376457196265 5.266005803179697
4491 -49.57080516418338 7.158639699487789 117.58859179911913 5.2658623301142775
4492 -21.34808475040229 -61.60837516669324 126.90394357536393 5.265666528684267
4493 -43.26645215082496 -57.8210152261656 110.51451491583303 5.265458246061186
4494 -68.4142313357868 -37.59643282805862 10.069002288208557 5.265439144969033
4495 65.11237674747883 -3.1796891387592643 105.51477019649614 5.26530747996105
4496 -15.292204668484281 37.987134223157966 99.93170712457734 5.2651245253008385
4497 -49.841155966612945 -22.186154113163507 19.498662938545845 5.264969453577396
4498 -46.595031780599896 -44.90893945425579 16.7513823237336 5.264573382986652
4499 -24.87371646839553 38.85321627766356 196.48421107290358 5.263850706651983
4500 -32.59003335797054 70.26492667730427 65.59716613751958 5.263831876017665
4501 4.275617911806107 -25.191802858141724 127.76376286089126 5.263547359379556
4502 -56.485042088340315 53.07214585990364 61.339707930747366 5.2632603866464915
4503 -26.78211847887462 54.612223752290255 29.65346054305427 5.263136451566702
4504 62.229391970699616 -3.956208255390532 188.13121212281226 5.262914637992555
4505 -55.392133885473264 10.359352539606311 110.44679120133816 5.262325814487188
4506 1.4411630292831008 -69.16235682408822 5.890321750532 5.26198117330046
4507 -29.56063988613688 -49.16550202307976 64.03624160747678 5.261870559932729
4508 -16.857079065972197 -73.81526820805553 101.6237569098433 5.261780239085264
4509 48.04705368729432 29.724621209707863 16.56581791402253 5.261697831939511
4510 30.939781096475464 -26.27410897532627 264.22521704749107 5.261592139696295
4511 13.130107567012839 -11.122503829259625 200.26770066097697 5.261544586619012
4512 34.01935185151472 -24.23538042600879 75.05062697294392 5.261346399942159
4513 20.009381774326076 -30.97531970595083 57.07953138999536 5.26129403816102
4514 -9.234088369806834 -76.0388664668236 108.99169953975408 5.260595581837954
4515 -34.8962039872498 36.541616083416066 215.921665607844 5.260382039665502
4516 2.2089126372037278 63.54203361667075 189.04016631045877 5.260150431354078
4517 -45.589500694649004 -14.003282912353459 27.767782774244523 5.260105042839761
4518 -17.90522701955083 -67.0257037360444 75.06043050942839 5.25960529229782
4519 -20.0825273192726 -60.95897701375025 45.90535049050731 5.258859412146036
4520 7.859721076012753 -41.65138140124311 26.669030030990548 5.258604883594556
4521 -34.50353607819338 51.68255325695494 163.54267148538455 5.258500002676394
4522 35.86088279142325 5.868510924406394 196.46381703414679 5.258403552964253
4523 10.362793124571173 48.04295717601477 222.79282739382856 5.2583210625326355
4524 -48.5008060300555 41.792099434855054 178.3222078739217 5.257993890591239
4525 51.51383584147726 8.247380839694685 129.45593866352257 5.257783777772428
4526 73.18354348251566 -35.04186153897365 32.497283382270524 5.256405486102228
4527 48.392337706389135 42.75377476686408 6.859509983569915 5.256392169310219
4528 45.56552768283116 -6.730035783353833 77.0632432037058 5.254418840764194
4529 36.772546378598136 -14.996183778945785 241.20080834238098 5.2535418800928575
4530 -22.349551355237374 -10.185247015836039 254.77912591832646 5.253372270189808
4531 33.966432441146125 -19.45494457592781 262.32067034099737 5.251618120337347
4532 -11.739104316186545 70.90334526741958 63.81429730267085 5.251486648623044
4533 59.436851972885826 60.934216880619026 39.42918192948282 5.250677636584578
4534 56.12334104652213 -7.511589567137699 121.65406694411548 5.250588996880303
4535 57.32089216571684 33.66069539910344 6.253611931416444 5.249418307786884
4536 13.812896338145913 -0.8279937837012898 44.05321731660565 5.24922628143538
4537 -44.538212827336885 11.245449279915665 139.49124714152148 5.249110784346507
4538 3.4225819303149745 -78.48786983540742 103.00644767005352 5.249109075673648
4539 30.95467083986482 -18.30054721179838 53.851622726455936 5.249097125311371
4540 29.970951755533793 -15.596352301649569 170.3578905172897 5.248539931095182
4541 45.85718103022812 -18.009416940066707 269.7293174701918 5.248156720019192
4542 -19.808931501392202 43.47434237026197 75.41360442972655 5.248000586639589
4543 2.0035373328333073 -29.942934343912015 88.78937430873528 5.247964443016034
4544 -53.93877133912426 36.83594878435676 93.57124076943667 5.24686287414726
4545 38.49943799073871 43.041790258543195 86.95404684715672 5.246852348529027
4546 -8.302110924256 83.77866486367398 63.911964841657586 5.2468275328166065
4547 48.74863667319051 -51.94149677717776 47.201424979689264 5.246324977929241
4548 -22.15107130823897 -28.31548221547065 237.15901039145766 5.245367198675105
4549 -36.77698214113794 21.999789015131338 232.38219133933256 5.24512407351383
4550 42.12691035415523 22.99433575977942 161.805065817787 5.245009900650893
4551 6.669485712295742 -4.3942461596059434 212.97161779667752 5.244183097481329
4552 31.301208965778734 4.17052020287094 184.4413547004545 5.242856814628944
4553 68.3295822518132 -3.984540869697397 97.67176080624866 5.242845708306313
4554 49.29898002162508 -47.90688463949886 151.29578561194938 5.2428280355416
4555 -78.59712946556355 27.157829270647145 75.81958349101373 5.242535960462574
4556 -26.999596532670616 26.928200781615473 219.17374098468966 5.2424351172638515
4557 -16.58383128135547 27.983386657781253 73.14988111425464 5.242336006979268
4558 -37.061491934926465 12.120773083843549 234.52248851212008 5.242005312637966
4559 -22.576610392096704 -30.363311408307048 180.6258720142185 5.241922152859351
4560 -22.98234623224691 21.60130519920494 191.61491991094042 5.241735260414885
4561 -53.05024481750826 -41.7844765529063 105.83191837804407 5.24148382939181
4562 22.14280401894979 -46.52948393267026 103.55534540071416 5.241204860010804
4563 -20.10728726363032 -38.91041222922827 281.46308057157006 5.24041661984746
4564 40.062051767399474 -51.317849544071585 47.025953028251166 5.239468977992791
4565 21.815739696452635 49.23618856021949 138.91084239600738 5.23937923819978
4566 19.09621395663873 -29.733690395797773 11.42339843543311 5.239361308024836
4567 -33.22240611477682 -0.628069962129695 163.19451201792603 5.239149262973317
4568 52.30022829158976 -55.71228010123443 105.76361949804271 5.2381335528103845
4569 -13.004655598939275 -47.65850392598304 80.00657794669033 5.237599817817491
4570 10.729418769752996 -7.705051038681146 222.46313329967532 5.237538397971021
4571 37.86453522407735 13.631395265642448 230.1844027565297 5.237455767771299
4572 21.826596616248267 -49.44133494102015 25.356994901961166 5.237411267400796
4573 7.741066649431273 75.41355702427124 77.19556056352253 5.236450793031205
4574 54.606513597067774 18.891354854657923 179.4313832427917 5.2364352113632435
4575 22.81441617234999 -72.88361490917379 100.09898020774449 5.23636978235237
4576 -55.47248560878766 -12.77239438950071 84.08931757044103 5.23615514042663
4577 72.32020543181852 -30.095727864211135 35.89757751719543 5.235743810769704
4578 -76.11010129896844 -18.26379104285306 5.8998676529516985 5.235604236690461
4579 -33.5706220147124 -56.12835744226071 72.24275686889541 5.235175420727578
4580 50.75932741043972 54.58261182585134 16.396187737316215 5.235076510152642
4581 53.38322746505467 -18.538033659061632 97.99157824782638 5.23501514562568
4582 -31.955131834188684 46.77116069595333 23.1875884700242 5.234242074045403
4583 -15.503234059688898 -13.798114584884527 122.09697573602661 5.233669765150518
4584 -0.003426990702441124 49.52319363751664 163.56528378770258 5.233305991483645
4585 -60.3391438202495 -3.733305836367846 201.6949336552136 5.232588541782146
4586 4.693452245512649 -9.008392885470137 188.58592825904972 5.23215276995661
4587 -43.1979437006149 -21.027508231907923 263.8513392457859 5.232151844430323
4588 66.08555839505286 56.17028204597951 42.542288181502144 5.232134532236058
4589 -53.25144387574983 7.410913091079378 125.66425926242306 5.231712161950951
4590 5.044644115758733 -56.74745731304148 25.650329156582547 5.231467565855569
4591 44.3293029009833 20.117979013322586 197.88549950373184 5.231107065056342
4592 -7.4384618176094826 8.323126550132114 95.06839120858875 5.230679919388615
4593 -16.623940279458044 68.57960296710672 63.281864502482144 5.229447850067903
4594 -32.44240858788887 17.813109221065286 243.07020952199093 5.229355641765837
4595 28.891914643822552 40.28160947867539 148.38422706911783 5.22913298406735
4596 46.80672067881263 39.07198119169413 18.22866250137641 5.229100185446509
4597 36.581554816199656 50.08112765852607 196.09193185337674 5.2289022835862085
4598 -33.24078418403237 8.385030060443238 74.77804064539902 5.2288197847119156
4599 6.533434468449467 -16.439368308128977 179.90401315828575 5.228744499439091
4600 5.7444829761381975 61.513110423283784 86.0762156457007 5.228321509661304
4601 35.79454131584815 -4.959708651332281 130.03487956856475 5.2282180633363
4602 39.28368456526328 -1.0970081336464999 294.2032016031696 5.227957275573716
4603 -8.465119910239206 18.92263487310939 11.13150325145553 5.227745094180314
4604 -46.785647433247924 -32.87701265677787 223.2794435734815 5.226479715968203
4605 -25.26985045348467 -68.4237291174604 67.15652409087764 5.225509101648772
4606 -13.113910340116172 3.00719479041366 159.5546958748524 5.22458765618262
4607 -50.56801627921602 5.349626811786778 242.25598172101326 5.223912702833111
4608 -36.90070241638558 34.49042927932565 2.8798165883234836 5.223776078008882
4609 -36.68097833118435 -31.6888468222958 142.09139941195784 5.222828538350636
4610 5.791837842624706 -65.09093707461149 5.266065763599029 5.2223867108403415
4611 5.023994526199529 -42.05449899559692 264.5674892629112 5.22203938386108
4612 11.28272387747675 -67.24656886210852 4.096852611608286 5.221230705880879
4613 -10.013003484654945 81.78386618642334 22.753276677192027 5.221163309415157
4614 -1.6554389076250455 36.34455882430081 64.7216070851187 5.220518664082697
4615 -15.813796686723965 -34.1303192010975 40.16533089693214 5.220440475599766
4616 -0.754182511680674 -38.40319559602243 34.50975113045601 5.219549141491582
4617 28.780351563243734 18.60554634000392 46.47487952982613 5.219422677157869
4618 10.70883157994047 -50.11959624483888 254.7496136825522 5.219366757596555
4619 -1.3839087838428448 19.973763876501707 250.63758723055858 5.2189395177180575
4620 4.86308426201206 2.6559791479512196 157.2936155916737 5.2187801461531125
4621 -24.422360623015663 -14.49741867399536 99.66714505518783 5.218660209566025
4622 58.3677861290794 34.37447460244109 149.49282692173637 5.218584951234196
4623 49.64820680218928 -0.95775005978546 222.08482469229307 5.218360169406652
4624 -11.394560840181473 56.63364484101258 6.2621379798199905 5.218146222015551
4625 -20.099187466154298 -6.6417774347541805 43.154180144877486 5.217791177691973
4626 81.22859587974882 16.809433472681384 33.28459125516821 5.2175725898520895
4627 -70.4567563321516 10.284420236664532 8.201501237866927 5.217421103851398
4628 22.616456313800334 -43.66399464037198 39.844804992848495 5.217175058486924
4629 -44.00693713992908 12.788125689584918 14.681129150722253 5.216523085222184
4630 67.51917648753668 33.22010175297183 6.168979573154427 5.216370231031776
4631 -23.605191584863544 2.8555114337474796 292.709243177654 5.216360389411633
4632 33.345322505102295 8.119673518531378 283.00993232208197 5.216130197225151
4633 16.129472196002798 -1.0131588622100773 149.36603262434613 5.216107439441917
4634 34.35676736139564 43.554549980136905 109.69085936716488 5.216045093083023
4635 8.500342415883754 -16.011975802383557 275.282112273915 5.215263445992465
4636 22.70714712890385 13.533378093801444 159.1780532623941 5.214709471391163
4637 -23.225271232992103 2.6800125241888626 138.20507659451565 5.213295446845869
4638 -10.789231882508874 1.43072063951527 295.63295865441125 5.213112318753883
4639 -24.297529589506716 -59.095894780341844 5.180821944774011 5.211599984625566
4640 -24.644649221380575 16.769269108436788 295.6607539409031 5.210873917105899
4641 48.42273756435775 -49.03922732019807 31.97162296918442 5.210776319513006
4642 9.412900921354147 -37.57864892168748 205.22571648013664 5.210683867694358
4643 -17.232497456381502 43.78732436955966 102.26125847319537 5.2101274927096854
4644 45.784305599627594 -30.55053127488236 145.60244770778243 5.2101032232941416
4645 12.885683862725006 14.567341315874856 284.21361744605224 5.209898792266698
4646 1.4741365453515662 11.532267617636409 258.8151924031004 5.2096099423730635
4647 79.41721873406159 38.19283741398802 22.74395041011019 5.209402615982991
4648 20.264967330402282 -8.385423145801475 6.726373668440679 5.209357224093506
4649 82.51766275533184 41.065489690192024 13.748543721371043 5.209093779709928
4650 -49.44503647060368 31.38522734324955 193.30733179031523 5.209036762424065
4651 63.6027874373975 25.19446627687651 70.85081201897259 5.208803670122423
4652 -38.23938336949429 31.43137630398598 73.75585591351268 5.208707312234932
4653 -19.234716697504258 4.534967226081146 118.79882749382249 5.20830569374206
4654 -40.4355835238775 7.022635454883609 39.696270781371794 5.207880722797082
4655 -61.293158994123935 3.0671901233486856 142.4212432482242 5.207702076649991
4656 -21.168763856817385 35.883879912705424 26.178149481998958 5.206842688581313
4657 7.590877760097961 67.87101578269561 127.19510573146539 5.206161680596462
4658 36.75347013084449 -26.171216601855434 245.41942503682705 5.205347698685387
4659 15.989069215921075 -31.776259711308104 191.92259818260095 5.205312580978372
4660 18.335750381431875 19.710856217710237 116.12226929804795 5.2044150920433765
4661 2.0504249184838055 -69.03036741368545 101.60255828856434 5.20338331405015
4662 -80.03910989597254 3.4861323189636604 69.27048743298084 5.202659161375944
4663 -37.65169950664494 0.8163178606166337 191.1577424771761 5.202368837993849
4664 -20.329779878953307 -45.19668606508123 113.5088301797447 5.202195544601467
4665 -11.934340579090499 61.91279754100877 131.80788552344745 5.202117023831758
4666 -80.37185536689944 -14.680196507701043 59.80518800302603 5.202083469442906
4667 40.55657803559555 5.571282977161721 161.7565416038646 5.202056517089977
4668 2.3640240676641997 69.11886470185665 76.39828313570686 5.202034739611245
4669 -62.613071443113796 25.004391430520354 28.095109913374962 5.2016181346134704
4670 23.349372478206178 -4.166041321279985 187.58652284501102 5.199410209239556
4671 -50.323114798609396 7.824941218937699 159.9835994553491 5.198972022027477
4672 -24.444301989380648 -17.858245294648988 142.85681753157445 5.198730219231605
4673 -33.78057235585942 -54.26766260358055 87.84978753022516 5.197935427152643
4674 57.074554660145346 28.480729629715142 119.31994683864055 5.197815041122945
4675 -17.356094519534388 25.044065304407457 234.35943655950948 5.197583288696231
4676 -25.377927840280645 20.129440744056666 196.51319879709342 5.197499627020132
4677 23.490339220490245 4.803522006734229 182.74856177058587 5.196801569462607
4678 -36.348772989615874 17.5305064424812 38.98395921372955 5.196582005717854
4679 -26.18312631333216 -37.36763217819727 74.69935870801596 5.196304450377605
4680 50.28512659059618 -25.904004105888575 195.46587982528206 5.195701263777779
4681 -41.58585451058516 -34.033798697400094 249.59802663375723 5.19550091872048
4682 -51.484601596396104 28.40450822651345 174.5663123271304 5.195499174001403
4683 -17.613354720668717 -55.47345068999312 23.568093930550326 5.195097760908388
4684 -18.60587987869311 -64.78943404819809 147.74988722067835 5.19494237979411
4685 -72.23995700298069 6.399167515100202 23.44647865838371 5.194473572633015
4686 -80.30033064762088 7.161813527697284 38.51820196345159 5.193806927559542
4687 -17.66190873398684 -38.939307441481276 150.34071341426602 5.192846591737501
4688 -23.785472426487917 -12.872382005696881 118.7503147563052 5.191700512169964
4689 -2.324907468831041 -59.55612147913703 190.99972629633461 5.191570240660849
4690 11.927801690520933 -29.050629231195842 262.7561365370417 5.191284581674903
4691 3.5321191763923787 35.19939067303033 27.568911215986276 5.190393184859756
4692 28.519745905988273 2.3744520656668637 266.28787892780815 5.190290694679112
4693 36.26828194332297 23.936528934078936 170.6119611229553 5.189814868529225
4694 1.1786103407959239 -16.489860489288453 229.4623363904716 5.188005038702555
4695 -71.66166391210761 -22.086610021098192 16.892344646760908 5.187054892229232
4696 -53.115236042144 -31.44643091777419 29.891088196715028 5.1868562318551525
4697 23.24370916795028 -50.936487771997776 209.61058590957992 5.1867140954901325
4698 20.623634087201506 -41.17683729875066 72.92768955544643 5.186245654984242
4699 62.088075762868506 10.666745614657573 60.8957266806231 5.1860184460940175
4700 -31.244863140071384 8.960733476432 53.751528556908696 5.185969702964517
4701 31.448204312380806 19.101367962149077 100.4402677523059 5.185637893722381
4702 -4.898218172421429 -43.876842354486016 189.0112774584771 5.185235775854107
4703 21.257128727102824 27.134475705181686 140.42388414128644 5.184786725632431
4704 -29.092825970534577 82.31319354355328 44.52007552790582 5.183986846903781
4705 -53.16698002124087 19.66993599308954 45.449044273983546 5.18384721540461
4706 -23.789279668786946 -63.59750029115679 74.86568490831917 5.18338806530604
4707 -48.41698922958688 56.33503713875061 8.60095614379576 5.183308125575886
4708 -20.271131011022796 64.67147911285494 108.05165411560719 5.18326437835691
4709 -57.45283143843444 -29.117735693157805 61.94713946388142 5.182714404303283
4710 -17.125311399522804 -10.86392516303071 213.2018674765575 5.182507517613949
4711 -32.49172721427657 -27.12798502601449 225.3727912646474 5.181890693181228
4712 -17.60632277058985 -66.53184891316342 62.99066281968918 5.181253574243987
4713 -24.288899790729534 4.320177812023449 278.15629710045005 5.179770851232876
4714 13.254302113448563 -57.67979566719971 126.94487795269269 5.1791549477617345
4715 50.734931957203685 26.79170344635433 229.1646539471169 5.1785677069819736
4716 -63.965063438066515 12.078653072681183 147.05819238976616 5.178557367342592
4717 40.68155426270479 -40.23887095788369 178.387683573254 5.178434421167309
4718 76.92098029061881 -35.5598728528286 45.50123057563231 5.178366402678636
4719 14.643527966600264 -73.19130123874777 128.7645208732691 5.177992566027502
4720 -33.60395735173003 -56.357620925229405 163.57843508807358 5.177593493749596
4721 -24.684652048729408 -46.6612243791702 226.27174190993296 5.177488558517991
4722 -13.79935082216915 -34.43882792296628 123.56639227216206 5.177207615730897
4723 -23.66485656127602 48.300827847349815 112.97190954704942 5.177145708751768
4724 -4.196812811827046 -37.24583683484131 203.88050797936694 5.1770601459380625
4725 12.6181536898413 75.67717508372507 99.77662189814984 5.177019906720802
4726 -5.432603536428909 4.055469488765651 113.03281418446316 5.177016547965007
4727 -46.59049869419583 48.31632938037921 32.64580743977514 5.177005097461427
4728 6.399073168589359 32.86986553507312 4.356238284574863 5.176645270853081
4729 -63.66940836406782 -20.59035427727514 16.378537992255765 5.175856149395063
4730 -17.809484290664052 0.6863749186386912 112.364819400062 5.1758244749031075
4731 -12.567444995393872 37.150567584743165 52.35145862958977 5.175469337691636
4732 -36.858233084953554 41.244916386805684 227.09444781953266 5.175285143652836
4733 54.27952215193712 -62.74571169828858 13.31013696379271 5.175183415000496
4734 -28.012497565979878 -43.24596798941652 231.48912735357695 5.175123955659833
4735 -14.523429817352913 68.25753225616899 74.81871822802889 5.174384212013696
4736 10.188783606498003 59.73717669293778 72.40217208197386 5.173416261051777
4737 5.222668283890966 -19.518879218209886 73.85901790563763 5.172260923259335
4738 65.97900854092391 29.176564368245444 88.28518921248363 5.171790830264299
4739 -28.646129909523825 51.5528400611323 218.77329661584446 5.171784534335583
4740 -68.2736789799958 22.936873039517216 103.32039759301014 5.17106657379793
4741 -25.564197805255148 8.446131089849873 183.58214695944062 5.17096894705691
4742 -37.26484700289527 -68.17721387443217 32.306659313135576 5.17096012830356
4743 65.7964391701247 1.165230287082914 10.514979855187818 5.170303368416194
4744 12.415661381285862 0.5275615494332513 180.7312723544512 5.16949575684352
4745 -43.52563707553042 -44.65919752826758 133.05594685341333 5.169491720689557
4746 -62.59724546783602 -18.422463703798424 51.01541308675964 5.169075686278428
4747 30.482082842751403 -15.639875669391968 239.06726276644412 5.168932526810432
4748 -56.890955299938916 9.31060628083943 93.18584094620215 5.168531286642397
4749 34.96418298727774 -28.79239234925999 257.5918407348545 5.167399505421214
4750 19.425168322200015 69.18396469279071 3.3491752407267286 5.167338737737125
4751 -17.21260397925178 -59.049365972772726 147.1237823741315 5.167084249252918
4752 51.77077884471347 -16.656097731591615 108.99762469388627 5.166910440132843
4753 13.09401735116337 32.962710616586016 5.653494880737317 5.165456475689131
4754 -52.04597759517699 -4.9875010218589395 26.950908937896585 5.165138511910437
4755 10.820247147343826 15.321154056366515 191.77169287986368 5.164855880068159
4756 34.33021335677347 -56.16154921345941 117.39132163011944 5.16485501205969
4757 58.025648391192874 13.093912601822813 56.566214981346015 5.164720084210171
4758 39.69366283178053 -8.230173112975454 118.49002122962007 5.164107615424225
4759 -6.779131692582085 -1.9130166676579865 157.55321130577954 5.163883512336486
4760 7.056789133918947 -14.301525812829265 107.79251867832258 5.16378125222129
4761 56.2189282009255 -59.657649822695966 80.76775047279015 5.1635010303388915
4762 -69.07977120244314 1.1380233924717515 128.25519876381043 5.163486859692908
4763 -63.57988107995981 -53.94795193589437 69.75350770173725 5.162589328828555
4764 -8.312013551329056 9.224996229273156 107.54132043824586 5.162573712454623
4765 -25.87230991191954 72.33219200659586 28.486182445523504 5.162372973524301
4766 -37.821323773981725 65.53934732119122 110.40499193744454 5.16201012548264
4767 -42.14930854988404 24.38809314744723 102.50728936476267 5.161978748774654
4768 -44.691972767855695 -9.791065688454001 260.58511535694106 5.1617864681166346
4769 -51.33467511381666 -8.134567201997815 259.50808044690325 5.160544268251625
4770 70.79608531186067 43.58273213558595 33.57283252627166 5.159115950742327
4771 8.724028452522191 -9.386516246559786 79.38382777186189 5.158851097383973
4772 65.89966643522162 -53.80944218429329 34.027520084313664 5.1588232133028145
4773 -61.97658910435403 -33.0969521470296 87.38584858181076 5.158005670665217
4774 85.962996697813 -19.359577761532194 28.62198791935083 5.157882546117445
4775 10.963506424549792 63.54644126973182 151.04499074733363 5.157721469482554
4776 36.52904908161227 -23.168146268203884 111.61481470163247 5.157676543732475
4777 19.749269685462092 8.759453949025676 133.43960780121256 5.1567260418179295
4778 1.645543199794706 18.390254258738203 15.377983560611012 5.1564518926371585
4779 -46.32037633468052 37.96377702078548 110.16286708413463 5.156146705753837
4780 5.602500117333816 -64.38566332326997 23.61772137910367 5.155443393113002
4781 30.733943863387324 20.50324286005337 221.16127448260633 5.154921160424526
4782 -48.223616957654734 21.0893477644603 203.20013666422977 5.153742159201695
4783 37.27050285217367 5.401038519965601 155.486200825544 5.152589850691579
4784 9.546732461583911 -42.22307906950426 74.79310580334425 5.152332782690861
4785 -2.9291303319475643 39.283782678766705 120.65280281321706 5.151586879309962
4786 -23.79836304985747 59.282838309716205 114.30733754150585 5.151192559380689
4787 14.807158800274433 48.86781270796272 155.26827217125566 5.150271949910596
4788 38.82811355865429 72.5702697713574 15.447320168948968 5.1497894830828574
4789 -5.555616896012752 -46.018040271124924 169.85294164309536 5.149225728321589
4790 31.30292216905754 -25.882816964553154 184.58190441784657 5.149098206204075
4791 51.67604543831217 -14.918822411348565 176.4667164272586 5.1489478664426365
4792 -32.80535194737314 11.84818732627398 260.8518969549528 5.148763153208883
4793 17.55909769498181 -75.71795883371487 93.9459034603337 5.14860638931159
4794 57.57175889444626 -13.047394348393153 136.69671503255088 5.148600693806989
4795 43.06331321192139 -55.75969876995861 128.32071741629488 5.1484645030835265
4796 -61.75217846153428 20.692856126712663 62.0271084347814 5.148087308103526
4797 -40.631150815123185 21.879607934681168 20.265074578159442 5.148065726088095
4798 52.30109096240999 -30.328829470418356 95.14860371900271 5.14750079183681
4799 36.866628860658196 -31.259386459120627 89.95261143742708 5.145489213725004
4800 42.77477982193633 41.62187168036715 147.0765095764966 5.145295372310059
4801 40.821240014500106 76.83118488249526 47.08787534308365 5.1452876281350814
4802 -71.24327774123948 -57.92676699173367 16.934408877603328 5.144695352372888
4803 28.688223501465256 -74.92042998952478 13.520272802409352 5.144676957897954
4804 -55.926008573404744 32.292693454881935 172.35785768167315 5.1444121872525255
4805 -45.47773271467817 -7.39156263377314 221.98591610180114 5.14439401610627
4806 31.793836930361188 34.951837325782726 54.022540525505676 5.144075980427258
4807 -28.526336230372475 -31.06280947653883 112.75492435877858 5.143696808505634
4808 -38.72675204010036 -39.77395736270415 150.03772461376252 5.143678078939589
4809 10.871965626514893 58.13637763149331 188.93432007158708 5.143494102140965
4810 22.623493683555044 9.660063056772858 21.779935785484607 5.143256740299815
4811 -45.849887341750176 34.86097216429026 137.35473824638666 5.142185407036947
4812 -9.180967377215453 -27.567047256691787 214.78796104240834 5.141740881917803
4813 -30.31785036943364 10.317209633467117 233.21515134006398 5.1415450109394945
4814 42.63059627814968 -38.3808006321802 21.441244958447108 5.141106063168323
4815 45.07000331708706 30.1782226937085 190.33906246502906 5.141018713243049
4816 -34.29476096866847 4.343874321412516 177.61490441205007 5.140336217990064
4817 18.557249960509054 -33.4608327504891 114.14218651217938 5.140308183931413
4818 -30.02033338639641 -22.954788302731345 147.49505752304657 5.140295981628421
4819 62.721242833056465 8.61983695964193 151.15853808728218 5.140137356746585
4820 58.81186162043006 -30.150936614732142 108.55707829370756 5.140105138332767
4821 -59.06496293656196 10.987318799675077 29.96848867970239 5.13966044036224
4822 54.830358923166266 33.460411479019534 175.25441069764477 5.139392459827192
4823 37.52641525381955 -21.861631366286026 139.36706616003153 5.139251160661366
4824 -28.51566338283338 82.56215795493992 36.39998532673047 5.139056215597746
4825 39.43547244560064 -29.453126147022836 260.39555502856285 5.138081900071867
4826 -24.721133762221008 -60.612911170994934 31.59592115387392 5.138066300159333
4827 -23.328151561364713 54.77773120729037 174.90093631027938 5.137872142285559
4828 25.34284914743152 64.05812476688261 59.820260122074686 5.137563298285245
4829 -38.77244541336757 -4.6184285973356864 242.3147966474828 5.137108466342909
4830 3.2087501608268636 -22.408688421074842 253.20195853793152 5.137062835155173
4831 40.69982087883745 -47.01844402951877 33.36014134214836 5.136711421916955
4832 63.15242790995363 49.62668522294803 84.80082833160004 5.1361187881914745
4833 79.0422218301901 1.6474888838320094 12.777681983829805 5.13611455560408
4834 11.714606516310335 47.20160826427826 112.0430346357504 5.136043093380317
4835 -0.36936342842741476 34.35733869463825 159.53397182939733 5.135862149095047
4836 -47.44653119866029 -20.94415718907867 52.15105787932132 5.135744819093762
4837 58.59162407637704 38.44879542580583 139.42066736778895 5.1352661748315835
4838 -6.241893071683378 6.657526841224248 10.088565717218788 5.133187931290619
4839 -10.81846654363247 68.60255075479319 142.51766623179216 5.133129785484263
4840 2.5882824243217533 -56.95024214421078 80.10126907946376 5.133009638759906
4841 4.474502787019758 -27.927175816065017 192.73420736949956 5.132418999019178
4842 31.102984783269342 -39.725194281319645 197.81544520609185 5.13229746015755
4843 -9.970949150730412 -32.37417306914344 43.188494937248905 5.132189718474507
4844 -20.524392440716255 3.3439212826713587 6.009041638245035 5.132093816789453
4845 -33.18316479711982 15.71734883737309 211.86455888617814 5.132055723784305
4846 24.10134707957199 26.674650263636437 91.09631617709626 5.131908804973708
4847 -42.72020673793104 46.63185147398632 83.05377111083018 5.131908758896239
4848 23.60167470962325 29.818150376662143 22.051638271679558 5.131543144314969
4849 -13.079102782328158 -41.99708984987539 152.8518838398756 5.131304237332125
4850 -34.18561137876986 21.137649577875802 277.2484589945611 5.131177232147397
4851 -85.3390859221231 -1.125010210510825 8.901325785815077 5.13091351607959
4852 35.13257841326088 -23.240712914342176 232.67041567004657 5.1305853211011785
4853 -43.186298490724326 43.66733909777109 104.05813594003142 5.130371342159576
4854 -18.997027366044822 -31.34485415477448 80.5782967163194 5.130182465634201
4855 -61.06797352256095 -18.913322809522036 107.02551450753475 5.129274537434335
4856 17.70565330867803 59.11718982186511 125.15426908462177 5.129249687947226
4857 -19.429640021573604 64.7671388077284 140.90145319977174 5.129209618269629
4858 -39.91515672677399 -50.20695703473527 98.78788253324628 5.12893969871261
4859 -7.672747907610511 -20.274383940497742 74.04348614384662 5.1281244516887226
4860 8.436107058881614 -36.408873254021664 177.38760242717998 5.127677502201596
4861 37.60567298881112 -32.5999752318765 101.13273305490814 5.127676959492398
4862 -22.467022472447365 2.786567174702976 179.88168891807416 5.127306357786542
4863 -4.561613649028853 25.06301563348916 276.1149831054521 5.1271251261765896
4864 -5.130603267651891 34.412680411050836 205.57045229538184 5.126651343553354
4865 43.209937750686365 58.95851680786774 119.04032781048028 5.126177855851668
4866 -77.07380268694199 4.313320626813443 75.32302700459907 5.126126941853963
4867 -9.971380836387437 19.24017974440938 139.65215520394574 5.1259573925257085
4868 33.82800852313692 -23.423815076471556 252.10035470619218 5.125526426946855
4869 -12.434598338814487 55.57073958328677 116.03756502687853 5.1238275079413675
4870 -45.6413366831042 13.550379237858582 274.4180768609452 5.1237696052114625
4871 -33.76202023924756 -6.031777021320577 33.05748780906752 5.12306927426467
4872 -24.580469601848485 -23.21633856576643 143.64335067785146 5.123035092609758
4873 30.71056950203134 2.3186900507106722 21.952127644911187 5.122640707767394
4874 -4.6711180212761185 70.78460403705583 150.65373987607043 5.122546460241036
4875 5.338869009898321 -65.87996266726131 126.44064374994004 5.1225174781728535
4876 -47.56176615528935 -23.331011362926247 205.20240231824755 5.1224442881440515
4877 -42.881051245569466 -20.26152732277568 152.65801714979062 5.122426518204933
4878 55.77646512403582 -43.37848609412412 18.594659226014866 5.122043749337278
4879 -9.021978929402824 -2.1953062112113066 214.14480368913277 5.121484923676283
4880 24.508524822159487 -15.815551804891621 73.17922801306162 5.120879388630701
4881 -36.31321220990302 73.94382852617926 70.85724816768906 5.120323283140734
4882 -26.889673790757524 9.681622114005116 240.05405553726635 5.120317706677458
4883 -27.591555045435218 -12.50520089772693 253.01019030067346 5.119859586478409
4884 22.26832514767563 34.31490244730525 86.06594932046526 5.119339185379471
4885 17.61989193399394 14.812701467815387 139.6372245134387 5.118968982330782
4886 -76.0067592858555 12.465607177136116 54.299146895136644 5.118480773951056
4887 1.7779424218277997 -28.707352278839643 154.80463410897906 5.118060729509751
4888 0.2025785145811465 46.50384038309539 227.55334319607186 5.117754839533969
4889 -30.052870141971283 46.21994611484032 217.5368262624009 5.11746016768106
4890 51.23697902967819 -33.0954527888097 114.11357013289778 5.117105797536292
4891 -51.736718118196464 47.44897370303938 133.57622691850472 5.116825620595059
4892 -26.93430801628533 15.816665729130122 134.66863413707893 5.116800665344026
4893 33.487733463602325 2.5453174607629325 261.1551555442048 5.1166701327458135
4894 -12.315422992792435 -78.4304651645393 2.7409009039406826 5.116351322969436
4895 -41.94078579803157 36.16879552335374 174.84838852826087 5.1163091364017745
4896 -17.279452681730138 -16.00943683985339 183.49142378226549 5.115632925004947
4897 33.451818573104696 61.96919568677646 47.546683847290936 5.1155175870928264
4898 0.4907561954646631 19.562486617076786 84.22020775404347 5.115357945135065
4899 -17.509814057820797 -31.096425197798396 288.7339588153136 5.115328088043238
4900 28.007326783643844 2.178251753292021 170.50671301744237 5.1151732618546175
4901 15.732142404058543 36.243285226172574 45.03273237730501 5.114978735455285
4902 -52.823776863691585 -18.788090032433754 3.3007541133546425 5.114955601710083
4903 -59.7064685496436 -15.41630426536085 4.293699798642092 5.114778281823275
4904 -18.097072716223554 15.062409885650236 264.5776011441967 5.112500076121897
4905 -65.26821701308668 -41.50859517910588 12.800741295258987 5.112122656741475
4906 67.37053328377306 -25.228975208072775 59.787393273409485 5.112113377957499
4907 56.10925608469582 70.5531269248591 11.463726686582605 5.1113038944691755
4908 -39.36792476926777 17.642231016311776 87.76419038420433 5.110663807131015
4909 56.141860013615066 40.39022449915565 155.61408930127922 5.1105296441287305
4910 29.75355968002467 -28.04414617424648 142.43747425933316 5.1103477061328775
4911 -1.8499611297627885 78.32227791119466 26.30787094684643 5.110255935395579
4912 -67.85302804131238 -4.003817674378695 24.224962339263357 5.109989214549903
4913 28.433120986602916 55.567149277109166 151.3815270441291 5.109962155360847
4914 -20.23613539222685 -1.6394195267688518 177.73294500894556 5.109891720448898
4915 79.52367142429446 -3.3197349617016125 2.8288737308854603 5.109796545591831
4916 -44.5628062853544 -11.850337165893068 12.581900556420349 5.109747747889775
4917 -19.53789615928253 -33.91588104249354 118.75281642743661 5.108110407194362
4918 13.069762288772903 12.62854392063469 207.05647540263328 5.1078644861592934
4919 -54.97350367500667 18.5740511225048 228.09698832247855 5.107488570251006
4920 -47.0050161788001 -44.45290461419465 41.38501505873582 5.107067178505218
4921 -3.376848845163141 -14.983617425590605 33.060079868076095 5.106358592286554
4922 -72.8459893978289 -13.236486865995737 7.649910726693929 5.105984203745003
4923 19.582093532496266 -48.49137822136101 246.5147130599269 5.105041465438214
4924 22.576704694503505 19.629118990693303 98.87745752943272 5.104999581113483
4925 -41.86898796325857 29.752291445946632 238.68568704792278 5.104746825847243
4926 63.69324956098594 -36.75854548976906 62.93663301538946 5.104632785033379
4927 15.972509599046944 -41.590584462037036 79.68428280964082 5.1044869260775
4928 -56.67807844658443 -41.45785085082035 7.532071563796312 5.104217417515441
4929 -47.70785981336263 12.564770356980155 257.90413132111064 5.1041948513757305
4930 12.875301430763251 -47.52808138009693 39.9926988188789 5.103908925650998
4931 42.36847916819947 -18.085883247602588 198.476803293674 5.103809974931373
4932 -7.0558255518472315 -60.992453897459846 61.822607079966716 5.103643080823799
4933 4.610331638360788 -4.361747566433558 122.78717518533465 5.103463949607244
4934 -12.524980659616688 19.672539957481142 56.24530088778097 5.10342755556267
4935 27.145769189430926 25.559617357260265 95.79356546124737 5.103148271207834
4936 37.99668943856979 16.585552605263125 115.65251281000613 5.103000261671971
4937 -42.32731327498 14.8593058368503 187.36448014362813 5.102912193221796
4938 -32.85544358169542 -56.307059885851004 143.17451551278654 5.102807481314188
4939 -31.787443411031056 31.302552417797237 71.42509009496655 5.1027400848259665
4940 25.005621742294867 11.361164417843108 178.49490639010153 5.101117868986877
4941 -3.836648949134189 -28.496618774781645 269.9535193204679 5.1002430293725265
4942 -63.15412222887427 17.559127377365854 39.8041793301685 5.100176362095557
4943 -6.318876150732972 -23.518938484112283 165.53331272040546 5.099627066191798
4944 -26.17140424134637 41.48318177707047 4.527832300990921 5.099543992580915
4945 31.590135607022876 10.209078724611397 259.18364717241457 5.099465810974067
4946 -19.49749809684539 -3.149500917218913 172.02288650085214 5.097936493451439
4947 -1.1521014585539247 -20.798099235245175 7.5845321064791 5.0973361024400905
4948 -20.068093062909547 -56.900006043094606 81.83428894050544 5.097264202515767
4949 10.993802812381547 72.91584203742941 40.664225388774284 5.0970653751255215
4950 -12.11620383150362 -81.76053402086949 52.51831849263464 5.096412052691258
4951 -71.86854967968048 34.09204487766921 89.92813035747349 5.096232730030371
4952 -22.776321680006284 53.9333537676012 219.76137689582094 5.096143843543497
4953 22.178714600335574 47.38913063478793 145.10199776324217 5.095616236081067
4954 -47.30649568717235 17.88146011429464 91.2234388090566 5.094242102962769
4955 -21.169349097238648 -14.774833290718782 260.0988076840381 5.093946834431808
4956 13.52853424721261 -62.20661444464063 78.88446611663818 5.093823835579895
4957 0.427978049642455 -56.51650164574941 158.80369222934814 5.0936857087878815
4958 37.14989515148079 -59.29665549247012 25.074831328231397 5.093294424274028
4959 -0.91518862158473 46.81596223321374 284.05634446333 5.093247724853382
4960 41.14349196090686 -29.28725518847174 200.30902648092382 5.092526591273571
4961 -49.67441944860728 -0.6245267848111806 221.45775251181294 5.091459766888661
4962 -9.706390468294849 57.12909227378875 202.9269670160348 5.091145220440806
4963 -0.6115929343659747 -20.7177704246693 232.67138431555156 5.091098562769584
4964 7.494799680121149 20.26936434835666 277.08514385316147 5.091015387078456
4965 -14.235739886873837 -46.5558795276482 43.83127418678339 5.0909760987905255
4966 -67.50416580849198 -4.123296960352821 126.69397282341119 5.090138090912694
4967 -32.12086168197955 45.39710142578175 110.23622922377967 5.089334876659897
4968 -38.545622440232435 -37.4276465617662 77.89543090183226 5.089004806784521
4969 16.10760068768799 36.33379632871759 268.0654352465153 5.088700939524811
4970 -57.72638014914851 -54.97172836423976 21.695282683950744 5.087722829278273
4971 -21.631358559156435 -54.904897812734546 146.31586833009843 5.087684461530218
4972 -19.687736540359165 24.691429818218744 217.27431817764403 5.087568967976703
4973 16.22772143946576 -39.370947189065504 90.04288202949242 5.087412905598507
4974 -62.339227150178246 -15.938427295107132 113.06037267208636 5.087303944378033
4975 46.70959830757669 -68.0047244115696 48.10886155540921 5.086475270466488
4976 62.97824621199525 -62.40195126020928 9.460789261342656 5.083985515691474
4977 -11.749813658135505 45.218460398485355 276.5554119489656 5.083926136604726
4978 71.23942462829974 14.411838008382432 56.76184369030157 5.083836499309575
4979 -0.12716186207663593 35.516980714634876 131.00568679062243 5.08381667569898
4980 -31.27321051506174 2.5503473924339692 123.79333004588594 5.083715899293324
4981 7.890968253730627 30.459720281721307 141.1731529224223 5.083555017423668
4982 -22.502712639377744 -21.354576760704575 194.91086255104383 5.083114930339877
4983 40.04369142856612 -44.42480946811133 85.8167026449909 5.082795643949031
4984 33.57420652200856 9.485797627232419 91.50980906694377 5.081728195209777
4985 46.25193262502761 12.102109834075652 119.86480351414683 5.081476169779064
4986 -6.453093155500882 -30.230315292925702 4.316488383222883 5.081144853365302
4987 4.627356432292093 -67.15090041662184 138.35998197503167 5.08113274534833
4988 -71.73119839845218 18.472227776979317 115.20904373093634 5.080812248812508
4989 23.1233201077075 39.29555495998696 185.25643147680645 5.080635879706592
4990 -17.327474616119364 -47.71979101237755 31.057672058196037 5.080000381240925
4991 -20.78612331431296 -51.45027930544927 53.53035547556146 5.079790998409354
4992 47.82959338264192 4.620532804011975 283.0690021176945 5.079508647378167
4993 -51.402635324307596 -47.94171821566498 56.421153845798436 5.079212396541394
4994 -65.18619321113994 35.06233143689291 112.77971383492563 5.079067719773503
4995 -79.0528281649485 36.55390709491064 30.62310078468971 5.07763998080681
4996 66.8195194533456 60.30339937804171 19.87294155708358 5.076576988671903
4997 -8.433989019189678 42.91288426861457 214.5176071285274 5.076068475854988
4998 42.26839572317157 17.277084798172794 240.55013927934837 5.0756158999980086
4999 -14.46185479793234 49.46951257310469 77.02616285667548 5.075266207323812
5000 -33.480656568946486 -13.791685462755359 109.10152856204321 5.074689506954021
5001 64.858207220811 2.681404173717027 37.41705401533244 5.0744157598283515
5002 15.138550672474771 -89.66934569816686 31.86402122695734 5.074251465294186
5003 -23.137136544754874 -1.0918618791716694 262.1957639252202 5.074050768220031
5004 13.877091847047415 16.99286698986263 163.4672938566906 5.073919158146561
5005 24.06027458762192 -23.284597425138678 109.0623895838191 5.073839158633979
5006 12.479453433813003 12.464481685862152 79.03393764534482 5.073506370373352
5007 -60.16779196173238 22.740501662151786 32.816698325694674 5.072912815424534
5008 -74.41257300490346 -28.697971208541734 83.37388047416592 5.072443616588318
5009 29.152816724494024 9.541444659227638 52.21853853331539 5.072427048941975
5010 -47.36712510881727 -13.849397914556342 105.16715006408022 5.071889347186417
5011 -40.24811323324136 31.18868191979223 62.824089681308024 5.070991388586371
5012 -30.908482457100668 38.690710341173016 18.12544464665779 5.0708348389753946
5013 8.827551782114377 -10.882310107433739 273.73563781897644 5.070470435638027
5014 -49.5215129101592 -41.65010722181729 83.72547015106242 5.070212432772143
5015 3.004703264987623 -48.648223800356384 54.1789444494828 5.069505798676733
5016 -53.98631960878414 20.921108343967965 216.89024399723237 5.069405806570748
5017 3.659686190531154 20.226927413603217 65.03284414462121 5.069346361310325
5018 -53.25259853060452 26.4467904343813 96.28870797614286 5.069191515940387
5019 17.28283545540102 12.266980289090114 110.22085269812622 5.068289240086747
5020 32.20301909265878 68.24414243216661 21.43238217944588 5.0682621153473075
5021 25.356306129280043 -49.01896305805965 59.53292151825999 5.068196543072662
5022 32.507113244462644 -3.7492504610397024 200.82390124333816 5.067469350969539
5023 -19.817987213753767 24.506343726089714 270.5001324781866 5.067274716183215
5024 -46.16030563027196 56.40010473878153 59.77718455641345 5.066746853962416
5025 19.857762024059394 -37.3295516037239 47.73985977213524 5.066649751986301
5026 -52.87387731203679 35.0688318552655 86.80906547952131 5.066459654587375
5027 -41.78039229954329 36.25412689578614 61.70380918945163 5.066393495571193
5028 47.5158349328633 17.156287683681843 138.1431891225857 5.065850534697653
5029 -44.22323321044977 -21.498468104936467 74.53143181228637 5.065548786674223
5030 66.95418118209835 29.61833526726133 49.314301802894114 5.064047960524471
5031 0.2839883426661771 -4.439443099173667 118.8235679305769 5.063753827615775
5032 45.567779814770546 -58.23993141648686 24.418174445881547 5.063409551339659
5033 25.64812078414685 56.4803738381122 51.93165564070295 5.0632714269272086
5034 -59.31412129306489 -5.422842235894089 187.7520858324055 5.061405614698279
5035 6.758626406000369 -3.6615304156823223 142.78863565735642 5.061209713213066
5036 -7.888612542520731 13.929396954093502 158.14469449512694 5.060817556235502
5037 44.895743802280975 27.353561864248782 136.73614495272204 5.05993848153976
5038 9.127814261782184 -81.91205649846074 78.25039147760886 5.059554133701775
5039 44.84965312748716 33.30030997386801 120.91776935471033 5.059483868125383
5040 -12.330134476271782 16.94712914842827 76.68686975229755 5.059459421108265
5041 54.44151804125035 -54.814570197201604 110.57883132185793 5.059420743752084
5042 14.767028716975938 -25.287999291390463 144.09015172737912 5.059198095145456
5043 -1.1024863512385514 77.57106503856497 83.9952642674362 5.059130343612484
5044 -19.461877005737094 73.02978529279795 31.32394531541732 5.059047504370861
5045 33.947620376265355 -38.59344167254014 94.61692265844322 5.055944412029316
5046 9.751162741092811 -44.90363357167371 11.248516918973058 5.055902475189616
5047 -23.98049978579038 -64.70354165286706 120.79450539851562 5.055481710082722
5048 20.257280497611397 -71.51825629047354 23.43782545133224 5.055151665028815
5049 -19.59327132663929 65.98812730211392 146.46994286412496 5.0543342393591715
5050 -22.097946054748604 -8.774076023459957 100.72691630072981 5.05419806118237
5051 -11.125242022015236 57.008709064411704 102.97266854558484 5.053892387322765
5052 -23.288286326661567 44.52625153765587 247.4760054619758 5.0536123206752
5053 12.190023399403012 -80.25859190681203 82.76881050860086 5.053585055792647
5054 -81.92687666016265 -5.022489937585618 26.27540816711034 5.053265221195028
5055 15.732138887869848 41.79309628012379 47.52588921659327 5.053161704987476
5056 -33.33540484094772 -56.761333040385466 44.496619220558465 5.053154989717211
5057 -12.85647058009804 -35.71187555977736 94.74362081517828 5.052989027739564
5058 69.97275665824833 0.6083823312275474 119.88307911887915 5.052809367195107
5059 3.9964428796025118 39.19907292448045 147.83959772680657 5.05215557878782
5060 -19.94695056653956 22.528502577288428 21.101731415953054 5.051262063578024
5061 50.320443066826876 -5.738758522824983 79.30691152446701 5.051229952484011
5062 -72.10769738060529 3.3392029597209687 103.59630838448248 5.0509313935243885
5063 -49.82212660785709 -2.9126685922794797 125.47083110265808 5.050664825570213
5064 -9.729237963886431 -8.862682244128894 158.41423834969487 5.050035709955775
5065 18.99672580192508 7.393203221532763 291.8162372903643 5.049922292273765
5066 39.434047030704264 -57.529285684809146 149.94485817534598 5.049807611933765
5067 0.23045894984122883 40.55281864847537 103.6373496375121 5.049711522124321
5068 57.39891923552324 31.26481165793792 143.97512905861615 5.04970174181172
5069 -21.30814230979302 -18.58224040301575 148.09788168711805 5.049556899742403
5070 -28.93265403056166 56.43743793524893 185.92353043726024 5.0491248366271435
5071 4.738366140749268 76.03116302213407 20.025402254152787 5.049087913691216
5072 50.91618189138322 -41.297205259816664 166.18918424909003 5.048986667079731
5073 -13.371336440873522 -51.63247992857706 46.684556605032036 5.048967596849748
5074 -11.135822009517796 -15.11824141660719 39.22246319352799 5.048499229915001
5075 -36.67478002080496 -40.92698898311548 54.3128220099495 5.048036690994984
5076 51.08428924523068 26.70058330787193 98.89801445651474 5.047848193328205
5077 -0.36663899640063313 -64.12833443518694 140.5534470846567 5.047614504381386
5078 32.19836380591205 38.04357487806675 253.29707056377453 5.047328796873678
5079 48.04078983051428 40.8991736333453 74.8185708430536 5.046139555079273
5080 -85.34892217101391 -4.04406072549887 49.006494784306135 5.0461041302838305
5081 -32.43533776077388 44.68164440955087 129.4376158163664 5.0459464972501
5082 -41.779159890840745 -37.94918565666795 183.8237533980196 5.045643088200796
5083 42.550441328086954 42.86625404647113 81.1853660339252 5.045334537306037
5084 -32.60000276626973 -56.39902750210408 60.154533372524085 5.045298687524853
5085 45.055449016755674 -0.5309414661772811 279.9137002782205 5.044502461595977
5086 45.249667307677015 -17.786049305722635 21.113581421409364 5.043997878138105
5087 32.73341082815381 -3.195667518531586 16.87007148824229 5.043993983096163
5088 12.19518481402274 -39.0727331483531 133.90388571504894 5.043943900624727
5089 -5.5556857285053365 -39.722137184274274 177.0532471416101 5.04376846133026
5090 25.983839293800116 6.605929085357023 203.67912398100236 5.04370389656613
5091 -32.287062095358465 -52.023482325130665 127.71815980153315 5.04345403322751
5092 39.713799497890456 25.900354168833218 65.20774094206051 5.043068835394362
5093 14.202721892228507 26.30069497549632 125.35537879025291 5.042771932440003
5094 -85.46560591266822 19.75076035603626 15.375800666114717 5.0425670356502375
5095 -31.709965126291234 -19.228342243874867 184.92467404211897 5.0424726268711515
5096 0.27071208366900734 -5.153758015404268 55.17621754945537 5.042393645705888
5097 30.19803705398776 29.332818022658145 122.60683664432291 5.0404098944355615
5098 -26.4196142344356 39.274072452425614 87.94985962219232 5.040363552716036
5099 54.39509261392104 -6.612635265913362 193.24521701468294 5.040010897613977
5100 -14.235999975187795 -52.19071886873852 41.5138880636119 5.040010764982923
5101 -56.57152161230405 -33.230035875967694 149.3873293076817 5.03998202944042
5102 9.877091354829808 52.859282380636586 129.95601826410083 5.039132768993548
5103 -42.95141232823512 -73.25712349052777 10.472877459883975 5.038251043004473
5104 58.61652902083243 4.60204104492968 71.5866497450676 5.038107255163512
5105 -75.60167419198417 -1.344653982866621 44.5767300329549 5.037887541625432
5106 45.70811230438875 45.76830703909126 176.50069666159226 5.037654373408315
5107 23.049826812556024 -36.75631261017569 159.2140290541954 5.037197401361313
5108 35.13069925870086 15.651553032495649 25.46340143401684 5.03710618234456
5109 51.897804046403294 -11.548405419937371 165.61280951056088 5.036854111320447
5110 8.156644579391276 -61.980983321074014 115.73678544571409 5.036742358989389
5111 -36.51503387084586 -6.561409776676042 215.99458034648768 5.036331578313508
5112 -27.62592926527949 48.84268965887626 119.64680890476646 5.036297034164003
5113 -29.31997037031531 47.97966950150767 62.95493604523075 5.035593422471763
5114 -41.68146026293712 84.14456650264853 3.6324486262109636 5.035279931706786
5115 -10.621738540128732 86.6141271842927 45.114527306883154 5.035168003417674
5116 8.745805069505504 -26.305292613769748 71.34204280066186 5.035112783793877
5117 -9.108429055411422 -30.207321470445105 182.59702634311208 5.034802777042938
5118 33.49945094842724 -8.551101440550955 41.339597082899026 5.03478527234101
5119 -21.5764431700465 -68.06960627786371 125.95752374238144 5.0346774666310115
5120 -23.462428960314703 42.57874102389072 228.04038126740517 5.034640697861548
5121 -14.412512071487294 33.048965295258576 117.8813776534941 5.033908774399082
5122 33.95338015618587 31.264285815643554 154.77363744376498 5.03319561639802
5123 72.7755727438466 23.01201779680264 112.79662936732714 5.032666110626165
5124 3.5457431578357794 -10.849778884253126 125.74940468046353 5.032192152445612
5125 38.306274420340635 63.37927335453509 33.131947320669966 5.032107666184894
5126 -8.688555184711083 -64.01669516583424 67.81167801881709 5.031738542524619
5127 -4.660864048070925 42.6287036764059 9.949736147126075 5.031603170039652
5128 5.3241235711080686 25.23797868301348 106.87324105370827 5.0314900270556775
5129 -47.624161686918264 65.55616217067411 21.567507339449797 5.030694383869747
5130 -22.460073622426506 -31.116016207779676 290.2472953895789 5.0306185793038205
5131 5.769986962384607 73.74535166815829 27.72044851820431 5.0305769354132845
5132 67.7960949977522 11.006626919911417 120.99237125969631 5.030115066633767
5133 -48.98580942358501 -6.037538152118165 40.095003395920756 5.029883242031414
5134 48.984710080493535 -12.439566618189058 74.93224642031355 5.029543569526619
5135 7.742750649453196 13.824840164623895 27.374791319750123 5.02952912485457
5136 53.4821779729961 22.205350000152 56.0083965336069 5.0283360451545995
5137 0.09267778208222666 32.4034942254835 57.434872230824254 5.027515196498381
5138 -47.774726761420894 -4.037432008405204 48.739001290496724 5.026803058450769
5139 -60.35103689631293 36.081779949324655 42.96000146452283 5.0265055533681515
5140 -18.373551057283116 -67.17215257920373 153.51736318287075 5.026273714854589
5141 -0.5452060891291808 -53.274856184667144 68.79868852458111 5.026028142548063
5142 -5.20307838306479 28.380378767231797 158.72154057708622 5.025357317935596
5143 16.040695822533223 -65.90187080899709 19.586296467225488 5.024745101514082
5144 0.7321445962895627 63.22947748429699 139.48289266184082 5.024577554384274
5145 3.5402210734042634 35.44682026489677 22.10125569380883 5.024572180351193
5146 24.30376102053092 -47.25344072725491 198.13542212301857 5.024006524170512
5147 -68.2684603561491 -61.29250627518137 7.763233304332031 5.023915063332308
5148 41.69878538976151 30.611003821192043 8.008694263849256 5.0231074662472
5149 30.739188772728276 19.922667301277407 235.795077761398 5.023077957929764
5150 50.10081451285092 -2.1059774116349814 165.5837492593489 5.022409031795245
5151 -20.103610382017024 24.842935695576664 198.27699196024736 5.022321767144971
5152 51.331902144965895 11.912873393984984 41.065086714283716 5.021831228457414
5153 44.52891683958682 43.181828540147286 45.05885335674004 5.021510678372394
5154 30.919490423173368 -16.213619238463487 33.96639911644826 5.021501612060413
5155 -0.039241451550038775 28.389988968746394 218.17209782178878 5.0213633323979545
5156 19.136522633145464 -42.80637178587803 247.21645633441983 5.020956843228718
5157 -59.06326659974855 10.616577917663925 68.25037024957345 5.020837223162626
5158 69.01019192437862 17.298943448530224 25.403744404382742 5.020623899136281
5159 -11.95099230223093 44.85337282543825 143.30092804962345 5.020403040508778
5160 -5.688823659574227 68.15957301252068 156.35693446198778 5.019918065352683
5161 -50.647240495090294 48.86061755302343 13.651827808621382 5.019671611083155
5162 59.07774744057559 -9.678553910990146 9.477670622310546 5.019598741914678
5163 27.210523137153054 -76.74765640064626 62.91072412651813 5.0195043210098
5164 51.96876549753887 -5.449500969329272 216.89190466003492 5.019405158664733
5165 -35.99499339101114 11.189475198774513 29.163143584936414 5.019353624435096
5166 -24.390835951862588 19.88047742609225 141.23600885242558 5.01930246794513
5167 52.554569121603855 -29.513867155923904 104.73970576323141 5.01924423881687
5168 36.23079402151966 19.136752144245214 259.5929937834995 5.019095659939304
5169 25.119541295704664 -72.64609162684694 45.89660365359484 5.018926954556227
5170 48.270515483479656 3.471426840837787 253.03392278027056 5.018756265671338
5171 -42.23190361421171 -23.719696027248112 22.771318049831198 5.018598562929021
5172 -5.6697367887198595 -25.605635659505808 85.64093390651465 5.018406603210616
5173 -28.528231984934816 44.55582848545461 124.43148494471501 5.018345243793623
5174 15.615437179007742 17.589315290827066 57.09945020815682 5.017851453404637
5175 38.682171214202405 -13.646137940624135 165.6779820391936 5.0177400531338066
5176 -12.273109600358922 -54.485298279910054 181.14683680823444 5.017536055083774
5177 -19.12643828590496 -64.42229399588223 158.15911093656698 5.017457658701183
5178 51.77879875835037 27.72070244466974 218.8496504868313 5.016540048692885
5179 -40.16197917080167 50.791692798226414 184.5531023420976 5.016344677902219
5180 37.02179419847436 -74.8363771526917 21.191040965393526 5.016251033797429
5181 3.464240261252268 -67.42999480822105 156.80800375781678 5.016049746981487
5182 -81.7718740297875 4.303611338921957 60.75313215634473 5.016044888381195
5183 -6.500671765614753 -50.023539000955694 269.46085826697623 5.015035413282566
5184 -16.556484942194512 12.552536817855778 143.33039484902966 5.014833632183602
5185 61.795884138118865 1.114269677554745 133.00271820946023 5.014504949615114
5186 -28.899589390078297 54.045040209321954 205.07150898242892 5.012700573739229
5187 -60.41806109288247 31.046216686924733 159.751149181019 5.0125876072761475
5188 -77.39469758521743 21.57886476937219 32.41235044379869 5.0121464632918835
5189 26.153273983945283 -13.542218882591191 284.98784518250324 5.012016071855738
5190 -1.9124411189057238 0.6912283089811375 18.455584516687626 5.012000563824253
5191 45.285551904530315 2.057152223685695 172.0771651393179 5.011159487103379
5192 -21.869865132311283 -44.837368671498425 75.88034734518277 5.010736813818607
5193 20.217719128746893 19.42168626087785 227.780076117625 5.010542020991964
5194 -34.51667482172753 -45.03830622293042 229.64949187327792 5.010530221979127
5195 68.65011162700797 -49.278312689455035 64.3825092247613 5.010426559977831
5196 73.76137668696607 26.530948364109047 97.1929117455935 5.0099964923193205
5197 20.730918127682003 -54.441814755610814 129.50332802758527 5.009995312058161
5198 36.721745560713465 15.206216843652209 241.17316781734036 5.009151658617662
5199 80.67874264202409 -31.099601209013958 11.123807188895464 5.008967692481087
5200 -35.52714640763187 34.370066639617825 88.67405304380354 5.008596994196485
5201 1.5569241956024906 29.556482103098865 53.34146309032915 5.008422817721396
5202 54.685773674805986 -10.480559407446783 223.23683842688948 5.008101351792419
5203 -20.800098250997934 22.071277279543487 264.0899467668793 5.008083991642924
5204 79.93856959662895 -6.639003991614542 89.84840197845996 5.007941557804517
5205 -7.722761656297209 -52.208614071519804 202.41469127469028 5.007897796736488
5206 51.75225729551944 -30.856373845857135 179.39643133528253 5.007895360372658
5207 -65.98867913502447 -29.25404092170701 126.34724044305541 5.007856224657267
5208 9.378976810356493 25.731351416749675 103.94736200902997 5.007737807316184
5209 12.725150401050637 44.25078729835516 132.02076729764607 5.007636435399396
5210 9.690586049822056 8.513161060633422 108.2645729562783 5.00716486127117
5211 -61.11717760990997 -38.73987249113478 9.781507601213885 5.006915949132389
5212 -19.034076203733772 -34.326492113777284 17.310903377435167 5.005807702593232
5213 -12.360718440889375 14.465213975669515 4.559801810752585 5.005499321972238
5214 -71.86264461527344 43.273898942082134 51.12627445871605 5.0052354005392825
5215 6.431755307780088 -18.17855155348064 6.475758803143272 5.005065239466909
5216 -69.05530897336446 -32.15776903281169 88.09127589781413 5.004857710166987
5217 -18.055132233799927 -5.052476271445262 217.73053384126746 5.003431622808405
5218 -23.979333279470644 23.438565692445753 100.91158651156731 5.003366500821745
5219 32.74823250385572 -34.62966350381505 101.29679636790095 5.002667516916671
5220 23.95913360897909 -59.30198783746904 112.02330847886005 5.0023380384390865
5221 -12.241738594607448 67.00557997272455 87.36131313174356 5.0020571746007105
5222 -24.38354544461504 26.184521289929386 176.22668238623567 5.0014810463006585
5223 34.813499696168044 43.122091440774824 58.49357751277921 5.001393670590493
5224 -9.202577783105395 -42.03326362121959 50.05760584442001 5.001361602475591
5225 82.44669330835563 11.252823035380311 73.6285464065213 5.001100502615403
5226 -40.08900447528811 31.56682626406964 248.4720966398936 5.000959030221951
5227 28.649469316801245 50.69310582323143 37.961298620456034 5.000532101166112
5228 13.661395346911991 -36.059673630677636 97.45609699484764 5.0000086200528004

